CST 2026-07-17 19:56:03.053     0     0 I I00000/HiLog: ========Zeroth log of type: init
CST 2026-07-17 19:56:06.124   411   411 I I02c01/CustCarrierMount: UpdateCotaOpkeyLink start
CST 2026-07-17 19:56:06.124   411   411 W I02c01/CustCarrierMount: not exsit CUST_GLOBAL_CARRIER_DIR or COTA_PARAM_CARRIER_DIR
CST 2026-07-17 19:56:07.356   411   411 I I02c01/CustCarrierMount: success to update cota carrier
CST 2026-07-17 19:58:17.956  2500  3014 E C02e00/UPDATE_SA: [hap_connection.cpp(50)]GetHapRemoteObject, remoteObj is nullptr, bundle com.huawei.hmos.ouc
CST 2026-07-17 19:58:17.956  2500  3014 I C01352/ExtMgr: [extension_manager_client.cpp134]name:com.huawei.hmos.ouc ServiceExtAbility, userId:-1.
CST 2026-07-17 19:58:17.956   770   800 I C01342/ServiceExt: [ABMS5529]element: com.huawei.hmos.ouc/ServiceExtAbility
CST 2026-07-17 19:58:17.957   770   800 W C01123/BMSCommon: bundle not exist -n com.huawei.hmos.ouc -u 100 -i 0 -f 0
CST 2026-07-17 19:58:17.957   770   800 W C01336/AMS: [start_ability_utils.cpp76]failed: com.huawei.hmos.ouc
CST 2026-07-17 19:58:17.957   770   800 W C01336/AMS: [crowd_test_interceptor.cpp54]GetAppInfo failed
CST 2026-07-17 19:58:17.957   770   800 W C01120/BMS: app_control_manager.cpp:GetAppRunningControlRule:397 getAppId failed,-n:com.huawei.hmos.ouc
CST 2026-07-17 19:58:17.957   770   800 W C01123/BMSCommon: uid(6666) invalid
CST 2026-07-17 19:58:17.957   770   800 I C01336/AMS: [start_ability_utils.cpp54]appIndex:-1
CST 2026-07-17 19:58:17.958   770   800 W C01123/BMSCommon: bundle not exist -n com.huawei.hmos.ouc -u 100 -i 0 -f 1062
CST 2026-07-17 19:58:17.958   770   800 I C01121/BMSQuery: ExplicitQueryAbility no match -n com.huawei.hmos.ouc -a ServiceExtAbility -u 100 -i 0
CST 2026-07-17 19:58:17.958   770   800 W C01120/BMS: query abilitys_ext code 8521480
CST 2026-07-17 19:58:17.958   770   800 W C01123/BMSCommon: bundle not exist -n com.huawei.hmos.ouc -u 100 -i 0 -f 1062
CST 2026-07-17 19:58:17.958   770   800 W C01121/BMSQuery: bundle_data_mgr.cpp:ExplicitQueryExtensionInfo:7239 ExplicitQueryExtensionInfo failed
CST 2026-07-17 19:58:17.958   770   800 I C01121/BMSQuery: ExplicitQueryExtension size:0 -n com.huawei.hmos.ouc -e ServiceExtAbility -u 100 -i 0
CST 2026-07-17 19:58:17.958   770   800 W C01121/BMSQuery: bundle_data_mgr.cpp:GetCloneAppIndexes:2463 no bundleName com.huawei.hmos.ouc found
CST 2026-07-17 19:58:17.958   770   800 W C01121/BMSQuery: bundle_mgr_host_impl.cpp:QueryExtensionAbilityInfos:3425 no valid extension info can be inquired
CST 2026-07-17 19:58:17.958   770   800 E C01336/AMS: [start_ability_utils.cpp290]extensionInfo empty
CST 2026-07-17 19:58:17.958   770   800 E C01342/ServiceExt: [ABMS5868]generate request error
CST 2026-07-17 19:58:17.958  2500  3014 E C02e00/UPDATE_SA: [hap_connection.cpp(82)]HapConnection call interface failed, ret 2097152
CST 2026-07-17 19:58:17.958  2500  3014 E C02e00/UPDATE_SA: [ouc_hap_connection.cpp(72)]SendRemoteRequest, can not connect to ouc
CST 2026-07-17 19:58:17.958  2500  3014 E C02e00/UPDATE_SA: [ouc_hap_connection.cpp(279)]SendMessage request failed, code: 5
CST 2026-07-17 19:58:17.964  1522  1522 I C02d66/Hiview-PerfMonitor: ProcessJank: JankFrameMonitor::ProcessJank jank >= threshold
CST 2026-07-17 19:58:17.988   464   521 I C02300/FenceExtension: start connectAbility,userId:-1
CST 2026-07-17 19:58:17.989   464   521 I C02300/FenceExtension: ConnectAbility
CST 2026-07-17 19:58:17.989   464   521 I C01342/ServiceExt: [AMC599]name:com.huawei.hmos.location SAFeatureServiceExtensionAbility, userId:-1
CST 2026-07-17 19:58:17.989   770   800 I C01342/ServiceExt: [a92ab918d9f17a7, 15656c7, 0] [ABMS5529]element: com.huawei.hmos.location/SAFeatureServiceExtensionAbility
CST 2026-07-17 19:58:17.989   770   800 W C01123/BMSCommon: [a92ab918d9f17a7, 15656c7, 0] uid(1021) invalid
CST 2026-07-17 19:58:17.990   770   800 I C01336/AMS: [a92ab918d9f17a7, 15656c7, 0] [start_ability_utils.cpp54]appIndex:-1
CST 2026-07-17 19:58:17.990   770   800 I C01121/BMSQuery: [a92ab918d9f17a7, 15656c7, 0] ExplicitQueryAbility no match -n com.huawei.hmos.location -a SAFeatureServiceExtensionAbility -u 100 -i 0
CST 2026-07-17 19:58:17.990   770   800 W C01121/BMSQuery: [a92ab918d9f17a7, 15656c7, 0] bundle_data_mgr.cpp:ExplicitQueryExtensionInfo:7268 extensionAbility not found or disabled
CST 2026-07-17 19:58:17.990   770   800 I C01121/BMSQuery: [a92ab918d9f17a7, 15656c7, 0] ExplicitQueryExtension size:0 -n com.huawei.hmos.location -e SAFeatureServiceExtensionAbility -u 100 -i 0
CST 2026-07-17 19:58:17.990   770   800 W C01121/BMSQuery: [a92ab918d9f17a7, 15656c7, 0] bundle_mgr_host_impl.cpp:QueryExtensionAbilityInfos:3425 no valid extension info can be inquired
CST 2026-07-17 19:58:17.990   770   800 E C01336/AMS: [a92ab918d9f17a7, 15656c7, 0] [start_ability_utils.cpp290]extensionInfo empty
CST 2026-07-17 19:58:17.990   770   800 E C01342/ServiceExt: [a92ab918d9f17a7, 15656c7, 0] [ABMS5868]generate request error
CST 2026-07-17 19:58:17.990   464   521 E C02300/FenceExtension: [(DoConnect:153)]CONNECT_ABILITY_FAILED,ret:2097152
CST 2026-07-17 19:58:17.990   464   521 I C02300/FenceExtension: start connectAbility,userId:-1
CST 2026-07-17 19:58:17.990   464   521 I C02300/FenceExtension: ConnectAbility
CST 2026-07-17 19:58:17.990   464   521 I C01342/ServiceExt: [AMC599]name:com.huawei.hmos.location SAFeatureServiceExtensionAbility, userId:-1
CST 2026-07-17 19:58:17.991   770   800 I C01342/ServiceExt: [a92aba18d9f1eb9, 680cc9, 0] [ABMS5529]element: com.huawei.hmos.location/SAFeatureServiceExtensionAbility
CST 2026-07-17 19:58:17.991   770   800 W C01123/BMSCommon: [a92aba18d9f1eb9, 680cc9, 0] uid(1021) invalid
CST 2026-07-17 19:58:17.991   770   800 I C01336/AMS: [a92aba18d9f1eb9, 680cc9, 0] [start_ability_utils.cpp54]appIndex:-1
CST 2026-07-17 19:58:17.991   770   800 I C01121/BMSQuery: [a92aba18d9f1eb9, 680cc9, 0] ExplicitQueryAbility no match -n com.huawei.hmos.location -a SAFeatureServiceExtensionAbility -u 100 -i 0
CST 2026-07-17 19:58:17.992   770   800 W C01121/BMSQuery: [a92aba18d9f1eb9, 680cc9, 0] bundle_data_mgr.cpp:ExplicitQueryExtensionInfo:7268 extensionAbility not found or disabled
CST 2026-07-17 19:58:17.992   770   800 I C01121/BMSQuery: [a92aba18d9f1eb9, 680cc9, 0] ExplicitQueryExtension size:0 -n com.huawei.hmos.location -e SAFeatureServiceExtensionAbility -u 100 -i 0
CST 2026-07-17 19:58:17.992   770   800 W C01121/BMSQuery: [a92aba18d9f1eb9, 680cc9, 0] bundle_mgr_host_impl.cpp:QueryExtensionAbilityInfos:3425 no valid extension info can be inquired
CST 2026-07-17 19:58:17.992   770   800 E C01336/AMS: [a92aba18d9f1eb9, 680cc9, 0] [start_ability_utils.cpp290]extensionInfo empty
CST 2026-07-17 19:58:17.992   770   800 E C01342/ServiceExt: [a92aba18d9f1eb9, 680cc9, 0] [ABMS5868]generate request error
CST 2026-07-17 19:58:17.992   464   521 E C02300/FenceExtension: [(DoConnect:153)]CONNECT_ABILITY_FAILED,ret:2097152
CST 2026-07-17 19:58:17.992   464   521 W C02300/FenceExtension: connect failed,retry again
CST 2026-07-17 19:58:18.044  4636  4636 W C02c02/PARAM: Selinux check name persist.init.debug.loglevel in u:object_r:startup_init_param:s0 [4636 2000 2000] failed
CST 2026-07-17 19:58:18.044  4636  4636 W C02c02/PARAM: Selinux check name persist.init.debug.loglevel in u:object_r:startup_init_param:s0 [4636 2000 2000] failed
CST 2026-07-17 19:58:18.044  4636  4636 W C02c02/PARAM: SystemReadParam failed!name is:persist.init.debug.loglevel,err:1002
CST 2026-07-17 19:58:18.095  4639  4639 W C02c02/PARAM: Selinux check name persist.init.debug.loglevel in u:object_r:startup_init_param:s0 [4639 2000 2000] failed
CST 2026-07-17 19:58:18.095  4639  4639 W C02c02/PARAM: Selinux check name persist.init.debug.loglevel in u:object_r:startup_init_param:s0 [4639 2000 2000] failed
CST 2026-07-17 19:58:18.095  4639  4639 W C02c02/PARAM: SystemReadParam failed!name is:persist.init.debug.loglevel,err:1002
CST 2026-07-17 19:58:18.101  4639  4639 W C02c02/PARAM: Selinux check name persist.init.debug.loglevel in u:object_r:startup_init_param:s0 [4639 2000 2000] failed
CST 2026-07-17 19:58:18.101  4639  4639 W C02c02/PARAM: Selinux check name persist.init.debug.loglevel in u:object_r:startup_init_param:s0 [4639 2000 2000] failed
CST 2026-07-17 19:58:18.101  4639  4639 W C02c02/PARAM: SystemReadParam failed!name is:persist.init.debug.loglevel,err:1002
CST 2026-07-17 19:58:18.122  1522  1522 W A01c06/ICON: AppIconWeatherModel --> initWeatherListener, retryTimes: 4
CST 2026-07-17 19:58:18.131   468  1337 E C01707/CONCUR: [Interface] task 1337 apply qos failed, errno = 4
CST 2026-07-17 19:58:18.131   468  1337 E C01611/QosManager: QosManager: Failed to set thread QoS to QOS_USER_INTERACTIVE, ret: -1
CST 2026-07-17 19:58:18.132   770   800 W C01123/BMSCommon: bundle not exist -n com.huawei.hmsapp.totemweather -u 100 -i 0 -f 32
CST 2026-07-17 19:58:18.132   770   800 W C01121/BMSQuery: GetBundleInfo failed -n com.huawei.hmsapp.totemweather -u 100
CST 2026-07-17 19:58:18.132   468  1337 E C01651/BundleMgrProxy: GetBundleInfoFromBMS: GetBundleInfo failed!bundleName is com.huawei.hmsapp.totemweather, userId is 100
CST 2026-07-17 19:58:18.132   468  1337 E C01651/DataProviderConfig: GetFromProxyData: Get bundleInfo failed! bundleName:com.huawei.hmsapp.totemweather, userId:100, visitedId:100, uri:******icIconInfo
CST 2026-07-17 19:58:18.132   468  1337 E C01651/DataShareServiceImpl: GetBMSAndMetaDataStatus: CalledInfo failed! token:0x20087fab,ret:1001,uri:******icIconInfo
CST 2026-07-17 19:58:18.132   468  1337 E C01651/DataShareServiceImpl: GetSilentProxyStatus: BMS or metaData not ready to complete, token:0x20087fab, uri:******icIconInfo
CST 2026-07-17 19:58:18.132  1522  1522 E A01c06/ICON: AppIconWeatherModel --> get weather info failed, code: 15700010, message: The DataShareHelper is not initialized successfully.
CST 2026-07-17 19:58:18.144   769   902 W C01406/OHOS::RS: RSJankStats::SetJankStats jank frames 14
CST 2026-07-17 19:58:18.144   605  1000 W C02515/DISP: [SetLayerMaskInfo:495] <private> is not supported
CST 2026-07-17 19:58:18.145   769   769 E C01406/RSScreenManager: IsAllScreensPowerOff: screenPowerStatus_ is empty.
CST 2026-07-17 19:58:18.147  4636  4641 W C057c1/IPCWorkThread: ThreadHandler: proto:0 policy:1 name:OS_IPC_0_4641 invoker:8778912
CST 2026-07-17 19:58:18.147  4636  4636 I C01303/AATool: [ability_command.cpp249]argv_[0]: aa
CST 2026-07-17 19:58:18.147  4636  4636 I C01303/AATool: [ability_command.cpp249]argv_[1]: start
CST 2026-07-17 19:58:18.147  4636  4636 I C01303/AATool: [ability_command.cpp246]argc greater than 2, ignoring the rest
CST 2026-07-17 19:58:18.147  4636  4643 W C057c1/IPCWorkThread: ThreadHandler: proto:0 policy:0 name:OS_IPC_1_4643 invoker:8779488
CST 2026-07-17 19:58:18.147  4636  4642 I C02d06/XCollie: init default task finished.
CST 2026-07-17 19:58:18.147   605   611 I C02515/DISP: [CommitComposeLayer:67] CommitComposeLayer! 10
CST 2026-07-17 19:58:18.148  4636  4636 I C01303/AATool: [ability_command.cpp1657]option: 97, optopt: 0, optind: 3
CST 2026-07-17 19:58:18.148  4636  4636 I C01303/AATool: [ability_command.cpp1657]option: 98, optopt: 0, optind: 5
CST 2026-07-17 19:58:18.148  4636  4636 I C01303/AATool: [ability_command.cpp1657]option: 109, optopt: 0, optind: 7
CST 2026-07-17 19:58:18.148  4636  4636 I C01303/AATool: [ability_command.cpp1657]option: -1, optopt: 0, optind: 7
CST 2026-07-17 19:58:18.148  4636  4636 I C01336/AMS: [AMC153]StartAbility cn.alfadb.netbird.e3vpna/EntryAbility, userId:-1, appCloneIndex:-1, requestCode:-1, specifiedFullTokenId:0
CST 2026-07-17 19:58:18.148   770   800 I C01c30/SclockKit: [a92ab118da242f2, 2f69fbb, 0] [screenlock_system_ability.cpp(GetSecure:695)]ScreenLockSystemAbility GetSecure started.
CST 2026-07-17 19:58:18.148   770   800 I C02401/USER_IDM_SDK: [a92ab118da242f2, 2f69fbb, 0] [GetCredentialInfoSync@user_idm_client_impl.cpp:392] start, userId:100 authType:1
CST 2026-07-17 19:58:18.150   618   621 I C02401/USER_AUTH_SA: [a92ab118da242f2, 323e3f, 2f69fbb] [CallbackEnter@user_idm_service.cpp:924] start, code:14
CST 2026-07-17 19:58:18.150   618   621 I C02401/USER_AUTH_SA: [a92ab118da242f2, 323e3f, 2f69fbb] [GetCredentialInfoSync@user_idm_service.cpp:826] start
CST 2026-07-17 19:58:18.150   472   479 I C02411/USER_AUTH_HDI: [a92ab118da242f2, 13da90c, 323e3f] [GetCredential@user_auth_interface_service.cpp:1287] start
CST 2026-07-17 19:58:18.150   472   479 I C02411/USER_AUTH_HDI: [a92ab118da242f2, 13da90c, 323e3f] QueryCredentialFunc() query credential success
CST 2026-07-17 19:58:18.150   618   621 I C02401/USER_AUTH_SA: [a92ab118da242f2, 323e3f, 2f69fbb] [GetCredentialInfoInner@user_idm_service.cpp:157] no cred enrolled
CST 2026-07-17 19:58:18.150   618   621 I C02401/USER_AUTH_SA: [a92ab118da242f2, 323e3f, 2f69fbb] [GetCredentialInfoSync@user_idm_service.cpp:854] GetCredentialInfoSync success, credential num:0
CST 2026-07-17 19:58:18.150   618   621 I C02401/USER_AUTH_SA: [a92ab118da242f2, 323e3f, 2f69fbb] [CallbackExit@user_idm_service.cpp:930] leave, code:14, result:0
CST 2026-07-17 19:58:18.150   770   800 I C02401/USER_IDM_SDK: [a92ab118da242f2, 2f69fbb, 0] [GetCredentialInfoSync@user_idm_client_impl.cpp:417] GetCredentialInfoSync success, credential num:0
CST 2026-07-17 19:58:18.151   770   800 I C01c30/SclockKit: [a92ab118da242f2, 2f69fbb, 0] [screenlock_system_ability.cpp(GetSecure:711)]GetCredentialInfo AuthType::PIN result = 0
CST 2026-07-17 19:58:18.151   770   800 I C01336/AMS: [a92ab118da242f2, 2f69fbb, 0] [unlock_screen_manager.cpp74]UnlockScreen begin
CST 2026-07-17 19:58:18.151   770   800 I C02901/PowerFwk: [a92ab118da242f2, 2f69fbb, 0] IsScreenOn=1, caller pid=770
CST 2026-07-17 19:58:18.151   770   800 I C01336/AMS: [a92ab118da242f2, 2f69fbb, 0] [unlock_screen_manager.cpp101]UnlockScreen end
CST 2026-07-17 19:58:18.151   770   800 I C01313/Dialog: [a92ab118da242f2, 2f69fbb, 0] [dialog_session_manager.cpp139]not find
CST 2026-07-17 19:58:18.151   770   800 E C01336/AMS: [a92ab118da242f2, 2f69fbb, 0] [start_ability_utils.cpp419]nullptr
CST 2026-07-17 19:58:18.151   770   800 I C01336/AMS: [a92ab118da242f2, 2f69fbb, 0] [start_ability_utils.cpp54]appIndex:-1
CST 2026-07-17 19:58:18.151   770   800 I C01336/AMS: [a92ab118da242f2, 2f69fbb, 0] [collaborator_util.h70]collaborator is nullptr
CST 2026-07-17 19:58:18.152   770   800 W C01123/BMSCommon: [a92ab118da242f2, 2f69fbb, 0] uid(2000) invalid
CST 2026-07-17 19:58:18.152   770   800 W C01123/BMSCommon: [a92ab118da242f2, 2f69fbb, 0] uid(2000) invalid
CST 2026-07-17 19:58:18.152   770   800 W C01337/EcologicalRule: [a92ab118da242f2, 2f69fbb, 0] [ERI235]failed,uid: 2000
CST 2026-07-17 19:58:18.152   770   800 I C01337/EcologicalRule: [a92ab118da242f2, 2f69fbb, 0] [ERI286]ERMS's caller{_2000_4636}
CST 2026-07-17 19:58:18.152   770   800 I C01336/AMS: [a92ab118da242f2, 2f69fbb, 0] [dialog_session_manager.cpp565]not create clone index
CST 2026-07-17 19:58:18.153   770   800 W C01336/AMS: [a92ab118da242f2, 2f69fbb, 0] [ABMS9465]not allow, remove
CST 2026-07-17 19:58:18.153   770   800 E C01300/AAFwk: [a92ab118da242f2, 2f69fbb, 0] [permission_verification.cpp120]verify fail
CST 2026-07-17 19:58:18.153   770   800 W C01336/AMS: [a92ab118da242f2, 2f69fbb, 0] [ABMS1733]startAbilityInner, remove continueSessionId and persistentId
CST 2026-07-17 19:58:18.153   770   800 I C01336/AMS: [a92ab118da242f2, 2f69fbb, 0] [collaborator_util.h44]collaborator is nullptr
CST 2026-07-17 19:58:18.153   770   800 I C01336/AMS: [a92ab118da242f2, 2f69fbb, 0] [UALM733]Reused sessionId: 0, userId: 100, requestId: 5
CST 2026-07-17 19:58:18.153   770   800 I C01336/AMS: [a92ab118da242f2, 2f69fbb, 0] [UALM1736]appCloneIndex:0, instanceKey:, hasStartWindow:0, backgroundColor:, hideStartWindow: 0
CST 2026-07-17 19:58:18.153   770   800 E C01336/AMS: [a92ab118da242f2, 2f69fbb, 0] [UALM1141]null
CST 2026-07-17 19:58:18.153   770   800 I C01336/AMS: [a92ab118da242f2, 2f69fbb, 0] [UALM1783]scb call, NotifySCBPendingActivation for rootSceneSession, target: EntryAbility
CST 2026-07-17 19:58:18.153   770  1537 W C01123/BMSCommon: [a92ab118da242f2, bad01a, 2f69fbb] uid(5523) invalid
CST 2026-07-17 19:58:18.153  4636  4636 I C01303/AATool: [ability_command.cpp465]start ability successfully.
CST 2026-07-17 19:58:18.153  1522  2129 I C0420a/WMSLife: [a92ab118da242f2, 293164b, 2125e3a] DisallowActivationFromPendingBackground: session state:0, isFoundationCall:1, canStartAbilityFromBackground:1, foregroundInteractiveStatus:1, isPendingToBackgroundState:0, isFromAncoAndToAnco:0
CST 2026-07-17 19:58:18.153  1522  2129 I C0420a/WMSLife: [a92ab118da242f2, 293164b, 2125e3a] PendingSessionActivation set reuseDelegatorWindow 0
CST 2026-07-17 19:58:18.154  1522  2129 I C0420a/WMSLife: [a92ab118da242f2, 293164b, 2125e3a] MakeSessionInfoDuringPendingActivation: want: screenId 18446744073709551615
CST 2026-07-17 19:58:18.154  1522  2129 I C0420a/WMSLife: [a92ab118da242f2, 293164b, 2125e3a] CalculateStartWindowType: only same app in pc or pcMode.
CST 2026-07-17 19:58:18.154  1522  2129 I C0420a/WMSLife: [a92ab118da242f2, 293164b, 2125e3a] MakeSessionInfoDuringPendingActivation: bundleName:cn.alfadb.netbird.e3vpna, moduleName:entry, abilityName:EntryAbility,appIndex:0, affinity:. callState:0, want persistentId:0,uiAbilityId:0, windowMode:0, callerId:2,needClearInNotShowRecent:0, appInstanceKey: ,supportedWindowModes.size:0, requestId:5,maxWindowWidth:0, minWindowWidth:0, maxWindowHeight:0, minWindowHeight:0, startWindowType:0, isPrelaunch:0, frameNum:0,isTargetPlugin:0, hostBundleName:
CST 2026-07-17 19:58:18.154  1522  2129 E C04201/DMS: [a92ab118da242f2, 293164b, 2125e3a] GetVirtualScreenFlag: screenId invalid
CST 2026-07-17 19:58:18.154  1522  2129 I C0420a/WMSLife: [a92ab118da242f2, 293164b, 2125e3a] PendingSessionActivation: id:0,bundleName:cn.alfadb.netbird.e3vpna,moduleName:entry,abilityName:EntryAbility,appIndex:0,reuse:1,requestId:5,specifiedFlag:,prelaunch:0,frameNum:0
CST 2026-07-17 19:58:18.154  1522  2129 W C04200/WMS: [a92ab118da242f2, 293164b, 2125e3a] CheckIfReuseSession: checked not collaborator!
CST 2026-07-17 19:58:18.154  1522  2129 I C0420a/WMSLife: [a92ab118da242f2, 293164b, 2125e3a] PendingSessionActivation: session: 30 isNeedBackToOther: 0
CST 2026-07-17 19:58:18.154  1522  2129 I C0420a/WMSLife: [a92ab118da242f2, 293164b, 2125e3a] AddRequestTaskInfo: persistentId:30, requestId:5, infoMap size:1, wantMap size:1
CST 2026-07-17 19:58:18.154  1522  2129 I C0420a/WMSLife: [a92ab118da242f2, 293164b, 2125e3a] PostLifeCycleTask: Add task PendingSessionActivation to life cycle queue, PersistentId=30
CST 2026-07-17 19:58:18.154  1522  2129 I C0420a/WMSLife: [a92ab118da242f2, 293164b, 2125e3a] SetLifeCycleTaskRunning: Execute LifeCycleTask PendingSessionActivation. PersistentId: 30
CST 2026-07-17 19:58:18.155  1522  1522 I C0420a/WMSLife: [a92ab118da242f2, 16afbfb, 293164b] operator(): pend active success, id:30
CST 2026-07-17 19:58:18.155  1522  1522 I A04200/WINDOW: [a92ab118da242f2, 16afbfb, 293164b] SCBRootSceneSession: SCBRootSceneSession pendingSceneSessionActivation begin
CST 2026-07-17 19:58:18.155  1522  1522 I A04200/WINDOW: [a92ab118da242f2, 16afbfb, 293164b] SCBRootSceneSession: onPendingSceneSessionActivation sceneInfo.persistentId:30 callState: 0 callerPersistentId: 0 windowMode: 0 appIndex: 0 needClearInNotShowRecent: falsedeviceTypes:  resizable: 0 supportWindowMode:  isPreloadStart: undefined
CST 2026-07-17 19:58:18.155  1522  1522 I A04200/WINDOW: [a92ab118da242f2, 16afbfb, 293164b] SCBRootSceneSession: onPendingSceneSessionActivation sceneInfo.screenName:UNKNOWN
CST 2026-07-17 19:58:18.156  1522  1522 I A04200/WINDOW: [a92ab118da242f2, 16afbfb, 293164b] SCBRootSceneSession: fileManagerMode: , extraFormIdentity: 
CST 2026-07-17 19:58:18.156  1522  1522 W A04223/SCBMain: [a92ab118da242f2, 16afbfb, 293164b] startSceneFromOther:{persistentId:30, screenId: 0, bundleInfo:EntryAbility/cn.alfadb.netbird.e3vpna/entry/0, unclearableSession:undefined, callerPersistentId:0, callerAbilityName: , toPersistentId:0, launchType:0, isNewInstance:false, fullScreenStart:false, _windowMode:1, isAppUseControl:undefined, isUnclearableInRecent:undefined, focusedOnShow:true, isAtomicService:falseisStartupInstallFree:false, isNewAppInstance:false, appInstanceKey:}, startMode:1, forceStart:null, forceNewWant:null
CST 2026-07-17 19:58:18.156  1522  1522 W A04200/WINDOW: [a92ab118da242f2, 16afbfb, 293164b] SCBSSM: isExclusion, app startup detect
CST 2026-07-17 19:58:18.156  1522  1522 I A01b01/HOME: [a92ab118da242f2, 16afbfb, 293164b] SampleManager: isSampleMg: false
CST 2026-07-17 19:58:18.156  1522  1522 I A04200/WINDOW: [a92ab118da242f2, 16afbfb, 293164b] SCBSSM: SCBSSM
CST 2026-07-17 19:58:18.156  1522  1522 I A04200/WINDOW: [a92ab118da242f2, 16afbfb, 293164b] SCBSSM: SCBSSM
CST 2026-07-17 19:58:18.156  1522  1522 I A04200/WINDOW: [a92ab118da242f2, 16afbfb, 293164b] SCBSSM: Start scene on screen with screenId: 0!
CST 2026-07-17 19:58:18.156  1522  1522 W A01b01/HOME: [a92ab118da242f2, 16afbfb, 293164b] SCBSPVM: [SCBMain][id:30][sceneInfo:cn.alfadb.netbird.e3vpna/entry/EntryAbility/0][screenId:0]onStartSceneFromOther.
CST 2026-07-17 19:58:18.156  1522  1522 I A04200/WINDOW: [a92ab118da242f2, 16afbfb, 293164b] SCBMultiWindowUtils: interceptStartSceneFromDockForCompatibleMultiWindow skip, not start from dock to float
CST 2026-07-17 19:58:18.157  1522  1522 I A04222/WMSMission: [a92ab118da242f2, 16afbfb, 293164b] [Screen:0][Panel:1] get existing session from usage-total list.
CST 2026-07-17 19:58:18.157  1522  1522 E A04222/WMSMission: [a92ab118da242f2, 16afbfb, 293164b] [Screen:0][Panel:1] invalid persistentId
CST 2026-07-17 19:58:18.157  1522  1522 E A0420a/WMSLife: [a92ab118da242f2, 16afbfb, 293164b] error items in container session.
CST 2026-07-17 19:58:18.157  1522  1522 E A0420a/WMSLife: [a92ab118da242f2, 16afbfb, 293164b] error items in container session.
CST 2026-07-17 19:58:18.157  1522  1522 E A0420a/WMSLife: [a92ab118da242f2, 16afbfb, 293164b] error items in container session.
CST 2026-07-17 19:58:18.157  1522  1522 I A04222/WMSMission: [a92ab118da242f2, 16afbfb, 293164b] [Screen:0][Panel:1] get none existing session.
CST 2026-07-17 19:58:18.157  1522  1522 E A04222/WMSMission: [a92ab118da242f2, 16afbfb, 293164b] [Screen:0][Panel:2] invalid persistentId
CST 2026-07-17 19:58:18.157  1522  1522 I A04222/WMSMission: [a92ab118da242f2, 16afbfb, 293164b] [Screen:0][Panel:2] get none existing session.
CST 2026-07-17 19:58:18.157  1522  1522 I A04223/SCBMain: [a92ab118da242f2, 16afbfb, 293164b] no exist container session match the info to be found.
CST 2026-07-17 19:58:18.157  1522  1522 W A01b01/HOME: [a92ab118da242f2, 16afbfb, 293164b] SCBSPVM: onStartSceneFromOther cardId empty isStartCard=false
CST 2026-07-17 19:58:18.157  1522  1522 I A04223/SCBMain: [a92ab118da242f2, 16afbfb, 293164b] [id:30][screenId:0]requestSceneSession, callerPersistentId:0, needLinkCaller:true
CST 2026-07-17 19:58:18.157  1522  1522 I A04223/SCBMain: [a92ab118da242f2, 16afbfb, 293164b] find sceneSession from other screen
CST 2026-07-17 19:58:18.158  1522  1522 I A04222/WMSMission: [a92ab118da242f2, 16afbfb, 293164b] [Screen:0][Panel:1] get existing session from usage-total list.
CST 2026-07-17 19:58:18.158  1522  1522 I A04200/WINDOW: [a92ab118da242f2, 16afbfb, 293164b] SCBSSM: popSceneFromOtherScreen toScreen: 0, needBackground: trueneedRefreshFocus: true, needUpdateScreenId: true,persistentId:30
CST 2026-07-17 19:58:18.158  1522  1522 I A04200/WINDOW: [a92ab118da242f2, 16afbfb, 293164b] [SCBMission]SCBSceneMissionManager: popSceneFromOtherScreenByPersistentId sceneSession on targetScreen, ignored
CST 2026-07-17 19:58:18.158  1522  1522 I A04200/WINDOW: [a92ab118da242f2, 16afbfb, 293164b] SCBSSM: isProjectionBundleName bundleName = cn.alfadb.netbird.e3vpna, screenId = 0
CST 2026-07-17 19:58:18.158  1522  1522 I A04223/SCBMain: [a92ab118da242f2, 16afbfb, 293164b] requestSceneSession using exist persistentId: 30
CST 2026-07-17 19:58:18.158  1522  1522 I A04223/SCBMain: [a92ab118da242f2, 16afbfb, 293164b] getSceneSessionByPersistentId from containerSessionList id: 30
CST 2026-07-17 19:58:18.158  1522  4619 I C04216/WMSPattern: [a92ab118da242f2, 17ef397, 16afbfb] GetCallerSessionColorMode: bundle cn.alfadb.netbird.e3vpna, caller 
CST 2026-07-17 19:58:18.158  1522  4619 I C04216/WMSPattern: [a92ab118da242f2, 17ef397, 16afbfb] GetIsDarkFromConfiguration: colorMode: light
CST 2026-07-17 19:58:18.158  1522  4619 I C04216/WMSPattern: [a92ab118da242f2, 17ef397, 16afbfb] GetIsDarkFromConfiguration: colorMode: light
CST 2026-07-17 19:58:18.158  1522  4619 I C04216/WMSPattern: [a92ab118da242f2, 17ef397, 16afbfb] GetStartWindowColorFollowApp: follow sys: cn.alfadb.netbird.e3vpna
CST 2026-07-17 19:58:18.158  1522  4619 W C04216/WMSPattern: [a92ab118da242f2, 17ef397, 16afbfb] GetStartingWindowInfoFromCache: fff2f6f8, resource:///16777217.svg, 0, , 0
CST 2026-07-17 19:58:18.159  1522  4619 I C04216/WMSPattern: [a92ab118da242f2, 17ef397, 16afbfb] SetPreloadStartingWindow: svgBufferInfo 30
CST 2026-07-17 19:58:18.159  1522  4619 I C04216/WMSPattern: [a92ab118da242f2, 17ef397, 16afbfb] PreLoadStartingWindow session 30, isSvg 1
CST 2026-07-17 19:58:18.159  1522  1522 I A04200/WINDOW: [a92ab118da242f2, 16afbfb, 293164b] SCBSPVM: getSceneContainerSessionWithPersistentId from containerSessionList id: 30
CST 2026-07-17 19:58:18.159  1522  1522 I A04200/WINDOW: [a92ab118da242f2, 16afbfb, 293164b] SCBPiPManager: resetContainerWithStartSceneIfNeed containerId: 2oneShotContainerId: -1 startingContainerId: 2
CST 2026-07-17 19:58:18.159  1522  1522 I A01b01/HOME: [a92ab118da242f2, 16afbfb, 293164b] SCBSPVM: postStartSceneFromOtherEvent: cn.alfadb.netbird.e3vpna + EntryAbility
CST 2026-07-17 19:58:18.159  1522  1522 I A01a01/NC: [a92ab118da242f2, 16afbfb, 293164b] DropdownPanelView: OnStartSceneFromOtherEvent. for cn.alfadb.netbird.e3vpna isStartingByNtfItemClick
CST 2026-07-17 19:58:18.159  1522  1522 I A01a00/SYS_UI: [a92ab118da242f2, 16afbfb, 293164b] ViewManagerAdapter: isViewShowing viewType 20
CST 2026-07-17 19:58:18.159  1522  1522 W A04200/WINDOW: [a92ab118da242f2, 16afbfb, 293164b] SCBSplitViewAnimationManager: BackAndOneSplitAnimationBreak containerSession is not availiable
CST 2026-07-17 19:58:18.159  1522  1522 I A04200/WINDOW: [a92ab118da242f2, 16afbfb, 293164b] SCBSPVM: GuidanceLog set unNeedKnowMore
CST 2026-07-17 19:58:18.159  1522  1522 I A04200/WINDOW: [a92ab118da242f2, 16afbfb, 293164b] SCBMultiWindowUtils: CUBE GuidanceLog isNeedKnowMore false
CST 2026-07-17 19:58:18.159  1522  1522 I A04200/WINDOW: [a92ab118da242f2, 16afbfb, 293164b] SCBSplitManager: interruptStartSceneForSplit scenePanelState is 0 not SPLIT
CST 2026-07-17 19:58:18.160  1522  1522 I A04200/WINDOW: [a92ab118da242f2, 16afbfb, 293164b] SCBSPVM: getSceneContainerSessionWithPersistentId from containerSessionList id: 30
CST 2026-07-17 19:58:18.160  1522  1522 I A01b01/HOME: [a92ab118da242f2, 16afbfb, 293164b] SCBTM: findTransitionController. bundleName: cn.alfadb.netbird.e3vpna, overlayBundleName: undefined
CST 2026-07-17 19:58:18.160  1522  1522 W A01b01/HOME: [a92ab118da242f2, 16afbfb, 293164b] PageDesktopModel: findTransitionController shortcutId empty bundleName:cn.alfadb.netbird.e3vpna
CST 2026-07-17 19:58:18.160  1522  1522 W A01b01/HOME: [a92ab118da242f2, 16afbfb, 293164b] PageDesktopModel: findTransitionController bundleName: cn.alfadb.netbird.e3vpna, abilityName: EntryAbility, startType: 0, formCardId: undefined, cardId: undefined, extraId: undefined, appIndex: 0, shortcutId: undefined, appInstanceKey: %{public}s
CST 2026-07-17 19:58:18.160  1522  1522 W A01b01/HOME: [a92ab118da242f2, 16afbfb, 293164b] SCBTM: Find controller success ? true, findData: {"bundleName":"cn.alfadb.netbird.e3vpna","abilityName":"EntryAbility","appIndex":0,"appIconId":"","iconRadius":0,"appIconNumber":0,"startAppType":0,"isOpenFolder":false}
CST 2026-07-17 19:58:18.160  1522  1522 I A04200/WINDOW: [a92ab118da242f2, 16afbfb, 293164b] SCBFloatManager: isAtomicServiceFloatScene: notSupportAtomicServiceFloatScene
CST 2026-07-17 19:58:18.160  1522  1522 I A01b00/SCB: [a92ab118da242f2, 16afbfb, 293164b] LuoShuStateManager --> getLuoShuStateInfo: report {"luoShuState":0,"scenePanelState":0,"eventType":-1,"screenInfo":{"isLandscape":false,"foldState":1},"screenId":0,"holdingHandStatus":1}
CST 2026-07-17 19:58:18.160  1522  1522 E C03f05/NAPI: [a92ab118da242f2, 16afbfb, 293164b] DfxCollectStackWithDepth is not loaded in taskpool/worker.
CST 2026-07-17 19:58:18.161  1522  1522 I C03f05/NAPI: [a92ab118da242f2, 16afbfb, 293164b] taskpool:: taskId 4229036497 in seqRunner 139811265900800 immediately.
CST 2026-07-17 19:58:18.161  1522  1522 W A01b01/HOME: [a92ab118da242f2, 16afbfb, 293164b] SCBSPVM: [SCBMain]onStartSceneFromOther isNewWant false. StartApp:cn.alfadb.netbird.e3vpna
CST 2026-07-17 19:58:18.161  1522  1522 I A01b00/SCB: [a92ab118da242f2, 16afbfb, 293164b] LuoShuStateManager --> getLuoShuStateInfo: SCBSPVM {"luoShuState":0,"scenePanelState":0,"eventType":-1,"screenInfo":{"isLandscape":false,"foldState":1},"screenId":0,"holdingHandStatus":1}
CST 2026-07-17 19:58:18.161  1522  1522 I A04223/SCBMain: [a92ab118da242f2, 16afbfb, 293164b] [id:30][screenId:0]requestSceneSession, callerPersistentId:0, needLinkCaller:true
CST 2026-07-17 19:58:18.161  1522  1522 I A04223/SCBMain: [a92ab118da242f2, 16afbfb, 293164b] find sceneSession from other screen
CST 2026-07-17 19:58:18.161  1522  1522 I A04222/WMSMission: [a92ab118da242f2, 16afbfb, 293164b] [Screen:0][Panel:1] get existing session from usage-total list.
CST 2026-07-17 19:58:18.161  1522  1522 I A04200/WINDOW: [a92ab118da242f2, 16afbfb, 293164b] SCBSSM: popSceneFromOtherScreen toScreen: 0, needBackground: trueneedRefreshFocus: true, needUpdateScreenId: true,persistentId:30
CST 2026-07-17 19:58:18.161  1522  1522 I A04200/WINDOW: [a92ab118da242f2, 16afbfb, 293164b] [SCBMission]SCBSceneMissionManager: popSceneFromOtherScreenByPersistentId sceneSession on targetScreen, ignored
CST 2026-07-17 19:58:18.161  1522  1522 I A04200/WINDOW: [a92ab118da242f2, 16afbfb, 293164b] SCBSSM: isProjectionBundleName bundleName = cn.alfadb.netbird.e3vpna, screenId = 0
CST 2026-07-17 19:58:18.161  1522  1522 I A04223/SCBMain: [a92ab118da242f2, 16afbfb, 293164b] requestSceneSession using exist persistentId: 30
CST 2026-07-17 19:58:18.161  1522  1522 I A04223/SCBMain: [a92ab118da242f2, 16afbfb, 293164b] getSceneSessionByPersistentId from containerSessionList id: 30
CST 2026-07-17 19:58:18.162  1522  1522 I A04200/WINDOW: [a92ab118da242f2, 16afbfb, 293164b] SCBSPVM: getSceneContainerSessionWithPersistentId from containerSessionList id: 30
CST 2026-07-17 19:58:18.162  1522  1522 I A04223/SCBMain: [a92ab118da242f2, 16afbfb, 293164b] [id:30][screenId:0]requestSceneSession, callerPersistentId:0, needLinkCaller:true
CST 2026-07-17 19:58:18.162  1522  1522 I A04223/SCBMain: [a92ab118da242f2, 16afbfb, 293164b] find sceneSession from other screen
CST 2026-07-17 19:58:18.162  1522  1522 I A04222/WMSMission: [a92ab118da242f2, 16afbfb, 293164b] [Screen:0][Panel:1] get existing session from usage-total list.
CST 2026-07-17 19:58:18.162  1522  1522 I A04200/WINDOW: [a92ab118da242f2, 16afbfb, 293164b] SCBSSM: popSceneFromOtherScreen toScreen: 0, needBackground: trueneedRefreshFocus: true, needUpdateScreenId: true,persistentId:30
CST 2026-07-17 19:58:18.162  1522  1522 I A04200/WINDOW: [a92ab118da242f2, 16afbfb, 293164b] [SCBMission]SCBSceneMissionManager: popSceneFromOtherScreenByPersistentId sceneSession on targetScreen, ignored
CST 2026-07-17 19:58:18.162  1522  1522 I A04200/WINDOW: [a92ab118da242f2, 16afbfb, 293164b] SCBSSM: isProjectionBundleName bundleName = cn.alfadb.netbird.e3vpna, screenId = 0
CST 2026-07-17 19:58:18.162  1522  1522 I A04223/SCBMain: [a92ab118da242f2, 16afbfb, 293164b] requestSceneSession using exist persistentId: 30
CST 2026-07-17 19:58:18.162  1522  1522 I A04223/SCBMain: [a92ab118da242f2, 16afbfb, 293164b] getSceneSessionByPersistentId from containerSessionList id: 30
CST 2026-07-17 19:58:18.162  1522  1522 I A04200/WINDOW: [a92ab118da242f2, 16afbfb, 293164b] SCBSPVM: getSceneContainerSessionWithPersistentId from containerSessionList id: 30
CST 2026-07-17 19:58:18.162  1522  1522 I A01b01/HOME: [a92ab118da242f2, 16afbfb, 293164b] SCBTM: findTransitionController. bundleName: cn.alfadb.netbird.e3vpna, overlayBundleName: undefined
CST 2026-07-17 19:58:18.162  1522  1522 W A01b01/HOME: [a92ab118da242f2, 16afbfb, 293164b] PageDesktopModel: findTransitionController shortcutId empty bundleName:cn.alfadb.netbird.e3vpna
CST 2026-07-17 19:58:18.162  1522  1522 W A01b01/HOME: [a92ab118da242f2, 16afbfb, 293164b] PageDesktopModel: findTransitionController bundleName: cn.alfadb.netbird.e3vpna, abilityName: EntryAbility, startType: 0, formCardId: undefined, cardId: undefined, extraId: undefined, appIndex: 0, shortcutId: undefined, appInstanceKey: %{public}s
CST 2026-07-17 19:58:18.162  1522  1522 W A01b01/HOME: [a92ab118da242f2, 16afbfb, 293164b] SCBTM: Find controller success ? true, findData: {"bundleName":"cn.alfadb.netbird.e3vpna","abilityName":"EntryAbility","appIndex":0,"appIconId":"","iconRadius":0,"appIconNumber":0,"startAppType":0,"isOpenFolder":false}
CST 2026-07-17 19:58:18.162  1522  1522 E A01b01/HOME: [a92ab118da242f2, 16afbfb, 293164b] SCBSPVM: overlayCardInfo is invalid
CST 2026-07-17 19:58:18.162  1522  1522 W A01b01/HOME: [a92ab118da242f2, 16afbfb, 293164b] SCBSPVM: onStartSceneFromOther cardId empty isStartCard=false
CST 2026-07-17 19:58:18.162  1522  1522 I A01b01/HOME: [a92ab118da242f2, 16afbfb, 293164b] SCBTM: findTransitionController. bundleName: cn.alfadb.netbird.e3vpna, overlayBundleName: undefined
CST 2026-07-17 19:58:18.162  1522  1522 W A01b01/HOME: [a92ab118da242f2, 16afbfb, 293164b] PageDesktopModel: findTransitionController shortcutId empty bundleName:cn.alfadb.netbird.e3vpna
CST 2026-07-17 19:58:18.163  1522  1522 W A01b01/HOME: [a92ab118da242f2, 16afbfb, 293164b] PageDesktopModel: findTransitionController bundleName: cn.alfadb.netbird.e3vpna, abilityName: EntryAbility, startType: 0, formCardId: undefined, cardId: undefined, extraId: undefined, appIndex: 0, shortcutId: undefined, appInstanceKey: %{public}s
CST 2026-07-17 19:58:18.163  1522  1522 W A01b01/HOME: [a92ab118da242f2, 16afbfb, 293164b] SCBTM: Find controller success ? true, findData: {"bundleName":"cn.alfadb.netbird.e3vpna","abilityName":"EntryAbility","appIndex":0,"appIconId":"","iconRadius":0,"appIconNumber":0,"startAppType":0,"isOpenFolder":false}
CST 2026-07-17 19:58:18.163  1522  1522 W A01b01/HOME: [a92ab118da242f2, 16afbfb, 293164b] SCBSPVM: onStartSceneFromOther cardId empty isStartCard=false
CST 2026-07-17 19:58:18.163  1522  1522 I A04223/SCBMain: [a92ab118da242f2, 16afbfb, 293164b] [id:30][screenId:0]requestSceneSession, callerPersistentId:0, needLinkCaller:true
CST 2026-07-17 19:58:18.163  1522  1522 I A04223/SCBMain: [a92ab118da242f2, 16afbfb, 293164b] find sceneSession from other screen
CST 2026-07-17 19:58:18.163  1522  1522 I A04222/WMSMission: [a92ab118da242f2, 16afbfb, 293164b] [Screen:0][Panel:1] get existing session from usage-total list.
CST 2026-07-17 19:58:18.163  1522  1522 I A04200/WINDOW: [a92ab118da242f2, 16afbfb, 293164b] SCBSSM: popSceneFromOtherScreen toScreen: 0, needBackground: trueneedRefreshFocus: true, needUpdateScreenId: true,persistentId:30
CST 2026-07-17 19:58:18.163  1522  1522 I A04200/WINDOW: [a92ab118da242f2, 16afbfb, 293164b] [SCBMission]SCBSceneMissionManager: popSceneFromOtherScreenByPersistentId sceneSession on targetScreen, ignored
CST 2026-07-17 19:58:18.163  1522  1522 I A04200/WINDOW: [a92ab118da242f2, 16afbfb, 293164b] SCBSSM: isProjectionBundleName bundleName = cn.alfadb.netbird.e3vpna, screenId = 0
CST 2026-07-17 19:58:18.163  1522  1522 I A04223/SCBMain: [a92ab118da242f2, 16afbfb, 293164b] requestSceneSession using exist persistentId: 30
CST 2026-07-17 19:58:18.163  1522  1522 I A04223/SCBMain: [a92ab118da242f2, 16afbfb, 293164b] getSceneSessionByPersistentId from containerSessionList id: 30
CST 2026-07-17 19:58:18.163  1522  1522 I A04200/WINDOW: [a92ab118da242f2, 16afbfb, 293164b] SCBSPVM: getSceneContainerSessionWithPersistentId from containerSessionList id: 30
CST 2026-07-17 19:58:18.163  1522  1522 W A01b01/HOME: [a92ab118da242f2, 16afbfb, 293164b] SCBSPVM: isSceneContainerStartOther: true
CST 2026-07-17 19:58:18.163  1522  1522 I A01b00/SCB: [a92ab118da242f2, 16afbfb, 293164b] LuoShuStateManager --> getLuoShuStateInfo: SCBWindowRotateController {"luoShuState":0,"scenePanelState":0,"eventType":-1,"screenInfo":{"isLandscape":false,"foldState":1},"screenId":0,"holdingHandStatus":1}
CST 2026-07-17 19:58:18.163  1522  1522 I A0421d/WMSRotation: [a92ab118da242f2, 16afbfb, 293164b] [isNonHook] luoShuState: 0
CST 2026-07-17 19:58:18.163  1522  1522 E A0421d/WMSRotation: [a92ab118da242f2, 16afbfb, 293164b] [needRotateWithFlowLight] no need add rotation
CST 2026-07-17 19:58:18.164  1522  1522 W A0421d/WMSRotation: [a92ab118da242f2, 16afbfb, 293164b] [getRotatedScreenProperty] this.rotation: 0; getRotatedScreenProperty: {rect: [0, 0, 1320, 2856], rotation: 0}
CST 2026-07-17 19:58:18.164  1522  1522 W A01b01/HOME: [a92ab118da242f2, 16afbfb, 293164b] SCBSPVM: [onStartSceneFromOther] isNeed: false, windowAnimation: true
CST 2026-07-17 19:58:18.164  1522  1522 I A0421d/WMSRotation: [a92ab118da242f2, 16afbfb, 293164b] [startSceneWithRotationIfNeed] containerSession EntryAbility/cn.alfadb.netbird.e3vpna/entry/0(persistentId: 30)(containerId: 2), needAnimation false isFromRecent false fromUser false isPageRotation false
CST 2026-07-17 19:58:18.164  1522  1522 I A0421d/WMSRotation: [a92ab118da242f2, 16afbfb, 293164b] [startSceneWithRotationIfNeed] containerSession EntryAbility/cn.alfadb.netbird.e3vpna/entry/0(persistentId: 30)(containerId: 2)needAnimation false isFromRecent false fromUser false isPageRotation false
CST 2026-07-17 19:58:18.164  1522  1522 I A0421d/WMSRotation: [a92ab118da242f2, 16afbfb, 293164b] [coverSensorRotation] cover sensor rotation.
CST 2026-07-17 19:58:18.164  1522  1522 I A01b00/SCB: [a92ab118da242f2, 16afbfb, 293164b] SCBCompatibilityModeController: [addInvertedPortraitOrientationIfNeeded] requestOrientation:undefined
CST 2026-07-17 19:58:18.164  1522  1522 I A01b00/SCB: [a92ab118da242f2, 16afbfb, 293164b] SCBCompatibilityModeResourceManager: [isCurrentSupportAddInvertedPortraitOrientation] isSupportAddInvertedPortraitOrientation: false
CST 2026-07-17 19:58:18.164  1522  1522 I A01b00/SCB: [a92ab118da242f2, 16afbfb, 293164b] SCBCompatibilityModeResourceManager: [isNeedAddInvertedPortraitOrientation] current device status is not support adding inverted portrait orientation
CST 2026-07-17 19:58:18.164  1522  1522 I A04200/WINDOW: [a92ab118da242f2, 16afbfb, 293164b] SCBScreenSM: screenRotationLocked value:true
CST 2026-07-17 19:58:18.164  1522  1522 W A0421d/WMSRotation: [a92ab118da242f2, 16afbfb, 293164b] [getTargetRotation] bundleName:cn.alfadb.netbird.e3vpna requestOrientation:0 isScreenLocked:true isPlacedRotateFriendlyDevicePlaced:false fixedRotation: -1 rotationCommand: {"isIgnorePlacedState":false,"isFromDropDown":false}
CST 2026-07-17 19:58:18.164  1522  1522 I A04200/WINDOW: [a92ab118da242f2, 16afbfb, 293164b] SCBSSM: targetOrientation does not belong to the userOrientation type
CST 2026-07-17 19:58:18.164  1522  1522 I A0421d/WMSRotation: [a92ab118da242f2, 16afbfb, 293164b] [notifySupportRotationChange] container requestOrientation: 0 scene requestOrientation: 0
CST 2026-07-17 19:58:18.164  1522  1522 I A0421d/WMSRotation: [a92ab118da242f2, 16afbfb, 293164b] [notifySupportRotationChange] displayId: 0 persistentId: 30 container: [true,false,false,false] scene: [true,false,false,false] reason: MultiWindowChangeOrientation
CST 2026-07-17 19:58:18.164  1522  1522 I A04200/WINDOW: [a92ab118da242f2, 16afbfb, 293164b] SCBSSM: notifySupportRotationChange
CST 2026-07-17 19:58:18.165  1522  1522 I C0421d/WMSRotation: [a92ab118da242f2, 16afbfb, 293164b] OnNotifySupportRotationChange: persistentId: 30, container size: 4, scene size: 4
CST 2026-07-17 19:58:18.165  1522  1522 I A0421d/WMSRotation: [a92ab118da242f2, 16afbfb, 293164b] [startSceneWithRotationIfNeed] before rotate with targetRotation=0, sensorRotation=0, currentScreenRotation=0, currentContainerRotation=0, tempRotation=, name=cn.alfadb.netbird.e3vpna
CST 2026-07-17 19:58:18.165  1522  1522 I A0421d/WMSRotation: [a92ab118da242f2, 16afbfb, 293164b] [rotateWindowPolicy] no need to rotate with same targetRotation
CST 2026-07-17 19:58:18.165  1522  1522 W A01b01/HOME: [a92ab118da242f2, 16afbfb, 293164b] SCBSPVM: [SCBMain]onStartSceneFromOther EntryAbility/cn.alfadb.netbird.e3vpna/entry/0(persistentId: 30)(containerId: 2) isActive:false isStartCard:false needBlurAnimation:true scenePanelState:0
CST 2026-07-17 19:58:18.165  1522  1522 I A01b09/RECENT: [a92ab118da242f2, 16afbfb, 293164b] RecentPanelViewModel: [SCBMain]onStartSceneFromOther EntryAbility/cn.alfadb.netbird.e3vpnb/entry/0(persistentId: 32)(containerId: 3) notShowSessionDestroy
CST 2026-07-17 19:58:18.165  1522  1522 I A01b00/SCB: [a92ab118da242f2, 16afbfb, 293164b] LuoShuStateManager --> getLuoShuStateInfo: SCBSPVM {"luoShuState":0,"scenePanelState":0,"eventType":-1,"screenInfo":{"isLandscape":false,"foldState":1},"screenId":0,"holdingHandStatus":1}
CST 2026-07-17 19:58:18.165  1522  1522 I A0421d/WMSRotation: [a92ab118da242f2, 16afbfb, 293164b] no active session return!
CST 2026-07-17 19:58:18.165  1522  1522 W A01b01/HOME: [a92ab118da242f2, 16afbfb, 293164b] SCBSPVM: [SCBMain]onStartSceneFromOther do not need minimize former scene, activeContainer is null? true
CST 2026-07-17 19:58:18.165  1522  1522 I A04200/WINDOW: [a92ab118da242f2, 16afbfb, 293164b] SCBSPM: Remove container id: 2, 30
CST 2026-07-17 19:58:18.165  1522  1522 W A01c06/ICON: [a92ab118da242f2, 16afbfb, 293164b] AppIconCommonEvent --> onInactive bundleName:cn.alfadb.netbird.e3vpna, [SCBSPM] set icon from show to [show], caller: removeContainerSessionByIndex, extra info: undefined.
CST 2026-07-17 19:58:18.166  1522  1522 I A04223/SCBMain: [a92ab118da242f2, 16afbfb, 293164b] Remove scene container session by index=1, id=30
CST 2026-07-17 19:58:18.166  1522  1522 I A01b09/RECENT: [a92ab118da242f2, 16afbfb, 293164b] RecentDockRefreshAlarm: start alarm recent dock: EntryAbility/cn.alfadb.netbird.e3vpna/entry/0(persistentId: 30)(containerId: 2)
CST 2026-07-17 19:58:18.166  1522  1522 W A0420a/WMSLife: [a92ab118da242f2, 16afbfb, 293164b] Request scene container session activation, name: EntryAbility/cn.alfadb.netbird.e3vpna/entry/0(persistentId: 30)(containerId: 2) isNewActive: false, isPersist: true, reason: undefined
CST 2026-07-17 19:58:18.166  1522  1522 I A01b00/SCB: [a92ab118da242f2, 16afbfb, 293164b] LuoShuStateManager --> getLuoShuStateInfo: SCBScreenSM {"luoShuState":0,"scenePanelState":0,"eventType":-1,"screenInfo":{"isLandscape":false,"foldState":1},"screenId":0,"holdingHandStatus":1}
CST 2026-07-17 19:58:18.166  1522  1522 I A04200/WINDOW: [a92ab118da242f2, 16afbfb, 293164b] SCBSceneRecentMissionManager: add id 30 to recentMissionIdSet
CST 2026-07-17 19:58:18.167  1522  1522 W A04223/SCBMain: [a92ab118da242f2, 16afbfb, 293164b] requestSessionActivation primarySession priNewActive: false
CST 2026-07-17 19:58:18.167  1522  1522 I A04223/SCBMain: [a92ab118da242f2, 16afbfb, 293164b] requestSceneSessionActivation: isNewActive: false, isPersist: true, reason: undefined, name: EntryAbility/cn.alfadb.netbird.e3vpna/entry/0(persistentId: 30), containerRotation: 0
CST 2026-07-17 19:58:18.167  1522  1522 I A0420a/WMSLife: [a92ab118da242f2, 16afbfb, 293164b] [id:30]requestSceneSessionActivation.
CST 2026-07-17 19:58:18.167  1522  1522 I A0420a/WMSLife: [a92ab118da242f2, 16afbfb, 293164b] setIsPendingToBackgroundState, state:false
CST 2026-07-17 19:58:18.167  1522  1522 I C0420a/WMSLife: [a92ab118da242f2, 16afbfb, 293164b] SetIsPendingToBackgroundState: id:30 State:0
CST 2026-07-17 19:58:18.167  1522  1522 I A0420a/WMSLife: [a92ab118da242f2, 16afbfb, 293164b] setIsActivatedAfterScreenLocked, isScreenLocked: false
CST 2026-07-17 19:58:18.167  1522  1522 I C0420a/WMSLife: [a92ab118da242f2, 16afbfb, 293164b] SetIsActivatedAfterScreenLocked: id:30, isLocked:0
CST 2026-07-17 19:58:18.167  1522  1522 I C0420a/WMSLife: [a92ab118da242f2, 16afbfb, 293164b] OnRequestSceneSessionActivation: in
CST 2026-07-17 19:58:18.167  1522  2129 I C04202/WMSMain: [a92ab118da242f2, 3db4ab0, 16afbfb] Request active id:30, system:0, isNewActive:0, requestId:5
CST 2026-07-17 19:58:18.167  1522  2129 W C0420b/WMSKeyboard: [a92ab118da242f2, 3db4ab0, 16afbfb] RequestInputMethodCloseKeyboard: keyboardSession is nullptr, id: 30
CST 2026-07-17 19:58:18.167  1522  2129 I C0421b/WMSStartupPage: [a92ab118da242f2, 3db4ab0, 16afbfb] GetEnableRemoveStartingWindowFromBMS: enable.remove.starting.window default false
CST 2026-07-17 19:58:18.167  1522  1522 E A01b00/SCB: [a92ab118da242f2, 16afbfb, 293164b] SCBCategoryResourceManager: isSupportFullScreenInForceSplit: cn.alfadb.netbird.e3vpna is not in featureMap
CST 2026-07-17 19:58:18.167  1522  2129 I C04202/WMSMain: [a92ab118da242f2, 3db4ab0, 16afbfb] FillSessionInfo: bundleName:cn.alfadb.netbird.e3vpna removeMissionAfterTerminate:0 excludeFromMissions:0 label:$string:ability_name iconPath:$media:app_icon collaboratorType:/data/app/el1/bundle/public/cn.alfadb.netbird.e3vpna.
CST 2026-07-17 19:58:18.167  1522  1522 I A01b00/SCB: [a92ab118da242f2, 16afbfb, 293164b] SCBCategoryResourceManager: updateFullScreenInForceSplitStatusIfNeed: isFullScreenInForceSplit no change
CST 2026-07-17 19:58:18.167  1522  2129 I C0420a/WMSLife: [a92ab118da242f2, 3db4ab0, 16afbfb] GetRequestWantFromTaskInfoMap: exsit, persistentId:30, requestId:5
CST 2026-07-17 19:58:18.167  1522  2129 I C0420a/WMSLife: [a92ab118da242f2, 3db4ab0, 16afbfb] SetAbilitySessionInfo: Is SCB Call, set flag:0, persistentId:30, requestId:5
CST 2026-07-17 19:58:18.167  1522  1522 I A04223/SCBMain: [a92ab118da242f2, 16afbfb, 293164b] isForegroundAndActive: sessionState: 0, isActive: true
CST 2026-07-17 19:58:18.167  1522  2129 I C0420a/WMSLife: [a92ab118da242f2, 3db4ab0, 16afbfb] RequestSceneSessionActivationInner: [id: 30] want-ability: EntryAbility, bundle: cn.alfadb.netbird.e3vpna, module: entry, appIndex: 0, requestId:5
CST 2026-07-17 19:58:18.167  1522  2129 I C0420a/WMSLife: [a92ab118da242f2, 3db4ab0, 16afbfb] operator(): start notify listeners, bundleName:cn.alfadb.netbird.e3vpna, Id:30, event:2, reason: 0
CST 2026-07-17 19:58:18.167  1522  2129 I C04202/WMSMain: [a92ab118da242f2, 3db4ab0, 16afbfb] RequestSceneSessionActivationInner: [id: 30] Begin StartUIAbility, system: 0,reuseDelegatorWindow 0 isShowAbility 0
CST 2026-07-17 19:58:18.167  1522  1522 I A04200/WMS: [a92ab118da242f2, 16afbfb, 293164b] modifyPersistentMap, bundleName: cn.alfadb.netbird.e3vpna
CST 2026-07-17 19:58:18.167  1522  4622 I C01336/AMS: [a92ab118da242f2, f837fe, 3db4ab0] [AMC432]scb call, StartUIAbilityBySCB target: cn.alfadb.netbird.e3vpna/EntryAbility, persistentId: 30, appIndex: -1, pageConfigSize:0, requestCode:-1
CST 2026-07-17 19:58:18.168  1522  1522 I A04200/WINDOW: [a92ab118da242f2, 16afbfb, 293164b] SCBScenePersistent: Set persistentId = 30 isAlive to true
CST 2026-07-17 19:58:18.168  1522  1666 I C01631/GaussPD: [a92ab118da242f2, 115a35f, 16afbfb]  [0] [ADAPTER] [139809796365056] Not support binlog_default.writeLock file enable del monitor sysno = 25
CST 2026-07-17 19:58:18.168  1522  1666 I C01631/GaussPD: [a92ab118da242f2, 115a35f, 16afbfb]  [0] [ADAPTER] [139809796365056] Not support binlog_default.writeLock file enable del monitor sysno = 25
CST 2026-07-17 19:58:18.168  1522  1666 I C01631/GaussPD: [a92ab118da242f2, 115a35f, 16afbfb]  [0] [ADAPTER] [139809796365056] Not support binlog_default.writeLock file enable del monitor sysno = 25
CST 2026-07-17 19:58:18.168  1522  1522 I A01b01/HOME: [a92ab118da242f2, 16afbfb, 293164b] SCBSPVM: enter FULLSCENE
CST 2026-07-17 19:58:18.168  1522  1522 I A01b09/RECENT: [a92ab118da242f2, 16afbfb, 293164b] RecentPanel: RecentViewParam init
CST 2026-07-17 19:58:18.168   770   800 I C01336/AMS: [a92ab118da242f2, 3130151, f837fe] [ABMS3083]call, sceneFlag:4, restart: 0
CST 2026-07-17 19:58:18.168   770   800 I C01336/AMS: [a92ab118da242f2, 3130151, f837fe] [start_ability_utils.cpp54]appIndex:-1
CST 2026-07-17 19:58:18.169   770   800 W C01336/AMS: [a92ab118da242f2, 3130151, f837fe] [ABMS3903]null callerToken
CST 2026-07-17 19:58:18.169   770   800 I C01336/AMS: [a92ab118da242f2, 3130151, f837fe] [UALM215]StartUIAbility session:30. bundle:cn.alfadb.netbird.e3vpna, ability:EntryAbility, instanceKey:, requestId: 5, isCallBySCB: 0, reuseDelegator: 0, scenarios:0, requestCode:-1
CST 2026-07-17 19:58:18.169   770   800 I C01336/AMS: [a92ab118da242f2, 3130151, f837fe] [app_exit_reason_data_manager.cpp640]tokenId <private> module entry abillity EntryAbility
CST 2026-07-17 19:58:18.169   770   800 W C01336/AMS: [a92ab118da242f2, 3130151, f837fe] [app_exit_reason_data_manager.cpp659]KEY_NOT_FOUND
CST 2026-07-17 19:58:18.169   770   800 I C01336/AMS: [a92ab118da242f2, 3130151, f837fe] [app_exit_reason_data_manager.cpp590]tokenId <private> module entry ability EntryAbility 
CST 2026-07-17 19:58:18.170   770   800 W C01336/AMS: [a92ab118da242f2, 3130151, f837fe] [app_exit_reason_data_manager.cpp607]DBStatus:27459591
CST 2026-07-17 19:58:18.170   770  1538 W C01123/BMSCommon: [a92ab118da242f2, 364eb42, 3130151] uid(5523) invalid
CST 2026-07-17 19:58:18.170   770   800 W C01336/AMS: [a92ab118da242f2, 3130151, f837fe] [ability_start_with_wait_observer_manager.cpp193]invaid observerId
CST 2026-07-17 19:58:18.170   770   800 W C01336/AMS: [a92ab118da242f2, 3130151, f837fe] [ABR1600]nullptr
CST 2026-07-17 19:58:18.170   770   800 I C01336/AMS: [a92ab118da242f2, 3130151, f837fe] [ABR287]LoadLifecycle: abilityName:EntryAbility
CST 2026-07-17 19:58:18.170   305   552 I C01705/EXACT_PREREAD: [a92ab118da242f2, 3a13a40, 2931fc1] [(StartAppStartupPrereadWork):630] uid: 20020062 pid: 0 appStartupScene: cn.alfadb.netbird.e3vpna/cn.alfadb.netbird.e3vpna
CST 2026-07-17 19:58:18.170   305   552 E C01700/RSS: [a92ab118da242f2, 3a13a40, 2931fc1] GetRealPath: get real path failed.
CST 2026-07-17 19:58:18.170   305   552 E C01705/EXACT_PREREAD: [a92ab118da242f2, 3a13a40, 2931fc1] [(GetMonitorState):1128] failed to get real path, errno: 2
CST 2026-07-17 19:58:18.170   305   552 E C01705/EXACT_PREREAD: [a92ab118da242f2, 3a13a40, 2931fc1] [(GetAvailableMonitor):1093] failed to get monitor: 0 state.
CST 2026-07-17 19:58:18.170   305   552 E C01700/RSS: [a92ab118da242f2, 3a13a40, 2931fc1] GetRealPath: get real path failed.
CST 2026-07-17 19:58:18.170   305   552 E C01705/EXACT_PREREAD: [a92ab118da242f2, 3a13a40, 2931fc1] [(GetMonitorState):1128] failed to get real path, errno: 2
CST 2026-07-17 19:58:18.170   305   552 E C01705/EXACT_PREREAD: [a92ab118da242f2, 3a13a40, 2931fc1] [(GetAvailableMonitor):1093] failed to get monitor: 1 state.
CST 2026-07-17 19:58:18.170   305   552 E C01705/EXACT_PREREAD: [a92ab118da242f2, 3a13a40, 2931fc1] [(CheckAndBindMonitorBeforeWorkStart):1006] get invalid monitorIdx: -1
CST 2026-07-17 19:58:18.170  1522  1522 I A01b01/HOME: [a92ab118da242f2, 16afbfb, 293164b] SCBSCS: initSmallFolderBg isExitToSmallFolder: false
CST 2026-07-17 19:58:18.170   770   800 I C0135b/KeepAlive: [a92ab118da242f2, 3130151, f837fe] [keep_alive_process_manager.cpp336]not supported
CST 2026-07-17 19:58:18.170   305   552 E C01705/EXACT_PREREAD: [a92ab118da242f2, 3a13a40, 2931fc1] [(StartAppStartupPrereadWork):181] check workstate or bind monitor failed.
CST 2026-07-17 19:58:18.170   305   552 E C01705/EXACT_PREREAD: [a92ab118da242f2, 3a13a40, 2931fc1] [(ExecuteCommand):126] execute cmd:1 failed.
CST 2026-07-17 19:58:18.170   770   800 I C01357/ProcessMgr: [a92ab118da242f2, 3130151, f837fe] [ams_mgr_scheduler.cpp90]SubmitLoadTask: cn.alfadb.netbird.e3vpna-EntryAbility
CST 2026-07-17 19:58:18.170   770   800 W C01311/AppMS: [a92ab118da242f2, 3130151, f837fe] [AMSI9922]caller token not SA
CST 2026-07-17 19:58:18.170   770   800 W C01364/UN: [a92ab118da242f2, 3130151, f837fe] [user_controller.cpp257]invalid user lock status: 1
CST 2026-07-17 19:58:18.170  1522  1666 I C01631/GaussPD: [a92ab118da242f2, 115a35f, 16afbfb]  [0] [ADAPTER] [139809796365056] Not support binlog_default.writeLock file enable del monitor sysno = 25
CST 2026-07-17 19:58:18.170  1522  1666 I C01631/GaussPD: [a92ab118da242f2, 115a35f, 16afbfb]  [0] [ADAPTER] [139809796365056] Not support binlog_default.writeIndex file enable del monitor sysno = 25
CST 2026-07-17 19:58:18.171  1522  1666 I C01631/GaussPD: [a92ab118da242f2, 115a35f, 16afbfb]  [0] [ADAPTER] [139809796365056] Not support binlog_default.writeIndex file enable del monitor sysno = 25
CST 2026-07-17 19:58:18.171  1522  4622 I C0420a/WMSLife: [a92ab118da242f2, f837fe, 3db4ab0] start ui ability sceneFlag:4 isRestart:0 pageConfig:0 retCode: 0
CST 2026-07-17 19:58:18.171  1522  2129 I C0420a/WMSLife: [a92ab118da242f2, 3db4ab0, 16afbfb] ResetSessionInfoAfterStartUIAbility: in
CST 2026-07-17 19:58:18.171  1522  2129 I C04202/WMSMain: [a92ab118da242f2, 3db4ab0, 16afbfb] Cold start, identityToken:1784289498167, bundleName:cn.alfadb.netbird.e3vpna
CST 2026-07-17 19:58:18.171  1522  2129 I C0420a/WMSLife: [a92ab118da242f2, 3db4ab0, 16afbfb] ResetSessionConnectState: [id: 30] state: 0
CST 2026-07-17 19:58:18.171  1522  2129 I C0420c/WMSEvent: [a92ab118da242f2, 3db4ab0, 16afbfb] SetCallingPid: id:30, -1
CST 2026-07-17 19:58:18.171  1522  2129 I C0420a/WMSLife: [a92ab118da242f2, 3db4ab0, 16afbfb] ResetIsActive: [id: 30] isActive: 0
CST 2026-07-17 19:58:18.171  1522  2129 I C0420a/WMSLife: [a92ab118da242f2, 3db4ab0, 16afbfb] UpdatePrivacyModeControlInfo: no need to update privacy mode control info
CST 2026-07-17 19:58:18.171  1522  2129 I C0420a/WMSLife: [a92ab118da242f2, 3db4ab0, 16afbfb] RemoveRequestTaskInfo: persistentId:30, requestId:5, infoMap size:1, wantMap size:0
CST 2026-07-17 19:58:18.171  1522  4644 I C03f05/NAPI: taskpool:: Task Perform: j71, 4229036497, runningLoop: 139810980844224
CST 2026-07-17 19:58:18.172  1522  1522 W A01b01/HOME: [a92ab118da242f2, 16afbfb, 293164b] SCBSCS: [SCBSCS] translateX from -45.17142704554968 to 0. reason: init, extra: EntryAbility/cn.alfadb.netbird.e3vpnb/entry/0(persistentId: 32)(containerId: 3)
CST 2026-07-17 19:58:18.172   770  4609 W C011fc/BMSExt: [a92ab118da242f2, 3d23e3, 3130151] [IsTargetApp:729]bundleName or appIdentifier is empty
CST 2026-07-17 19:58:18.172  1522  1522 W A01b01/HOME: [a92ab118da242f2, 16afbfb, 293164b] SCBSCS: [SCBSCS] translateY from -88.71428898402627 to 0. reason: init, extra: EntryAbility/cn.alfadb.netbird.e3vpnb/entry/0(persistentId: 32)(containerId: 3)
CST 2026-07-17 19:58:18.172  1522  1522 I A01b01/HOME: [a92ab118da242f2, 16afbfb, 293164b] SCBSCS: [SCBSCS] scaleX from 0.15378787878787878 to 1. reason: init, extra: EntryAbility/cn.alfadb.netbird.e3vpnb/entry/0(persistentId: 32)(containerId: 3)
CST 2026-07-17 19:58:18.172  1522  1522 I A01b01/HOME: [a92ab118da242f2, 16afbfb, 293164b] SCBSCS: [SCBSCS] scaleY from 0.15378787878787878 to 1. reason: init, extra: EntryAbility/cn.alfadb.netbird.e3vpnb/entry/0(persistentId: 32)(containerId: 3)
CST 2026-07-17 19:58:18.173   770  4609 I C01357/ProcessMgr: [a92ab118da242f2, 3d23e3, 3130151] [AMSI1969]name:EntryAbility startProcessName = cn.alfadb.netbird.e3vpna
CST 2026-07-17 19:58:18.173   770  4609 I C01311/AppMS: [a92ab118da242f2, 3d23e3, 3130151] [AMSI2015]appRecord null, appInfo->bundleName:cn.alfadb.netbird.e3vpna
CST 2026-07-17 19:58:18.173   770  4609 I C01357/ProcessMgr: [a92ab118da242f2, 3d23e3, 3130151] [AMSI2380]processName:cn.alfadb.netbird.e3vpna, isPreload:0
CST 2026-07-17 19:58:18.173  1522  1522 W A01b01/HOME: [a92ab118da242f2, 16afbfb, 293164b] SCBSCS: [SCBSCS] border radius from topLeft: 97.77777777777779, topRight: 97.77777777777779, bottomLeft: 97.77777777777779, bottomRight: 97.77777777777779 to 36. reason: init, extra: EntryAbility/cn.alfadb.netbird.e3vpnb/entry/0(persistentId: 32)(containerId: 3)
CST 2026-07-17 19:58:18.173  1522  1522 W A01b01/HOME: [a92ab118da242f2, 16afbfb, 293164b] SCBSCS: [SCBSCS] sceneAlpha from 0 to 1. reason: init, extra: EntryAbility/cn.alfadb.netbird.e3vpnb/entry/0(persistentId: 32)(containerId: 3)
CST 2026-07-17 19:58:18.173  1522  1667 I C01631/GaussPD: [a92ab118da242f2, 25c72b, 16afbfb]  [0] [ADAPTER] [139809787964160] Not support binlog_default.writeLock file enable del monitor sysno = 25
CST 2026-07-17 19:58:18.173  1522  1667 I C01631/GaussPD: [a92ab118da242f2, 25c72b, 16afbfb]  [0] [ADAPTER] [139809787964160] Not support binlog_default.writeLock file enable del monitor sysno = 25
CST 2026-07-17 19:58:18.173  1522  1667 I C01631/GaussPD: [a92ab118da242f2, 25c72b, 16afbfb]  [0] [ADAPTER] [139809787964160] Not support binlog_default.writeLock file enable del monitor sysno = 25
CST 2026-07-17 19:58:18.174  1522  1522 I A01b01/HOME: [a92ab118da242f2, 16afbfb, 293164b] SCBSCS: set NeedRenderClip clipHeight type of number from 1320.0000000000002 to 2856
CST 2026-07-17 19:58:18.174  1522  1522 I A01b01/HOME: [a92ab118da242f2, 16afbfb, 293164b] SCBSCS: initSmallFolderBg isExitToSmallFolder: false
CST 2026-07-17 19:58:18.174  1522  1522 I A01b01/HOME: [a92ab118da242f2, 16afbfb, 293164b] SCBSCS: initSmallFolderBg isExitToSmallFolder: false
CST 2026-07-17 19:58:18.174  1522  1522 I A04200/WINDOW: [a92ab118da242f2, 16afbfb, 293164b] SCBSPVM: updateScenePanelState from 0 to 1
CST 2026-07-17 19:58:18.174  1522  1522 I A01b00/SCB: [a92ab118da242f2, 16afbfb, 293164b] SCBDesktop --> scenePanelState change 1
CST 2026-07-17 19:58:18.174  1522  1667 I C01631/GaussPD: [a92ab118da242f2, 25c72b, 16afbfb]  [0] [ADAPTER] [139809787964160] Not support binlog_default.writeLock file enable del monitor sysno = 25
CST 2026-07-17 19:58:18.175  1522  1667 I C01631/GaussPD: [a92ab118da242f2, 25c72b, 16afbfb]  [0] [ADAPTER] [139809787964160] Not support binlog_default.writeIndex file enable del monitor sysno = 25
CST 2026-07-17 19:58:18.175   770  4609 I C05a01/ATM: [a92ab118da242f2, 3d23e3, 3130151] [GetKernelPermissions]TokenID=537820848.
CST 2026-07-17 19:58:18.175  1522  1667 I C01631/GaussPD: [a92ab118da242f2, 25c72b, 16afbfb]  [0] [ADAPTER] [139809787964160] Not support binlog_default.writeIndex file enable del monitor sysno = 25
CST 2026-07-17 19:58:18.175   770  4609 I C01311/AppMS: [a92ab118da242f2, 3d23e3, 3130151] [AMSI5504]apl: normal, startFlags: 1099511627784, userId: 100
CST 2026-07-17 19:58:18.175   770  4609 I C01300/AAFwk: [a92ab118da242f2, 3d23e3, 3130151] [task_handler_wrap.cpp56]Invalid status
CST 2026-07-17 19:58:18.175  2207  2207 I A000ff/ThemeEngine: [a92ab118da242f2, 21afcf2, 12ffd78] EngineProxy --> Receiving IPC call with matched key sceneState
CST 2026-07-17 19:58:18.175  2207  2207 I A000ff/ThemeEngine: [a92ab118da242f2, 21afcf2, 12ffd78] EngineProxy --> onWindowScbStateChange preSceneState: 0, currentSceneState: 1
CST 2026-07-17 19:58:18.175  1522  1522 I A01b00/SCB: [a92ab118da242f2, 16afbfb, 293164b] SCBDesktop --> updateScenePanelState, sceneState:1
CST 2026-07-17 19:58:18.175  1522  1522 I A01c05/FORM: [a92ab118da242f2, 16afbfb, 293164b] PageDesktopViewModel --> localEventListener receive event: launcher.event.REQUEST_FORM_RECYCLE
CST 2026-07-17 19:58:18.175  1522  1522 I A01c05/FORM: [a92ab118da242f2, 16afbfb, 293164b] PageDesktopViewModel --> current recycleFormEventHandler, state = true, currentStartApp = false
CST 2026-07-17 19:58:18.175   770  4609 I C02c11/APPSPAWN_CLIENT: [a92ab118da242f2, 3d23e3, 3130151] AppSpawnClientSendMsg reqId:28 msgLen:1912 fd:141 cn.alfadb.netbird.e3vpna
CST 2026-07-17 19:58:18.175   770  1071 I C01202/Unordered: [a92ab118da242f2, 1de0306, 2fb51d0] Pid 1522 publish SCENE_PANEL_EVENT to 100 end(4,4,0,0)
CST 2026-07-17 19:58:18.176  1522  1522 I A01b01/HOME: [a92ab118da242f2, 16afbfb, 293164b] SCBDesktopAddViewModel --> closeDesktopAddDialog event:isBackGesture: false isKeyboardShowing: undefined isSearchPage: false
CST 2026-07-17 19:58:18.176   164   164 I C02c11/APPSPAWN: connectionId:3 buffLen:1912
CST 2026-07-17 19:58:18.176   779  1695 I C04619/Common: [a92ab118da242f2, 3c19a0e, 297f7c7] [common_event_receiver.cpp:54]HandleScenePanelStateEvent# HandleScenePanelStateEvent eventType: SCENE_PANEL_STATE_CHANGE.
CST 2026-07-17 19:58:18.176   164   164 I C02c11/APPSPAWN: Recv msgHeader magic:0xef201234 type:0 id:28 len:1912 cn.alfadb.netbird.e3vpna
CST 2026-07-17 19:58:18.176   779  1695 I C04619/Common: [a92ab118da242f2, 3c19a0e, 297f7c7] [common_event_receiver.cpp:56]HandleScenePanelStateEvent# HandleScenePanelStateEvent state: 1.
CST 2026-07-17 19:58:18.176  1522  1522 I A01c05/FORM: [a92ab118da242f2, 16afbfb, 293164b] FormStackExpandView: formstack expand onScenePanelStateChange: 1
CST 2026-07-17 19:58:18.176   164   164 E C02c11/APPSPAWN: [sandbox_core.cpp:1559]sandbox path already exist
CST 2026-07-17 19:58:18.176   164   164 E C02c11/APPSPAWN: [sandbox_core.cpp:1559]sandbox path already exist
CST 2026-07-17 19:58:18.176   164   164 E C02c11/APPSPAWN: [sandbox_core.cpp:1559]sandbox path already exist
CST 2026-07-17 19:58:18.176   164   164 E C02c11/APPSPAWN: [sandbox_core.cpp:1559]sandbox path already exist
CST 2026-07-17 19:58:18.176   164   164 E C02c11/APPSPAWN: [sandbox_core.cpp:1559]sandbox path already exist
CST 2026-07-17 19:58:18.176  1522  1522 I A0ff00/SEARCH: [a92ab118da242f2, 16afbfb, 293164b] [HiSearch]: HiSearchComponent, onScenePanelStateChange, 0, 1
CST 2026-07-17 19:58:18.176   164   164 I C02c11/APPSPAWN: AppSpawn msgId:28 msgLen:1912 tlvCount:7 processName:cn.alfadb.netbird.e3vpna
CST 2026-07-17 19:58:18.176   164   164 I C02c11/APPSPAWN: cn.alfadb.netbird.e3vpna App flags 0x8 0x104
CST 2026-07-17 19:58:18.176   164   164 I C02c11/APPSPAWN: cn.alfadb.netbird.e3vpna App permission bits flags 0x0 0x0
CST 2026-07-17 19:58:18.176   164   164 I C02c11/APPSPAWN: uid:20020062 gid:20020062 count:2
CST 2026-07-17 19:58:18.176   164   164 I C02c11/APPSPAWN: cn.alfadb.netbird.e3vpna index:0 apl:normal hapFlags:0x0
CST 2026-07-17 19:58:18.176  1522  1522 I A0ff00/SEARCH: [a92ab118da242f2, 16afbfb, 293164b] [HiSearch]: SearchInput, onScenePanelStateChange 1
CST 2026-07-17 19:58:18.176  1522  1522 I A01a00/SYS_UI: [a92ab118da242f2, 16afbfb, 293164b] SystemUIView: onScenePanelStateChange: 1
CST 2026-07-17 19:58:18.177  4125  4125 I C02c11/APPSPAWN: AppSpawnChild id 27 flags:0xc
CST 2026-07-17 19:58:18.177  1522  1522 I A01b00/SCB: [a92ab118da242f2, 16afbfb, 293164b] LuoShuStateFSM --> setScenePanelState: 1
CST 2026-07-17 19:58:18.177  4125  4125 I C02c02/PARAM: ResetParamSecurityLabel Fd:18
CST 2026-07-17 19:58:18.177  1522  1522 I A01b0a/GESTURE: [a92ab118da242f2, 16afbfb, 293164b] AIBarView --> ScenepanelState has change to 1
CST 2026-07-17 19:58:18.177  4125  4125 I C02d33/HitraceOption: FilterAppTrace cn.alfadb.netbird.e3vpna 4125
CST 2026-07-17 19:58:18.177  1522  1522 I A01b0a/GESTURE: [a92ab118da242f2, 16afbfb, 293164b] FloatingNavigationManager --> setScenePanelState 1
CST 2026-07-17 19:58:18.177  1522  1522 I A01b0a/GESTURE: [a92ab118da242f2, 16afbfb, 293164b] FloatingNavigationManager --> sendFloatingIsInApp true
CST 2026-07-17 19:58:18.177  1522  1522 I A01b0a/GESTURE: [a92ab118da242f2, 16afbfb, 293164b] FloatingNavigationManager --> sendFloatingNavIsInApp switch is closed
CST 2026-07-17 19:58:18.177  1522  1522 I A01b09/RECENT: [a92ab118da242f2, 16afbfb, 293164b] RecentPanel: is scrolling value is  false  state is  1 
CST 2026-07-17 19:58:18.177  1522  1522 I A01b00/SCB: [a92ab118da242f2, 16afbfb, 293164b] PerformanceReporter: Enter calledScene:32, currentMemScene:33
CST 2026-07-17 19:58:18.177  1522  1522 E C03f05/NAPI: [a92ab118da242f2, 16afbfb, 293164b] DfxCollectStackWithDepth is not loaded in taskpool/worker.
CST 2026-07-17 19:58:18.178  1522  1522 I C03f05/NAPI: [a92ab118da242f2, 16afbfb, 293164b] taskpool:: add taskId: 1139012098 to seqRunner 139811265900800.
CST 2026-07-17 19:58:18.178  1522  1522 W C0393b/AceWindowScene: [a92ab118da242f2, 16afbfb, 293164b] [(100000:100000:scope)] parentId:346, nodeId:347, sessionId:3
CST 2026-07-17 19:58:18.178  4125  4125 W C02c11/APPSPAWN: errno:2 bind mount /system/app/ArkWebCoreLegacy to /mnt/sandbox/100/cn.alfadb.netbird.e3vpna/system/app/ArkWebCoreLegacy
CST 2026-07-17 19:58:18.178  1522  1522 I A04200/WINDOW: [a92ab118da242f2, 16afbfb, 293164b] SCBScenePanel: [scenePanelCanvasStyles] set Scale to: 1
CST 2026-07-17 19:58:18.178  4125  4125 W C02c11/APPSPAWN: errno:2 bind mount /vendor/etc/hiai to /mnt/sandbox/100/cn.alfadb.netbird.e3vpna/vendor/etc/hiai
CST 2026-07-17 19:58:18.179  4125  4125 W C02c11/APPSPAWN: errno:2 bind mount /data/data/hiai to /mnt/sandbox/100/cn.alfadb.netbird.e3vpna/data/data/hiai
CST 2026-07-17 19:58:18.179  1522  1522 W A01a01/NC: [a92ab118da242f2, 3b30967, 16afbfb] DropdownPanelView: onStartSceneFromOtherEvent return. event: cn.alfadb.netbird.e3vpna isViewShowing:false
CST 2026-07-17 19:58:18.179  1522  1522 I A01b0a/GESTURE: [a92ab118da242f2, 16afbfb, 293164b] AIBarView --> checkShowAiBar. isShowingAiBar:true
CST 2026-07-17 19:58:18.180  4125  4125 W C02c11/APPSPAWN: errno:2 bind mount /data/service/el1/public/themes/100/a/app to /mnt/sandbox/100/cn.alfadb.netbird.e3vpna/data/themes/a/app
CST 2026-07-17 19:58:18.180  4125  4125 W C02c11/APPSPAWN: errno:2 bind mount /data/service/el1/public/themes/100/b/app to /mnt/sandbox/100/cn.alfadb.netbird.e3vpna/data/themes/b/app
CST 2026-07-17 19:58:18.180  4125  4125 W C02c11/APPSPAWN: errno:2 bind mount /data/service/el1/100/for-all-app/fonts to /mnt/sandbox/100/cn.alfadb.netbird.e3vpna/data/service/el1/public/for-all-app/fonts
CST 2026-07-17 19:58:18.180  1522  1522 I A01b0a/GESTURE: [a92ab118da242f2, 16afbfb, 293164b] aiBarViewData --> powerMode:600 thermalLevel:1 isEnterDeliver:false
CST 2026-07-17 19:58:18.180  4125  4125 W C02c11/APPSPAWN: errno:2 bind mount /chip_prod/lib64/passthrough to /mnt/sandbox/100/cn.alfadb.netbird.e3vpna/chip_prod/lib64/passthrough
CST 2026-07-17 19:58:18.181  4125  4125 W C02c11/APPSPAWN: errno:2 bind mount /data/app/el1/bundle/public/com.huawei.hmos.arkwebcorelegacy to /mnt/sandbox/100/cn.alfadb.netbird.e3vpna/data/storage/el1/bundle/arkwebcorelegacy
CST 2026-07-17 19:58:18.181  4125  4125 W C02c11/APPSPAWN: check dir /data/app/el1/bundle/public/com.huawei.hmos.arkwebcorelegacy failed,strerror:No such file or directory
CST 2026-07-17 19:58:18.181  1522  1522 E C03939/AceGeometryTransition: [a92ab118da242f2, 16afbfb, 293164b] [(100000:100000:scope)] redundant node2468 has same geoid: navBarId
CST 2026-07-17 19:58:18.181  4125  4125 W C02c11/APPSPAWN: check dir /data/app/el1/public/aot_compiler/ark_cache/cn.alfadb.netbird.e3vpna failed,strerror:No such file or directory
CST 2026-07-17 19:58:18.181  1522  1522 W A01b01/HOME: [a92ab118da242f2, 16afbfb, 293164b] SCBSceneContainer: [SCBMain] EntryAbility/cn.alfadb.netbird.e3vpnb/entry/0(persistentId: 32)(containerId: 3) enableShow change from true to false. Detail:isPrebuildStageEnableShow:false, showInRecent:false, sceneContainerSession.enableShow:false, showInScrolling:false
CST 2026-07-17 19:58:18.182  1522  1522 E C03947/AceStateMgmt: [a92ab118da242f2, 16afbfb, 293164b] [(100000:100000:scope)] FIX THIS APPLICATION ERROR: @Component 'SCBSceneContainer': State variable 'primarySceneParam' has changed during render! It's illegal to change @Component state while build (initial render or re-render) is on-going. Application error! Current log drops 2 line(s).
CST 2026-07-17 19:58:18.185  1522  1522 E C03947/AceStateMgmt: [a92ab118da242f2, 16afbfb, 293164b] [(100000:100000:scope)] FIX THIS APPLICATION ERROR: @Component 'SCBSceneContainer:: New UINode objects added to update queue while re-render! - Likely caused by @Component state change during build phase, not allowed. Application error! Current log drops 2 line(s).
CST 2026-07-17 19:58:18.186  1522  1522 W A01b01/HOME: [a92ab118da242f2, 16afbfb, 293164b] SCBSceneContainer: [SCBMain] EntryAbility/cn.alfadb.netbird.e3vpna/entry/0(persistentId: 30)(containerId: 2) enableShow change from false to true. Detail:isPrebuildStageEnableShow:false, showInRecent:false, sceneContainerSession.enableShow:true, showInScrolling:false
CST 2026-07-17 19:58:18.187  4125  4125 W C02c11/APPSPAWN: mount /mnt/sandbox/100/cn.alfadb.netbird.e3vpna/mnt/storage/external time 5000 us
CST 2026-07-17 19:58:18.188  1522  1522 I A01b01/HOME: [a92ab118da242f2, 16afbfb, 293164b] SCBSceneContainer: issShowTransitionIconOrCard state is 0, isCombinationIcon:false
CST 2026-07-17 19:58:18.192  4125  4125 W C02c11/APPSPAWN: mount /mnt/sandbox/100/cn.alfadb.netbird.e3vpna/mnt/storage/userExternal time 5000 us
CST 2026-07-17 19:58:18.192  1522  1522 I A01b01/HOME: [a92ab118da242f2, 16afbfb, 293164b] SCBSceneContainer: isAnimSnapshotShow false, isShowContainerSnapshot.
CST 2026-07-17 19:58:18.195  1522  1522 W C0393b/AceWindowScene: [a92ab118da242f2, 16afbfb, 293164b] [(100000:100000:scope)] parentId:2438, nodeId:2439, sessionId:32
CST 2026-07-17 19:58:18.196  1522  1522 I A04200/WINDOW: [a92ab118da242f2, 16afbfb, 293164b] SCBSceneSession: unRegisterAll: 32.
CST 2026-07-17 19:58:18.196  1522  1522 I A04200/WINDOW: [a92ab118da242f2, 16afbfb, 293164b] SCBSceneSession: nativeRefAvailability checking with active:false, refCount:0, reason:scene goto destroy.
CST 2026-07-17 19:58:18.196  1522  1522 I A04200/WINDOW: [a92ab118da242f2, 16afbfb, 293164b] SCBKioskModeManager: sceneType=SCBScene32 unRegisterKioskModeChangeEvent success
CST 2026-07-17 19:58:18.197  1522  1522 I A04200/WINDOW: [a92ab118da242f2, 16afbfb, 293164b] SCBSceneViewModel: release.
CST 2026-07-17 19:58:18.197  4125  4125 W C02c11/APPSPAWN: mount /mnt/sandbox/100/cn.alfadb.netbird.e3vpna/mnt/storage/hmdfs time 5000 us
CST 2026-07-17 19:58:18.197  4125  4125 W C02c11/APPSPAWN: errno:2 bind mount /data/preload/app to /mnt/sandbox/100/cn.alfadb.netbird.e3vpna/data/preload/app
CST 2026-07-17 19:58:18.199  1522  1522 W A01c06/ICON: [a92ab118da242f2, 16afbfb, 293164b] CompanionIcon: loadIconWithCache {"bundleName":"cn.alfadb.netbird.e3vpna","abilityName":"EntryAbility","moduleName":"entry","iconId":"AppIcon_Image_cn.alfadb.netbird.e3vpnaEntryAbilityentry0_undefined_0","iconNumber":16777217,"iconRadius":15.037037037037038,"startAppType":0,"appIndex":0,"shortcutId":"","isSameLocation":false,"iconRect":{"left":24.11428451538086,"top":70.85713958740234,"right":82.11428451538086,"bottom":128.85713958740234,"height":58,"width":58}}
CST 2026-07-17 19:58:18.199  1522  1522 I A01c06/ICON: [a92ab118da242f2, 16afbfb, 293164b] AppIconModel --> bundleName: cn.alfadb.netbird.e3vpna, not in dynamicIconList.
CST 2026-07-17 19:58:18.199  1522  1522 I A01b00/SCB: [a92ab118da242f2, 16afbfb, 293164b] IconResourceManager: getCombIcon is penglai false, **.netbird.e3vpna, entry, EntryAbility, 0, CompanionIcon, false, false
CST 2026-07-17 19:58:18.199  1522  1522 I A01b00/SCB: [a92ab118da242f2, 16afbfb, 293164b] MemoryCache --> getCacheIconPicTypeSync cn.alfadb.netbird.e3vpna
CST 2026-07-17 19:58:18.199  1522  1522 I A01b00/SCB: [a92ab118da242f2, 16afbfb, 293164b] IconResourceManager: isAdaptiveIcon: bundleName cn.alfadb.netbird.e3vpna, isAdaptiveIcon false
CST 2026-07-17 19:58:18.199  1522  1522 W A01c06/ICON: [a92ab118da242f2, 16afbfb, 293164b] CompanionIcon: checkIsAdaptiveIcon, bundleName:cn.alfadb.netbird.e3vpna, isAdaptive:false
CST 2026-07-17 19:58:18.199  1522  1522 W A01c06/ICON: [a92ab118da242f2, 16afbfb, 293164b] CompanionIcon: non adaptive icon, comIcon is null: true
CST 2026-07-17 19:58:18.199  1522  1522 I A01b00/SCB: [a92ab118da242f2, 16afbfb, 293164b] MemoryCache --> getCacheIconPicTypeSync cn.alfadb.netbird.e3vpna
CST 2026-07-17 19:58:18.199  1522  1522 I A01b00/SCB: [a92ab118da242f2, 16afbfb, 293164b] IconResourceManager: isAdaptiveIcon: bundleName cn.alfadb.netbird.e3vpna, isAdaptiveIcon false
CST 2026-07-17 19:58:18.199  1522  1522 W A01c06/ICON: [a92ab118da242f2, 16afbfb, 293164b] CompanionIcon: checkIsAdaptiveIcon, bundleName:cn.alfadb.netbird.e3vpna, isAdaptive:false
CST 2026-07-17 19:58:18.199  1522  1522 W A01c06/ICON: [a92ab118da242f2, 16afbfb, 293164b] CompanionIcon: start calcCardAnimParams componentId: AppIcon_Image_cn.alfadb.netbird.e3vpnaEntryAbilityentry0_undefined_0
CST 2026-07-17 19:58:18.199  1522  1522 I A01c06/ICON: [a92ab118da242f2, 16afbfb, 293164b] CompanionIcon: get iconRect: rect left:24.11428451538086, top:70.85713958740234, right:82.11428451538086, bottom:128.85713958740234, width:58, height:58
CST 2026-07-17 19:58:18.199  1522  1522 I A01b00/SCB: [a92ab118da242f2, 16afbfb, 293164b] LuoShuStateManager --> getLuoShuStateInfo: CompanionIcon {"luoShuState":0,"scenePanelState":1,"eventType":-1,"screenInfo":{"isLandscape":false,"foldState":1},"screenId":0,"holdingHandStatus":1}
CST 2026-07-17 19:58:18.199  1522  1522 I A01c06/ICON: [a92ab118da242f2, 16afbfb, 293164b] CompanionIcon: isCustomWindow false
CST 2026-07-17 19:58:18.199  1522  1522 I A01c06/ICON: [a92ab118da242f2, 16afbfb, 293164b] CompanionIcon: calcCardAnimParams this.isRelativeVerticalScreen: true, isNeedRotateIcon: false cardAlign: 0
CST 2026-07-17 19:58:18.199  1522  1522 I A01c06/ICON: [a92ab118da242f2, 16afbfb, 293164b] CompanionIcon: finish calcCardAnimParams 14.068965517241379
CST 2026-07-17 19:58:18.199  1522  1522 I A01b00/SCB: [a92ab118da242f2, 16afbfb, 293164b] LuoShuStateManager --> getLuoShuStateInfo: CompanionIcon {"luoShuState":0,"scenePanelState":1,"eventType":-1,"screenInfo":{"isLandscape":false,"foldState":1},"screenId":0,"holdingHandStatus":1}
CST 2026-07-17 19:58:18.199  1522  1522 I A01c06/ICON: [a92ab118da242f2, 16afbfb, 293164b] CompanionIcon: isCustomWindow false
CST 2026-07-17 19:58:18.200  1522  1522 I A01c06/ICON: [a92ab118da242f2, 16afbfb, 293164b] CompanionIcon: setShortWidth: 377.14285714285717
CST 2026-07-17 19:58:18.200  1522  1522 I A01c06/ICON: [a92ab118da242f2, 16afbfb, 293164b] CompanionIcon: aboutToAppear moduleName: entry, bundleName: cn.alfadb.netbird.e3vpna, startAppType: 0
CST 2026-07-17 19:58:18.200  1522  1522 I A04200/WINDOW: [a92ab118da242f2, 16afbfb, 293164b] SCBSSM: Register func type: 23 with screenId: 0 success.
CST 2026-07-17 19:58:18.200  1522  1522 I A04200/WINDOW: [a92ab118da242f2, 16afbfb, 293164b] SCBSSM: Register func type: 14 with screenId: 0 success.
CST 2026-07-17 19:58:18.200  1522  1522 I A01b00/SCB: [a92ab118da242f2, 2653875, 16afbfb] MemoryCache --> getCombIcon cacheKey cn.alfadb.netbird.e3vpna#entryEntryAbility0
CST 2026-07-17 19:58:18.200  1522  1522 W A01b00/SCB: [a92ab118da242f2, 1845597, 2653875] IconResourceManager: combIcon is empty: false, bundleName: **.netbird.e3vpna
CST 2026-07-17 19:58:18.204  4125  4125 W C02c11/APPSPAWN: mount /mnt/sandbox/100/cn.alfadb.netbird.e3vpna/mnt/storage/ANCO_APP_DATA time 5000 us
CST 2026-07-17 19:58:18.206  4125  4125 E C02c11/APPSPAWN: [sandbox_dec.c:180]open dec file fail.
CST 2026-07-17 19:58:18.207  4125  4125 I C05a03/Selinux: Hap type for cn.alfadb.netbird.e3vpna is changing from u:r:appspawn:s0 to o:r:debug_hap:s0:x94,x334,x512,x868,x1024
CST 2026-07-17 19:58:18.207  4125  4125 I C05a03/Selinux: Hap setcon finish for cn.alfadb.netbird.e3vpna
CST 2026-07-17 19:58:18.208  1522  1522 I A04200/WINDOW: [a92ab118da242f2, 16afbfb, 293164b] SCBSceneViewModel: init.
CST 2026-07-17 19:58:18.208  1522  1522 I A04200/WINDOW: [a92ab118da242f2, 16afbfb, 293164b] SCBSceneSession: registerOnUpdateSessionIconCallback
CST 2026-07-17 19:58:18.208  1522  1522 W A04200/WINDOW: [a92ab118da242f2, 16afbfb, 293164b] SCBSceneSession: registerCreateSubSessionCallback, id: 30, on panel: undefined
CST 2026-07-17 19:58:18.208  1522  1522 I A04200/WINDOW: [a92ab118da242f2, 16afbfb, 293164b] SCBSceneSession: [SCBDialog] registerCreateDialogCallback, id: 30, on panel: undefined
CST 2026-07-17 19:58:18.208  1522  1522 I A04200/WINDOW: [a92ab118da242f2, 16afbfb, 293164b] SCBSceneSession: registerSessionTouchableChangeCallback
CST 2026-07-17 19:58:18.208  1522  1522 I A04200/WINDOW: [a92ab118da242f2, 16afbfb, 293164b] SCBSceneSession: registerSessionSystemBarPropertyCallback
CST 2026-07-17 19:58:18.208  1522  1522 I A04200/WINDOW: [a92ab118da242f2, 16afbfb, 293164b] SCBSceneSession: registerUpdatePiPTemplateInfoCallback, persistentId: 30
CST 2026-07-17 19:58:18.209   605   611 W C02515/DISP: [SetLayerMaskInfo:495] <private> is not supported
CST 2026-07-17 19:58:18.209  1522  1522 I A04200/WINDOW: [a92ab118da242f2, 16afbfb, 293164b] SCBKioskModeManager: sceneType=SCBScene30 registerKioskModeChangeEvent success.
CST 2026-07-17 19:58:18.209   605  1000 I C02515/DISP: [CommitComposeLayer:67] CommitComposeLayer! 10
CST 2026-07-17 19:58:18.210  1522  2129 I C0420a/WMSLife: [a92ab118da242f2, 19835f9, 16afbfb] NotifyWindowAttachStateChange, persistentId:30
CST 2026-07-17 19:58:18.210   769   769 E C01406/RSScreenManager: IsAllScreensPowerOff: screenPowerStatus_ is empty.
CST 2026-07-17 19:58:18.211  4125  4125 I C05a05/SecCompEnhanceClient: [RegisterCheckCallback]Register secComp: sessionId=4258976613, seqNum=******554.
CST 2026-07-17 19:58:18.212   314   607 I C05a01/ATM: [RegisterSecCompEnhance]Register sec comp enhance success, pid 4125, total 11.
CST 2026-07-17 19:58:18.212  1522  1522 I C01406/OHOS::RS: [a92ab118da242f2, 16afbfb, 293164b] RSTransactionHandler::Begin syncId:0, transactionHandler:4191975529, remoteTransactionDataStack.size:0
CST 2026-07-17 19:58:18.212  1522  1522 I C01406/OHOS::RS: [a92ab118da242f2, 16afbfb, 293164b] RSTransactionHandler::Commit transactionHandler:4191975529
CST 2026-07-17 19:58:18.212  1522  1522 I C01406/OHOS::RS: [a92ab118da242f2, 16afbfb, 293164b] RSSurfaceNode::~RSSurfaceNode, Node: 6536940225377, Name: WindowScene_e3vpna30
CST 2026-07-17 19:58:18.213  1522  1522 W C01406/OHOS::RS: [a92ab118da242f2, 16afbfb, 293164b] RSNodeMap::UnregisterNode: node id 6536940225377 not found
CST 2026-07-17 19:58:18.213  1522  1522 I C04204/WMSScb: [a92ab118da242f2, 16afbfb, 293164b] GetSurfaceNode: id: 30, surfaceNode: RSNode is null, original: RSUIContext [token: 6536940224513, tid: 1522]
CST 2026-07-17 19:58:18.213  1522  1522 W C0393b/AceWindowScene: [a92ab118da242f2, 16afbfb, 293164b] [(100000:100000:scope)] OnAttachToFrameNode id: 30, node id: 2533, name: cn.alfadb.netbird.e3vpna, state: 0, in recents: 0, appLockControl: 0, prelaunch: 0
CST 2026-07-17 19:58:18.213  1522  1522 I C04216/WMSPattern: [a92ab118da242f2, 16afbfb, 293164b] GetCallerSessionColorMode: bundle cn.alfadb.netbird.e3vpna, caller 
CST 2026-07-17 19:58:18.213  1522  1522 I C04216/WMSPattern: [a92ab118da242f2, 16afbfb, 293164b] GetIsDarkFromConfiguration: colorMode: light
CST 2026-07-17 19:58:18.213  4125  4125 I C02d0b/HICHECKER: hichecker param is empty.
CST 2026-07-17 19:58:18.213  1522  1522 I C04216/WMSPattern: [a92ab118da242f2, 16afbfb, 293164b] GetIsDarkFromConfiguration: colorMode: light
CST 2026-07-17 19:58:18.213  1522  1522 I C04216/WMSPattern: [a92ab118da242f2, 16afbfb, 293164b] GetStartWindowColorFollowApp: follow sys: cn.alfadb.netbird.e3vpna
CST 2026-07-17 19:58:18.213  1522  1522 W C04216/WMSPattern: [a92ab118da242f2, 16afbfb, 293164b] GetStartingWindowInfoFromCache: fff2f6f8, resource:///16777217.svg, 0, , 0
CST 2026-07-17 19:58:18.213  1522  1522 I C04216/WMSPattern: [a92ab118da242f2, 16afbfb, 293164b] GetPreloadStartingWindow: svgBufferInfo 30
CST 2026-07-17 19:58:18.213  4125  4125 I C04500/webview: SelectWebcoreBeforeProcessRun: SelectWebcoreBeforeProcessRun for app cn.alfadb.netbird.e3vpna.
CST 2026-07-17 19:58:18.213  1522  1522 I C04216/WMSPattern: [a92ab118da242f2, 16afbfb, 293164b] GetCallerSessionColorMode: bundle cn.alfadb.netbird.e3vpna, caller 
CST 2026-07-17 19:58:18.213  1522  1522 I C04216/WMSPattern: [a92ab118da242f2, 16afbfb, 293164b] GetIsDarkFromConfiguration: colorMode: light
CST 2026-07-17 19:58:18.213  4125  4125 I C04500/webview: CalculateActiveWebEngineVersion: CalculateActiveWebEngineVersion, enforce EVERGREEN
CST 2026-07-17 19:58:18.213  1522  1522 I C04216/WMSPattern: [a92ab118da242f2, 16afbfb, 293164b] GetIsDarkFromConfiguration: colorMode: light
CST 2026-07-17 19:58:18.213  1522  1522 I C04216/WMSPattern: [a92ab118da242f2, 16afbfb, 293164b] GetStartWindowColorFollowApp: follow sys: cn.alfadb.netbird.e3vpna
CST 2026-07-17 19:58:18.213  1522  1522 I C04216/WMSPattern: [a92ab118da242f2, 16afbfb, 293164b] ResetPreloadStartingWindow: 30
CST 2026-07-17 19:58:18.213  1522  1522 I C0393b/AceWindowScene: [a92ab118da242f2, 16afbfb, 293164b] [(100000:100000:scope)] use preload buffer id:30
CST 2026-07-17 19:58:18.213  4125  4646 W C057c1/IPCWorkThread: ThreadHandler: proto:0 policy:1 name:OS_IPC_0_4646 invoker:14666576
CST 2026-07-17 19:58:18.213   164   164 I C02c11/APPSPAWN: Child process:cn.alfadb.netbird.e3vpna success pid:4125 appId:27 result:0
CST 2026-07-17 19:58:18.213   164   164 I C02c11/APPSPAWN: Add cn.alfadb.netbird.e3vpna,pid=4125 success
CST 2026-07-17 19:58:18.213   164   164 I C02c11/APPSPAWN: watch app process pid:4125,pidFd:40
CST 2026-07-17 19:58:18.213   164   164 E C02c11/APPSPAWN: [appspawn_cgroup.c:54]Failed to open file errno: 2 path: /dev/pids/100/cn.alfadb.netbird.e3vpna/app_4125/cgroup.procs
CST 2026-07-17 19:58:18.213   164   164 E C02c11/APPSPAWN: [appspawn_cgroup.c:158]write pid to cgroup.procs fail /dev/pids/100/cn.alfadb.netbird.e3vpna/app_4125/cgroup.procs
CST 2026-07-17 19:58:18.213   164   164 I C02c11/APPSPAWN: SendMessageComplete connectionId:3 result:0 app:cn.alfadb.netbird.e3vpna pid:4125
CST 2026-07-17 19:58:18.213   770  4609 I C02c11/APPSPAWN_CLIENT: [a92ab118da242f2, 3d23e3, 3130151] AppSpawnClientSendMsg reqId:28 fd:141 end result:0x0 pid:4125
CST 2026-07-17 19:58:18.213   770  4609 I C01311/AppMS: [a92ab118da242f2, 3d23e3, 3130151] [ASC667]pid4125
CST 2026-07-17 19:58:18.213   770  4609 I C01311/AppMS: [a92ab118da242f2, 3d23e3, 3130151] [AMSI5724]spawned pname_cn.alfadb.netbird.e3vpna, pid_4125, idx_0
CST 2026-07-17 19:58:18.214  1522  1522 I C0393b/AceWindowScene: [a92ab118da242f2, 16afbfb, 293164b] [(100000:100000:scope)] AddChild StartingWindow, 2533
CST 2026-07-17 19:58:18.214   775  1087 I C02b91/AVSession: [a92ab118da242f2, 234785, 3d23e3] [HandleAppStateChanged]uid=20020062|pid=4125|state=0
CST 2026-07-17 19:58:18.214   770  4609 W C01336/AMS: [a92ab118da242f2, 3d23e3, 3130151] [resident_process_manager.cpp269]rdbResult: 5
CST 2026-07-17 19:58:18.215   770  4609 W C01123/BMSCommon: [a92ab118da242f2, 3563efe, 3d23e3] uid(2000) invalid
CST 2026-07-17 19:58:18.215  1522  1522 I A01b00/SCB: [a92ab118da242f2, 16afbfb, 293164b] LuoShuStateManager --> getLuoShuStateInfo: WMUtils {"luoShuState":0,"scenePanelState":1,"eventType":-1,"screenInfo":{"isLandscape":false,"foldState":1},"screenId":0,"holdingHandStatus":1}
CST 2026-07-17 19:58:18.217   209   209 I C02b83/AudioServiceAppStateListener: [a92ab118da242f2, 1e17b6d, 3d23e3] [OnAppStateChanged]app state changed, bundleName=cn.alfadb.netbird.e3vpna uid=20020062 pid=4125 state=0
CST 2026-07-17 19:58:18.217   775  1087 I C02b91/AVSession: [a92ab118da242f2, 2055707, 2d77bef] [HandleAppStateChanged]uid=20020062|pid=4125|state=99
CST 2026-07-17 19:58:18.217   305   373 E C01704/TagSched: [a92ab118da242f2, 3d3374a, 18a7136] [OpenQosCtrl]Failed to open qos_ctrl device
CST 2026-07-17 19:58:18.217   305   373 E C01704/TagSched: [a92ab118da242f2, 3d3374a, 18a7136] [IsQosHandleOpen]get qosSetHandle_ fail
CST 2026-07-17 19:58:18.217   305   373 E C01704/TagSched: [a92ab118da242f2, 3d3374a, 18a7136] [SetQosInternal]qosSetHandle open fail
CST 2026-07-17 19:58:18.217   305   550 I C01706/ueaServer-FrameMsgIntf: [a92ab118da242f2, 466e45, 39bd8c2] ReportProcessInfo pid is 4125, uid is 20020062
CST 2026-07-17 19:58:18.217  1522  1522 I C01406/RSNode: [a92ab118da242f2, 16afbfb, 293164b] RSNode::AddChild, Id: 6536940225426, SurfaceNode:[Id: 6536940225427, name: WindowScene_e3vpna30]
CST 2026-07-17 19:58:18.217   305   550 E C01706/qos_manager: [a92ab118da242f2, 23a9af6, 466e45] thread 550 belong to user 1096 open auth node failed
CST 2026-07-17 19:58:18.217   305   550 E C01706/ueaServer-IntelliSenseServer: [a92ab118da242f2, 23a9af6, 466e45] auth_enable 4125 failed
CST 2026-07-17 19:58:18.217   305   550 I C01706/ueaServer-IntelliSenseServer: [a92ab118da242f2, 23a9af6, 466e45] Get app info:4125 20020062 cn.alfadb.netbird.e3vpna 0
CST 2026-07-17 19:58:18.218   770  4609 I C01311/AppMS: [a92ab118da242f2, 19d6649, 3d23e3] [ASOM755]b:cn.alfadb.netbird.e3vpna pid:4125 u:20020062 pt:0 et:255 pName:cn.alfadb.netbird.e3vpna ru:-1 tMode:0 cPid:4636 cU:2000
CST 2026-07-17 19:58:18.218  1522  1522 W C0393b/AceWindowScene: [a92ab118da242f2, 16afbfb, 293164b] [(100000:100000:scope)] OnDetachFromFrameNode id: 32, node id: 2439, type: 1, name: cn.alfadb.netbird.e3vpnb
CST 2026-07-17 19:58:18.218  1522  1522 I C04202/WMSMain: [a92ab118da242f2, 16afbfb, 293164b] SetShowRecent: in recents: 0, id: 32
CST 2026-07-17 19:58:18.219  1522  1522 I C01406/OHOS::RS: [a92ab118da242f2, 16afbfb, 293164b] RSSurfaceNode::~RSSurfaceNode, Node: 15573551415298, Name: e3vpnb0
CST 2026-07-17 19:58:18.219  1522  1522 W C01406/OHOS::RS: [a92ab118da242f2, 16afbfb, 293164b] RSNodeMap::UnregisterNode: node id 15573551415298 not found
CST 2026-07-17 19:58:18.219  1522  1522 I A04200/WINDOW: [a92ab118da242f2, 16afbfb, 293164b] SCBSPM: onBlurTransitionActive blurScale:1 source:SCBScenePanel > startBlurAnimation leg 1 isForegroundBlurActive:false
CST 2026-07-17 19:58:18.219  1522  1522 W A01b09/RECENT: [a92ab118da242f2, 16afbfb, 293164b] SCBScenePanelSession: setBgBlurScale, blurScale: 0 to 1,caller function name: SCBScenePanel > startBlurAnimation leg 1
CST 2026-07-17 19:58:18.219   305   550 I C01744/PerformanceEnhance: [a92ab118da242f2, 205f886, 38f826c] [HandleProcessStateChange]process create 4125
CST 2026-07-17 19:58:18.219   305   374 I C01705/EXACT_PREREAD: [a92ab118da242f2, 218e3ca, 5237fb] [(StartAppStartupCollectWork):678] uid: 20020062 pid: 4125 appStartupScene: cn.alfadb.netbird.e3vpna/cn.alfadb.netbird.e3vpna
CST 2026-07-17 19:58:18.219   305   374 E C01705/EXACT_PREREAD: [a92ab118da242f2, 218e3ca, 5237fb] [(StartAppStartupCollectWork):210] check workstate or bind monitor failed.
CST 2026-07-17 19:58:18.220   305   550 I C01731/SUSPEND_MSG: [a92ab118da242f2, 21e58d6, 38f826c] 20020062_cn.alfadb.netbird.e3vpna_4125 create, type:0_255_0
CST 2026-07-17 19:58:18.220   305   550 E C01713/SUSPEND_MANAGER: [a92ab118da242f2, 21e58d6, 38f826c] [(SendProcessEvent):1167] suspend manager is not ready.
CST 2026-07-17 19:58:18.220   305   374 I C01706/ueaServer-IntelliSenseServer: [a92ab118da242f2, 67ad15, 302d69] ProcessInfo NewAppRecord
CST 2026-07-17 19:58:18.220  1522  1522 I A01b00/SCB: [a92ab118da242f2, 16afbfb, 293164b] PerformanceReporter: exitScene:64, currentMemScene:33
CST 2026-07-17 19:58:18.220   305   552 I C01702/CgroupEventHandler: [a92ab118da242f2, 2a8475b, 305e653] HandleProcessCreated : 20020062, 4125, 0, 0, cn.alfadb.netbird.e3vpna, 255, cn.alfadb.netbird.e3vpna
CST 2026-07-17 19:58:18.220   305   552 E C01702/CGS: [a92ab118da242f2, 2a8475b, 305e653] AddTidToCgroup failed to write; fd = 78, errno = 13
CST 2026-07-17 19:58:18.220   305   552 E C01702/CGS: [a92ab118da242f2, 2a8475b, 305e653] AddTidToCgroup failed to write; fd = 89, errno = 13
CST 2026-07-17 19:58:18.220  1522  1522 I A01b09/RECENT: [a92ab118da242f2, 16afbfb, 293164b] RecentPanelViewModel: setScenePanelTouchableByNavigation is false, scenePanelState is 1 isTouchableByNavBar:false isTouchable:undefined
CST 2026-07-17 19:58:18.220  1522  1522 I A04204/WMSScb: [a92ab118da242f2, 16afbfb, 293164b] setSessionTouchable:false this.sessionChangeCallback:undefined
CST 2026-07-17 19:58:18.220   305   552 I C01702/CgroupAdjuster: [a92ab118da242f2, 2a8475b, 305e653] ApplyProcessGroup:4125's cgroup from 255 to 0. Reason:20002. Event:3
CST 2026-07-17 19:58:18.220   305   374 I C01704/TagSched: [a92ab118da242f2, 30d3812, 2a8475b] [ReportCgroupInfo]ReportCgroupInfo: pid:4125 from 255 to 0 withSuppressType: 0
CST 2026-07-17 19:58:18.220  1522  1522 I A04223/SCBMain: [a92ab118da242f2, 16afbfb, 293164b] notifyForegroundInteractiveStatus, persistentId:30 interactive:true
CST 2026-07-17 19:58:18.220   305   374 I C01706/ueaServer-FrameMsgIntf: [a92ab118da242f2, 3db09b4, 2a8475b] CgroupChanged pid is 4125, uid is 20020062, oldGroup is 255, newGroup is 0
CST 2026-07-17 19:58:18.220   305   374 E C01704/TagSched: [a92ab118da242f2, 278399, 30d3812] [OpenQosCtrl]Failed to open qos_ctrl device
CST 2026-07-17 19:58:18.220   305   374 E C01704/TagSched: [a92ab118da242f2, 278399, 30d3812] [IsQosHandleOpen]get qosSetHandle_ fail
CST 2026-07-17 19:58:18.220   305   374 E C01704/TagSched: [a92ab118da242f2, 278399, 30d3812] [SetQosInternal]qosSetHandle open fail
CST 2026-07-17 19:58:18.221   248  1179 I C02699/MM: [a92ab118da242f2, 2346e58, 19d6649] OnProcessCreated 20020062,4125,cn.alfadb.netbird.e3vpna,cn.alfadb.netbird.e3vpna,0,0,0,0,-1,-1
CST 2026-07-17 19:58:18.221  4125  4125 I C01317/AppKit: [MTHRD3220]mainthread start, pid:4125
CST 2026-07-17 19:58:18.221  1522  1522 I A01b01/HOME: [a92ab118da242f2, 16afbfb, 293164b] SCBSPVM: close formservice and managerview when fullscene
CST 2026-07-17 19:58:18.221  1522  1522 I A01b0a/GESTURE: [a92ab118da242f2, 16afbfb, 293164b] FlowLightManager --> SCBSPVM updateFlowLightOpacity 1
CST 2026-07-17 19:58:18.221  1522  1522 I A01a00/SYS_UI: [a92ab118da242f2, 16afbfb, 293164b] OverlayStartAnimHelper: checkStartOverlayTransitionIn
CST 2026-07-17 19:58:18.221  1522  1522 E A01a00/SYS_UI: [a92ab118da242f2, 16afbfb, 293164b] OverlayStartAnimHelper: overlayCardInfo is invalid
CST 2026-07-17 19:58:18.221  1522  1522 I A04200/WINDOW: [a92ab118da242f2, 16afbfb, 293164b] SCBSSM: resetStartingSceneFromPiP
CST 2026-07-17 19:58:18.221  1522  1522 I A01b01/HOME: [a92ab118da242f2, 16afbfb, 293164b] SCBSPVM: Not SmartKey quickAccessMenu
CST 2026-07-17 19:58:18.221  1522  1522 W A01b01/HOME: [a92ab118da242f2, 16afbfb, 293164b] SCBSPVM: [SCBMain]onStartSceneFromOther !isActive call sceneContainerZoomIn
CST 2026-07-17 19:58:18.221  1522  1522 I A04200/WINDOW: [a92ab118da242f2, 16afbfb, 293164b] SCBFloatManager: minimizeAllFloatContainer reason:minimizeAllFloatWindowFromFullScreen
CST 2026-07-17 19:58:18.222  1522  1522 I A01b01/HOME: [a92ab118da242f2, 16afbfb, 293164b] SCBSCS: initSmallFolderBg isExitToSmallFolder: false
CST 2026-07-17 19:58:18.222  1522  1522 W A01b01/HOME: [a92ab118da242f2, 16afbfb, 293164b] SCBSCS: [SCBScenePanelViewModel] sceneAlpha from 1 to 0. reason: sceneContainerZoomIn, extra: EntryAbility/cn.alfadb.netbird.e3vpna/entry/0(persistentId: 30)(containerId: 2)
CST 2026-07-17 19:58:18.222  1522  1522 W A04202/WMSMain: [a92ab118da242f2, 16afbfb, 293164b] add failed. EntryAbility/cn.alfadb.netbird.e3vpna/entry/0(persistentId: 30)(containerId: 2) already existed in array
CST 2026-07-17 19:58:18.222  1522  1522 I A04200/WINDOW: [a92ab118da242f2, 16afbfb, 293164b] SCBSceneRecentMissionManager: add id 30 to recentMissionIdSet
CST 2026-07-17 19:58:18.222  1522  1522 I A04200/WINDOW: [a92ab118da242f2, 16afbfb, 293164b] SCBSPM: Remove container id: 2, 30
CST 2026-07-17 19:58:18.222  1522  1522 I A01b09/RECENT: [a92ab118da242f2, 16afbfb, 293164b] RecentDockRefreshAlarm: refresh recent dock: EntryAbility/cn.alfadb.netbird.e3vpna/entry/0(persistentId: 30)(containerId: 2)
CST 2026-07-17 19:58:18.222  1522  1522 I A01b09/RECENT: [a92ab118da242f2, 16afbfb, 293164b] RecentDockRefreshAlarm: start alarm recent dock: EntryAbility/cn.alfadb.netbird.e3vpna/entry/0(persistentId: 30)(containerId: 2)
CST 2026-07-17 19:58:18.223  1522  1522 W A01b01/HOME: [a92ab118da242f2, 16afbfb, 293164b] SCBSCS: Add count 2, 0
CST 2026-07-17 19:58:18.223  1522  1522 I A01b01/HOME: [a92ab118da242f2, 16afbfb, 293164b] SCBTM: Add count 2, 0
CST 2026-07-17 19:58:18.223  1522  1522 W A01b01/HOME: [a92ab118da242f2, 16afbfb, 293164b] SCBSCS: getTransitionCount from session 2, 1
CST 2026-07-17 19:58:18.223  1522  1522 W A01b01/HOME: [a92ab118da242f2, 16afbfb, 293164b] SCBTM: getTransitionCount from animationMap 2, 1
CST 2026-07-17 19:58:18.223  1522  1522 I A01b01/HOME: [a92ab118da242f2, 16afbfb, 293164b] SCBScenePanelAnimator: persistentId: 30 callerPersistentId: 0 activePersistentId: undefined
CST 2026-07-17 19:58:18.223  1522  1522 I A01b00/SCB: [a92ab118da242f2, 16afbfb, 293164b] LuoShuStateManager --> getLuoShuStateInfo: SCBScenePanelAnimator {"luoShuState":0,"scenePanelState":1,"eventType":-1,"screenInfo":{"isLandscape":false,"foldState":1},"screenId":0,"holdingHandStatus":1}
CST 2026-07-17 19:58:18.223  1522  1522 I A01b01/HOME: [a92ab118da242f2, 16afbfb, 293164b] SCBScenePanelAnimator: sceneContainerZoomIn
CST 2026-07-17 19:58:18.223  1522  1522 W A01b01/HOME: [a92ab118da242f2, 16afbfb, 293164b] SCBTM: notifySceneTransitionIn isTransitionInFromOther: true
CST 2026-07-17 19:58:18.223  1522  1522 I A01b01/HOME: [a92ab118da242f2, 16afbfb, 293164b] SCBTM: isNotSameBundleName
CST 2026-07-17 19:58:18.223  1522  1522 I A01b01/HOME: [a92ab118da242f2, 16afbfb, 293164b] SCBTM: cancelAndResetCloseAppAnimate use cancelCloseAppAnimate
CST 2026-07-17 19:58:18.223  1522  1522 I A01b01/HOME: [a92ab118da242f2, 16afbfb, 293164b] SCBTM: cancelCloseAppAnimate, cancelCloseAppAnimateFun is empty: false
CST 2026-07-17 19:58:18.223  1522  1522 I A01b01/HOME: [a92ab118da242f2, 16afbfb, 293164b] SCBSPVM: sceneContainerTransitionReset
CST 2026-07-17 19:58:18.223  1522  1522 W A0421d/WMSRotation: [a92ab118da242f2, 16afbfb, 293164b] [setRotatoinExclusive] set sensor rotate exclusive:true, Description:sceneContainerTransitionReset
CST 2026-07-17 19:58:18.223  1522  1522 I A04200/WINDOW: [a92ab118da242f2, 16afbfb, 293164b] SCBSPVM: sceneContainerTransitionReset smallFolderId:undefined,curOpenFolderId: -1
CST 2026-07-17 19:58:18.223  1522  1522 W A01c06/ICON: [a92ab118da242f2, 16afbfb, 293164b] AppIconCommonEvent --> onInactive bundleName:cn.alfadb.netbird.e3vpnb, [SCBSPVM] set icon from hidden to [show], caller: sceneContainerTransitionReset, extra info: undefined.
CST 2026-07-17 19:58:18.223  1522  1522 W A01c06/ICON: [a92ab118da242f2, 16afbfb, 293164b] AppIconData --> [SCBSPVM] set icon opacity from [0] to [1], caller: sceneContainerTransitionReset, extra: undefined, iconId: AppIcon_Image_cn.alfadb.netbird.e3vpnbEntryAbilityentry0_undefined_0
CST 2026-07-17 19:58:18.224  1522  1522 W A01b01/HOME: [a92ab118da242f2, 16afbfb, 293164b] SCBSCS: [SCBSPVM] sceneAlpha from 1 to 0. reason: sceneContainerTransitionReset, extra: EntryAbility/cn.alfadb.netbird.e3vpnb/entry/0(persistentId: 32)(containerId: 3)
CST 2026-07-17 19:58:18.224   305   366 I C01718/StandbyService: [a92ab118da242f2, a1bcea, 228abce] [OnProcessStatusChanged:938] process status change, uid: 20020062, pid: 4125, name: cn.alfadb.netbird.e3vpna, alive: 1
CST 2026-07-17 19:58:18.224  1522  1522 W A0421e/WMSAnimation: [a92ab118da242f2, 16afbfb, 293164b] transitionOutFinish, id: 3
CST 2026-07-17 19:58:18.224  1522  1522 W A01b01/HOME: [a92ab118da242f2, 16afbfb, 293164b] SCBTM: getTransitionCount from animationMap 3, 1
CST 2026-07-17 19:58:18.224  1522  1522 I A01b01/HOME: [a92ab118da242f2, 16afbfb, 293164b] SCBTM: cleanTransition isCurrentController:true, updateAnimSwipe: true, appIconId:AppIcon_Image_cn.alfadb.netbird.e3vpnbEntryAbilityentry0_undefined_0
CST 2026-07-17 19:58:18.224   209   209 W C02b8b/DfxMsgManager: [a92ab118da242f2, 1e17b6d, 3d23e3] [UpdateAppState]discard repeated app state
CST 2026-07-17 19:58:18.224   209   209 I C02b83/AudioServiceAppStateListener: [a92ab118da242f2, 2ffe9a1, 2d77bef] [OnAppStateChanged]app state changed, bundleName=cn.alfadb.netbird.e3vpna uid=20020062 pid=4125 state=99
CST 2026-07-17 19:58:18.224   248   277 I C02699/MM: [a92ab118da242f2, 33ba4c4, 2346e58] UpdatePriorityLocked CRE: 4125, 20020062, 0, [], 00000
CST 2026-07-17 19:58:18.224  1522  1522 W A01b01/HOME: [a92ab118da242f2, 16afbfb, 293164b] SCBSCS: [SCBSCS] sceneAlpha from 0 to 1. reason: init, extra: EntryAbility/cn.alfadb.netbird.e3vpnb/entry/0(persistentId: 32)(containerId: 3)
CST 2026-07-17 19:58:18.224  1522  1522 I A01b01/HOME: [a92ab118da242f2, 16afbfb, 293164b] SCBSCS: initSmallFolderBg isExitToSmallFolder: false
CST 2026-07-17 19:58:18.224  4125  4125 I C01317/AppKit: [MTHRD431]attach
CST 2026-07-17 19:58:18.224  1522  1522 I A01b01/HOME: [a92ab118da242f2, 16afbfb, 293164b] SCBTM: cancelAndResetCloseAppAnimate change currentTransitionController
CST 2026-07-17 19:58:18.224  1522  1522 I A01b01/HOME: [a92ab118da242f2, 16afbfb, 293164b] SCBTM: cleanTransition ignore
CST 2026-07-17 19:58:18.224  1522  1522 I A0001b/AA: [a92ab118da242f2, 16afbfb, 293164b] OutSideWindowManager: globalSearchStatus: 0
CST 2026-07-17 19:58:18.225  1522  1522 I C03930/AceAnimation: [a92ab118da242f2, 16afbfb, 293164b] [(100000:100000:scope)] animateTo starts, dur:1000, curve:responsiveSpring(0.260,1.157,0.000), delay:50, cnt:49
CST 2026-07-17 19:58:18.226  4125  4649 I C02d06/XCollie: init default task finished.
CST 2026-07-17 19:58:18.226  4125  4647 W C057c1/IPCWorkThread: ThreadHandler: proto:0 policy:0 name:OS_IPC_1_4647 invoker:14667152
CST 2026-07-17 19:58:18.226  1522  1522 I A01b01/HOME: [a92ab118da242f2, 16afbfb, 293164b] SCBSceneContainer: issShowTransitionIconOrCard state is 0, isCombinationIcon:false
CST 2026-07-17 19:58:18.226   770  4608 W C01300/AAFwk: [event_handler_wrap.cpp118]can't find event: 14_4125 
CST 2026-07-17 19:58:18.226   770  4608 I C01311/AppMS: [AMSI2581]attach cn.alfadb.netbird.e3vpna pid:4125
CST 2026-07-17 19:58:18.227  1522  1522 I C0392c/AceForEach: [a92ab118da242f2, 16afbfb, 293164b] [(100000:100000:scope)] ForEachNode skip mark dirty. Id[2488], Ids.size[1]
CST 2026-07-17 19:58:18.227   776  3172 I C01409/APS_MANAGER: [a92ab118da242f2, 209097e, 216ecf2] SetScene pkgName = com.ohos.sceneboard, scene = START_APP_ANIMATION, state = 1
CST 2026-07-17 19:58:18.227   776  3172 W C01409/APS_MANAGER: [a92ab118da242f2, 209097e, 216ecf2] FrameRateControl removeSceneInfo: unknow scene!
CST 2026-07-17 19:58:18.227   770  4609 W C01123/BMSCommon: [a92ab118da242f2, 90119b, 3d23e3] uid(2000) invalid
CST 2026-07-17 19:58:18.227  1522  1522 I A01b01/HOME: [a92ab118da242f2, 16afbfb, 293164b] SCBSceneContainer: isAnimSnapshotShow false, isShowContainerSnapshot.
CST 2026-07-17 19:58:18.228   315  3657 I C015b5/NetMgrEnhanced: [a92ab118da242f2, 27c3955, 20a356b] OnAppStarted appName:cn.alfadb.netbird.e3vpna uid:20020062 pid:4125 state:0
CST 2026-07-17 19:58:18.229  1522  1522 W C0393b/AceWindowScene: [a92ab118da242f2, 16afbfb, 293164b] [(100000:100000:scope)] parentId:2532, nodeId:2533, sessionId:30
CST 2026-07-17 19:58:18.229  1522  2129 E C04203/WMSSub: [a92ab118da242f2, 19835f9, 16afbfb] NotifyWindowAttachStateChange: SendRequest failed
CST 2026-07-17 19:58:18.229  1522  2129 I C0420a/WMSLife: [a92ab118da242f2, 2202343, 16afbfb] NotifyWindowAttachStateChange, persistentId:32
CST 2026-07-17 19:58:18.229  1522  1522 I A01b00/SCB: [a92ab118da242f2, 16afbfb, 293164b] LuoShuStateManager --> getLuoShuStateInfo: WMUtils {"luoShuState":0,"scenePanelState":1,"eventType":-1,"screenInfo":{"isLandscape":false,"foldState":1},"screenId":0,"holdingHandStatus":1}
CST 2026-07-17 19:58:18.230  1522  1522 W A01c06/ICON: [a92ab118da242f2, 16afbfb, 293164b] AppIconModel --> disableShadow:false, isBarPhone:true, isOuterHome:false, isOnlineTheme:false, extra:true, enforceEnableShadow: false
CST 2026-07-17 19:58:18.231  1522  1522 I A01b01/HOME: [a92ab118da242f2, 16afbfb, 293164b] DesktopDragPointLightManager --> no point light found.
CST 2026-07-17 19:58:18.232  4125  4651 W C057c1/IPCWorkThread: ThreadHandler: proto:0 policy:0 name:OS_IPC_2_4651 invoker:14665424
CST 2026-07-17 19:58:18.232  1522  1522 I A01b0f/TE: [a92ab118da242f2, 16afbfb, 293164b] WallpaperManager --> updateDeskTopWallpaperScale scale = 1.1;
CST 2026-07-17 19:58:18.232  4125  4647 I C01317/AppKit: [MTHRD825]ScheduleLaunchAbility called, ability EntryAbility, type is 1.
CST 2026-07-17 19:58:18.232  1522  1522 I A0001b/AA: [a92ab118da242f2, 16afbfb, 293164b] OutSideWindowManager: globalSearchStatus: 0
CST 2026-07-17 19:58:18.232   770   800 W C011fc/BMSExt: [IsTargetApp:729]bundleName or appIdentifier is empty
CST 2026-07-17 19:58:18.232  1522  1522 W A01b00/SCB: [a92ab118da242f2, 16afbfb, 293164b] SCBDesktop --> onDesktopAnimateScaleChanged changeScale to 0.88, due to:onActive
CST 2026-07-17 19:58:18.233  1522  1522 I A0001b/AA: [a92ab118da242f2, 16afbfb, 293164b] OutSideWindowManager: globalSearchStatus: 0
CST 2026-07-17 19:58:18.233  1522  1522 I A01b00/SCB: [a92ab118da242f2, 16afbfb, 293164b] LuoShuStateManager --> getLuoShuStateInfo: SCBWindowRotateController {"luoShuState":0,"scenePanelState":1,"eventType":-1,"screenInfo":{"isLandscape":false,"foldState":1},"screenId":0,"holdingHandStatus":1}
CST 2026-07-17 19:58:18.233  1522  1522 I A0421d/WMSRotation: [a92ab118da242f2, 16afbfb, 293164b] [isNonHook] luoShuState: 0
CST 2026-07-17 19:58:18.233  1522  1522 E A0421d/WMSRotation: [a92ab118da242f2, 16afbfb, 293164b] [needRotateWithFlowLight] no need add rotation
CST 2026-07-17 19:58:18.233  1522  1522 W A0421d/WMSRotation: [a92ab118da242f2, 16afbfb, 293164b] [getRotatedScreenProperty] this.rotation: 0; getRotatedScreenProperty: {rect: [0, 0, 1320, 2856], rotation: 0}
CST 2026-07-17 19:58:18.233  1522  1522 I A0421d/WMSRotation: [a92ab118da242f2, 16afbfb, 293164b] [startSceneWithRotationIfNeed] containerSession EntryAbility/cn.alfadb.netbird.e3vpna/entry/0(persistentId: 30)(containerId: 2)needAnimation false isFromRecent false fromUser false isPageRotation false
CST 2026-07-17 19:58:18.233  4125  4125 I C03900/ACE_UIContent: [69]AceForwardCompatibility [cn.alfadb.netbird.e3vpna] force:1 newpipe:1
CST 2026-07-17 19:58:18.233  1522  1522 I A0421d/WMSRotation: [a92ab118da242f2, 16afbfb, 293164b] [coverSensorRotation] cover sensor rotation.
CST 2026-07-17 19:58:18.234  1522  1522 I A01b00/SCB: [a92ab118da242f2, 16afbfb, 293164b] SCBCompatibilityModeController: [addInvertedPortraitOrientationIfNeeded] requestOrientation:undefined
CST 2026-07-17 19:58:18.234  1522  1522 I A01b00/SCB: [a92ab118da242f2, 16afbfb, 293164b] SCBCompatibilityModeResourceManager: [isCurrentSupportAddInvertedPortraitOrientation] isSupportAddInvertedPortraitOrientation: false
CST 2026-07-17 19:58:18.234  1522  1522 I A01b00/SCB: [a92ab118da242f2, 16afbfb, 293164b] SCBCompatibilityModeResourceManager: [isNeedAddInvertedPortraitOrientation] current device status is not support adding inverted portrait orientation
CST 2026-07-17 19:58:18.234  1522  1522 I A04200/WINDOW: [a92ab118da242f2, 16afbfb, 293164b] SCBScreenSM: screenRotationLocked value:true
CST 2026-07-17 19:58:18.234  1522  1522 W A0421d/WMSRotation: [a92ab118da242f2, 16afbfb, 293164b] [getTargetRotation] bundleName:cn.alfadb.netbird.e3vpna requestOrientation:0 isScreenLocked:true isPlacedRotateFriendlyDevicePlaced:false fixedRotation: -1 rotationCommand: {"isIgnorePlacedState":false,"isFromDropDown":false}
CST 2026-07-17 19:58:18.234  1522  1522 I A04200/WINDOW: [a92ab118da242f2, 16afbfb, 293164b] SCBSSM: targetOrientation does not belong to the userOrientation type
CST 2026-07-17 19:58:18.234  1522  1522 I A0421d/WMSRotation: [a92ab118da242f2, 16afbfb, 293164b] [notifySupportRotationChange] container requestOrientation: 0 scene requestOrientation: 0
CST 2026-07-17 19:58:18.234  1522  1522 I A0421d/WMSRotation: [a92ab118da242f2, 16afbfb, 293164b] [notifySupportRotationChange] displayId: 0 persistentId: 30 container: [true,false,false,false] scene: [true,false,false,false] reason: MultiWindowChangeOrientation
CST 2026-07-17 19:58:18.234  1522  1522 I A04200/WINDOW: [a92ab118da242f2, 16afbfb, 293164b] SCBSSM: notifySupportRotationChange
CST 2026-07-17 19:58:18.234  1522  1522 I C0421d/WMSRotation: [a92ab118da242f2, 16afbfb, 293164b] OnNotifySupportRotationChange: persistentId: 30, container size: 4, scene size: 4
CST 2026-07-17 19:58:18.234  4125  4125 I C01317/AppKit: [MTHRD256]NativeLibPath empty
CST 2026-07-17 19:58:18.234  1522  1522 I A0421d/WMSRotation: [a92ab118da242f2, 16afbfb, 293164b] [startSceneWithRotationIfNeed] before rotate with targetRotation=0, sensorRotation=0, currentScreenRotation=0, currentContainerRotation=0, tempRotation=, name=cn.alfadb.netbird.e3vpna
CST 2026-07-17 19:58:18.235  1522  1522 I A0421d/WMSRotation: [a92ab118da242f2, 16afbfb, 293164b] [rotateWindowPolicy] no need to rotate with same targetRotation
CST 2026-07-17 19:58:18.235  1522  1522 I A01b00/SCB: [a92ab118da242f2, 16afbfb, 293164b] LuoShuStateManager --> getLuoShuStateInfo: SCBScreenSM {"luoShuState":0,"scenePanelState":1,"eventType":-1,"screenInfo":{"isLandscape":false,"foldState":1},"screenId":0,"holdingHandStatus":1}
CST 2026-07-17 19:58:18.235  1522  1522 I A01b01/HOME: [a92ab118da242f2, 16afbfb, 293164b] SCBSCS: [SCBSCS] scaleX from 1 to 0.035. reason: startOther, extra: EntryAbility/cn.alfadb.netbird.e3vpna/entry/0(persistentId: 30)(containerId: 2)
CST 2026-07-17 19:58:18.235  1522  1522 I A01b01/HOME: [a92ab118da242f2, 16afbfb, 293164b] SCBSCS: [SCBSCS] scaleY from 1 to 0.035. reason: startOther, extra: EntryAbility/cn.alfadb.netbird.e3vpna/entry/0(persistentId: 30)(containerId: 2)
CST 2026-07-17 19:58:18.235  1522  1522 W A01b01/HOME: [a92ab118da242f2, 16afbfb, 293164b] SCBSCS: [SCBSCS] translateY from 0 to -163.20000000000002. reason: startOther, extra: EntryAbility/cn.alfadb.netbird.e3vpna/entry/0(persistentId: 30)(containerId: 2)
CST 2026-07-17 19:58:18.235  1522  1522 W A01b01/HOME: [a92ab118da242f2, 16afbfb, 293164b] StartAndExitUtil: get screenStateKey: F_portrait, responseType: 1, response: 0.3
CST 2026-07-17 19:58:18.235  1522  1522 W A04200/WINDOW: [a92ab118da242f2, 16afbfb, 293164b] WindowAnimation: [SCBAnimation] start animation with type ZOOM_IN param {"curve":{"__curveString":"responsive-spring-motion(0.300000,1.157000,0.000000)"}}
CST 2026-07-17 19:58:18.236  1522  1522 I C03930/AceAnimation: [a92ab118da242f2, 16afbfb, 293164b] [(100000:100000:scope)] animateTo starts, dur:1000, curve:responsiveSpring(0.300,1.157,0.000), cnt:50
CST 2026-07-17 19:58:18.237  1522  1522 I A01b01/HOME: [a92ab118da242f2, 16afbfb, 293164b] SCBSCS: [SCBSCS] scaleX from 0.035 to 1. reason: onTransitionInactive, extra: EntryAbility/cn.alfadb.netbird.e3vpna/entry/0(persistentId: 30)(containerId: 2)
CST 2026-07-17 19:58:18.237  1522  1522 I A01b01/HOME: [a92ab118da242f2, 16afbfb, 293164b] SCBSCS: [SCBSCS] scaleY from 0.035 to 1. reason: onTransitionInactive, extra: EntryAbility/cn.alfadb.netbird.e3vpna/entry/0(persistentId: 30)(containerId: 2)
CST 2026-07-17 19:58:18.237  1522  1522 W A01b01/HOME: [a92ab118da242f2, 16afbfb, 293164b] SCBSCS: [SCBSCS] translateY from -163.20000000000002 to 0. reason: onTransitionInactive, extra: EntryAbility/cn.alfadb.netbird.e3vpna/entry/0(persistentId: 30)(containerId: 2)
CST 2026-07-17 19:58:18.237  1522  1522 I A04200/WINDOW: [a92ab118da242f2, 16afbfb, 293164b] SCBSPM: onBlurTransitionActive blurScale:1 source:SCBScenePanel > sceneContainerZoomIn isForegroundBlurActive:false
CST 2026-07-17 19:58:18.237  4125  4125 I C01317/AppKit: [MTHRD1813]SmartGC: process is start. enable warm startup SmartGC: 0
CST 2026-07-17 19:58:18.238  1522  2129 E C04203/WMSSub: [a92ab118da242f2, 2202343, 16afbfb] NotifyWindowAttachStateChange: SendRequest failed
CST 2026-07-17 19:58:18.239  1522  1522 I A01b01/HOME: [a92ab118da242f2, 16afbfb, 293164b] SCBSceneContainer: issShowTransitionIconOrCard state is 0, isCombinationIcon:false
CST 2026-07-17 19:58:18.240  1522  1522 I C0392c/AceForEach: [a92ab118da242f2, 16afbfb, 293164b] [(100000:100000:scope)] ForEachNode skip mark dirty. Id[2488], Ids.size[1]
CST 2026-07-17 19:58:18.240  1522  1522 I A01b01/HOME: [a92ab118da242f2, 16afbfb, 293164b] SCBSceneContainer: isAnimSnapshotShow false, isShowContainerSnapshot.
CST 2026-07-17 19:58:18.242  1522  1522 W C0393b/AceWindowScene: [a92ab118da242f2, 16afbfb, 293164b] [(100000:100000:scope)] parentId:2532, nodeId:2533, sessionId:30
CST 2026-07-17 19:58:18.243  1522  1522 I A01b00/SCB: [a92ab118da242f2, 16afbfb, 293164b] LuoShuStateManager --> getLuoShuStateInfo: WMUtils {"luoShuState":0,"scenePanelState":1,"eventType":-1,"screenInfo":{"isLandscape":false,"foldState":1},"screenId":0,"holdingHandStatus":1}
CST 2026-07-17 19:58:18.243  1522  1522 I C03930/AceAnimation: [a92ab118da242f2, 16afbfb, 293164b] [(100000:100000:scope)] animateTo starts, dur:250, curve:linear, delay:20, cnt:51
CST 2026-07-17 19:58:18.243  1522  1522 W A01b01/HOME: [a92ab118da242f2, 16afbfb, 293164b] SCBSCS: [SCBScenePanelViewModel] sceneAlpha from 0 to 1. reason: sceneContainerZoomIn, extra: EntryAbility/cn.alfadb.netbird.e3vpna/entry/0(persistentId: 30)(containerId: 2)
CST 2026-07-17 19:58:18.243  1522  1522 I A01b01/HOME: [a92ab118da242f2, 16afbfb, 293164b] SCBSCS: setMotionBlurRadius: 0.5, caller: sceneContainerZoomIn
CST 2026-07-17 19:58:18.244  4125  4125 I C03f00/ArkCompiler: [ecmascript] asmint: 1, aot: 0, jit: 1, baseline jit: 0, bundle name: cn.alfadb.netbird.e3vpna, arkTSMode: dynamic
CST 2026-07-17 19:58:18.248   315  3657 I C015b5/NetMgrEnhanced: [a92ab118da242f2, 911c1f, 1fb255f] NotifyAbilityStateChanged:uid=2******2, pid=4125, state=0, abilityName=EntryAbility
CST 2026-07-17 19:58:18.249   305   552 E C01702/CGS: [a92ab118da242f2, 3a2c593, 2b235e7] AddTidToCgroup failed to write; fd = 87, errno = 13
CST 2026-07-17 19:58:18.249   305   552 E C01702/CGS: [a92ab118da242f2, 3a2c593, 2b235e7] AddTidToCgroup failed to write; fd = 97, errno = 13
CST 2026-07-17 19:58:18.251  4655  4655 W C02c02/PARAM: Selinux check name persist.init.debug.loglevel in u:object_r:startup_init_param:s0 [4655 2000 2000] failed
CST 2026-07-17 19:58:18.251  4125  4657 E C01707/CONCUR: [Interface] task 4657 apply qos failed, errno = 4
CST 2026-07-17 19:58:18.251   305   552 I C01702/CgroupAdjuster: [a92ab118da242f2, 3a2c593, 2b235e7] ApplyProcessGroup:4125's cgroup from 0 to 4. Reason:20016. Event:1
CST 2026-07-17 19:58:18.251  4125  4125 I C03f00/ArkCompiler: [ecmascript] multi-thread check enabled: 0
CST 2026-07-17 19:58:18.252   305   552 I C01704/TagSched: [a92ab118da242f2, ca9196, 3a2c593] [ReportCgroupInfo]ReportCgroupInfo: pid:4125 from 0 to 4 withSuppressType: 0
CST 2026-07-17 19:58:18.252  4655  4655 W C02c02/PARAM: Selinux check name persist.init.debug.loglevel in u:object_r:startup_init_param:s0 [4655 2000 2000] failed
CST 2026-07-17 19:58:18.252   305   550 I C01706/ueaServer-FrameMsgIntf: [a92ab118da242f2, 1ff8f12, 3a2c593] CgroupChanged pid is 4125, uid is 20020062, oldGroup is 0, newGroup is 4
CST 2026-07-17 19:58:18.252  4125  4125 I C03f00/ArkCompiler: [pgo] reset pgo profiler, pgo profiler is disabled
CST 2026-07-17 19:58:18.252  4655  4655 W C02c02/PARAM: SystemReadParam failed!name is:persist.init.debug.loglevel,err:1002
CST 2026-07-17 19:58:18.252   305   550 I C01706/ueaServer-IntelliSenseServer: [a92ab118da242f2, 28df3bb, 1ff8f12] web test CgroupChange NewForeground uid is 20020062
CST 2026-07-17 19:58:18.252   305   550 I C01706/ueaServer-IntelliSenseServer: [a92ab118da242f2, 28df3bb, 1ff8f12] [ReportMessage]pid 4125 change to foreground.
CST 2026-07-17 19:58:18.252   305   550 E C01706/ueaServer-IntelliSenseServer: [a92ab118da242f2, 28df3bb, 1ff8f12] [CreateNewRtgGrp]:fopen file failed, errno = 2
CST 2026-07-17 19:58:18.252   305   550 E C01706/ueaServer-IntelliSenseServer: [a92ab118da242f2, 28df3bb, 1ff8f12] [TryCreateRtg]: createNewRtgGroup failed! grpId:-1
CST 2026-07-17 19:58:18.252   210   225 E C01707/CONCUR: [a92ab118da242f2, 1c036b7, ca9196] [TaskControllerInterface] ReportData failed, funcLoader_ load func failed
CST 2026-07-17 19:58:18.252  4125  4125 I C03301/LIBUV: clean up handles in loop(7856)
CST 2026-07-17 19:58:18.252   305   550 E C01706/qos_manager: [a92ab118da242f2, 28df3bb, 1ff8f12] thread 550 belong to user 1096 open auth node failed
CST 2026-07-17 19:58:18.252   305   550 E C01706/ueaServer-IntelliSenseServer: [a92ab118da242f2, 28df3bb, 1ff8f12] auth_enable 4125 failed
CST 2026-07-17 19:58:18.252  4125  4125 I C03301/LIBUV: loop:(7856) closed in 0s
CST 2026-07-17 19:58:18.252  4125  4125 I C03301/LIBUV: close:7856, async_io_wfd:16
CST 2026-07-17 19:58:18.252  4125  4125 I C03301/LIBUV: close:7856, backend_fd:10
CST 2026-07-17 19:58:18.252   305   552 E C01704/TagSched: [a92ab118da242f2, aa5049, ca9196] [OpenQosCtrl]Failed to open qos_ctrl device
CST 2026-07-17 19:58:18.252   305   552 E C01704/TagSched: [a92ab118da242f2, aa5049, ca9196] [IsQosHandleOpen]get qosSetHandle_ fail
CST 2026-07-17 19:58:18.252  4125  4125 I C03301/LIBUV: init:8352
CST 2026-07-17 19:58:18.252   305   552 E C01704/TagSched: [a92ab118da242f2, aa5049, ca9196] [SetQosInternal]qosSetHandle open fail
CST 2026-07-17 19:58:18.252  4125  4125 I C03301/LIBUV: init:8352, backend_fd:10
CST 2026-07-17 19:58:18.252  4125  4125 I C03301/LIBUV: open:8352, pipefd[0]:16
CST 2026-07-17 19:58:18.252  4125  4125 I C03f00/ArkCompiler: [ecmascript] can not find aot file
CST 2026-07-17 19:58:18.252  1522  1522 I A01b00/SCB: [a92ab118da242f2, 16afbfb, 293164b] LocalEventManager: sendLocalEvent, send local event with no receiver
CST 2026-07-17 19:58:18.252  1522  1522 I A0001b/AA: [a92ab118da242f2, 16afbfb, 293164b] OutSideWindowManager: globalSearchStatus: 0
CST 2026-07-17 19:58:18.252  1522  1522 I A01b09/RECENT: [a92ab118da242f2, 16afbfb, 293164b] QuickSwitchRaiseTopAlarm: cancel alarm, reason: start scene from other
CST 2026-07-17 19:58:18.252  1522  1522 I A04200/WINDOW: [a92ab118da242f2, 16afbfb, 293164b] [SCBMission]SCBSceneMissionManager: startSceneFromOther, to: EntryAbility/cn.alfadb.netbird.e3vpna/entry/0 on screen 0
CST 2026-07-17 19:58:18.252  1522  1522 I A04200/WINDOW: [a92ab118da242f2, 16afbfb, 293164b] [SCBMission]SCBSceneMissionManager: no need defer start
CST 2026-07-17 19:58:18.253  1522  1522 I A04222/WMSMission: [a92ab118da242f2, 16afbfb, 293164b] switch to onStartSceneTransition activeSessionId:30, toSessionId:30
CST 2026-07-17 19:58:18.253  1522  1522 W A04222/WMSMission: [a92ab118da242f2, 16afbfb, 293164b] [Screen:0][Panel:1]getMissionProcessor null, fallback to empty default
CST 2026-07-17 19:58:18.253  1522  1522 W A04222/WMSMission: [a92ab118da242f2, 16afbfb, 293164b] [Screen:0][Panel:2]getMissionProcessor null, fallback to empty default
CST 2026-07-17 19:58:18.253  1522  1522 I C0420a/WMSLife: [a92ab118da242f2, 16afbfb, 293164b] RemoveLifeCycleTask: Removed lifeCyleTask PendingSessionActivation. PersistentId=30
CST 2026-07-17 19:58:18.253  1522  1522 I C0420a/WMSLife: [a92ab118da242f2, 16afbfb, 293164b] ProcessPendingSessionActivationResult: persistentId:30, requestId:5,resultCode:1, resultMessage:
CST 2026-07-17 19:58:18.253  4125  4125 W C01305/Base: [zip_file.cpp(ExtractToBufByName:966)]GetEntry from pkgContextInfo.json err
CST 2026-07-17 19:58:18.253  1522  1522 I A01b00/SCB: [a92ab118da242f2, 16afbfb, 293164b] LuoShuStateManager --> getLuoShuStateInfo: WMUtils {"luoShuState":0,"scenePanelState":1,"eventType":-1,"screenInfo":{"isLandscape":false,"foldState":1},"screenId":0,"holdingHandStatus":1}
CST 2026-07-17 19:58:18.258  1522  1522 I C0392a/AceUiExtensionComponent: [(100000:100000:scope)] [@1991][ID: 1] HandleVisibleAreaChange visible: 0, curVisible: 1, ratio: 0.826446, displayArea: RectT (0.00, 0.00) - [1320.00 x 2856.00].
CST 2026-07-17 19:58:18.259  1522  1522 I C02d66/Hiview-PerfMonitor: ProcessJank: JankFrameMonitor::ProcessJank jank >= threshold
CST 2026-07-17 19:58:18.259  1522  1522 I A01a00/SYS_UI: [a92ab118da242f2, cbae88, 62fbb1] PhoneAppManager: ability[cn.alfadb.netbird.e3vpna|undefined|EntryAbility] state change to 0
CST 2026-07-17 19:58:18.260  4655  4655 W C02c02/PARAM: Selinux check name persist.init.debug.loglevel in u:object_r:startup_init_param:s0 [4655 2000 2000] failed
CST 2026-07-17 19:58:18.260  4655  4655 W C02c02/PARAM: Selinux check name persist.init.debug.loglevel in u:object_r:startup_init_param:s0 [4655 2000 2000] failed
CST 2026-07-17 19:58:18.260  4655  4655 W C02c02/PARAM: SystemReadParam failed!name is:persist.init.debug.loglevel,err:1002
CST 2026-07-17 19:58:18.260  1522  1522 I A01b00/SCB: TaskpoolUtil: task sequenceExecute
CST 2026-07-17 19:58:18.260  1522  1522 I A01b00/SCB: TaskpoolUtil: task sequenceExecute finally
CST 2026-07-17 19:58:18.260  1522  1522 I A04200/WINDOW: [a92ab118da242f2, a36bad, 16afbfb] SCBMultiWindowUtils: [SCBMultiWindowGuideUtils.preferenceFlush]: Succeeded in flushing.
CST 2026-07-17 19:58:18.260  1522  4644 I C03f05/NAPI: taskpool:: Task Perform: j71, 1139012098, runningLoop: 139810947635168
CST 2026-07-17 19:58:18.262  1522  2129 I C04214/WMSPipeLine: UpdateVisibilityInner: id: 30, visibility: 0 -> 1
CST 2026-07-17 19:58:18.263  4125  4125 I C03f00/ArkCompiler: StartServer, componentName = <private>
CST 2026-07-17 19:58:18.263  4125  4125 W C01321/JsRuntime: [CSM161]not Connected
CST 2026-07-17 19:58:18.263  4125  4125 I C03f00/ArkCompiler: [ecmascript] JSNApi::NotifyDebugMode, tid = 4125, debugApp = 1, isDebugMode = 0, instanceId = 0
CST 2026-07-17 19:58:18.263  1522  2129 I C04207/WMSFocus: NotifyFocusStatus: name: SCBDesktop7/SCBDesktop7/SCBDesktop7, id: 10, isFocused: 0
CST 2026-07-17 19:58:18.263   305   550 E C01704/TagSched: [a92abb18da4052a] [OpenQosCtrl]Failed to open qos_ctrl device
CST 2026-07-17 19:58:18.263   305   550 E C01704/TagSched: [a92abb18da4052a] [IsQosHandleOpen]get qosSetHandle_ fail
CST 2026-07-17 19:58:18.263   305   550 E C01704/TagSched: [a92abb18da4052a] [SetQosInternal]qosSetHandle open fail
CST 2026-07-17 19:58:18.263   779  1243 I C04621/CFWKService: [window_state_manager_lite.cpp:192]NotifyFocusChanged# focus off 1522 20020011, 10
CST 2026-07-17 19:58:18.263   305   550 I C01706/ueaServer-IntelliSenseServer: [a92abb18da4052a] [ReportWindowFocus]:1522 lost focus in screen 0
CST 2026-07-17 19:58:18.263   305   373 I C01702/CgroupSchedEnhance: [a92abb18da4052a] HandleSceneBoardUnFocusForQos handle sceneboard unfocused!
CST 2026-07-17 19:58:18.264  1522  2129 W C04207/WMSFocus: NotifyHighlightChange: Invalid [10, 0]
CST 2026-07-17 19:58:18.264  1522  2129 I C04207/WMSFocus: SetHighlightSessionIds: 30
CST 2026-07-17 19:58:18.264  1522  2129 I C03900/Ace: [(-1:100000:singleton)] [com.ohos.sceneboard][phone_sceneboard][100000]: window unfocus
CST 2026-07-17 19:58:18.264   305   373 E C01702/CGS: [a92abb18da4052a] SetThreadSchedPolicy failed; fd = -1
CST 2026-07-17 19:58:18.264   305   373 E C01702/CGS: [a92abb18da4052a] SetThreadSchedPolicy failed; fd = -1
CST 2026-07-17 19:58:18.264   305   373 E C01702/CgroupUtils: [a92abb18da4052a] SetThreadPolicyAndReport set <private> <private> to group <private> failed, ret=-1!
CST 2026-07-17 19:58:18.264   305   550 E C01731/SUSPEND_MSG: [a92aba18da404dd] [(ThawOneApplication):37] suspend manager is not ready.
CST 2026-07-17 19:58:18.264  1522  4621 I C04207/WMSFocus: NotifyRssThawApp, uid: 20020011
CST 2026-07-17 19:58:18.264  1522  2132 I C0420c/WMSEvent: LogWinInfo: eid:30,size:9,idList:3|0|1|100|1522|1522|1;4|0|1|101|1522|1522|1;7|0|0|1|1522|1522|1;10|0|0|2|1522|1522|1;17|0|1|3|1522|1522|1;19|0|2048|2200|1522|1522|1;21|0|0|2202|1522|1522|1;25|0|2048|4102|1522|1522|2;30|0|0|102|-1|-1|1|-84,-84,1488,3024;30|0,0|1,1|-84,-84,1488,3024
CST 2026-07-17 19:58:18.265   775  1087 I C02b91/AVSession: [HandleAppStateChanged]uid=20020011|pid=1522|state=2
CST 2026-07-17 19:58:18.265   209   586 I C02b83/AudioServiceAppStateListener: [OnAppStateChanged]app state changed, bundleName=com.ohos.sceneboard uid=20020011 pid=1522 state=2
CST 2026-07-17 19:58:18.265   251   516 I C02803/InputWindowsManager: [|8263]newMainDisplayInfo:0, oldMainDisplayInfo:0
CST 2026-07-17 19:58:18.265   251   516 I C02803/InputWindowsManager: [|8263]newMainDisplayInfo:0, oldMainDisplayInfo:0
CST 2026-07-17 19:58:18.265   251   516 I C02803/InputWindowsManager: [|2067]19|0|2758|1320|98|1,0|0|1320|98
CST 2026-07-17 19:58:18.265  1522  2129 I C04207/WMSFocus: ShiftFocus: displayId: 0, focusedId: 10, nextId: 30, reason: 15
CST 2026-07-17 19:58:18.266  1522  2129 E C04215/WMSHierarchy: SceneZOrderCheckProcess: ZOrderCheck start
CST 2026-07-17 19:58:18.266   201  2192 I C01d00/accessibility: [(WindowUpdateAll:1027)]WindowUpdateAll start activeWindowId_: 10
CST 2026-07-17 19:58:18.266  1522  2132 I C0420c/WMSEvent: LogWinInfo: eid:31,size:9,idList:3|0|1|100|1522|1522|1;4|0|1|101|1522|1522|1;7|0|0|1|1522|1522|1;10|0|0|2|1522|1522|1;17|0|1|3|1522|1522|1;19|0|2048|2200|1522|1522|1;21|0|0|2202|1522|1522|1;25|0|2048|4102|1522|1522|2;30|0|0|102|-1|-1|1;30|0,0|1,1|-84,-84,1488,3024
CST 2026-07-17 19:58:18.266   251   516 I C02803/InputWindowsManager: [|8263]newMainDisplayInfo:0, oldMainDisplayInfo:0
CST 2026-07-17 19:58:18.266   251   516 I C02803/InputWindowsManager: [|8263]newMainDisplayInfo:0, oldMainDisplayInfo:0
CST 2026-07-17 19:58:18.266   251   516 I C02803/InputWindowsManager: [|2067]19|0|2758|1320|98|1,0|0|1320|98
CST 2026-07-17 19:58:18.267   770  4612 W C01123/BMSCommon: uid(3058) invalid
CST 2026-07-17 19:58:18.267   201  2192 I C01d00/accessibility: [(WindowUpdateAll:1079)]WindowUpdateAll end activeWindowId_: -1
CST 2026-07-17 19:58:18.268   332   389 I C01f0b/Common: MsdpMovementManage ProcessEvent eventId=6
CST 2026-07-17 19:58:18.268  1128  3096 I C01560/WifiFrameWork: OnForegroundApplicationChanged bundleName: com.ohos.sceneboard, uid: 20020011, state: 2, isFocused: 0
CST 2026-07-17 19:58:18.268   315  3657 I C015b5/NetMgrEnhanced: uid=2******1, pid=1522, state=2, bundleName=com.ohos.sceneboard, isFocused =0.
CST 2026-07-17 19:58:18.268  1128  3604 I C01560/StaStateMachine: SeparatedState-msgCode=12324 received. m_instId=0
CST 2026-07-17 19:58:18.268  1128  3604 I C01560/StaStateMachine: InitState-msgCode=12324 is received. m_instId = 0
CST 2026-07-17 19:58:18.268  1128  3604 I C01560/StaStateMachine: ClosedState-msgCode=12324 is received. m_instId = 0
CST 2026-07-17 19:58:18.268  1128  3096 I C01560/WifiFrameWork: OnForegroundApplicationChanged bundleName: com.ohos.sceneboard, uid: 20020011, state: 2, isFocused: 0
CST 2026-07-17 19:58:18.268  1128  3605 I C01560/StaStateMachine: SeparatedState-msgCode=12324 received. m_instId=0
CST 2026-07-17 19:58:18.268  1128  3605 I C01560/StaStateMachine: InitState-msgCode=12324 is received. m_instId = 0
CST 2026-07-17 19:58:18.268  1128  3605 I C01560/StaStateMachine: ClosedState-msgCode=12324 is received. m_instId = 0
CST 2026-07-17 19:58:18.268  1128  1128 E C01560/MultiLinkUtils: IsDeviceSupportMultiLink chipname is empty or doesn't exist, return unknown
CST 2026-07-17 19:58:18.268  1128  1128 E C01560/MultiLinkUtils: Chip type not suppoort MultiLink
CST 2026-07-17 19:58:18.269   305   550 I C01705/IOLIMIT: [a92abd18da41b29] [(HandleAppStateChange):263] Add foreground list app uid: 20020011, pid: 1522.
CST 2026-07-17 19:58:18.269   315  2946 I C015b5/NetMgrEnhanced: uid:20020011, pid:1522, state:2, isFocused:0, com.ohos.sceneboard
CST 2026-07-17 19:58:18.269   305   552 I C01706/ueaServer-FrameMsgIntf: [a92abd18da41b29] ReportProcessInfo pid is 1522, uid is 20020011
CST 2026-07-17 19:58:18.269   305   552 I C01706/ueaServer-IntelliSenseServer: [a92abd18da41b29] Get app info:1522 20020011 com.ohos.sceneboard 2
CST 2026-07-17 19:58:18.269   305   552 I C01731/SUSPEND_MSG: [a92abe18da41be6] 20020011_com.ohos.sceneboard_1522, state:2
CST 2026-07-17 19:58:18.269   305   552 E C01724/TASK_DETECTION: [a92abe18da41be6] [OnAppStateChanged:632]Task detection feature is not ready
CST 2026-07-17 19:58:18.269  2361  3114 I C05a05/AppStateObserver: [AddProcessToForegroundSet]pid 1522 is already in foreground
CST 2026-07-17 19:58:18.270   162  1177 I C02d10/ProcessStatus: UpdateProcessForegroundState: pid=1522 state=FOREGROUND
CST 2026-07-17 19:58:18.270   251   251 I C02801/AppStateObserver: [|39]Process state change app name:com.ohos.sceneboard, uid:20020011, state:2
CST 2026-07-17 19:58:18.270   251   251 I C02801/AppStateObserver: [|90]The foregroundAppData_.size():2
CST 2026-07-17 19:58:18.272  4125  4125 I C03f00/ArkCompiler: [compiler] __jit_debug_register_code() is called.
CST 2026-07-17 19:58:18.272  4125  4125 I C03f00/ArkCompiler: [compiler] success to register stub.an to debugger.
CST 2026-07-17 19:58:18.272  4125  4653 I C01317/AppKit: [DRH393]File existed. dir: /data/storage/el2/base/cache/rawheap
CST 2026-07-17 19:58:18.272  4125  4653 I C01317/AppKit: [DRH373]success to create /data/storage/el2/base/cache/rawheap
CST 2026-07-17 19:58:18.273   146   192 I C02c03/PARAM_WATCHER: [watcher_manager.cpp:72]Add remote watcher remoteWatcherId 57 4125 success
CST 2026-07-17 19:58:18.273   146   192 I C02c03/PARAM_WATCHER: SendLocalChange start keyPrefix persist.hdc.jdwp remoteWatcherId 57
CST 2026-07-17 19:58:18.273  4125  4125 W C01e00/ResourceManager: update userId, currentUserId_= 0, userId= 100
CST 2026-07-17 19:58:18.273  4125  4125 E C01e00/ResourceManager: LoadThemesRes failed, userId = 100, bundleName = cn.alfadb.netbird.e3vpna
CST 2026-07-17 19:58:18.273  4125  4125 W C01e00/ResourceManager: theme resources will clean, id 100
CST 2026-07-17 19:58:18.273   146   192 I C02c03/PARAM_WATCHER: [watcher_manager.cpp:187]Add watcher persist.hdc.jdwp remoteWatcherId: 57 groupId 101 success
CST 2026-07-17 19:58:18.273  4125  4662 I C02c03/PARAM_WATCHER: Add watcher keyPrefix persist.hdc.jdwp remoteWatcherId 57 success
CST 2026-07-17 19:58:18.275  4125  4650 W C01653/NativePreferences: LoadFromDisk: The settingXml /***/el1/***/i18*** load failed.
CST 2026-07-17 19:58:18.276   770  1078 W C011fc/BMSExt: [IsTargetApp:729]bundleName or appIdentifier is empty
CST 2026-07-17 19:58:18.276   770  1078 I C011fc/BMSExt: [GetBundleInfo:523]GetBundleInfo ret 0
CST 2026-07-17 19:58:18.276   770  1078 I C011fc/BMSExt: [GetCompatibleDeviceType:65]calc deviceType bundleName: cn.alfadb.netbird.e3vpna, deviceType: 
CST 2026-07-17 19:58:18.276  4125  4125 E C01301/CompatiblePolicyDeviceType: [calculateResourceType:81]deviceType is empty.
CST 2026-07-17 19:58:18.276  4125  4125 W C01301/Ability: [resource_config_helper.cpp183]invalid source:
CST 2026-07-17 19:58:18.276  4125  4125 W C01301/Ability: [resource_config_helper.cpp183]invalid source:
CST 2026-07-17 19:58:18.276  4125  4125 I C01317/AppKit: [application_cleaner.cpp94]ClearTempData
CST 2026-07-17 19:58:18.321  1522  1522 I C02d66/Hiview-PerfMonitor: ProcessJank: JankFrameMonitor::ProcessJank jank >= threshold
CST 2026-07-17 19:58:18.322  1522  1522 I A04200/WINDOW: SCBSSM: onShiftFocus id: 10 -> 30, displayGroupId: 0
CST 2026-07-17 19:58:18.322  1522  1522 I A01b00/SCB: ViewManagerPolicy --> 10 notifyViewLoseFocus
CST 2026-07-17 19:58:18.322  1522  1522 I A01b0a/GESTURE: SCBGestureManager: onLoseFocus
CST 2026-07-17 19:58:18.322  1522  1522 I A01b00/SCB: SCBDesktop --> Desktop lose focus, the scenePanelState is 1
CST 2026-07-17 19:58:18.322  1522  1522 I A01a00/SYS_UI: SystemUIView: onDeskTopChange: false
CST 2026-07-17 19:58:18.323  1522  1522 W A01b01/HOME: ExposureManager --> desktop exposure desktopExposureTimeStart: 142691, lastTime: 492
CST 2026-07-17 19:58:18.324  1522  1522 I A04200/WINDOW: SCBWindowFocusController: setFocusedSession, displayGroupId: 0, sessionId: 30, displayId: 0, screenId: 0
CST 2026-07-17 19:58:18.324  1522  1522 I A01b00/SCB: TaskpoolUtil: task sequenceExecute
CST 2026-07-17 19:58:18.324  1522  1522 I A01b00/SCB: TaskpoolUtil: task sequenceExecute finally
CST 2026-07-17 19:58:18.325  1522  1522 I A01b09/RECENT: RecentDockRefreshAlarm: refresh recent dock: EntryAbility/cn.alfadb.netbird.e3vpna/entry/0(persistentId: 30)(containerId: 2)
CST 2026-07-17 19:58:18.325  1522  1522 I A0001b/AA: [a92ab218733ae15] SubscriberController --> subscribe, success: DESKTOP
CST 2026-07-17 19:58:18.325  1522  1522 I A0001b/AA: [a92ab218733ae15] SubscriberController --> onDeskTopEvent event: SCENE_PANEL_EVENT
CST 2026-07-17 19:58:18.325  1522  1522 I A0001b/AA: [a92ab218733ae15] SubscriberController --> onDeskTopEvent CUSTOM_SCENE_PANEL_EVENT: true
CST 2026-07-17 19:58:18.325  1522  1522 I A04200/WINDOW: SCBMultiWindowManager: receive custom scenePanel event to: 1
CST 2026-07-17 19:58:18.325  1522  1522 I A04200/WINDOW: SCBSceneSessionManagerSubscriber --> subscribe, success: SCBSceneSessionManager
CST 2026-07-17 19:58:18.326  1522  1522 I A04200/WINDOW: SCBSSM: handleScenePanelStateChange state: 1
CST 2026-07-17 19:58:18.326  1522  1522 I C04202/WMSMain: NotifySCBRecentStateChange: isRecent update 0
CST 2026-07-17 19:58:18.326  1522  1522 I C03900/Ace: [(100000:100000:scope)] Update application state , state: ON_INACTIVE
CST 2026-07-17 19:58:18.326  1522  1522 I C0391c/AceFocus: [(100000:100000:scope)] Window: 1 lost focus.
CST 2026-07-17 19:58:18.326  1522  1522 I C0391c/AceFocus: [(100000:100000:scope)] Scope(Stack/191) has no last focusNode.
CST 2026-07-17 19:58:18.328  4125  4125 I C01317/AppKit: [MTHRD2688]NotifyApplicationPreAbilityCreate
CST 2026-07-17 19:58:18.333   769   902 W C01406/OHOS::RS: RSJankStats::SetJankStats jank frames 7
CST 2026-07-17 19:58:18.333   605  1000 W C02515/DISP: [SetLayerMaskInfo:495] <private> is not supported
CST 2026-07-17 19:58:18.333   605  1000 I C02515/DISP: [CommitComposeLayer:67] CommitComposeLayer! 10
CST 2026-07-17 19:58:18.336  4125  4125 I C01317/AppKit: [JAS193]LoadModule
CST 2026-07-17 19:58:18.336  4125  4125 W C01317/AppKit: [JAS966]null stage
CST 2026-07-17 19:58:18.336  4125  4125 W C01317/AppKit: [JAS236]Not found AbilityStage.js
CST 2026-07-17 19:58:18.336  4125  4125 I C01317/AppKit: [OH_APP424]OnAboutToCreateAbility
CST 2026-07-17 19:58:18.336  4125  4125 W C01317/AppKit: [JAS331]Not found AbilityStage.js
CST 2026-07-17 19:58:18.337   770  1078 E C01336/AMS: [ABR3442]SetAppRecoveryFlag:65535
CST 2026-07-17 19:58:18.337  4125  4125 I C03f00/ArkCompiler: [ecmascript] start to execute module buffer with secure memory: /data/storage/el1/bundle/entry/ets/entryability/EntryAbility.abc
CST 2026-07-17 19:58:18.337  1522  1522 I C03930/AceAnimation: [(100000:100000:scope)] animateTo finish, cnt:47
CST 2026-07-17 19:58:18.337  4125  4125 E C03f00/ArkCompiler: [common] Can not open xpm proc file, do not check secure memory anymore.
CST 2026-07-17 19:58:18.337  4125  4658 I C03f00/ArkCompiler: [pgo] will save profiler to file /data/storage/ark-profile/rt_entry.ap
CST 2026-07-17 19:58:18.338  4125  4125 I C01320/JsEnv: [JSENV299]timing: 1
CST 2026-07-17 19:58:18.338  4125  4125 I C01320/JSENV: Callee constructor is OK string
CST 2026-07-17 19:58:18.339  4125  4125 I C01320/JSENV: Ability::constructor callee is object [object Object]
CST 2026-07-17 19:58:18.339  4125  4125 I C03f00/ArkCompiler: [ecmascript] start to execute ark buffer with secure memory use file: /data/storage/el1/bundle/entry/ets/modules.abc, entrypoint: @bundle:cn.alfadb.netbird.e3vpna/entry/build/generated/r/ResourceTable
CST 2026-07-17 19:58:18.342  4125  4125 I C01332/UIAbility: [ui_ability_thread.cpp173]Lifecycle:Attach
CST 2026-07-17 19:58:18.342   770  1078 I C01336/AMS: [ABMS7238]AttachAbilityThread
CST 2026-07-17 19:58:18.342   770  1078 I C01336/AMS: [UALM538]lifecycle name: EntryAbility
CST 2026-07-17 19:58:18.342   770  1078 I C01336/AMS: [ABR556]RemoveLoadTimeoutTask:34
CST 2026-07-17 19:58:18.343   770  4608 I C01311/AppMS: [ARR938]appState: 1, pState: 0, cn.alfadb.netbird.e3vpna/EntryAbility
CST 2026-07-17 19:58:18.344  4125  4125 I C01317/AppKit: [MTHRD2864]called
CST 2026-07-17 19:58:18.344  4125  4125 I C03f00/ArkCompiler: [gc] app is not inBackground
CST 2026-07-17 19:58:18.367  1522  1522 I C0391d/AceMouse: [(100000:100000:scope)] VsyncMouseFormat mouseFormat_ and lastVsyncMouseFormat_ = 0 is same.
CST 2026-07-17 19:58:18.379   769   769 I C01406/OHOS::RS: RSSurfaceRenderNode:SetIsOnTheTree, node:[name: WindowScene_e3vpnb32, id: 6536940225400], on tree: 0, nodeType: 4, uniqueId: null, screenNodeId: 0
CST 2026-07-17 19:58:18.379  4125  4125 E C01707/CONCUR: [Interface] task 4658 apply qos failed, errno = 4
CST 2026-07-17 19:58:18.380   769   769 I C01406/OHOS::RS: RSSurfaceRenderNode:SetIsOnTheTree, node:[name: WindowScene_e3vpnb32, id: 6536940225400], on tree: 0, nodeType: 4, uniqueId: null, screenNodeId: 0
CST 2026-07-17 19:58:18.380   769   769 I C01406/OHOS::RS: RSRenderNode:: add child surfaceNode[id:6536940225427 name:session30] parent'S isOnTheTree_:0
CST 2026-07-17 19:58:18.380   769   769 I C01406/OHOS::RS: RSSurfaceRenderNode:SetIsOnTheTree, node:[name: WindowScene_e3vpna30, id: 6536940225427], on tree: 1, nodeType: 4, uniqueId: null, screenNodeId: 3302829850624
CST 2026-07-17 19:58:18.381   769   769 E C01406/RSScreenManager: IsAllScreensPowerOff: screenPowerStatus_ is empty.
CST 2026-07-17 19:58:18.385  4125  4125 E C01707/CONCUR: [Interface] task 4659 apply qos failed, errno = 4
CST 2026-07-17 19:58:18.392  4125  4125 E C01707/CONCUR: [Interface] task 4660 apply qos failed, errno = 4
CST 2026-07-17 19:58:18.392   775  1087 I C02b91/AVSession: [HandleAppStateChanged]uid=20020062|pid=4125|state=2
CST 2026-07-17 19:58:18.392   209   586 I C02b83/AudioServiceAppStateListener: [OnAppStateChanged]app state changed, bundleName=cn.alfadb.netbird.e3vpna uid=20020062 pid=4125 state=2
CST 2026-07-17 19:58:18.392   209   586 W C02b8b/DfxMsgManager: [UpdateAppState]discard unstarted audio stream app state
CST 2026-07-17 19:58:18.392   770  4610 I C01357/ProcessMgr: [ARR1096]ability size: 1
CST 2026-07-17 19:58:18.392   770  4610 I C01311/AppMS: [module_running_record.cpp194]change from 1 to 2. bundle: cn.alfadb.netbird.e3vpna, ability: EntryAbility.
CST 2026-07-17 19:58:18.392   770  4610 I C01336/AMS: [ABMS8065]OnAbilityRequestDone cn.alfadb.netbird.e3vpna-EntryAbility state:2
CST 2026-07-17 19:58:18.392   770  4610 I C01336/AMS: [UALM592]Ability is cn.alfadb.netbird.e3vpna/EntryAbility, start to foreground.
CST 2026-07-17 19:58:18.392   770  4610 I C01336/AMS: [ABR394]ForegroundLifecycle EntryAbility
CST 2026-07-17 19:58:18.392   770  4609 W C01123/BMSCommon: uid(2000) invalid
CST 2026-07-17 19:58:18.393   770  4609 W C01123/BMSCommon: uid(2000) invalid
CST 2026-07-17 19:58:18.393   209   586 I C02b87/AudioBackgroundManager: [InsertIntoAppStatesMap]appStatesMap_ add pid: 4125 with hasSession: 0, isBack: 0, hasBackgroundTask: 0, isFreeze: 0, isSystem: 0
CST 2026-07-17 19:58:18.393   770  4610 I C01311/AppMS: [AMSI2830]cn.alfadb.netbird.e3vpna foregrounded pState: 1
CST 2026-07-17 19:58:18.393   770  4610 E C01311/AppMS: [AMSI6419]not uiextension. uiextension type: 255
CST 2026-07-17 19:58:18.393  1128  1128 I C01560/WifiFrameWork: OnForegroundApplicationChanged bundleName: cn.alfadb.netbird.e3vpna, uid: 20020062, state: 2, isFocused: 0
CST 2026-07-17 19:58:18.393   315  3657 I C015b5/NetMgrEnhanced: uid=2******2, pid=4125, state=2, bundleName=cn.alfadb.netbird.e3vpna, isFocused =0.
CST 2026-07-17 19:58:18.393  1128  1128 E C01560/MultiLinkUtils: IsDeviceSupportMultiLink chipname is empty or doesn't exist, return unknown
CST 2026-07-17 19:58:18.393  1128  1128 E C01560/MultiLinkUtils: Chip type not suppoort MultiLink
CST 2026-07-17 19:58:18.394   315  2946 I C015b5/NetMgrEnhanced: uid:20020062, pid:4125, state:2, isFocused:0, cn.alfadb.netbird.e3vpna
CST 2026-07-17 19:58:18.394   305   373 I C01705/IOLIMIT: [a92ab218da60405] [(HandleAppStateChange):263] Add foreground list app uid: 20020062, pid: 4125.
CST 2026-07-17 19:58:18.394   251   538 I C02801/AppStateObserver: [|39]Process state change app name:cn.alfadb.netbird.e3vpna, uid:20020062, state:2
CST 2026-07-17 19:58:18.394   248  1179 I C02699/MM: HandleProcessFgOrBg FG:p=4125,u=20020062,pName=cn.alfadb.netbird.e3vpna,isKA=0
CST 2026-07-17 19:58:18.395   305   373 I C01706/ueaServer-FrameMsgIntf: [a92ab218da60405] ReportProcessInfo pid is 4125, uid is 20020062
CST 2026-07-17 19:58:18.395   248   277 I C02699/MM: UpdatePriorityLocked FG: 4125, 20020062, 0, [], 00000
CST 2026-07-17 19:58:18.395   248  4615 I C02699/MM: HandleAppForeground appName=cn.alfadb.netbird.e3vpna appId=20020062
CST 2026-07-17 19:58:18.395   248  4615 I C02699/MM: SwapInMemcg appId=20020062 userId=100 cost=107us
CST 2026-07-17 19:58:18.395   305   373 I C01731/SUSPEND_MSG: [a92ab318da60620] 20020062_cn.alfadb.netbird.e3vpna_4125, state:2
CST 2026-07-17 19:58:18.395   305   373 E C01724/TASK_DETECTION: [a92ab318da60620] [OnAppStateChanged:632]Task detection feature is not ready
CST 2026-07-17 19:58:18.395   315  3657 I C015b5/NetMgrEnhanced: NotifyAbilityStateChanged:uid=2******2, pid=4125, state=2, abilityName=EntryAbility
CST 2026-07-17 19:58:18.395   162  1177 I C02d10/ProcessStatus: UpdateProcessForegroundState: pid=4125 state=FOREGROUND
CST 2026-07-17 19:58:18.395   305   305 I C01710/BUNDLE_ACTIVE: [bundle_active_app_state_obsever.cpp(OnAbilityStateChanged):61]OnAblityStateChanged userid is 100, bundle name is cn.alfadb.netbird.e3vpna, uid is 20020062, event is 2, timestamp is 143255
CST 2026-07-17 19:58:18.395   779  1243 I C04619/Publish: [system_ability_adapter.cpp:22]OnAbilityStateChanged# pid:4125, uid:20020062, bundleName:cn.alfadb.netbird.e3vpna, abilityState:2, isFocused:0
CST 2026-07-17 19:58:18.395   779  1243 I C04619/Publish: [system_ability_adapter.cpp:41]HandleAbilityStateChange# notify serviceName :OneTouchShare
CST 2026-07-17 19:58:18.395   779  1243 I C04621/CFWKService: [dynamic_thread_pool.cpp:154]AddTask# pool = 1,idle/max threads = 1/64,groupId/GroupTask = 2/0
CST 2026-07-17 19:58:18.396   779  1243 I C04619/Publish: [system_ability_adapter.cpp:48]HandleAbilityStateChange# add task: 1
CST 2026-07-17 19:58:18.396   779  1202 I C04621/CFWKService: [dynamic_thread_pool.cpp:310]WorkInThread# run--->task 3938818080497433335 run in thread 139908622366599
CST 2026-07-17 19:58:18.396   779  1202 I C04619/Publish: [system_ability_adapter.cpp:44]operator()# notify serviceName:OneTouchShare
CST 2026-07-17 19:58:18.396   305  4613 I C01710/BUNDLE_ACTIVE: [bundle_active_bundle_mgr_helper.cpp(GetApplicationInfo):65]bundleMgr is null: 0 
CST 2026-07-17 19:58:18.396   305  4155 I C01706/ueaServer-IntelliSenseServer: [a92ab218da60405] Get app info:4125 20020062 cn.alfadb.netbird.e3vpna 2
CST 2026-07-17 19:58:18.396   779  1202 I C04619/Common: [account_utils.cpp:26]GetForegroundAccountId# ret 0, the 100 account is foreground
CST 2026-07-17 19:58:18.396   770  1114 I C01c30/SclockKit: [screenlock_system_ability.cpp(IsDeviceLocked:948)]IsDeviceLocked. userId=100, isDeviceLocked=0
CST 2026-07-17 19:58:18.396   779  1202 I C04619/Publish: [service_publish_manager.cpp:2247]IsSupportView# isLocked: 0, getLockedRes: 77856768, IsSceneRecent: 0
CST 2026-07-17 19:58:18.396   779  1202 I C04626/Motion: [motion_framework.cpp:230]IsMotionPlaying# motion is not playing
CST 2026-07-17 19:58:18.396   779  1202 I C04619/Publish: [service_publish_manager.cpp:2434]GetFocusWindowInfo# enter
CST 2026-07-17 19:58:18.396   779  1202 E C04619/Detect: [action_detect_manager.cpp:2330]LoadWindowStateLite# enter 10
CST 2026-07-17 19:58:18.396   779  1202 E C04621/CFWKService: [window_state_manager_lite.cpp:158]GetFocusWindowInfoLite# no enable
CST 2026-07-17 19:58:18.396   779  1202 I C04621/CFWKService: [window_state_manager_lite.cpp:93]Enable# enter
CST 2026-07-17 19:58:18.396   779  1202 W C04200/WindowManagerLite: RegisterFocusChangedListener: Listener is already registered.
CST 2026-07-17 19:58:18.396  1522  1522 I A01a00/SYS_UI: AppLifeCycleManager: Ability state changed, uid: 20020062, key: cn.alfadb.netbird.e3vpna_entry_EntryAbility_4125, isForeground: true, state 2
CST 2026-07-17 19:58:18.397  1522  1522 I A01a00/SYS_UI: AppLifeCycleManager: Ability state change: new foregroundAbilities: 20020062: cn.alfadb.netbird.e3vpna_entry_EntryAbility_4125
CST 2026-07-17 19:58:18.397  1522  1522 I A01a00/SYS_UI: AppLifeCycleManager: App foreground state changed, uid: 20020062, true
CST 2026-07-17 19:58:18.397  1522  1522 W A01a00/SYS_UI: LiveCapsuleListVm: onAppForegroundStateChange foreground: true, uid: 20020062, bundleName: cn.alfadb.netbird.e3vpna, orientation: 0
CST 2026-07-17 19:58:18.397  1522  1522 W A01a00/SYS_UI: LiveCapsuleListVm: start to toggleCapsuleList, param:  {"isUpwards":false,"isUpdateImmediately":false,"needAnimation":true,"needShowStatusBar":false}
CST 2026-07-17 19:58:18.397  1522  1522 W A01a00/SYS_UI: LiveCapsuleListVm: Visible is not changed, stop toggleCapsuleList. isForceUpdate: undefined
CST 2026-07-17 19:58:18.397  1522  1522 I A01a00/SYS_UI: StatusBarColorPickerVm --> App 20020062, foreground: true
CST 2026-07-17 19:58:18.400  1128  3611 I C01560/StaStateMachine: SeparatedState-msgCode=12324 received. m_instId=0
CST 2026-07-17 19:58:18.400  1128  3611 I C01560/StaStateMachine: InitState-msgCode=12324 is received. m_instId = 0
CST 2026-07-17 19:58:18.400  1128  3611 I C01560/StaStateMachine: ClosedState-msgCode=12324 is received. m_instId = 0
CST 2026-07-17 19:58:18.401   251   538 I C02801/AppStateObserver: [|90]The foregroundAppData_.size():3
CST 2026-07-17 19:58:18.401  1522  2234 I C04207/WMSFocus: reply
CST 2026-07-17 19:58:18.401   779  1202 E C04621/CFWKService: [window_state_manager_lite.cpp:139]GetFocusWindowInfoInner# invalid pid -1 uid 20020062
CST 2026-07-17 19:58:18.401   779  1202 E C04621/CFWKService: [window_state_manager_lite.cpp:106]Enable# Get FocusWindowInfoInner failed.
CST 2026-07-17 19:58:18.401   779  1202 I C04619/Publish: [service_publish_manager.cpp:2438]GetFocusWindowInfo# WindowInfo pid: 1522, windowId: 10
CST 2026-07-17 19:58:18.401   779  1202 I C04619/Publish: [service_publish_manager.cpp:2378]GetLatestPid# enter, windowId:10 sceneType:0
CST 2026-07-17 19:58:18.401   779  1202 I C04619/Publish: [service_publish_manager.cpp:2354]GetLatestPublishInfo# get targetPid: -1
CST 2026-07-17 19:58:18.401   779  1202 I C04619/Publish: [service_publish_manager.cpp:3342]GetWinPublishListener# find windowId:10, pid:1522, sceneType:0
CST 2026-07-17 19:58:18.401   779  1202 I C04619/Publish: [service_publish_manager.cpp:3378]GetWinPublishListenerLocked# 10_1522_0 get listener failed
CST 2026-07-17 19:58:18.401   779  1202 I C04619/Publish: [service_publish_manager.cpp:3351]GetWinPublishListener# find using default windowId:-1
CST 2026-07-17 19:58:18.401   779  1202 I C04619/Publish: [service_publish_manager.cpp:3378]GetWinPublishListenerLocked# -1_1522_0 get listener failed
CST 2026-07-17 19:58:18.401   779  1202 I C04619/Publish: [service_publish_manager.cpp:2378]GetLatestPid# enter, windowId:1 sceneType:0
CST 2026-07-17 19:58:18.401   779  1202 I C04619/Publish: [service_publish_manager.cpp:2366]GetSCBLatestPublishInfo# get SCB scene targetPid: -1
CST 2026-07-17 19:58:18.401   779  1202 I C04619/Publish: [service_publish_manager.cpp:3342]GetWinPublishListener# find windowId:10, pid:1522, sceneType:0
CST 2026-07-17 19:58:18.401   779  1202 I C04619/Publish: [service_publish_manager.cpp:3378]GetWinPublishListenerLocked# 10_1522_0 get listener failed
CST 2026-07-17 19:58:18.401   779  1202 I C04619/Publish: [service_publish_manager.cpp:3351]GetWinPublishListener# find using default windowId:-1
CST 2026-07-17 19:58:18.401   779  1202 I C04619/Publish: [service_publish_manager.cpp:3378]GetWinPublishListenerLocked# -1_1522_0 get listener failed
CST 2026-07-17 19:58:18.401   779  1202 I C04619/Publish: [service_publish_manager.cpp:2346]GetFocusWindowPublishListener# get windowId:10, pid:1522, Exit
CST 2026-07-17 19:58:18.401   779  1202 I C04619/Detect: [action_detect_manager.cpp:131]UpdatePublishState# update : 0, old : 0
CST 2026-07-17 19:58:18.401   779  1202 I C04621/CFWKService: [dynamic_thread_pool.cpp:318]WorkInThread# end--->task 3938818080497433335 run in thread 139908622366599 cost 5 ms
CST 2026-07-17 19:58:18.401  4125  4647 I C01332/UIAbility: [ui_ability_thread.cpp321]name:EntryAbility,targeState:5,isNewWant:0
CST 2026-07-17 19:58:18.401  1522  1522 I A0001b/AA: RecentlyUseController --> buildRecentlyUseInfo {"bundleName":"cn.alfadb.netbird.e3vpna","moduleName":"entry","abilityName":"EntryAbility","pid":4125,"uid":20020062,"state":2,"abilityType":1,"isAtomicService":false,"callerBundleName":""}
CST 2026-07-17 19:58:18.401  4125  4125 I C01332/UIAbility: [ui_ability_thread.cpp240]Lifecycle:name EntryAbility
CST 2026-07-17 19:58:18.401  4125  4125 I C04201/DMS: AddDisplayIdFromAms: abilityToken and display[0] has been added.
CST 2026-07-17 19:58:18.402  1522  1522 I A01a00/SYS_UI: PhoneAppManager: ability[cn.alfadb.netbird.e3vpna|undefined|EntryAbility] state change to 2
CST 2026-07-17 19:58:18.402  1522  1522 I A01a00/SYS_UI: PhoneAppManager: checkAbilityForegroundChange change: 2, cn.alfadb.netbird.e3vpna
CST 2026-07-17 19:58:18.402  1522  1522 I A01a01/NC: BannerNotificationEntryVm --> onForegroundAppEvent. cn.alfadb.netbird.e3vpna
CST 2026-07-17 19:58:18.402  4125  4125 W C04201/DMS: RegisterClientDeathListener: regis reverse death
CST 2026-07-17 19:58:18.402  4125  4125 I C04201/DMS: RegisterClientDeathListener: ENTER
CST 2026-07-17 19:58:18.402  1128  3096 I C01560/WifiFrameWork: OnForegroundApplicationChanged bundleName: cn.alfadb.netbird.e3vpna, uid: 20020062, state: 2, isFocused: 0
CST 2026-07-17 19:58:18.402   770  1078 I C04201/DMS: screen_session_manager.cpp RegisterClientDeathListener: pid: 4125, bundle name: cn.alfadb.netbird.e3vpna
CST 2026-07-17 19:58:18.402  1128  3612 I C01560/StaStateMachine: SeparatedState-msgCode=12324 received. m_instId=0
CST 2026-07-17 19:58:18.402  1128  3612 I C01560/StaStateMachine: InitState-msgCode=12324 is received. m_instId = 0
CST 2026-07-17 19:58:18.402  1128  3612 I C01560/StaStateMachine: ClosedState-msgCode=12324 is received. m_instId = 0
CST 2026-07-17 19:58:18.402   770  1078 W C04201/DMS: screen_session.cpp: call BMS
CST 2026-07-17 19:58:18.403   770  1078 I C04201/DMS: screen_session.cpp: pid:24, bundle:cn.alfadb.netbird.e3vpna, api:24
CST 2026-07-17 19:58:18.403   332   389 I C01f0b/Common: MsdpMovementManage ProcessEvent eventId=6
CST 2026-07-17 19:58:18.404  4125  4125 I C01332/UIAbility: [JUA2036]JsUIAbility call js, name: onCreate
CST 2026-07-17 19:58:18.404  4125  4125 I A02900/E3VpnGate: ENTRY_ONCREATE|bundle=cn.alfadb.netbird.e3vpna
CST 2026-07-17 19:58:18.404  4125  4125 I C01332/UIAbility: [JUA2081]end, name: onCreate, time: 0
CST 2026-07-17 19:58:18.404  4125  4125 E C01332/UIAbility: [ui_ability_impl.cpp314]hasSaveData_: false
CST 2026-07-17 19:58:18.405  4125  4125 W C01332/UIAbility: [JUA1223]formatRegex: []
CST 2026-07-17 19:58:18.405  4125  4125 I C04202/WMSMain: Init: WindowScene with window session!
CST 2026-07-17 19:58:18.405  4125  4125 I C04202/WMSMain: Init: set isModuleAbilityHookEnd
CST 2026-07-17 19:58:18.405  4125  4125 I C04204/WMSScb: RS multi-instance enabled: 1
CST 2026-07-17 19:58:18.405  4125  4125 I C01406/OHOS::RS: multi-instance, create RSUIContextManager, isMultiInstanceOpen_ 1
CST 2026-07-17 19:58:18.406   146   192 I C02c03/PARAM_WATCHER: SendLocalChange start keyPrefix persist.sys.graphic.animationscale remoteWatcherId 57
CST 2026-07-17 19:58:18.406   286   288 E C01700/RSS: [a92ab718da63471] DeliverResource, PluginMgr resType 1002 no lib register!
CST 2026-07-17 19:58:18.407   305   550 E C01704/TagSched: [a92ab718da63471] [ExecutorCheckTidIsInPid][Executor] ExecutorCheckTidIsInPid get reply is invalied
CST 2026-07-17 19:58:18.407   305   550 I C01704/TagSched: [a92ab718da63471] [SetQosRealtimeTask]ThreadModifyQos,setQos 769 tid[3587],  qos[7]
CST 2026-07-17 19:58:18.407   305   550 E C01704/TagSched: [a92ab718da63471] [OpenQosCtrl]Failed to open qos_ctrl device
CST 2026-07-17 19:58:18.407   305   550 E C01704/TagSched: [a92ab718da63471] [IsQosHandleOpen]get qosSetHandle_ fail
CST 2026-07-17 19:58:18.407   305   550 E C01704/TagSched: [a92ab718da63471] [SetQosInternal]qosSetHandle open fail
CST 2026-07-17 19:58:18.407   305   550 E C01704/TagSched: [a92ab718da63471] [OpenQosCtrl]Failed to open qos_ctrl device
CST 2026-07-17 19:58:18.407   305   550 E C01704/TagSched: [a92ab718da63471] [IsQosHandleOpen]get qosSetHandle_ fail
CST 2026-07-17 19:58:18.407   305   550 E C01704/TagSched: [a92ab718da63471] [SetQosInternal]qosSetHandle open fail
CST 2026-07-17 19:58:18.407   146   192 I C02c03/PARAM_WATCHER: [watcher_manager.cpp:187]Add watcher persist.sys.graphic.animationscale remoteWatcherId: 57 groupId 81 success
CST 2026-07-17 19:58:18.407   305   550 E C01704/TagSched: [a92ab718da63471] [OpenQosCtrl]Failed to open qos_ctrl device
CST 2026-07-17 19:58:18.407   305   550 E C01704/TagSched: [a92ab718da63471] [IsQosHandleOpen]get qosSetHandle_ fail
CST 2026-07-17 19:58:18.407   305   550 E C01704/TagSched: [a92ab718da63471] [SetQosInternal]qosSetHandle open fail
CST 2026-07-17 19:58:18.407   305   550 E C01704/TagSched: [a92ab718da63471] [OpenQosCtrl]Failed to open qos_ctrl device
CST 2026-07-17 19:58:18.407   305   550 E C01704/TagSched: [a92ab718da63471] [IsQosHandleOpen]get qosSetHandle_ fail
CST 2026-07-17 19:58:18.407  4125  4125 I C02c03/PARAM_WATCHER: Add watcher keyPrefix persist.sys.graphic.animationscale remoteWatcherId 57 success
CST 2026-07-17 19:58:18.407   305   550 E C01704/TagSched: [a92ab718da63471] [SetQosInternal]qosSetHandle open fail
CST 2026-07-17 19:58:18.407   305   550 E C01704/TagSched: [a92ab718da63471] [OpenQosCtrl]Failed to open qos_ctrl device
CST 2026-07-17 19:58:18.407   305   550 E C01704/TagSched: [a92ab718da63471] [IsQosHandleOpen]get qosSetHandle_ fail
CST 2026-07-17 19:58:18.407   305   550 E C01704/TagSched: [a92ab718da63471] [SetQosInternal]qosSetHandle open fail
CST 2026-07-17 19:58:18.407  4125  4125 I C04204/WMSScb: InitRSUIDirector: Create RSUIDirector: RSUIDirector's RSUIContext [token: 17716740096001, tid: 4125], rsUIContext: RSUIContext is null
CST 2026-07-17 19:58:18.407   769  3587 I C01406/RSClientToServiceConnection: CreateNodeAndSurface node id:17716740096002 name:e3vpna0 surface id:3302829850657 name:e3vpna0
CST 2026-07-17 19:58:18.416  4670  4670 W C02c02/PARAM: Selinux check name persist.init.debug.loglevel in u:object_r:startup_init_param:s0 [4670 2000 2000] failed
CST 2026-07-17 19:58:18.416  4670  4670 W C02c02/PARAM: Selinux check name persist.init.debug.loglevel in u:object_r:startup_init_param:s0 [4670 2000 2000] failed
CST 2026-07-17 19:58:18.416  4670  4670 W C02c02/PARAM: SystemReadParam failed!name is:persist.init.debug.loglevel,err:1002
CST 2026-07-17 19:58:18.423  4674  4674 W C02c02/PARAM: Selinux check name persist.init.debug.loglevel in u:object_r:startup_init_param:s0 [4674 2000 2000] failed
CST 2026-07-17 19:58:18.423  4674  4674 W C02c02/PARAM: Selinux check name persist.init.debug.loglevel in u:object_r:startup_init_param:s0 [4674 2000 2000] failed
CST 2026-07-17 19:58:18.423  4674  4674 W C02c02/PARAM: SystemReadParam failed!name is:persist.init.debug.loglevel,err:1002
CST 2026-07-17 19:58:18.424   605  1000 W C02515/DISP: [SetLayerMaskInfo:495] <private> is not supported
CST 2026-07-17 19:58:18.424   605   611 I C02515/DISP: [CommitComposeLayer:67] CommitComposeLayer! 10
CST 2026-07-17 19:58:18.424  4672  4672 W C02c02/PARAM: Selinux check name persist.init.debug.loglevel in u:object_r:startup_init_param:s0 [4672 2000 2000] failed
CST 2026-07-17 19:58:18.424  4672  4672 W C02c02/PARAM: Selinux check name persist.init.debug.loglevel in u:object_r:startup_init_param:s0 [4672 2000 2000] failed
CST 2026-07-17 19:58:18.424  4672  4672 W C02c02/PARAM: SystemReadParam failed!name is:persist.init.debug.loglevel,err:1002
CST 2026-07-17 19:58:18.424   769   769 I C01406/RSClientToServiceConnection: CreateNodeAndSurface RegisterRenderNode id:17716740096002, name:e3vpna0
CST 2026-07-17 19:58:18.425   769   769 E C01406/RSScreenManager: IsAllScreensPowerOff: screenPowerStatus_ is empty.
CST 2026-07-17 19:58:18.426  4673  4673 W C02c02/PARAM: Selinux check name persist.init.debug.loglevel in u:object_r:startup_init_param:s0 [4673 2000 2000] failed
CST 2026-07-17 19:58:18.426  4673  4673 W C02c02/PARAM: Selinux check name persist.init.debug.loglevel in u:object_r:startup_init_param:s0 [4673 2000 2000] failed
CST 2026-07-17 19:58:18.426  4673  4673 W C02c02/PARAM: SystemReadParam failed!name is:persist.init.debug.loglevel,err:1002
CST 2026-07-17 19:58:18.427  1522  1522 I C03930/AceAnimation: [(100000:100000:scope)] animateTo finish, cnt:46
CST 2026-07-17 19:58:18.427  1522  1522 I A01b09/RECENT: SCBDesktopCacheManager: FreezeTrack setWallPaperScale old:1, new:1, reason:onInactive
CST 2026-07-17 19:58:18.427  4125  4125 W C01409/APS_MANAGER: redo Connect
CST 2026-07-17 19:58:18.427  4125  4125 I C01409/APS_MANAGER: Start to ConnectService
CST 2026-07-17 19:58:18.427  4125  4125 I C01409/APS_MANAGER: GetSystemAbilityManager success
CST 2026-07-17 19:58:18.427  4125  4125 I C01409/APS_MANAGER: GetSystemAbility success
CST 2026-07-17 19:58:18.428  4125  4125 I C01406/OHOS::RS: RSLogManager init log flag: 0x0(0)
CST 2026-07-17 19:58:18.428  4125  4125 I C01406/OHOS::RS: RSFrameRateLinker::Create id: 17716740096000
CST 2026-07-17 19:58:18.428  4125  4125 I C04202/WMSMain: VsyncStation: id 17716740096002 created
CST 2026-07-17 19:58:18.428  4125  4125 I C04200/WindowSceneSessionImpl: WindowSceneSessionImpl: [WMSCom] Constructor e3vpna0
CST 2026-07-17 19:58:18.428  4125  4125 E C04200/WMS: SetWindowType: permission denied!
CST 2026-07-17 19:58:18.428  4125  4125 I C0420a/WMSLife: Create: Window Create name:e3vpna0, state:0, mode:0
CST 2026-07-17 19:58:18.435  4676  4676 W C02c02/PARAM: Selinux check name persist.init.debug.loglevel in u:object_r:startup_init_param:s0 [4676 2000 2000] failed
CST 2026-07-17 19:58:18.435  4676  4676 W C02c02/PARAM: Selinux check name persist.init.debug.loglevel in u:object_r:startup_init_param:s0 [4676 2000 2000] failed
CST 2026-07-17 19:58:18.435  4676  4676 W C02c02/PARAM: SystemReadParam failed!name is:persist.init.debug.loglevel,err:1002
CST 2026-07-17 19:58:18.436  4675  4675 W C02c02/PARAM: Selinux check name persist.init.debug.loglevel in u:object_r:startup_init_param:s0 [4675 2000 2000] failed
CST 2026-07-17 19:58:18.436  4675  4675 W C02c02/PARAM: Selinux check name persist.init.debug.loglevel in u:object_r:startup_init_param:s0 [4675 2000 2000] failed
CST 2026-07-17 19:58:18.436  4675  4675 W C02c02/PARAM: SystemReadParam failed!name is:persist.init.debug.loglevel,err:1002
CST 2026-07-17 19:58:18.508   605   611 W C02515/DISP: [SetLayerMaskInfo:495] <private> is not supported
CST 2026-07-17 19:58:18.508   605   611 I C02515/DISP: [CommitComposeLayer:67] CommitComposeLayer! 10
CST 2026-07-17 19:58:18.509   769   769 E C01406/RSScreenManager: IsAllScreensPowerOff: screenPowerStatus_ is empty.
CST 2026-07-17 19:58:18.509  4125  4125 I C0420a/WMSLife: Create: SetIsAbilityHookOff 0
CST 2026-07-17 19:58:18.509  4125  4125 W C0420a/WMSLife: IsWindowSessionInvalid: already destroyed or not created! id: 0 state_: 0
CST 2026-07-17 19:58:18.509  4125  4125 W C04200/WindowSceneSessionImpl: AdjustWindowAnimationFlag: session invalid!
CST 2026-07-17 19:58:18.509  4125  4125 I C04200/WindowSceneSessionImpl: Remove window flag WINDOW_FLAG_SHOW_WHEN_LOCKED
CST 2026-07-17 19:58:18.510  4125  4125 I C0420a/WMSLife: Connect: in
CST 2026-07-17 19:58:18.510  1522  1729 I C01406/OHOS::RS: RSSurfaceNode::Unmarshalling, Node: 17716740096002, Name: e3vpna0
CST 2026-07-17 19:58:18.511  1522  2129 I C0420a/WMSLife: ConnectInner: [id: 30] state: 0,isTerminating:0, callingPid:4125, disableDelegator:0
CST 2026-07-17 19:58:18.511  4125  4647 I C04208/WMSLayout: NotifyAppHookWindowInfoUpdated: in
CST 2026-07-17 19:58:18.511  1522  2129 I C04217/WMSAttribute: GetAbilityColorMode: winId: 30, colorMode: light, hasDarkRes: 0
CST 2026-07-17 19:58:18.511  1522  2129 I C01406/OHOS::RS: RSTransactionHandler::Begin syncId:0, transactionHandler:657390202, remoteTransactionDataStack.size:0
CST 2026-07-17 19:58:18.511  1522  2129 I C01406/OHOS::RS: RSTransactionHandler::Commit transactionHandler:657390202
CST 2026-07-17 19:58:18.511  1522  2129 I C04202/WMSMain: InitSessionPropertyWhenConnect: [id: 30] requestedOrientation: 0, defaultRequestedOrientation: 0, userRequestedOrientation: 0
CST 2026-07-17 19:58:18.511  1522  2129 I C0420c/WMSEvent: SetCallingPid: id:30, 4125
CST 2026-07-17 19:58:18.511  1522  2129 I C0420a/WMSLife: The windows of pid 4125 change to visibility.
CST 2026-07-17 19:58:18.511   770  1078 I C01311/AppMS: [WND_CHG_LSNR38]NotifyWindowPidVisibilityChanged called, pid:4125, visibilityState:0.
CST 2026-07-17 19:58:18.511  1522  2129 I C0420a/WMSLife: OnSessionStateChange: id: 30, state: 1
CST 2026-07-17 19:58:18.511   143   638 I C01800/SAMGR: SubscribeSA:1901,4125_26_1
CST 2026-07-17 19:58:18.511   143   638 I C01800/SAMGR: NotifyAddSA:1901,4125_1
CST 2026-07-17 19:58:18.512   770  1078 W C04201/DMS: screen_cutout_controller.cpp GetCutoutArea: display:[ID: 0, W: 1320, H: 2856, R: 0,Mode 0]
CST 2026-07-17 19:58:18.512  1522  2129 I C0420b/WMSKeyboard: CheckEmptyKeyboardAvoidAreaIfNeeded: check keyboard avoid area, isPhoneNotFreeMultiWindow: 1, isPadNotFreeMultiWindow: 0
CST 2026-07-17 19:58:18.512   305   550 E C01704/TagSched: [a92aba18da7d1dd] [OpenQosCtrl]Failed to open qos_ctrl device
CST 2026-07-17 19:58:18.512   305   550 E C01704/TagSched: [a92aba18da7d1dd] [IsQosHandleOpen]get qosSetHandle_ fail
CST 2026-07-17 19:58:18.512   305   550 E C01704/TagSched: [a92aba18da7d1dd] [SetQosInternal]qosSetHandle open fail
CST 2026-07-17 19:58:18.512   305   550 E C01704/TagSched: [a92aba18da7d1dd] [OpenQosCtrl]Failed to open qos_ctrl device
CST 2026-07-17 19:58:18.512   305   550 E C01704/TagSched: [a92aba18da7d1dd] [IsQosHandleOpen]get qosSetHandle_ fail
CST 2026-07-17 19:58:18.512   305   550 E C01704/TagSched: [a92aba18da7d1dd] [SetQosInternal]qosSetHandle open fail
CST 2026-07-17 19:58:18.512  1522  1522 I A0420a/WMSLife: onSessionStateChange state:1
CST 2026-07-17 19:58:18.513  1522  2129 I C0393b/AceWindowScene: [(-1:100000:singleton)] isAbilityHook: 0
CST 2026-07-17 19:58:18.513  1522  2129 I C0420a/WMSLife: ConnectInner: set session id 30 disableDelegator 0
CST 2026-07-17 19:58:18.513  1522  2129 I C04200/WMS: NotifyPropertyWhenConnect: In
CST 2026-07-17 19:58:18.513  1522  2129 I C04207/WMSFocus: NotifySessionFocusableChange: id: 30, focusable: 1
CST 2026-07-17 19:58:18.513  1522  2129 I C04200/WMS: OnSessionTouchableChange: 1
CST 2026-07-17 19:58:18.513  1522  2129 I C04200/WMS: OnShowWhenLocked: 0
CST 2026-07-17 19:58:18.513  1522  2129 I C0421a/WMSLayoutPc: RegisterFoldScreenStatusChangeCallback: id: 30
CST 2026-07-17 19:58:18.513  1522  2129 W C0421a/WMSLayoutPc: RegisterFoldScreenStatusChangeCallback: callback has registered
CST 2026-07-17 19:58:18.513  1522  2129 I C0421a/WMSLayoutPc: RegisterSystemKeyboardStatusChangeCallback: id: 30
CST 2026-07-17 19:58:18.513  1522  2129 W C0421a/WMSLayoutPc: RegisterSystemKeyboardStatusChangeCallback: callback has registered
CST 2026-07-17 19:58:18.514  4125  4125 I C04208/WMSLayout: Connect: updateRect when connect.preRect:[0,0,0,0]rect:[0,0,1320,2856]
CST 2026-07-17 19:58:18.514  4125  4647 I C0421c/WMSCompat: SetAppHookWindowInfo: Id:30, preHookWindowInfo:[enableHookWindow: false, widthHookRatio: 1.000000, notifyWindowChange: false], newHookWindowInfo:[enableHookWindow: false, widthHookRatio: 1.000000, notifyWindowChange: false]
CST 2026-07-17 19:58:18.514  1522  1522 I C04204/WMSScb: GetSurfaceNode: id: 30, surfaceNode: RSNode [id: 17716740096002], RSUIContext [token: 6536940224513, tid: 1522], original: RSUIContext [token: 6536940224513, tid: 1522]
CST 2026-07-17 19:58:18.514  4125  4651 I C04208/WMSLayout: UpdateRect: id:30 name:e3vpna0 rect:[0 0 1320 2856]->[0 0 1320 2856] reason:23 displayId:0
CST 2026-07-17 19:58:18.514  1522  1522 I C0393b/AceWindowScene: [(100000:100000:scope)] AddChild AppWindow, 2533
CST 2026-07-17 19:58:18.514  4125  4651 I C04208/WMSLayout: NotifyFirstValidLayoutUpdate: Id:30, rect:[0 0 1320 2856]
CST 2026-07-17 19:58:18.514  4125  4651 W C04208/WMSLayout: NotifySingleHandTransformChange: id:30, uiContent is nullptr
CST 2026-07-17 19:58:18.514  1522  1522 I C0393b/AceWindowScene: [(100000:100000:scope)] Add app window finished, id: 30, node id: 2533, name: cn.alfadb.netbird.e3vpna, rect: RectT (0.00, 0.00) - [1320.00 x 2856.00]
CST 2026-07-17 19:58:18.514  4125  4679 W C057c1/IPCWorkThread: ThreadHandler: proto:0 policy:0 name:OS_IPC_3_4679 invoker:14675232
CST 2026-07-17 19:58:18.514  4125  4125 I C0420a/WMSLife: Connect: Window Connect [name:e3vpna0, id:30, type:1], ret:0, oriDisplayId:0, curDisplayId:0
CST 2026-07-17 19:58:18.514  4125  4125 I C0421c/WMSCompat: SendCombinedCompatibleConfigToArkUI: bundleName: cn.alfadb.netbird.e3vpna, combinedCompatibleConfig size: 2
CST 2026-07-17 19:58:18.514  4125  4125 I C0421c/WMSCompat: SendCombinedCompatibleConfigToArkUI: bundleName:cn.alfadb.netbird.e3vpna, logicalDeviceConfig size:2, arkUIAndWebConfig size:65
CST 2026-07-17 19:58:18.514  4125  4125 I C03900/ACE_UIContent: [201]get angle info: {}
CST 2026-07-17 19:58:18.514  4125  4125 I C0421c/WMSCompat: SendCombinedCompatibleConfigToArkUI: Send null logical device config to arkui
CST 2026-07-17 19:58:18.514  4125  4125 I C0421c/WMSCompat: SendCombinedCompatibleConfigToArkUI: Send combined compatible config to arkui successfully!
CST 2026-07-17 19:58:18.514  4125  4125 I C04208/WMSLayout: SetWindowMode: windowId: 30, windowModeSupportType: 63, mode: 1
CST 2026-07-17 19:58:18.515  1522  2235 E C04200/WMS: UpdateSessionPropertyByAction: permission denied! action: 262144
CST 2026-07-17 19:58:18.515   201  2303 I C01d00/accessibility: [(WindowUpdateAll:1027)]WindowUpdateAll start activeWindowId_: -1
CST 2026-07-17 19:58:18.515  4125  4125 I C04208/WMSLayout: NotifyWindowStatusChange: id:30, windowMode:1, windowStatus:1, lastWindowStatus:0, skipRedundantWindowStatusNotifications:0
CST 2026-07-17 19:58:18.515   201  2303 I C01d00/accessibility: [(WindowUpdateAll:1079)]WindowUpdateAll end activeWindowId_: -1
CST 2026-07-17 19:58:18.515  4125  4125 I C04208/WMSLayout: SetConfigWindowLimitsVP: id:30, windowLimits:[0 0 0 0 0.000000 0.000000 1.000000 1]
CST 2026-07-17 19:58:18.515  4125  4125 I C04208/WMSLayout: GetSystemSizeLimits: px[6720,6720,1120,840], vp[1920,1920,320,240], configMax:1920, vpr:3.500000, winType:1
CST 2026-07-17 19:58:18.516  1522  2129 I C04208/WMSLayout: HandleActionUpdateWindowLimits: id:30, px:[6720 6720 1120 840 0.000000 0.000000 3.500000 0], vp:[1920 1920 320 240 0.000000 0.000000 3.500000 1], userLimitsUnit:1
CST 2026-07-17 19:58:18.516  1522  2129 I C04209/WMSImms: OnNeedAvoid win 30 status 0
CST 2026-07-17 19:58:18.516  4125  4125 I C0421a/WMSLayoutPc: GetSupportedWindowModesConfiguration: winId: 30, windowModeSupportType: 15
CST 2026-07-17 19:58:18.516  4125  4125 I C04202/WMSMain: SetSupportedWindowModesForAncoInFreeWindow: is not anco app, need not update support window mode.
CST 2026-07-17 19:58:18.516  4125  4125 I C04208/WMSLayout: GetConfigurationFromAbilityInfo: windowId: 30, windowModeSupportType: 15, isAncoSupportFreeWindow: 0
CST 2026-07-17 19:58:18.516  1522  1522 I A04200/WINDOW: SCBSceneSession: onSessionWindowLimitsChange
CST 2026-07-17 19:58:18.516  1522  1729 E C04200/WMS: UpdateSessionPropertyByAction: permission denied! action: 2048
CST 2026-07-17 19:58:18.516  4125  4125 I C0420f/WMSRecover: RegisterSessionRecoverCallbackFunc: persistentId=30
CST 2026-07-17 19:58:18.516  4125  4125 I C04209/WMSImms: UpdateStatusBarColorByColorMode: win 30 type 1 hasDarkRes 0 colorMode light
CST 2026-07-17 19:58:18.516  1522  1522 I A04200/WINDOW: SCBScene: [SCBKeyboard] keyboard session is null, no need update keyboard offset
CST 2026-07-17 19:58:18.516   201  2133 I C01d00/accessibility: [(WindowUpdateAll:1027)]WindowUpdateAll start activeWindowId_: -1
CST 2026-07-17 19:58:18.517  4125  4125 I C04200/WMS: IsMainHandlerAvailable: id:30, isAvailable:1
CST 2026-07-17 19:58:18.517  4125  4125 I C04200/WMS: IsMainHandlerAvailable: id:30, isAvailable:1
CST 2026-07-17 19:58:18.517  4125  4125 I C02800/InputManagerImpl: [][SetWindowInputEventConsumer:366] enter
CST 2026-07-17 19:58:18.517  1522  1522 I A04200/WINDOW: SCBSSM: onStatusBarEnableChange screenId: 0 statusBarEnable: true
CST 2026-07-17 19:58:18.517   201  2133 I C01d00/accessibility: [(WindowUpdateAll:1079)]WindowUpdateAll end activeWindowId_: -1
CST 2026-07-17 19:58:18.517   251   516 I C02800/ClientDeathHandler: [|113]Insert Death recipient pid:4125 has existed
CST 2026-07-17 19:58:18.517   251   251 I C02801/MMIService: [|4838]TransferBinderClientSrv result:0
CST 2026-07-17 19:58:18.518   251   251 I C02800/Util: [][GetProcessName:662] enter
CST 2026-07-17 19:58:18.518   251   251 I C02800/Util: [][GetProcessName] leave
CST 2026-07-17 19:58:18.518   251   251 I C02801/MMIService: [|643]Enter, programName:{cn.alfadb.netbird.e3vpna:1}, moduleType:0, pid:4125
CST 2026-07-17 19:58:18.518   251   516 E C02801/UDSServer: [|59]Not found pid:4125
CST 2026-07-17 19:58:18.518   251   516 E C02800/Util: [|406]CHKPS(realpath(filePath.c_str(), realPath)) is null
CST 2026-07-17 19:58:18.518   251   516 E C02801/BundleNameParser: [|49]Read bundleName failed
CST 2026-07-17 19:58:18.518   251   516 E C02801/BundleNameParser: [|70]Init failed
CST 2026-07-17 19:58:18.518   251   516 I C02801/MMIService: [|314]The userdata:[fd:41, type:1]
CST 2026-07-17 19:58:18.518   251   516 I C02801/UDSServer: [|329]Add 41 in epollEvent map
CST 2026-07-17 19:58:18.518   251   516 I C02801/UDSServer: [|423]The pid:4125, fd:41
CST 2026-07-17 19:58:18.518   251   516 I C02801/UDSServer: [|442]AddSession end
CST 2026-07-17 19:58:18.518   251   516 I C02801/MMIService: [|733]Get fd:41
CST 2026-07-17 19:58:18.518   251   251 I C02801/MMIService: [|670]Leave, programName:cn.alfadb.netbird.e3vpna, moduleType:0, alloc success
CST 2026-07-17 19:58:18.518  4125  4125 I C02800/MMIClient: [|267]Connection to server succeeded, fd:32
CST 2026-07-17 19:58:18.518  4125  4125 I C02800/MMIClient: [|166]Server was listening
CST 2026-07-17 19:58:18.518  4125  4125 I C02800/MMIClient: [|127]reuse current event handler, thread name:
CST 2026-07-17 19:58:18.518  4125  4125 I C02800/MMIClient: [|130]File fd is in listening
CST 2026-07-17 19:58:18.518  4125  4125 I C02800/InputManagerImpl: [][SetWindowInputEventConsumer] leave
CST 2026-07-17 19:58:18.518  4125  4125 I C0420c/WMSEvent: AddInputWindow: SetWindowInputEventConsumer success, wid:30
CST 2026-07-17 19:58:18.518  4125  4125 I C0420c/WMSEvent: LoadGameController: in
CST 2026-07-17 19:58:18.523  1522  2132 I C0420c/WMSEvent: LogWinInfo: eid:32,size:9,idList:3|0|1|100|1522|1522|1;4|0|1|101|1522|1522|1;7|0|0|1|1522|1522|1;10|0|0|2|1522|1522|1;17|0|1|3|1522|1522|1;19|0|2048|2200|1522|1522|1;21|0|0|2202|1522|1522|1;25|0|2048|4102|1522|1522|2;30|0|0|102|4125|4125|1;30|0,0|1,1|-84,-84,1488,3024
CST 2026-07-17 19:58:18.523  4125  4125 I C04732/GameController: [(RegisterEntryModule:24)]begin load gamecontroller_event
CST 2026-07-17 19:58:18.523  4125  4125 I C04732/GameController: [(StartInputToTouch:61)]Begin StartInputToTouch
CST 2026-07-17 19:58:18.523  4125  4125 I C0420c/WMSEvent: LoadGameController: dlopen GameController success
CST 2026-07-17 19:58:18.523   251   516 I C02803/InputWindowsManager: [|8263]newMainDisplayInfo:0, oldMainDisplayInfo:0
CST 2026-07-17 19:58:18.523   251   516 I C02803/InputWindowsManager: [|8263]newMainDisplayInfo:0, oldMainDisplayInfo:0
CST 2026-07-17 19:58:18.523   251   516 I C02803/InputWindowsManager: [|2067]19|0|2758|1320|98|1,0|0|1320|98
CST 2026-07-17 19:58:18.524  4125  4125 I C0420c/WMSEvent: SubscribeEvent: Subscribe touch.events.touchpredict Event
CST 2026-07-17 19:58:18.524  1522  1522 I C01406/RSNode: RSNode::AddChild, Id: 6536940225427, SurfaceNode:[Id: 17716740096002, name: e3vpna0]
CST 2026-07-17 19:58:18.524   143   638 I C01800/SAMGR: SubscribeSA:3299,4125_122_2
CST 2026-07-17 19:58:18.524   143   638 I C01800/SAMGR: NotifyAddSA:3299,4125_2
CST 2026-07-17 19:58:18.525  4125  4125 I C04217/WMSAttribute: ConnectServer: start connect
CST 2026-07-17 19:58:18.525  4125  4125 I C04217/WMSAttribute: ConnectServer: end connect
CST 2026-07-17 19:58:18.525  4125  4125 W C04217/WMSAttribute: RegisterGetWMSWindowListCallback: callback has registered
CST 2026-07-17 19:58:18.525  4125  4125 I C04217/WMSAttribute: RegisterGetWMSWindowListCallback: winId: 30
CST 2026-07-17 19:58:18.525  4125  4125 I C04217/WMSAttribute: UpdateColorMode: winId: 30, colorMode: light
CST 2026-07-17 19:58:18.525  4125  4125 I C04218/WMSPc: UpdateSidebarBlurStyleWhenColorModeChange: in, persistentId=30
CST 2026-07-17 19:58:18.525  4125  4125 W C04218/WMSPc: UpdateSidebarBlurStyleWhenColorModeChange: RSAnimatableProperty is null
CST 2026-07-17 19:58:18.525  4125  4125 I C04217/WMSAttribute: UpdateColorMode: winId: 30, colorMode: light, hasDarkRes: 0
CST 2026-07-17 19:58:18.525  4125  4125 I C0421c/WMSCompat: SetPcAppInpadSpecificSystemBarInvisible: isPcAppInpadSpecificSystemBarInvisible: 0
CST 2026-07-17 19:58:18.525   770  1538 I C01202/Subscriber: Subscribe cn.alfadb.netbird.e3vpna(userId = 100, subId = 4125_20020062_-1_520_143385, ffrtCost 0 ms, taskCost 0 ms)
CST 2026-07-17 19:58:18.525  4125  4125 I C0421c/WMSCompat: SetPcAppInpadOrientationLandscape: isPcAppInpadOrientationLandscape: 0
CST 2026-07-17 19:58:18.525  4125  4125 I C0420a/WMSLife: Create: Window Create success [name:e3vpna0, id:30], state:1, mode:1, enableDefaultDensity:0, displayId:0
CST 2026-07-17 19:58:18.525  4125  4125 E C04200/WMS: singleton_container.cpp GetSingleton: cant get OHOS::Rosen::WindowInfoReporter
CST 2026-07-17 19:58:18.525  1522  1729 I C04217/WMSAttribute: OnUpdateColorMode: winId: 30, colorMode: light, hasDarkRes: 0
CST 2026-07-17 19:58:18.525  1522  1729 I C04217/WMSAttribute: GetAbilityColorMode: winId: 30, colorMode: light, hasDarkRes: 0
CST 2026-07-17 19:58:18.525  1522  1729 I C01406/OHOS::RS: RSTransactionHandler::Begin syncId:0, transactionHandler:657390202, remoteTransactionDataStack.size:0
CST 2026-07-17 19:58:18.526  4125  4125 I C01332/UIAbility: [JUA2036]JsUIAbility call js, name: onWindowStageCreate
CST 2026-07-17 19:58:18.526  4125  4125 I C04200/JsWindowStage: LoadContent: [NAPI]
CST 2026-07-17 19:58:18.526  4125  4125 I C01332/UIAbility: [JUA2081]end, name: onWindowStageCreate, time: 0
CST 2026-07-17 19:58:18.526  4125  4125 I C0420a/WMSLife: NotifyWindowStageCreateFinished: id: 30
CST 2026-07-17 19:58:18.526  1522  1729 I C01406/OHOS::RS: RSTransactionHandler::Commit transactionHandler:657390202
CST 2026-07-17 19:58:18.526  4125  4125 I C01332/UIAbility: [JUA2036]JsUIAbility call js, name: onWillForeground
CST 2026-07-17 19:58:18.526  4125  4125 I C01332/UIAbility: [JUA2081]end, name: onWillForeground, time: 0
CST 2026-07-17 19:58:18.526  4125  4125 I C04202/WMSMain: GoForeground: reason: 4
CST 2026-07-17 19:58:18.526  4125  4125 I C0420a/WMSLife: Show: Window show [name: e3vpna0, id: 30, type: 1], reason: 4, state:1, requestState:1
CST 2026-07-17 19:58:18.526  4125  4125 I C04208/WMSLayout: GetSystemSizeLimits: px[6720,6720,1120,840], vp[1920,1920,320,240], configMax:1920, vpr:3.500000, winType:1
CST 2026-07-17 19:58:18.526  4125  4125 I C04208/WMSLayout: UpdateNewSize: fullscreen or compatible mode could not update new size, Id: 30
CST 2026-07-17 19:58:18.526  1522  2129 I C0420a/WMSLife: OnSessionEvent event: 201
CST 2026-07-17 19:58:18.526  1522  2129 I C04200/WMS: OnSessionEvent: 201
CST 2026-07-17 19:58:18.526  1522  2129 I C04208/WMSLayout: HandleActionUpdateWindowLimits: id:30, px:[6720 6720 1120 840 0.000000 0.000000 3.500000 0], vp:[1920 1920 320 240 0.000000 0.000000 3.500000 1], userLimitsUnit:1
CST 2026-07-17 19:58:18.526   770  1078 W C011fc/BMSExt: [IsTargetApp:729]bundleName or appIdentifier is empty
CST 2026-07-17 19:58:18.527  4125  4125 I C04217/WMSAttribute: IsSystemDensityChanged: windowId: 30, lastDensity: -1.000000, currDensity: 3.500000
CST 2026-07-17 19:58:18.527  4125  4125 W C04200/WindowSessionImpl: UpdateViewportConfig: uiContent is null!
CST 2026-07-17 19:58:18.527  4125  4680 I C04732/GameController: [(GetSelfBundleName:49)]The current bundleName [cn.alfadb.netbird.e3vpna]. version [0.0.1]
CST 2026-07-17 19:58:18.527  4125  4680 I C04732/GameController: [(IsCommonApp:94)]The [cn.alfadb.netbird.e3vpna] is a common app.
CST 2026-07-17 19:58:18.527  1522  2129 I C0420a/WMSLife: Foreground: [id: 30] state:1, isTerminating:0
CST 2026-07-17 19:58:18.527  1522  2129 I C0420a/WMSLife: OnSessionStateChange: id: 30, state: 2
CST 2026-07-17 19:58:18.527  4125  4125 I C01332/UIAbility: [ui_ability_impl.cpp439]wnd call, AfterForeground
CST 2026-07-17 19:58:18.527  4125  4125 W C0420a/WMSLife: GetAttachStateSyncResult: lifecycleCallback is null
CST 2026-07-17 19:58:18.527  1522  2129 I C04207/WMSFocus: NotifyFocusStatus: name: cn.alfadb.netbird.e3vpna/EntryAbility/e3vpna0, id: 30, isFocused: 1
CST 2026-07-17 19:58:18.527  4125  4125 I C01406/OHOS::RS: RSFrameRateLinker::Create id: 17716740096001
CST 2026-07-17 19:58:18.527  4125  4680 W C04732/GameController: [(ReadJsonFromFile:224)]realpath failed for [/data/service/el1/public/for-all-app/gamecontroller_server/game_support_key_mapping.json]
CST 2026-07-17 19:58:18.527  4125  4680 I C04732/GameController: [(SetSupportKeyMapping:73)]SetSupportKeyMapping. isSupportKeyMapping_ is [0]
CST 2026-07-17 19:58:18.527  4125  4680 I C04732/GameController: [(DoAsyncTask:76)]The app does not support input-to-touch feature.
CST 2026-07-17 19:58:18.528   770  1063 I C01311/AppMS: [AMSI8418]uid:20020062, pid:4125
CST 2026-07-17 19:58:18.528   775  1087 I C02b91/AVSession: [HandleAppStateChanged]uid=20020062|pid=4125|state=2
CST 2026-07-17 19:58:18.528   286   288 E C01700/RSS: [a92abb18da80f02] DeliverResource, PluginMgr resType 1002 no lib register!
CST 2026-07-17 19:58:18.529   305   374 I C01706/ueaServer-IntelliSenseServer: [a92abc18da8107f] [ReportWindowFocus]:4125 get focus in screen 0
CST 2026-07-17 19:58:18.529   305   552 E C01704/TagSched: [a92abb18da80f02] [ExecutorCheckTidIsInPid][Executor] ExecutorCheckTidIsInPid get reply is invalied
CST 2026-07-17 19:58:18.529   305   552 I C01704/TagSched: [a92abb18da80f02] [SetQosRealtimeTask]ThreadModifyQos,setQos 769 tid[3325],  qos[7]
CST 2026-07-17 19:58:18.529   305   552 E C01704/TagSched: [a92abb18da80f02] [OpenQosCtrl]Failed to open qos_ctrl device
CST 2026-07-17 19:58:18.529   305   552 E C01704/TagSched: [a92abb18da80f02] [IsQosHandleOpen]get qosSetHandle_ fail
CST 2026-07-17 19:58:18.529   305   552 E C01704/TagSched: [a92abb18da80f02] [SetQosInternal]qosSetHandle open fail
CST 2026-07-17 19:58:18.529   305   552 E C01704/TagSched: [a92abb18da80f02] [OpenQosCtrl]Failed to open qos_ctrl device
CST 2026-07-17 19:58:18.529   305   552 E C01704/TagSched: [a92abb18da80f02] [IsQosHandleOpen]get qosSetHandle_ fail
CST 2026-07-17 19:58:18.529   305   552 E C01704/TagSched: [a92abb18da80f02] [SetQosInternal]qosSetHandle open fail
CST 2026-07-17 19:58:18.529   305   552 E C01704/TagSched: [a92abb18da80f02] [OpenQosCtrl]Failed to open qos_ctrl device
CST 2026-07-17 19:58:18.529   305   552 E C01704/TagSched: [a92abb18da80f02] [IsQosHandleOpen]get qosSetHandle_ fail
CST 2026-07-17 19:58:18.529   305   552 E C01704/TagSched: [a92abb18da80f02] [SetQosInternal]qosSetHandle open fail
CST 2026-07-17 19:58:18.529   305   552 E C01704/TagSched: [a92abb18da80f02] [OpenQosCtrl]Failed to open qos_ctrl device
CST 2026-07-17 19:58:18.529   305   552 E C01704/TagSched: [a92abb18da80f02] [IsQosHandleOpen]get qosSetHandle_ fail
CST 2026-07-17 19:58:18.529   305   552 E C01704/TagSched: [a92abb18da80f02] [SetQosInternal]qosSetHandle open fail
CST 2026-07-17 19:58:18.529   305   552 E C01704/TagSched: [a92abb18da80f02] [OpenQosCtrl]Failed to open qos_ctrl device
CST 2026-07-17 19:58:18.529   305   552 E C01704/TagSched: [a92abb18da80f02] [IsQosHandleOpen]get qosSetHandle_ fail
CST 2026-07-17 19:58:18.529   305   552 E C01704/TagSched: [a92abb18da80f02] [SetQosInternal]qosSetHandle open fail
CST 2026-07-17 19:58:18.529   305   552 E C01704/TagSched: [a92abb18da80f02] [OpenQosCtrl]Failed to open qos_ctrl device
CST 2026-07-17 19:58:18.529   305   552 E C01704/TagSched: [a92abb18da80f02] [IsQosHandleOpen]get qosSetHandle_ fail
CST 2026-07-17 19:58:18.529   305   552 E C01704/TagSched: [a92abb18da80f02] [SetQosInternal]qosSetHandle open fail
CST 2026-07-17 19:58:18.529   305   552 E C01704/TagSched: [a92abc18da8107f] [OpenQosCtrl]Failed to open qos_ctrl device
CST 2026-07-17 19:58:18.529   305   552 E C01704/TagSched: [a92abc18da8107f] [IsQosHandleOpen]get qosSetHandle_ fail
CST 2026-07-17 19:58:18.529   305   552 E C01704/TagSched: [a92abc18da8107f] [SetQosInternal]qosSetHandle open fail
CST 2026-07-17 19:58:18.529   305   552 E C01704/TagSched: [a92abc18da8107f] [OpenQosCtrl]Failed to open qos_ctrl device
CST 2026-07-17 19:58:18.529   305   552 E C01704/TagSched: [a92abc18da8107f] [IsQosHandleOpen]get qosSetHandle_ fail
CST 2026-07-17 19:58:18.529   305   552 E C01704/TagSched: [a92abc18da8107f] [SetQosInternal]qosSetHandle open fail
CST 2026-07-17 19:58:18.529   305   552 E C01704/TagSched: [a92abc18da8107f] [OpenQosCtrl]Failed to open qos_ctrl device
CST 2026-07-17 19:58:18.529   305   552 E C01704/TagSched: [a92abc18da8107f] [IsQosHandleOpen]get qosSetHandle_ fail
CST 2026-07-17 19:58:18.529   305   552 E C01704/TagSched: [a92abc18da8107f] [SetUclamp]qosSetHandle open fail
CST 2026-07-17 19:58:18.529   305   552 E C01704/TagSched: [a92abc18da8107f] [OpenQosCtrl]Failed to open qos_ctrl device
CST 2026-07-17 19:58:18.529   305   552 E C01704/TagSched: [a92abc18da8107f] [IsQosHandleOpen]get qosSetHandle_ fail
CST 2026-07-17 19:58:18.529   305   552 E C01704/TagSched: [a92abc18da8107f] [SetUclamp]qosSetHandle open fail
CST 2026-07-17 19:58:18.529   305   552 E C01704/TagSched: [a92abc18da8107f] [OpenQosCtrl]Failed to open qos_ctrl device
CST 2026-07-17 19:58:18.529   305   552 E C01704/TagSched: [a92abc18da8107f] [IsQosHandleOpen]get qosSetHandle_ fail
CST 2026-07-17 19:58:18.529   305   552 E C01704/TagSched: [a92abc18da8107f] [SetUclamp]qosSetHandle open fail
CST 2026-07-17 19:58:18.529   305   542 I C01710/BUNDLE_ACTIVE: [bundle_active_app_state_obsever.cpp(OnAbilityStateChanged):61]OnAblityStateChanged userid is 100, bundle name is cn.alfadb.netbird.e3vpna, uid is 20020062, event is 2, timestamp is 143389
CST 2026-07-17 19:58:18.529   305   368 I C01710/BUNDLE_ACTIVE: [bundle_active_bundle_mgr_helper.cpp(GetApplicationInfo):65]bundleMgr is null: 0 
CST 2026-07-17 19:58:18.530   201   918 I C01d00/accessibility: [(WindowUpdateAll:1027)]WindowUpdateAll start activeWindowId_: -1
CST 2026-07-17 19:58:18.530   201   918 I C01d00/accessibility: [(SetActiveWindow:398)]windowId is 30, activeWindowId_: -1
CST 2026-07-17 19:58:18.531   770  4608 W C01123/BMSCommon: uid(2000) invalid
CST 2026-07-17 19:58:18.533   305   373 I C01706/ueaServer-FrameMsgIntf: [a92abf18da82200] ReportProcessInfo pid is 4125, uid is 20020062
CST 2026-07-17 19:58:18.533   305   373 I C01706/ueaServer-IntelliSenseServer: [a92abf18da82200] Get app info:4125 20020062 cn.alfadb.netbird.e3vpna 2
CST 2026-07-17 19:58:18.533   305   373 I C01705/IOLIMIT: [a92abf18da82200] [(HandleAppStateChange):263] Add foreground list app uid: 20020062, pid: 4125.
CST 2026-07-17 19:58:18.533   305  4155 I C01731/SUSPEND_MSG: [a92ab018da823d4] 20020062_cn.alfadb.netbird.e3vpna_4125, state:2
CST 2026-07-17 19:58:18.533   305  4155 E C01724/TASK_DETECTION: [a92ab018da823d4] [OnAppStateChanged:632]Task detection feature is not ready
CST 2026-07-17 19:58:18.533   305  4155 E C01717/APP_TYPE_MGR: [a92ab018da823d4] App type manager service is not ready, RequestApplicationType failed
CST 2026-07-17 19:58:18.533   315  1327 I C015b5/NetMgrEnhanced: uid:20020062, pid:4125, state:2, isFocused:1, cn.alfadb.netbird.e3vpna
CST 2026-07-17 19:58:18.536  1522  2129 I C04207/WMSFocus: NotifySessionFocused: Id:30
CST 2026-07-17 19:58:18.536  1522  2129 I C0420a/WMSLife: SetActive: new active:1, id:30, state:2
CST 2026-07-17 19:58:18.536  1522  2129 I C0420a/WMSLife: OnSessionStateChange: id: 30, state: 3
CST 2026-07-17 19:58:18.536  1522  2129 I C01406/OHOS::RS: RSTransactionHandler::Begin syncId:0, transactionHandler:3899754376, remoteTransactionDataStack.size:0
CST 2026-07-17 19:58:18.536  1522  2129 I C01406/OHOS::RS: RSSurfaceNode::SetSecurityLayer, surfaceNodeId:[6536940225427] isSecurityLayer:false
CST 2026-07-17 19:58:18.536  1522  2129 I C01406/OHOS::RS: RSTransactionHandler::Commit transactionHandler:3899754376
CST 2026-07-17 19:58:18.537  1522  2129 I C0421e/WMSAnimation: DisableUIFirstIfNeed: UIFirst is disabled, id: 30.
CST 2026-07-17 19:58:18.537   779  1243 I C04621/CFWKService: [window_state_manager_lite.cpp:197]NotifyFocusChanged# focus on 4125, 20020062, 30
CST 2026-07-17 19:58:18.538   305   374 E C01731/SUSPEND_MSG: [a92ab218da835bc] [(ThawOneApplication):37] suspend manager is not ready.
CST 2026-07-17 19:58:18.539   332   389 I C01f0b/TelephonyExtPower: IsUidHotSwitch: false
CST 2026-07-17 19:58:18.539   332   389 I C01f0b/TelephonyExtPower: Hot Switch List Add uid: 20020062
CST 2026-07-17 19:58:18.539   332   389 I C01f0b/Common: MsdpMovementManage ProcessEvent eventId=6
CST 2026-07-17 19:58:18.539   332   389 I C01f0b/ConnCure: IsUserDataEnabled: 1
CST 2026-07-17 19:58:18.540   162  1177 I C02d10/ProcessStatus: UpdateProcessForegroundState: pid=4125 state=FOREGROUND
CST 2026-07-17 19:58:18.541   315  3657 I C015b5/NetMgrEnhanced: NotifyAbilityStateChanged:uid=2******2, pid=4125, state=2, abilityName=EntryAbility
CST 2026-07-17 19:58:18.541   315  3657 I C015b5/NetMgrEnhanced: uid=2******2, pid=4125, state=2, bundleName=cn.alfadb.netbird.e3vpna, isFocused =1.
CST 2026-07-17 19:58:18.541  1128  1141 I C01560/WifiFrameWork: OnForegroundApplicationChanged bundleName: cn.alfadb.netbird.e3vpna, uid: 20020062, state: 2, isFocused: 1
CST 2026-07-17 19:58:18.541  1128  1178 I C01560/WifiFrameWork: OnForegroundApplicationChanged bundleName: cn.alfadb.netbird.e3vpna, uid: 20020062, state: 2, isFocused: 1
CST 2026-07-17 19:58:18.542   315  3657 W C01650/RdbStoreManager: IsConfigInvalidChanged:no bundleName
CST 2026-07-17 19:58:18.542   315  3657 E C01650/SilentProxy: IsSupportSilentFromService:GetRdbService failed, err is 27394049.
CST 2026-07-17 19:58:18.544  2361  2448 I C05a05/AppStateObserver: [AddProcessToForegroundSet]pid 4125 is already in foreground
CST 2026-07-17 19:58:18.544   315  3657 I C01650/ConnectionPool: Create:code:0 app[:] area[el1] cfg[0,0,0,0,5,0,0]net***.db:<DB,0xc81c3,12288,100660><DWR,0xc81c4,12288,100660><SHM,0xc81c7,32768,100660><WAL,0xc81c5,0,100660>, pathSize:60
CST 2026-07-17 19:58:18.544   251   251 I C02801/AppStateObserver: [|39]Process state change app name:cn.alfadb.netbird.e3vpna, uid:20020062, state:2
CST 2026-07-17 19:58:18.545   315  3657 W C015b5/NetMgrEnhanced: Qoe is not supported.
CST 2026-07-17 19:58:18.545   315  3657 I C015b5/NetMgrEnhanced: qoeInterface is null
CST 2026-07-17 19:58:18.546  1128  1128 E C01560/WifiEnhanceCmdClient: SendCommandToDriverByInterfaceName ioctl failed, error is: 95.
CST 2026-07-17 19:58:18.546  1128  1128 E C01560/WifiEnhanceRxListen: CheckRxListenSwitch enable rx_listen fail
CST 2026-07-17 19:58:18.546  1128  1128 E C01560/MultiLinkUtils: IsDeviceSupportMultiLink chipname is empty or doesn't exist, return unknown
CST 2026-07-17 19:58:18.546  1128  1128 E C01560/MultiLinkUtils: Chip type not suppoort MultiLink
CST 2026-07-17 19:58:18.546  1128  1128 I C01560/EnhanceEventSubscriberManager: OnForeGroundAppChanged cn.alfadb.netbird.e3vpna uid:20020062
CST 2026-07-17 19:58:18.546  1128  3605 I C01560/StaStateMachine: SeparatedState-msgCode=12324 received. m_instId=0
CST 2026-07-17 19:58:18.546  1128  3605 I C01560/StaStateMachine: InitState-msgCode=12324 is received. m_instId = 0
CST 2026-07-17 19:58:18.546  1128  3605 I C01560/StaStateMachine: ClosedState-msgCode=12324 is received. m_instId = 0
CST 2026-07-17 19:58:18.546  1128  3605 I C01560/WifiEnhanceFsArbitration: CheckFastSleepSwitch: enter, arbitrationCond_: 168, fastSleepLevel_: 0, isScreenOn_: 1, isConnectState_: 0, isP2pConnected_: 0, isRssFastSleepOn_: 0, isLowLatencyApp_: 0, isWhiteListApp_: 0, isBlackListApp_: 0, aiWhiteListAppCategory_: 0, isRttGood_: 1
CST 2026-07-17 19:58:18.546  4125  4679 I C04207/WMSFocus: UpdateFocusState: focus: 1, id: 30
CST 2026-07-17 19:58:18.546  1128  3605 I C01560/StaStateMachine: SeparatedState-msgCode=12324 received. m_instId=0
CST 2026-07-17 19:58:18.547  1128  3605 I C01560/StaStateMachine: InitState-msgCode=12324 is received. m_instId = 0
CST 2026-07-17 19:58:18.547  1128  3605 I C01560/StaStateMachine: ClosedState-msgCode=12324 is received. m_instId = 0
CST 2026-07-17 19:58:18.547   209   209 I C02b83/AudioServiceAppStateListener: [OnAppStateChanged]app state changed, bundleName=cn.alfadb.netbird.e3vpna uid=20020062 pid=4125 state=2
CST 2026-07-17 19:58:18.547   209   209 W C02b8b/DfxMsgManager: [UpdateAppState]discard unstarted audio stream app state
CST 2026-07-17 19:58:18.547   251   251 I C02801/AppStateObserver: [|90]The foregroundAppData_.size():3
CST 2026-07-17 19:58:18.547  4125  4679 I C04207/WMSFocus: NotifyHighlightChange: windowId: 30, isHighlight: 1,
CST 2026-07-17 19:58:18.547  4125  4679 E C0420a/WMSLife: NotifyUIExtHostRectChangeInGlobalDisplayListeners: uiContent is null
CST 2026-07-17 19:58:18.548  4125  4679 W C04208/WMSLayout: NotifySingleHandTransformChange: id:30, uiContent is nullptr
CST 2026-07-17 19:58:18.548  1522  1522 I A04200/WINDOW: SCBSceneSession: onSessionWindowLimitsChange
CST 2026-07-17 19:58:18.548  1522  1522 I A0420a/WMSLife: onSessionStateChange state:2
CST 2026-07-17 19:58:18.549  1522  4620 I C04207/WMSFocus: NotifyRssThawApp, uid: 20020062
CST 2026-07-17 19:58:18.549  1522  1522 I A04200/WINDOW: SCBScreenSM: regScreenPropChange: at onSessionStateChange (SCBSceneSession.ts:3356:55)
CST 2026-07-17 19:58:18.549  1522  1522 I A04200/WINDOW: SCBScreenSM: recordEventFromScb
CST 2026-07-17 19:58:18.549  1522  1522 I A04200/WINDOW: SCBScreenSM: regScreenPropChange screenId: 0 true null false false25
CST 2026-07-17 19:58:18.549  1522  1522 I A04209/WMSImms: win:30 foreground
CST 2026-07-17 19:58:18.550  1522  1522 I A01b00/SCB: SCBSSM: updateNavigationBarProperty navigationBarEnable: true
CST 2026-07-17 19:58:18.550  1522  1522 I A01b00/SCB: SCBSSM: updateNavigationBarProperty 0
CST 2026-07-17 19:58:18.550  1522  1522 I A01b0a/GESTURE: FloatingNavigationManager --> checkShowFloatingNavigation switch is closed
CST 2026-07-17 19:58:18.550  1522  1522 I A01b0a/GESTURE: GestureDockPreferenceUtil --> onSceneStateChange,isForegroud:true,bundleName:cn.alfadb.netbird.e3vpna,appIndex:0 sceneInfo.abilityName:EntryAbility
CST 2026-07-17 19:58:18.550  1522  1522 I A01b0a/GESTURE: GestureDockPreferenceUtil --> addGestureDockRecentPreference
CST 2026-07-17 19:58:18.551  1522  1522 I A01b01/HOME: AppModel: currentBundleInfoList length: 8
CST 2026-07-17 19:58:18.551  1522  1522 I A01b0a/GESTURE: GestureDockPreferenceUtil --> addGestureDockRecentPreference, bundleName:cn.alfadb.netbird.e3vpna appIndex:0 abilityName:EntryAbility.
CST 2026-07-17 19:58:18.551  1522  1522 I A01b09/RECENT: RecentGestureEventManager: onSceneStateChange,isForegroud:true,bundleName:cn.alfadb.netbird.e3vpna abilityName:EntryAbility
CST 2026-07-17 19:58:18.551  1522  1522 I A01b0a/GESTURE: AIBarView --> bundleName:cn.alfadb.netbird.e3vpna isEnterDeliver:false
CST 2026-07-17 19:58:18.551  1522  1522 I A0001b/AA: RecentlyUseController --> buildRecentlyUseInfo {"bundleName":"cn.alfadb.netbird.e3vpna","moduleName":"entry","abilityName":"EntryAbility","pid":4125,"uid":20020062,"state":2,"abilityType":1,"isAtomicService":false,"callerBundleName":""}
CST 2026-07-17 19:58:18.551  1522  1522 I A0001b/AA: RecentlyUseController --> buildRecentlyUseInfo abilityStateData is exit
CST 2026-07-17 19:58:18.552  1522  1522 I A01a00/SYS_UI: PhoneAppManager: ability[cn.alfadb.netbird.e3vpna|undefined|EntryAbility] state change to 2
CST 2026-07-17 19:58:18.552  1522  1522 I A0420a/WMSLife: onSessionStateChange state:3
CST 2026-07-17 19:58:18.553  1522  1522 I A01b0a/GESTURE: GestureDockPreferenceUtil --> Index is 1
CST 2026-07-17 19:58:18.554  1522  1522 I A01b0a/GESTURE: GestureDockPreferenceUtil --> recent size is 3
CST 2026-07-17 19:58:18.554  1522  1522 I A01b0a/GESTURE: GestureDockPreferenceUtil --> recentList length is 3
CST 2026-07-17 19:58:18.554  1522  4621 I C01653/NativePreferences: XmlReadFile: file:/***/el1/***/Gest***ence, m:0.
CST 2026-07-17 19:58:18.555  1522  1664 I C01653/NativePreferences: SaveXmlFile: file:/***/el1/***/Gest***ence, m:0.
CST 2026-07-17 19:58:18.557  4125  4684 W C057c1/IPCWorkThread: ThreadHandler: proto:0 policy:0 name:OS_IPC_4_4684 invoker:14674640
CST 2026-07-17 19:58:18.560  1522  4686 I C01653/NativePreferences: operator(): notify gest***cent. 
CST 2026-07-17 19:58:18.562   201   918 I C01d00/accessibility: [(SetActiveWindow:398)]windowId is 30, activeWindowId_: 30
CST 2026-07-17 19:58:18.563   286   288 E C01700/RSS: [a92ab318da8961c] DeliverResource, PluginMgr resType 1002 no lib register!
CST 2026-07-17 19:58:18.563   305   550 E C01704/TagSched: [a92ab318da8961c] [ExecutorCheckTidIsInPid][Executor] ExecutorCheckTidIsInPid get reply is invalied
CST 2026-07-17 19:58:18.563   305   550 I C01704/TagSched: [a92ab318da8961c] [SetQosRealtimeTask]ThreadModifyQos,setQos 769 tid[3325],  qos[7]
CST 2026-07-17 19:58:18.563   305   550 E C01704/TagSched: [a92ab318da8961c] [OpenQosCtrl]Failed to open qos_ctrl device
CST 2026-07-17 19:58:18.563   305   550 E C01704/TagSched: [a92ab318da8961c] [IsQosHandleOpen]get qosSetHandle_ fail
CST 2026-07-17 19:58:18.563   305   550 E C01704/TagSched: [a92ab318da8961c] [SetQosInternal]qosSetHandle open fail
CST 2026-07-17 19:58:18.563   305   550 E C01704/TagSched: [a92ab318da8961c] [OpenQosCtrl]Failed to open qos_ctrl device
CST 2026-07-17 19:58:18.563   305   550 E C01704/TagSched: [a92ab318da8961c] [IsQosHandleOpen]get qosSetHandle_ fail
CST 2026-07-17 19:58:18.563   305   550 E C01704/TagSched: [a92ab318da8961c] [SetQosInternal]qosSetHandle open fail
CST 2026-07-17 19:58:18.563   305   550 E C01704/TagSched: [a92ab318da8961c] [OpenQosCtrl]Failed to open qos_ctrl device
CST 2026-07-17 19:58:18.563   305   550 E C01704/TagSched: [a92ab318da8961c] [IsQosHandleOpen]get qosSetHandle_ fail
CST 2026-07-17 19:58:18.563   305   550 E C01704/TagSched: [a92ab318da8961c] [SetQosInternal]qosSetHandle open fail
CST 2026-07-17 19:58:18.563   305   550 E C01704/TagSched: [a92ab318da8961c] [OpenQosCtrl]Failed to open qos_ctrl device
CST 2026-07-17 19:58:18.563   305   550 E C01704/TagSched: [a92ab318da8961c] [IsQosHandleOpen]get qosSetHandle_ fail
CST 2026-07-17 19:58:18.563   305   550 E C01704/TagSched: [a92ab318da8961c] [SetQosInternal]qosSetHandle open fail
CST 2026-07-17 19:58:18.563   305   550 E C01704/TagSched: [a92ab318da8961c] [OpenQosCtrl]Failed to open qos_ctrl device
CST 2026-07-17 19:58:18.563   305   550 E C01704/TagSched: [a92ab318da8961c] [IsQosHandleOpen]get qosSetHandle_ fail
CST 2026-07-17 19:58:18.563   305   550 E C01704/TagSched: [a92ab318da8961c] [SetQosInternal]qosSetHandle open fail
CST 2026-07-17 19:58:18.563   305   550 E C01704/TagSched: [a92ab318da8961c] [OpenQosCtrl]Failed to open qos_ctrl device
CST 2026-07-17 19:58:18.563   305   550 E C01704/TagSched: [a92ab318da8961c] [IsQosHandleOpen]get qosSetHandle_ fail
CST 2026-07-17 19:58:18.563   305   550 E C01704/TagSched: [a92ab318da8961c] [SetQosInternal]qosSetHandle open fail
CST 2026-07-17 19:58:18.565  1522  1522 I A01b01/HOME: LauncherAnimUtil: SCBScenePanelViewModel reset isUiBusy after 500ms
CST 2026-07-17 19:58:18.578   605   611 W C02515/DISP: [SetLayerMaskInfo:495] <private> is not supported
CST 2026-07-17 19:58:18.579   605   611 I C02515/DISP: [CommitComposeLayer:67] CommitComposeLayer! 10
CST 2026-07-17 19:58:18.582   769   769 I C01406/OHOS::RS: RSSurfaceRenderNode:SetIsOnTheTree, node:[name: e3vpna0, id: 17716740096002], on tree: 1, nodeType: 1, uniqueId: 3302829850657, screenNodeId: 3302829850624
CST 2026-07-17 19:58:18.583   769   769 E C01406/RSScreenManager: IsAllScreensPowerOff: screenPowerStatus_ is empty.
CST 2026-07-17 19:58:18.584   769   769 I C01406/RSUniRenderVisitor: OcclusionInfo [SCBGestureBack22, 6536940224721, 0], [SCBStatusBar18, 6536940224709, 0], [SCBGestureNavBar16, 6536940224704, 0], [e3vpna0, 17716740096002, 0], [BackgroundBlurView2, 6536940224519, 0], [SCBFormCenter14, 6536940224694, 0], [SCBDesktop7, 6536940224539, 0], [SCBWallpaper5, 6536940224522, 0], 
CST 2026-07-17 19:58:18.584  1522  2129 I C04217/WMSAttribute: Visibility changed, size: 1, WindowVisibilityInfos [name, winId, visibleState]: [e3vpna0, 30, 0], 
CST 2026-07-17 19:58:18.584   201   918 I C01d00/accessibility: [(WindowUpdateAll:1079)]WindowUpdateAll end activeWindowId_: 30
CST 2026-07-17 19:58:18.584   201  2133 I C01d00/accessibility: [(WindowUpdateAll:1027)]WindowUpdateAll start activeWindowId_: 30
CST 2026-07-17 19:58:18.584  1522  2129 I C04202/WMSMain: NotifyRSSWindowModeTypeUpdate: Notify RSS Window Mode Type Update, type : 3
CST 2026-07-17 19:58:18.584   201  2133 I C01d00/accessibility: [(SetActiveWindow:398)]windowId is 30, activeWindowId_: -1
CST 2026-07-17 19:58:18.585   201  2133 I C01d00/accessibility: [(WindowUpdateAll:1079)]WindowUpdateAll end activeWindowId_: 30
CST 2026-07-17 19:58:18.585   201  2133 I C01d00/accessibility: [(WindowUpdateAll:1027)]WindowUpdateAll start activeWindowId_: 30
CST 2026-07-17 19:58:18.585   770  1073 I C01311/AppMS: [ARR2195]wnd call, cn.alfadb.netbird.e3vpna_4125, isEmpty_0, c_2 -> p_0
CST 2026-07-17 19:58:18.585   201  2133 I C01d00/accessibility: [(SetActiveWindow:398)]windowId is 30, activeWindowId_: -1
CST 2026-07-17 19:58:18.585   201  2133 I C01d00/accessibility: [(WindowUpdateAll:1079)]WindowUpdateAll end activeWindowId_: 30
CST 2026-07-17 19:58:18.585   201  2133 I C01d00/accessibility: [(WindowUpdateAll:1027)]WindowUpdateAll start activeWindowId_: 30
CST 2026-07-17 19:58:18.585   201  2133 I C01d00/accessibility: [(SetActiveWindow:398)]windowId is 30, activeWindowId_: -1
CST 2026-07-17 19:58:18.585   201  2133 I C01d00/accessibility: [(WindowUpdateAll:1079)]WindowUpdateAll end activeWindowId_: 30
CST 2026-07-17 19:58:18.585  1522  2131 I C04217/WMSAttribute: operator(): memMgrWindowInfos size: 1
CST 2026-07-17 19:58:18.585   305   542 I C04202/WMSMain: NotifyWindowModeChange: WindowManager::Impl UpdateWindowModeTypeInfo type: 3
CST 2026-07-17 19:58:18.586   248  4614 I C02699/MM: wms call,pid:4125,Id:30,winNum:0->1
CST 2026-07-17 19:58:18.586   305   552 E C01704/TagSched: [a92ab418da8f09e] [OpenQosCtrl]Failed to open qos_ctrl device
CST 2026-07-17 19:58:18.586   305   552 E C01704/TagSched: [a92ab418da8f09e] [IsQosHandleOpen]get qosSetHandle_ fail
CST 2026-07-17 19:58:18.586   305   552 E C01704/TagSched: [a92ab418da8f09e] [SetQosInternal]qosSetHandle open fail
CST 2026-07-17 19:58:18.586   305   552 E C01704/TagSched: [a92ab418da8f09e] [OpenQosCtrl]Failed to open qos_ctrl device
CST 2026-07-17 19:58:18.586   305   552 E C01704/TagSched: [a92ab418da8f09e] [IsQosHandleOpen]get qosSetHandle_ fail
CST 2026-07-17 19:58:18.586   305   552 E C01704/TagSched: [a92ab418da8f09e] [SetQosInternal]qosSetHandle open fail
CST 2026-07-17 19:58:18.586   305   552 E C01704/TagSched: [a92ab418da8f09e] [OpenQosCtrl]Failed to open qos_ctrl device
CST 2026-07-17 19:58:18.586   305   552 E C01704/TagSched: [a92ab418da8f09e] [IsQosHandleOpen]get qosSetHandle_ fail
CST 2026-07-17 19:58:18.586   305   552 E C01704/TagSched: [a92ab418da8f09e] [SetUclamp]qosSetHandle open fail
CST 2026-07-17 19:58:18.586   305   552 E C01704/TagSched: [a92ab418da8f09e] [OpenQosCtrl]Failed to open qos_ctrl device
CST 2026-07-17 19:58:18.586   305   552 E C01704/TagSched: [a92ab418da8f09e] [IsQosHandleOpen]get qosSetHandle_ fail
CST 2026-07-17 19:58:18.586   305   552 E C01704/TagSched: [a92ab418da8f09e] [SetUclamp]qosSetHandle open fail
CST 2026-07-17 19:58:18.586   248  4614 I C02699/MM: UpdatePriorityLocked VISB: 4125, 20020062, 0, [], 00000
CST 2026-07-17 19:58:18.592  4125  4125 I C01706/rtg_interface: rtg fOpen fail, errno = 2(No such file or directory)
CST 2026-07-17 19:58:18.592  4125  4125 I C01706/RsFrameReportExt: RsFrameReportExt:[LoadLibrary] load library success!
CST 2026-07-17 19:58:18.592  4125  4125 I C01706/RsFrameReportExt: RsFrameReportExt:[Init] dlopen libframe_ui_intf.so success!
CST 2026-07-17 19:58:18.592  4125  4125 E C01706/ueaClient-RmeCoreSched: [Init]: do not enabled!ret: -1
CST 2026-07-17 19:58:18.592  4125  4125 I C01706/ueaClient-FrameMsgMgr: [Init]:inited success!
CST 2026-07-17 19:58:18.592  4125  4125 I C01706/ueaClient-FrameUiIntf: [Init]:ret:1, inited:1
CST 2026-07-17 19:58:18.592   769  3587 I C01400/Vsync: RequestNextVSync: First vsync is requested, name: MainDisplaySoloist
CST 2026-07-17 19:58:18.593   769  3587 I C01400/Vsync: RequestNextVSync: First vsync RequestNextVSync conn:MainDisplaySoloist, rate:0, highPriorityRate:-1
CST 2026-07-17 19:58:18.593  4125  4125 I C04217/WMSAttribute: InitWaterfallMode: winId: 30
CST 2026-07-17 19:58:18.593  4125  4125 I C04217/WMSAttribute: NotifyWaterfallModeChange: winId: 30, waterfall: 0, stat: 2
CST 2026-07-17 19:58:18.593  4125  4125 I C0420a/WMSLife: NotifyAfterDidForeground: reason: 4
CST 2026-07-17 19:58:18.593  4125  4125 I C04202/WMSMain: NotifyFreeMultiWindowModeResume: IsPcMode 0, isColdStart 1
CST 2026-07-17 19:58:18.593  4125  4125 I C0420a/WMSLife: Show: Window show success [name:e3vpna0, id:30, type:1]
CST 2026-07-17 19:58:18.593  4125  4125 I C04208/WMSLayout: NotifyWindowStatusChange: id:30, windowMode:1, windowStatus:1, lastWindowStatus:1, skipRedundantWindowStatusNotifications:0
CST 2026-07-17 19:58:18.593  4125  4125 W C04201/DMS: OnDisplayInfoChange: data is not changed.
CST 2026-07-17 19:58:18.593  4125  4125 I C01332/UIAbility: [JUA2036]JsUIAbility call js, name: onForeground
CST 2026-07-17 19:58:18.593  4125  4125 I A02900/E3VpnGate: ENTRY_FOREGROUND|bundle=cn.alfadb.netbird.e3vpna
CST 2026-07-17 19:58:18.593  4125  4125 I C01332/UIAbility: [JUA2081]end, name: onForeground, time: 0
CST 2026-07-17 19:58:18.593  4125  4125 I C01301/Ability: [page_config_manager.cpp49]configJson is empty
CST 2026-07-17 19:58:18.594   770   800 I C01336/AMS: [ABMS7852]Lifecycle: ability:/cn.alfadb.netbird.e3vpna/entry/EntryAbility
CST 2026-07-17 19:58:18.594   770   800 W C01336/AMS: [UALM156]4125 not found
CST 2026-07-17 19:58:18.594   770   800 W C01336/AMS: [ability_start_with_wait_observer_manager.cpp139]invaid observerId
CST 2026-07-17 19:58:18.595  1522  2234 I C04200/WMS: NotifySessionMovedToFront: id: 30, system: 0
CST 2026-07-17 19:58:18.595  1522  2234 I C04200/SessionListenerController: NotifySessionMovedToFront: Id:30
CST 2026-07-17 19:58:18.595  4125  4125 I C02d06/XCollie: Application is in starting period.
CST 2026-07-17 19:58:18.595  4125  4125 I C0420a/WMSLife: NotifyAfterDidForeground execute
CST 2026-07-17 19:58:18.595  4125  4125 I C01332/UIAbility: [JUA2036]JsUIAbility call js, name: onDidForeground
CST 2026-07-17 19:58:18.595  4125  4125 I C01332/UIAbility: [JUA2081]end, name: onDidForeground, time: 0
CST 2026-07-17 19:58:18.595  4125  4125 I C04202/WMSMain: GoResume: in
CST 2026-07-17 19:58:18.595  4125  4125 I C0420a/WMSLife: Resume: in, isColdStart: 1, isDidForeground: 0
CST 2026-07-17 19:58:18.595  4125  4125 I C0420a/WMSLife: NotifyAfterLifecycleResumed: in
CST 2026-07-17 19:58:18.595  4125  4125 I C0420a/WMSLife: SetUIContentInner: pages/Index, state:2, persistentId: 30
CST 2026-07-17 19:58:18.595  4125  4125 I C0420a/WMSLife: SetUIContentComplete: persistentId=30
CST 2026-07-17 19:58:18.595  4125  4125 I C03900/Ace: [(-1:-1:undefined)] CreateUIContent.
CST 2026-07-17 19:58:18.595  4125  4125 I C03934/AceUIEvent: [(-1:-1:undefined)] report ace loaded
CST 2026-07-17 19:58:18.595  4125  4125 I C04707/HaAceEngine: OnAceLoaded end
CST 2026-07-17 19:58:18.596  4125  4653 W C04707/HaClient: =========Invalid Client=========
CST 2026-07-17 19:58:18.596  4125  4125 W C0391f/AceImage: [(-2:-1:undefined)] mkdir cache file path failed.
CST 2026-07-17 19:58:18.596  4125  4125 I C03900/Ace: [(-2:-1:undefined)] Create ace bg threads pool.
CST 2026-07-17 19:58:18.596  4125  4125 I C03900/Ace: [(-2:-1:undefined)] Init RenderService UniRender Type:0
CST 2026-07-17 19:58:18.596  4125  4125 I C03900/Ace: [(-2:-1:undefined)] [cn.alfadb.netbird.e3vpna][entry][-1]: UIContent: apiCompatibleVersion: 60101024, apiTargetVersion: 60101024, and apiReleaseType: Release, useNewPipe: 1, enableCustomComponentCrossAbility: 0
CST 2026-07-17 19:58:18.597  4125  4688 I C03900/Ace: [(-1:-1:undefined)] dlsym function ReportData success.
CST 2026-07-17 19:58:18.597  4125  4688 I C03900/Ace: [(-1:-1:undefined)] dlsym function ReportSyncEvent success.
CST 2026-07-17 19:58:18.597   146   192 I C02c03/PARAM_WATCHER: SendLocalChange start keyPrefix persist.sys.arkui.animationscale remoteWatcherId 57
CST 2026-07-17 19:58:18.597   146   192 I C02c03/PARAM_WATCHER: [watcher_manager.cpp:187]Add watcher persist.sys.arkui.animationscale remoteWatcherId: 57 groupId 103 success
CST 2026-07-17 19:58:18.597  4125  4125 I C02c03/PARAM_WATCHER: Add watcher keyPrefix persist.sys.arkui.animationscale remoteWatcherId 57 success
CST 2026-07-17 19:58:18.598  4125  4125 E C03900/Ace: [(-2:-1:undefined)] ConfigParserBase read system file failed
CST 2026-07-17 19:58:18.598  4125  4125 W C03900/Ace: [(-2:-1:undefined)] ArkUiFeatureParamManager failed to load xml file
CST 2026-07-17 19:58:18.598  4125  4125 E C03900/Ace: [(-2:-1:undefined)] ConfigParserBase read system UI correction config file failed
CST 2026-07-17 19:58:18.598  4125  4125 W C03900/Ace: [(-2:-1:undefined)] ArkUiFeatureParamManager failed to load UI correction config file
CST 2026-07-17 19:58:18.603  4125  4125 I C03900/Ace: [(-2:-1:undefined)] SetLocale language tag: en-Latn-US, select language: en-US
CST 2026-07-17 19:58:18.603  4125  4125 I C03900/Ace: [(-2:-1:undefined)] [cn.alfadb.netbird.e3vpna][entry][-1]: SetLanguage: en, colorMode: light, deviceAccess: 1
CST 2026-07-17 19:58:18.603  4125  4125 I C03900/Ace: [(-2:-1:undefined)] [cn.alfadb.netbird.e3vpna][entry][-1]: Initialize UIContent isModelJson:true
CST 2026-07-17 19:58:18.604   770  1078 I C01120/BMS: [inner_bundle_info.h(GetAllPluginBundleInfo:2260)]pluginBundleInfos size: 0
CST 2026-07-17 19:58:18.604   770  1078 I C01120/BMS: [inner_bundle_info.h(GetAllPluginBundleInfo:2260)]pluginBundleInfos size: 0
CST 2026-07-17 19:58:18.604   770  1078 I C01120/BMS: [bundle_data_mgr.cpp(RegisterPluginEventCallback:12581)]success
CST 2026-07-17 19:58:18.604  4125  4125 I C03922/AceNavigation: [(-2:-1:undefined)] subscribe hsp Update successfully
CST 2026-07-17 19:58:18.605  4125  4125 I C03900/Ace: [(100000:100000:scope)] SetHapPath, Use hap path to load resource
CST 2026-07-17 19:58:18.605  4125  4125 I C04217/WMSAttribute: RegisterWaterfallModeChangeListener: winId: 30
CST 2026-07-17 19:58:18.605   770  1078 I C04201/DMS:  RegisterDisplayManagerAgent: type: 6, pid: 4125
CST 2026-07-17 19:58:18.605   770  1078 I C04201/DMS:  RegisterDisplayManagerAgent: type: 9, pid: 4125
CST 2026-07-17 19:58:18.606  4125  4125 I C04200/WMS: GetSurfaceNode: name:e3vpna0, id:30
CST 2026-07-17 19:58:18.606  4125  4125 I C04200/WMS: GetSurfaceNode: name:e3vpna0, id:30
CST 2026-07-17 19:58:18.606  4125  4125 I C03900/Ace: [(100000:100000:scope)] SetRSSurfaceNode 17716740096002 with rs multi
CST 2026-07-17 19:58:18.606  4125  4125 I C01406/OHOS::RS: RSUIContext::AttachFromUI. token: 17716740096001 uiPiplineNum: -1
CST 2026-07-17 19:58:18.606  4125  4125 I C03925/AceRouter: [(100000:100000:scope)] createManager, deviceType: 0
CST 2026-07-17 19:58:18.607   769   949 I C01400/Vsync: OnVSyncTrigger: F send
CST 2026-07-17 19:58:18.607   769   949 I C01400/Vsync: PostEvent: First vsync has send to : MainDisplaySoloist
CST 2026-07-17 19:58:18.607  4125  4125 W C03900/Ace: [(100000:100000:scope)] Invalid config:en_Latn_US-long-notround-vertical-light-phone-xxxhdpi
CST 2026-07-17 19:58:18.608  4125  4125 I C01406/OHOS::RS: RSSurfaceNode::SetAbilityState, surfaceNodeId:[17716740096002], ability state: background
CST 2026-07-17 19:58:18.608  4125  4125 I C03900/Ace: [(100000:100000:scope)] set translateManager to pipeline, instanceId:100000
CST 2026-07-17 19:58:18.608  4125  4125 I C0421d/WMSRotation: RegisterOrientationChangeListener: in
CST 2026-07-17 19:58:18.608  4125  4125 I C03900/Ace: [(100000:100000:scope)] AddPersistAfterLayoutTask size: 1
CST 2026-07-17 19:58:18.608  4125  4125 I C03919/AceInputTracking: [(100000:100000:scope)] Debug touch pass mode 0
CST 2026-07-17 19:58:18.609  4125  4125 E C03934/AceUIEvent: [(100000:100000:scope)] AceTransform load failed: Error loading shared library /system/lib64/libtransform_interaction_ext.z.so: No such file or directory
CST 2026-07-17 19:58:18.609   286   288 E C01700/RSS: [a92ab818da949c8] DeliverResource, PluginMgr resType 1002 no lib register!
CST 2026-07-17 19:58:18.609  4125  4125 I C03937/AceResource: [(100000:100000:scope)] ResourceAdapter UpdateResConfig with colorMode light
CST 2026-07-17 19:58:18.609   305  4668 E C01704/TagSched: [a92ab818da949c8] [ExecutorCheckTidIsInPid][Executor] ExecutorCheckTidIsInPid get reply is invalied
CST 2026-07-17 19:58:18.609  4125  4125 W C03900/Ace: [(100000:100000:scope)] not found systemTheme in HapModuleInfo, loading default OHOS_THEME
CST 2026-07-17 19:58:18.609  4125  4125 I C03900/Ace: [(100000:100000:scope)] Cannot Get File List from resources/styles/
CST 2026-07-17 19:58:18.609   305  4667 I C01704/TagSched: [a92ab818da949c8] [SetQosRealtimeTask]ThreadModifyQos,setQos 769 tid[3325],  qos[7]
CST 2026-07-17 19:58:18.609  4125  4125 W C03900/Ace: [(100000:100000:scope)] GetAsset failed: resources/styles/default.json
CST 2026-07-17 19:58:18.609   286   288 E C01700/RSS: [a92ab918da94ab0] DeliverResource, PluginMgr resType 1002 no lib register!
CST 2026-07-17 19:58:18.609   305  4155 E C01704/TagSched: [a92ab918da94ab0] [ExecutorCheckTidIsInPid][Executor] ExecutorCheckTidIsInPid get reply is invalied
CST 2026-07-17 19:58:18.609   305  4667 E C01704/TagSched: [a92ab818da949c8] [OpenQosCtrl]Failed to open qos_ctrl device
CST 2026-07-17 19:58:18.609   305  4667 E C01704/TagSched: [a92ab818da949c8] [IsQosHandleOpen]get qosSetHandle_ fail
CST 2026-07-17 19:58:18.609   305  4667 E C01704/TagSched: [a92ab818da949c8] [SetQosInternal]qosSetHandle open fail
CST 2026-07-17 19:58:18.609   305  4667 E C01704/TagSched: [a92ab818da949c8] [OpenQosCtrl]Failed to open qos_ctrl device
CST 2026-07-17 19:58:18.609   305  4667 E C01704/TagSched: [a92ab818da949c8] [IsQosHandleOpen]get qosSetHandle_ fail
CST 2026-07-17 19:58:18.609   305  4667 E C01704/TagSched: [a92ab818da949c8] [SetQosInternal]qosSetHandle open fail
CST 2026-07-17 19:58:18.609   305  4667 E C01704/TagSched: [a92ab818da949c8] [OpenQosCtrl]Failed to open qos_ctrl device
CST 2026-07-17 19:58:18.609   305  4667 E C01704/TagSched: [a92ab818da949c8] [IsQosHandleOpen]get qosSetHandle_ fail
CST 2026-07-17 19:58:18.609   305  4667 E C01704/TagSched: [a92ab818da949c8] [SetQosInternal]qosSetHandle open fail
CST 2026-07-17 19:58:18.609   305  4667 E C01704/TagSched: [a92ab818da949c8] [OpenQosCtrl]Failed to open qos_ctrl device
CST 2026-07-17 19:58:18.609   305  4667 E C01704/TagSched: [a92ab818da949c8] [IsQosHandleOpen]get qosSetHandle_ fail
CST 2026-07-17 19:58:18.609   305  4667 E C01704/TagSched: [a92ab818da949c8] [SetQosInternal]qosSetHandle open fail
CST 2026-07-17 19:58:18.609   305  4667 E C01704/TagSched: [a92ab818da949c8] [OpenQosCtrl]Failed to open qos_ctrl device
CST 2026-07-17 19:58:18.609   305  4667 E C01704/TagSched: [a92ab818da949c8] [IsQosHandleOpen]get qosSetHandle_ fail
CST 2026-07-17 19:58:18.609   305  4667 E C01704/TagSched: [a92ab818da949c8] [SetQosInternal]qosSetHandle open fail
CST 2026-07-17 19:58:18.609   305  4667 E C01704/TagSched: [a92ab818da949c8] [OpenQosCtrl]Failed to open qos_ctrl device
CST 2026-07-17 19:58:18.609   305  4667 E C01704/TagSched: [a92ab818da949c8] [IsQosHandleOpen]get qosSetHandle_ fail
CST 2026-07-17 19:58:18.609   305  4667 E C01704/TagSched: [a92ab818da949c8] [SetQosInternal]qosSetHandle open fail
CST 2026-07-17 19:58:18.609   305  4667 I C01704/TagSched: [a92ab918da94ab0] [SetQosRealtimeTask]ThreadModifyQos,setQos 769 tid[4075],  qos[7]
CST 2026-07-17 19:58:18.609   305  4667 E C01704/TagSched: [a92ab918da94ab0] [OpenQosCtrl]Failed to open qos_ctrl device
CST 2026-07-17 19:58:18.609   305  4667 E C01704/TagSched: [a92ab918da94ab0] [IsQosHandleOpen]get qosSetHandle_ fail
CST 2026-07-17 19:58:18.609   305  4667 E C01704/TagSched: [a92ab918da94ab0] [SetQosInternal]qosSetHandle open fail
CST 2026-07-17 19:58:18.609   305  4667 E C01704/TagSched: [a92ab918da94ab0] [OpenQosCtrl]Failed to open qos_ctrl device
CST 2026-07-17 19:58:18.609   305  4667 E C01704/TagSched: [a92ab918da94ab0] [IsQosHandleOpen]get qosSetHandle_ fail
CST 2026-07-17 19:58:18.609   305  4667 E C01704/TagSched: [a92ab918da94ab0] [SetQosInternal]qosSetHandle open fail
CST 2026-07-17 19:58:18.609   305  4667 E C01704/TagSched: [a92ab918da94ab0] [OpenQosCtrl]Failed to open qos_ctrl device
CST 2026-07-17 19:58:18.609   305  4667 E C01704/TagSched: [a92ab918da94ab0] [IsQosHandleOpen]get qosSetHandle_ fail
CST 2026-07-17 19:58:18.609   305  4667 E C01704/TagSched: [a92ab918da94ab0] [SetQosInternal]qosSetHandle open fail
CST 2026-07-17 19:58:18.609   305  4667 E C01704/TagSched: [a92ab918da94ab0] [OpenQosCtrl]Failed to open qos_ctrl device
CST 2026-07-17 19:58:18.609   305  4667 E C01704/TagSched: [a92ab918da94ab0] [IsQosHandleOpen]get qosSetHandle_ fail
CST 2026-07-17 19:58:18.609   305  4667 E C01704/TagSched: [a92ab918da94ab0] [SetQosInternal]qosSetHandle open fail
CST 2026-07-17 19:58:18.609   305  4667 E C01704/TagSched: [a92ab918da94ab0] [OpenQosCtrl]Failed to open qos_ctrl device
CST 2026-07-17 19:58:18.609   305  4667 E C01704/TagSched: [a92ab918da94ab0] [IsQosHandleOpen]get qosSetHandle_ fail
CST 2026-07-17 19:58:18.609   305  4667 E C01704/TagSched: [a92ab918da94ab0] [SetQosInternal]qosSetHandle open fail
CST 2026-07-17 19:58:18.609   305  4667 E C01704/TagSched: [a92ab918da94ab0] [OpenQosCtrl]Failed to open qos_ctrl device
CST 2026-07-17 19:58:18.609   305  4667 E C01704/TagSched: [a92ab918da94ab0] [IsQosHandleOpen]get qosSetHandle_ fail
CST 2026-07-17 19:58:18.609   305  4667 E C01704/TagSched: [a92ab918da94ab0] [SetQosInternal]qosSetHandle open fail
CST 2026-07-17 19:58:18.609   305  4667 E C01704/TagSched: [a92ab918da94ab0] [OpenQosCtrl]Failed to open qos_ctrl device
CST 2026-07-17 19:58:18.609   305  4667 E C01704/TagSched: [a92ab918da94ab0] [IsQosHandleOpen]get qosSetHandle_ fail
CST 2026-07-17 19:58:18.609   305  4667 E C01704/TagSched: [a92ab918da94ab0] [SetQosInternal]qosSetHandle open fail
CST 2026-07-17 19:58:18.612   305  1323 E C01700/RSS: [a92aba18da95731] DeliverResource, PluginMgr resType 511 no lib register!
CST 2026-07-17 19:58:18.615  1522  1522 I A04200/WINDOW: SCBSceneSession: onSessionShowWhenLockedChange, status:false of id:30 ignored.
CST 2026-07-17 19:58:18.623  4125  4125 I C01406/OHOS::RS: RSTransactionHandler::Begin syncId:0, transactionHandler:1772574737, remoteTransactionDataStack.size:0
CST 2026-07-17 19:58:18.623  4125  4125 I C01406/OHOS::RS: RSTransactionHandler::Commit transactionHandler:1772574737
CST 2026-07-17 19:58:18.623  4125  4125 W C01406/OHOS::RS: RSNodeMap::UnregisterNode: node id 17716740096002 not found
CST 2026-07-17 19:58:18.623  4125  4125 I C01406/OHOS::RS: RSRootNode::Create, Node:17716740096003, Token:17716740096001
CST 2026-07-17 19:58:18.623  4125  4125 I C03900/Ace: [(100000:100000:scope)] root node OnAttachToFrameNode, id:0
CST 2026-07-17 19:58:18.623  4125  4125 I C03900/Ace: [(100000:100000:scope)] Rosenwindow set root, rsId:17716740096003
CST 2026-07-17 19:58:18.623  4125  4125 I C01406/OHOS::RS: RSRootNode::AttachRSSurfaceNode, SurfaceNode:17716740096002, Node:17716740096003
CST 2026-07-17 19:58:18.623  4125  4125 I C01406/OHOS::RS: RSTransactionHandler::Begin syncId:0, transactionHandler:35914886, remoteTransactionDataStack.size:0
CST 2026-07-17 19:58:18.623  4125  4125 I C01406/OHOS::RS: RSTransactionHandler::Commit transactionHandler:35914886
CST 2026-07-17 19:58:18.623  4125  4125 W C01406/OHOS::RS: RSNodeMap::UnregisterNode: node id 17716740096002 not found
CST 2026-07-17 19:58:18.624  1522  2129 I C04208/WMSLayout: NotifyWindowStatusDidChangeAfterShowWindow: Notify completed, windowId: 30
CST 2026-07-17 19:58:18.624  4125  4684 I C04208/WMSLayout: NotifyWindowStatusDidChange: Id:30, WindowMode:1, windowStatus:1, lastWindowStatus:0, listenerSize:0, rect:[0 0 1320 2856]
CST 2026-07-17 19:58:18.624  4125  4125 E C01d02/accessibility_asacfwk: [(AccessibilitySystemAbilityClientImpl:78)]accessibility service is ready.
CST 2026-07-17 19:58:18.625   201   201 I C01d00/accessibility: [(GetAccessibilityState:115)]EnabledState[0], TouchGuideState[0], KeyEventObserverState[0], GestureState[0], ScreenReaderState[0], SingleClickMode[0], AnimationOffState[0], AudioMonoState[0], FlashReminderSwitch[0]
CST 2026-07-17 19:58:18.626   770  1537 W C01202/Subscriber: Subscribe accessibility.config.ready, without any restrict subid = 4125_20020062_-1_521_143486
CST 2026-07-17 19:58:18.626   770  1537 I C01202/Subscriber: Subscribe cn.alfadb.netbird.e3vpna(userId = 100, subId = 4125_20020062_-1_521_143486, ffrtCost 0 ms, taskCost 0 ms)
CST 2026-07-17 19:58:18.626  4125  4125 I C03900/Ace: [(100000:100000:scope)] focusWindowId: 0, realHostWindowId: 0
CST 2026-07-17 19:58:18.626  4125  4125 I C03900/Ace: [(100000:100000:scope)] [cn.alfadb.netbird.e3vpna][entry][100000]: window focus
CST 2026-07-17 19:58:18.627   146   192 I C02c03/PARAM_WATCHER: SendLocalChange start keyPrefix debug.graphic.frame remoteWatcherId 57
CST 2026-07-17 19:58:18.627   146   192 I C02c03/PARAM_WATCHER: [watcher_manager.cpp:187]Add watcher debug.graphic.frame remoteWatcherId: 57 groupId 104 success
CST 2026-07-17 19:58:18.627  4125  4125 I C02c03/PARAM_WATCHER: Add watcher keyPrefix debug.graphic.frame remoteWatcherId 57 success
CST 2026-07-17 19:58:18.627  4125  4125 E C03900/Ace: [(100000:100000:scope)] ERROR EACCES
CST 2026-07-17 19:58:18.627  4125  4125 E C03900/Ace: [(100000:100000:scope)] ERROR EACCES
CST 2026-07-17 19:58:18.627  4125  4125 I C03900/Ace: [(100000:100000:scope)] ArkUIInvisibleFreeze: 0
CST 2026-07-17 19:58:18.627  4125  4125 I C03900/Ace: [(100000:100000:scope)] [cn.alfadb.netbird.e3vpna][entry][100000]: SetMinPlatformVersion is 60101024
CST 2026-07-17 19:58:18.627  4125  4125 I C04209/WMSImms: RegisterAvoidAreaChangeListener: win 30
CST 2026-07-17 19:58:18.628   770  1078 I C0420f/WMSRecover: mock_session_manager_service.cpp RegisterSMSRecoverListener: clientUserId: 100, userId: -1, pid: 4125,isLite: 0, displayId: 0
CST 2026-07-17 19:58:18.628  4125  4125 E C04200/IMockSessionManager: Read result failed, code is: 4.
CST 2026-07-17 19:58:18.628   770  1078 I C0420f/WMSRecover: mock_session_manager_service.cpp RegisterSMSRecoverListener: clientUserId: 100, userId: -1, pid: 4125,isLite: 1, displayId: 0
CST 2026-07-17 19:58:18.628  4125  4125 E C04200/IMockSessionManager: Read result failed, code is: 4.
CST 2026-07-17 19:58:18.628  4125  4125 I C04204/WMSScb: InitSceneSessionManagerProxy: enter
CST 2026-07-17 19:58:18.629  1522  2129 I C04209/WMSImms: UpdateSessionAvoidAreaListener win 30 haveListener 1
CST 2026-07-17 19:58:18.629   770  1078 W C04201/DMS: screen_cutout_controller.cpp GetCutoutArea: display:[ID: 0, W: 1320, H: 2856, R: 0,Mode 0]
CST 2026-07-17 19:58:18.629  1522  2129 I C0420b/WMSKeyboard: CheckEmptyKeyboardAvoidAreaIfNeeded: check keyboard avoid area, isPhoneNotFreeMultiWindow: 1, isPadNotFreeMultiWindow: 0
CST 2026-07-17 19:58:18.630  4125  4684 I C04208/WMSLayout: UpdateRect: id:30 name:e3vpna0 rect:[0 0 1320 2856]->[0 0 1320 2856] reason:23 displayId:0
CST 2026-07-17 19:58:18.630   770  1078 W C04201/DMS: screen_cutout_controller.cpp GetCutoutArea: display:[ID: 0, W: 1320, H: 2856, R: 0,Mode 0]
CST 2026-07-17 19:58:18.630  4125  4125 I C03917/AceSafeArea: [(100000:100000:scope)] InitializeSafeArea systemInsets:SafeAreaInsets left_: [start: 0, end: 0], top_: [start: 0, end: 136], right_: [start: 0, end: 0], bottom_: [start: 0, end: 0], cutoutInsets:SafeAreaInsets left_: [start: 0, end: 0], top_: [start: 45, end: 148], right_: [start: 0, end: 0], bottom_: [start: 0, end: 0], navInsets:SafeAreaInsets left_: [start: 0, end: 0], top_: [start: 0, end: 0], right_: [start: 0, end: 0], bottom_: [start: 2758, end: 2856]
CST 2026-07-17 19:58:18.631   770  1078 I C04201/DMS:  RegisterDisplayManagerAgent: type: 8, pid: 4125
CST 2026-07-17 19:58:18.631  4125  4125 I C0394e/AceWindow: [(100000:100000:scope)] Initialize displayId: 0, availableRect: [0, 0, 1320, 2856]
CST 2026-07-17 19:58:18.631  4125  4125 I C03900/Ace: [(100000:100000:scope)] Failed to open libthp_extra_innerapi.z.so, reason: Error loading shared library /system/lib64/libthp_extra_innerapi.z.so: No such file or directory
CST 2026-07-17 19:58:18.631  4125  4125 I C03900/Ace: [(-2:100000:singleton)] [cn.alfadb.netbird.e3vpna][entry][100000]: Initialize: pages/Index
CST 2026-07-17 19:58:18.634  4125  4125 I C03900/Ace: [(100000:100000:scope)] RunPage:pages/Index
CST 2026-07-17 19:58:18.634  4125  4125 W C03900/Ace: [(100000:100000:scope)] GetAsset failed: manifest.json
CST 2026-07-17 19:58:18.635  4125  4692 I C03951/InputKeyFlow: [(-1:100000:singleton)] Subscribe touch.events.pass.through Event
CST 2026-07-17 19:58:18.635  4125  4125 I C04200/WMS: InitUIContent: [0, 0]
CST 2026-07-17 19:58:18.635  4125  4125 I C04208/WMSLayout: SetUIContentInner: single hand, id:30, posX:0, posY:0, scaleX:1.000000, scaleY:1.000000
CST 2026-07-17 19:58:18.635   146   192 I C02c03/PARAM_WATCHER: SendLocalChange start keyPrefix persist.ace.trace.layout.enabled remoteWatcherId 57
CST 2026-07-17 19:58:18.635  4125  4125 I C04219/WMSDecor: UpdateDecorEnable: decorVisible:1, id: 30
CST 2026-07-17 19:58:18.635  4125  4125 I C03900/Ace: [(-2:100000:singleton)] [cn.alfadb.netbird.e3vpna][entry][100000]: UpdateWindowVisible: 1, hasDecor: 0
CST 2026-07-17 19:58:18.635   146   192 I C02c03/PARAM_WATCHER: [watcher_manager.cpp:187]Add watcher persist.ace.trace.layout.enabled remoteWatcherId: 57 groupId 105 success
CST 2026-07-17 19:58:18.635  4125  4125 I C03900/Ace: [(-2:100000:singleton)] [cn.alfadb.netbird.e3vpna][entry][100000]: NotifyWindowMode mode = 1
CST 2026-07-17 19:58:18.635  4125  4691 I C02c03/PARAM_WATCHER: Add watcher keyPrefix persist.ace.trace.layout.enabled remoteWatcherId 57 success
CST 2026-07-17 19:58:18.635   146   192 I C02c03/PARAM_WATCHER: SendLocalChange start keyPrefix persist.ace.trace.inputevent.enabled remoteWatcherId 57
CST 2026-07-17 19:58:18.636   201  2133 I C01d00/accessibility: [(WindowUpdateAll:1027)]WindowUpdateAll start activeWindowId_: 30
CST 2026-07-17 19:58:18.636   146   192 I C02c03/PARAM_WATCHER: [watcher_manager.cpp:187]Add watcher persist.ace.trace.inputevent.enabled remoteWatcherId: 57 groupId 106 success
CST 2026-07-17 19:58:18.636   201  2133 I C01d00/accessibility: [(SetActiveWindow:398)]windowId is 30, activeWindowId_: -1
CST 2026-07-17 19:58:18.636  4125  4691 I C02c03/PARAM_WATCHER: Add watcher keyPrefix persist.ace.trace.inputevent.enabled remoteWatcherId 57 success
CST 2026-07-17 19:58:18.636   201  2133 I C01d00/accessibility: [(WindowUpdateAll:1079)]WindowUpdateAll end activeWindowId_: 30
CST 2026-07-17 19:58:18.636   146   192 I C02c03/PARAM_WATCHER: SendLocalChange start keyPrefix const.security.developermode.state remoteWatcherId 57
CST 2026-07-17 19:58:18.636  1522  1531 E C04200/WMS: UpdateSessionPropertyByAction: permission denied! action: 262144
CST 2026-07-17 19:58:18.636  4125  4125 I C03900/Ace: [(-2:100000:singleton)] [cn.alfadb.netbird.e3vpna][entry][100000]: window foreground
CST 2026-07-17 19:58:18.636   146   192 I C02c03/PARAM_WATCHER: [watcher_manager.cpp:187]Add watcher const.security.developermode.state remoteWatcherId: 57 groupId 107 success
CST 2026-07-17 19:58:18.636  4125  4125 I C03900/Ace: [(100000:100000:scope)] Update application state , state: ON_SHOW
CST 2026-07-17 19:58:18.636  4125  4691 I C02c03/PARAM_WATCHER: Add watcher keyPrefix const.security.developermode.state remoteWatcherId 57 success
CST 2026-07-17 19:58:18.636   146   192 I C02c03/PARAM_WATCHER: SendLocalChange start keyPrefix persist.ace.debug.statemgr.enabled remoteWatcherId 57
CST 2026-07-17 19:58:18.637  4125  4125 I C01406/OHOS::RS: RSSurfaceNode::SetAbilityState, surfaceNodeId:[17716740096002], ability state: foreground
CST 2026-07-17 19:58:18.637   146   192 I C02c03/PARAM_WATCHER: [watcher_manager.cpp:187]Add watcher persist.ace.debug.statemgr.enabled remoteWatcherId: 57 groupId 108 success
CST 2026-07-17 19:58:18.637  4125  4691 I C02c03/PARAM_WATCHER: Add watcher keyPrefix persist.ace.debug.statemgr.enabled remoteWatcherId 57 success
CST 2026-07-17 19:58:18.637  4125  4125 I C03900/Ace: [(100000:100000:scope)] ArkUI requests first Vsync.
CST 2026-07-17 19:58:18.637  4125  4125 I C04202/WMSMain: RequestVsync: First vsync has requested, nodeId: 17716740096002
CST 2026-07-17 19:58:18.637   146   192 I C02c03/PARAM_WATCHER: SendLocalChange start keyPrefix persist.ace.debug.boundary.enabled remoteWatcherId 57
CST 2026-07-17 19:58:18.637   769  4075 I C01400/Vsync: RequestNextVSync: First vsync is requested, name: WM_4125
CST 2026-07-17 19:58:18.637   769  4075 I C01400/Vsync: RequestNextVSync: First vsync RequestNextVSync conn:WM_4125, rate:0, highPriorityRate:1
CST 2026-07-17 19:58:18.637  4125  4125 I C03959/AceLayout: [(-2:100000:singleton)] [cn.alfadb.netbird.e3vpna][entry][100000]: UpdateViewportConfig Viewport config: size: (1320, 2856) orientation: 0 density: 3.500000 position: (0, 0) transformHint: 0 displayId: 0, windowSizeChangeReason 0, is rsTransaction nullptr 1, , keyboardInfo is null
CST 2026-07-17 19:58:18.637   146   192 I C02c03/PARAM_WATCHER: [watcher_manager.cpp:187]Add watcher persist.ace.debug.boundary.enabled remoteWatcherId: 57 groupId 109 success
CST 2026-07-17 19:58:18.637  4125  4125 I C0394e/AceWindow: [(100000:100000:scope)] Update displayWindowRect in UpdateViewportConfig to : Rect (0.00, 0.00) - [0.00 x 0.00]
CST 2026-07-17 19:58:18.637  4125  4691 I C02c03/PARAM_WATCHER: Add watcher keyPrefix persist.ace.debug.boundary.enabled remoteWatcherId 57 success
CST 2026-07-17 19:58:18.637  4125  4125 I C04208/WMSLayout: UpdateViewportConfig: Id: 30, reason: 0, windowRect: [0 0 1320 2856], displayOrientation: 0, config[0, 0, 0, 3.500000]
CST 2026-07-17 19:58:18.638  4125  4125 I C03900/Ace: [(-2:100000:singleton)] [cn.alfadb.netbird.e3vpna][entry][100000]: window focus
CST 2026-07-17 19:58:18.638  4125  4125 I C03900/Ace: [(-2:100000:singleton)] [cn.alfadb.netbird.e3vpna][entry][100000]:window active
CST 2026-07-17 19:58:18.638   146   192 I C02c03/PARAM_WATCHER: SendLocalChange start keyPrefix persist.ace.performance.monitor.enabled remoteWatcherId 57
CST 2026-07-17 19:58:18.638   770   992 I C01202/Subscriber: Subscribe cn.alfadb.netbird.e3vpna(userId = 100, subId = 4125_20020062_-1_522_143498, ffrtCost 0 ms, taskCost 0 ms)
CST 2026-07-17 19:58:18.638   146   192 I C02c03/PARAM_WATCHER: [watcher_manager.cpp:187]Add watcher persist.ace.performance.monitor.enabled remoteWatcherId: 57 groupId 110 success
CST 2026-07-17 19:58:18.638  4125  4691 I C02c03/PARAM_WATCHER: Add watcher keyPrefix persist.ace.performance.monitor.enabled remoteWatcherId 57 success
CST 2026-07-17 19:58:18.639  4125  4125 W C01320/JsEnv: [source_map.cpp145]the stack without line info
CST 2026-07-17 19:58:18.639  4125  4125 I A02900/E3VpnGate: ENTRY_PAGE_READY|bundle=cn.alfadb.netbird.e3vpna
CST 2026-07-17 19:58:18.639  4125  4125 I C04200/JsWindowStage: Window [30, e3vpna0] load content end, ret=0
CST 2026-07-17 19:58:18.639  4125  4125 I C04209/WMSImms: NotifyAvoidAreaChange: win 30 api 24 type 0 area top [0 0 1320 136] 
CST 2026-07-17 19:58:18.639  4125  4125 I C04209/WMSImms: NotifyAvoidAreaChange: win 30 api 24 type 1 area top [517 45 285 103] 
CST 2026-07-17 19:58:18.639  4125  4125 I C04209/WMSImms: NotifyAvoidAreaChange: win 30 api 24 type 2 area empty
CST 2026-07-17 19:58:18.639  4125  4125 I C04209/WMSImms: NotifyAvoidAreaChange: win 30 api 24 type 3 area empty
CST 2026-07-17 19:58:18.639  4125  4125 I C04209/WMSImms: NotifyAvoidAreaChange: win 30 api 24 type 4 area bottom [429 2758 462 98] 
CST 2026-07-17 19:58:18.639  4125  4125 I C04208/WMSLayout: UpdateViewportConfig: Id: 30, reason: 23, windowRect: [0 0 1320 2856], displayOrientation: 0, config[0, 0, 0, 3.500000]
CST 2026-07-17 19:58:18.640  4125  4125 I C03900/Ace: [(100000:100000:scope)] Update application state , state: ON_ACTIVE
CST 2026-07-17 19:58:18.640  4125  4125 I C01d02/accessibility_asacfwk: [(SubscribeStateObserver:652)]Observer has subscribed!
CST 2026-07-17 19:58:18.640  4125  4125 I C01d02/accessibility_asacfwk: [(SubscribeStateObserver:652)]Observer has subscribed!
CST 2026-07-17 19:58:18.640  4125  4125 I C01d02/accessibility_asacfwk: [(SubscribeStateObserver:652)]Observer has subscribed!
CST 2026-07-17 19:58:18.640  4125  4125 I C0391c/AceFocus: [(100000:100000:scope)] Window: 30 get focus.
CST 2026-07-17 19:58:18.640  4125  4125 W C0391c/AceFocus: [(100000:100000:scope)] Current focus view can not found!
CST 2026-07-17 19:58:18.640  4125  4125 I C0391c/AceFocus: [(100000:100000:scope)] Request focus on rootFocusHub: root/0
CST 2026-07-17 19:58:18.640  4125  4125 I C04208/WMSLayout: UpdateViewportConfig: Id: 30, reason: 23, windowRect: [0 0 1320 2856], displayOrientation: 0, config[0, 0, 0, 3.500000]
CST 2026-07-17 19:58:18.640  4125  4125 I C03925/AceRouter: [(100000:100000:scope)] Page router manager is creating page[1]: url: pages/Index path: pages/Index.js, recoverable: yes, namedRouter: no
CST 2026-07-17 19:58:18.640   769   949 I C01400/Vsync: OnVSyncTrigger: F send
CST 2026-07-17 19:58:18.640   769   949 I C01400/Vsync: PostEvent: First vsync has send to : WM_4125
CST 2026-07-17 19:58:18.641   305   373 E C01704/TagSched: [a92abb18da9c78e] [OpenQosCtrl]Failed to open qos_ctrl device
CST 2026-07-17 19:58:18.641   305   373 E C01704/TagSched: [a92abb18da9c78e] [IsQosHandleOpen]get qosSetHandle_ fail
CST 2026-07-17 19:58:18.641   305   373 E C01704/TagSched: [a92abb18da9c78e] [SetUclamp]qosSetHandle open fail
CST 2026-07-17 19:58:18.641   305   552 E C01717/APP_TYPE_MGR: [a92abc18da9c893] App type manager service is not ready, RequestApplicationType failed
CST 2026-07-17 19:58:18.641   305   552 I C01720/SmartGC: [a92abc18da9c893] [GetAppType]bundleName cn.alfadb.netbird.e3vpna type -1
CST 2026-07-17 19:58:18.641   305   373 I C01705/EXACT_PREREAD: [a92abb18da9c78e] [(HandlePushPageStart):511] Push page info <bundleName: cn.alfadb.netbird.e3vpna abilityName: EntryAbility pageUrl: pages.Index>;
CST 2026-07-17 19:58:18.641   305   373 I C01705/EXACT_PREREAD: [a92abb18da9c78e] [(HandlePushPageStart):518] ContinueAppStartupCollectWork uid: 20020062 pid: 4125 sceneName:cn.alfadb.netbird.e3vpna/cn.alfadb.netbird.e3vpna
CST 2026-07-17 19:58:18.645   305   373 E C01704/TagSched: [a92abd18da9da7b] [OpenQosCtrl]Failed to open qos_ctrl device
CST 2026-07-17 19:58:18.645   305   373 E C01704/TagSched: [a92abd18da9da7b] [IsQosHandleOpen]get qosSetHandle_ fail
CST 2026-07-17 19:58:18.645   305   373 E C01704/TagSched: [a92abd18da9da7b] [SetUclamp]qosSetHandle open fail
CST 2026-07-17 19:58:18.646   305   550 I C01705/EXACT_PREREAD: [a92abd18da9da7b] [(HandlePushPageComplete):548] Startup scene, SendDelayCollectTimeoutEvent uid: 20020062 pid: 4125 sceneName:cn.alfadb.netbird.e3vpna/cn.alfadb.netbird.e3vpna
CST 2026-07-17 19:58:18.646  4125  4125 W C03926/AceTheme: [(100000:100000:scope)] style text_pattern not contains linear_split_child_min_size!
CST 2026-07-17 19:58:18.646  4125  4125 W C03926/AceTheme: [(100000:100000:scope)] style text_pattern not contains menu_celia_ask_is_support!
CST 2026-07-17 19:58:18.648  4125  4125 W C03926/AceTheme: [(100000:100000:scope)] style 125829872 not contains app_theme_pattern!
CST 2026-07-17 19:58:18.648  4125  4125 E C01e00/ResourceManager: ref <private> id not found
CST 2026-07-17 19:58:18.648  4125  4125 E C01e00/ResourceManager: ref <private> id not found
CST 2026-07-17 19:58:18.648  4125  4125 W C03937/AceResource: [(100000:100000:scope)] Get pattern by name error, name=app_theme_pattern
CST 2026-07-17 19:58:18.648  4125  4125 E C01e00/ResourceManager: ref <private> id not found
CST 2026-07-17 19:58:18.648  4125  4125 E C01e00/ResourceManager: ref <private> id not found
CST 2026-07-17 19:58:18.648  4125  4125 W C03937/AceResource: [(100000:100000:scope)] Get pattern by name error, name=app_theme_pattern
CST 2026-07-17 19:58:18.648  4125  4125 W C03926/AceTheme: [(100000:100000:scope)] style app_theme_pattern not contains app_theme_drag_distancethreshold!
CST 2026-07-17 19:58:18.649  4125  4125 I C0391c/AceFocus: [(100000:100000:scope)] view: page/2 show
CST 2026-07-17 19:58:18.649  4125  4125 I C03922/AceNavigation: [(100000:100000:scope)] can't find inner navigation
CST 2026-07-17 19:58:18.649  4125  4125 I C03933/AceKeyboard: [(100000:100000:scope)] StageManager FrameNode notNeedSoftKeyboard.
CST 2026-07-17 19:58:18.649  4125  4125 I C03933/AceKeyboard: [(100000:100000:scope)] Container not SceneBoardWindow.
CST 2026-07-17 19:58:18.650  4125  4125 I C03925/AceRouter: [(100000:100000:scope)] LoadPage Success
CST 2026-07-17 19:58:18.650  4125  4125 I C03917/AceSafeArea: [(-2:100000:singleton)] SetIsFullScreen 1
CST 2026-07-17 19:58:18.650  4125  4125 I C0392a/AceUiExtensionComponent: [(-2:100000:singleton)] NotifyWindowMode aliveUIExtensions = 0
CST 2026-07-17 19:58:18.650   305  4155 W C01727/SceneRecognizeExt: [a92abe18da9eb67] [HandlePageReport]smart scan get config page info error, bundleName: cn.alfadb.netbird.e3vpna
CST 2026-07-17 19:58:18.650  4125  4125 I C03900/Ace: [(100000:100000:scope)] Root node request first frame.
CST 2026-07-17 19:58:18.650  4125  4125 I C03900/Ace: [(100000:100000:scope)] Update application state , state: ON_ACTIVE
CST 2026-07-17 19:58:18.650  4125  4125 I C01d02/accessibility_asacfwk: [(SubscribeStateObserver:652)]Observer has subscribed!
CST 2026-07-17 19:58:18.650  4125  4125 I C01d02/accessibility_asacfwk: [(SubscribeStateObserver:652)]Observer has subscribed!
CST 2026-07-17 19:58:18.650  4125  4125 I C01d02/accessibility_asacfwk: [(SubscribeStateObserver:652)]Observer has subscribed!
CST 2026-07-17 19:58:18.650  4125  4125 I C0391c/AceFocus: [(100000:100000:scope)] Window: 30 get focus.
CST 2026-07-17 19:58:18.650  4125  4125 I C03900/Ace: [(100000:100000:scope)] Update application state , state: ON_ACTIVE
CST 2026-07-17 19:58:18.651  4125  4125 I C01d02/accessibility_asacfwk: [(SubscribeStateObserver:652)]Observer has subscribed!
CST 2026-07-17 19:58:18.651  4125  4125 I C01d02/accessibility_asacfwk: [(SubscribeStateObserver:652)]Observer has subscribed!
CST 2026-07-17 19:58:18.651  4125  4125 I C01d02/accessibility_asacfwk: [(SubscribeStateObserver:652)]Observer has subscribed!
CST 2026-07-17 19:58:18.651  4125  4125 I C04202/WMSMain: VsyncCallbackInner: First vsync has come back, nodeId: 17716740096002
CST 2026-07-17 19:58:18.651  4125  4125 W C03900/Ace: [(100000:100000:scope)] FeatureParamManager feature is missing or invalid
CST 2026-07-17 19:58:18.652  4125  4125 I C01408/Text: InitTextBundleConfig: Adapter text height enabled 0
CST 2026-07-17 19:58:18.659  4125  4125 I C03900/Ace: [(100000:100000:scope)] ArkUi flush first frame messages.
CST 2026-07-17 19:58:18.659  4125  4125 I C0391c/AceFocus: [(100000:100000:scope)] Request focus on focusView: page/2.
CST 2026-07-17 19:58:18.659  4125  4125 I C0391c/AceFocus: [(100000:100000:scope)] WinFocusMove end, root/secure_field onBlur, Column/secure_field onFocus, start: 2, end: 1, update: 2
CST 2026-07-17 19:58:18.659  4125  4125 I C03933/AceKeyboard: [(100000:100000:scope)] current focus node: (Column/5). isDynamic: 0
CST 2026-07-17 19:58:18.659  4125  4125 I C03933/AceKeyboard: [(100000:100000:scope)] Trigger Window Focus Callback
CST 2026-07-17 19:58:18.660  4125  4125 I C03933/AceKeyboard: [(100000:100000:scope)] need keyboard : 0.
CST 2026-07-17 19:58:18.660  4125  4125 I C0420b/WMSKeyboard: id: 30, isNeedKeyboard: 0, keepKeyboardFlag: 0
CST 2026-07-17 19:58:18.660   770   800 W C01300/AAFwk: [permission_verification.cpp66]ohos.permission.GET_RUNNING_INFO: PERMISSION_DENIED
CST 2026-07-17 19:58:18.660   770   800 E C01311/AppMS: [AMSI6451]permission verify fail
CST 2026-07-17 19:58:18.660  4125  4125 I C0420b/WMSKeyboard: RequestInputMethodCloseKeyboard: Notify InputMethod framework close keyboard start. id: 30, isUIEProc: 0, hostWindowId: 30
CST 2026-07-17 19:58:18.661   755   755 I C01c10/ImsaKit: line: 195, function: OnRemoteRequest,IMSA, code = 8, callingPid/Uid/timestamp: 4125/20020062/1784289498661
CST 2026-07-17 19:58:18.661   755   755 I C01c10/ImsaKit: line: 865, function: RequestHideInput,isFocusTriggered/windowId/displayId:0/30/0.
CST 2026-07-17 19:58:18.661  1522  2129 I C04207/WMSFocus: GetAllGroupInfo success
CST 2026-07-17 19:58:18.661  1522  1531 I C04207/WMSFocus: HandleGetAllGroupInfo: start reply
CST 2026-07-17 19:58:18.663   755   755 I C01c10/ImsaKit: line: 164, function: NotifyInputStop,enter.
CST 2026-07-17 19:58:18.663   755   755 I C01c10/ImsaKit: line: 61, function: GetListenerInfo,ImeEventListenerManager::GetListenerInfo enter
CST 2026-07-17 19:58:18.663   755   755 I C01c10/ImsaKit: line: 181, function: NotifyInputStop,NotifyInputStopToClients end
CST 2026-07-17 19:58:18.663  4125  4125 I C03903/AceSubWindow: [(100000:100000:scope)] hide menu ng exit, window not exist
CST 2026-07-17 19:58:18.663  4125  4125 I C04216/WMSPattern: FlushLayoutSize: NotifyFrameLayoutFinishFromApp, id: 30, rect: [0 0 1320 2856], notifyListener: 0
CST 2026-07-17 19:58:18.663  1522  1531 I C04216/WMSPattern: NotifyFrameLayoutFinishFromApp: 0, [0 0 1320 2856]
CST 2026-07-17 19:58:18.663  1522  1522 I C0393b/AceWindowScene: [(100000:100000:scope)] isAbilityHook: 0,BufferAvailableCallback id: 30,enableRemoveStartingWindow: 0, appBufferReady: 0
CST 2026-07-17 19:58:18.663   305  4155 E C01720/SmartGC: [a92ab118daa2087] [ExitGCPauseSceneInner]ExitGCPauseSceneInner 143501 143523
CST 2026-07-17 19:58:18.664  1522  1522 I C0393b/AceWindowScene: [(100000:100000:scope)] BufferAvailableCallback id: 30, isWindowSizeEqual: 1
CST 2026-07-17 19:58:18.678  4697  4697 W C02c02/PARAM: Selinux check name persist.init.debug.loglevel in u:object_r:startup_init_param:s0 [4697 2000 2000] failed
CST 2026-07-17 19:58:18.678  4697  4697 W C02c02/PARAM: Selinux check name persist.init.debug.loglevel in u:object_r:startup_init_param:s0 [4697 2000 2000] failed
CST 2026-07-17 19:58:18.678  4697  4697 W C02c02/PARAM: SystemReadParam failed!name is:persist.init.debug.loglevel,err:1002
CST 2026-07-17 19:58:18.686  4699  4699 W C02c02/PARAM: Selinux check name persist.init.debug.loglevel in u:object_r:startup_init_param:s0 [4699 2000 2000] failed
CST 2026-07-17 19:58:18.686  4699  4699 W C02c02/PARAM: Selinux check name persist.init.debug.loglevel in u:object_r:startup_init_param:s0 [4699 2000 2000] failed
CST 2026-07-17 19:58:18.686  4699  4699 W C02c02/PARAM: SystemReadParam failed!name is:persist.init.debug.loglevel,err:1002
CST 2026-07-17 19:58:18.694  4700  4700 W C02c02/PARAM: Selinux check name persist.init.debug.loglevel in u:object_r:startup_init_param:s0 [4700 2000 2000] failed
CST 2026-07-17 19:58:18.694  4700  4700 W C02c02/PARAM: Selinux check name persist.init.debug.loglevel in u:object_r:startup_init_param:s0 [4700 2000 2000] failed
CST 2026-07-17 19:58:18.694  4700  4700 W C02c02/PARAM: SystemReadParam failed!name is:persist.init.debug.loglevel,err:1002
CST 2026-07-17 19:58:18.706   769   902 W C01406/OHOS::RS: RSJankStats::SetJankStats jank frames 7
CST 2026-07-17 19:58:18.706   605   611 W C02515/DISP: [SetLayerMaskInfo:495] <private> is not supported
CST 2026-07-17 19:58:18.706   605   611 I C02515/DISP: [CommitComposeLayer:67] CommitComposeLayer! 10
CST 2026-07-17 19:58:18.707   769   769 I C01406/OHOS::RS: RSSurfaceRenderNode::SetAbilityState, surfaceNodeId:[17716740096002] ability state: background
CST 2026-07-17 19:58:18.707   769   769 I C01406/OHOS::RS: RSSurfaceRenderNode::SetAbilityState, surfaceNodeId:[17716740096002] ability state: foreground
CST 2026-07-17 19:58:18.708   769   769 E C01406/RSScreenManager: IsAllScreensPowerOff: screenPowerStatus_ is empty.
CST 2026-07-17 19:58:18.709   769   769 I C01406/OHOS::RS: RSSurfaceRenderNode::NotifyUIBufferAvailable nodeId = 17716740096002
CST 2026-07-17 19:58:18.709  1522  1531 I C0393b/AceWindowScene: [(-1:100000:singleton)] BufferAvailableCallback id:30
CST 2026-07-17 19:58:18.709  1522  1531 I C04202/WMSMain: NotifyCompleteFirstFrameDrawing:  id: 30, app info: [cn.alfadb.netbird.e3vpna entry EntryAbility]
CST 2026-07-17 19:58:18.709  1522  1531 I C04200/WMS: Post CompleteFirstFrameDrawing task. Id: 30
CST 2026-07-17 19:58:18.709  1522  1531 I C04204/WMSScb: SetSkipSelfWhenShowOnVirtualScreen: surfaceNodeId: 30
CST 2026-07-17 19:58:18.709  1522  2129 I C04200/SessionListenerController: NotifySessionCreated: Id:30
CST 2026-07-17 19:58:18.709  1522  2129 I C0420a/WMSLife: operator(): start notify listeners, bundleName:cn.alfadb.netbird.e3vpna, Id:30, event:0, reason: 0
CST 2026-07-17 19:58:18.710  1522  1531 I C0393b/AceWindowScene: [(-1:100000:singleton)] isAbilityHook: 0,BufferAvailableCallback id: 30,enableRemoveStartingWindow: 0, appBufferReady: 0
CST 2026-07-17 19:58:18.710  1522  1522 I A04200/WINDOW: SCBSceneSession: onBufferAvailableChange, isBufferAvailable: true, id: 30,      bundleName: cn.alfadb.netbird.e3vpna
CST 2026-07-17 19:58:18.710  1522  1522 I A04200/WINDOW: SCBScenePersistent: Set persistentId = 30 isAlive to true
CST 2026-07-17 19:58:18.710  1522  1522 W A04200/WINDOW: SCBScenePersistent: The alive status remains unchanged
CST 2026-07-17 19:58:18.710  1522  1522 I A04200/WINDOW: SCBSceneSession: bufferAvailableCallbackList length: 0
CST 2026-07-17 19:58:18.710  1522  1522 I A04209/WMSImms: win:30 app prop is applied
CST 2026-07-17 19:58:18.715   770   800 W C01336/AMS: [ability_start_with_wait_observer_manager.cpp139]invaid observerId
CST 2026-07-17 19:58:18.731  1522  1522 I A04209/WMSImms: update prop to callbacks. screenId:0 mainscreenId:0 window:30, prop:[5,true,"#00FFFFFF","#FF000000",false,false,null], size:5 reason: sceneSession isSetEnable:false isSetColor:false isLand:false 
CST 2026-07-17 19:58:18.731  1522  1522 I A01a00/SYS_UI: SystemUI_BannerVm --> onSystemBarProperty
CST 2026-07-17 19:58:18.731  1522  1522 I A01a00/SYS_UI: TaskQueue: Add task SCBStatusBarVM_onSystemBarPropertyChange, count: 1
CST 2026-07-17 19:58:18.731  1522  1522 I A01a00/SYS_UI: TaskQueue: execute queueName SCBStatusBarVM, task onSystemBarPropertyChange, runningCount 1, startTime 1784289498731
CST 2026-07-17 19:58:18.731  1522  1522 I A01a00/SYS_UI: SCBStatusBarView: registerSystemBarPropertyCallbacks, enable: true, enableAnimation:false, isExitRecentTask: false
CST 2026-07-17 19:58:18.731  1522  1522 I A01a00/SYS_UI: TimeoutPromise: Create for SCBStatusBarView_isEnablePromise.
CST 2026-07-17 19:58:18.731  1522  1522 I A01a00/SYS_UI: TimeoutPromise: StartTimeout for SCBStatusBarView_isEnablePromise timeout 500
CST 2026-07-17 19:58:18.731  1522  1522 I A04200/WINDOW: SCBSSM: setIsShowStatusBarTemporary 30 false
CST 2026-07-17 19:58:18.731  1522  1522 I A01a00/SYS_UI: TimeoutPromise: Manually resolve fot SCBStatusBarView_isEnablePromise. reason: SCBStatusBarView_isEnablePromise
CST 2026-07-17 19:58:18.732  1522  1522 W A01a00/SYS_UI: SCBStatusBarView: isEnable changed: true, statusBarOpacity is 1, immersive is false, enable animation: false
CST 2026-07-17 19:58:18.732  1522  1522 W A01a00/SYS_UI: StatusBarVMV2: System bar property change from #FFFFFFFF to #FF000000 #00FFFFFF
CST 2026-07-17 19:58:18.732  1522  1522 I A01a00/SYS_UI: StatusBarVMV2: updateTintContentColor enable true, enableAnimation false contentColor #FF000000
CST 2026-07-17 19:58:18.732  1522  1522 W A01a00/SYS_UI: StatusBarBridgeView: onPluginContentColorChange #FF000000
CST 2026-07-17 19:58:18.732  1522  1522 I A01b00/SCB: SCBCategoryResourceManager: isForceFullScreenWithDock bundleName: cn.alfadb.netbird.e3vpna
CST 2026-07-17 19:58:18.732  1522  1522 I A01b00/SCB:                   isForceFullScreenWithDock: false
CST 2026-07-17 19:58:18.733  1522  1522 I A01a00/SYS_UI: TaskQueue: Run task SCBStatusBarVM_onSystemBarPropertyChange, time: 2, count: 0
CST 2026-07-17 19:58:18.733  1522  1522 W A01a00/SYS_UI: TaskQueue: stop run task, queueName SCBStatusBarVM, isFreeze: false, runningCount: 0, tasks length: 0
CST 2026-07-17 19:58:18.733   770   800 W C04201/DMS: screen_cutout_controller.cpp GetCutoutArea: display:[ID: 0, W: 1320, H: 2856, R: 0,Mode 0]
CST 2026-07-17 19:58:18.734  1522  1522 I C03930/AceAnimation: [(100000:100000:scope)] animateTo finish, cnt:51
CST 2026-07-17 19:58:18.734  1522  1522 I A01b01/HOME: SCBSCS: setMotionBlurRadius: 0, caller: sceneContainerZoomIn end
CST 2026-07-17 19:58:18.734  1522  1522 I A01b00/SCB: LuoShuStateManager --> getLuoShuStateInfo: SCBScreenSM {"luoShuState":0,"scenePanelState":1,"eventType":-1,"screenInfo":{"isLandscape":false,"foldState":1},"screenId":0,"holdingHandStatus":1}
CST 2026-07-17 19:58:18.735  1522  1522 I C0393b/AceWindowScene: [(100000:100000:scope)] RemoveChild StartingWindow, 2533
CST 2026-07-17 19:58:18.735  1522  1522 I C0393b/AceWindowScene: [(100000:100000:scope)] Remove starting window finished, id: 30, node id: 2533, name: cn.alfadb.netbird.e3vpna
CST 2026-07-17 19:58:18.741  1522  1522 I A01a00/SYS_UI: StatusBarBridgeView: FrameCallback do
CST 2026-07-17 19:58:18.742  1522  1522 I A01a00/SYS_UI: StatusBarColorPickerVm --> on isImmersive change: false,color: #FF000000--windowSetColor
CST 2026-07-17 19:58:18.742  1522  1522 I A01a00/SYS_UI: StatusBarColorPickerVm --> color enable false
CST 2026-07-17 19:58:18.743  1522  1522 I A01a00/SYS_UI: BatteryComponent-batteryIcon --> onContentColorChange #FF000000 batterySocTextTop 0
CST 2026-07-17 19:58:18.744  1522  1522 I A01a00/SYS_UI: GroupBackgroundEffect --> LightNess: 0 colorStr: #FF000000
CST 2026-07-17 19:58:18.744  1522  1522 I A01a00/SYS_UI: StatusBarHeightVm: clearShowHeight GroupBackgroundEffect_left_group
CST 2026-07-17 19:58:18.744  1522  1522 I A01a00/SYS_UI: StatusBarHeightVm: checkHeightChange: cacheUseHeight 39 maxHeight 39 maxHotArea: 39
CST 2026-07-17 19:58:18.744  1522  1522 I A01a00/SYS_UI: GroupBackgroundEffect --> LightNess: 0 colorStr: #FF000000
CST 2026-07-17 19:58:18.744  1522  1522 I A01a00/SYS_UI: StatusBarHeightVm: clearShowHeight GroupBackgroundEffect_right_group
CST 2026-07-17 19:58:18.744  1522  1522 I A01a00/SYS_UI: StatusBarHeightVm: checkHeightChange: cacheUseHeight 39 maxHeight 39 maxHotArea: 39
CST 2026-07-17 19:58:18.744  1522  1522 I A01a00/SYS_UI: LiveCapsuleListVm: shadow capsule color = #4D000000
CST 2026-07-17 19:58:18.757   248  4616 I C02699/MM: HandleAppDied appName=cn.alfadb.netbird.e3vpnb appId=20020063
CST 2026-07-17 19:58:18.764   210   225 E C01707/CONCUR: [a92abb18da4052a] [TaskControllerInterface] ReportData failed, funcLoader_ load func failed
CST 2026-07-17 19:58:18.779   305  4155 E C01704/TagSched: [a92abc18da8107f] [OpenQosCtrl]Failed to open qos_ctrl device
CST 2026-07-17 19:58:18.779   305  4155 E C01704/TagSched: [a92abc18da8107f] [IsQosHandleOpen]get qosSetHandle_ fail
CST 2026-07-17 19:58:18.779   305  4155 E C01704/TagSched: [a92abc18da8107f] [SetUclamp]qosSetHandle open fail
CST 2026-07-17 19:58:18.827  1522  1522 I C03930/AceAnimation: [(100000:100000:scope)] animateTo finish, cnt:48
CST 2026-07-17 19:58:18.827  1522  1522 I A04200/WINDOW: SCBSPM: onBlurTransitionFinish 24 blurComponentTransitionCount:26
CST 2026-07-17 19:58:18.827  1522  1522 I A0001b/AA: OutSideWindowManager: globalSearchStatus: 0
CST 2026-07-17 19:58:18.827  1522  1522 I A01b09/RECENT: SCBDesktopCacheManager: setDesktopCacheWithDfx Validate cacheFlag:false reason:startBlurAnimation
CST 2026-07-17 19:58:18.831  1522  1522 W A01a00/SYS_UI: LiveCapsuleListVm: start to toggleCapsuleList, param:  {"isUpwards":true,"isUpdateImmediately":false,"needAnimation":true,"needShowStatusBar":false}
CST 2026-07-17 19:58:18.831  1522  1522 W A01a00/SYS_UI: LiveCapsuleListVm: Visible is not changed, stop toggleCapsuleList. isForceUpdate: undefined
CST 2026-07-17 19:58:18.870   769   902 E C02515/DGLES: [d_eglSwapBuffers_special@egl_gpu.cpp:729] thread output size 359778 speed 327k/s API_num 4480
CST 2026-07-17 19:58:18.870   605   611 W C02515/DISP: [SetLayerMaskInfo:495] <private> is not supported
CST 2026-07-17 19:58:18.871   769   902 W C01406/OHOS::RS: RSJankStats::SetJankStats jank frames 9
CST 2026-07-17 19:58:18.871   769  1014 E C01700/RSS: ResSchedClient::ReportData type not subscribed.
CST 2026-07-17 19:58:18.871   605   611 I C02515/DISP: [CommitComposeLayer:67] CommitComposeLayer! 10
CST 2026-07-17 19:58:18.877   769   769 E C01406/RSScreenManager: IsAllScreensPowerOff: screenPowerStatus_ is empty.
CST 2026-07-17 19:58:18.882  1790  1834 I C0430a/file_monitor_service: [MainMissionStatus:197]CanExit
CST 2026-07-17 19:58:18.882  1790  1834 I C0430a/file_monitor_service: [MainMissionStatus:203]SecondaryScanner idle
CST 2026-07-17 19:58:18.891   305  4668 W C01704/TagSched: [a92abb18da9c78e] [operator()]The removed task is being executed, execute stop, Task = minUtilSched#10:4125:9
CST 2026-07-17 19:58:18.902  2326  2326 I C02500/Qemud: Guest heartbeat success.
CST 2026-07-17 19:58:18.959  2500  3014 E C02e00/UPDATE_SA: [hap_connection.cpp(50)]GetHapRemoteObject, remoteObj is nullptr, bundle com.huawei.hmos.ouc
CST 2026-07-17 19:58:18.959  2500  3014 I C01352/ExtMgr: [extension_manager_client.cpp134]name:com.huawei.hmos.ouc ServiceExtAbility, userId:-1.
CST 2026-07-17 19:58:18.959   770   800 I C01342/ServiceExt: [ABMS5529]element: com.huawei.hmos.ouc/ServiceExtAbility
CST 2026-07-17 19:58:18.959   770   800 W C01123/BMSCommon: bundle not exist -n com.huawei.hmos.ouc -u 100 -i 0 -f 0
CST 2026-07-17 19:58:18.959   770   800 W C01336/AMS: [start_ability_utils.cpp76]failed: com.huawei.hmos.ouc
CST 2026-07-17 19:58:18.959   770   800 W C01336/AMS: [crowd_test_interceptor.cpp54]GetAppInfo failed
CST 2026-07-17 19:58:18.959   770   800 W C01120/BMS: app_control_manager.cpp:GetAppRunningControlRule:397 getAppId failed,-n:com.huawei.hmos.ouc
CST 2026-07-17 19:58:18.959   770   800 W C01123/BMSCommon: uid(6666) invalid
CST 2026-07-17 19:58:18.960   770   800 I C01336/AMS: [start_ability_utils.cpp54]appIndex:-1
CST 2026-07-17 19:58:18.960   770   800 W C01123/BMSCommon: bundle not exist -n com.huawei.hmos.ouc -u 100 -i 0 -f 1062
CST 2026-07-17 19:58:18.960   770   800 I C01121/BMSQuery: ExplicitQueryAbility no match -n com.huawei.hmos.ouc -a ServiceExtAbility -u 100 -i 0
CST 2026-07-17 19:58:18.960   770   800 W C01120/BMS: query abilitys_ext code 8521480
CST 2026-07-17 19:58:18.960   770   800 W C01123/BMSCommon: bundle not exist -n com.huawei.hmos.ouc -u 100 -i 0 -f 1062
CST 2026-07-17 19:58:18.960   770   800 W C01121/BMSQuery: bundle_data_mgr.cpp:ExplicitQueryExtensionInfo:7239 ExplicitQueryExtensionInfo failed
CST 2026-07-17 19:58:18.960   770   800 I C01121/BMSQuery: ExplicitQueryExtension size:0 -n com.huawei.hmos.ouc -e ServiceExtAbility -u 100 -i 0
CST 2026-07-17 19:58:18.960   770   800 W C01121/BMSQuery: bundle_data_mgr.cpp:GetCloneAppIndexes:2463 no bundleName com.huawei.hmos.ouc found
CST 2026-07-17 19:58:18.960   770   800 W C01121/BMSQuery: bundle_mgr_host_impl.cpp:QueryExtensionAbilityInfos:3425 no valid extension info can be inquired
CST 2026-07-17 19:58:18.960   770   800 E C01336/AMS: [start_ability_utils.cpp290]extensionInfo empty
CST 2026-07-17 19:58:18.960   770   800 E C01342/ServiceExt: [ABMS5868]generate request error
CST 2026-07-17 19:58:18.960  2500  3014 E C02e00/UPDATE_SA: [hap_connection.cpp(82)]HapConnection call interface failed, ret 2097152
CST 2026-07-17 19:58:18.960  2500  3014 E C02e00/UPDATE_SA: [ouc_hap_connection.cpp(72)]SendRemoteRequest, can not connect to ouc
CST 2026-07-17 19:58:19.052  1522  1522 I A01b0d/HICAR: TopAppManager --> COMMON_EVENT_TOP_APP_CHANGE success
CST 2026-07-17 19:58:19.052   770  1538 I C01202/Unordered: Pid 1522 publish COMMON_EVENT_TOP_APP_CHANGE to 100 end(0,0,0,0)
CST 2026-07-17 19:58:19.083   769   902 W C01406/OHOS::RS: RSJankStats::SetJankStats jank frames 12
CST 2026-07-17 19:58:19.084   605   611 W C02515/DISP: [SetLayerMaskInfo:495] <private> is not supported
CST 2026-07-17 19:58:19.084   605  1000 I C02515/DISP: [CommitComposeLayer:67] CommitComposeLayer! 10
CST 2026-07-17 19:58:19.090   769   769 E C01406/RSScreenManager: IsAllScreensPowerOff: screenPowerStatus_ is empty.
CST 2026-07-17 19:58:19.116  4703  4703 W C02c02/PARAM: Selinux check name persist.init.debug.loglevel in u:object_r:startup_init_param:s0 [4703 2000 2000] failed
CST 2026-07-17 19:58:19.116  4703  4703 W C02c02/PARAM: Selinux check name persist.init.debug.loglevel in u:object_r:startup_init_param:s0 [4703 2000 2000] failed
CST 2026-07-17 19:58:19.116  4703  4703 W C02c02/PARAM: SystemReadParam failed!name is:persist.init.debug.loglevel,err:1002
CST 2026-07-17 19:58:19.125  4703  4703 W C02c02/PARAM: Selinux check name persist.init.debug.loglevel in u:object_r:startup_init_param:s0 [4703 2000 2000] failed
CST 2026-07-17 19:58:19.125  4703  4703 W C02c02/PARAM: Selinux check name persist.init.debug.loglevel in u:object_r:startup_init_param:s0 [4703 2000 2000] failed
CST 2026-07-17 19:58:19.125  4703  4703 W C02c02/PARAM: SystemReadParam failed!name is:persist.init.debug.loglevel,err:1002
CST 2026-07-17 19:58:19.128  1522  1663 I C03f05/NAPI: taskpool:: A:3, R:0, I:3, O:0
CST 2026-07-17 19:58:19.128  1522  1665 I C03f05/NAPI: taskpool::Task PerformTask End: 4268909967, 17 19:57:56.792
CST 2026-07-17 19:58:19.128  1522  1665 I C03f05/NAPI: taskpool::Task PerformTask End: 4256911888, 17 19:57:56.794
CST 2026-07-17 19:58:19.128  1522  1665 I C03f05/NAPI: taskpool::Task PerformTask End: 4229036497, 17 19:58:18.259
CST 2026-07-17 19:58:19.128  1522  1665 I C03f05/NAPI: taskpool::Task PerformTask End: 1139012098, 17 19:58:18.324
CST 2026-07-17 19:58:19.133  1522  1522 W A01c06/ICON: AppIconWeatherModel --> initWeatherListener, retryTimes: 4
CST 2026-07-17 19:58:19.136   416  2944 I C02230/MovementManager: in CheckSubscribeInfo, Type 0,subscribe info is empty
CST 2026-07-17 19:58:19.136   416  2944 I C02230/MovementManager: in SaveSubscribeInfo, Save type:0, event:3, packageName:locationhub
CST 2026-07-17 19:58:19.136   416  2944 I C02230/MovementClientImpl: in EnableMsdpImpl, Enter type is 0, event is 3, interval is 200000000000
CST 2026-07-17 19:58:19.136   416  2944 E C02230/MovementClientImpl: in GetAlgorithmInfo, Unsupport algorithm 0
CST 2026-07-17 19:58:19.136   416  2944 E C02230/MovementClientImpl: in EnableMsdpImpl, Not support device
CST 2026-07-17 19:58:19.136   416  2944 E C02230/MovementManager: in Subscribe, Failed to enable, ret is 60817420
CST 2026-07-17 19:58:19.137   416  2944 E C02230/MovementService: in Subscribe, Failed to subscribe
CST 2026-07-17 19:58:19.137   464   519 E C02230/IMovementIdl: Read result failed, code is: 1.
CST 2026-07-17 19:58:19.137   464   519 E C02230/MovementClient: in SubscribeCallback, Subscribe failed, ret is 60817420.
CST 2026-07-17 19:58:19.137   464   519 E C02230/MovementClient: in SubscribeCallback, SubscribeCallback failed, ret is 60817420.
CST 2026-07-17 19:58:19.137   464   519 I C02300/Parking: Register MotionStatusCallback errorCode = 60817420
CST 2026-07-17 19:58:19.137   464   519 I C02300/Parking: Post Delayed Task Register VehicleStateCallback
CST 2026-07-17 19:58:19.142   468  1337 E C01707/CONCUR: [Interface] task 1337 apply qos failed, errno = 4
CST 2026-07-17 19:58:19.142   164   164 E C02c11/APPSPAWN: [appspawn_kickdog.c:29]open /sys/kernel/hungtask/userlist fail,errno:2
CST 2026-07-17 19:58:19.142   468  1337 E C01611/QosManager: QosManager: Failed to set thread QoS to QOS_USER_INTERACTIVE, ret: -1
CST 2026-07-17 19:58:19.143   162  1096 I C02d10/CpuCollector: CalculateProcessCpuStatInfos: startTime=1784289489139, endTime=1784289499143, startBootTime=133999, endBootTime=144003, period=10004, isNeedUpdate=1
CST 2026-07-17 19:58:19.143   162  1096 W C02d10/UCollectUtil-CpuCalculator: CalculateCpuLoad: invalid num of max cpu load unit
CST 2026-07-17 19:58:19.143   162  1096 W C02d10/UCollectUtil-CpuCalculator: CalculateCpuLoad: invalid num of max cpu load unit
CST 2026-07-17 19:58:19.143   770   800 W C01123/BMSCommon: bundle not exist -n com.huawei.hmsapp.totemweather -u 100 -i 0 -f 32
CST 2026-07-17 19:58:19.143   162  1096 W C02d10/UCollectUtil-CpuCalculator: CalculateCpuLoad: invalid num of max cpu load unit
CST 2026-07-17 19:58:19.143   770   800 W C01121/BMSQuery: GetBundleInfo failed -n com.huawei.hmsapp.totemweather -u 100
CST 2026-07-17 19:58:19.143   162  1096 W C02d10/UCollectUtil-CpuCalculator: CalculateCpuLoad: invalid num of max cpu load unit
CST 2026-07-17 19:58:19.143   162  1096 W C02d10/UCollectUtil-CpuCalculator: CalculateCpuLoad: invalid num of max cpu load unit
CST 2026-07-17 19:58:19.143   162  1096 W C02d10/UCollectUtil-CpuCalculator: CalculateCpuLoad: invalid num of max cpu load unit
CST 2026-07-17 19:58:19.143   162  1096 W C02d10/UCollectUtil-CpuCalculator: CalculateCpuLoad: invalid num of max cpu load unit
CST 2026-07-17 19:58:19.143   162  1096 W C02d10/UCollectUtil-CpuCalculator: CalculateCpuLoad: invalid num of max cpu load unit
CST 2026-07-17 19:58:19.143   162  1096 W C02d10/UCollectUtil-CpuCalculator: CalculateCpuLoad: invalid num of max cpu load unit
CST 2026-07-17 19:58:19.143   162  1096 W C02d10/UCollectUtil-CpuCalculator: CalculateCpuLoad: invalid num of max cpu load unit
CST 2026-07-17 19:58:19.143   162  1096 W C02d10/UCollectUtil-CpuCalculator: CalculateCpuLoad: invalid num of max cpu load unit
CST 2026-07-17 19:58:19.143   162  1096 W C02d10/UCollectUtil-CpuCalculator: CalculateCpuLoad: invalid num of max cpu load unit
CST 2026-07-17 19:58:19.143   468  1337 E C01651/BundleMgrProxy: GetBundleInfoFromBMS: GetBundleInfo failed!bundleName is com.huawei.hmsapp.totemweather, userId is 100
CST 2026-07-17 19:58:19.143   162  1096 W C02d10/UCollectUtil-CpuCalculator: CalculateCpuLoad: invalid num of max cpu load unit
CST 2026-07-17 19:58:19.143   162  1096 W C02d10/UCollectUtil-CpuCalculator: CalculateCpuLoad: invalid num of max cpu load unit
CST 2026-07-17 19:58:19.143   468  1337 E C01651/DataProviderConfig: GetFromProxyData: Get bundleInfo failed! bundleName:com.huawei.hmsapp.totemweather, userId:100, visitedId:100, uri:******icIconInfo
CST 2026-07-17 19:58:19.143   162  1096 W C02d10/UCollectUtil-CpuCalculator: CalculateCpuLoad: invalid num of max cpu load unit
CST 2026-07-17 19:58:19.143   162  1096 W C02d10/UCollectUtil-CpuCalculator: CalculateCpuLoad: invalid num of max cpu load unit
CST 2026-07-17 19:58:19.143   468  1337 E C01651/DataShareServiceImpl: GetBMSAndMetaDataStatus: CalledInfo failed! token:0x20087fab,ret:1001,uri:******icIconInfo
CST 2026-07-17 19:58:19.143   162  1096 W C02d10/UCollectUtil-CpuCalculator: CalculateCpuLoad: invalid num of max cpu load unit
CST 2026-07-17 19:58:19.143   468  1337 E C01651/DataShareServiceImpl: GetSilentProxyStatus: BMS or metaData not ready to complete, token:0x20087fab, uri:******icIconInfo
CST 2026-07-17 19:58:19.143   162  1096 W C02d10/UCollectUtil-CpuCalculator: CalculateCpuLoad: invalid num of max cpu load unit
CST 2026-07-17 19:58:19.143   162  1096 W C02d10/UCollectUtil-CpuCalculator: CalculateCpuLoad: invalid num of max cpu load unit
CST 2026-07-17 19:58:19.143   162  1096 W C02d10/UCollectUtil-CpuCalculator: CalculateCpuLoad: invalid num of max cpu load unit
CST 2026-07-17 19:58:19.143   162  1096 W C02d10/UCollectUtil-CpuCalculator: CalculateCpuLoad: invalid num of max cpu load unit
CST 2026-07-17 19:58:19.143   162  1096 W C02d10/UCollectUtil-CpuCalculator: CalculateCpuLoad: invalid num of max cpu load unit
CST 2026-07-17 19:58:19.143   162  1096 W C02d10/UCollectUtil-CpuCalculator: CalculateCpuLoad: invalid num of max cpu load unit
CST 2026-07-17 19:58:19.143   162  1096 W C02d10/UCollectUtil-CpuCalculator: CalculateCpuLoad: invalid num of max cpu load unit
CST 2026-07-17 19:58:19.143   162  1096 W C02d10/UCollectUtil-CpuCalculator: CalculateCpuLoad: invalid num of max cpu load unit
CST 2026-07-17 19:58:19.143   162  1096 W C02d10/UCollectUtil-CpuCalculator: CalculateCpuLoad: invalid num of max cpu load unit
CST 2026-07-17 19:58:19.143   162  1096 W C02d10/UCollectUtil-CpuCalculator: CalculateCpuLoad: invalid num of max cpu load unit
CST 2026-07-17 19:58:19.143   162  1096 W C02d10/UCollectUtil-CpuCalculator: CalculateCpuLoad: invalid num of max cpu load unit
CST 2026-07-17 19:58:19.143   162  1096 W C02d10/UCollectUtil-CpuCalculator: CalculateCpuLoad: invalid num of max cpu load unit
CST 2026-07-17 19:58:19.143   162  1096 W C02d10/UCollectUtil-CpuCalculator: CalculateCpuLoad: invalid num of max cpu load unit
CST 2026-07-17 19:58:19.143   162  1096 W C02d10/UCollectUtil-CpuCalculator: CalculateCpuLoad: invalid num of max cpu load unit
CST 2026-07-17 19:58:19.143   162  1096 W C02d10/UCollectUtil-CpuCalculator: CalculateCpuLoad: invalid num of max cpu load unit
CST 2026-07-17 19:58:19.143   162  1096 W C02d10/UCollectUtil-CpuCalculator: CalculateCpuLoad: invalid num of max cpu load unit
CST 2026-07-17 19:58:19.143   162  1096 W C02d10/UCollectUtil-CpuCalculator: CalculateCpuLoad: invalid num of max cpu load unit
CST 2026-07-17 19:58:19.143   162  1096 W C02d10/UCollectUtil-CpuCalculator: CalculateCpuLoad: invalid num of max cpu load unit
CST 2026-07-17 19:58:19.143   162  1096 W C02d10/UCollectUtil-CpuCalculator: CalculateCpuLoad: invalid num of max cpu load unit
CST 2026-07-17 19:58:19.143   162  1096 W C02d10/UCollectUtil-CpuCalculator: CalculateCpuLoad: invalid num of max cpu load unit
CST 2026-07-17 19:58:19.143   162  1096 W C02d10/UCollectUtil-CpuCalculator: CalculateCpuLoad: invalid num of max cpu load unit
CST 2026-07-17 19:58:19.143   162  1096 W C02d10/UCollectUtil-CpuCalculator: CalculateCpuLoad: invalid num of max cpu load unit
CST 2026-07-17 19:58:19.143   162  1096 W C02d10/UCollectUtil-CpuCalculator: CalculateCpuLoad: invalid num of max cpu load unit
CST 2026-07-17 19:58:19.143   162  1096 W C02d10/UCollectUtil-CpuCalculator: CalculateCpuLoad: invalid num of max cpu load unit
CST 2026-07-17 19:58:19.143   162  1096 W C02d10/UCollectUtil-CpuCalculator: CalculateCpuLoad: invalid num of max cpu load unit
CST 2026-07-17 19:58:19.143   162  1096 W C02d10/UCollectUtil-CpuCalculator: CalculateCpuLoad: invalid num of max cpu load unit
CST 2026-07-17 19:58:19.143   162  1096 W C02d10/UCollectUtil-CpuCalculator: CalculateCpuLoad: invalid num of max cpu load unit
CST 2026-07-17 19:58:19.143   162  1096 W C02d10/UCollectUtil-CpuCalculator: CalculateCpuLoad: invalid num of max cpu load unit
CST 2026-07-17 19:58:19.143   162  1096 W C02d10/UCollectUtil-CpuCalculator: CalculateCpuLoad: invalid num of max cpu load unit
CST 2026-07-17 19:58:19.143   162  1096 W C02d10/UCollectUtil-CpuCalculator: CalculateCpuLoad: invalid num of max cpu load unit
CST 2026-07-17 19:58:19.143   162  1096 W C02d10/UCollectUtil-CpuCalculator: CalculateCpuLoad: invalid num of max cpu load unit
CST 2026-07-17 19:58:19.143   162  1096 W C02d10/UCollectUtil-CpuCalculator: CalculateCpuLoad: invalid num of max cpu load unit
CST 2026-07-17 19:58:19.143   162  1096 W C02d10/UCollectUtil-CpuCalculator: CalculateCpuLoad: invalid num of max cpu load unit
CST 2026-07-17 19:58:19.143  1522  1522 E A01c06/ICON: AppIconWeatherModel --> get weather info failed, code: 15700010, message: The DataShareHelper is not initialized successfully.
CST 2026-07-17 19:58:19.143   162  1096 W C02d10/UCollectUtil-CpuCalculator: CalculateCpuLoad: invalid num of max cpu load unit
CST 2026-07-17 19:58:19.143   162  1096 W C02d10/UCollectUtil-CpuCalculator: CalculateCpuLoad: invalid num of max cpu load unit
CST 2026-07-17 19:58:19.143   162  1096 W C02d10/UCollectUtil-CpuCalculator: CalculateCpuLoad: invalid num of max cpu load unit
CST 2026-07-17 19:58:19.143   162  1096 W C02d10/UCollectUtil-CpuCalculator: CalculateCpuLoad: invalid num of max cpu load unit
CST 2026-07-17 19:58:19.143   162  1096 W C02d10/UCollectUtil-CpuCalculator: CalculateCpuLoad: invalid num of max cpu load unit
CST 2026-07-17 19:58:19.143   162  1096 W C02d10/UCollectUtil-CpuCalculator: CalculateCpuLoad: invalid num of max cpu load unit
CST 2026-07-17 19:58:19.143   162  1096 W C02d10/UCollectUtil-CpuCalculator: CalculateCpuLoad: invalid num of max cpu load unit
CST 2026-07-17 19:58:19.143   162  1096 W C02d10/UCollectUtil-CpuCalculator: CalculateCpuLoad: invalid num of max cpu load unit
CST 2026-07-17 19:58:19.143   162  1096 W C02d10/UCollectUtil-CpuCalculator: CalculateCpuLoad: invalid num of max cpu load unit
CST 2026-07-17 19:58:19.143   162  1096 W C02d10/UCollectUtil-CpuCalculator: CalculateCpuLoad: invalid num of max cpu load unit
CST 2026-07-17 19:58:19.143   162  1096 W C02d10/UCollectUtil-CpuCalculator: CalculateCpuLoad: invalid num of max cpu load unit
CST 2026-07-17 19:58:19.143   162  1096 W C02d10/UCollectUtil-CpuCalculator: CalculateCpuLoad: invalid num of max cpu load unit
CST 2026-07-17 19:58:19.143   162  1096 W C02d10/UCollectUtil-CpuCalculator: CalculateCpuLoad: invalid num of max cpu load unit
CST 2026-07-17 19:58:19.143   162  1096 W C02d10/UCollectUtil-CpuCalculator: CalculateCpuLoad: invalid num of max cpu load unit
CST 2026-07-17 19:58:19.143   162  1096 W C02d10/UCollectUtil-CpuCalculator: CalculateCpuLoad: invalid num of max cpu load unit
CST 2026-07-17 19:58:19.143   162  1096 W C02d10/UCollectUtil-CpuCalculator: CalculateCpuLoad: invalid num of max cpu load unit
CST 2026-07-17 19:58:19.143   162  1096 W C02d10/UCollectUtil-CpuCalculator: CalculateCpuLoad: invalid num of max cpu load unit
CST 2026-07-17 19:58:19.143   162  1096 W C02d10/UCollectUtil-CpuCalculator: CalculateCpuLoad: invalid num of max cpu load unit
CST 2026-07-17 19:58:19.143   162  1096 W C02d10/UCollectUtil-CpuCalculator: CalculateCpuLoad: invalid num of max cpu load unit
CST 2026-07-17 19:58:19.143   162  1096 W C02d10/UCollectUtil-CpuCalculator: CalculateCpuLoad: invalid num of max cpu load unit
CST 2026-07-17 19:58:19.143   162  1096 W C02d10/UCollectUtil-CpuCalculator: CalculateCpuLoad: invalid num of max cpu load unit
CST 2026-07-17 19:58:19.143   162  1096 W C02d10/UCollectUtil-CpuCalculator: CalculateCpuLoad: invalid num of max cpu load unit
CST 2026-07-17 19:58:19.143   162  1096 W C02d10/UCollectUtil-CpuCalculator: CalculateCpuLoad: invalid num of max cpu load unit
CST 2026-07-17 19:58:19.143   162  1096 W C02d10/UCollectUtil-CpuCalculator: CalculateCpuLoad: invalid num of max cpu load unit
CST 2026-07-17 19:58:19.143   162  1096 W C02d10/UCollectUtil-CpuCalculator: CalculateCpuLoad: invalid num of max cpu load unit
CST 2026-07-17 19:58:19.143   162  1096 W C02d10/UCollectUtil-CpuCalculator: CalculateCpuLoad: invalid num of max cpu load unit
CST 2026-07-17 19:58:19.143   162  1096 W C02d10/UCollectUtil-CpuCalculator: CalculateCpuLoad: invalid num of max cpu load unit
CST 2026-07-17 19:58:19.143   162  1096 W C02d10/UCollectUtil-CpuCalculator: CalculateCpuLoad: invalid num of max cpu load unit
CST 2026-07-17 19:58:19.143   162  1096 W C02d10/UCollectUtil-CpuCalculator: CalculateCpuLoad: invalid num of max cpu load unit
CST 2026-07-17 19:58:19.143   162  1096 W C02d10/UCollectUtil-CpuCalculator: CalculateCpuLoad: invalid num of max cpu load unit
CST 2026-07-17 19:58:19.143   162  1096 W C02d10/UCollectUtil-CpuCalculator: CalculateCpuLoad: invalid num of max cpu load unit
CST 2026-07-17 19:58:19.143   162  1096 W C02d10/UCollectUtil-CpuCalculator: CalculateCpuLoad: invalid num of max cpu load unit
CST 2026-07-17 19:58:19.143   162  1096 W C02d10/UCollectUtil-CpuCalculator: CalculateCpuLoad: invalid num of max cpu load unit
CST 2026-07-17 19:58:19.143   162  1096 W C02d10/UCollectUtil-CpuCalculator: CalculateCpuLoad: invalid num of max cpu load unit
CST 2026-07-17 19:58:19.144   162  1096 W C02d10/UCollectUtil-CpuCalculator: CalculateCpuLoad: invalid num of max cpu load unit
CST 2026-07-17 19:58:19.144   162  1096 W C02d10/UCollectUtil-CpuCalculator: CalculateCpuLoad: invalid num of max cpu load unit
CST 2026-07-17 19:58:19.144   162  1096 W C02d10/UCollectUtil-CpuCalculator: CalculateCpuLoad: invalid num of max cpu load unit
CST 2026-07-17 19:58:19.144   162  1096 W C02d10/UCollectUtil-CpuCalculator: CalculateCpuLoad: invalid num of max cpu load unit
CST 2026-07-17 19:58:19.144   162  1096 W C02d10/UCollectUtil-CpuCalculator: CalculateCpuLoad: invalid num of max cpu load unit
CST 2026-07-17 19:58:19.144   162  1096 W C02d10/UCollectUtil-CpuCalculator: CalculateCpuLoad: invalid num of max cpu load unit
CST 2026-07-17 19:58:19.144   162  1096 W C02d10/UCollectUtil-CpuCalculator: CalculateCpuLoad: invalid num of max cpu load unit
CST 2026-07-17 19:58:19.144   162  1096 W C02d10/UCollectUtil-CpuCalculator: CalculateCpuLoad: invalid num of max cpu load unit
CST 2026-07-17 19:58:19.144   162  1096 W C02d10/UCollectUtil-CpuCalculator: CalculateCpuLoad: invalid num of max cpu load unit
CST 2026-07-17 19:58:19.144   162  1096 W C02d10/UCollectUtil-CpuCalculator: CalculateCpuLoad: invalid num of max cpu load unit
CST 2026-07-17 19:58:19.144   162  1096 W C02d10/UCollectUtil-CpuCalculator: CalculateCpuLoad: invalid num of max cpu load unit
CST 2026-07-17 19:58:19.144   162  1096 W C02d10/UCollectUtil-CpuCalculator: CalculateCpuLoad: invalid num of max cpu load unit
CST 2026-07-17 19:58:19.144   162  1096 W C02d10/UCollectUtil-CpuCalculator: CalculateCpuLoad: invalid num of max cpu load unit
CST 2026-07-17 19:58:19.144   162  1096 W C02d10/UCollectUtil-CpuCalculator: CalculateCpuLoad: invalid num of max cpu load unit
CST 2026-07-17 19:58:19.144   162  1096 W C02d10/UCollectUtil-CpuCalculator: CalculateCpuLoad: invalid num of max cpu load unit
CST 2026-07-17 19:58:19.144   162  1096 W C02d10/UCollectUtil-CpuCalculator: CalculateCpuLoad: invalid num of max cpu load unit
CST 2026-07-17 19:58:19.144   162  1096 W C02d10/UCollectUtil-CpuCalculator: CalculateCpuLoad: invalid num of max cpu load unit
CST 2026-07-17 19:58:19.144   162  1096 W C02d10/UCollectUtil-CpuCalculator: CalculateCpuLoad: invalid num of max cpu load unit
CST 2026-07-17 19:58:19.144   162  1096 W C02d10/UCollectUtil-CpuCalculator: CalculateCpuLoad: invalid num of max cpu load unit
CST 2026-07-17 19:58:19.144   162  1096 W C02d10/UCollectUtil-CpuCalculator: CalculateCpuLoad: invalid num of max cpu load unit
CST 2026-07-17 19:58:19.144   162  1096 W C02d10/UCollectUtil-CpuCalculator: CalculateCpuLoad: invalid num of max cpu load unit
CST 2026-07-17 19:58:19.144   162  1096 W C02d10/UCollectUtil-CpuCalculator: CalculateCpuLoad: invalid num of max cpu load unit
CST 2026-07-17 19:58:19.144   162  1096 W C02d10/UCollectUtil-CpuCalculator: CalculateCpuLoad: invalid num of max cpu load unit
CST 2026-07-17 19:58:19.144   162  1096 W C02d10/UCollectUtil-CpuCalculator: CalculateCpuLoad: invalid num of max cpu load unit
CST 2026-07-17 19:58:19.144   162  1096 W C02d10/UCollectUtil-CpuCalculator: CalculateCpuLoad: invalid num of max cpu load unit
CST 2026-07-17 19:58:19.144   162  1096 W C02d10/UCollectUtil-CpuCalculator: CalculateCpuLoad: invalid num of max cpu load unit
CST 2026-07-17 19:58:19.144   162  1096 W C02d10/UCollectUtil-CpuCalculator: CalculateCpuLoad: invalid num of max cpu load unit
CST 2026-07-17 19:58:19.144   162  1096 W C02d10/UCollectUtil-CpuCalculator: CalculateCpuLoad: invalid num of max cpu load unit
CST 2026-07-17 19:58:19.144   162  1096 W C02d10/UCollectUtil-CpuCalculator: CalculateCpuLoad: invalid num of max cpu load unit
CST 2026-07-17 19:58:19.144   162  1096 W C02d10/UCollectUtil-CpuCalculator: CalculateCpuLoad: invalid num of max cpu load unit
CST 2026-07-17 19:58:19.144   162  1096 W C02d10/UCollectUtil-CpuCalculator: CalculateCpuLoad: invalid num of max cpu load unit
CST 2026-07-17 19:58:19.144   162  1096 W C02d10/UCollectUtil-CpuCalculator: CalculateCpuLoad: invalid num of max cpu load unit
CST 2026-07-17 19:58:19.144   162  1096 W C02d10/UCollectUtil-CpuCalculator: CalculateCpuLoad: invalid num of max cpu load unit
CST 2026-07-17 19:58:19.144   162  1096 W C02d10/UCollectUtil-CpuCalculator: CalculateCpuLoad: invalid num of max cpu load unit
CST 2026-07-17 19:58:19.144   162  1096 W C02d10/UCollectUtil-CpuCalculator: CalculateCpuLoad: invalid num of max cpu load unit
CST 2026-07-17 19:58:19.144   162  1096 W C02d10/UCollectUtil-CpuCalculator: CalculateCpuLoad: invalid num of max cpu load unit
CST 2026-07-17 19:58:19.144   162  1096 W C02d10/UCollectUtil-CpuCalculator: CalculateCpuLoad: invalid num of max cpu load unit
CST 2026-07-17 19:58:19.144   162  1096 W C02d10/UCollectUtil-CpuCalculator: CalculateCpuLoad: invalid num of max cpu load unit
CST 2026-07-17 19:58:19.144   162  1096 W C02d10/UCollectUtil-CpuCalculator: CalculateCpuLoad: invalid num of max cpu load unit
CST 2026-07-17 19:58:19.144   162  1096 W C02d10/UCollectUtil-CpuCalculator: CalculateCpuLoad: invalid num of max cpu load unit
CST 2026-07-17 19:58:19.144   162  1096 W C02d10/UCollectUtil-CpuCalculator: CalculateCpuLoad: invalid num of max cpu load unit
CST 2026-07-17 19:58:19.144   162  1096 W C02d10/UCollectUtil-CpuCalculator: CalculateCpuLoad: invalid num of max cpu load unit
CST 2026-07-17 19:58:19.144   162  1096 W C02d10/UCollectUtil-CpuCalculator: CalculateCpuLoad: invalid num of max cpu load unit
CST 2026-07-17 19:58:19.144   162  1096 W C02d10/UCollectUtil-CpuCalculator: CalculateCpuLoad: invalid num of max cpu load unit
CST 2026-07-17 19:58:19.144   162  1096 W C02d10/UCollectUtil-CpuCalculator: CalculateCpuLoad: invalid num of max cpu load unit
CST 2026-07-17 19:58:19.144   162  1096 W C02d10/UCollectUtil-CpuCalculator: CalculateCpuLoad: invalid num of max cpu load unit
CST 2026-07-17 19:58:19.144   162  1096 W C02d10/UCollectUtil-CpuCalculator: CalculateCpuLoad: invalid num of max cpu load unit
CST 2026-07-17 19:58:19.144   162  1096 W C02d10/UCollectUtil-CpuCalculator: CalculateCpuLoad: invalid num of max cpu load unit
CST 2026-07-17 19:58:19.144   162  1096 W C02d10/UCollectUtil-CpuCalculator: CalculateCpuLoad: invalid num of max cpu load unit
CST 2026-07-17 19:58:19.144   162  1096 W C02d10/UCollectUtil-CpuCalculator: CalculateCpuLoad: invalid num of max cpu load unit
CST 2026-07-17 19:58:19.144   162  1096 W C02d10/UCollectUtil-CpuCalculator: CalculateCpuLoad: invalid num of max cpu load unit
CST 2026-07-17 19:58:19.144   162  1096 W C02d10/UCollectUtil-CpuCalculator: CalculateCpuLoad: invalid num of max cpu load unit
CST 2026-07-17 19:58:19.144   162  1096 W C02d10/UCollectUtil-CpuCalculator: CalculateCpuLoad: invalid num of max cpu load unit
CST 2026-07-17 19:58:19.144   162  1096 W C02d10/UCollectUtil-CpuCalculator: CalculateCpuLoad: invalid num of max cpu load unit
CST 2026-07-17 19:58:19.144   162  1096 W C02d10/UCollectUtil-CpuCalculator: CalculateCpuLoad: invalid num of max cpu load unit
CST 2026-07-17 19:58:19.144   162  1096 W C02d10/UCollectUtil-CpuCalculator: CalculateCpuLoad: invalid num of max cpu load unit
CST 2026-07-17 19:58:19.144   162  1096 W C02d10/UCollectUtil-CpuCalculator: CalculateCpuLoad: invalid num of max cpu load unit
CST 2026-07-17 19:58:19.144   162  1096 W C02d10/UCollectUtil-CpuCalculator: CalculateCpuLoad: invalid num of max cpu load unit
CST 2026-07-17 19:58:19.144   162  1096 W C02d10/UCollectUtil-CpuCalculator: CalculateCpuLoad: invalid num of max cpu load unit
CST 2026-07-17 19:58:19.144   162  1096 W C02d10/UCollectUtil-CpuCalculator: CalculateCpuLoad: invalid num of max cpu load unit
CST 2026-07-17 19:58:19.144   162  1096 W C02d10/UCollectUtil-CpuCalculator: CalculateCpuLoad: invalid num of max cpu load unit
CST 2026-07-17 19:58:19.144   162  1096 W C02d10/UCollectUtil-CpuCalculator: CalculateCpuLoad: invalid num of max cpu load unit
CST 2026-07-17 19:58:19.144   162  1096 W C02d10/UCollectUtil-CpuCalculator: CalculateCpuLoad: invalid num of max cpu load unit
CST 2026-07-17 19:58:19.144   162  1096 W C02d10/UCollectUtil-CpuCalculator: CalculateCpuLoad: invalid num of max cpu load unit
CST 2026-07-17 19:58:19.144   162  1096 W C02d10/UCollectUtil-CpuCalculator: CalculateCpuLoad: invalid num of max cpu load unit
CST 2026-07-17 19:58:19.144   162  1096 W C02d10/UCollectUtil-CpuCalculator: CalculateCpuLoad: invalid num of max cpu load unit
CST 2026-07-17 19:58:19.144   162  1096 W C02d10/UCollectUtil-CpuCalculator: CalculateCpuLoad: invalid num of max cpu load unit
CST 2026-07-17 19:58:19.144   162  1096 W C02d10/UCollectUtil-CpuCalculator: CalculateCpuLoad: invalid num of max cpu load unit
CST 2026-07-17 19:58:19.144   162  1096 W C02d10/UCollectUtil-CpuCalculator: CalculateCpuLoad: invalid num of max cpu load unit
CST 2026-07-17 19:58:19.144   162  1096 W C02d10/UCollectUtil-CpuCalculator: CalculateCpuLoad: invalid num of max cpu load unit
CST 2026-07-17 19:58:19.144   162  1096 W C02d10/UCollectUtil-CpuCalculator: CalculateCpuLoad: invalid num of max cpu load unit
CST 2026-07-17 19:58:19.144   162  1096 W C02d10/UCollectUtil-CpuCalculator: CalculateCpuLoad: invalid num of max cpu load unit
CST 2026-07-17 19:58:19.144   162  1096 W C02d10/UCollectUtil-CpuCalculator: CalculateCpuLoad: invalid num of max cpu load unit
CST 2026-07-17 19:58:19.144   162  1096 W C02d10/UCollectUtil-CpuCalculator: CalculateCpuLoad: invalid num of max cpu load unit
CST 2026-07-17 19:58:19.144   162  1096 W C02d10/UCollectUtil-CpuCalculator: CalculateCpuLoad: invalid num of max cpu load unit
CST 2026-07-17 19:58:19.144   162  1096 W C02d10/UCollectUtil-CpuCalculator: CalculateCpuLoad: invalid num of max cpu load unit
CST 2026-07-17 19:58:19.144   162  1096 W C02d10/UCollectUtil-CpuCalculator: CalculateCpuLoad: invalid num of max cpu load unit
CST 2026-07-17 19:58:19.144   162  1096 W C02d10/UCollectUtil-CpuCalculator: CalculateCpuLoad: invalid num of max cpu load unit
CST 2026-07-17 19:58:19.144   162  1096 W C02d10/UCollectUtil-CpuCalculator: CalculateCpuLoad: invalid num of max cpu load unit
CST 2026-07-17 19:58:19.144   162  1096 W C02d10/UCollectUtil-CpuCalculator: CalculateCpuLoad: invalid num of max cpu load unit
CST 2026-07-17 19:58:19.144   162  1096 W C02d10/UCollectUtil-CpuCalculator: CalculateCpuLoad: invalid num of max cpu load unit
CST 2026-07-17 19:58:19.144   162  1096 W C02d10/UCollectUtil-CpuCalculator: CalculateCpuLoad: invalid num of max cpu load unit
CST 2026-07-17 19:58:19.144   162  1096 W C02d10/UCollectUtil-CpuCalculator: CalculateCpuLoad: invalid num of max cpu load unit
CST 2026-07-17 19:58:19.144   162  1096 W C02d10/UCollectUtil-CpuCalculator: CalculateCpuLoad: invalid num of max cpu load unit
CST 2026-07-17 19:58:19.144   162  1096 W C02d10/UCollectUtil-CpuCalculator: CalculateCpuLoad: invalid num of max cpu load unit
CST 2026-07-17 19:58:19.144   162  1096 W C02d10/UCollectUtil-CpuCalculator: CalculateCpuLoad: invalid num of max cpu load unit
CST 2026-07-17 19:58:19.144   162  1096 W C02d10/UCollectUtil-CpuCalculator: CalculateCpuLoad: invalid num of max cpu load unit
CST 2026-07-17 19:58:19.144   162  1096 W C02d10/UCollectUtil-CpuCalculator: CalculateCpuLoad: invalid num of max cpu load unit
CST 2026-07-17 19:58:19.144   162  1096 W C02d10/UCollectUtil-CpuCalculator: CalculateCpuLoad: invalid num of max cpu load unit
CST 2026-07-17 19:58:19.144   162  1096 W C02d10/UCollectUtil-CpuCalculator: CalculateCpuLoad: invalid num of max cpu load unit
CST 2026-07-17 19:58:19.144   162  1096 W C02d10/UCollectUtil-CpuCalculator: CalculateCpuLoad: invalid num of max cpu load unit
CST 2026-07-17 19:58:19.144   162  1096 W C02d10/UCollectUtil-CpuCalculator: CalculateCpuLoad: invalid num of max cpu load unit
CST 2026-07-17 19:58:19.144   162  1096 W C02d10/UCollectUtil-CpuCalculator: CalculateCpuLoad: invalid num of max cpu load unit
CST 2026-07-17 19:58:19.144   162  1096 W C02d10/UCollectUtil-CpuCalculator: CalculateCpuLoad: invalid num of max cpu load unit
CST 2026-07-17 19:58:19.144   162  1096 W C02d10/UCollectUtil-CpuCalculator: CalculateCpuLoad: invalid num of max cpu load unit
CST 2026-07-17 19:58:19.144   162  1096 W C02d10/UCollectUtil-CpuCalculator: CalculateCpuLoad: invalid num of max cpu load unit
CST 2026-07-17 19:58:19.144   162  1096 W C02d10/UCollectUtil-CpuCalculator: CalculateCpuLoad: invalid num of max cpu load unit
CST 2026-07-17 19:58:19.144   162  1096 W C02d10/UCollectUtil-CpuCalculator: CalculateCpuLoad: invalid num of max cpu load unit
CST 2026-07-17 19:58:19.144   162  1096 W C02d10/UCollectUtil-CpuCalculator: CalculateCpuLoad: invalid num of max cpu load unit
CST 2026-07-17 19:58:19.144   162  1096 W C02d10/UCollectUtil-CpuCalculator: CalculateCpuLoad: invalid num of max cpu load unit
CST 2026-07-17 19:58:19.144   162  1096 W C02d10/UCollectUtil-CpuCalculator: CalculateCpuLoad: invalid num of max cpu load unit
CST 2026-07-17 19:58:19.144   162  1096 W C02d10/UCollectUtil-CpuCalculator: CalculateCpuLoad: invalid num of max cpu load unit
CST 2026-07-17 19:58:19.144   162  1096 W C02d10/UCollectUtil-CpuCalculator: CalculateCpuLoad: invalid num of max cpu load unit
CST 2026-07-17 19:58:19.144   162  1096 W C02d10/UCollectUtil-CpuCalculator: CalculateCpuLoad: invalid num of max cpu load unit
CST 2026-07-17 19:58:19.144   162  1096 W C02d10/UCollectUtil-CpuCalculator: CalculateCpuLoad: invalid num of max cpu load unit
CST 2026-07-17 19:58:19.144   162  1096 W C02d10/UCollectUtil-CpuCalculator: CalculateCpuLoad: invalid num of max cpu load unit
CST 2026-07-17 19:58:19.144   162  1096 W C02d10/UCollectUtil-CpuCalculator: CalculateCpuLoad: invalid num of max cpu load unit
CST 2026-07-17 19:58:19.144   162  1096 W C02d10/UCollectUtil-CpuCalculator: CalculateCpuLoad: invalid num of max cpu load unit
CST 2026-07-17 19:58:19.144   162  1096 W C02d10/UCollectUtil-CpuCalculator: CalculateCpuLoad: invalid num of max cpu load unit
CST 2026-07-17 19:58:19.144   162  1096 W C02d10/UCollectUtil-CpuCalculator: CalculateCpuLoad: invalid num of max cpu load unit
CST 2026-07-17 19:58:19.144   162  1096 W C02d10/UCollectUtil-CpuCalculator: CalculateCpuLoad: invalid num of max cpu load unit
CST 2026-07-17 19:58:19.144   162  1096 W C02d10/UCollectUtil-CpuCalculator: CalculateCpuLoad: invalid num of max cpu load unit
CST 2026-07-17 19:58:19.144   162  1096 W C02d10/UCollectUtil-CpuCalculator: CalculateCpuLoad: invalid num of max cpu load unit
CST 2026-07-17 19:58:19.144   162  1096 W C02d10/UCollectUtil-CpuCalculator: CalculateCpuLoad: invalid num of max cpu load unit
CST 2026-07-17 19:58:19.144   162  1096 W C02d10/UCollectUtil-CpuCalculator: CalculateCpuLoad: invalid num of max cpu load unit
CST 2026-07-17 19:58:19.144   162  1096 W C02d10/UCollectUtil-CpuCalculator: CalculateCpuLoad: invalid num of max cpu load unit
CST 2026-07-17 19:58:19.144   162  1096 W C02d10/UCollectUtil-CpuCalculator: CalculateCpuLoad: invalid num of max cpu load unit
CST 2026-07-17 19:58:19.144   162  1096 W C02d10/UCollectUtil-CpuCalculator: CalculateCpuLoad: invalid num of max cpu load unit
CST 2026-07-17 19:58:19.144   162  1096 W C02d10/UCollectUtil-CpuCalculator: CalculateCpuLoad: invalid num of max cpu load unit
CST 2026-07-17 19:58:19.145   162  1096 W C02d10/UCollectUtil-CpuCalculator: CalculateCpuLoad: invalid num of max cpu load unit
CST 2026-07-17 19:58:19.145   162  1096 W C02d10/UCollectUtil-CpuCalculator: CalculateCpuLoad: invalid num of max cpu load unit
CST 2026-07-17 19:58:19.145   162  1096 W C02d10/UCollectUtil-CpuCalculator: CalculateCpuLoad: invalid num of max cpu load unit
CST 2026-07-17 19:58:19.145   162  1096 W C02d10/UCollectUtil-CpuCalculator: CalculateCpuLoad: invalid num of max cpu load unit
CST 2026-07-17 19:58:19.145   162  1096 W C02d10/UCollectUtil-CpuCalculator: CalculateCpuLoad: invalid num of max cpu load unit
CST 2026-07-17 19:58:19.145   162  1096 W C02d10/UCollectUtil-CpuCalculator: CalculateCpuLoad: invalid num of max cpu load unit
CST 2026-07-17 19:58:19.145   162  1096 W C02d10/UCollectUtil-CpuCalculator: CalculateCpuLoad: invalid num of max cpu load unit
CST 2026-07-17 19:58:19.145   162  1096 W C02d10/UCollectUtil-CpuCalculator: CalculateCpuLoad: invalid num of max cpu load unit
CST 2026-07-17 19:58:19.145   162  1096 W C02d10/UCollectUtil-CpuCalculator: CalculateCpuLoad: invalid num of max cpu load unit
CST 2026-07-17 19:58:19.145   162  1096 W C02d10/UCollectUtil-CpuCalculator: CalculateCpuLoad: invalid num of max cpu load unit
CST 2026-07-17 19:58:19.145   162  1096 W C02d10/UCollectUtil-CpuCalculator: CalculateCpuLoad: invalid num of max cpu load unit
CST 2026-07-17 19:58:19.145   162  1096 W C02d10/UCollectUtil-CpuCalculator: CalculateCpuLoad: invalid num of max cpu load unit
CST 2026-07-17 19:58:19.145   162  1096 W C02d10/UCollectUtil-CpuCalculator: CalculateCpuLoad: invalid num of max cpu load unit
CST 2026-07-17 19:58:19.145   162  1096 W C02d10/UCollectUtil-CpuCalculator: CalculateCpuLoad: invalid num of max cpu load unit
CST 2026-07-17 19:58:19.145   162  1096 W C02d10/UCollectUtil-CpuCalculator: CalculateCpuLoad: invalid num of max cpu load unit
CST 2026-07-17 19:58:19.145   162  1096 W C02d10/UCollectUtil-CpuCalculator: CalculateCpuLoad: invalid num of max cpu load unit
CST 2026-07-17 19:58:19.145   162  1096 W C02d10/UCollectUtil-CpuCalculator: CalculateCpuLoad: invalid num of max cpu load unit
CST 2026-07-17 19:58:19.145   162  1096 W C02d10/UCollectUtil-CpuCalculator: CalculateCpuLoad: invalid num of max cpu load unit
CST 2026-07-17 19:58:19.145   162  1096 W C02d10/UCollectUtil-CpuCalculator: CalculateCpuLoad: invalid num of max cpu load unit
CST 2026-07-17 19:58:19.145   162  1096 W C02d10/UCollectUtil-CpuCalculator: CalculateCpuLoad: invalid num of max cpu load unit
CST 2026-07-17 19:58:19.145   162  1096 W C02d10/UCollectUtil-CpuCalculator: CalculateCpuLoad: invalid num of max cpu load unit
CST 2026-07-17 19:58:19.145   162  1096 W C02d10/UCollectUtil-CpuCalculator: CalculateCpuLoad: invalid num of max cpu load unit
CST 2026-07-17 19:58:19.145   162  1096 W C02d10/UCollectUtil-CpuCalculator: CalculateCpuLoad: invalid num of max cpu load unit
CST 2026-07-17 19:58:19.145   162  1096 W C02d10/UCollectUtil-CpuCalculator: CalculateCpuLoad: invalid num of max cpu load unit
CST 2026-07-17 19:58:19.145   162  1096 W C02d10/UCollectUtil-CpuCalculator: CalculateCpuLoad: invalid num of max cpu load unit
CST 2026-07-17 19:58:19.145   162  1096 W C02d10/UCollectUtil-CpuCalculator: CalculateCpuLoad: invalid num of max cpu load unit
CST 2026-07-17 19:58:19.190  1598  1629 I C05a04/AppStateObserver: [ExitSaAfterAllDlpManagerDie:150]all dlp manager app die, and callbacks are empty, start service exit
CST 2026-07-17 19:58:19.190   143   638 I C01800/SAMGR: Scheduler SA:3521 unload start 1598,0_1_2
CST 2026-07-17 19:58:19.190   143   638 I C01800/SAMGR: Scheduler SA:3521 proc delay unload event
CST 2026-07-17 19:58:19.190   143   638 I C01800/SAMGR: IdleSA:3521
CST 2026-07-17 19:58:19.191  1598  1629 I C01810/SAFWK: Idle-SA:3521
CST 2026-07-17 19:58:19.191  1598  1629 I C01810/SAFWK: OnIdle-SA:3521 end,spend:0ms
CST 2026-07-17 19:58:19.191  1598  1629 I C01810/SAFWK: IdleSaInner suc to Idle SA:3521,delayTime:0,spend:0ms
CST 2026-07-17 19:58:19.191   143   638 I C01800/SAMGR: Scheduler SA:3521 agree unload
CST 2026-07-17 19:58:19.192   143   638 I C01800/SAMGR: Scheduler SA:3521 unloadable
CST 2026-07-17 19:58:19.192   143  4678 I C01800/SAMGR: Scheduler proc:dlp_permission_service unload all SA
CST 2026-07-17 19:58:19.192  1598  1629 I C05a04/AppStateObserver: [ExitSaAfterAllDlpManagerDie:161]UnloadSystemAbility successfully!
CST 2026-07-17 19:58:19.192   143  4678 I C01800/SAMGR: Scheduler SA:3521 unload start
CST 2026-07-17 19:58:19.192   143  4678 I C01800/SAMGR: StopSA:3521
CST 2026-07-17 19:58:19.192  1598  3651 I C01810/SAFWK: StopSa recv stop SA:3521 req
CST 2026-07-17 19:58:19.192   143  4678 I C01800/SAMGR: Scheduler SA:3521 unloading
CST 2026-07-17 19:58:19.192  1598  3651 I C01810/SAFWK: StopSaInner suc to stop SA:3521,eventLen:57,spend:0ms
CST 2026-07-17 19:58:19.192   143  4678 I C01800/SAMGR: Scheduler proc:dlp_permission_service state 1 to 2
CST 2026-07-17 19:58:19.192   143  4678 I C01800/SAMGR: Scheduler proc:dlp_permission_service stopping
CST 2026-07-17 19:58:19.192  1598  4705 I C01810/SAFWK: Stop-SA:3521
CST 2026-07-17 19:58:19.192  1598  4705 I C05a04/DlpPermissionService: [OnStop:166]Stop service
CST 2026-07-17 19:58:19.193   770  1544 I C01202/Subscriber: Unsubscribe 1598_3019_-1_264_24026
CST 2026-07-17 19:58:19.193  1598  4705 I C05a04/CriticalHandler: [NotifyProcessIsStop:40]start to notify memmgr sa stop
CST 2026-07-17 19:58:19.193  1598  4705 W C02699/MM: NotifyProcessStatus mini system not enable, pid:1598
CST 2026-07-17 19:58:19.194   770  1073 I C01202/Subscriber: Unsubscribe 1598_3019_-1_265_24026
CST 2026-07-17 19:58:19.194  1598  4705 I C01810/SAFWK: Stop OnStop-SA:3521 finished,spend:2ms
CST 2026-07-17 19:58:19.194   769   902 W C01406/OHOS::RS: RSJankStats::SetJankStats jank frames 6
CST 2026-07-17 19:58:19.194   605  1000 W C02515/DISP: [SetLayerMaskInfo:495] <private> is not supported
CST 2026-07-17 19:58:19.194   605   611 I C02515/DISP: [CommitComposeLayer:67] CommitComposeLayer! 10
CST 2026-07-17 19:58:19.195   769   769 E C01406/RSScreenManager: IsAllScreensPowerOff: screenPowerStatus_ is empty.
CST 2026-07-17 19:58:19.196   769   769 I C01406/RSUniRenderVisitor: OcclusionInfo [SCBGestureBack22, 6536940224721, 0], [SCBStatusBar18, 6536940224709, 0], [SCBGestureNavBar16, 6536940224704, 0], [e3vpna0, 17716740096002, 0], [BackgroundBlurView2, 6536940224519, 1], [SCBFormCenter14, 6536940224694, 1], [SCBDesktop7, 6536940224539, 1], [SCBWallpaper5, 6536940224522, 1], 
CST 2026-07-17 19:58:19.196   143   638 I C01800/SAMGR: rm SA:3521_133
CST 2026-07-17 19:58:19.196   143   638 I C01800/SAMGR: Scheduler SA:3521 handle unload suc event
CST 2026-07-17 19:58:19.196   143   638 I C01800/SAMGR: Scheduler SA:3521 not loaded
CST 2026-07-17 19:58:19.196   143  4678 I C01800/SAMGR: Scheduler proc:dlp_permission_service,SA num:1,notloaded num:1
CST 2026-07-17 19:58:19.196   143  4685 I C01800/SAMGR: FindSaNotify SA:3521,4_107
CST 2026-07-17 19:58:19.196  1522  1522 I C03930/AceAnimation: [(100000:100000:scope)] animateTo finish, cnt:50
CST 2026-07-17 19:58:19.196  1522  1522 I A04200/WINDOW: WindowAnimation: [SCBAnimation] finish conatainerId 2, type ZOOM_IN
CST 2026-07-17 19:58:19.196  1522  1522 W A01b01/HOME: SCBSCS: getTransitionCount from session 2, 1
CST 2026-07-17 19:58:19.196  1522  1522 W A01b01/HOME: SCBTM: getTransitionCount from animationMap 2, 1
CST 2026-07-17 19:58:19.196  1522  1522 I A01b01/HOME: SCBScenePanelAnimator: startSceneFromOther animation count: before 1,
CST 2026-07-17 19:58:19.196  1522  1522 I A01b01/HOME:         current 1
CST 2026-07-17 19:58:19.196  1522  1522 W A01b01/HOME: SCBSCS: getTransitionCount from session 2, 1
CST 2026-07-17 19:58:19.196  1522  1522 W A01b01/HOME: SCBTM: getTransitionCount from animationMap 2, 1
CST 2026-07-17 19:58:19.196  1522  1522 I A01b01/HOME: SCBScenePanelAnimator: capsule animating is false
CST 2026-07-17 19:58:19.197  1522  1522 I A01b00/SCB: LuoShuStateManager --> getLuoShuStateInfo: SCBScenePanelViewModel {"luoShuState":0,"scenePanelState":1,"eventType":-1,"screenInfo":{"isLandscape":false,"foldState":1},"screenId":0,"holdingHandStatus":1}
CST 2026-07-17 19:58:19.197  1522  1522 W A01b01/HOME: SCBSCS: [SCBScenePanelViewModel] border radius from topLeft: 36, topRight: 36, bottomLeft: 36, bottomRight: 36 to 0. reason: sceneContainerZoomIn, extra: EntryAbility/cn.alfadb.netbird.e3vpna/entry/0(persistentId: 30)(containerId: 2)
CST 2026-07-17 19:58:19.197  1522  1522 W A01b01/HOME: SCBSCS: clearTransitionCount 2, 1
CST 2026-07-17 19:58:19.197  1522  1522 I A01b01/HOME: SCBTM: clearTransitionCount 2, 1
CST 2026-07-17 19:58:19.197  1522  1522 I A01b00/SCB: AnimateToScheduleUtils: raiseAppStartToCPUPriority: 1
CST 2026-07-17 19:58:19.197  1522  1522 I C03930/AceAnimation: [(100000:100000:scope)] animateTo finish, cnt:49
CST 2026-07-17 19:58:19.198  1522  1522 I A01b09/RECENT: SCBDesktopCacheManager: FreezeTrack setWallPaperScale old:1, new:1.1, reason:onActive
CST 2026-07-17 19:58:19.198  1598  4705 I C01810/SAFWK: Stop suc to rm SA:3521,spend:4ms
CST 2026-07-17 19:58:19.199  1522  2129 I C04217/WMSAttribute: Visibility changed, size: 4, WindowVisibilityInfos [name, winId, visibleState]: [BackgroundBlurView2, 4, 1], [SCBWallpaper5, 7, 1], [SCBDesktop7, 10, 1], [SCBFormCenter14, 17, 1], 
CST 2026-07-17 19:58:19.199  1522  2131 I C04217/WMSAttribute: operator(): memMgrWindowInfos size: 4
CST 2026-07-17 19:58:19.199   770  1071 I C01311/AppMS: [ARR2195]wnd call, com.ohos.sceneboard_1522, isEmpty_0, c_2 -> p_0
CST 2026-07-17 19:58:19.200   776  3172 I C01409/APS_MANAGER: SetScene pkgName = com.ohos.sceneboard, scene = START_APP_ANIMATION, state = 0
CST 2026-07-17 19:58:19.200   776  3172 W C01409/APS_MANAGER: FrameRateControl removeSceneInfo: unknow scene!
CST 2026-07-17 19:58:19.213   143   193 I C057c2/IPCObjectProxy: hd:429 ct:1 D:*.accessToken
CST 2026-07-17 19:58:19.213   143   462 I C057c2/IPCObjectProxy: hd:428 ct:1 D:*.ISystemAbilityStatusChange
CST 2026-07-17 19:58:19.213   143   821 I C057c2/IPCObjectProxy: hd:432 ct:1 D:*.ISystemAbilityStatusChange
CST 2026-07-17 19:58:19.213   143   193 I C01800/SAMGR: rm DeadProc:dlp_permission_service,64
CST 2026-07-17 19:58:19.213   770  1114 I C057c2/IPCObjectProxy: hd:317 ct:1 D:*.IDlpPermissionService
CST 2026-07-17 19:58:19.213   468  1337 I C057c2/IPCObjectProxy: hd:25 ct:1 D:
CST 2026-07-17 19:58:19.213   770  1114 E C05a04/DlpPermissionClient: [OnRemoteDiedHandle:741]Remote service died
CST 2026-07-17 19:58:19.213   468  1337 I C01610/KvStoreDataService: NotifyClientDie: appId: dlp_permission_service_storage uid:3019 tokenId:671852347
CST 2026-07-17 19:58:19.213   468  1337 I C01654/DSched_Service: OnAppExit: ObjectServiceImpl::OnAppExit uid=3019, pid=1598, tokenId=671852347, bundleName=dlp_permission_service_storage
CST 2026-07-17 19:58:19.213   770  1078 I C057c2/IPCObjectProxy: hd:315 ct:1 D:*.IApplicationStateObserver
CST 2026-07-17 19:58:19.213   468  1337 I C01651/DataShareServiceImpl: OnAppExit: AppExit uid=3019, pid=1598, tokenId=0x280ba73b, bundleName=dlp_permission_service_storage
CST 2026-07-17 19:58:19.213   468  1337 I C01610/KVDBServiceImpl: OnAppExit: pid:1598 uid:3019 appId:dlp_permission_service_storage
CST 2026-07-17 19:58:19.213   468  1337 I C01655/RdbServiceImpl: OnAppExit: client dead, tokenId:671852347, pid:1598 
CST 2026-07-17 19:58:19.213   143   462 I C01800/SAMGR: rm SAListener 1598,121
CST 2026-07-17 19:58:19.213   143   821 I C01800/SAMGR: rm SAListener 1598,61
CST 2026-07-17 19:58:19.214   143   638 I C057c2/IPCObjectProxy: hd:430 ct:1 D:*.ISystemAbilityStatusChange
CST 2026-07-17 19:58:19.214   143   638 I C01800/SAMGR: rm SAListener 1598,120
CST 2026-07-17 19:58:19.220   143  4678 I C02c02/PARAM: SystemSetParameter name ohos.ctl.stop id:80 ret:0
CST 2026-07-17 19:58:19.227  1522  1522 W C01406/OHOS::RS: Animation finish callback is not executed in estimated time. params : type[1] duration[721.000000]
CST 2026-07-17 19:58:19.227  1522  1522 I C03930/AceAnimation: [(100000:100000:scope)] animateTo finish, cnt:45
CST 2026-07-17 19:58:19.227  1522  1522 W A01b01/HOME: SCBScenePanelAnimator: requestSceneContainerDestructionWithTransition animateToImmediately onFinish
CST 2026-07-17 19:58:19.227  1522  1522 W A01b01/HOME: SCBSCS: getTransitionCount from session 3, 1
CST 2026-07-17 19:58:19.227  1522  1522 W A01b01/HOME: SCBTM: getTransitionCount from animationMap 3, 1
CST 2026-07-17 19:58:19.227  1522  1522 I A01b09/RECENT: RecentGestureEventManager: reportEventForRSSIfNeed event:7 args:cn.alfadb.netbird.e3vpnb
CST 2026-07-17 19:58:19.227  1522  1522 I A01b00/SCB: AnimateToScheduleUtils: report name: cn.alfadb.netbird.e3vpnb event:7
CST 2026-07-17 19:58:19.228  1522  1522 W A01b01/HOME: SCBScenePanelAnimator: ExitAppAnimation end.
CST 2026-07-17 19:58:19.228  1522  1522 I A01b01/HOME: SCBTM: reduceStartExitAnimationCount reason:requestSceneContainerDestructionWithTransition end animationCount:0
CST 2026-07-17 19:58:19.228  1522  1522 I A01b00/SCB: LocalEventManager: sendLocalEvent, send local event with no receiver
CST 2026-07-17 19:58:19.228  1522  1522 W A01b01/HOME: SCBSCS: getTransitionCount from session 3, 1
CST 2026-07-17 19:58:19.228  1522  1522 W A01b01/HOME: SCBTM: getTransitionCount from animationMap 3, 1
CST 2026-07-17 19:58:19.228  1522  1522 I A01b01/HOME: SCBTM: getStartExitAnimationCount animationCount:0
CST 2026-07-17 19:58:19.228  1522  1522 I A0001b/AA: OutSideWindowManager: globalSearchStatus: 0
CST 2026-07-17 19:58:19.228  1522  1522 I A01b09/RECENT: SCBDesktopCacheManager: setDesktopCacheWithDfx Validate cacheFlag:false reason:transitionOutFinishIfNeed
CST 2026-07-17 19:58:19.229  1522  1522 I A01b01/HOME: SCBTM: getStartExitAnimationCount animationCount:0
CST 2026-07-17 19:58:19.229  1522  1522 I A0001b/AA: IntelligentAHome --> SCENE_CONTAINER_TRANSITION_OUT_END
CST 2026-07-17 19:58:19.229  1522  1522 W A0421e/WMSAnimation: transitionOutFinish, id: 3
CST 2026-07-17 19:58:19.229  1522  1522 W A01b01/HOME: SCBSCS: clearTransitionCount 3, 1
CST 2026-07-17 19:58:19.229  1522  1522 I A01b01/HOME: SCBTM: clearTransitionCount 3, 1
CST 2026-07-17 19:58:19.229  1522  1522 I A01b01/HOME: SCBTM: cleanTransition isCurrentController:false, updateAnimSwipe: false, appIconId:AppIcon_Image_cn.alfadb.netbird.e3vpnaEntryAbilityentry0_undefined_0
CST 2026-07-17 19:58:19.229  1522  1522 I A01b01/HOME: SCBTM: cleanTransition lastBundleName:cn.alfadb.netbird.e3vpnb, currentBundleName:cn.alfadb.netbird.e3vpna
CST 2026-07-17 19:58:19.230   305   552 I C01702/CgroupSchedEnhance: [a92ab918db37a95] HandleGestureAnimation bundleName is cn.alfadb.netbird.e3vpnb value 7
CST 2026-07-17 19:58:19.230   143  4678 I C01800/SAMGR: Scheduler proc:dlp_permission_service kill pid:1598,3019_0_24ms
CST 2026-07-17 19:58:19.230   143   193 I C01800/SAMGR: Scheduler proc:dlp_permission_service handle stopped event
CST 2026-07-17 19:58:19.230   143   193 I C01800/SAMGR: Scheduler proc:dlp_permission_service state 2 to 0
CST 2026-07-17 19:58:19.230   143   193 I C01800/SAMGR: Scheduler proc:dlp_permission_service stopped
CST 2026-07-17 19:58:19.230   143   193 I C01800/SAMGR: remove onDemandSA. proc:dlp_permission_service, size:25
CST 2026-07-17 19:58:19.230   143   193 I C01800/SAMGR: Scheduler SA:3521 state current 0 is same as next 0
CST 2026-07-17 19:58:19.230   305  1323 I C01810/SA_CLIENT: onProcStop,pid:1598
CST 2026-07-17 19:58:19.230   776  3172 I C01409/APS_MANAGER: SetScene pkgName = com.ohos.sceneboard, scene = BACK_DESKTOP, state = 0
CST 2026-07-17 19:58:19.230   776  3172 W C01409/APS_MANAGER: FrameRateControl removeSceneInfo: unknow scene!
CST 2026-07-17 19:58:19.231  1522  1522 I A01b01/HOME: SCBSCS: initSmallFolderBg isExitToSmallFolder: false
CST 2026-07-17 19:58:19.231  1522  1522 W A01b01/HOME: SCBScenePanelAnimator: requestSceneContainerDestructionWithTransition onFinish, animationNum: 1, needRemoved: true, pendingRemove: false
CST 2026-07-17 19:58:19.231  1522  1522 I A01b01/HOME: SCBTM: exitToFolderEnd folderId: undefined; index: undefined
CST 2026-07-17 19:58:19.231  1522  1522 W A01c06/ICON: AppIconCommonEvent --> onInactive bundleName:cn.alfadb.netbird.e3vpnb, [SCBSPVM] set icon from show to [show], caller: inactiveController, extra info: undefined.
CST 2026-07-17 19:58:19.232  1522  2129 I C04200/WMS: SetDefaultRequestedOrientation id: 32 defaultRequestedOrientation: 0
CST 2026-07-17 19:58:19.232  1522  1522 I A04200/WMS: clearContainerSessionData
CST 2026-07-17 19:58:19.232   163   583 E C02510/devsvc_manager_stub: StubGetService service hmi_service not found
CST 2026-07-17 19:58:19.232  1522  1522 E A01c06/ICON: CloseAppManager --> deleteCardCache AppIcon_Image_cn.alfadb.netbird.e3vpnbEntryAbilityentry0_undefined_0 is not touched card
CST 2026-07-17 19:58:19.232  1522  1522 E A01c06/ICON: CloseAppManager --> clearAdaptiveIconCache 16777217 is not touched icon
CST 2026-07-17 19:58:19.232  1522  1522 W A01c06/ICON: AppIconCommonEvent --> onInactive bundleName:cn.alfadb.netbird.e3vpnb, [SCBScenePanelViewModel] set icon from show to [show], caller: requestSceneContainerDestructionWithTransition, extra info: undefined.
CST 2026-07-17 19:58:19.232   162   716 E C02510/hdi_servmgr_client: get hdi service hmi_service failed, -1
CST 2026-07-17 19:58:19.232   162   716 E C02510/hmi_interface_proxy: Get:get remote object failed!
CST 2026-07-17 19:58:19.232   162   716 I C02d19/CHR_SERVICE: [HmiClient][modem_log_client]GetService: hmiInterface is nullptr.
CST 2026-07-17 19:58:19.232   162   716 I C02d19/CHR_SERVICE: [HmiClient][modem_log_client]TryGetServiceDelayed: retryCount=32, delayed=4000.
CST 2026-07-17 19:58:19.232  1522  1522 I A01b01/HOME: SCBScenePanelAnimator: destructionWithTransition onFinish controller is false
CST 2026-07-17 19:58:19.232  1522  1522 I A01b01/HOME: SCBTM: getStartExitAnimationCount animationCount:0
CST 2026-07-17 19:58:19.232  1522  1522 I A01b01/HOME: AnimateEventSyncProxy --> [requestSceneContainerDestructionWithTransition] event post 3
CST 2026-07-17 19:58:19.232  1522  1522 I A04200/WINDOW: SCBSPM: onBlurTransitionFinish 22 blurComponentTransitionCount:26
CST 2026-07-17 19:58:19.232  1522  1522 I A01b0a/GESTURE: SCBEventExclusiveManager: EventType:APPEXIT_LANDSCAPE setEventExclusive false.
CST 2026-07-17 19:58:19.232  1522  1522 I A01b0a/GESTURE: SCBGestureNavBar --> [AIBAR] receive APP_EXIT_LANDSCAPE event, params=false
CST 2026-07-17 19:58:19.232  1522  1522 I A01b0a/GESTURE: SCBGestureNavBar --> isInExitLandScape is not change
CST 2026-07-17 19:58:19.232  1522  1522 I A01b09/RECENT: RecentPanelViewModel: requestSceneContainerDestructionWithTransition EntryAbility/cn.alfadb.netbird.e3vpnb/entry/0(persistentId: 32)(containerId: 3) notShowSessionDestroy
CST 2026-07-17 19:58:19.233  1522  1522 I A01b01/HOME: SCBSCS: setMotionBlurRadius: 0, caller: requestSceneContainerDestructionWithTransition end
CST 2026-07-17 19:58:19.233  1522  1522 I A01b00/SCB: LuoShuStateManager --> getLuoShuStateInfo: SCBScreenSM {"luoShuState":0,"scenePanelState":1,"eventType":-1,"screenInfo":{"isLandscape":false,"foldState":1},"screenId":0,"holdingHandStatus":1}
CST 2026-07-17 19:58:19.321   769   902 W C01406/OHOS::RS: RSJankStats::SetJankStats jank frames 7
CST 2026-07-17 19:58:19.322   605   611 W C02515/DISP: [SetLayerMaskInfo:495] <private> is not supported
CST 2026-07-17 19:58:19.323   769   769 E C01406/RSScreenManager: IsAllScreensPowerOff: screenPowerStatus_ is empty.
CST 2026-07-17 19:58:19.324   605   611 I C02515/DISP: [CommitComposeLayer:67] CommitComposeLayer! 10
CST 2026-07-17 19:58:19.324   769   769 I C01406/RSUniRenderVisitor: OcclusionInfo [SCBGestureBack22, 6536940224721, 0], [SCBStatusBar18, 6536940224709, 0], [SCBGestureNavBar16, 6536940224704, 0], [e3vpna0, 17716740096002, 0], [BackgroundBlurView2, 6536940224519, 2], [SCBFormCenter14, 6536940224694, 2], [SCBDesktop7, 6536940224539, 2], [SCBWallpaper5, 6536940224522, 2], 
CST 2026-07-17 19:58:19.324  1522  2129 I C04217/WMSAttribute: Visibility changed, size: 4, WindowVisibilityInfos [name, winId, visibleState]: [BackgroundBlurView2, 4, 2], [SCBWallpaper5, 7, 2], [SCBDesktop7, 10, 2], [SCBFormCenter14, 17, 2], 
CST 2026-07-17 19:58:19.325   770  1063 I C01311/AppMS: [ARR2195]wnd call, com.ohos.sceneboard_1522, isEmpty_0, c_2 -> p_0
CST 2026-07-17 19:58:19.326  1522  2131 I C04217/WMSAttribute: operator(): memMgrWindowInfos size: 4
CST 2026-07-17 19:58:19.338  4125  4125 I C01356/Recovery: [app_recovery.cpp489]fileDir: /data/storage/el2/base/files
CST 2026-07-17 19:58:19.442  4707  4707 W C02c02/PARAM: Selinux check name persist.init.debug.loglevel in u:object_r:startup_init_param:s0 [4707 2000 2000] failed
CST 2026-07-17 19:58:19.442  4707  4707 W C02c02/PARAM: Selinux check name persist.init.debug.loglevel in u:object_r:startup_init_param:s0 [4707 2000 2000] failed
CST 2026-07-17 19:58:19.442  4707  4707 W C02c02/PARAM: SystemReadParam failed!name is:persist.init.debug.loglevel,err:1002
CST 2026-07-17 19:58:19.450  4709  4709 W C02c02/PARAM: Selinux check name persist.init.debug.loglevel in u:object_r:startup_init_param:s0 [4709 2000 2000] failed
CST 2026-07-17 19:58:19.450  4709  4709 W C02c02/PARAM: Selinux check name persist.init.debug.loglevel in u:object_r:startup_init_param:s0 [4709 2000 2000] failed
CST 2026-07-17 19:58:19.450  4709  4709 W C02c02/PARAM: SystemReadParam failed!name is:persist.init.debug.loglevel,err:1002
CST 2026-07-17 19:58:19.451  4711  4711 W C02c02/PARAM: Selinux check name persist.init.debug.loglevel in u:object_r:startup_init_param:s0 [4711 2000 2000] failed
CST 2026-07-17 19:58:19.451  4711  4711 W C02c02/PARAM: Selinux check name persist.init.debug.loglevel in u:object_r:startup_init_param:s0 [4711 2000 2000] failed
CST 2026-07-17 19:58:19.451  4711  4711 W C02c02/PARAM: SystemReadParam failed!name is:persist.init.debug.loglevel,err:1002
CST 2026-07-17 19:58:19.451  4710  4710 W C02c02/PARAM: Selinux check name persist.init.debug.loglevel in u:object_r:startup_init_param:s0 [4710 2000 2000] failed
CST 2026-07-17 19:58:19.451  4710  4710 W C02c02/PARAM: Selinux check name persist.init.debug.loglevel in u:object_r:startup_init_param:s0 [4710 2000 2000] failed
CST 2026-07-17 19:58:19.451  4710  4710 W C02c02/PARAM: SystemReadParam failed!name is:persist.init.debug.loglevel,err:1002
CST 2026-07-17 19:58:19.461  4712  4712 W C02c02/PARAM: Selinux check name persist.init.debug.loglevel in u:object_r:startup_init_param:s0 [4712 2000 2000] failed
CST 2026-07-17 19:58:19.461  4712  4712 W C02c02/PARAM: Selinux check name persist.init.debug.loglevel in u:object_r:startup_init_param:s0 [4712 2000 2000] failed
CST 2026-07-17 19:58:19.461  4712  4712 W C02c02/PARAM: SystemReadParam failed!name is:persist.init.debug.loglevel,err:1002
CST 2026-07-17 19:58:19.462  4713  4713 W C02c02/PARAM: Selinux check name persist.init.debug.loglevel in u:object_r:startup_init_param:s0 [4713 2000 2000] failed
CST 2026-07-17 19:58:19.462  4713  4713 W C02c02/PARAM: Selinux check name persist.init.debug.loglevel in u:object_r:startup_init_param:s0 [4713 2000 2000] failed
CST 2026-07-17 19:58:19.462  4713  4713 W C02c02/PARAM: SystemReadParam failed!name is:persist.init.debug.loglevel,err:1002
CST 2026-07-17 19:58:19.471   769   902 W C01406/OHOS::RS: RSJankStats::SetJankStats jank frames 9
CST 2026-07-17 19:58:19.472   769   902 E C01406/OHOS::RS: RSJankStats::SetReportRsSceneJankEnd error scene
CST 2026-07-17 19:58:19.472   605   611 W C02515/DISP: [SetLayerMaskInfo:495] <private> is not supported
CST 2026-07-17 19:58:19.472   605  1000 I C02515/DISP: [CommitComposeLayer:67] CommitComposeLayer! 10
CST 2026-07-17 19:58:19.472   769   769 E C01406/RSScreenManager: IsAllScreensPowerOff: screenPowerStatus_ is empty.
CST 2026-07-17 19:58:19.547  1128  3605 I C01560/EmlsrManager: CheckEmlsrSwitchStatus emlsrSwitchCond: be, wifiLinkType: 0, wifiConnState: 0, isScreenOn:1, hotspot: 0, p2p: 0, powerSave: 0, HML: 0, throughputValid:0, foregroundAppValid: 1, networkQualityValid: 0, isWhiteApp_:0,isThermalValid: 1
CST 2026-07-17 19:58:19.592   769   902 W C01406/OHOS::RS: RSJankStats::SetJankStats jank frames 7
CST 2026-07-17 19:58:19.592   605  1000 W C02515/DISP: [SetLayerMaskInfo:495] <private> is not supported
CST 2026-07-17 19:58:19.592   605  1000 I C02515/DISP: [CommitComposeLayer:67] CommitComposeLayer! 10
CST 2026-07-17 19:58:19.597   769   769 E C01406/RSScreenManager: IsAllScreensPowerOff: screenPowerStatus_ is empty.
CST 2026-07-17 19:58:19.683  4715  4715 W C02c02/PARAM: Selinux check name persist.init.debug.loglevel in u:object_r:startup_init_param:s0 [4715 2000 2000] failed
CST 2026-07-17 19:58:19.683  4715  4715 W C02c02/PARAM: Selinux check name persist.init.debug.loglevel in u:object_r:startup_init_param:s0 [4715 2000 2000] failed
CST 2026-07-17 19:58:19.683  4715  4715 W C02c02/PARAM: SystemReadParam failed!name is:persist.init.debug.loglevel,err:1002
CST 2026-07-17 19:58:19.693  4717  4717 W C02c02/PARAM: Selinux check name persist.init.debug.loglevel in u:object_r:startup_init_param:s0 [4717 2000 2000] failed
CST 2026-07-17 19:58:19.693  4717  4717 W C02c02/PARAM: Selinux check name persist.init.debug.loglevel in u:object_r:startup_init_param:s0 [4717 2000 2000] failed
CST 2026-07-17 19:58:19.693  4717  4717 W C02c02/PARAM: SystemReadParam failed!name is:persist.init.debug.loglevel,err:1002
CST 2026-07-17 19:58:19.695   697  1723 I C02986/DisplayPowerBrightness: lux=[0/143826, 0/143972, 0/144118, 0/144263, 0/144409, 0/144555, ], bDelta=5.000000, dDelta=1.000000, size=70
CST 2026-07-17 19:58:19.702  4718  4718 W C02c02/PARAM: Selinux check name persist.init.debug.loglevel in u:object_r:startup_init_param:s0 [4718 2000 2000] failed
CST 2026-07-17 19:58:19.702  4718  4718 W C02c02/PARAM: Selinux check name persist.init.debug.loglevel in u:object_r:startup_init_param:s0 [4718 2000 2000] failed
CST 2026-07-17 19:58:19.702  4718  4718 W C02c02/PARAM: SystemReadParam failed!name is:persist.init.debug.loglevel,err:1002
CST 2026-07-17 19:58:19.722   769   902 W C01406/OHOS::RS: RSJankStats::SetJankStats jank frames 7
CST 2026-07-17 19:58:19.723   605  1000 W C02515/DISP: [SetLayerMaskInfo:495] <private> is not supported
CST 2026-07-17 19:58:19.723   605  1000 I C02515/DISP: [CommitComposeLayer:67] CommitComposeLayer! 10
CST 2026-07-17 19:58:19.733   769   769 E C01406/RSScreenManager: IsAllScreensPowerOff: screenPowerStatus_ is empty.
CST 2026-07-17 19:58:19.806  1522  1522 W A01b01/HOME: PageDesktopViewModel --> no cards in layout!
CST 2026-07-17 19:58:19.882  1790  1834 I C0430a/file_monitor_service: [MainMissionStatus:197]CanExit
CST 2026-07-17 19:58:19.882  1790  1834 I C0430a/file_monitor_service: [MainMissionStatus:203]SecondaryScanner idle
CST 2026-07-17 19:58:19.891   769   902 E C02515/DGLES: [d_eglSwapBuffers_special@egl_gpu.cpp:729] thread output size 755310 speed 721k/s API_num 2905
CST 2026-07-17 19:58:19.892   769   902 W C01406/OHOS::RS: RSJankStats::SetJankStats jank frames 10
CST 2026-07-17 19:58:19.892   605  1000 W C02515/DISP: [SetLayerMaskInfo:495] <private> is not supported
CST 2026-07-17 19:58:19.892   605  1000 I C02515/DISP: [CommitComposeLayer:67] CommitComposeLayer! 10
CST 2026-07-17 19:58:19.901   143   193 I C01800/SAMGR: NF SA:65962,776_232
CST 2026-07-17 19:58:19.961  2500  3014 E C02e00/UPDATE_SA: [hap_connection.cpp(50)]GetHapRemoteObject, remoteObj is nullptr, bundle com.huawei.hmos.ouc
CST 2026-07-17 19:58:19.961  2500  3014 I C01352/ExtMgr: [extension_manager_client.cpp134]name:com.huawei.hmos.ouc ServiceExtAbility, userId:-1.
CST 2026-07-17 19:58:19.961   770   800 I C01342/ServiceExt: [ABMS5529]element: com.huawei.hmos.ouc/ServiceExtAbility
CST 2026-07-17 19:58:19.961   770   800 W C01123/BMSCommon: bundle not exist -n com.huawei.hmos.ouc -u 100 -i 0 -f 0
CST 2026-07-17 19:58:19.962   770   800 W C01336/AMS: [start_ability_utils.cpp76]failed: com.huawei.hmos.ouc
CST 2026-07-17 19:58:19.962   770   800 W C01336/AMS: [crowd_test_interceptor.cpp54]GetAppInfo failed
CST 2026-07-17 19:58:19.962   770   800 W C01120/BMS: app_control_manager.cpp:GetAppRunningControlRule:397 getAppId failed,-n:com.huawei.hmos.ouc
CST 2026-07-17 19:58:19.962   770   800 W C01123/BMSCommon: uid(6666) invalid
CST 2026-07-17 19:58:19.962   770   800 I C01336/AMS: [start_ability_utils.cpp54]appIndex:-1
CST 2026-07-17 19:58:19.962   770   800 W C01123/BMSCommon: bundle not exist -n com.huawei.hmos.ouc -u 100 -i 0 -f 1062
CST 2026-07-17 19:58:19.962   770   800 I C01121/BMSQuery: ExplicitQueryAbility no match -n com.huawei.hmos.ouc -a ServiceExtAbility -u 100 -i 0
CST 2026-07-17 19:58:19.962   770   800 W C01120/BMS: query abilitys_ext code 8521480
CST 2026-07-17 19:58:19.963   770   800 W C01123/BMSCommon: bundle not exist -n com.huawei.hmos.ouc -u 100 -i 0 -f 1062
CST 2026-07-17 19:58:19.963   770   800 W C01121/BMSQuery: bundle_data_mgr.cpp:ExplicitQueryExtensionInfo:7239 ExplicitQueryExtensionInfo failed
CST 2026-07-17 19:58:19.963   770   800 I C01121/BMSQuery: ExplicitQueryExtension size:0 -n com.huawei.hmos.ouc -e ServiceExtAbility -u 100 -i 0
CST 2026-07-17 19:58:19.963   770   800 W C01121/BMSQuery: bundle_data_mgr.cpp:GetCloneAppIndexes:2463 no bundleName com.huawei.hmos.ouc found
CST 2026-07-17 19:58:19.963   770   800 W C01121/BMSQuery: bundle_mgr_host_impl.cpp:QueryExtensionAbilityInfos:3425 no valid extension info can be inquired
CST 2026-07-17 19:58:19.963   770   800 E C01336/AMS: [start_ability_utils.cpp290]extensionInfo empty
CST 2026-07-17 19:58:19.963   770   800 E C01342/ServiceExt: [ABMS5868]generate request error
CST 2026-07-17 19:58:19.963  2500  3014 E C02e00/UPDATE_SA: [hap_connection.cpp(82)]HapConnection call interface failed, ret 2097152
CST 2026-07-17 19:58:19.963  2500  3014 E C02e00/UPDATE_SA: [ouc_hap_connection.cpp(72)]SendRemoteRequest, can not connect to ouc
CST 2026-07-17 19:58:20.000   441   449 W C01c42/TimeService: uid:1096 id:1682169951 wk:0
CST 2026-07-17 19:58:20.000   441   449 W C01c42/TimeService: id:1682169951 we:149859
CST 2026-07-17 19:58:20.000   441   449 W C01c42/TimeService: t3 149859
CST 2026-07-17 19:58:20.021   769   902 W C01406/OHOS::RS: RSJankStats::SetJankStats jank frames 7
CST 2026-07-17 19:58:20.021   605  1000 W C02515/DISP: [SetLayerMaskInfo:495] <private> is not supported
CST 2026-07-17 19:58:20.021   769   902 I C01406/RsSubThreadCache: ClearCacheSurfaceInThread id:6536940225377
CST 2026-07-17 19:58:20.021   605  1000 I C02515/DISP: [CommitComposeLayer:67] CommitComposeLayer! 10
CST 2026-07-17 19:58:20.077  4721  4721 W C02c02/PARAM: Selinux check name persist.init.debug.loglevel in u:object_r:startup_init_param:s0 [4721 2000 2000] failed
CST 2026-07-17 19:58:20.077  4721  4721 W C02c02/PARAM: Selinux check name persist.init.debug.loglevel in u:object_r:startup_init_param:s0 [4721 2000 2000] failed
CST 2026-07-17 19:58:20.077  4721  4721 W C02c02/PARAM: SystemReadParam failed!name is:persist.init.debug.loglevel,err:1002
CST 2026-07-17 19:58:20.080   163   583 E C02510/devsvc_manager_stub: StubGetService service ril_ext not found
CST 2026-07-17 19:58:20.080   162   715 E C02510/hdi_servmgr_client: get hdi service ril_ext failed, -1
CST 2026-07-17 19:58:20.080   162   715 I C02d19/CHR_SERVICE: RilRadioRadarTunnel, ConnectRilAdapterService chrRadio_ is nullptr!
CST 2026-07-17 19:58:20.087  4721  4721 W C02c02/PARAM: Selinux check name persist.init.debug.loglevel in u:object_r:startup_init_param:s0 [4721 2000 2000] failed
CST 2026-07-17 19:58:20.087  4721  4721 W C02c02/PARAM: Selinux check name persist.init.debug.loglevel in u:object_r:startup_init_param:s0 [4721 2000 2000] failed
CST 2026-07-17 19:58:20.087  4721  4721 W C02c02/PARAM: SystemReadParam failed!name is:persist.init.debug.loglevel,err:1002
CST 2026-07-17 19:58:20.102   143   193 I C01800/SAMGR: NF SA:65962,776_233
CST 2026-07-17 19:58:20.144  1522  1522 W A01c06/ICON: AppIconWeatherModel --> initWeatherListener, retryTimes: 4
CST 2026-07-17 19:58:20.152   468  1337 E C01707/CONCUR: [Interface] task 1337 apply qos failed, errno = 4
CST 2026-07-17 19:58:20.152   468  1337 E C01611/QosManager: QosManager: Failed to set thread QoS to QOS_USER_INTERACTIVE, ret: -1
CST 2026-07-17 19:58:20.152   770   800 W C01123/BMSCommon: bundle not exist -n com.huawei.hmsapp.totemweather -u 100 -i 0 -f 32
CST 2026-07-17 19:58:20.152   770   800 W C01121/BMSQuery: GetBundleInfo failed -n com.huawei.hmsapp.totemweather -u 100
CST 2026-07-17 19:58:20.152   468  1337 E C01651/BundleMgrProxy: GetBundleInfoFromBMS: GetBundleInfo failed!bundleName is com.huawei.hmsapp.totemweather, userId is 100
CST 2026-07-17 19:58:20.152   468  1337 E C01651/DataProviderConfig: GetFromProxyData: Get bundleInfo failed! bundleName:com.huawei.hmsapp.totemweather, userId:100, visitedId:100, uri:******icIconInfo
CST 2026-07-17 19:58:20.152   468  1337 E C01651/DataShareServiceImpl: GetBMSAndMetaDataStatus: CalledInfo failed! token:0x20087fab,ret:1001,uri:******icIconInfo
CST 2026-07-17 19:58:20.152   468  1337 E C01651/DataShareServiceImpl: GetSilentProxyStatus: BMS or metaData not ready to complete, token:0x20087fab, uri:******icIconInfo
CST 2026-07-17 19:58:20.153  1522  1522 E A01c06/ICON: AppIconWeatherModel --> get weather info failed, code: 15700010, message: The DataShareHelper is not initialized successfully.
CST 2026-07-17 19:58:20.180  1522  1522 I A01b0a/GESTURE: aiBarViewData --> setIsHideByWeaken true
CST 2026-07-17 19:58:20.187  1522  1522 I A01b0a/GESTURE: AIBarView --> checkShowAiBar. isShowingAiBar:true
CST 2026-07-17 19:58:20.188  1522  1522 I A01b0a/GESTURE: aiBarViewData --> powerMode:600 thermalLevel:1 isEnterDeliver:false
CST 2026-07-17 19:58:20.204   769   769 E C01406/RSScreenManager: IsAllScreensPowerOff: screenPowerStatus_ is empty.
CST 2026-07-17 19:58:20.220   769   769 E C01406/RSScreenManager: IsAllScreensPowerOff: screenPowerStatus_ is empty.
CST 2026-07-17 19:58:20.222   605  1000 W C02515/DISP: [SetLayerMaskInfo:495] <private> is not supported
CST 2026-07-17 19:58:20.223   605  1000 I C02515/DISP: [CommitComposeLayer:67] CommitComposeLayer! 10
CST 2026-07-17 19:58:20.226   305   373 E C01720/SmartGC: [a92ab118da242f2, 372fdff, 3f9c934] [ExitGCPauseSceneInner]ExitGCPauseSceneInner 142608 145086
CST 2026-07-17 19:58:20.237   769   769 E C01406/RSScreenManager: IsAllScreensPowerOff: screenPowerStatus_ is empty.
CST 2026-07-17 19:58:20.302   143   193 I C01800/SAMGR: NF SA:65962,776_234
CST 2026-07-17 19:58:20.379  4724  4724 W C02c02/PARAM: Selinux check name persist.init.debug.loglevel in u:object_r:startup_init_param:s0 [4724 2000 2000] failed
CST 2026-07-17 19:58:20.379  4724  4724 W C02c02/PARAM: Selinux check name persist.init.debug.loglevel in u:object_r:startup_init_param:s0 [4724 2000 2000] failed
CST 2026-07-17 19:58:20.379  4724  4724 W C02c02/PARAM: SystemReadParam failed!name is:persist.init.debug.loglevel,err:1002
CST 2026-07-17 19:58:20.413   769   902 W C01406/OHOS::RS: RSJankStats::SetJankStats jank frames 11
CST 2026-07-17 19:58:20.414   769   769 E C01406/RSScreenManager: IsAllScreensPowerOff: screenPowerStatus_ is empty.
CST 2026-07-17 19:58:20.415   605  1000 W C02515/DISP: [SetLayerMaskInfo:495] <private> is not supported
CST 2026-07-17 19:58:20.415   605  1000 I C02515/DISP: [CommitComposeLayer:67] CommitComposeLayer! 10
CST 2026-07-17 19:58:20.418  4727  4727 W C02c02/PARAM: Selinux check name persist.init.debug.loglevel in u:object_r:startup_init_param:s0 [4727 2000 2000] failed
CST 2026-07-17 19:58:20.418  4727  4727 W C02c02/PARAM: Selinux check name persist.init.debug.loglevel in u:object_r:startup_init_param:s0 [4727 2000 2000] failed
CST 2026-07-17 19:58:20.418  4727  4727 W C02c02/PARAM: SystemReadParam failed!name is:persist.init.debug.loglevel,err:1002
CST 2026-07-17 19:58:20.426  4729  4729 W C02c02/PARAM: Selinux check name persist.init.debug.loglevel in u:object_r:startup_init_param:s0 [4729 2000 2000] failed
CST 2026-07-17 19:58:20.426  4729  4729 W C02c02/PARAM: Selinux check name persist.init.debug.loglevel in u:object_r:startup_init_param:s0 [4729 2000 2000] failed
CST 2026-07-17 19:58:20.427  4729  4729 W C02c02/PARAM: SystemReadParam failed!name is:persist.init.debug.loglevel,err:1002
CST 2026-07-17 19:58:20.428  4730  4730 W C02c02/PARAM: Selinux check name persist.init.debug.loglevel in u:object_r:startup_init_param:s0 [4730 2000 2000] failed
CST 2026-07-17 19:58:20.428  4730  4730 W C02c02/PARAM: Selinux check name persist.init.debug.loglevel in u:object_r:startup_init_param:s0 [4730 2000 2000] failed
CST 2026-07-17 19:58:20.428  4730  4730 W C02c02/PARAM: SystemReadParam failed!name is:persist.init.debug.loglevel,err:1002
CST 2026-07-17 19:58:20.429  4731  4731 W C02c02/PARAM: Selinux check name persist.init.debug.loglevel in u:object_r:startup_init_param:s0 [4731 2000 2000] failed
CST 2026-07-17 19:58:20.429  4731  4731 W C02c02/PARAM: Selinux check name persist.init.debug.loglevel in u:object_r:startup_init_param:s0 [4731 2000 2000] failed
CST 2026-07-17 19:58:20.429  4731  4731 W C02c02/PARAM: SystemReadParam failed!name is:persist.init.debug.loglevel,err:1002
CST 2026-07-17 19:58:20.438  4732  4732 W C02c02/PARAM: Selinux check name persist.init.debug.loglevel in u:object_r:startup_init_param:s0 [4732 2000 2000] failed
CST 2026-07-17 19:58:20.438  4732  4732 W C02c02/PARAM: Selinux check name persist.init.debug.loglevel in u:object_r:startup_init_param:s0 [4732 2000 2000] failed
CST 2026-07-17 19:58:20.438  4732  4732 W C02c02/PARAM: SystemReadParam failed!name is:persist.init.debug.loglevel,err:1002
CST 2026-07-17 19:58:20.438  4733  4733 W C02c02/PARAM: Selinux check name persist.init.debug.loglevel in u:object_r:startup_init_param:s0 [4733 2000 2000] failed
CST 2026-07-17 19:58:20.438  4733  4733 W C02c02/PARAM: Selinux check name persist.init.debug.loglevel in u:object_r:startup_init_param:s0 [4733 2000 2000] failed
CST 2026-07-17 19:58:20.438  4733  4733 W C02c02/PARAM: SystemReadParam failed!name is:persist.init.debug.loglevel,err:1002
CST 2026-07-17 19:58:20.477   605  1000 W C02515/DISP: [SetLayerMaskInfo:495] <private> is not supported
CST 2026-07-17 19:58:20.478   769   769 E C01406/RSScreenManager: IsAllScreensPowerOff: screenPowerStatus_ is empty.
CST 2026-07-17 19:58:20.479   605   611 I C02515/DISP: [CommitComposeLayer:67] CommitComposeLayer! 10
CST 2026-07-17 19:58:20.502   143   193 I C01800/SAMGR: NF SA:65962,776_235
CST 2026-07-17 19:58:20.540   332   389 I C01f0b/ConnCure: ProcessTransitionToHicure
CST 2026-07-17 19:58:20.540   332   389 I C01f0b/ConnCure: cachedPackageName_: cn.alfadb.netbird.e3vpna
CST 2026-07-17 19:58:20.540   332   389 W C01f04/MultiSimontroller: [GetSimAccountInfo-(multi_sim_controller.cpp:1141)] slotId 0 is invalid
CST 2026-07-17 19:58:20.540   332   389 E C01f04/TelephonySubsystem: GetSimAccountInfo fail!
CST 2026-07-17 19:58:20.540   332   389 E C01f04/TelephonySubsystem: simId  is invalid
CST 2026-07-17 19:58:20.540   332   389 E C01f04/MultiSimontroller: failed by nullptr
CST 2026-07-17 19:58:20.540   332   389 E C01f04/TelephonySubsystem: slotId is invalid by vec.size(), slotId = -1
CST 2026-07-17 19:58:20.540   332   389 E C01f04/TelephonySubsystem: simStateManager is null!
CST 2026-07-17 19:58:20.540   332   389 I C01f0b/ConnCure: IsTestSimCard: -1, 
CST 2026-07-17 19:58:20.540   332   389 E C01f0b/ConnCure: getSimOperator error
CST 2026-07-17 19:58:20.540   332   389 I C01f0b/ConnCure: get isInPunishTime_: 0
CST 2026-07-17 19:58:20.540   332   389 I C01f0b/ConnCure: not support vsim service
CST 2026-07-17 19:58:20.540   332   389 I C01f0b/ConnCure: airplane mode is 0
CST 2026-07-17 19:58:20.540   332   389 E C01f04/MultiSimontroller: failed by nullptr
CST 2026-07-17 19:58:20.540   332   389 E C01f0b/ConnCure: phoneStates_ not find slotid=-1
CST 2026-07-17 19:58:20.540   332   389 I C01f0b/ConnCure: canPerformConnCure: network is not in service.
CST 2026-07-17 19:58:20.540   332   389 I C01f0b/ConnCure: IsSystemCheck, ret:0
CST 2026-07-17 19:58:20.540   332   389 I C01f0b/ConnCure: IsUserDataEnabled: 1
CST 2026-07-17 19:58:20.540   332   389 I C01f0b/ConnCure: IsCaredApp:1, isAllowed:1, isDataEnabled:1
CST 2026-07-17 19:58:20.540   332   389 I C01f0b/ConnCure: IsUserDataEnabled: 1
CST 2026-07-17 19:58:20.540   332   389 W C01f04/MultiSimontroller: [GetSimAccountInfo-(multi_sim_controller.cpp:1141)] slotId 0 is invalid
CST 2026-07-17 19:58:20.540   332   389 E C01f04/TelephonySubsystem: GetSimAccountInfo fail!
CST 2026-07-17 19:58:20.540   332   389 W C01f04/MultiSimontroller: [GetSimAccountInfo-(multi_sim_controller.cpp:1141)] slotId 1 is invalid
CST 2026-07-17 19:58:20.540   332   389 E C01f04/TelephonySubsystem: GetSimAccountInfo fail!
CST 2026-07-17 19:58:20.540   332   389 E C01f0b/ConnCure: phoneStates_ find: slotId=0, callState=-1
CST 2026-07-17 19:58:20.540   332   389 E C01f0b/ConnCure: phoneStates_ find: slotId=1, callState=-1
CST 2026-07-17 19:58:20.540   332   389 I C01f0b/ConnCure: mainCallState: -1, slaveCallState: -1
CST 2026-07-17 19:58:20.554  4724  4724 W C02c02/PARAM: Selinux check name debug.dfx.tags.enableleak in u:object_r:debug_param:s0 [4724 2000 2000] failed
CST 2026-07-17 19:58:20.554  4724  4724 W C02c02/PARAM: SystemReadParam failed!name is:debug.dfx.tags.enableleak,err:1002
CST 2026-07-17 19:58:20.563  4724  4724 W C02c02/PARAM: Selinux check name persist.graphic.profiler.enabled in u:object_r:debug_param:s0 [4724 2000 2000] failed
CST 2026-07-17 19:58:20.563  4724  4724 E C02c02/PARAM: Forbid to read parameter persist.graphic.profiler.enabled
CST 2026-07-17 19:58:20.563  4724  4724 E C02c02/PARAM: Forbid to access parameter persist.graphic.profiler.enabled
CST 2026-07-17 19:58:20.563  4724  4724 W C02c02/PARAM: Selinux check name persist.graphic.profiler.betarecording in u:object_r:debug_param:s0 [4724 2000 2000] failed
CST 2026-07-17 19:58:20.563  4724  4724 E C02c02/PARAM: Forbid to read parameter persist.graphic.profiler.betarecording
CST 2026-07-17 19:58:20.563  4724  4724 E C02c02/PARAM: Forbid to access parameter persist.graphic.profiler.betarecording
CST 2026-07-17 19:58:20.565  4724  4724 W C03100/UiTestKit_Base: [ui_driver.cpp:(CheckStatus)] Not connect to AAMS, try to reconnect
CST 2026-07-17 19:58:20.565  4724  4734 W C057c1/IPCWorkThread: ThreadHandler: proto:0 policy:1 name:OS_IPC_0_4734 invoker:13089616
CST 2026-07-17 19:58:20.565  4724  4735 W C057c1/IPCWorkThread: ThreadHandler: proto:0 policy:0 name:OS_IPC_1_4735 invoker:13090192
CST 2026-07-17 19:58:20.566   146   192 I C02c03/PARAM_WATCHER: [watcher_manager.cpp:72]Add remote watcher remoteWatcherId 58 4724 success
CST 2026-07-17 19:58:20.566   146   192 I C02c03/PARAM_WATCHER: SendLocalChange start keyPrefix accessibility.config.ready remoteWatcherId 58
CST 2026-07-17 19:58:20.567   146   192 I C02c03/PARAM_WATCHER: [watcher_manager.cpp:187]Add watcher accessibility.config.ready remoteWatcherId: 58 groupId 80 success
CST 2026-07-17 19:58:20.567  4724  4724 I C02c03/PARAM_WATCHER: Add watcher keyPrefix accessibility.config.ready remoteWatcherId 58 success
CST 2026-07-17 19:58:20.567  4724  4735 I C01d01/accessibility_aakit: [(OnParameterChanged:151)]InitAccessibilityServiceProxy success
CST 2026-07-17 19:58:20.567  4724  4724 I C01d01/accessibility_aakit: [(Connect:64)]
CST 2026-07-17 19:58:20.568   201   201 I C01d00/accessibility: [(IsSystemApp:1502)]Caller is not a application.
CST 2026-07-17 19:58:20.575   201  2192 E C01d05/accessibility_interface: [(OnAccessibilityEnableAbilityListsChanged:62)]OnAccessibilityEnableAbilityListsChanged fail, error: 29201
CST 2026-07-17 19:58:20.575  4724  4724 I C03100/UiTestKit_Server: [system_ui_controller.cpp:(ConnectToSysAbility)] Connect to AAMS, result: 0
CST 2026-07-17 19:58:20.579   201  2303 E C01d05/accessibility_interface: [(OnAccessibilityInstallAbilityListsChanged:89)]OnAccessibilityInstallAbilityListsChanged fail, error: 29201
CST 2026-07-17 19:58:20.579   201  2303 I C01d00/accessibility: [(AddAccessibilityAbility:1406)]uri is <private>
CST 2026-07-17 19:58:20.586   769   902 W C01406/OHOS::RS: RSJankStats::SetJankStats jank frames 6
CST 2026-07-17 19:58:20.586   605   611 W C02515/DISP: [SetLayerMaskInfo:495] <private> is not supported
CST 2026-07-17 19:58:20.586   605  1000 I C02515/DISP: [CommitComposeLayer:67] CommitComposeLayer! 10
CST 2026-07-17 19:58:20.587   769   769 E C01406/RSScreenManager: IsAllScreensPowerOff: screenPowerStatus_ is empty.
CST 2026-07-17 19:58:20.587   468  1337 E C01707/CONCUR: [Interface] task 1337 apply qos failed, errno = 4
CST 2026-07-17 19:58:20.587   468  1337 E C01611/QosManager: QosManager: Failed to set thread QoS to QOS_USER_INTERACTIVE, ret: -1
CST 2026-07-17 19:58:20.599   468  1337 E C01707/CONCUR: [Interface] task 1337 apply qos failed, errno = 4
CST 2026-07-17 19:58:20.599   468  1337 E C01611/QosManager: QosManager: Failed to set thread QoS to QOS_USER_INTERACTIVE, ret: -1
CST 2026-07-17 19:58:20.599   468  1337 I C01651/DataShareServiceStub: OnRemoteRequest: code:21, callingPid:201
CST 2026-07-17 19:58:20.600   468  1337 I C01631/GaussPD:  [0] [ADAPTER] [140151202183936] Not support binlog_default.writeLock file enable del monitor sysno = 25
CST 2026-07-17 19:58:20.600   468  1337 I C01631/GaussPD:  [0] [ADAPTER] [140151202183936] Not support binlog_default.writeLock file enable del monitor sysno = 25
CST 2026-07-17 19:58:20.600   468  1337 I C01631/GaussPD:  [0] [ADAPTER] [140151202183936] Not support binlog_default.writeLock file enable del monitor sysno = 25
CST 2026-07-17 19:58:20.628   468  1337 I C01631/GaussPD:  [0] [ADAPTER] [140151202183936] Not support binlog_default.writeLock file enable del monitor sysno = 25
CST 2026-07-17 19:58:20.628   468  1337 I C01631/GaussPD:  [0] [ADAPTER] [140151202183936] Not support binlog_default.writeIndex file enable del monitor sysno = 25
CST 2026-07-17 19:58:20.628   468  1337 I C01631/GaussPD:  [0] [ADAPTER] [140151202183936] Not support binlog_default.writeIndex file enable del monitor sysno = 25
CST 2026-07-17 19:58:20.629   468  1337 I C01651/DataShareServiceStub: OnUpdateEx: Update uri:******uide_state, e:0, s:1
CST 2026-07-17 19:58:20.640   468  1337 E C01707/CONCUR: [Interface] task 1337 apply qos failed, errno = 4
CST 2026-07-17 19:58:20.640   468  1337 E C01611/QosManager: QosManager: Failed to set thread QoS to QOS_USER_INTERACTIVE, ret: -1
CST 2026-07-17 19:58:20.640   468  1337 I C01651/DataShareServiceStub: OnRemoteRequest: code:14, callingPid:201
CST 2026-07-17 19:58:20.650   468  1337 E C01707/CONCUR: [Interface] task 1337 apply qos failed, errno = 4
CST 2026-07-17 19:58:20.650   468  1337 E C01611/QosManager: QosManager: Failed to set thread QoS to QOS_USER_INTERACTIVE, ret: -1
CST 2026-07-17 19:58:20.650   468  1337 I C01651/DataShareServiceStub: OnRemoteRequest: code:21, callingPid:201
CST 2026-07-17 19:58:20.651   468  1337 I C01631/GaussPD:  [0] [ADAPTER] [140151202183936] Not support binlog_default.writeLock file enable del monitor sysno = 25
CST 2026-07-17 19:58:20.651   468  1337 I C01631/GaussPD:  [0] [ADAPTER] [140151202183936] Not support binlog_default.writeLock file enable del monitor sysno = 25
CST 2026-07-17 19:58:20.651   468  1337 I C01631/GaussPD:  [0] [ADAPTER] [140151202183936] Not support binlog_default.writeLock file enable del monitor sysno = 25
CST 2026-07-17 19:58:20.652   468  1337 I C01631/GaussPD:  [0] [ADAPTER] [140151202183936] Not support binlog_default.writeLock file enable del monitor sysno = 25
CST 2026-07-17 19:58:20.652   468  1337 I C01631/GaussPD:  [0] [ADAPTER] [140151202183936] Not support binlog_default.writeIndex file enable del monitor sysno = 25
CST 2026-07-17 19:58:20.652   468  1337 I C01631/GaussPD:  [0] [ADAPTER] [140151202183936] Not support binlog_default.writeIndex file enable del monitor sysno = 25
CST 2026-07-17 19:58:20.653   468  1337 I C01651/DataShareServiceStub: OnUpdateEx: Update uri:******ture_state, e:0, s:1
CST 2026-07-17 19:58:20.659   468  1337 E C01707/CONCUR: [Interface] task 1337 apply qos failed, errno = 4
CST 2026-07-17 19:58:20.659   468  1337 E C01611/QosManager: QosManager: Failed to set thread QoS to QOS_USER_INTERACTIVE, ret: -1
CST 2026-07-17 19:58:20.659   468  1337 I C01651/DataShareServiceStub: OnRemoteRequest: code:14, callingPid:201
CST 2026-07-17 19:58:20.665   468  1337 E C01707/CONCUR: [Interface] task 1337 apply qos failed, errno = 4
CST 2026-07-17 19:58:20.665   468  1337 E C01611/QosManager: QosManager: Failed to set thread QoS to QOS_USER_INTERACTIVE, ret: -1
CST 2026-07-17 19:58:20.665   468  1337 I C01651/DataShareServiceStub: OnRemoteRequest: code:21, callingPid:201
CST 2026-07-17 19:58:20.666   468  1337 I C01631/GaussPD:  [0] [ADAPTER] [140151202183936] Not support binlog_default.writeLock file enable del monitor sysno = 25
CST 2026-07-17 19:58:20.666   468  1337 I C01631/GaussPD:  [0] [ADAPTER] [140151202183936] Not support binlog_default.writeLock file enable del monitor sysno = 25
CST 2026-07-17 19:58:20.666   468  1337 I C01631/GaussPD:  [0] [ADAPTER] [140151202183936] Not support binlog_default.writeLock file enable del monitor sysno = 25
CST 2026-07-17 19:58:20.666   468  1337 I C01631/GaussPD:  [0] [ADAPTER] [140151202183936] Not support binlog_default.writeLock file enable del monitor sysno = 25
CST 2026-07-17 19:58:20.666   468  1337 I C01631/GaussPD:  [0] [ADAPTER] [140151202183936] Not support binlog_default.writeIndex file enable del monitor sysno = 25
CST 2026-07-17 19:58:20.667   468  1337 I C01631/GaussPD:  [0] [ADAPTER] [140151202183936] Not support binlog_default.writeIndex file enable del monitor sysno = 25
CST 2026-07-17 19:58:20.667   468  1337 I C01651/DataShareServiceStub: OnUpdateEx: Update uri:******t_observer, e:0, s:1
CST 2026-07-17 19:58:20.673   468  1337 E C01707/CONCUR: [Interface] task 1337 apply qos failed, errno = 4
CST 2026-07-17 19:58:20.673   468  1337 E C01611/QosManager: QosManager: Failed to set thread QoS to QOS_USER_INTERACTIVE, ret: -1
CST 2026-07-17 19:58:20.673   468  1337 I C01651/DataShareServiceStub: OnRemoteRequest: code:14, callingPid:201
CST 2026-07-17 19:58:20.673   201  2303 E C01d00/accessibility: [(CheckExtProxyStatus:820)]Extension Proxy is not load
CST 2026-07-17 19:58:20.673   201  2303 I C01d00/accessibility: [(GetAccessibilityState:115)]EnabledState[0], TouchGuideState[0], KeyEventObserverState[0], GestureState[0], ScreenReaderState[0], SingleClickMode[0], AnimationOffState[0], AudioMonoState[0], FlashReminderSwitch[0]
CST 2026-07-17 19:58:20.679   468  1337 E C01707/CONCUR: [Interface] task 1337 apply qos failed, errno = 4
CST 2026-07-17 19:58:20.679   468  1337 E C01611/QosManager: QosManager: Failed to set thread QoS to QOS_USER_INTERACTIVE, ret: -1
CST 2026-07-17 19:58:20.679   468  1337 I C01651/DataShareServiceStub: OnRemoteRequest: code:21, callingPid:201
CST 2026-07-17 19:58:20.680   468  1337 I C01631/GaussPD:  [0] [ADAPTER] [140151202183936] Not support binlog_default.writeLock file enable del monitor sysno = 25
CST 2026-07-17 19:58:20.680   468  1337 I C01631/GaussPD:  [0] [ADAPTER] [140151202183936] Not support binlog_default.writeLock file enable del monitor sysno = 25
CST 2026-07-17 19:58:20.680   468  1337 I C01631/GaussPD:  [0] [ADAPTER] [140151202183936] Not support binlog_default.writeLock file enable del monitor sysno = 25
CST 2026-07-17 19:58:20.681   468  1337 I C01631/GaussPD:  [0] [ADAPTER] [140151202183936] Not support binlog_default.writeLock file enable del monitor sysno = 25
CST 2026-07-17 19:58:20.681   468  1337 I C01631/GaussPD:  [0] [ADAPTER] [140151202183936] Not support binlog_default.writeIndex file enable del monitor sysno = 25
CST 2026-07-17 19:58:20.681   468  1337 I C01631/GaussPD:  [0] [ADAPTER] [140151202183936] Not support binlog_default.writeIndex file enable del monitor sysno = 25
CST 2026-07-17 19:58:20.681   468  1337 I C01651/DataShareServiceStub: OnUpdateEx: Update uri:******essibility, e:0, s:1
CST 2026-07-17 19:58:20.686  4737  4737 W C02c02/PARAM: Selinux check name persist.init.debug.loglevel in u:object_r:startup_init_param:s0 [4737 2000 2000] failed
CST 2026-07-17 19:58:20.686  4737  4737 W C02c02/PARAM: Selinux check name persist.init.debug.loglevel in u:object_r:startup_init_param:s0 [4737 2000 2000] failed
CST 2026-07-17 19:58:20.686  4737  4737 W C02c02/PARAM: SystemReadParam failed!name is:persist.init.debug.loglevel,err:1002
CST 2026-07-17 19:58:20.687   468  1337 E C01707/CONCUR: [Interface] task 1337 apply qos failed, errno = 4
CST 2026-07-17 19:58:20.687   468  1337 E C01611/QosManager: QosManager: Failed to set thread QoS to QOS_USER_INTERACTIVE, ret: -1
CST 2026-07-17 19:58:20.687   468  1337 I C01651/DataShareServiceStub: OnRemoteRequest: code:14, callingPid:201
CST 2026-07-17 19:58:20.687   201  2303 I C01d00/accessibility: [(OnStateObservers:3654)]state is 1
CST 2026-07-17 19:58:20.687  1612  2927 I C01d02/accessibility_asacfwk: [(NotifyStateChanged:705)]observers size is 1
CST 2026-07-17 19:58:20.688  1612  2927 I C01d10/accessibility_napi: [(OnStateChanged:1885)]
CST 2026-07-17 19:58:20.688  1612  2927 I C01d02/accessibility_asacfwk: [(NotifyStateChanged:705)]observers size is 0
CST 2026-07-17 19:58:20.688  1522  2235 I C01d02/accessibility_asacfwk: [(NotifyStateChanged:705)]observers size is 2
CST 2026-07-17 19:58:20.688  1522  2235 I C01d10/accessibility_napi: [(OnStateChanged:1885)]
CST 2026-07-17 19:58:20.688  1522  2235 I C01d02/accessibility_asacfwk: [(NotifyStateChanged:705)]observers size is 1
CST 2026-07-17 19:58:20.688  2207  2209 I C01d02/accessibility_asacfwk: [(NotifyStateChanged:705)]observers size is 1
CST 2026-07-17 19:58:20.688  2207  2209 I C01d02/accessibility_asacfwk: [(NotifyStateChanged:705)]observers size is 1
CST 2026-07-17 19:58:20.688  4125  4684 I C01d02/accessibility_asacfwk: [(NotifyStateChanged:705)]observers size is 1
CST 2026-07-17 19:58:20.688  4125  4684 I C01d02/accessibility_asacfwk: [(NotifyStateChanged:705)]observers size is 1
CST 2026-07-17 19:58:20.688  4125  4125 I C01d02/accessibility_asacfwk: [(RegisterElementOperator:388)]Register windowId[30] start
CST 2026-07-17 19:58:20.689  1522  1522 I C01d02/accessibility_asacfwk: [(RegisterElementOperator:388)]Register windowId[1] start
CST 2026-07-17 19:58:20.689  1522  1522 I C0392a/AceUiExtensionComponent: [(-2:100000:singleton)] [@1869][ID: 1] treeId: 0, id: 132
CST 2026-07-17 19:58:20.689   201   201 I C01d00/accessibility: [(RegisterElementOperatorByParameter:1296)]get treeId element and treeid - treeId: 9 parameter.elementId[132]element[132]
CST 2026-07-17 19:58:20.694   468  1337 E C01707/CONCUR: [Interface] task 1337 apply qos failed, errno = 4
CST 2026-07-17 19:58:20.694   468  1337 E C01611/QosManager: QosManager: Failed to set thread QoS to QOS_USER_INTERACTIVE, ret: -1
CST 2026-07-17 19:58:20.694   468  1337 I C01651/DataShareServiceStub: OnRemoteRequest: code:21, callingPid:201
CST 2026-07-17 19:58:20.694  4739  4739 W C02c02/PARAM: Selinux check name persist.init.debug.loglevel in u:object_r:startup_init_param:s0 [4739 2000 2000] failed
CST 2026-07-17 19:58:20.694  4739  4739 W C02c02/PARAM: Selinux check name persist.init.debug.loglevel in u:object_r:startup_init_param:s0 [4739 2000 2000] failed
CST 2026-07-17 19:58:20.694  4739  4739 W C02c02/PARAM: SystemReadParam failed!name is:persist.init.debug.loglevel,err:1002
CST 2026-07-17 19:58:20.694   468  1337 I C01631/GaussPD:  [0] [ADAPTER] [140151202183936] Not support binlog_default.writeLock file enable del monitor sysno = 25
CST 2026-07-17 19:58:20.694   468  1337 I C01631/GaussPD:  [0] [ADAPTER] [140151202183936] Not support binlog_default.writeLock file enable del monitor sysno = 25
CST 2026-07-17 19:58:20.694   468  1337 I C01631/GaussPD:  [0] [ADAPTER] [140151202183936] Not support binlog_default.writeLock file enable del monitor sysno = 25
CST 2026-07-17 19:58:20.695   769   902 W C01406/OHOS::RS: RSJankStats::SetJankStats jank frames 6
CST 2026-07-17 19:58:20.695   605  1000 W C02515/DISP: [SetLayerMaskInfo:495] <private> is not supported
CST 2026-07-17 19:58:20.695   468  1337 I C01631/GaussPD:  [0] [ADAPTER] [140151202183936] Not support binlog_default.writeLock file enable del monitor sysno = 25
CST 2026-07-17 19:58:20.695   468  1337 I C01631/GaussPD:  [0] [ADAPTER] [140151202183936] Not support binlog_default.writeIndex file enable del monitor sysno = 25
CST 2026-07-17 19:58:20.695   605   611 I C02515/DISP: [CommitComposeLayer:67] CommitComposeLayer! 10
CST 2026-07-17 19:58:20.695   468  1337 I C01631/GaussPD:  [0] [ADAPTER] [140151202183936] Not support binlog_default.writeIndex file enable del monitor sysno = 25
CST 2026-07-17 19:58:20.696   468  1337 I C01651/DataShareServiceStub: OnUpdateEx: Update uri:******lity_state, e:0, s:1
CST 2026-07-17 19:58:20.703   143   193 I C01800/SAMGR: NF SA:65962,776_236
CST 2026-07-17 19:58:20.707   468  1337 E C01707/CONCUR: [Interface] task 1337 apply qos failed, errno = 4
CST 2026-07-17 19:58:20.707   468  1337 E C01611/QosManager: QosManager: Failed to set thread QoS to QOS_USER_INTERACTIVE, ret: -1
CST 2026-07-17 19:58:20.707   468  1337 I C01651/DataShareServiceStub: OnRemoteRequest: code:14, callingPid:201
CST 2026-07-17 19:58:20.708   201  2303 I C01d00/accessibility: [(Unregister:76)]unregister shortcut key, last subscribeId is 16
CST 2026-07-17 19:58:20.708   201  2303 I C02800/InputManagerImpl: [][UnsubscribeKeyEvent:404] enter
CST 2026-07-17 19:58:20.708   201  2303 I C02800/KeyEventInputSubscribeManager: [][UnsubscribeKeyEvent:202] enter
CST 2026-07-17 19:58:20.708   251   264 I C02800/MMIService: [][UnsubscribeKeyEvent:2540] enter
CST 2026-07-17 19:58:20.708   769   769 E C01406/RSScreenManager: IsAllScreensPowerOff: screenPowerStatus_ is empty.
CST 2026-07-17 19:58:20.708   251   516 I C02802/KeySubscriberHandler: [|172]SubscribeId:16, pid:201
CST 2026-07-17 19:58:20.708   251   516 I C02800/KeySubscriberHandler: [][RemoveKeyGestureSubscriber:243] enter
CST 2026-07-17 19:58:20.708   251   516 I C02802/KeySubscriberHandler: [|253]Removing handler(21) of key gesture
CST 2026-07-17 19:58:20.708   251   516 I C02802/KeyGestureManager: [|107]Handler(21) of key gesture was removed
CST 2026-07-17 19:58:20.708   251   516 I C02800/KeySubscriberHandler: [][RemoveKeyGestureSubscriber] leave
CST 2026-07-17 19:58:20.708   251   264 I C02800/MMIService: [][UnsubscribeKeyEvent] leave
CST 2026-07-17 19:58:20.708   201  2303 I C02800/KeyEventInputSubscribeManager: [][UnsubscribeKeyEvent] leave
CST 2026-07-17 19:58:20.708   201  2303 I C02800/InputManagerImpl: [][UnsubscribeKeyEvent] leave
CST 2026-07-17 19:58:20.708   201  2303 I C01d00/accessibility: [(Register:57)]
CST 2026-07-17 19:58:20.708   201  2303 I C02800/InputManagerImpl: [][SubscribeKeyEvent:385] enter
CST 2026-07-17 19:58:20.709   251   516 I C02800/KeyGestureManager: [][ShouldIntercept:461] enter
CST 2026-07-17 19:58:20.709   251   516 I C02800/KeyGestureManager: [][ShouldIntercept] leave
CST 2026-07-17 19:58:20.709   251   516 I C02800/KeySubscriberHandler: [][AddKeyGestureSubscriber:218] enter
CST 2026-07-17 19:58:20.709   251   516 I C02802/KeySubscriberHandler: [|229]Handler(22) of key gesture was added
CST 2026-07-17 19:58:20.709   251   516 I C02800/KeySubscriberHandler: [][AddKeyGestureSubscriber] leave
CST 2026-07-17 19:58:20.709   201  2303 I C02800/InputManagerImpl: [][SubscribeKeyEvent] leave
CST 2026-07-17 19:58:20.709   201   918 I C01d00/accessibility: [(operator():1152)]Register windowId[30]
CST 2026-07-17 19:58:20.709   201   918 I C01d00/accessibility: [(AddAccessibilityWindowConnection:326)]windowId(30)
CST 2026-07-17 19:58:20.710  4740  4740 W C02c02/PARAM: Selinux check name persist.init.debug.loglevel in u:object_r:startup_init_param:s0 [4740 2000 2000] failed
CST 2026-07-17 19:58:20.710  4740  4740 W C02c02/PARAM: Selinux check name persist.init.debug.loglevel in u:object_r:startup_init_param:s0 [4740 2000 2000] failed
CST 2026-07-17 19:58:20.710  4740  4740 W C02c02/PARAM: SystemReadParam failed!name is:persist.init.debug.loglevel,err:1002
CST 2026-07-17 19:58:20.713   201   918 I C01d00/accessibility: [(operator():1152)]Register windowId[1]
CST 2026-07-17 19:58:20.713   201   918 I C01d00/accessibility: [(AddAccessibilityWindowConnection:326)]windowId(1)
CST 2026-07-17 19:58:20.752   201   918 I C01d00/accessibility: [(InitSceneBoard:1362)]
CST 2026-07-17 19:58:20.753   201   918 I C01d00/accessibility: [(operator():1304)]Register windowId[1]
CST 2026-07-17 19:58:20.874   769   902 W C01406/OHOS::RS: RSJankStats::SetJankStats jank frames 10
CST 2026-07-17 19:58:20.874   605   611 W C02515/DISP: [SetLayerMaskInfo:495] <private> is not supported
CST 2026-07-17 19:58:20.874   605   611 I C02515/DISP: [CommitComposeLayer:67] CommitComposeLayer! 10
CST 2026-07-17 19:58:20.876   769   769 E C01406/RSScreenManager: IsAllScreensPowerOff: screenPowerStatus_ is empty.
CST 2026-07-17 19:58:20.880   163   583 E C02510/devsvc_manager_stub: StubGetService service hmi_service not found
CST 2026-07-17 19:58:20.880   162   715 E C02510/hdi_servmgr_client: get hdi service hmi_service failed, -1
CST 2026-07-17 19:58:20.880   162   715 E C02510/hmi_interface_proxy: Get:get remote object failed!
CST 2026-07-17 19:58:20.880   162   715 I C02d19/CHR_SERVICE: [HmiClient][chr_client]GetService: hmiInterface is nullptr.
CST 2026-07-17 19:58:20.880   162   715 I C02d19/CHR_SERVICE: [HmiClient][chr_client]TryGetServiceDelayed: retryCount=32, delayed=4000.
CST 2026-07-17 19:58:20.882  1790  1834 I C0430a/file_monitor_service: [MainMissionStatus:197]CanExit
CST 2026-07-17 19:58:20.883  1790  1834 I C0430a/file_monitor_service: [MainMissionStatus:203]SecondaryScanner idle
CST 2026-07-17 19:58:20.889   162  1329 E C02d66/XPerf: [InquiryOhImpl::ExtractStringValue] Canonical FilePath: /sys/class/ithermal/lpm/lpm_freq failed.
CST 2026-07-17 19:58:20.889   162  1329 E C02d66/XPerf: [InquiryOhImpl::ExtractStringValue] Canonical FilePath: /sys/class/power_supply/Battery/status failed.
CST 2026-07-17 19:58:20.895   770  3723 I C01120/BMS: execute begin bundleResource
CST 2026-07-17 19:58:20.896   770  4251 I C01120/BMS: execute begin bundleIconResource
CST 2026-07-17 19:58:20.903   143   193 I C01800/SAMGR: NF SA:65962,776_237
CST 2026-07-17 19:58:20.929   769   902 E C02515/DGLES: [d_eglSwapBuffers_special@egl_gpu.cpp:729] thread output size 383404 speed 360k/s API_num 2590
CST 2026-07-17 19:58:20.930   605   611 W C02515/DISP: [SetLayerMaskInfo:495] <private> is not supported
CST 2026-07-17 19:58:20.930   605   611 I C02515/DISP: [CommitComposeLayer:67] CommitComposeLayer! 10
CST 2026-07-17 19:58:20.963  2500  3014 E C02e00/UPDATE_SA: [hap_connection.cpp(50)]GetHapRemoteObject, remoteObj is nullptr, bundle com.huawei.hmos.ouc
CST 2026-07-17 19:58:20.963  2500  3014 I C01352/ExtMgr: [extension_manager_client.cpp134]name:com.huawei.hmos.ouc ServiceExtAbility, userId:-1.
CST 2026-07-17 19:58:20.964   770   800 I C01342/ServiceExt: [ABMS5529]element: com.huawei.hmos.ouc/ServiceExtAbility
CST 2026-07-17 19:58:20.964   770   800 W C01123/BMSCommon: bundle not exist -n com.huawei.hmos.ouc -u 100 -i 0 -f 0
CST 2026-07-17 19:58:20.964   770   800 W C01336/AMS: [start_ability_utils.cpp76]failed: com.huawei.hmos.ouc
CST 2026-07-17 19:58:20.964   770   800 W C01336/AMS: [crowd_test_interceptor.cpp54]GetAppInfo failed
CST 2026-07-17 19:58:20.964   770   800 W C01120/BMS: app_control_manager.cpp:GetAppRunningControlRule:397 getAppId failed,-n:com.huawei.hmos.ouc
CST 2026-07-17 19:58:20.964   770   800 W C01123/BMSCommon: uid(6666) invalid
CST 2026-07-17 19:58:20.965   770   800 I C01336/AMS: [start_ability_utils.cpp54]appIndex:-1
CST 2026-07-17 19:58:20.965   770   800 W C01123/BMSCommon: bundle not exist -n com.huawei.hmos.ouc -u 100 -i 0 -f 1062
CST 2026-07-17 19:58:20.965   770   800 I C01121/BMSQuery: ExplicitQueryAbility no match -n com.huawei.hmos.ouc -a ServiceExtAbility -u 100 -i 0
CST 2026-07-17 19:58:20.965   770   800 W C01120/BMS: query abilitys_ext code 8521480
CST 2026-07-17 19:58:20.965   770   800 W C01123/BMSCommon: bundle not exist -n com.huawei.hmos.ouc -u 100 -i 0 -f 1062
CST 2026-07-17 19:58:20.965   770   800 W C01121/BMSQuery: bundle_data_mgr.cpp:ExplicitQueryExtensionInfo:7239 ExplicitQueryExtensionInfo failed
CST 2026-07-17 19:58:20.965   770   800 I C01121/BMSQuery: ExplicitQueryExtension size:0 -n com.huawei.hmos.ouc -e ServiceExtAbility -u 100 -i 0
CST 2026-07-17 19:58:20.965   770   800 W C01121/BMSQuery: bundle_data_mgr.cpp:GetCloneAppIndexes:2463 no bundleName com.huawei.hmos.ouc found
CST 2026-07-17 19:58:20.965   770   800 W C01121/BMSQuery: bundle_mgr_host_impl.cpp:QueryExtensionAbilityInfos:3425 no valid extension info can be inquired
CST 2026-07-17 19:58:20.965   770   800 E C01336/AMS: [start_ability_utils.cpp290]extensionInfo empty
CST 2026-07-17 19:58:20.965   770   800 E C01342/ServiceExt: [ABMS5868]generate request error
CST 2026-07-17 19:58:20.966  2500  3014 E C02e00/UPDATE_SA: [hap_connection.cpp(82)]HapConnection call interface failed, ret 2097152
CST 2026-07-17 19:58:20.966  2500  3014 E C02e00/UPDATE_SA: [ouc_hap_connection.cpp(72)]SendRemoteRequest, can not connect to ouc
CST 2026-07-17 19:58:20.966  2500  3014 E C02e00/UPDATE_SA: [ouc_hap_connection.cpp(279)]SendMessage request failed, code: 5
CST 2026-07-17 19:58:21.082   769   902 W C01406/OHOS::RS: RSJankStats::SetJankStats jank frames 9
CST 2026-07-17 19:58:21.083   605   611 W C02515/DISP: [SetLayerMaskInfo:495] <private> is not supported
CST 2026-07-17 19:58:21.083   605   611 I C02515/DISP: [CommitComposeLayer:67] CommitComposeLayer! 10
CST 2026-07-17 19:58:21.104   143   193 I C01800/SAMGR: NF SA:65962,776_238
CST 2026-07-17 19:58:21.104   776   858 E C01810/SA_CLIENT: GetSaWrap SA:65962 not start
CST 2026-07-17 19:58:21.104   776   858 I C01409/APS_MANAGER: request system service object is not ready yet!
CST 2026-07-17 19:58:21.128  4744  4744 W C02c02/PARAM: Selinux check name persist.init.debug.loglevel in u:object_r:startup_init_param:s0 [4744 2000 2000] failed
CST 2026-07-17 19:58:21.128  4744  4744 W C02c02/PARAM: Selinux check name persist.init.debug.loglevel in u:object_r:startup_init_param:s0 [4744 2000 2000] failed
CST 2026-07-17 19:58:21.128  4744  4744 W C02c02/PARAM: SystemReadParam failed!name is:persist.init.debug.loglevel,err:1002
CST 2026-07-17 19:58:21.135  4744  4744 W C02c02/PARAM: Selinux check name persist.init.debug.loglevel in u:object_r:startup_init_param:s0 [4744 2000 2000] failed
CST 2026-07-17 19:58:21.135  4744  4744 W C02c02/PARAM: Selinux check name persist.init.debug.loglevel in u:object_r:startup_init_param:s0 [4744 2000 2000] failed
CST 2026-07-17 19:58:21.135  4744  4744 W C02c02/PARAM: SystemReadParam failed!name is:persist.init.debug.loglevel,err:1002
CST 2026-07-17 19:58:21.159  1522  1522 W A01c06/ICON: AppIconWeatherModel --> initWeatherListener, retryTimes: 4
CST 2026-07-17 19:58:21.161   590   783 W C02943/ThermalHdi: Read node failed, title = brightness
CST 2026-07-17 19:58:21.161   590   783 W C02943/ThermalHdi: Read node failed, title = 
CST 2026-07-17 19:58:21.161   590   783 W C02943/ThermalHdi: Read node failed, title = 
CST 2026-07-17 19:58:21.161   590   783 W C02943/ThermalHdi: Read node failed, title = 
CST 2026-07-17 19:58:21.161   590   783 W C02943/ThermalHdi: Read node failed, title = 
CST 2026-07-17 19:58:21.161   590   783 W C02943/ThermalHdi: Read node failed, title = 
CST 2026-07-17 19:58:21.161   590   783 W C02943/ThermalHdi: Read node failed, title = 
CST 2026-07-17 19:58:21.161   590   783 W C02943/ThermalHdi: Read node failed, title = 
CST 2026-07-17 19:58:21.161   590   783 W C02943/ThermalHdi: Read node failed, title = 
CST 2026-07-17 19:58:21.161   590   783 W C02943/ThermalHdi: Read node failed, title = 
CST 2026-07-17 19:58:21.161   590   783 W C02943/ThermalHdi: Read node failed, title = 
CST 2026-07-17 19:58:21.161   590   783 W C02943/ThermalHdi: Read node failed, title = 
CST 2026-07-17 19:58:21.161   590   783 W C02943/ThermalHdi: Read node failed, title = 
CST 2026-07-17 19:58:21.161   590   783 W C02943/ThermalHdi: Read node failed, title = 
CST 2026-07-17 19:58:21.161   590   783 W C02943/ThermalHdi: Read node failed, title = 
CST 2026-07-17 19:58:21.161   590   783 W C02943/ThermalHdi: Read node failed, title = 
CST 2026-07-17 19:58:21.161   590   783 W C02943/ThermalHdi: Read node failed, title = 
CST 2026-07-17 19:58:21.161   590   783 W C02943/ThermalHdi: Read node failed, title = 
CST 2026-07-17 19:58:21.161   590   783 W C02943/ThermalHdi: Read node failed, title = 
CST 2026-07-17 19:58:21.161   590   783 W C02943/ThermalHdi: Read node failed, title = 
CST 2026-07-17 19:58:21.161   590   783 W C02943/ThermalHdi: Read node failed, title = 
CST 2026-07-17 19:58:21.161   590   783 W C02943/ThermalHdi: Read node failed, title = 
CST 2026-07-17 19:58:21.161   590   783 W C02943/ThermalHdi: Read node failed, title = 
CST 2026-07-17 19:58:21.161   590   783 W C02943/ThermalHdi: Read node failed, title = 
CST 2026-07-17 19:58:21.161   590   783 W C02943/ThermalHdi: Read node failed, title = 
CST 2026-07-17 19:58:21.161   590   783 W C02943/ThermalHdi: Read node failed, title = ambient
CST 2026-07-17 19:58:21.161   590   783 W C02943/ThermalHdi: Read node failed, title = ibat
CST 2026-07-17 19:58:21.161   590   783 W C02943/ThermalHdi: Read node failed, title = vbat
CST 2026-07-17 19:58:21.161   590   783 W C02943/ThermalHdi: Read node failed, title = cpu0_min_freq
CST 2026-07-17 19:58:21.161   590   783 W C02943/ThermalHdi: Read node failed, title = cpu0_cur_freq
CST 2026-07-17 19:58:21.161   590   783 W C02943/ThermalHdi: Read node failed, title = cpu0_max_freq
CST 2026-07-17 19:58:21.161   590   783 W C02943/ThermalHdi: Read node failed, title = cpu4_min_freq
CST 2026-07-17 19:58:21.161   590   783 W C02943/ThermalHdi: Read node failed, title = cpu4_cur_freq
CST 2026-07-17 19:58:21.161   590   783 W C02943/ThermalHdi: Read node failed, title = cpu4_max_freq
CST 2026-07-17 19:58:21.161   590   783 W C02943/ThermalHdi: Read node failed, title = cpu7_min_freq
CST 2026-07-17 19:58:21.161   590   783 W C02943/ThermalHdi: Read node failed, title = cpu7_cur_freq
CST 2026-07-17 19:58:21.161   590   783 W C02943/ThermalHdi: Read node failed, title = cpu7_max_freq
CST 2026-07-17 19:58:21.161   590   783 W C02943/ThermalHdi: Read node failed, title = gpu_min_freq
CST 2026-07-17 19:58:21.161   590   783 W C02943/ThermalHdi: Read node failed, title = gpu_cur_freq
CST 2026-07-17 19:58:21.161   590   783 W C02943/ThermalHdi: Read node failed, title = gpu_max_freq
CST 2026-07-17 19:58:21.161   590   783 W C02943/ThermalHdi: Read node failed, title = ddr_cur_freq
CST 2026-07-17 19:58:21.161   590   783 W C02943/ThermalHdi: Read node failed, title = set_IPApower
CST 2026-07-17 19:58:21.161   590   783 W C02943/ThermalHdi: Read node failed, title = cur_IPApower
CST 2026-07-17 19:58:21.161   590   783 W C02943/ThermalHdi: get node failed
CST 2026-07-17 19:58:21.161   590   783 W C02943/ThermalHdi: get node failed
CST 2026-07-17 19:58:21.161   590   783 W C02943/ThermalHdi: get node failed
CST 2026-07-17 19:58:21.175  1522  1522 I A01b01/HOME: PageDesktopViewModel --> cards num: 0, threshold:7
CST 2026-07-17 19:58:21.186   468  1337 E C01707/CONCUR: [Interface] task 1337 apply qos failed, errno = 4
CST 2026-07-17 19:58:21.186   468  1337 E C01611/QosManager: QosManager: Failed to set thread QoS to QOS_USER_INTERACTIVE, ret: -1
CST 2026-07-17 19:58:21.187   770   800 W C01123/BMSCommon: bundle not exist -n com.huawei.hmsapp.totemweather -u 100 -i 0 -f 32
CST 2026-07-17 19:58:21.187   770   800 W C01121/BMSQuery: GetBundleInfo failed -n com.huawei.hmsapp.totemweather -u 100
CST 2026-07-17 19:58:21.187   468  1337 E C01651/BundleMgrProxy: GetBundleInfoFromBMS: GetBundleInfo failed!bundleName is com.huawei.hmsapp.totemweather, userId is 100
CST 2026-07-17 19:58:21.187   468  1337 E C01651/DataProviderConfig: GetFromProxyData: Get bundleInfo failed! bundleName:com.huawei.hmsapp.totemweather, userId:100, visitedId:100, uri:******icIconInfo
CST 2026-07-17 19:58:21.187   468  1337 E C01651/DataShareServiceImpl: GetBMSAndMetaDataStatus: CalledInfo failed! token:0x20087fab,ret:1001,uri:******icIconInfo
CST 2026-07-17 19:58:21.187   468  1337 E C01651/DataShareServiceImpl: GetSilentProxyStatus: BMS or metaData not ready to complete, token:0x20087fab, uri:******icIconInfo
CST 2026-07-17 19:58:21.187  1522  1522 E A01c06/ICON: AppIconWeatherModel --> get weather info failed, code: 15700010, message: The DataShareHelper is not initialized successfully.
CST 2026-07-17 19:58:21.209  4724  4735 I C03100/UiTestKit_Server: [system_ui_controller.cpp:(operator())] Success connect to AccessibilityUITestAbility
CST 2026-07-17 19:58:21.209  4724  4735 W C057c3/IPCObjectStub: SendRequestInner: Stub(desc:*.IAccessibleAbilityClient) code:500 cost:500ms
CST 2026-07-17 19:58:21.210  4724  4746 W C057c1/IPCWorkThread: ThreadHandler: proto:0 policy:0 name:OS_IPC_2_4746 invoker:13090784
CST 2026-07-17 19:58:21.210  4724  4724 W C04201/DMS: RegisterClientDeathListener: regis reverse death
CST 2026-07-17 19:58:21.210  4724  4724 I C04201/DMS: RegisterClientDeathListener: ENTER
CST 2026-07-17 19:58:21.210   770   800 E C04200/WMS: UpdateBundleInfo: Failed
CST 2026-07-17 19:58:21.212   770   800 W C04201/DMS: screen_session.cpp: call BMS
CST 2026-07-17 19:58:21.212   770   800 I C04201/DMS: screen_session.cpp: pid:0, bundle:, api:0
CST 2026-07-17 19:58:21.212  4724  4724 I C03100/UiTestKit_Server: [system_ui_controller.cpp:(GetUiWindows)] window is visible, windowId: 21, active: 0, focus: 0,layer: 2202, displayId: 0
CST 2026-07-17 19:58:21.212  4724  4724 I C01d01/accessibility_aakit: [(SearchElementInfoFromAce:1329)]windowId 21}, elementId -1
CST 2026-07-17 19:58:21.214  4724  4724 I C03100/UiTestKit_Server: [system_ui_controller.cpp:(InflateWindowInfo)] End Get Bundle Name by WindowId 21, app is com.ohos.sceneboard
CST 2026-07-17 19:58:21.215   770   800 I C0420f/WMSRecover: mock_session_manager_service.cpp GetForegroundOsAccountDisplayId: displayId: 0
CST 2026-07-17 19:58:21.215   770   800 I C0420f/WMSRecover: mock_session_manager_service.cpp RegisterSMSRecoverListener: clientUserId: 0, userId: 100, pid: 4724,isLite: 1, displayId: 0
CST 2026-07-17 19:58:21.215   770   800 I C04210/WMSMultiUser: mock_session_manager_service.cpp NotifyWMSConnectionStatus: wms is already connected, notify client
CST 2026-07-17 19:58:21.216  4724  4724 I C03100/UiTestKit_Server: [system_ui_controller.cpp:(UpdateWindowAttrs)] window 21 touchArea: Rect {left:0,right:1320,top:0,bottom:137} 
CST 2026-07-17 19:58:21.216  4724  4724 I C03100/UiTestKit_Server: [system_ui_controller.cpp:(GetUiWindows)] window is visible, windowId: 30, active: 1, focus: 1,layer: 102, displayId: 0
CST 2026-07-17 19:58:21.216  4724  4724 I C01d01/accessibility_aakit: [(SearchElementInfoFromAce:1329)]windowId 30}, elementId -1
CST 2026-07-17 19:58:21.217  4724  4724 I C03100/UiTestKit_Server: [system_ui_controller.cpp:(InflateWindowInfo)] End Get Bundle Name by WindowId 30, app is cn.alfadb.netbird.e3vpna
CST 2026-07-17 19:58:21.217  4724  4724 I C03100/UiTestKit_Server: [system_ui_controller.cpp:(GetUiWindows)] window is covered, windowId : 10, layer is 2
CST 2026-07-17 19:58:21.217  4724  4724 I C03100/UiTestKit_Server: [system_ui_controller.cpp:(GetUiWindows)] window is covered, windowId : 7, layer is 1
CST 2026-07-17 19:58:21.218  4724  4724 I C01d01/accessibility_aakit: [(SearchElementInfoRecursiveByWinid:1500)]windowId 30}, elementId -1, treeId 0, mode 8
CST 2026-07-17 19:58:21.220  4724  4724 I C03100/UiTestKit_Server: [system_ui_controller.cpp:(GetWidgetsInWindow)] End Get nodes from window by WindowId 30, node size is 9, appId: cn.alfadb.netbird.e3vpna
CST 2026-07-17 19:58:21.221  4724  4724 I C01d01/accessibility_aakit: [(SearchElementInfoRecursiveByWinid:1500)]windowId 21}, elementId -1, treeId 0, mode 8
CST 2026-07-17 19:58:21.226  4724  4724 I C03100/UiTestKit_Server: [system_ui_controller.cpp:(GetWidgetsInWindow)] End Get nodes from window by WindowId 21, node size is 43, appId: com.ohos.sceneboard
CST 2026-07-17 19:58:21.237   770  1078 I C057c2/IPCObjectProxy: hd:316 ct:1 D:*.ISessionManagerServiceRecoverListener
CST 2026-07-17 19:58:21.237   146   192 I C057c2/IPCObjectProxy: hd:24 ct:1 D:*.IWatcher
CST 2026-07-17 19:58:21.237   201   201 I C057c2/IPCObjectProxy: hd:33 ct:1 D:*.IAccessibleAbilityClient
CST 2026-07-17 19:58:21.237   770   800 I C057c2/IPCObjectProxy: hd:315 ct:1 D:
CST 2026-07-17 19:58:21.237   770  1078 W C0420f/WMSRecover: mock_session_manager_service.cpp OnRemoteDied: Client died, pid = 4724, isLite = 1
CST 2026-07-17 19:58:21.237   770  1078 I C0420f/WMSRecover: mock_session_manager_service.cpp UnregisterSMSRecoverListenerInner: clientUserId: 0, pid: 4724, isLite: 1, displayId: 0
CST 2026-07-17 19:58:21.237   770  1078 I C0420f/WMSRecover: mock_session_manager_service.cpp GetSystemAppSMSRecoverListenerMap: isLite: 1, displayId: 0
CST 2026-07-17 19:58:21.237   146   192 I C02c03/PARAM_WATCHER: [watcher_manager.cpp:516]Agent died 58 4724
CST 2026-07-17 19:58:21.237   146   192 I C02c03/PARAM_WATCHER: [watcher_manager.cpp:702]Delete param watcher remoteWatcherId 58 group 80
CST 2026-07-17 19:58:21.241   201   918 E C01d05/accessibility_interface: [(OnEnableAbilityRemoteDied:66)]OnEnableAbilityRemoteDied fail, error: 29201
CST 2026-07-17 19:58:21.241   201   918 I C01d00/accessibility: [(RemoveAccessibilityAbilityByUri:1419)]uri is <private>
CST 2026-07-17 19:58:21.241   201   918 I C01d00/accessibility: [(UpdateNeedEvents:1745)]needEvents size is 0
CST 2026-07-17 19:58:21.244   201   918 E C01d05/accessibility_interface: [(OnAccessibilityEnableAbilityListsChanged:62)]OnAccessibilityEnableAbilityListsChanged fail, error: 29201
CST 2026-07-17 19:58:21.248   201   918 E C01d05/accessibility_interface: [(OnAccessibilityInstallAbilityListsChanged:89)]OnAccessibilityInstallAbilityListsChanged fail, error: 29201
CST 2026-07-17 19:58:21.255   468  1337 E C01707/CONCUR: [Interface] task 1337 apply qos failed, errno = 4
CST 2026-07-17 19:58:21.255   468  1337 E C01611/QosManager: QosManager: Failed to set thread QoS to QOS_USER_INTERACTIVE, ret: -1
CST 2026-07-17 19:58:21.263   468  1337 E C01707/CONCUR: [Interface] task 1337 apply qos failed, errno = 4
CST 2026-07-17 19:58:21.263   468  1337 E C01611/QosManager: QosManager: Failed to set thread QoS to QOS_USER_INTERACTIVE, ret: -1
CST 2026-07-17 19:58:21.263   468  1337 I C01651/DataShareServiceStub: OnRemoteRequest: code:21, callingPid:201
CST 2026-07-17 19:58:21.263   468  1337 I C01631/GaussPD:  [0] [ADAPTER] [140151202183936] Not support binlog_default.writeLock file enable del monitor sysno = 25
CST 2026-07-17 19:58:21.263   468  1337 I C01631/GaussPD:  [0] [ADAPTER] [140151202183936] Not support binlog_default.writeLock file enable del monitor sysno = 25
CST 2026-07-17 19:58:21.263   468  1337 I C01631/GaussPD:  [0] [ADAPTER] [140151202183936] Not support binlog_default.writeLock file enable del monitor sysno = 25
CST 2026-07-17 19:58:21.294   468  1337 I C01631/GaussPD:  [0] [ADAPTER] [140151202183936] Not support binlog_default.writeLock file enable del monitor sysno = 25
CST 2026-07-17 19:58:21.294   468  1337 I C01631/GaussPD:  [0] [ADAPTER] [140151202183936] Not support binlog_default.writeIndex file enable del monitor sysno = 25
CST 2026-07-17 19:58:21.294   468  1337 I C01631/GaussPD:  [0] [ADAPTER] [140151202183936] Not support binlog_default.writeIndex file enable del monitor sysno = 25
CST 2026-07-17 19:58:21.294   468  1337 I C01651/DataShareServiceStub: OnUpdateEx: Update uri:******uide_state, e:0, s:1
CST 2026-07-17 19:58:21.332   468  1337 E C01707/CONCUR: [Interface] task 1337 apply qos failed, errno = 4
CST 2026-07-17 19:58:21.332   468  1337 E C01611/QosManager: QosManager: Failed to set thread QoS to QOS_USER_INTERACTIVE, ret: -1
CST 2026-07-17 19:58:21.332   468  1337 I C01651/DataShareServiceStub: OnRemoteRequest: code:14, callingPid:201
CST 2026-07-17 19:58:21.339   468  1337 E C01707/CONCUR: [Interface] task 1337 apply qos failed, errno = 4
CST 2026-07-17 19:58:21.339   468  1337 E C01611/QosManager: QosManager: Failed to set thread QoS to QOS_USER_INTERACTIVE, ret: -1
CST 2026-07-17 19:58:21.339   468  1337 I C01651/DataShareServiceStub: OnRemoteRequest: code:21, callingPid:201
CST 2026-07-17 19:58:21.339   468  1337 I C01631/GaussPD:  [0] [ADAPTER] [140151202183936] Not support binlog_default.writeLock file enable del monitor sysno = 25
CST 2026-07-17 19:58:21.339   468  1337 I C01631/GaussPD:  [0] [ADAPTER] [140151202183936] Not support binlog_default.writeLock file enable del monitor sysno = 25
CST 2026-07-17 19:58:21.339   468  1337 I C01631/GaussPD:  [0] [ADAPTER] [140151202183936] Not support binlog_default.writeLock file enable del monitor sysno = 25
CST 2026-07-17 19:58:21.340   468  1337 I C01631/GaussPD:  [0] [ADAPTER] [140151202183936] Not support binlog_default.writeLock file enable del monitor sysno = 25
CST 2026-07-17 19:58:21.340   468  1337 I C01631/GaussPD:  [0] [ADAPTER] [140151202183936] Not support binlog_default.writeIndex file enable del monitor sysno = 25
CST 2026-07-17 19:58:21.340   468  1337 I C01631/GaussPD:  [0] [ADAPTER] [140151202183936] Not support binlog_default.writeIndex file enable del monitor sysno = 25
CST 2026-07-17 19:58:21.341   468  1337 I C01651/DataShareServiceStub: OnUpdateEx: Update uri:******ture_state, e:0, s:1
CST 2026-07-17 19:58:21.347   468  1337 E C01707/CONCUR: [Interface] task 1337 apply qos failed, errno = 4
CST 2026-07-17 19:58:21.347   468  1337 E C01611/QosManager: QosManager: Failed to set thread QoS to QOS_USER_INTERACTIVE, ret: -1
CST 2026-07-17 19:58:21.347   468  1337 I C01651/DataShareServiceStub: OnRemoteRequest: code:14, callingPid:201
CST 2026-07-17 19:58:21.378   468  1337 E C01707/CONCUR: [Interface] task 1337 apply qos failed, errno = 4
CST 2026-07-17 19:58:21.378   468  1337 E C01611/QosManager: QosManager: Failed to set thread QoS to QOS_USER_INTERACTIVE, ret: -1
CST 2026-07-17 19:58:21.378   468  1337 I C01651/DataShareServiceStub: OnRemoteRequest: code:21, callingPid:201
CST 2026-07-17 19:58:21.378   468  1337 I C01631/GaussPD:  [0] [ADAPTER] [140151202183936] Not support binlog_default.writeLock file enable del monitor sysno = 25
CST 2026-07-17 19:58:21.378   468  1337 I C01631/GaussPD:  [0] [ADAPTER] [140151202183936] Not support binlog_default.writeLock file enable del monitor sysno = 25
CST 2026-07-17 19:58:21.378   468  1337 I C01631/GaussPD:  [0] [ADAPTER] [140151202183936] Not support binlog_default.writeLock file enable del monitor sysno = 25
CST 2026-07-17 19:58:21.379   468  1337 I C01631/GaussPD:  [0] [ADAPTER] [140151202183936] Not support binlog_default.writeLock file enable del monitor sysno = 25
CST 2026-07-17 19:58:21.379   468  1337 I C01631/GaussPD:  [0] [ADAPTER] [140151202183936] Not support binlog_default.writeIndex file enable del monitor sysno = 25
CST 2026-07-17 19:58:21.379   468  1337 I C01631/GaussPD:  [0] [ADAPTER] [140151202183936] Not support binlog_default.writeIndex file enable del monitor sysno = 25
CST 2026-07-17 19:58:21.379   468  1337 I C01651/DataShareServiceStub: OnUpdateEx: Update uri:******t_observer, e:0, s:1
CST 2026-07-17 19:58:21.385   468  1337 E C01707/CONCUR: [Interface] task 1337 apply qos failed, errno = 4
CST 2026-07-17 19:58:21.385   468  1337 E C01611/QosManager: QosManager: Failed to set thread QoS to QOS_USER_INTERACTIVE, ret: -1
CST 2026-07-17 19:58:21.385   468  1337 I C01651/DataShareServiceStub: OnRemoteRequest: code:14, callingPid:201
CST 2026-07-17 19:58:21.385   201   918 E C01d00/accessibility: [(CheckExtProxyStatus:820)]Extension Proxy is not load
CST 2026-07-17 19:58:21.385   201   918 I C01d00/accessibility: [(GetAccessibilityState:115)]EnabledState[1], TouchGuideState[0], KeyEventObserverState[0], GestureState[0], ScreenReaderState[0], SingleClickMode[0], AnimationOffState[0], AudioMonoState[0], FlashReminderSwitch[0]
CST 2026-07-17 19:58:21.386   201   918 W C01651/call_reporter: Count: Call the threshold, func: Update, first:32318ms, now:146245ms, uri:******essibility
CST 2026-07-17 19:58:21.391   468  1337 E C01707/CONCUR: [Interface] task 1337 apply qos failed, errno = 4
CST 2026-07-17 19:58:21.391   468  1337 E C01611/QosManager: QosManager: Failed to set thread QoS to QOS_USER_INTERACTIVE, ret: -1
CST 2026-07-17 19:58:21.391   468  1337 I C01651/DataShareServiceStub: OnRemoteRequest: code:21, callingPid:201
CST 2026-07-17 19:58:21.392   468  1337 I C01631/GaussPD:  [0] [ADAPTER] [140151202183936] Not support binlog_default.writeLock file enable del monitor sysno = 25
CST 2026-07-17 19:58:21.392   468  1337 I C01631/GaussPD:  [0] [ADAPTER] [140151202183936] Not support binlog_default.writeLock file enable del monitor sysno = 25
CST 2026-07-17 19:58:21.392   468  1337 I C01631/GaussPD:  [0] [ADAPTER] [140151202183936] Not support binlog_default.writeLock file enable del monitor sysno = 25
CST 2026-07-17 19:58:21.392   468  1337 I C01631/GaussPD:  [0] [ADAPTER] [140151202183936] Not support binlog_default.writeLock file enable del monitor sysno = 25
CST 2026-07-17 19:58:21.392   468  1337 I C01631/GaussPD:  [0] [ADAPTER] [140151202183936] Not support binlog_default.writeIndex file enable del monitor sysno = 25
CST 2026-07-17 19:58:21.392   468  1337 I C01631/GaussPD:  [0] [ADAPTER] [140151202183936] Not support binlog_default.writeIndex file enable del monitor sysno = 25
CST 2026-07-17 19:58:21.393   468  1337 I C01651/DataShareServiceStub: OnUpdateEx: Update uri:******essibility, e:0, s:1
CST 2026-07-17 19:58:21.399   468  1337 E C01707/CONCUR: [Interface] task 1337 apply qos failed, errno = 4
CST 2026-07-17 19:58:21.399   468  1337 E C01611/QosManager: QosManager: Failed to set thread QoS to QOS_USER_INTERACTIVE, ret: -1
CST 2026-07-17 19:58:21.399   468  1337 I C01651/DataShareServiceStub: OnRemoteRequest: code:14, callingPid:201
CST 2026-07-17 19:58:21.399   201   918 I C01d00/accessibility: [(OnStateObservers:3654)]state is 0
CST 2026-07-17 19:58:21.399  1612  2927 I C01d02/accessibility_asacfwk: [(NotifyStateChanged:705)]observers size is 1
CST 2026-07-17 19:58:21.399  1612  2927 I C01d10/accessibility_napi: [(OnStateChanged:1885)]
CST 2026-07-17 19:58:21.399  2207  2209 I C01d02/accessibility_asacfwk: [(NotifyStateChanged:705)]observers size is 1
CST 2026-07-17 19:58:21.399  1612  2927 I C01d02/accessibility_asacfwk: [(NotifyStateChanged:705)]observers size is 0
CST 2026-07-17 19:58:21.399  1522  2235 I C01d02/accessibility_asacfwk: [(NotifyStateChanged:705)]observers size is 2
CST 2026-07-17 19:58:21.399  1522  2235 I C01d10/accessibility_napi: [(OnStateChanged:1885)]
CST 2026-07-17 19:58:21.399  4125  4684 I C01d02/accessibility_asacfwk: [(NotifyStateChanged:705)]observers size is 1
CST 2026-07-17 19:58:21.399  2207  2209 I C01d02/accessibility_asacfwk: [(NotifyStateChanged:705)]observers size is 1
CST 2026-07-17 19:58:21.399  1522  2235 I C01d02/accessibility_asacfwk: [(NotifyStateChanged:705)]observers size is 1
CST 2026-07-17 19:58:21.399  4125  4684 I C01d02/accessibility_asacfwk: [(NotifyStateChanged:705)]observers size is 1
CST 2026-07-17 19:58:21.399  4125  4125 I C01d02/accessibility_asacfwk: [(DeregisterElementOperator:467)]Deregister windowId[30] start
CST 2026-07-17 19:58:21.399  1522  1522 I C01d02/accessibility_asacfwk: [(DeregisterElementOperator:467)]Deregister windowId[1] start
CST 2026-07-17 19:58:21.399  1522  1522 I C0392a/AceUiExtensionComponent: [(-2:100000:singleton)] [@1879][ID: 1] deregister accessibility child tree
CST 2026-07-17 19:58:21.399  2207  2207 I C01d02/accessibility_asacfwk: [(DeregisterElementOperator:486)]Deregister windowId[1] treeId[9] start
CST 2026-07-17 19:58:21.405   468  1337 E C01707/CONCUR: [Interface] task 1337 apply qos failed, errno = 4
CST 2026-07-17 19:58:21.405   468  1337 E C01611/QosManager: QosManager: Failed to set thread QoS to QOS_USER_INTERACTIVE, ret: -1
CST 2026-07-17 19:58:21.405   468  1337 I C01651/DataShareServiceStub: OnRemoteRequest: code:21, callingPid:201
CST 2026-07-17 19:58:21.406   468  1337 I C01631/GaussPD:  [0] [ADAPTER] [140151202183936] Not support binlog_default.writeLock file enable del monitor sysno = 25
CST 2026-07-17 19:58:21.406   468  1337 I C01631/GaussPD:  [0] [ADAPTER] [140151202183936] Not support binlog_default.writeLock file enable del monitor sysno = 25
CST 2026-07-17 19:58:21.406   468  1337 I C01631/GaussPD:  [0] [ADAPTER] [140151202183936] Not support binlog_default.writeLock file enable del monitor sysno = 25
CST 2026-07-17 19:58:21.406   468  1337 I C01631/GaussPD:  [0] [ADAPTER] [140151202183936] Not support binlog_default.writeLock file enable del monitor sysno = 25
CST 2026-07-17 19:58:21.406   468  1337 I C01631/GaussPD:  [0] [ADAPTER] [140151202183936] Not support binlog_default.writeIndex file enable del monitor sysno = 25
CST 2026-07-17 19:58:21.406   468  1337 I C01631/GaussPD:  [0] [ADAPTER] [140151202183936] Not support binlog_default.writeIndex file enable del monitor sysno = 25
CST 2026-07-17 19:58:21.406   468  1337 I C01651/DataShareServiceStub: OnUpdateEx: Update uri:******lity_state, e:0, s:1
CST 2026-07-17 19:58:21.412   468  1337 E C01707/CONCUR: [Interface] task 1337 apply qos failed, errno = 4
CST 2026-07-17 19:58:21.412   468  1337 E C01611/QosManager: QosManager: Failed to set thread QoS to QOS_USER_INTERACTIVE, ret: -1
CST 2026-07-17 19:58:21.412   468  1337 I C01651/DataShareServiceStub: OnRemoteRequest: code:14, callingPid:201
CST 2026-07-17 19:58:21.413   201   918 I C01d00/accessibility: [(Unregister:76)]unregister shortcut key, last subscribeId is 17
CST 2026-07-17 19:58:21.413   201   918 I C02800/InputManagerImpl: [][UnsubscribeKeyEvent:404] enter
CST 2026-07-17 19:58:21.413   201   918 I C02800/KeyEventInputSubscribeManager: [][UnsubscribeKeyEvent:202] enter
CST 2026-07-17 19:58:21.413   251   264 I C02800/MMIService: [][UnsubscribeKeyEvent:2540] enter
CST 2026-07-17 19:58:21.413   251   516 I C02802/KeySubscriberHandler: [|172]SubscribeId:17, pid:201
CST 2026-07-17 19:58:21.413   251   516 I C02800/KeySubscriberHandler: [][RemoveKeyGestureSubscriber:243] enter
CST 2026-07-17 19:58:21.413   251   516 I C02802/KeySubscriberHandler: [|253]Removing handler(22) of key gesture
CST 2026-07-17 19:58:21.413   251   516 I C02802/KeyGestureManager: [|107]Handler(22) of key gesture was removed
CST 2026-07-17 19:58:21.413   251   516 I C02800/KeySubscriberHandler: [][RemoveKeyGestureSubscriber] leave
CST 2026-07-17 19:58:21.413   251   264 I C02800/MMIService: [][UnsubscribeKeyEvent] leave
CST 2026-07-17 19:58:21.413   201   918 I C02800/KeyEventInputSubscribeManager: [][UnsubscribeKeyEvent] leave
CST 2026-07-17 19:58:21.413   201   918 I C02800/InputManagerImpl: [][UnsubscribeKeyEvent] leave
CST 2026-07-17 19:58:21.413   201   918 I C01d00/accessibility: [(Register:57)]
CST 2026-07-17 19:58:21.413   201   918 I C02800/InputManagerImpl: [][SubscribeKeyEvent:385] enter
CST 2026-07-17 19:58:21.413   251   516 I C02800/KeyGestureManager: [][ShouldIntercept:461] enter
CST 2026-07-17 19:58:21.413   251   516 I C02800/KeyGestureManager: [][ShouldIntercept] leave
CST 2026-07-17 19:58:21.413   251   516 I C02800/KeySubscriberHandler: [][AddKeyGestureSubscriber:218] enter
CST 2026-07-17 19:58:21.413   251   516 I C02802/KeySubscriberHandler: [|229]Handler(23) of key gesture was added
CST 2026-07-17 19:58:21.413   251   516 I C02800/KeySubscriberHandler: [][AddKeyGestureSubscriber] leave
CST 2026-07-17 19:58:21.413   201   918 I C02800/InputManagerImpl: [][SubscribeKeyEvent] leave
CST 2026-07-17 19:58:21.414   201   918 I C01d00/accessibility: [(operator():1340)]Deregister windowId[30]
CST 2026-07-17 19:58:21.414   201   918 I C01d00/accessibility: [(StopCallbackWait:4196)]StopCallbackWait start windowId: 30
CST 2026-07-17 19:58:21.414   201   918 I C01d00/accessibility: [(RemoveAccessibilityWindowConnection:333)]windowId(30)
CST 2026-07-17 19:58:21.414   201   918 I C01d00/accessibility: [(operator():1340)]Deregister windowId[1]
CST 2026-07-17 19:58:21.414   201   918 I C01d00/accessibility: [(StopCallbackWait:4196)]StopCallbackWait start windowId: 1
CST 2026-07-17 19:58:21.414   201   918 I C01d00/accessibility: [(RemoveAccessibilityWindowConnection:333)]windowId(1)
CST 2026-07-17 19:58:21.414   201   918 I C01d00/accessibility: [(ClearSceneBoard:1354)]
CST 2026-07-17 19:58:21.414   201   918 I C01d00/accessibility: [(operator():1386)]Deregister windowId[1], treeId[9] start
CST 2026-07-17 19:58:21.414   201   918 W C01d00/accessibility: [(operator():1395)]The operation of windowId[1] has not been registered.
CST 2026-07-17 19:58:21.420  4749  4749 W C02c02/PARAM: Selinux check name persist.init.debug.loglevel in u:object_r:startup_init_param:s0 [4749 2000 2000] failed
CST 2026-07-17 19:58:21.420  4749  4749 W C02c02/PARAM: Selinux check name persist.init.debug.loglevel in u:object_r:startup_init_param:s0 [4749 2000 2000] failed
CST 2026-07-17 19:58:21.420  4749  4749 W C02c02/PARAM: SystemReadParam failed!name is:persist.init.debug.loglevel,err:1002
CST 2026-07-17 19:58:21.427  4751  4751 W C02c02/PARAM: Selinux check name persist.init.debug.loglevel in u:object_r:startup_init_param:s0 [4751 2000 2000] failed
CST 2026-07-17 19:58:21.427  4751  4751 W C02c02/PARAM: Selinux check name persist.init.debug.loglevel in u:object_r:startup_init_param:s0 [4751 2000 2000] failed
CST 2026-07-17 19:58:21.427  4752  4752 W C02c02/PARAM: Selinux check name persist.init.debug.loglevel in u:object_r:startup_init_param:s0 [4752 2000 2000] failed
CST 2026-07-17 19:58:21.427  4752  4752 W C02c02/PARAM: Selinux check name persist.init.debug.loglevel in u:object_r:startup_init_param:s0 [4752 2000 2000] failed
CST 2026-07-17 19:58:21.427  4751  4751 W C02c02/PARAM: SystemReadParam failed!name is:persist.init.debug.loglevel,err:1002
CST 2026-07-17 19:58:21.427  4753  4753 W C02c02/PARAM: Selinux check name persist.init.debug.loglevel in u:object_r:startup_init_param:s0 [4753 2000 2000] failed
CST 2026-07-17 19:58:21.427  4752  4752 W C02c02/PARAM: SystemReadParam failed!name is:persist.init.debug.loglevel,err:1002
CST 2026-07-17 19:58:21.427  4753  4753 W C02c02/PARAM: Selinux check name persist.init.debug.loglevel in u:object_r:startup_init_param:s0 [4753 2000 2000] failed
CST 2026-07-17 19:58:21.427  4753  4753 W C02c02/PARAM: SystemReadParam failed!name is:persist.init.debug.loglevel,err:1002
CST 2026-07-17 19:58:21.435  4755  4755 W C02c02/PARAM: Selinux check name persist.init.debug.loglevel in u:object_r:startup_init_param:s0 [4755 2000 2000] failed
CST 2026-07-17 19:58:21.435  4755  4755 W C02c02/PARAM: Selinux check name persist.init.debug.loglevel in u:object_r:startup_init_param:s0 [4755 2000 2000] failed
CST 2026-07-17 19:58:21.435  4754  4754 W C02c02/PARAM: Selinux check name persist.init.debug.loglevel in u:object_r:startup_init_param:s0 [4754 2000 2000] failed
CST 2026-07-17 19:58:21.435  4754  4754 W C02c02/PARAM: Selinux check name persist.init.debug.loglevel in u:object_r:startup_init_param:s0 [4754 2000 2000] failed
CST 2026-07-17 19:58:21.435  4755  4755 W C02c02/PARAM: SystemReadParam failed!name is:persist.init.debug.loglevel,err:1002
CST 2026-07-17 19:58:21.435  4754  4754 W C02c02/PARAM: SystemReadParam failed!name is:persist.init.debug.loglevel,err:1002
CST 2026-07-17 19:58:21.438  4757  4757 W C02c02/PARAM: Selinux check name persist.init.debug.loglevel in u:object_r:startup_init_param:s0 [4757 2000 2000] failed
CST 2026-07-17 19:58:21.438  4757  4757 W C02c02/PARAM: Selinux check name persist.init.debug.loglevel in u:object_r:startup_init_param:s0 [4757 2000 2000] failed
CST 2026-07-17 19:58:21.438  4757  4757 W C02c02/PARAM: SystemReadParam failed!name is:persist.init.debug.loglevel,err:1002
CST 2026-07-17 19:58:21.445  4757  4757 W C02c02/PARAM: Selinux check name persist.init.debug.loglevel in u:object_r:startup_init_param:s0 [4757 2000 2000] failed
CST 2026-07-17 19:58:21.445  4757  4757 W C02c02/PARAM: Selinux check name persist.init.debug.loglevel in u:object_r:startup_init_param:s0 [4757 2000 2000] failed
CST 2026-07-17 19:58:21.445  4757  4757 W C02c02/PARAM: SystemReadParam failed!name is:persist.init.debug.loglevel,err:1002
CST 2026-07-17 19:58:21.548  4760  4760 W C02c02/PARAM: Selinux check name persist.init.debug.loglevel in u:object_r:startup_init_param:s0 [4760 2000 2000] failed
CST 2026-07-17 19:58:21.548  4760  4760 W C02c02/PARAM: Selinux check name persist.init.debug.loglevel in u:object_r:startup_init_param:s0 [4760 2000 2000] failed
CST 2026-07-17 19:58:21.548  4760  4760 W C02c02/PARAM: SystemReadParam failed!name is:persist.init.debug.loglevel,err:1002
CST 2026-07-17 19:58:21.667  4763  4763 W C02c02/PARAM: Selinux check name persist.init.debug.loglevel in u:object_r:startup_init_param:s0 [4763 2000 2000] failed
CST 2026-07-17 19:58:21.667  4763  4763 W C02c02/PARAM: Selinux check name persist.init.debug.loglevel in u:object_r:startup_init_param:s0 [4763 2000 2000] failed
CST 2026-07-17 19:58:21.667  4763  4763 W C02c02/PARAM: SystemReadParam failed!name is:persist.init.debug.loglevel,err:1002
CST 2026-07-17 19:58:21.674  4765  4765 W C02c02/PARAM: Selinux check name persist.init.debug.loglevel in u:object_r:startup_init_param:s0 [4765 2000 2000] failed
CST 2026-07-17 19:58:21.674  4765  4765 W C02c02/PARAM: Selinux check name persist.init.debug.loglevel in u:object_r:startup_init_param:s0 [4765 2000 2000] failed
CST 2026-07-17 19:58:21.674  4765  4765 W C02c02/PARAM: SystemReadParam failed!name is:persist.init.debug.loglevel,err:1002
CST 2026-07-17 19:58:21.681  4766  4766 W C02c02/PARAM: Selinux check name persist.init.debug.loglevel in u:object_r:startup_init_param:s0 [4766 2000 2000] failed
CST 2026-07-17 19:58:21.681  4766  4766 W C02c02/PARAM: Selinux check name persist.init.debug.loglevel in u:object_r:startup_init_param:s0 [4766 2000 2000] failed
CST 2026-07-17 19:58:21.681  4766  4766 W C02c02/PARAM: SystemReadParam failed!name is:persist.init.debug.loglevel,err:1002
CST 2026-07-17 19:58:21.681  4760  4760 W C02c02/PARAM: Selinux check name debug.dfx.tags.enableleak in u:object_r:debug_param:s0 [4760 2000 2000] failed
CST 2026-07-17 19:58:21.681  4760  4760 W C02c02/PARAM: SystemReadParam failed!name is:debug.dfx.tags.enableleak,err:1002
CST 2026-07-17 19:58:21.689  4760  4760 W C02c02/PARAM: Selinux check name persist.graphic.profiler.enabled in u:object_r:debug_param:s0 [4760 2000 2000] failed
CST 2026-07-17 19:58:21.689  4760  4760 E C02c02/PARAM: Forbid to read parameter persist.graphic.profiler.enabled
CST 2026-07-17 19:58:21.689  4760  4760 E C02c02/PARAM: Forbid to access parameter persist.graphic.profiler.enabled
CST 2026-07-17 19:58:21.689  4760  4760 W C02c02/PARAM: Selinux check name persist.graphic.profiler.betarecording in u:object_r:debug_param:s0 [4760 2000 2000] failed
CST 2026-07-17 19:58:21.689  4760  4760 E C02c02/PARAM: Forbid to read parameter persist.graphic.profiler.betarecording
CST 2026-07-17 19:58:21.689  4760  4760 E C02c02/PARAM: Forbid to access parameter persist.graphic.profiler.betarecording
CST 2026-07-17 19:58:21.690  4760  4760 I C03100/UiTestKit_Server: [system_ui_controller.cpp:(SetItemByType)] Add touchItem, finger:0, pressed:1, location:950, 1721
CST 2026-07-17 19:58:21.690  4760  4767 W C057c1/IPCWorkThread: ThreadHandler: proto:0 policy:1 name:OS_IPC_0_4767 invoker:12475232
CST 2026-07-17 19:58:21.691  4760  4768 W C057c1/IPCWorkThread: ThreadHandler: proto:0 policy:0 name:OS_IPC_1_4768 invoker:12475808
CST 2026-07-17 19:58:21.691  4760  4760 W C04201/DMS: RegisterClientDeathListener: regis reverse death
CST 2026-07-17 19:58:21.691  4760  4760 I C04201/DMS: RegisterClientDeathListener: ENTER
CST 2026-07-17 19:58:21.691   770   800 E C04200/WMS: UpdateBundleInfo: Failed
CST 2026-07-17 19:58:21.692   770   800 W C04201/DMS: screen_session.cpp: call BMS
CST 2026-07-17 19:58:21.692   770   800 I C04201/DMS: screen_session.cpp: pid:0, bundle:, api:0
CST 2026-07-17 19:58:21.692  4760  4760 I C02800/InputManagerImpl: [|1254]Pointer event action:2
CST 2026-07-17 19:58:21.692  4760  4760 I C02802/MultimodalEventHandler: [|252]PI:10000, IP:1, P:0.00, MF:-1, WI:-1, OPI:0, SI:true, A:0
CST 2026-07-17 19:58:21.719  4760  4760 E C057c6/BinderInvoker: GetDetailedErrorInfo: HMB_GET_DETAILED_ERROR failed, error:-22
CST 2026-07-17 19:58:21.719  4760  4760 E C057c2/IPCObjectProxy: PrintErrorDetailedInfo: failed, handle:2 error:29201 desc:*.IMultimodalInputConnect proxy:11918640 time:146579973080
CST 2026-07-17 19:58:21.720  4760  4760 E C02801/MultimodalInputConnect: Send request failed! result = 29201
CST 2026-07-17 19:58:21.720   251   516 I C02805/InputKeyFlow: [P:D:212|6036]PA:down,Pid:4125,TWI:30,FWI:30,EID:212,flags:0,DID:0AWI:30,zOrder:102.000000
CST 2026-07-17 19:58:21.720   251   516 I C02802/InputActiveSubscriberHandler: [P:D:212|317]0|10000|697
CST 2026-07-17 19:58:21.720   251   516 I C02805/InputKeyFlow: [P:D:212|621]SendMsg:4125
CST 2026-07-17 19:58:21.721  4125  4125 I C02805/InputKeyFlow: [P:D:212|247]ac: down: 212
CST 2026-07-17 19:58:21.721  4125  4125 I C02805/InputKeyFlow: [P:D:212|649]recv
CST 2026-07-17 19:58:21.721  4125  4125 I C04213/InputKeyFlow: HandleInputEvent: eid:0,InputId:212,wid:30,ac:2
CST 2026-07-17 19:58:21.721   286   288 E C01700/RSS: [a92aba18ddb0008] DeliverResource, PluginMgr resType 1002 no lib register!
CST 2026-07-17 19:58:21.721   305  4668 E C01704/TagSched: [a92aba18ddb0008] [ExecutorCheckTidIsInPid][Executor] ExecutorCheckTidIsInPid get reply is invalied
CST 2026-07-17 19:58:21.721   305  4668 I C01704/TagSched: [a92aba18ddb0008] [SetQosRealtimeTask]ThreadModifyQos,setQos 769 tid[3325],  qos[7]
CST 2026-07-17 19:58:21.721   305  4668 E C01704/TagSched: [a92aba18ddb0008] [OpenQosCtrl]Failed to open qos_ctrl device
CST 2026-07-17 19:58:21.721   305  4668 E C01704/TagSched: [a92aba18ddb0008] [IsQosHandleOpen]get qosSetHandle_ fail
CST 2026-07-17 19:58:21.721   305  4668 E C01704/TagSched: [a92aba18ddb0008] [SetQosInternal]qosSetHandle open fail
CST 2026-07-17 19:58:21.721   305  4668 E C01704/TagSched: [a92aba18ddb0008] [OpenQosCtrl]Failed to open qos_ctrl device
CST 2026-07-17 19:58:21.721   305  4668 E C01704/TagSched: [a92aba18ddb0008] [IsQosHandleOpen]get qosSetHandle_ fail
CST 2026-07-17 19:58:21.721   305  4668 E C01704/TagSched: [a92aba18ddb0008] [SetQosInternal]qosSetHandle open fail
CST 2026-07-17 19:58:21.721   305  4668 E C01704/TagSched: [a92aba18ddb0008] [OpenQosCtrl]Failed to open qos_ctrl device
CST 2026-07-17 19:58:21.721   305  4668 E C01704/TagSched: [a92aba18ddb0008] [IsQosHandleOpen]get qosSetHandle_ fail
CST 2026-07-17 19:58:21.721   305  4668 E C01704/TagSched: [a92aba18ddb0008] [SetQosInternal]qosSetHandle open fail
CST 2026-07-17 19:58:21.721   305  4668 E C01704/TagSched: [a92aba18ddb0008] [OpenQosCtrl]Failed to open qos_ctrl device
CST 2026-07-17 19:58:21.721   305  4668 E C01704/TagSched: [a92aba18ddb0008] [IsQosHandleOpen]get qosSetHandle_ fail
CST 2026-07-17 19:58:21.721   305  4668 E C01704/TagSched: [a92aba18ddb0008] [SetQosInternal]qosSetHandle open fail
CST 2026-07-17 19:58:21.721   305  4668 E C01704/TagSched: [a92aba18ddb0008] [OpenQosCtrl]Failed to open qos_ctrl device
CST 2026-07-17 19:58:21.721   305  4668 E C01704/TagSched: [a92aba18ddb0008] [IsQosHandleOpen]get qosSetHandle_ fail
CST 2026-07-17 19:58:21.721   305  4668 E C01704/TagSched: [a92aba18ddb0008] [SetQosInternal]qosSetHandle open fail
CST 2026-07-17 19:58:21.721   305  4668 E C01704/TagSched: [a92aba18ddb0008] [OpenQosCtrl]Failed to open qos_ctrl device
CST 2026-07-17 19:58:21.721   305  4668 E C01704/TagSched: [a92aba18ddb0008] [IsQosHandleOpen]get qosSetHandle_ fail
CST 2026-07-17 19:58:21.721   305  4668 E C01704/TagSched: [a92aba18ddb0008] [SetQosInternal]qosSetHandle open fail
CST 2026-07-17 19:58:21.721   305  4668 E C01704/TagSched: [a92aba18ddb0008] [OpenQosCtrl]Failed to open qos_ctrl device
CST 2026-07-17 19:58:21.721   305  4668 E C01704/TagSched: [a92aba18ddb0008] [IsQosHandleOpen]get qosSetHandle_ fail
CST 2026-07-17 19:58:21.721   305  4668 E C01704/TagSched: [a92aba18ddb0008] [SetQosInternal]qosSetHandle open fail
CST 2026-07-17 19:58:21.721  4125  4125 I C03951/InputKeyFlow: [(100000:100000:scope)] ITK Id:212, fId:10000, T:0, I=0, M=0
CST 2026-07-17 19:58:21.722  4125  4125 I C03951/InputKeyFlow: [(100000:100000:scope)] ITK Id:212, TTHNI:fId: 10000{ T: Button, D: 7 };
CST 2026-07-17 19:58:21.722  4125  4125 I C03951/InputKeyFlow: [(100000:100000:scope)] ITK Id:212, TTHRTI: T ClickRecognizer info: { T: Button };
CST 2026-07-17 19:58:21.722  4125  4125 I C03945/AceStateStyle: [(100000:100000:scope)] Handle TouchDown event node: Button
CST 2026-07-17 19:58:21.722  1522  1522 I A04215/WMSHierarchy: request top id: 30, 5
CST 2026-07-17 19:58:21.722   146   192 E C02c03/PARAM_WATCHER: [watcher_manager.cpp:163]app not have permission watch param:persist.rosen.animationtrace.enabled uid:20020062 pid:4125
CST 2026-07-17 19:58:21.722  1522  1522 I A04215/WMSHierarchy: onRaiseSceneToTop with persistentId:30
CST 2026-07-17 19:58:21.722  4125  4125 E C02c03/PARAM_WATCHER: Read result failed, code is: 1.
CST 2026-07-17 19:58:21.722  4125  4125 E C02c03/PARAM_WATCHER: Failed to add watcher for persist.rosen.animationtrace.enabled
CST 2026-07-17 19:58:21.722  4125  4125 I C02c03/PARAM_WATCHER: [watcher_manager_kits.cpp:276]ParamWatcher destructor start
CST 2026-07-17 19:58:21.722  4125  4125 E C02c03/PARAM_WATCHER: SystemWatchParameter is failed!keyPrefix is:persist.rosen.animationtrace.enabled,errNum is:-1
CST 2026-07-17 19:58:21.722  4125  4125 E C02c0b/BEGET: [service_watcher.c:85]WatchParameter failed! the errNum is -1
CST 2026-07-17 19:58:21.722  1522  1522 I A04200/WINDOW: SCBSPVM: getSceneContainerSessionWithPersistentId from containerSessionList id: 30
CST 2026-07-17 19:58:21.722   146   192 I C02c03/PARAM_WATCHER: SendLocalChange start keyPrefix sys.graphic.openTestModeTrace remoteWatcherId 57
CST 2026-07-17 19:58:21.723  1522  1522 I A04200/WINDOW: SCBSPM: Remove container id: 2, 30
CST 2026-07-17 19:58:21.723  1522  1522 I A01b09/RECENT: RecentDockRefreshAlarm: start alarm recent dock: EntryAbility/cn.alfadb.netbird.e3vpna/entry/0(persistentId: 30)(containerId: 2)
CST 2026-07-17 19:58:21.723   146   192 I C02c03/PARAM_WATCHER: [watcher_manager.cpp:187]Add watcher sys.graphic.openTestModeTrace remoteWatcherId: 57 groupId 84 success
CST 2026-07-17 19:58:21.723  4125  4125 I C02c03/PARAM_WATCHER: Add watcher keyPrefix sys.graphic.openTestModeTrace remoteWatcherId 57 success
CST 2026-07-17 19:58:21.723  4125  4125 I C03919/AceInputTracking: [(100000:100000:scope)] Consumed id:212, last id:-1
CST 2026-07-17 19:58:21.723  4125  4125 I C04213/InputKeyFlow: ConsumePointerEventInner: InputId:212,wid:30,pointId:10000,srcType:2,rect:[0,0,1320,2856],notify:1
CST 2026-07-17 19:58:21.732   769   769 E C01406/RSScreenManager: IsAllScreensPowerOff: screenPowerStatus_ is empty.
CST 2026-07-17 19:58:21.749   769   769 E C01406/RSScreenManager: IsAllScreensPowerOff: screenPowerStatus_ is empty.
CST 2026-07-17 19:58:21.763   697  1723 I C02986/DisplayPowerBrightness: lux=[0/145867, 0/146013, 0/146186, 0/146332, 0/146477, 0/146623, ], bDelta=5.000000, dDelta=1.000000, size=70
CST 2026-07-17 19:58:21.821  4760  4760 I C03100/UiTestKit_Server: [system_ui_controller.cpp:(SetItemByType)] Add touchItem, finger:0, pressed:0, location:950, 1721
CST 2026-07-17 19:58:21.821  4760  4760 I C02800/InputManagerImpl: [|1254]Pointer event action:4
CST 2026-07-17 19:58:21.821  4760  4760 I C02802/MultimodalEventHandler: [|252]PI:10000, IP:0, P:0.00, MF:-1, WI:-1, OPI:0, SI:true, A:0
CST 2026-07-17 19:58:21.821   251   516 I C02805/InputKeyFlow: [P:U:213|6036]PA:up,Pid:4125,TWI:30,FWI:30,EID:213,flags:0,DID:0AWI:30,zOrder:102.000000
CST 2026-07-17 19:58:21.822   251   516 I C02805/InputKeyFlow: [P:U:213|621]SendMsg:4125
CST 2026-07-17 19:58:21.823  4125  4125 I C02805/InputKeyFlow: [P:U:213|247]ac: up: 213
CST 2026-07-17 19:58:21.823  4125  4125 I C02805/InputKeyFlow: [P:U:213|649]recv
CST 2026-07-17 19:58:21.823  4125  4125 I C04213/InputKeyFlow: HandleInputEvent: eid:1,InputId:213,wid:30,ac:4
CST 2026-07-17 19:58:21.823  1522  1522 I A01b09/RECENT: RecentDockRefreshAlarm: refresh recent dock: EntryAbility/cn.alfadb.netbird.e3vpna/entry/0(persistentId: 30)(containerId: 2)
CST 2026-07-17 19:58:21.824  4125  4125 I C03951/InputKeyFlow: [(100000:100000:scope)] ITK Id:213, fId:10000, T:1, I=0, M=0
CST 2026-07-17 19:58:21.824   162  1325 I C02d66/XPERF_SERVICE: [NotifyToXperf]: XperfServiceServer_NotifyToXperf domainId:6 eventId:0 msg:#TYPE:LAST_UP#TIME:1784289501823#BUNDLE_NAME:cn.alfadb.netbird.e3vpna#PID:4125
CST 2026-07-17 19:58:21.824  4125  4125 I C03934/AceUIEvent: [(100000:100000:scope)] TpFlush end by up event
CST 2026-07-17 19:58:21.824  4125  4125 I C03945/AceStateStyle: [(100000:100000:scope)] Handle TouchUp or Cancel event node: Button
CST 2026-07-17 19:58:21.824  4125  4125 I C0391e/AceGesture: [(100000:100000:scope)] Click try accept Button
CST 2026-07-17 19:58:21.824  4125  4125 I C03951/InputKeyFlow: [(100000:100000:scope)] CLK RACC, T: Button
CST 2026-07-17 19:58:21.825   305   550 E C01704/TagSched: [a92abd18ddc96a8] [OpenQosCtrl]Failed to open qos_ctrl device
CST 2026-07-17 19:58:21.825   305   550 E C01704/TagSched: [a92abd18ddc96a8] [IsQosHandleOpen]get qosSetHandle_ fail
CST 2026-07-17 19:58:21.825   305   550 E C01704/TagSched: [a92abd18ddc96a8] [SetUclamp]qosSetHandle open fail
CST 2026-07-17 19:58:21.825   770   800 I C057c2/IPCObjectProxy: hd:315 ct:1 D:
CST 2026-07-17 19:58:21.825  4125  4125 I A02900/E3VpnGate: UI_STOP|bundle=cn.alfadb.netbird.e3vpna|requestId=cn.alfadb.netbird.e3vpna-stop-1784289501825-1
CST 2026-07-17 19:58:21.826   143   193 I C01800/SAMGR: SubscribeSA:3702,4125_20_3
CST 2026-07-17 19:58:21.826   143   193 I C01800/SAMGR: NotifyAddSA:3702,4125_3
CST 2026-07-17 19:58:21.826  4125  4684 W C01c41/TimeClient: OnAddSystemAbility# recoverTimer count:0
CST 2026-07-17 19:58:21.826   143   193 I C01800/SAMGR: SubscribeSA:1155,4125_5_4
CST 2026-07-17 19:58:21.827   143   193 I C01800/SAMGR: NotifyAddSA:1155,4125_4
CST 2026-07-17 19:58:21.828   770   800 W C01650/RdbStoreManager: IsConfigInvalidChanged:no bundleName
CST 2026-07-17 19:58:21.828   770   800 E C01650/SilentProxy: IsSupportSilentFromService:GetRdbService failed, err is 27394049.
CST 2026-07-17 19:58:21.829   770   800 I C01650/SqliteConnection: CreateSlaveConnection:slave cfg:[0,1,0,0,1,0,0]bun***.db:<DB,0xc81f7,10997760,100660><DWR,0xc81f8,12288,100660><SHM,0xc81fa,32768,100660><WAL,0xc81f9,0,100660> master:<DB,0xc81f1,10997760,100660><DWR,0xc81f2,12288,100660><SHM,0xc81f4,32768,100660><WAL,0xc81f3,0,100660>,[1,0,0,0,1]
CST 2026-07-17 19:58:21.829   770   800 I C01650/SqliteConnection: SetBinlog:binlog: open /***/el1/***/bun***.db
CST 2026-07-17 19:58:21.830   770   800 I C01631/GaussPD:  [0] [ADAPTER] [140285309524736] Not support binlog_default.readIndex file enable del monitor sysno = 25
CST 2026-07-17 19:58:21.830   770   800 I C01631/GaussPD:  [0] [ADAPTER] [140285309524736] Not support binlog_default.writeIndex file enable del monitor sysno = 25
CST 2026-07-17 19:58:21.830   770   800 I C01650/ConnectionPool: Create:code:0 app[:] area[el1] cfg[0,1,0,0,1,0,0]bun***.db:<DB,0xc81f1,10997760,100660><DWR,0xc81f2,12288,100660><SHM,0xc81f4,32768,100660><WAL,0xc81f3,0,100660>, pathSize:63
CST 2026-07-17 19:58:21.831   770   800 W C01650/RdbStoreImpl: ExchangeSlaverToMaster:exchange st:3, bun***.db,
CST 2026-07-17 19:58:21.831   770   800 I C01120/BMS: rdb open
CST 2026-07-17 19:58:21.831   770   800 I C01120/BMS: icon rdb get resource icon start -n cn.alfadb.netbird.e3vpna -i 0 -f 1
CST 2026-07-17 19:58:21.831   770  4770 I C01650/SqliteConnection: CreateSlaveConnection:slave cfg:[0,1,0,0,1,0,0]bun***.db:<DB,0xc81f7,10997760,100660><DWR,0xc81f8,12288,100660><SHM,0xc81fa,32768,100660><WAL,0xc81f9,0,100660> master:<DB,0xc81f1,10997760,100660><DWR,0xc81f2,12288,100660><SHM,0xc81f4,32768,100660><WAL,0xc81f3,0,100660>,[1,0,0,0,1]
CST 2026-07-17 19:58:21.831   770   800 W C01650/RdbStoreManager: IsConfigInvalidChanged:no bundleName
CST 2026-07-17 19:58:21.831   770   800 E C01650/SilentProxy: IsSupportSilentFromService:GetRdbService failed, err is 27394049.
CST 2026-07-17 19:58:21.832   770   800 E C01650/StepResultSet: GoToRow:position[0] rowCount[0] rowPos_[-1]!
CST 2026-07-17 19:58:21.832   770  4770 I C01650/SqliteConnection: SetBinlog:binlog: open /***/el1/***/bun***.db
CST 2026-07-17 19:58:21.832   315   323 I C015b0/NetworkVpnManager: GetAppNameByUid bundleResourceInfo.label E3 VPN Gate
CST 2026-07-17 19:58:21.832  4125  4125 I C015b0/NETMANAGER_EXT: StopVpnExtensionAbility SelfAppName = E3 VPN Gate 0
CST 2026-07-17 19:58:21.832   770  4770 I C01631/GaussPD:  [0] [ADAPTER] [140285311646464] Not support binlog_default.readLock file enable del monitor sysno = 25
CST 2026-07-17 19:58:21.832   770  4770 I C01631/GaussPD:  [0] [ADAPTER] [140285311646464] Not support binlog_default.readIndex file enable del monitor sysno = 25
CST 2026-07-17 19:58:21.832   770  4770 I C01631/GaussPD:  [0] [ADAPTER] [140285311646464] Not support binlog_default.readIndex file enable del monitor sysno = 25
CST 2026-07-17 19:58:21.833   770  4770 I C01631/GaussPD:  [0] [ADAPTER] [140285311646464] Not support binlog_default.writeIndex file enable del monitor sysno = 25
CST 2026-07-17 19:58:21.833   770  4770 I C01631/GaussPD:  [0] [ADAPTER] [140285311646464] Not support binlog_default.00000 file enable del monitor sysno = 25
CST 2026-07-17 19:58:21.833   770  4770 I C01631/GaussPD:  [0] [ADAPTER] [140285311646464] Not support binlog_default.writeIndex file enable del monitor sysno = 25
CST 2026-07-17 19:58:21.833   770  4770 I C01631/GaussPD:  [0] [STORAGE] [140285311646464] |BinlogRead||VerifyReadInfo| read binlog files finish.
CST 2026-07-17 19:58:21.833   770  4770 I C01631/GaussPD:  [0] [STORAGE] [140285311646464] |BinlogRead||ProcReadBeginStage| Verify read info and read finish
CST 2026-07-17 19:58:21.833   770  4770 I C01631/GaussPD:  [0] [STORAGE] [140285311646464] |Binlog||BinlogRead| reading all binlog files is complete
CST 2026-07-17 19:58:21.833   143   193 I C01800/SAMGR: SubscribeSA:1301,4125_62_5
CST 2026-07-17 19:58:21.833   143   193 I C01800/SAMGR: NotifyAddSA:1301,4125_5
CST 2026-07-17 19:58:21.833   770  4770 I C01650/SqliteConnection: CompareWithSlave:equal, main:3,slave:3
CST 2026-07-17 19:58:21.833   770  4770 I C01650/RdbStoreImpl: operator():async exchange st:0,
CST 2026-07-17 19:58:21.835   769   902 W C01406/OHOS::RS: RSJankStats::SetJankStats jank frames 6
CST 2026-07-17 19:58:21.835   605   611 W C02515/DISP: [SetLayerMaskInfo:495] <private> is not supported
CST 2026-07-17 19:58:21.836   605  1000 I C02515/DISP: [CommitComposeLayer:67] CommitComposeLayer! 10
CST 2026-07-17 19:58:21.838   769   769 E C01406/RSScreenManager: IsAllScreensPowerOff: screenPowerStatus_ is empty.
CST 2026-07-17 19:58:21.839   468  1337 E C01707/CONCUR: [Interface] task 1337 apply qos failed, errno = 4
CST 2026-07-17 19:58:21.839   468  1337 E C01611/QosManager: QosManager: Failed to set thread QoS to QOS_USER_INTERACTIVE, ret: -1
CST 2026-07-17 19:58:21.842   468  1337 E C01707/CONCUR: [Interface] task 1337 apply qos failed, errno = 4
CST 2026-07-17 19:58:21.842   468  1337 E C01611/QosManager: QosManager: Failed to set thread QoS to QOS_USER_INTERACTIVE, ret: -1
CST 2026-07-17 19:58:21.856   468  1337 E C01707/CONCUR: [Interface] task 1337 apply qos failed, errno = 4
CST 2026-07-17 19:58:21.856   468  1337 E C01611/QosManager: QosManager: Failed to set thread QoS to QOS_USER_INTERACTIVE, ret: -1
CST 2026-07-17 19:58:21.857   468  1337 I C01610/KvStoreDataService: operator(): bundle:cn.alfadb.netbird.e3vpna, feature:data_share, uid:20020062, pid:4125, emplace:success.
CST 2026-07-17 19:58:21.857  4125  4125 E C01651/data_share_manager_impl: RegisterClientDeathObserver: RegisterClientDeathObserver failed, bundleName is cn.alfadb.netbird.e3vpna
CST 2026-07-17 19:58:21.857  4125  4125 E C01651/data_share_manager_impl: GetDataShareServiceProxy: RegisterClientDeathObserver failed
CST 2026-07-17 19:58:21.857  4125  4684 I C01651/data_share_manager_impl: operator(): RecoverObs start
CST 2026-07-17 19:58:21.903  2326  2326 I C02500/Qemud: Guest heartbeat success.
CST 2026-07-17 19:58:21.905  1790  1834 I C0430a/file_monitor_service: [MainMissionStatus:197]CanExit
CST 2026-07-17 19:58:21.905  1790  1834 I C0430a/file_monitor_service: [MainMissionStatus:203]SecondaryScanner idle
CST 2026-07-17 19:58:21.905   468  1337 E C01707/CONCUR: [Interface] task 1337 apply qos failed, errno = 4
CST 2026-07-17 19:58:21.905   468  1337 E C01611/QosManager: QosManager: Failed to set thread QoS to QOS_USER_INTERACTIVE, ret: -1
CST 2026-07-17 19:58:21.913   468  1337 E C01707/CONCUR: [Interface] task 1337 apply qos failed, errno = 4
CST 2026-07-17 19:58:21.913   468  1337 E C01611/QosManager: QosManager: Failed to set thread QoS to QOS_USER_INTERACTIVE, ret: -1
CST 2026-07-17 19:58:21.915  4125  4125 E C015b0/NetMgrDataShare: go to first row error
CST 2026-07-17 19:58:21.915  4125  4125 E C015b0/NETMANAGER_EXT: dataShareHelperUtils Query error, err = -1
CST 2026-07-17 19:58:21.915  4125  4653 W C02d07/Verify: invalid configName=
CST 2026-07-17 19:58:21.915  4125  4653 I C02d07/ObserverMgr: succ to register application state callback
CST 2026-07-17 19:58:21.916  4125  4125 I C03919/AceInputTracking: [(100000:100000:scope)] Consumed id:213, last id:-1
CST 2026-07-17 19:58:21.916  4125  4125 I C04213/InputKeyFlow: ConsumePointerEventInner: InputId:213,wid:30,pointId:10000,srcType:2,rect:[0,0,1320,2856],notify:1
CST 2026-07-17 19:58:21.917   468  1324 E C01707/CONCUR: [Interface] task 1324 apply qos failed, errno = 4
CST 2026-07-17 19:58:21.917   468  1324 E C01611/QosManager: QosManager: Failed to set thread QoS to QOS_USER_INTERACTIVE, ret: -1
CST 2026-07-17 19:58:21.917   468  1324 I C01651/DataShareServiceStub: OnRemoteRequest: code:25, callingPid:4125
CST 2026-07-17 19:58:21.929  4125  4125 W C03913/AceText: [(100000:100000:scope)] destroy TxtParagraph with placeholderCnt_ 0, textAlign_ 0, count 0
CST 2026-07-17 19:58:21.930  4125  4653 I C02d07/ModuleLoader: succ to load module=/system/lib64/libha_app_event.z.so.
CST 2026-07-17 19:58:21.931  4125  4661 W C01650/RdbStoreManager: IsConfigInvalidChanged:no bundleName
CST 2026-07-17 19:58:21.931  4125  4661 E C01650/SilentProxy: IsSupportSilentFromService:GetRdbService failed, err is 27394049.
CST 2026-07-17 19:58:21.931  4125  4661 I C01630/DistributedDB: [Logger] init
CST 2026-07-17 19:58:21.931  4125  4661 I C01630/DistributedDB: [TimeHelper] init
CST 2026-07-17 19:58:21.932  4125  4125 I C02d66/Hiview-PerfMonitor: ProcessJank: JankFrameMonitor::ProcessJank jank >= threshold
CST 2026-07-17 19:58:21.935   769   902 E C02515/DGLES: [d_eglSwapBuffers_special@egl_gpu.cpp:729] thread output size 79899 speed 77k/s API_num 852
CST 2026-07-17 19:58:21.935   769   902 W C01406/OHOS::RS: RSJankStats::SetJankStats jank frames 6
CST 2026-07-17 19:58:21.936   605  1000 W C02515/DISP: [SetLayerMaskInfo:495] <private> is not supported
CST 2026-07-17 19:58:21.936   605  1000 I C02515/DISP: [CommitComposeLayer:67] CommitComposeLayer! 10
CST 2026-07-17 19:58:21.936   769   769 E C01406/RSScreenManager: IsAllScreensPowerOff: screenPowerStatus_ is empty.
CST 2026-07-17 19:58:21.938  4125  4661 I C01650/ConnectionPool: Create:code:0 app[:] area[el2] cfg[0,0,0,0,1,0,0]app***.db:<DB,0xc94ad,4096,100660><DWR,0xc94ae,4096,100660><SHM,0xc94b0,32768,100660><WAL,0xc94af,0,100660>, pathSize:61
CST 2026-07-17 19:58:21.942  4125  4661 I C01650/RdbStoreImpl: HandleSchemaDDL:db:app***.db exe DDL schema<0->1>
CST 2026-07-17 19:58:21.944  4125  4661 I C01650/RdbStoreImpl: HandleSchemaDDL:db:app***.db exe DDL schema<1->2>
CST 2026-07-17 19:58:21.946  4125  4661 I C01650/RdbStoreImpl: HandleSchemaDDL:db:app***.db exe DDL schema<2->3>
CST 2026-07-17 19:58:21.983  2500  3014 I C02e00/UPDATE_FIRMWARE: [firmware_unlock_merge_result_notify.cpp(24)]not need notify merge resultEvent
CST 2026-07-17 19:58:21.984  2500  3014 I C02e00/UPDATE_SA: [data_transfer_result_handler_fake.cpp(16)]HandleHmosToNextUpgradeResult fake
CST 2026-07-17 19:58:21.984  2500  3014 I C02e00/UPDATE_FIRMWARE: [firmware_event_manager.cpp(88)]handleEvent event 4
CST 2026-07-17 19:58:21.984  2500  3014 I C02e00/UPDATE_FIRMWARE: [firmware_auto_upgrade_alarm_manager.cpp(79)]Firmware RefreshAutoUpgradeAlarmEvent,event: 4
CST 2026-07-17 19:58:21.984  4125  4661 I C01650/RdbStoreImpl: HandleSchemaDDL:db:app***.db exe DDL schema<3->4>
CST 2026-07-17 19:58:21.985  2500  3014 I C02e00/UPDATE_FIRMWARE: [firmware_auto_upgrade_alarm_manager.cpp(168)]Firmware HandleNetChange,autoUpgradeTime: 2026-07-18 01:13:28,lastRegisterTime: 2026-07-17 19:13:28
CST 2026-07-17 19:58:21.985  2500  3014 I C02e00/UPDATE_SA: [cust_config_parse.h(74)]GetValue not contain ignore_net_check key
CST 2026-07-17 19:58:21.985  2500  3014 I C02e00/UPDATE_FIRMWARE: [firmware_auto_upgrade_alarm_manager.cpp(183)]Firmware HandleNetAvailable,isNeedRandomDelay: false,isNeedRetry: false
CST 2026-07-17 19:58:21.986  2500  3014 I C02e00/UPDATE_FIRMWARE: [firmware_auto_upgrade_alarm_manager.cpp(124)]current AutoUpgradeTime 2026-07-18 01:13:28 is active
CST 2026-07-17 19:58:21.986   777  1986 W C01b00/AccountMgrService: [GetDomainAccountInfo@inner_domain_account_manager.cpp:2335] Domain Account not bind
CST 2026-07-17 19:58:21.986  2500  3014 I C02e00/UPDATE_SA: [account_util.cpp(187)]current account type: 0, id: 100
CST 2026-07-17 19:58:21.986  2500  3014 I C02e00/UPDATE_FIRMWARE: [firmware_event_manager.cpp(349)]HandleBootComplete
CST 2026-07-17 19:58:21.987  2500  3014 E C02e00/UPDATE_FIRMWARE: [firmware_task_operator_proxy.cpp(528)]QueryTask cache and db are empty
CST 2026-07-17 19:58:21.987  2500  3014 I C02e00/UPDATE_FIRMWARE: [firmware_event_manager.cpp(380)]HandleBootUpdateResult has no task
CST 2026-07-17 19:58:21.988  2500  3014 I C02921/BatteryFwk: Connecting PowerMgrService success, pid=2500
CST 2026-07-17 19:58:21.988  4125  4661 I C01650/RdbStoreImpl: HandleSchemaDDL:db:app***.db exe DDL schema<4->5>
CST 2026-07-17 19:58:21.990  2500  3014 I C02e00/UPDATE_SA: [battery_utils.cpp(73)]IsDeviceHasBattery true
CST 2026-07-17 19:58:21.990  2500  3014 I C02e00/UPDATE_SA: [battery_utils.cpp(50)]IsDeviceInCharging false
CST 2026-07-17 19:58:21.991  2500  3014 I C02e00/UPDATE_SA: [battery_utils.cpp(58)]IsBatteryFull false
CST 2026-07-17 19:58:21.991  2500  3014 I C02e00/UPDATE_SA: [battery_utils.cpp(42)]IsCharging false
CST 2026-07-17 19:58:21.991  2500  3014 I C02e00/UPDATE_FIRMWARE: [rollback_switch_manager.cpp(80)]device is first launch, will init rollback switch
CST 2026-07-17 19:58:21.991  4125  4661 I C01650/RdbStoreImpl: HandleSchemaDDL:db:app***.db exe DDL schema<5->6>
CST 2026-07-17 19:58:21.992  2500  3014 I C02e00/UPDATE_SA: [rollback_preferences_utils.cpp(16)]RollbackPreferencesUtils
CST 2026-07-17 19:58:21.994  4125  4661 I C02d07/Store: create db store successfully
CST 2026-07-17 19:58:21.994  4125  4661 I C02d07/ObserverMgr: the observer does not exist in database, name=ha_app_event, hash=1915457907267372477
CST 2026-07-17 19:58:21.997  4125  4774 I C02d07/ObserverMgr: register processor=1 successfully
CST 2026-07-17 19:58:21.998   138   142 I C04300/StorageManager: [GetSizeOfPath:194] StorageStatusManager::GetSizeOfPath path is /data, type is free space, size is 4801372160.
CST 2026-07-17 19:58:21.998   138   142 E C04300/StorageManager: [GetFreeSize:90] StorageTotalStatusService::GetFreeSize success, (/data)freeSize=4801372160
CST 2026-07-17 19:58:21.998  4125  4774 I C02d07/Config: get free size=4801372160
CST 2026-07-17 19:58:21.998  4125  4774 I C02d07/ObserverMgr: init watchers
CST 2026-07-17 19:58:22.007  2500  4777 I C01653/NativePreferences: XmlReadFile: file:/***/el1/***/roll***.xml, m:0.
CST 2026-07-17 19:58:22.008  2500  3014 I C02e00/UPDATE_FIRMWARE: [rollback_switch_manager.cpp(110)]check data DowngradeSwitch is empty
CST 2026-07-17 19:58:22.008  2500  3014 I C02e00/UPDATE_FIRMWARE: [rollback_switch_manager.cpp(101)]push and trc not control rollback switch
CST 2026-07-17 19:58:22.016   468  1324 E C01707/CONCUR: [Interface] task 1324 apply qos failed, errno = 4
CST 2026-07-17 19:58:22.016   468  1324 E C01611/QosManager: QosManager: Failed to set thread QoS to QOS_USER_INTERACTIVE, ret: -1
CST 2026-07-17 19:58:22.023   468  1324 E C01707/CONCUR: [Interface] task 1324 apply qos failed, errno = 4
CST 2026-07-17 19:58:22.023   468  1324 E C01611/QosManager: QosManager: Failed to set thread QoS to QOS_USER_INTERACTIVE, ret: -1
CST 2026-07-17 19:58:22.024  2500  3014 I C02e00/UPDATE_FIRMWARE: [rollback_switch_manager.cpp(288)]GetRollbackSwitch is true
CST 2026-07-17 19:58:22.025  2500  3014 I C02e00/UPDATE_SA: [firmware_quick_check.cpp(28)]not supported quick check
CST 2026-07-17 19:58:22.036  4779  4779 W C02c02/PARAM: Selinux check name persist.init.debug.loglevel in u:object_r:startup_init_param:s0 [4779 2000 2000] failed
CST 2026-07-17 19:58:22.036  4779  4779 W C02c02/PARAM: Selinux check name persist.init.debug.loglevel in u:object_r:startup_init_param:s0 [4779 2000 2000] failed
CST 2026-07-17 19:58:22.036  4779  4779 W C02c02/PARAM: SystemReadParam failed!name is:persist.init.debug.loglevel,err:1002
CST 2026-07-17 19:58:22.043  4779  4779 W C02c02/PARAM: Selinux check name persist.init.debug.loglevel in u:object_r:startup_init_param:s0 [4779 2000 2000] failed
CST 2026-07-17 19:58:22.043  4779  4779 W C02c02/PARAM: Selinux check name persist.init.debug.loglevel in u:object_r:startup_init_param:s0 [4779 2000 2000] failed
CST 2026-07-17 19:58:22.043  4779  4779 W C02c02/PARAM: SystemReadParam failed!name is:persist.init.debug.loglevel,err:1002
CST 2026-07-17 19:58:22.075   305  4668 E C01704/TagSched: [a92abd18ddc96a8] [OpenQosCtrl]Failed to open qos_ctrl device
CST 2026-07-17 19:58:22.075   305  4668 E C01704/TagSched: [a92abd18ddc96a8] [IsQosHandleOpen]get qosSetHandle_ fail
CST 2026-07-17 19:58:22.075   305  4668 E C01704/TagSched: [a92abd18ddc96a8] [SetUclamp]qosSetHandle open fail
CST 2026-07-17 19:58:22.080   769   902 W C01406/OHOS::RS: RSJankStats::SetJankStats jank frames 8
CST 2026-07-17 19:58:22.081   605  1000 W C02515/DISP: [SetLayerMaskInfo:495] <private> is not supported
CST 2026-07-17 19:58:22.081   769   769 E C01406/RSScreenManager: IsAllScreensPowerOff: screenPowerStatus_ is empty.
CST 2026-07-17 19:58:22.081   769   902 I C01406/skia: RSSurfaceRenderNodeDrawable::OnDraw name:com.ohos.sceneboardEngineServiceAbility, the number of total processedNodes: 9
CST 2026-07-17 19:58:22.082   605  1000 I C02515/DISP: [CommitComposeLayer:67] CommitComposeLayer! 10
CST 2026-07-17 19:58:22.131   605  1000 W C02515/DISP: [SetLayerMaskInfo:495] <private> is not supported
CST 2026-07-17 19:58:22.132   769   769 E C01406/RSScreenManager: IsAllScreensPowerOff: screenPowerStatus_ is empty.
CST 2026-07-17 19:58:22.133   605  1000 I C02515/DISP: [CommitComposeLayer:67] CommitComposeLayer! 10
CST 2026-07-17 19:58:22.172   605  1000 W C02515/DISP: [SetLayerMaskInfo:495] <private> is not supported
CST 2026-07-17 19:58:22.172   605  1000 I C02515/DISP: [CommitComposeLayer:67] CommitComposeLayer! 10
CST 2026-07-17 19:58:22.186   769   769 E C01406/RSScreenManager: IsAllScreensPowerOff: screenPowerStatus_ is empty.
CST 2026-07-17 19:58:22.188  1522  1522 W A01c06/ICON: AppIconWeatherModel --> initWeatherListener, retryTimes: 4
CST 2026-07-17 19:58:22.199   468  1324 E C01707/CONCUR: [Interface] task 1324 apply qos failed, errno = 4
CST 2026-07-17 19:58:22.199   468  1324 E C01611/QosManager: QosManager: Failed to set thread QoS to QOS_USER_INTERACTIVE, ret: -1
CST 2026-07-17 19:58:22.200   770   800 W C01123/BMSCommon: bundle not exist -n com.huawei.hmsapp.totemweather -u 100 -i 0 -f 32
CST 2026-07-17 19:58:22.200   605  1000 W C02515/DISP: [SetLayerMaskInfo:495] <private> is not supported
CST 2026-07-17 19:58:22.200   770   800 W C01121/BMSQuery: GetBundleInfo failed -n com.huawei.hmsapp.totemweather -u 100
CST 2026-07-17 19:58:22.200   468  1324 E C01651/BundleMgrProxy: GetBundleInfoFromBMS: GetBundleInfo failed!bundleName is com.huawei.hmsapp.totemweather, userId is 100
CST 2026-07-17 19:58:22.200   605  1000 I C02515/DISP: [CommitComposeLayer:67] CommitComposeLayer! 10
CST 2026-07-17 19:58:22.200   468  1324 E C01651/DataProviderConfig: GetFromProxyData: Get bundleInfo failed! bundleName:com.huawei.hmsapp.totemweather, userId:100, visitedId:100, uri:******icIconInfo
CST 2026-07-17 19:58:22.200   468  1324 E C01651/DataShareServiceImpl: GetBMSAndMetaDataStatus: CalledInfo failed! token:0x20087fab,ret:1001,uri:******icIconInfo
CST 2026-07-17 19:58:22.200   468  1324 E C01651/DataShareServiceImpl: GetSilentProxyStatus: BMS or metaData not ready to complete, token:0x20087fab, uri:******icIconInfo
CST 2026-07-17 19:58:22.200  1522  1522 E A01c06/ICON: AppIconWeatherModel --> get weather info failed, code: 15700010, message: The DataShareHelper is not initialized successfully.
CST 2026-07-17 19:58:22.202   769   769 E C01406/RSScreenManager: IsAllScreensPowerOff: screenPowerStatus_ is empty.
CST 2026-07-17 19:58:22.215   720  2842 E C02b2b/MediaServerManager: #1157 no need report
CST 2026-07-17 19:58:22.225   605  1000 W C02515/DISP: [SetLayerMaskInfo:495] <private> is not supported
CST 2026-07-17 19:58:22.226   605  1000 I C02515/DISP: [CommitComposeLayer:67] CommitComposeLayer! 10
CST 2026-07-17 19:58:22.252   605  1000 W C02515/DISP: [SetLayerMaskInfo:495] <private> is not supported
CST 2026-07-17 19:58:22.252   605  1000 I C02515/DISP: [CommitComposeLayer:67] CommitComposeLayer! 10
CST 2026-07-17 19:58:22.420  4782  4782 W C02c02/PARAM: Selinux check name persist.init.debug.loglevel in u:object_r:startup_init_param:s0 [4782 2000 2000] failed
CST 2026-07-17 19:58:22.420  4782  4782 W C02c02/PARAM: Selinux check name persist.init.debug.loglevel in u:object_r:startup_init_param:s0 [4782 2000 2000] failed
CST 2026-07-17 19:58:22.420  4782  4782 W C02c02/PARAM: SystemReadParam failed!name is:persist.init.debug.loglevel,err:1002
CST 2026-07-17 19:58:22.427  4786  4786 W C02c02/PARAM: Selinux check name persist.init.debug.loglevel in u:object_r:startup_init_param:s0 [4786 2000 2000] failed
CST 2026-07-17 19:58:22.427  4784  4784 W C02c02/PARAM: Selinux check name persist.init.debug.loglevel in u:object_r:startup_init_param:s0 [4784 2000 2000] failed
CST 2026-07-17 19:58:22.427  4786  4786 W C02c02/PARAM: Selinux check name persist.init.debug.loglevel in u:object_r:startup_init_param:s0 [4786 2000 2000] failed
CST 2026-07-17 19:58:22.427  4784  4784 W C02c02/PARAM: Selinux check name persist.init.debug.loglevel in u:object_r:startup_init_param:s0 [4784 2000 2000] failed
CST 2026-07-17 19:58:22.427  4784  4784 W C02c02/PARAM: SystemReadParam failed!name is:persist.init.debug.loglevel,err:1002
CST 2026-07-17 19:58:22.427  4786  4786 W C02c02/PARAM: SystemReadParam failed!name is:persist.init.debug.loglevel,err:1002
CST 2026-07-17 19:58:22.428  4785  4785 W C02c02/PARAM: Selinux check name persist.init.debug.loglevel in u:object_r:startup_init_param:s0 [4785 2000 2000] failed
CST 2026-07-17 19:58:22.428  4785  4785 W C02c02/PARAM: Selinux check name persist.init.debug.loglevel in u:object_r:startup_init_param:s0 [4785 2000 2000] failed
CST 2026-07-17 19:58:22.428  4785  4785 W C02c02/PARAM: SystemReadParam failed!name is:persist.init.debug.loglevel,err:1002
CST 2026-07-17 19:58:22.435  4787  4787 W C02c02/PARAM: Selinux check name persist.init.debug.loglevel in u:object_r:startup_init_param:s0 [4787 2000 2000] failed
CST 2026-07-17 19:58:22.435  4787  4787 W C02c02/PARAM: Selinux check name persist.init.debug.loglevel in u:object_r:startup_init_param:s0 [4787 2000 2000] failed
CST 2026-07-17 19:58:22.435  4787  4787 W C02c02/PARAM: SystemReadParam failed!name is:persist.init.debug.loglevel,err:1002
CST 2026-07-17 19:58:22.435  4788  4788 W C02c02/PARAM: Selinux check name persist.init.debug.loglevel in u:object_r:startup_init_param:s0 [4788 2000 2000] failed
CST 2026-07-17 19:58:22.435  4788  4788 W C02c02/PARAM: Selinux check name persist.init.debug.loglevel in u:object_r:startup_init_param:s0 [4788 2000 2000] failed
CST 2026-07-17 19:58:22.435  4788  4788 W C02c02/PARAM: SystemReadParam failed!name is:persist.init.debug.loglevel,err:1002
CST 2026-07-17 19:58:22.666  4790  4790 W C02c02/PARAM: Selinux check name persist.init.debug.loglevel in u:object_r:startup_init_param:s0 [4790 2000 2000] failed
CST 2026-07-17 19:58:22.666  4790  4790 W C02c02/PARAM: Selinux check name persist.init.debug.loglevel in u:object_r:startup_init_param:s0 [4790 2000 2000] failed
CST 2026-07-17 19:58:22.666  4790  4790 W C02c02/PARAM: SystemReadParam failed!name is:persist.init.debug.loglevel,err:1002
CST 2026-07-17 19:58:22.673  4792  4792 W C02c02/PARAM: Selinux check name persist.init.debug.loglevel in u:object_r:startup_init_param:s0 [4792 2000 2000] failed
CST 2026-07-17 19:58:22.673  4792  4792 W C02c02/PARAM: Selinux check name persist.init.debug.loglevel in u:object_r:startup_init_param:s0 [4792 2000 2000] failed
CST 2026-07-17 19:58:22.673  4792  4792 W C02c02/PARAM: SystemReadParam failed!name is:persist.init.debug.loglevel,err:1002
CST 2026-07-17 19:58:22.680  4793  4793 W C02c02/PARAM: Selinux check name persist.init.debug.loglevel in u:object_r:startup_init_param:s0 [4793 2000 2000] failed
CST 2026-07-17 19:58:22.680  4793  4793 W C02c02/PARAM: Selinux check name persist.init.debug.loglevel in u:object_r:startup_init_param:s0 [4793 2000 2000] failed
CST 2026-07-17 19:58:22.680  4793  4793 W C02c02/PARAM: SystemReadParam failed!name is:persist.init.debug.loglevel,err:1002
CST 2026-07-17 19:58:22.721   251   516 I C02802/InputActiveSubscriberHandler: [|317]0|10000|697
CST 2026-07-17 19:58:22.905  1790  1834 I C0430a/file_monitor_service: [MainMissionStatus:197]CanExit
CST 2026-07-17 19:58:22.905  1790  1834 I C0430a/file_monitor_service: [MainMissionStatus:203]SecondaryScanner idle
CST 2026-07-17 19:58:23.038  4796  4796 W C02c02/PARAM: Selinux check name persist.init.debug.loglevel in u:object_r:startup_init_param:s0 [4796 2000 2000] failed
CST 2026-07-17 19:58:23.038  4796  4796 W C02c02/PARAM: Selinux check name persist.init.debug.loglevel in u:object_r:startup_init_param:s0 [4796 2000 2000] failed
CST 2026-07-17 19:58:23.038  4796  4796 W C02c02/PARAM: SystemReadParam failed!name is:persist.init.debug.loglevel,err:1002
CST 2026-07-17 19:58:23.045  4796  4796 W C02c02/PARAM: Selinux check name persist.init.debug.loglevel in u:object_r:startup_init_param:s0 [4796 2000 2000] failed
CST 2026-07-17 19:58:23.045  4796  4796 W C02c02/PARAM: Selinux check name persist.init.debug.loglevel in u:object_r:startup_init_param:s0 [4796 2000 2000] failed
CST 2026-07-17 19:58:23.045  4796  4796 W C02c02/PARAM: SystemReadParam failed!name is:persist.init.debug.loglevel,err:1002
CST 2026-07-17 19:58:23.105   143   193 I C01800/SAMGR: NF SA:65962,776_239
CST 2026-07-17 19:58:23.202  1522  1522 W A01c06/ICON: AppIconWeatherModel --> initWeatherListener, retryTimes: 4
CST 2026-07-17 19:58:23.210   468  1324 E C01707/CONCUR: [Interface] task 1324 apply qos failed, errno = 4
CST 2026-07-17 19:58:23.210   468  1324 E C01611/QosManager: QosManager: Failed to set thread QoS to QOS_USER_INTERACTIVE, ret: -1
CST 2026-07-17 19:58:23.210   770   800 W C01123/BMSCommon: bundle not exist -n com.huawei.hmsapp.totemweather -u 100 -i 0 -f 32
CST 2026-07-17 19:58:23.210   770   800 W C01121/BMSQuery: GetBundleInfo failed -n com.huawei.hmsapp.totemweather -u 100
CST 2026-07-17 19:58:23.210   468  1324 E C01651/BundleMgrProxy: GetBundleInfoFromBMS: GetBundleInfo failed!bundleName is com.huawei.hmsapp.totemweather, userId is 100
CST 2026-07-17 19:58:23.210   468  1324 E C01651/DataProviderConfig: GetFromProxyData: Get bundleInfo failed! bundleName:com.huawei.hmsapp.totemweather, userId:100, visitedId:100, uri:******icIconInfo
CST 2026-07-17 19:58:23.210   468  1324 E C01651/DataShareServiceImpl: GetBMSAndMetaDataStatus: CalledInfo failed! token:0x20087fab,ret:1001,uri:******icIconInfo
CST 2026-07-17 19:58:23.210   468  1324 E C01651/DataShareServiceImpl: GetSilentProxyStatus: BMS or metaData not ready to complete, token:0x20087fab, uri:******icIconInfo
CST 2026-07-17 19:58:23.210  1522  1522 E A01c06/ICON: AppIconWeatherModel --> get weather info failed, code: 15700010, message: The DataShareHelper is not initialized successfully.
CST 2026-07-17 19:58:23.232   163   583 E C02510/devsvc_manager_stub: StubGetService service hmi_service not found
CST 2026-07-17 19:58:23.232   162   716 E C02510/hdi_servmgr_client: get hdi service hmi_service failed, -1
CST 2026-07-17 19:58:23.232   162   716 E C02510/hmi_interface_proxy: Get:get remote object failed!
CST 2026-07-17 19:58:23.233   162   716 I C02d19/CHR_SERVICE: [HmiClient][modem_log_client]GetService: hmiInterface is nullptr.
CST 2026-07-17 19:58:23.233   162   716 I C02d19/CHR_SERVICE: [HmiClient][modem_log_client]TryGetServiceDelayed: retryCount=33, delayed=4000.
CST 2026-07-17 19:58:23.305   143   193 I C01800/SAMGR: NF SA:65962,776_240
CST 2026-07-17 19:58:23.325   305  4667 E C01720/SmartGC: [a92abd18ddc96a8] [ExitGCPauseSceneInner]ExitGCPauseSceneInner 146685 148185
CST 2026-07-17 19:58:23.417  4799  4799 W C02c02/PARAM: Selinux check name persist.init.debug.loglevel in u:object_r:startup_init_param:s0 [4799 2000 2000] failed
CST 2026-07-17 19:58:23.417  4799  4799 W C02c02/PARAM: Selinux check name persist.init.debug.loglevel in u:object_r:startup_init_param:s0 [4799 2000 2000] failed
CST 2026-07-17 19:58:23.417  4799  4799 W C02c02/PARAM: SystemReadParam failed!name is:persist.init.debug.loglevel,err:1002
CST 2026-07-17 19:58:23.425  4802  4802 W C02c02/PARAM: Selinux check name persist.init.debug.loglevel in u:object_r:startup_init_param:s0 [4802 2000 2000] failed
CST 2026-07-17 19:58:23.425  4801  4801 W C02c02/PARAM: Selinux check name persist.init.debug.loglevel in u:object_r:startup_init_param:s0 [4801 2000 2000] failed
CST 2026-07-17 19:58:23.425  4803  4803 W C02c02/PARAM: Selinux check name persist.init.debug.loglevel in u:object_r:startup_init_param:s0 [4803 2000 2000] failed
CST 2026-07-17 19:58:23.425  4802  4802 W C02c02/PARAM: Selinux check name persist.init.debug.loglevel in u:object_r:startup_init_param:s0 [4802 2000 2000] failed
CST 2026-07-17 19:58:23.425  4803  4803 W C02c02/PARAM: Selinux check name persist.init.debug.loglevel in u:object_r:startup_init_param:s0 [4803 2000 2000] failed
CST 2026-07-17 19:58:23.425  4803  4803 W C02c02/PARAM: SystemReadParam failed!name is:persist.init.debug.loglevel,err:1002
CST 2026-07-17 19:58:23.425  4802  4802 W C02c02/PARAM: SystemReadParam failed!name is:persist.init.debug.loglevel,err:1002
CST 2026-07-17 19:58:23.425  4801  4801 W C02c02/PARAM: Selinux check name persist.init.debug.loglevel in u:object_r:startup_init_param:s0 [4801 2000 2000] failed
CST 2026-07-17 19:58:23.425  4801  4801 W C02c02/PARAM: SystemReadParam failed!name is:persist.init.debug.loglevel,err:1002
CST 2026-07-17 19:58:23.433  4804  4804 W C02c02/PARAM: Selinux check name persist.init.debug.loglevel in u:object_r:startup_init_param:s0 [4804 2000 2000] failed
CST 2026-07-17 19:58:23.433  4804  4804 W C02c02/PARAM: Selinux check name persist.init.debug.loglevel in u:object_r:startup_init_param:s0 [4804 2000 2000] failed
CST 2026-07-17 19:58:23.433  4804  4804 W C02c02/PARAM: SystemReadParam failed!name is:persist.init.debug.loglevel,err:1002
CST 2026-07-17 19:58:23.433  4805  4805 W C02c02/PARAM: Selinux check name persist.init.debug.loglevel in u:object_r:startup_init_param:s0 [4805 2000 2000] failed
CST 2026-07-17 19:58:23.433  4805  4805 W C02c02/PARAM: Selinux check name persist.init.debug.loglevel in u:object_r:startup_init_param:s0 [4805 2000 2000] failed
CST 2026-07-17 19:58:23.433  4805  4805 W C02c02/PARAM: SystemReadParam failed!name is:persist.init.debug.loglevel,err:1002
CST 2026-07-17 19:58:23.506   143   193 I C01800/SAMGR: NF SA:65962,776_241
CST 2026-07-17 19:58:23.664  4807  4807 W C02c02/PARAM: Selinux check name persist.init.debug.loglevel in u:object_r:startup_init_param:s0 [4807 2000 2000] failed
CST 2026-07-17 19:58:23.664  4807  4807 W C02c02/PARAM: Selinux check name persist.init.debug.loglevel in u:object_r:startup_init_param:s0 [4807 2000 2000] failed
CST 2026-07-17 19:58:23.664  4807  4807 W C02c02/PARAM: SystemReadParam failed!name is:persist.init.debug.loglevel,err:1002
CST 2026-07-17 19:58:23.672  4809  4809 W C02c02/PARAM: Selinux check name persist.init.debug.loglevel in u:object_r:startup_init_param:s0 [4809 2000 2000] failed
CST 2026-07-17 19:58:23.672  4809  4809 W C02c02/PARAM: Selinux check name persist.init.debug.loglevel in u:object_r:startup_init_param:s0 [4809 2000 2000] failed
CST 2026-07-17 19:58:23.672  4809  4809 W C02c02/PARAM: SystemReadParam failed!name is:persist.init.debug.loglevel,err:1002
CST 2026-07-17 19:58:23.678  4810  4810 W C02c02/PARAM: Selinux check name persist.init.debug.loglevel in u:object_r:startup_init_param:s0 [4810 2000 2000] failed
CST 2026-07-17 19:58:23.678  4810  4810 W C02c02/PARAM: Selinux check name persist.init.debug.loglevel in u:object_r:startup_init_param:s0 [4810 2000 2000] failed
CST 2026-07-17 19:58:23.678  4810  4810 W C02c02/PARAM: SystemReadParam failed!name is:persist.init.debug.loglevel,err:1002
CST 2026-07-17 19:58:23.706   143   193 I C01800/SAMGR: NF SA:65962,776_242
CST 2026-07-17 19:58:23.722   305  4682 I C01727/SceneRecognizeExt: [a92abb18ddb042b] [ReportExitUserInteractionSceneInner]report exit user interaction scene
CST 2026-07-17 19:58:23.803   697  1937 I C02986/DisplayPowerBrightness: lux=[0/147936, 0/148081, 0/148227, 0/148372, 0/148518, 0/148663, ], bDelta=5.000000, dDelta=1.000000, size=70
CST 2026-07-17 19:58:23.905  1790  1834 I C0430a/file_monitor_service: [MainMissionStatus:197]CanExit
CST 2026-07-17 19:58:23.905  1790  1834 I C0430a/file_monitor_service: [MainMissionStatus:203]SecondaryScanner idle
CST 2026-07-17 19:58:23.907   143   193 I C01800/SAMGR: NF SA:65962,776_243
CST 2026-07-17 19:58:24.021  4813  4813 W C02c02/PARAM: Selinux check name persist.init.debug.loglevel in u:object_r:startup_init_param:s0 [4813 2000 2000] failed
CST 2026-07-17 19:58:24.021  4813  4813 W C02c02/PARAM: Selinux check name persist.init.debug.loglevel in u:object_r:startup_init_param:s0 [4813 2000 2000] failed
CST 2026-07-17 19:58:24.021  4813  4813 W C02c02/PARAM: SystemReadParam failed!name is:persist.init.debug.loglevel,err:1002
CST 2026-07-17 19:58:24.028  4813  4813 W C02c02/PARAM: Selinux check name persist.init.debug.loglevel in u:object_r:startup_init_param:s0 [4813 2000 2000] failed
CST 2026-07-17 19:58:24.028  4813  4813 W C02c02/PARAM: Selinux check name persist.init.debug.loglevel in u:object_r:startup_init_param:s0 [4813 2000 2000] failed
CST 2026-07-17 19:58:24.028  4813  4813 W C02c02/PARAM: SystemReadParam failed!name is:persist.init.debug.loglevel,err:1002
CST 2026-07-17 19:58:24.081   163   583 E C02510/devsvc_manager_stub: StubGetService service ril_ext not found
CST 2026-07-17 19:58:24.081   162   715 E C02510/hdi_servmgr_client: get hdi service ril_ext failed, -1
CST 2026-07-17 19:58:24.081   162   715 I C02d19/CHR_SERVICE: RilRadioRadarTunnel, ConnectRilAdapterService chrRadio_ is nullptr!
CST 2026-07-17 19:58:24.107   143   193 I C01800/SAMGR: NF SA:65962,776_244
CST 2026-07-17 19:58:24.211  1522  1522 W A01c06/ICON: AppIconWeatherModel --> initWeatherListener, retryTimes: 4
CST 2026-07-17 19:58:24.218   468  1324 E C01707/CONCUR: [Interface] task 1324 apply qos failed, errno = 4
CST 2026-07-17 19:58:24.218   468  1324 E C01611/QosManager: QosManager: Failed to set thread QoS to QOS_USER_INTERACTIVE, ret: -1
CST 2026-07-17 19:58:24.219   770   800 W C01123/BMSCommon: bundle not exist -n com.huawei.hmsapp.totemweather -u 100 -i 0 -f 32
CST 2026-07-17 19:58:24.219   770   800 W C01121/BMSQuery: GetBundleInfo failed -n com.huawei.hmsapp.totemweather -u 100
CST 2026-07-17 19:58:24.219   468  1324 E C01651/BundleMgrProxy: GetBundleInfoFromBMS: GetBundleInfo failed!bundleName is com.huawei.hmsapp.totemweather, userId is 100
CST 2026-07-17 19:58:24.219   468  1324 E C01651/DataProviderConfig: GetFromProxyData: Get bundleInfo failed! bundleName:com.huawei.hmsapp.totemweather, userId:100, visitedId:100, uri:******icIconInfo
CST 2026-07-17 19:58:24.219   468  1324 E C01651/DataShareServiceImpl: GetBMSAndMetaDataStatus: CalledInfo failed! token:0x20087fab,ret:1001,uri:******icIconInfo
CST 2026-07-17 19:58:24.219   468  1324 E C01651/DataShareServiceImpl: GetSilentProxyStatus: BMS or metaData not ready to complete, token:0x20087fab, uri:******icIconInfo
CST 2026-07-17 19:58:24.219  1522  1522 E A01c06/ICON: AppIconWeatherModel --> get weather info failed, code: 15700010, message: The DataShareHelper is not initialized successfully.
CST 2026-07-17 19:58:24.308   143   193 I C01800/SAMGR: NF SA:65962,776_245
CST 2026-07-17 19:58:24.308   776   858 E C01810/SA_CLIENT: GetSaWrap SA:65962 not start
CST 2026-07-17 19:58:24.308   776   858 I C01409/APS_MANAGER: request system service object is not ready yet!
CST 2026-07-17 19:58:24.397  4816  4816 W C02c02/PARAM: Selinux check name persist.init.debug.loglevel in u:object_r:startup_init_param:s0 [4816 2000 2000] failed
CST 2026-07-17 19:58:24.397  4816  4816 W C02c02/PARAM: Selinux check name persist.init.debug.loglevel in u:object_r:startup_init_param:s0 [4816 2000 2000] failed
CST 2026-07-17 19:58:24.397  4816  4816 W C02c02/PARAM: SystemReadParam failed!name is:persist.init.debug.loglevel,err:1002
CST 2026-07-17 19:58:24.404  4820  4820 W C02c02/PARAM: Selinux check name persist.init.debug.loglevel in u:object_r:startup_init_param:s0 [4820 2000 2000] failed
CST 2026-07-17 19:58:24.404  4819  4819 W C02c02/PARAM: Selinux check name persist.init.debug.loglevel in u:object_r:startup_init_param:s0 [4819 2000 2000] failed
CST 2026-07-17 19:58:24.404  4820  4820 W C02c02/PARAM: Selinux check name persist.init.debug.loglevel in u:object_r:startup_init_param:s0 [4820 2000 2000] failed
CST 2026-07-17 19:58:24.404  4820  4820 W C02c02/PARAM: SystemReadParam failed!name is:persist.init.debug.loglevel,err:1002
CST 2026-07-17 19:58:24.404  4818  4818 W C02c02/PARAM: Selinux check name persist.init.debug.loglevel in u:object_r:startup_init_param:s0 [4818 2000 2000] failed
CST 2026-07-17 19:58:24.404  4819  4819 W C02c02/PARAM: Selinux check name persist.init.debug.loglevel in u:object_r:startup_init_param:s0 [4819 2000 2000] failed
CST 2026-07-17 19:58:24.404  4818  4818 W C02c02/PARAM: Selinux check name persist.init.debug.loglevel in u:object_r:startup_init_param:s0 [4818 2000 2000] failed
CST 2026-07-17 19:58:24.404  4818  4818 W C02c02/PARAM: SystemReadParam failed!name is:persist.init.debug.loglevel,err:1002
CST 2026-07-17 19:58:24.404  4819  4819 W C02c02/PARAM: SystemReadParam failed!name is:persist.init.debug.loglevel,err:1002
CST 2026-07-17 19:58:24.412  4821  4821 W C02c02/PARAM: Selinux check name persist.init.debug.loglevel in u:object_r:startup_init_param:s0 [4821 2000 2000] failed
CST 2026-07-17 19:58:24.412  4822  4822 W C02c02/PARAM: Selinux check name persist.init.debug.loglevel in u:object_r:startup_init_param:s0 [4822 2000 2000] failed
CST 2026-07-17 19:58:24.412  4821  4821 W C02c02/PARAM: Selinux check name persist.init.debug.loglevel in u:object_r:startup_init_param:s0 [4821 2000 2000] failed
CST 2026-07-17 19:58:24.412  4822  4822 W C02c02/PARAM: Selinux check name persist.init.debug.loglevel in u:object_r:startup_init_param:s0 [4822 2000 2000] failed
CST 2026-07-17 19:58:24.412  4821  4821 W C02c02/PARAM: SystemReadParam failed!name is:persist.init.debug.loglevel,err:1002
CST 2026-07-17 19:58:24.412  4822  4822 W C02c02/PARAM: SystemReadParam failed!name is:persist.init.debug.loglevel,err:1002
CST 2026-07-17 19:58:24.622  4824  4824 W C02c02/PARAM: Selinux check name persist.init.debug.loglevel in u:object_r:startup_init_param:s0 [4824 2000 2000] failed
CST 2026-07-17 19:58:24.622  4824  4824 W C02c02/PARAM: Selinux check name persist.init.debug.loglevel in u:object_r:startup_init_param:s0 [4824 2000 2000] failed
CST 2026-07-17 19:58:24.622  4824  4824 W C02c02/PARAM: SystemReadParam failed!name is:persist.init.debug.loglevel,err:1002
CST 2026-07-17 19:58:24.629  4826  4826 W C02c02/PARAM: Selinux check name persist.init.debug.loglevel in u:object_r:startup_init_param:s0 [4826 2000 2000] failed
CST 2026-07-17 19:58:24.629  4826  4826 W C02c02/PARAM: Selinux check name persist.init.debug.loglevel in u:object_r:startup_init_param:s0 [4826 2000 2000] failed
CST 2026-07-17 19:58:24.629  4826  4826 W C02c02/PARAM: SystemReadParam failed!name is:persist.init.debug.loglevel,err:1002
CST 2026-07-17 19:58:24.636  4827  4827 W C02c02/PARAM: Selinux check name persist.init.debug.loglevel in u:object_r:startup_init_param:s0 [4827 2000 2000] failed
CST 2026-07-17 19:58:24.636  4827  4827 W C02c02/PARAM: Selinux check name persist.init.debug.loglevel in u:object_r:startup_init_param:s0 [4827 2000 2000] failed
CST 2026-07-17 19:58:24.636  4827  4827 W C02c02/PARAM: SystemReadParam failed!name is:persist.init.debug.loglevel,err:1002
CST 2026-07-17 19:58:24.881   163   583 E C02510/devsvc_manager_stub: StubGetService service hmi_service not found
CST 2026-07-17 19:58:24.881   162   715 E C02510/hdi_servmgr_client: get hdi service hmi_service failed, -1
CST 2026-07-17 19:58:24.881   162   715 E C02510/hmi_interface_proxy: Get:get remote object failed!
CST 2026-07-17 19:58:24.881   162   715 I C02d19/CHR_SERVICE: [HmiClient][chr_client]GetService: hmiInterface is nullptr.
CST 2026-07-17 19:58:24.881   162   715 I C02d19/CHR_SERVICE: [HmiClient][chr_client]TryGetServiceDelayed: retryCount=33, delayed=4000.
CST 2026-07-17 19:58:24.903  2326  2326 I C02500/Qemud: Guest heartbeat success.
CST 2026-07-17 19:58:24.906  1790  1834 I C0430a/file_monitor_service: [MainMissionStatus:197]CanExit
CST 2026-07-17 19:58:24.906  1790  1834 I C0430a/file_monitor_service: [MainMissionStatus:203]SecondaryScanner idle
CST 2026-07-17 19:58:25.000   441   449 W C01c42/TimeService: uid:1096 id:1682169951 wk:0
CST 2026-07-17 19:58:25.000   441   449 W C01c42/TimeService: id:1682169951 we:154859
CST 2026-07-17 19:58:25.000   441   449 W C01c42/TimeService: t3 154859
CST 2026-07-17 19:58:25.053  4830  4830 W C02c02/PARAM: Selinux check name persist.init.debug.loglevel in u:object_r:startup_init_param:s0 [4830 2000 2000] failed
CST 2026-07-17 19:58:25.053  4830  4830 W C02c02/PARAM: Selinux check name persist.init.debug.loglevel in u:object_r:startup_init_param:s0 [4830 2000 2000] failed
CST 2026-07-17 19:58:25.053  4830  4830 W C02c02/PARAM: SystemReadParam failed!name is:persist.init.debug.loglevel,err:1002
CST 2026-07-17 19:58:25.060  4830  4830 W C02c02/PARAM: Selinux check name persist.init.debug.loglevel in u:object_r:startup_init_param:s0 [4830 2000 2000] failed
CST 2026-07-17 19:58:25.060  4830  4830 W C02c02/PARAM: Selinux check name persist.init.debug.loglevel in u:object_r:startup_init_param:s0 [4830 2000 2000] failed
CST 2026-07-17 19:58:25.060  4830  4830 W C02c02/PARAM: SystemReadParam failed!name is:persist.init.debug.loglevel,err:1002
CST 2026-07-17 19:58:25.220  1522  1522 W A01c06/ICON: AppIconWeatherModel --> initWeatherListener, retryTimes: 4
CST 2026-07-17 19:58:25.229   468  1324 E C01707/CONCUR: [Interface] task 1324 apply qos failed, errno = 4
CST 2026-07-17 19:58:25.229   468  1324 E C01611/QosManager: QosManager: Failed to set thread QoS to QOS_USER_INTERACTIVE, ret: -1
CST 2026-07-17 19:58:25.229   770   800 W C01123/BMSCommon: bundle not exist -n com.huawei.hmsapp.totemweather -u 100 -i 0 -f 32
CST 2026-07-17 19:58:25.229   770   800 W C01121/BMSQuery: GetBundleInfo failed -n com.huawei.hmsapp.totemweather -u 100
CST 2026-07-17 19:58:25.229   468  1324 E C01651/BundleMgrProxy: GetBundleInfoFromBMS: GetBundleInfo failed!bundleName is com.huawei.hmsapp.totemweather, userId is 100
CST 2026-07-17 19:58:25.229   468  1324 E C01651/DataProviderConfig: GetFromProxyData: Get bundleInfo failed! bundleName:com.huawei.hmsapp.totemweather, userId:100, visitedId:100, uri:******icIconInfo
CST 2026-07-17 19:58:25.229   468  1324 E C01651/DataShareServiceImpl: GetBMSAndMetaDataStatus: CalledInfo failed! token:0x20087fab,ret:1001,uri:******icIconInfo
CST 2026-07-17 19:58:25.229   468  1324 E C01651/DataShareServiceImpl: GetSilentProxyStatus: BMS or metaData not ready to complete, token:0x20087fab, uri:******icIconInfo
CST 2026-07-17 19:58:25.230  1522  1522 E A01c06/ICON: AppIconWeatherModel --> get weather info failed, code: 15700010, message: The DataShareHelper is not initialized successfully.
CST 2026-07-17 19:58:25.423  4833  4833 W C02c02/PARAM: Selinux check name persist.init.debug.loglevel in u:object_r:startup_init_param:s0 [4833 2000 2000] failed
CST 2026-07-17 19:58:25.423  4833  4833 W C02c02/PARAM: Selinux check name persist.init.debug.loglevel in u:object_r:startup_init_param:s0 [4833 2000 2000] failed
CST 2026-07-17 19:58:25.423  4833  4833 W C02c02/PARAM: SystemReadParam failed!name is:persist.init.debug.loglevel,err:1002
CST 2026-07-17 19:58:25.431  4836  4836 W C02c02/PARAM: Selinux check name persist.init.debug.loglevel in u:object_r:startup_init_param:s0 [4836 2000 2000] failed
CST 2026-07-17 19:58:25.431  4837  4837 W C02c02/PARAM: Selinux check name persist.init.debug.loglevel in u:object_r:startup_init_param:s0 [4837 2000 2000] failed
CST 2026-07-17 19:58:25.431  4837  4837 W C02c02/PARAM: Selinux check name persist.init.debug.loglevel in u:object_r:startup_init_param:s0 [4837 2000 2000] failed
CST 2026-07-17 19:58:25.431  4836  4836 W C02c02/PARAM: Selinux check name persist.init.debug.loglevel in u:object_r:startup_init_param:s0 [4836 2000 2000] failed
CST 2026-07-17 19:58:25.431  4836  4836 W C02c02/PARAM: SystemReadParam failed!name is:persist.init.debug.loglevel,err:1002
CST 2026-07-17 19:58:25.431  4837  4837 W C02c02/PARAM: SystemReadParam failed!name is:persist.init.debug.loglevel,err:1002
CST 2026-07-17 19:58:25.433  4835  4835 W C02c02/PARAM: Selinux check name persist.init.debug.loglevel in u:object_r:startup_init_param:s0 [4835 2000 2000] failed
CST 2026-07-17 19:58:25.433  4835  4835 W C02c02/PARAM: Selinux check name persist.init.debug.loglevel in u:object_r:startup_init_param:s0 [4835 2000 2000] failed
CST 2026-07-17 19:58:25.433  4835  4835 W C02c02/PARAM: SystemReadParam failed!name is:persist.init.debug.loglevel,err:1002
CST 2026-07-17 19:58:25.442  4839  4839 W C02c02/PARAM: Selinux check name persist.init.debug.loglevel in u:object_r:startup_init_param:s0 [4839 2000 2000] failed
CST 2026-07-17 19:58:25.442  4839  4839 W C02c02/PARAM: Selinux check name persist.init.debug.loglevel in u:object_r:startup_init_param:s0 [4839 2000 2000] failed
CST 2026-07-17 19:58:25.442  4839  4839 W C02c02/PARAM: SystemReadParam failed!name is:persist.init.debug.loglevel,err:1002
CST 2026-07-17 19:58:25.444  4838  4838 W C02c02/PARAM: Selinux check name persist.init.debug.loglevel in u:object_r:startup_init_param:s0 [4838 2000 2000] failed
CST 2026-07-17 19:58:25.444  4838  4838 W C02c02/PARAM: Selinux check name persist.init.debug.loglevel in u:object_r:startup_init_param:s0 [4838 2000 2000] failed
CST 2026-07-17 19:58:25.444  4838  4838 W C02c02/PARAM: SystemReadParam failed!name is:persist.init.debug.loglevel,err:1002
CST 2026-07-17 19:58:25.667  4841  4841 W C02c02/PARAM: Selinux check name persist.init.debug.loglevel in u:object_r:startup_init_param:s0 [4841 2000 2000] failed
CST 2026-07-17 19:58:25.667  4841  4841 W C02c02/PARAM: Selinux check name persist.init.debug.loglevel in u:object_r:startup_init_param:s0 [4841 2000 2000] failed
CST 2026-07-17 19:58:25.667  4841  4841 W C02c02/PARAM: SystemReadParam failed!name is:persist.init.debug.loglevel,err:1002
CST 2026-07-17 19:58:25.674  4843  4843 W C02c02/PARAM: Selinux check name persist.init.debug.loglevel in u:object_r:startup_init_param:s0 [4843 2000 2000] failed
CST 2026-07-17 19:58:25.674  4843  4843 W C02c02/PARAM: Selinux check name persist.init.debug.loglevel in u:object_r:startup_init_param:s0 [4843 2000 2000] failed
CST 2026-07-17 19:58:25.674  4843  4843 W C02c02/PARAM: SystemReadParam failed!name is:persist.init.debug.loglevel,err:1002
CST 2026-07-17 19:58:25.681  4844  4844 W C02c02/PARAM: Selinux check name persist.init.debug.loglevel in u:object_r:startup_init_param:s0 [4844 2000 2000] failed
CST 2026-07-17 19:58:25.681  4844  4844 W C02c02/PARAM: Selinux check name persist.init.debug.loglevel in u:object_r:startup_init_param:s0 [4844 2000 2000] failed
CST 2026-07-17 19:58:25.681  4844  4844 W C02c02/PARAM: SystemReadParam failed!name is:persist.init.debug.loglevel,err:1002
CST 2026-07-17 19:58:25.751   468  4369 E C01630/DistributedDB: [RelationalStore] Get schema failed when get download assets count, -1075, tableName: clo***ups, length: 12
CST 2026-07-17 19:58:25.751   468  4369 I C01630/DistributedDB: [RelationalStore Delegate] Get device sync task count 0
CST 2026-07-17 19:58:25.751   468  4369 I C01630/DistributedDB: erase all observer for this delegate.
CST 2026-07-17 19:58:25.751   468  4369 I C01630/DistributedDB: Remove from the cache
CST 2026-07-17 19:58:25.751   468  4369 I C01630/DistributedDB: [SyncEngine] [9CB] close enter!
CST 2026-07-17 19:58:25.751   468  4369 I C01630/DistributedDB: [CommAggr][Release] Label=E9C.
CST 2026-07-17 19:58:25.751   468  4369 I C01630/DistributedDB: [SyncEngine] [9CB] closed!
CST 2026-07-17 19:58:25.751   468  4369 I C01630/DistributedDB: [StorageEngine] close executor
CST 2026-07-17 19:58:25.756   468  4369 I C01630/DistributedDB: after close db,db file: [size: 262144, mtime: 1784281585, inode: 823370]; db wal file: [size: 1940552, mtime: 1784289386, inode: 823372]; db shm file: [size: 32768, mtime: 1784289386, inode: 823373]; db dwr file: [size: 118784, mtime: 1784289386, inode: 823371]; 
CST 2026-07-17 19:58:25.756   468  4369 I C01630/DistributedDB: [SyncEngine] [9CB] close enter!
CST 2026-07-17 19:58:25.756   468  4369 I C01630/DistributedDB: [SyncEngine] [9CB] closed!
CST 2026-07-17 19:58:25.756   468  4369 I C01630/DistributedDB: [RelationalStore Delegate] Close
CST 2026-07-17 19:58:25.756   468  4369 I C01655/RdbGeneralStore: ~RdbGeneralStore: 100,com.ohos.contactsdataability,537332348,con***
CST 2026-07-17 19:58:25.756   468  4369 I C01611/AutoCache: GarbageCollect: GarbageCollect end. remove count:1, remain count:0
CST 2026-07-17 19:58:25.841   697   764 I C02986/DisplayPowerBrightness: lux=[0/149974, 0/150119, 0/150265, 0/150410, 0/150556, 0/150701, ], bDelta=5.000000, dDelta=1.000000, size=70
CST 2026-07-17 19:58:25.906   162  1096 E C02d66/XPerf: [InquiryOhImpl::ExtractStringValue] Canonical FilePath: /sys/class/ithermal/lpm/lpm_freq failed.
CST 2026-07-17 19:58:25.906  1790  1834 I C0430a/file_monitor_service: [MainMissionStatus:197]CanExit
CST 2026-07-17 19:58:25.906  1790  1834 I C0430a/file_monitor_service: [MainMissionStatus:203]SecondaryScanner idle
CST 2026-07-17 19:58:25.906   162  1096 E C02d66/XPerf: [InquiryOhImpl::ExtractStringValue] Canonical FilePath: /sys/class/power_supply/Battery/status failed.
CST 2026-07-17 19:58:26.069  4850  4850 W C02c02/PARAM: Selinux check name persist.init.debug.loglevel in u:object_r:startup_init_param:s0 [4850 2000 2000] failed
CST 2026-07-17 19:58:26.069  4850  4850 W C02c02/PARAM: Selinux check name persist.init.debug.loglevel in u:object_r:startup_init_param:s0 [4850 2000 2000] failed
CST 2026-07-17 19:58:26.069  4850  4850 W C02c02/PARAM: SystemReadParam failed!name is:persist.init.debug.loglevel,err:1002
CST 2026-07-17 19:58:26.076  4850  4850 W C02c02/PARAM: Selinux check name persist.init.debug.loglevel in u:object_r:startup_init_param:s0 [4850 2000 2000] failed
CST 2026-07-17 19:58:26.076  4850  4850 W C02c02/PARAM: Selinux check name persist.init.debug.loglevel in u:object_r:startup_init_param:s0 [4850 2000 2000] failed
CST 2026-07-17 19:58:26.076  4850  4850 W C02c02/PARAM: SystemReadParam failed!name is:persist.init.debug.loglevel,err:1002
CST 2026-07-17 19:58:26.164   590   783 W C02943/ThermalHdi: Read node failed, title = brightness
CST 2026-07-17 19:58:26.165   590   783 W C02943/ThermalHdi: Read node failed, title = 
CST 2026-07-17 19:58:26.165   590   783 W C02943/ThermalHdi: Read node failed, title = 
CST 2026-07-17 19:58:26.165   590   783 W C02943/ThermalHdi: Read node failed, title = 
CST 2026-07-17 19:58:26.165   590   783 W C02943/ThermalHdi: Read node failed, title = 
CST 2026-07-17 19:58:26.165   590   783 W C02943/ThermalHdi: Read node failed, title = 
CST 2026-07-17 19:58:26.165   590   783 W C02943/ThermalHdi: Read node failed, title = 
CST 2026-07-17 19:58:26.165   590   783 W C02943/ThermalHdi: Read node failed, title = 
CST 2026-07-17 19:58:26.165   590   783 W C02943/ThermalHdi: Read node failed, title = 
CST 2026-07-17 19:58:26.165   590   783 W C02943/ThermalHdi: Read node failed, title = 
CST 2026-07-17 19:58:26.165   590   783 W C02943/ThermalHdi: Read node failed, title = 
CST 2026-07-17 19:58:26.165   590   783 W C02943/ThermalHdi: Read node failed, title = 
CST 2026-07-17 19:58:26.165   590   783 W C02943/ThermalHdi: Read node failed, title = 
CST 2026-07-17 19:58:26.165   590   783 W C02943/ThermalHdi: Read node failed, title = 
CST 2026-07-17 19:58:26.165   590   783 W C02943/ThermalHdi: Read node failed, title = 
CST 2026-07-17 19:58:26.165   590   783 W C02943/ThermalHdi: Read node failed, title = 
CST 2026-07-17 19:58:26.165   590   783 W C02943/ThermalHdi: Read node failed, title = 
CST 2026-07-17 19:58:26.165   590   783 W C02943/ThermalHdi: Read node failed, title = 
CST 2026-07-17 19:58:26.165   590   783 W C02943/ThermalHdi: Read node failed, title = 
CST 2026-07-17 19:58:26.165   590   783 W C02943/ThermalHdi: Read node failed, title = 
CST 2026-07-17 19:58:26.165   590   783 W C02943/ThermalHdi: Read node failed, title = 
CST 2026-07-17 19:58:26.165   590   783 W C02943/ThermalHdi: Read node failed, title = 
CST 2026-07-17 19:58:26.165   590   783 W C02943/ThermalHdi: Read node failed, title = 
CST 2026-07-17 19:58:26.165   590   783 W C02943/ThermalHdi: Read node failed, title = 
CST 2026-07-17 19:58:26.165   590   783 W C02943/ThermalHdi: Read node failed, title = 
CST 2026-07-17 19:58:26.165   590   783 W C02943/ThermalHdi: Read node failed, title = ambient
CST 2026-07-17 19:58:26.165   590   783 W C02943/ThermalHdi: Read node failed, title = ibat
CST 2026-07-17 19:58:26.165   590   783 W C02943/ThermalHdi: Read node failed, title = vbat
CST 2026-07-17 19:58:26.165   590   783 W C02943/ThermalHdi: Read node failed, title = cpu0_min_freq
CST 2026-07-17 19:58:26.165   590   783 W C02943/ThermalHdi: Read node failed, title = cpu0_cur_freq
CST 2026-07-17 19:58:26.165   590   783 W C02943/ThermalHdi: Read node failed, title = cpu0_max_freq
CST 2026-07-17 19:58:26.165   590   783 W C02943/ThermalHdi: Read node failed, title = cpu4_min_freq
CST 2026-07-17 19:58:26.165   590   783 W C02943/ThermalHdi: Read node failed, title = cpu4_cur_freq
CST 2026-07-17 19:58:26.165   590   783 W C02943/ThermalHdi: Read node failed, title = cpu4_max_freq
CST 2026-07-17 19:58:26.165   590   783 W C02943/ThermalHdi: Read node failed, title = cpu7_min_freq
CST 2026-07-17 19:58:26.165   590   783 W C02943/ThermalHdi: Read node failed, title = cpu7_cur_freq
CST 2026-07-17 19:58:26.165   590   783 W C02943/ThermalHdi: Read node failed, title = cpu7_max_freq
CST 2026-07-17 19:58:26.165   590   783 W C02943/ThermalHdi: Read node failed, title = gpu_min_freq
CST 2026-07-17 19:58:26.165   590   783 W C02943/ThermalHdi: Read node failed, title = gpu_cur_freq
CST 2026-07-17 19:58:26.165   590   783 W C02943/ThermalHdi: Read node failed, title = gpu_max_freq
CST 2026-07-17 19:58:26.165   590   783 W C02943/ThermalHdi: Read node failed, title = ddr_cur_freq
CST 2026-07-17 19:58:26.165   590   783 W C02943/ThermalHdi: Read node failed, title = set_IPApower
CST 2026-07-17 19:58:26.165   590   783 W C02943/ThermalHdi: Read node failed, title = cur_IPApower
CST 2026-07-17 19:58:26.165   590   783 W C02943/ThermalHdi: get node failed
CST 2026-07-17 19:58:26.165   590   783 W C02943/ThermalHdi: get node failed
CST 2026-07-17 19:58:26.165   590   783 W C02943/ThermalHdi: get node failed
CST 2026-07-17 19:58:26.231  1522  1522 W A01c06/ICON: AppIconWeatherModel --> initWeatherListener, retryTimes: 4
CST 2026-07-17 19:58:26.238   468  1324 E C01707/CONCUR: [Interface] task 1324 apply qos failed, errno = 4
CST 2026-07-17 19:58:26.238   468  1324 E C01611/QosManager: QosManager: Failed to set thread QoS to QOS_USER_INTERACTIVE, ret: -1
CST 2026-07-17 19:58:26.238   770   800 W C01123/BMSCommon: bundle not exist -n com.huawei.hmsapp.totemweather -u 100 -i 0 -f 32
CST 2026-07-17 19:58:26.238   770   800 W C01121/BMSQuery: GetBundleInfo failed -n com.huawei.hmsapp.totemweather -u 100
CST 2026-07-17 19:58:26.238   468  1324 E C01651/BundleMgrProxy: GetBundleInfoFromBMS: GetBundleInfo failed!bundleName is com.huawei.hmsapp.totemweather, userId is 100
CST 2026-07-17 19:58:26.238   468  1324 E C01651/DataProviderConfig: GetFromProxyData: Get bundleInfo failed! bundleName:com.huawei.hmsapp.totemweather, userId:100, visitedId:100, uri:******icIconInfo
CST 2026-07-17 19:58:26.238   468  1324 E C01651/DataShareServiceImpl: GetBMSAndMetaDataStatus: CalledInfo failed! token:0x20087fab,ret:1001,uri:******icIconInfo
CST 2026-07-17 19:58:26.238   468  1324 E C01651/DataShareServiceImpl: GetSilentProxyStatus: BMS or metaData not ready to complete, token:0x20087fab, uri:******icIconInfo
CST 2026-07-17 19:58:26.238  1522  1522 E A01c06/ICON: AppIconWeatherModel --> get weather info failed, code: 15700010, message: The DataShareHelper is not initialized successfully.
CST 2026-07-17 19:58:26.309   143   193 I C01800/SAMGR: NF SA:65962,776_246
CST 2026-07-17 19:58:26.402  4854  4854 W C02c02/PARAM: Selinux check name persist.init.debug.loglevel in u:object_r:startup_init_param:s0 [4854 2000 2000] failed
CST 2026-07-17 19:58:26.402  4854  4854 W C02c02/PARAM: Selinux check name persist.init.debug.loglevel in u:object_r:startup_init_param:s0 [4854 2000 2000] failed
CST 2026-07-17 19:58:26.402  4854  4854 W C02c02/PARAM: SystemReadParam failed!name is:persist.init.debug.loglevel,err:1002
CST 2026-07-17 19:58:26.409  4858  4858 W C02c02/PARAM: Selinux check name persist.init.debug.loglevel in u:object_r:startup_init_param:s0 [4858 2000 2000] failed
CST 2026-07-17 19:58:26.409  4858  4858 W C02c02/PARAM: Selinux check name persist.init.debug.loglevel in u:object_r:startup_init_param:s0 [4858 2000 2000] failed
CST 2026-07-17 19:58:26.409  4856  4856 W C02c02/PARAM: Selinux check name persist.init.debug.loglevel in u:object_r:startup_init_param:s0 [4856 2000 2000] failed
CST 2026-07-17 19:58:26.409  4857  4857 W C02c02/PARAM: Selinux check name persist.init.debug.loglevel in u:object_r:startup_init_param:s0 [4857 2000 2000] failed
CST 2026-07-17 19:58:26.409  4857  4857 W C02c02/PARAM: Selinux check name persist.init.debug.loglevel in u:object_r:startup_init_param:s0 [4857 2000 2000] failed
CST 2026-07-17 19:58:26.409  4856  4856 W C02c02/PARAM: Selinux check name persist.init.debug.loglevel in u:object_r:startup_init_param:s0 [4856 2000 2000] failed
CST 2026-07-17 19:58:26.409  4858  4858 W C02c02/PARAM: SystemReadParam failed!name is:persist.init.debug.loglevel,err:1002
CST 2026-07-17 19:58:26.409  4856  4856 W C02c02/PARAM: SystemReadParam failed!name is:persist.init.debug.loglevel,err:1002
CST 2026-07-17 19:58:26.409  4857  4857 W C02c02/PARAM: SystemReadParam failed!name is:persist.init.debug.loglevel,err:1002
CST 2026-07-17 19:58:26.417  4860  4860 W C02c02/PARAM: Selinux check name persist.init.debug.loglevel in u:object_r:startup_init_param:s0 [4860 2000 2000] failed
CST 2026-07-17 19:58:26.417  4860  4860 W C02c02/PARAM: Selinux check name persist.init.debug.loglevel in u:object_r:startup_init_param:s0 [4860 2000 2000] failed
CST 2026-07-17 19:58:26.417  4860  4860 W C02c02/PARAM: SystemReadParam failed!name is:persist.init.debug.loglevel,err:1002
CST 2026-07-17 19:58:26.417  4859  4859 W C02c02/PARAM: Selinux check name persist.init.debug.loglevel in u:object_r:startup_init_param:s0 [4859 2000 2000] failed
CST 2026-07-17 19:58:26.417  4859  4859 W C02c02/PARAM: Selinux check name persist.init.debug.loglevel in u:object_r:startup_init_param:s0 [4859 2000 2000] failed
CST 2026-07-17 19:58:26.417  4859  4859 W C02c02/PARAM: SystemReadParam failed!name is:persist.init.debug.loglevel,err:1002
CST 2026-07-17 19:58:26.509   143   193 I C01800/SAMGR: NF SA:65962,776_247
CST 2026-07-17 19:58:26.622  4863  4863 W C02c02/PARAM: Selinux check name persist.init.debug.loglevel in u:object_r:startup_init_param:s0 [4863 2000 2000] failed
CST 2026-07-17 19:58:26.622  4863  4863 W C02c02/PARAM: Selinux check name persist.init.debug.loglevel in u:object_r:startup_init_param:s0 [4863 2000 2000] failed
CST 2026-07-17 19:58:26.622  4863  4863 W C02c02/PARAM: SystemReadParam failed!name is:persist.init.debug.loglevel,err:1002
CST 2026-07-17 19:58:26.629  4865  4865 W C02c02/PARAM: Selinux check name persist.init.debug.loglevel in u:object_r:startup_init_param:s0 [4865 2000 2000] failed
CST 2026-07-17 19:58:26.630  4865  4865 W C02c02/PARAM: Selinux check name persist.init.debug.loglevel in u:object_r:startup_init_param:s0 [4865 2000 2000] failed
CST 2026-07-17 19:58:26.630  4865  4865 W C02c02/PARAM: SystemReadParam failed!name is:persist.init.debug.loglevel,err:1002
CST 2026-07-17 19:58:26.638  4866  4866 W C02c02/PARAM: Selinux check name persist.init.debug.loglevel in u:object_r:startup_init_param:s0 [4866 2000 2000] failed
CST 2026-07-17 19:58:26.638  4866  4866 W C02c02/PARAM: Selinux check name persist.init.debug.loglevel in u:object_r:startup_init_param:s0 [4866 2000 2000] failed
CST 2026-07-17 19:58:26.638  4866  4866 W C02c02/PARAM: SystemReadParam failed!name is:persist.init.debug.loglevel,err:1002
CST 2026-07-17 19:58:26.710   143   193 I C01800/SAMGR: NF SA:65962,776_248
CST 2026-07-17 19:58:26.859  4869  4869 W C02c02/PARAM: Selinux check name persist.init.debug.loglevel in u:object_r:startup_init_param:s0 [4869 2000 2000] failed
CST 2026-07-17 19:58:26.859  4869  4869 W C02c02/PARAM: Selinux check name persist.init.debug.loglevel in u:object_r:startup_init_param:s0 [4869 2000 2000] failed
CST 2026-07-17 19:58:26.859  4869  4869 W C02c02/PARAM: SystemReadParam failed!name is:persist.init.debug.loglevel,err:1002
CST 2026-07-17 19:58:26.906  1790  1834 I C0430a/file_monitor_service: [MainMissionStatus:197]CanExit
CST 2026-07-17 19:58:26.906  1790  1834 I C0430a/file_monitor_service: [MainMissionStatus:203]SecondaryScanner idle
CST 2026-07-17 19:58:26.910   143   193 I C01800/SAMGR: NF SA:65962,776_249
CST 2026-07-17 19:58:26.991  4869  4869 W C02c02/PARAM: Selinux check name debug.dfx.tags.enableleak in u:object_r:debug_param:s0 [4869 2000 2000] failed
CST 2026-07-17 19:58:26.991  4869  4869 W C02c02/PARAM: SystemReadParam failed!name is:debug.dfx.tags.enableleak,err:1002
CST 2026-07-17 19:58:26.999  4869  4869 W C02c02/PARAM: Selinux check name persist.graphic.profiler.enabled in u:object_r:debug_param:s0 [4869 2000 2000] failed
CST 2026-07-17 19:58:26.999  4869  4869 E C02c02/PARAM: Forbid to read parameter persist.graphic.profiler.enabled
CST 2026-07-17 19:58:26.999  4869  4869 E C02c02/PARAM: Forbid to access parameter persist.graphic.profiler.enabled
CST 2026-07-17 19:58:26.999  4869  4869 W C02c02/PARAM: Selinux check name persist.graphic.profiler.betarecording in u:object_r:debug_param:s0 [4869 2000 2000] failed
CST 2026-07-17 19:58:26.999  4869  4869 E C02c02/PARAM: Forbid to read parameter persist.graphic.profiler.betarecording
CST 2026-07-17 19:58:26.999  4869  4869 E C02c02/PARAM: Forbid to access parameter persist.graphic.profiler.betarecording
CST 2026-07-17 19:58:27.000  4869  4869 W C03100/UiTestKit_Base: [ui_driver.cpp:(CheckStatus)] Not connect to AAMS, try to reconnect
CST 2026-07-17 19:58:27.001  4869  4871 W C057c1/IPCWorkThread: ThreadHandler: proto:0 policy:1 name:OS_IPC_0_4871 invoker:9984848
CST 2026-07-17 19:58:27.001  4869  4872 W C057c1/IPCWorkThread: ThreadHandler: proto:0 policy:0 name:OS_IPC_1_4872 invoker:9985424
CST 2026-07-17 19:58:27.002   146   192 I C02c03/PARAM_WATCHER: [watcher_manager.cpp:72]Add remote watcher remoteWatcherId 59 4869 success
CST 2026-07-17 19:58:27.002   146   192 I C02c03/PARAM_WATCHER: SendLocalChange start keyPrefix accessibility.config.ready remoteWatcherId 59
CST 2026-07-17 19:58:27.002   146   192 I C02c03/PARAM_WATCHER: [watcher_manager.cpp:187]Add watcher accessibility.config.ready remoteWatcherId: 59 groupId 80 success
CST 2026-07-17 19:58:27.002  4869  4869 I C02c03/PARAM_WATCHER: Add watcher keyPrefix accessibility.config.ready remoteWatcherId 59 success
CST 2026-07-17 19:58:27.002  4869  4872 I C01d01/accessibility_aakit: [(OnParameterChanged:151)]InitAccessibilityServiceProxy success
CST 2026-07-17 19:58:27.003  4869  4869 I C01d01/accessibility_aakit: [(Connect:64)]
CST 2026-07-17 19:58:27.003   201   201 I C01d00/accessibility: [(IsSystemApp:1502)]Caller is not a application.
CST 2026-07-17 19:58:27.008   201  2133 E C01d05/accessibility_interface: [(OnAccessibilityEnableAbilityListsChanged:62)]OnAccessibilityEnableAbilityListsChanged fail, error: 29201
CST 2026-07-17 19:58:27.009  4869  4869 I C03100/UiTestKit_Server: [system_ui_controller.cpp:(ConnectToSysAbility)] Connect to AAMS, result: 0
CST 2026-07-17 19:58:27.012   201  2303 E C01d05/accessibility_interface: [(OnAccessibilityInstallAbilityListsChanged:89)]OnAccessibilityInstallAbilityListsChanged fail, error: 29201
CST 2026-07-17 19:58:27.012   201  2303 I C01d00/accessibility: [(AddAccessibilityAbility:1406)]uri is <private>
CST 2026-07-17 19:58:27.017  4874  4874 W C02c02/PARAM: Selinux check name persist.init.debug.loglevel in u:object_r:startup_init_param:s0 [4874 2000 2000] failed
CST 2026-07-17 19:58:27.017  4874  4874 W C02c02/PARAM: Selinux check name persist.init.debug.loglevel in u:object_r:startup_init_param:s0 [4874 2000 2000] failed
CST 2026-07-17 19:58:27.017  4874  4874 W C02c02/PARAM: SystemReadParam failed!name is:persist.init.debug.loglevel,err:1002
CST 2026-07-17 19:58:27.018   468  1324 E C01707/CONCUR: [Interface] task 1324 apply qos failed, errno = 4
CST 2026-07-17 19:58:27.018   468  1324 E C01611/QosManager: QosManager: Failed to set thread QoS to QOS_USER_INTERACTIVE, ret: -1
CST 2026-07-17 19:58:27.024  4874  4874 W C02c02/PARAM: Selinux check name persist.init.debug.loglevel in u:object_r:startup_init_param:s0 [4874 2000 2000] failed
CST 2026-07-17 19:58:27.024  4874  4874 W C02c02/PARAM: Selinux check name persist.init.debug.loglevel in u:object_r:startup_init_param:s0 [4874 2000 2000] failed
CST 2026-07-17 19:58:27.024  4874  4874 W C02c02/PARAM: SystemReadParam failed!name is:persist.init.debug.loglevel,err:1002
CST 2026-07-17 19:58:27.025   468  1324 E C01707/CONCUR: [Interface] task 1324 apply qos failed, errno = 4
CST 2026-07-17 19:58:27.025   468  1324 E C01611/QosManager: QosManager: Failed to set thread QoS to QOS_USER_INTERACTIVE, ret: -1
CST 2026-07-17 19:58:27.025   468  1324 I C01651/DataShareServiceStub: OnRemoteRequest: code:21, callingPid:201
CST 2026-07-17 19:58:27.025   468  1324 I C01631/GaussPD:  [0] [ADAPTER] [140151183563520] Not support binlog_default.writeLock file enable del monitor sysno = 25
CST 2026-07-17 19:58:27.026   468  1324 I C01631/GaussPD:  [0] [ADAPTER] [140151183563520] Not support binlog_default.writeLock file enable del monitor sysno = 25
CST 2026-07-17 19:58:27.026   468  1324 I C01631/GaussPD:  [0] [ADAPTER] [140151183563520] Not support binlog_default.writeLock file enable del monitor sysno = 25
CST 2026-07-17 19:58:27.026   468  1324 I C01631/GaussPD:  [0] [ADAPTER] [140151183563520] Not support binlog_default.writeLock file enable del monitor sysno = 25
CST 2026-07-17 19:58:27.026   468  1324 I C01631/GaussPD:  [0] [ADAPTER] [140151183563520] Not support binlog_default.writeIndex file enable del monitor sysno = 25
CST 2026-07-17 19:58:27.026   468  1324 I C01631/GaussPD:  [0] [ADAPTER] [140151183563520] Not support binlog_default.writeIndex file enable del monitor sysno = 25
CST 2026-07-17 19:58:27.026   468  1324 I C01651/DataShareServiceStub: OnUpdateEx: Update uri:******uide_state, e:0, s:1
CST 2026-07-17 19:58:27.032   468  1324 E C01707/CONCUR: [Interface] task 1324 apply qos failed, errno = 4
CST 2026-07-17 19:58:27.032   468  1324 E C01611/QosManager: QosManager: Failed to set thread QoS to QOS_USER_INTERACTIVE, ret: -1
CST 2026-07-17 19:58:27.032   468  1324 I C01651/DataShareServiceStub: OnRemoteRequest: code:14, callingPid:201
CST 2026-07-17 19:58:27.038   468  1324 E C01707/CONCUR: [Interface] task 1324 apply qos failed, errno = 4
CST 2026-07-17 19:58:27.038   468  1324 E C01611/QosManager: QosManager: Failed to set thread QoS to QOS_USER_INTERACTIVE, ret: -1
CST 2026-07-17 19:58:27.038   468  1324 I C01651/DataShareServiceStub: OnRemoteRequest: code:21, callingPid:201
CST 2026-07-17 19:58:27.039   468  1324 I C01631/GaussPD:  [0] [ADAPTER] [140151183563520] Not support binlog_default.writeLock file enable del monitor sysno = 25
CST 2026-07-17 19:58:27.039   468  1324 I C01631/GaussPD:  [0] [ADAPTER] [140151183563520] Not support binlog_default.writeLock file enable del monitor sysno = 25
CST 2026-07-17 19:58:27.039   468  1324 I C01631/GaussPD:  [0] [ADAPTER] [140151183563520] Not support binlog_default.writeLock file enable del monitor sysno = 25
CST 2026-07-17 19:58:27.039   468  1324 I C01631/GaussPD:  [0] [ADAPTER] [140151183563520] Not support binlog_default.writeLock file enable del monitor sysno = 25
CST 2026-07-17 19:58:27.039   468  1324 I C01631/GaussPD:  [0] [ADAPTER] [140151183563520] Not support binlog_default.writeIndex file enable del monitor sysno = 25
CST 2026-07-17 19:58:27.039   468  1324 I C01631/GaussPD:  [0] [ADAPTER] [140151183563520] Not support binlog_default.writeIndex file enable del monitor sysno = 25
CST 2026-07-17 19:58:27.039   468  1324 I C01651/DataShareServiceStub: OnUpdateEx: Update uri:******ture_state, e:0, s:1
CST 2026-07-17 19:58:27.045   468  1324 E C01707/CONCUR: [Interface] task 1324 apply qos failed, errno = 4
CST 2026-07-17 19:58:27.045   468  1324 E C01611/QosManager: QosManager: Failed to set thread QoS to QOS_USER_INTERACTIVE, ret: -1
CST 2026-07-17 19:58:27.045   468  1324 I C01651/DataShareServiceStub: OnRemoteRequest: code:14, callingPid:201
CST 2026-07-17 19:58:27.051   468  1324 E C01707/CONCUR: [Interface] task 1324 apply qos failed, errno = 4
CST 2026-07-17 19:58:27.051   468  1324 E C01611/QosManager: QosManager: Failed to set thread QoS to QOS_USER_INTERACTIVE, ret: -1
CST 2026-07-17 19:58:27.051   468  1324 I C01651/DataShareServiceStub: OnRemoteRequest: code:21, callingPid:201
CST 2026-07-17 19:58:27.052   468  1324 I C01631/GaussPD:  [0] [ADAPTER] [140151183563520] Not support binlog_default.writeLock file enable del monitor sysno = 25
CST 2026-07-17 19:58:27.052   468  1324 I C01631/GaussPD:  [0] [ADAPTER] [140151183563520] Not support binlog_default.writeLock file enable del monitor sysno = 25
CST 2026-07-17 19:58:27.052   468  1324 I C01631/GaussPD:  [0] [ADAPTER] [140151183563520] Not support binlog_default.writeLock file enable del monitor sysno = 25
CST 2026-07-17 19:58:27.052   468  1324 I C01631/GaussPD:  [0] [ADAPTER] [140151183563520] Not support binlog_default.writeLock file enable del monitor sysno = 25
CST 2026-07-17 19:58:27.052   468  1324 I C01631/GaussPD:  [0] [ADAPTER] [140151183563520] Not support binlog_default.writeIndex file enable del monitor sysno = 25
CST 2026-07-17 19:58:27.052   468  1324 I C01631/GaussPD:  [0] [ADAPTER] [140151183563520] Not support binlog_default.writeIndex file enable del monitor sysno = 25
CST 2026-07-17 19:58:27.053   468  1324 I C01651/DataShareServiceStub: OnUpdateEx: Update uri:******t_observer, e:0, s:1
CST 2026-07-17 19:58:27.059   468  1324 E C01707/CONCUR: [Interface] task 1324 apply qos failed, errno = 4
CST 2026-07-17 19:58:27.059   468  1324 E C01611/QosManager: QosManager: Failed to set thread QoS to QOS_USER_INTERACTIVE, ret: -1
CST 2026-07-17 19:58:27.059   468  1324 I C01651/DataShareServiceStub: OnRemoteRequest: code:14, callingPid:201
CST 2026-07-17 19:58:27.059   201  2303 E C01d00/accessibility: [(CheckExtProxyStatus:820)]Extension Proxy is not load
CST 2026-07-17 19:58:27.059   201  2303 I C01d00/accessibility: [(GetAccessibilityState:115)]EnabledState[0], TouchGuideState[0], KeyEventObserverState[0], GestureState[0], ScreenReaderState[0], SingleClickMode[0], AnimationOffState[0], AudioMonoState[0], FlashReminderSwitch[0]
CST 2026-07-17 19:58:27.064   468  1324 E C01707/CONCUR: [Interface] task 1324 apply qos failed, errno = 4
CST 2026-07-17 19:58:27.064   468  1324 E C01611/QosManager: QosManager: Failed to set thread QoS to QOS_USER_INTERACTIVE, ret: -1
CST 2026-07-17 19:58:27.064   468  1324 I C01651/DataShareServiceStub: OnRemoteRequest: code:21, callingPid:201
CST 2026-07-17 19:58:27.065   468  1324 I C01631/GaussPD:  [0] [ADAPTER] [140151183563520] Not support binlog_default.writeLock file enable del monitor sysno = 25
CST 2026-07-17 19:58:27.065   468  1324 I C01631/GaussPD:  [0] [ADAPTER] [140151183563520] Not support binlog_default.writeLock file enable del monitor sysno = 25
CST 2026-07-17 19:58:27.065   468  1324 I C01631/GaussPD:  [0] [ADAPTER] [140151183563520] Not support binlog_default.writeLock file enable del monitor sysno = 25
CST 2026-07-17 19:58:27.066   468  1324 I C01631/GaussPD:  [0] [ADAPTER] [140151183563520] Not support binlog_default.writeLock file enable del monitor sysno = 25
CST 2026-07-17 19:58:27.066   468  1324 I C01631/GaussPD:  [0] [ADAPTER] [140151183563520] Not support binlog_default.writeIndex file enable del monitor sysno = 25
CST 2026-07-17 19:58:27.066   468  1324 I C01631/GaussPD:  [0] [ADAPTER] [140151183563520] Not support binlog_default.writeIndex file enable del monitor sysno = 25
CST 2026-07-17 19:58:27.066   468  1324 I C01651/DataShareServiceStub: OnUpdateEx: Update uri:******essibility, e:0, s:1
CST 2026-07-17 19:58:27.072   468  1324 E C01707/CONCUR: [Interface] task 1324 apply qos failed, errno = 4
CST 2026-07-17 19:58:27.072   468  1324 E C01611/QosManager: QosManager: Failed to set thread QoS to QOS_USER_INTERACTIVE, ret: -1
CST 2026-07-17 19:58:27.072   468  1324 I C01651/DataShareServiceStub: OnRemoteRequest: code:14, callingPid:201
CST 2026-07-17 19:58:27.072   201  2303 I C01d00/accessibility: [(OnStateObservers:3654)]state is 1
CST 2026-07-17 19:58:27.072  1612  2927 I C01d02/accessibility_asacfwk: [(NotifyStateChanged:705)]observers size is 1
CST 2026-07-17 19:58:27.072  1522  2235 I C01d02/accessibility_asacfwk: [(NotifyStateChanged:705)]observers size is 2
CST 2026-07-17 19:58:27.072  1522  2235 I C01d10/accessibility_napi: [(OnStateChanged:1885)]
CST 2026-07-17 19:58:27.072  1612  2927 I C01d10/accessibility_napi: [(OnStateChanged:1885)]
CST 2026-07-17 19:58:27.072  1612  2927 I C01d02/accessibility_asacfwk: [(NotifyStateChanged:705)]observers size is 0
CST 2026-07-17 19:58:27.072  4125  4684 I C01d02/accessibility_asacfwk: [(NotifyStateChanged:705)]observers size is 1
CST 2026-07-17 19:58:27.072  2207  2209 I C01d02/accessibility_asacfwk: [(NotifyStateChanged:705)]observers size is 1
CST 2026-07-17 19:58:27.072  1522  2235 I C01d02/accessibility_asacfwk: [(NotifyStateChanged:705)]observers size is 1
CST 2026-07-17 19:58:27.072  4125  4684 I C01d02/accessibility_asacfwk: [(NotifyStateChanged:705)]observers size is 1
CST 2026-07-17 19:58:27.072  2207  2209 I C01d02/accessibility_asacfwk: [(NotifyStateChanged:705)]observers size is 1
CST 2026-07-17 19:58:27.072  1522  1522 I C01d02/accessibility_asacfwk: [(RegisterElementOperator:388)]Register windowId[1] start
CST 2026-07-17 19:58:27.072  4125  4125 I C01d02/accessibility_asacfwk: [(RegisterElementOperator:388)]Register windowId[30] start
CST 2026-07-17 19:58:27.072  1522  1522 I C0392a/AceUiExtensionComponent: [(-2:100000:singleton)] [@1869][ID: 1] treeId: 0, id: 132
CST 2026-07-17 19:58:27.073   201  3020 I C01d00/accessibility: [(RegisterElementOperatorByParameter:1296)]get treeId element and treeid - treeId: 10 parameter.elementId[132]element[132]
CST 2026-07-17 19:58:27.078   468  1324 E C01707/CONCUR: [Interface] task 1324 apply qos failed, errno = 4
CST 2026-07-17 19:58:27.078   468  1324 E C01611/QosManager: QosManager: Failed to set thread QoS to QOS_USER_INTERACTIVE, ret: -1
CST 2026-07-17 19:58:27.078   468  1324 I C01651/DataShareServiceStub: OnRemoteRequest: code:21, callingPid:201
CST 2026-07-17 19:58:27.079   468  1324 I C01631/GaussPD:  [0] [ADAPTER] [140151183563520] Not support binlog_default.writeLock file enable del monitor sysno = 25
CST 2026-07-17 19:58:27.079   468  1324 I C01631/GaussPD:  [0] [ADAPTER] [140151183563520] Not support binlog_default.writeLock file enable del monitor sysno = 25
CST 2026-07-17 19:58:27.079   468  1324 I C01631/GaussPD:  [0] [ADAPTER] [140151183563520] Not support binlog_default.writeLock file enable del monitor sysno = 25
CST 2026-07-17 19:58:27.080   468  1324 I C01631/GaussPD:  [0] [ADAPTER] [140151183563520] Not support binlog_default.writeLock file enable del monitor sysno = 25
CST 2026-07-17 19:58:27.080   468  1324 I C01631/GaussPD:  [0] [ADAPTER] [140151183563520] Not support binlog_default.writeIndex file enable del monitor sysno = 25
CST 2026-07-17 19:58:27.080   468  1324 I C01631/GaussPD:  [0] [ADAPTER] [140151183563520] Not support binlog_default.writeIndex file enable del monitor sysno = 25
CST 2026-07-17 19:58:27.081   468  1324 I C01651/DataShareServiceStub: OnUpdateEx: Update uri:******lity_state, e:0, s:1
CST 2026-07-17 19:58:27.087   468  1324 E C01707/CONCUR: [Interface] task 1324 apply qos failed, errno = 4
CST 2026-07-17 19:58:27.087   468  1324 E C01611/QosManager: QosManager: Failed to set thread QoS to QOS_USER_INTERACTIVE, ret: -1
CST 2026-07-17 19:58:27.087   468  1324 I C01651/DataShareServiceStub: OnRemoteRequest: code:14, callingPid:201
CST 2026-07-17 19:58:27.087   201  2303 I C01d00/accessibility: [(Unregister:76)]unregister shortcut key, last subscribeId is 18
CST 2026-07-17 19:58:27.087   201  2303 I C02800/InputManagerImpl: [][UnsubscribeKeyEvent:404] enter
CST 2026-07-17 19:58:27.087   201  2303 I C02800/KeyEventInputSubscribeManager: [][UnsubscribeKeyEvent:202] enter
CST 2026-07-17 19:58:27.087   251   264 I C02800/MMIService: [][UnsubscribeKeyEvent:2540] enter
CST 2026-07-17 19:58:27.087   251   516 I C02802/KeySubscriberHandler: [|172]SubscribeId:18, pid:201
CST 2026-07-17 19:58:27.087   251   516 I C02800/KeySubscriberHandler: [][RemoveKeyGestureSubscriber:243] enter
CST 2026-07-17 19:58:27.087   251   516 I C02802/KeySubscriberHandler: [|253]Removing handler(23) of key gesture
CST 2026-07-17 19:58:27.087   251   516 I C02802/KeyGestureManager: [|107]Handler(23) of key gesture was removed
CST 2026-07-17 19:58:27.087   251   516 I C02800/KeySubscriberHandler: [][RemoveKeyGestureSubscriber] leave
CST 2026-07-17 19:58:27.087   251   264 I C02800/MMIService: [][UnsubscribeKeyEvent] leave
CST 2026-07-17 19:58:27.087   201  2303 I C02800/KeyEventInputSubscribeManager: [][UnsubscribeKeyEvent] leave
CST 2026-07-17 19:58:27.087   201  2303 I C02800/InputManagerImpl: [][UnsubscribeKeyEvent] leave
CST 2026-07-17 19:58:27.087   201  2303 I C01d00/accessibility: [(Register:57)]
CST 2026-07-17 19:58:27.087   201  2303 I C02800/InputManagerImpl: [][SubscribeKeyEvent:385] enter
CST 2026-07-17 19:58:27.088   251   516 I C02800/KeyGestureManager: [][ShouldIntercept:461] enter
CST 2026-07-17 19:58:27.088   251   516 I C02800/KeyGestureManager: [][ShouldIntercept] leave
CST 2026-07-17 19:58:27.088   251   516 I C02800/KeySubscriberHandler: [][AddKeyGestureSubscriber:218] enter
CST 2026-07-17 19:58:27.088   251   516 I C02802/KeySubscriberHandler: [|229]Handler(24) of key gesture was added
CST 2026-07-17 19:58:27.088   251   516 I C02800/KeySubscriberHandler: [][AddKeyGestureSubscriber] leave
CST 2026-07-17 19:58:27.088   201  2303 I C02800/InputManagerImpl: [][SubscribeKeyEvent] leave
CST 2026-07-17 19:58:27.088   201  2303 I C01d00/accessibility: [(operator():1152)]Register windowId[30]
CST 2026-07-17 19:58:27.088   201  2303 I C01d00/accessibility: [(AddAccessibilityWindowConnection:326)]windowId(30)
CST 2026-07-17 19:58:27.088   201  2303 I C01d00/accessibility: [(operator():1152)]Register windowId[1]
CST 2026-07-17 19:58:27.088   201  2303 I C01d00/accessibility: [(AddAccessibilityWindowConnection:326)]windowId(1)
CST 2026-07-17 19:58:27.088   201  2303 I C01d00/accessibility: [(InitSceneBoard:1362)]
CST 2026-07-17 19:58:27.089   201  2303 I C01d00/accessibility: [(operator():1304)]Register windowId[1]
CST 2026-07-17 19:58:27.110   143   193 I C01800/SAMGR: NF SA:65962,776_250
CST 2026-07-17 19:58:27.154   332  4166 W C01f04/MultiSimontroller: [GetSimAccountInfo-(multi_sim_controller.cpp:1141)] slotId 0 is invalid
CST 2026-07-17 19:58:27.154   332  4166 E C01f04/TelephonySubsystem: GetSimAccountInfo fail!
CST 2026-07-17 19:58:27.207  1481  1481 E C02c11/APPSPAWN: [appspawn_kickdog.c:29]open /sys/kernel/hungtask/userlist fail,errno:2
CST 2026-07-17 19:58:27.233   163   583 E C02510/devsvc_manager_stub: StubGetService service hmi_service not found
CST 2026-07-17 19:58:27.233   162   716 E C02510/hdi_servmgr_client: get hdi service hmi_service failed, -1
CST 2026-07-17 19:58:27.233   162   716 E C02510/hmi_interface_proxy: Get:get remote object failed!
CST 2026-07-17 19:58:27.233   162   716 I C02d19/CHR_SERVICE: [HmiClient][modem_log_client]GetService: hmiInterface is nullptr.
CST 2026-07-17 19:58:27.233   162   716 I C02d19/CHR_SERVICE: [HmiClient][modem_log_client]TryGetServiceDelayed: retryCount=34, delayed=4000.
CST 2026-07-17 19:58:27.239  1522  1522 W A01c06/ICON: AppIconWeatherModel --> initWeatherListener, retryTimes: 4
CST 2026-07-17 19:58:27.245   468  1324 E C01707/CONCUR: [Interface] task 1324 apply qos failed, errno = 4
CST 2026-07-17 19:58:27.245   468  1324 E C01611/QosManager: QosManager: Failed to set thread QoS to QOS_USER_INTERACTIVE, ret: -1
CST 2026-07-17 19:58:27.245   770   800 W C01123/BMSCommon: bundle not exist -n com.huawei.hmsapp.totemweather -u 100 -i 0 -f 32
CST 2026-07-17 19:58:27.245   770   800 W C01121/BMSQuery: GetBundleInfo failed -n com.huawei.hmsapp.totemweather -u 100
CST 2026-07-17 19:58:27.245   468  1324 E C01651/BundleMgrProxy: GetBundleInfoFromBMS: GetBundleInfo failed!bundleName is com.huawei.hmsapp.totemweather, userId is 100
CST 2026-07-17 19:58:27.245   468  1324 E C01651/DataProviderConfig: GetFromProxyData: Get bundleInfo failed! bundleName:com.huawei.hmsapp.totemweather, userId:100, visitedId:100, uri:******icIconInfo
CST 2026-07-17 19:58:27.246   468  1324 E C01651/DataShareServiceImpl: GetBMSAndMetaDataStatus: CalledInfo failed! token:0x20087fab,ret:1001,uri:******icIconInfo
CST 2026-07-17 19:58:27.246   468  1324 E C01651/DataShareServiceImpl: GetSilentProxyStatus: BMS or metaData not ready to complete, token:0x20087fab, uri:******icIconInfo
CST 2026-07-17 19:58:27.246  1522  1522 E A01c06/ICON: AppIconWeatherModel --> get weather info failed, code: 15700010, message: The DataShareHelper is not initialized successfully.
CST 2026-07-17 19:58:27.311   143   193 I C01800/SAMGR: NF SA:65962,776_251
CST 2026-07-17 19:58:27.425  4877  4877 W C02c02/PARAM: Selinux check name persist.init.debug.loglevel in u:object_r:startup_init_param:s0 [4877 2000 2000] failed
CST 2026-07-17 19:58:27.425  4877  4877 W C02c02/PARAM: Selinux check name persist.init.debug.loglevel in u:object_r:startup_init_param:s0 [4877 2000 2000] failed
CST 2026-07-17 19:58:27.425  4877  4877 W C02c02/PARAM: SystemReadParam failed!name is:persist.init.debug.loglevel,err:1002
CST 2026-07-17 19:58:27.432  4881  4881 W C02c02/PARAM: Selinux check name persist.init.debug.loglevel in u:object_r:startup_init_param:s0 [4881 2000 2000] failed
CST 2026-07-17 19:58:27.432  4881  4881 W C02c02/PARAM: Selinux check name persist.init.debug.loglevel in u:object_r:startup_init_param:s0 [4881 2000 2000] failed
CST 2026-07-17 19:58:27.432  4880  4880 W C02c02/PARAM: Selinux check name persist.init.debug.loglevel in u:object_r:startup_init_param:s0 [4880 2000 2000] failed
CST 2026-07-17 19:58:27.432  4879  4879 W C02c02/PARAM: Selinux check name persist.init.debug.loglevel in u:object_r:startup_init_param:s0 [4879 2000 2000] failed
CST 2026-07-17 19:58:27.432  4880  4880 W C02c02/PARAM: Selinux check name persist.init.debug.loglevel in u:object_r:startup_init_param:s0 [4880 2000 2000] failed
CST 2026-07-17 19:58:27.432  4881  4881 W C02c02/PARAM: SystemReadParam failed!name is:persist.init.debug.loglevel,err:1002
CST 2026-07-17 19:58:27.432  4879  4879 W C02c02/PARAM: Selinux check name persist.init.debug.loglevel in u:object_r:startup_init_param:s0 [4879 2000 2000] failed
CST 2026-07-17 19:58:27.432  4879  4879 W C02c02/PARAM: SystemReadParam failed!name is:persist.init.debug.loglevel,err:1002
CST 2026-07-17 19:58:27.432  4880  4880 W C02c02/PARAM: SystemReadParam failed!name is:persist.init.debug.loglevel,err:1002
CST 2026-07-17 19:58:27.440  4882  4882 W C02c02/PARAM: Selinux check name persist.init.debug.loglevel in u:object_r:startup_init_param:s0 [4882 2000 2000] failed
CST 2026-07-17 19:58:27.440  4882  4882 W C02c02/PARAM: Selinux check name persist.init.debug.loglevel in u:object_r:startup_init_param:s0 [4882 2000 2000] failed
CST 2026-07-17 19:58:27.440  4882  4882 W C02c02/PARAM: SystemReadParam failed!name is:persist.init.debug.loglevel,err:1002
CST 2026-07-17 19:58:27.440  4883  4883 W C02c02/PARAM: Selinux check name persist.init.debug.loglevel in u:object_r:startup_init_param:s0 [4883 2000 2000] failed
CST 2026-07-17 19:58:27.441  4883  4883 W C02c02/PARAM: Selinux check name persist.init.debug.loglevel in u:object_r:startup_init_param:s0 [4883 2000 2000] failed
CST 2026-07-17 19:58:27.441  4883  4883 W C02c02/PARAM: SystemReadParam failed!name is:persist.init.debug.loglevel,err:1002
CST 2026-07-17 19:58:27.511   143   193 I C01800/SAMGR: NF SA:65962,776_252
CST 2026-07-17 19:58:27.511   776   858 E C01810/SA_CLIENT: GetSaWrap SA:65962 not start
CST 2026-07-17 19:58:27.511   776   858 I C01409/APS_MANAGER: request system service object is not ready yet!
CST 2026-07-17 19:58:27.588  4869  4872 I C03100/UiTestKit_Server: [system_ui_controller.cpp:(operator())] Success connect to AccessibilityUITestAbility
CST 2026-07-17 19:58:27.588  4869  4872 W C057c3/IPCObjectStub: SendRequestInner: Stub(desc:*.IAccessibleAbilityClient) code:500 cost:500ms
CST 2026-07-17 19:58:27.589  4869  4869 W C04201/DMS: RegisterClientDeathListener: regis reverse death
CST 2026-07-17 19:58:27.589  4869  4869 I C04201/DMS: RegisterClientDeathListener: ENTER
CST 2026-07-17 19:58:27.589   770   800 E C04200/WMS: UpdateBundleInfo: Failed
CST 2026-07-17 19:58:27.590   770   800 W C04201/DMS: screen_session.cpp: call BMS
CST 2026-07-17 19:58:27.591   770   800 I C04201/DMS: screen_session.cpp: pid:0, bundle:, api:0
CST 2026-07-17 19:58:27.591  4869  4869 I C03100/UiTestKit_Server: [system_ui_controller.cpp:(GetUiWindows)] window is visible, windowId: 21, active: 0, focus: 0,layer: 2202, displayId: 0
CST 2026-07-17 19:58:27.591  4869  4869 I C01d01/accessibility_aakit: [(SearchElementInfoFromAce:1329)]windowId 21}, elementId -1
CST 2026-07-17 19:58:27.592  4869  4884 W C057c1/IPCWorkThread: ThreadHandler: proto:0 policy:0 name:OS_IPC_2_4884 invoker:9986000
CST 2026-07-17 19:58:27.592  4869  4869 I C03100/UiTestKit_Server: [system_ui_controller.cpp:(InflateWindowInfo)] End Get Bundle Name by WindowId 21, app is com.ohos.sceneboard
CST 2026-07-17 19:58:27.593  4869  4885 W C057c1/IPCWorkThread: ThreadHandler: proto:0 policy:0 name:OS_IPC_3_4885 invoker:9986576
CST 2026-07-17 19:58:27.593   770   800 I C0420f/WMSRecover: mock_session_manager_service.cpp GetForegroundOsAccountDisplayId: displayId: 0
CST 2026-07-17 19:58:27.593   770   800 I C0420f/WMSRecover: mock_session_manager_service.cpp RegisterSMSRecoverListener: clientUserId: 0, userId: 100, pid: 4869,isLite: 1, displayId: 0
CST 2026-07-17 19:58:27.593   770   800 I C04210/WMSMultiUser: mock_session_manager_service.cpp NotifyWMSConnectionStatus: wms is already connected, notify client
CST 2026-07-17 19:58:27.594  4869  4869 I C03100/UiTestKit_Server: [system_ui_controller.cpp:(UpdateWindowAttrs)] window 21 touchArea: Rect {left:0,right:1320,top:0,bottom:137} 
CST 2026-07-17 19:58:27.594  4869  4869 I C03100/UiTestKit_Server: [system_ui_controller.cpp:(GetUiWindows)] window is visible, windowId: 30, active: 1, focus: 1,layer: 102, displayId: 0
CST 2026-07-17 19:58:27.594  4869  4869 I C01d01/accessibility_aakit: [(SearchElementInfoFromAce:1329)]windowId 30}, elementId -1
CST 2026-07-17 19:58:27.595  4869  4869 I C03100/UiTestKit_Server: [system_ui_controller.cpp:(InflateWindowInfo)] End Get Bundle Name by WindowId 30, app is cn.alfadb.netbird.e3vpna
CST 2026-07-17 19:58:27.596  4869  4869 I C03100/UiTestKit_Server: [system_ui_controller.cpp:(GetUiWindows)] window is covered, windowId : 10, layer is 2
CST 2026-07-17 19:58:27.596  4869  4869 I C03100/UiTestKit_Server: [system_ui_controller.cpp:(GetUiWindows)] window is covered, windowId : 7, layer is 1
CST 2026-07-17 19:58:27.596  4869  4869 I C01d01/accessibility_aakit: [(SearchElementInfoRecursiveByWinid:1500)]windowId 30}, elementId -1, treeId 0, mode 8
CST 2026-07-17 19:58:27.598  4869  4869 I C03100/UiTestKit_Server: [system_ui_controller.cpp:(GetWidgetsInWindow)] End Get nodes from window by WindowId 30, node size is 9, appId: cn.alfadb.netbird.e3vpna
CST 2026-07-17 19:58:27.599  4869  4869 I C01d01/accessibility_aakit: [(SearchElementInfoRecursiveByWinid:1500)]windowId 21}, elementId -1, treeId 0, mode 8
CST 2026-07-17 19:58:27.603  4869  4869 I C03100/UiTestKit_Server: [system_ui_controller.cpp:(GetWidgetsInWindow)] End Get nodes from window by WindowId 21, node size is 43, appId: com.ohos.sceneboard
CST 2026-07-17 19:58:27.614   201  3020 I C057c2/IPCObjectProxy: hd:33 ct:1 D:*.IAccessibleAbilityClient
CST 2026-07-17 19:58:27.614   146   192 I C057c2/IPCObjectProxy: hd:24 ct:1 D:*.IWatcher
CST 2026-07-17 19:58:27.614   770  1114 I C057c2/IPCObjectProxy: hd:315 ct:1 D:
CST 2026-07-17 19:58:27.614   146   192 I C02c03/PARAM_WATCHER: [watcher_manager.cpp:516]Agent died 59 4869
CST 2026-07-17 19:58:27.614   146   192 I C02c03/PARAM_WATCHER: [watcher_manager.cpp:702]Delete param watcher remoteWatcherId 59 group 80
CST 2026-07-17 19:58:27.614   770   800 I C057c2/IPCObjectProxy: hd:316 ct:1 D:*.ISessionManagerServiceRecoverListener
CST 2026-07-17 19:58:27.614   770   800 W C0420f/WMSRecover: mock_session_manager_service.cpp OnRemoteDied: Client died, pid = 4869, isLite = 1
CST 2026-07-17 19:58:27.614   770   800 I C0420f/WMSRecover: mock_session_manager_service.cpp UnregisterSMSRecoverListenerInner: clientUserId: 0, pid: 4869, isLite: 1, displayId: 0
CST 2026-07-17 19:58:27.614   770   800 I C0420f/WMSRecover: mock_session_manager_service.cpp GetSystemAppSMSRecoverListenerMap: isLite: 1, displayId: 0
CST 2026-07-17 19:58:27.638   201  2303 E C01d05/accessibility_interface: [(OnEnableAbilityRemoteDied:66)]OnEnableAbilityRemoteDied fail, error: 29201
CST 2026-07-17 19:58:27.638   201  2303 I C01d00/accessibility: [(RemoveAccessibilityAbilityByUri:1419)]uri is <private>
CST 2026-07-17 19:58:27.638   201  2303 I C01d00/accessibility: [(UpdateNeedEvents:1745)]needEvents size is 0
CST 2026-07-17 19:58:27.641   201  2303 E C01d05/accessibility_interface: [(OnAccessibilityEnableAbilityListsChanged:62)]OnAccessibilityEnableAbilityListsChanged fail, error: 29201
CST 2026-07-17 19:58:27.644   201  2303 E C01d05/accessibility_interface: [(OnAccessibilityInstallAbilityListsChanged:89)]OnAccessibilityInstallAbilityListsChanged fail, error: 29201
CST 2026-07-17 19:58:27.650   468  1324 E C01707/CONCUR: [Interface] task 1324 apply qos failed, errno = 4
CST 2026-07-17 19:58:27.650   468  1324 E C01611/QosManager: QosManager: Failed to set thread QoS to QOS_USER_INTERACTIVE, ret: -1
CST 2026-07-17 19:58:27.657   468  1324 E C01707/CONCUR: [Interface] task 1324 apply qos failed, errno = 4
CST 2026-07-17 19:58:27.657   468  1324 E C01611/QosManager: QosManager: Failed to set thread QoS to QOS_USER_INTERACTIVE, ret: -1
CST 2026-07-17 19:58:27.657   468  1324 I C01651/DataShareServiceStub: OnRemoteRequest: code:21, callingPid:201
CST 2026-07-17 19:58:27.658   468  1324 I C01631/GaussPD:  [0] [ADAPTER] [140151183563520] Not support binlog_default.writeLock file enable del monitor sysno = 25
CST 2026-07-17 19:58:27.658   468  1324 I C01631/GaussPD:  [0] [ADAPTER] [140151183563520] Not support binlog_default.writeLock file enable del monitor sysno = 25
CST 2026-07-17 19:58:27.658   468  1324 I C01631/GaussPD:  [0] [ADAPTER] [140151183563520] Not support binlog_default.writeLock file enable del monitor sysno = 25
CST 2026-07-17 19:58:27.659   468  1324 I C01631/GaussPD:  [0] [ADAPTER] [140151183563520] Not support binlog_default.writeLock file enable del monitor sysno = 25
CST 2026-07-17 19:58:27.659   468  1324 I C01631/GaussPD:  [0] [ADAPTER] [140151183563520] Not support binlog_default.writeIndex file enable del monitor sysno = 25
CST 2026-07-17 19:58:27.659   468  1324 I C01631/GaussPD:  [0] [ADAPTER] [140151183563520] Not support binlog_default.writeIndex file enable del monitor sysno = 25
CST 2026-07-17 19:58:27.660   468  1324 I C01651/DataShareServiceStub: OnUpdateEx: Update uri:******uide_state, e:0, s:1
CST 2026-07-17 19:58:27.665   468  1324 E C01707/CONCUR: [Interface] task 1324 apply qos failed, errno = 4
CST 2026-07-17 19:58:27.665   468  1324 E C01611/QosManager: QosManager: Failed to set thread QoS to QOS_USER_INTERACTIVE, ret: -1
CST 2026-07-17 19:58:27.665   468  1324 I C01651/DataShareServiceStub: OnRemoteRequest: code:14, callingPid:201
CST 2026-07-17 19:58:27.671   468  1324 E C01707/CONCUR: [Interface] task 1324 apply qos failed, errno = 4
CST 2026-07-17 19:58:27.671   468  1324 E C01611/QosManager: QosManager: Failed to set thread QoS to QOS_USER_INTERACTIVE, ret: -1
CST 2026-07-17 19:58:27.671   468  1324 I C01651/DataShareServiceStub: OnRemoteRequest: code:21, callingPid:201
CST 2026-07-17 19:58:27.672   468  1324 I C01631/GaussPD:  [0] [ADAPTER] [140151183563520] Not support binlog_default.writeLock file enable del monitor sysno = 25
CST 2026-07-17 19:58:27.672   468  1324 I C01631/GaussPD:  [0] [ADAPTER] [140151183563520] Not support binlog_default.writeLock file enable del monitor sysno = 25
CST 2026-07-17 19:58:27.672   468  1324 I C01631/GaussPD:  [0] [ADAPTER] [140151183563520] Not support binlog_default.writeLock file enable del monitor sysno = 25
CST 2026-07-17 19:58:27.672   468  1324 I C01631/GaussPD:  [0] [ADAPTER] [140151183563520] Not support binlog_default.writeLock file enable del monitor sysno = 25
CST 2026-07-17 19:58:27.672   468  1324 I C01631/GaussPD:  [0] [ADAPTER] [140151183563520] Not support binlog_default.writeIndex file enable del monitor sysno = 25
CST 2026-07-17 19:58:27.672   468  1324 I C01631/GaussPD:  [0] [ADAPTER] [140151183563520] Not support binlog_default.writeIndex file enable del monitor sysno = 25
CST 2026-07-17 19:58:27.673   468  1324 I C01651/DataShareServiceStub: OnUpdateEx: Update uri:******ture_state, e:0, s:1
CST 2026-07-17 19:58:27.679   468  1324 E C01707/CONCUR: [Interface] task 1324 apply qos failed, errno = 4
CST 2026-07-17 19:58:27.679   468  1324 E C01611/QosManager: QosManager: Failed to set thread QoS to QOS_USER_INTERACTIVE, ret: -1
CST 2026-07-17 19:58:27.679   468  1324 I C01651/DataShareServiceStub: OnRemoteRequest: code:14, callingPid:201
CST 2026-07-17 19:58:27.681  4888  4888 W C02c02/PARAM: Selinux check name persist.init.debug.loglevel in u:object_r:startup_init_param:s0 [4888 2000 2000] failed
CST 2026-07-17 19:58:27.681  4888  4888 W C02c02/PARAM: Selinux check name persist.init.debug.loglevel in u:object_r:startup_init_param:s0 [4888 2000 2000] failed
CST 2026-07-17 19:58:27.681  4888  4888 W C02c02/PARAM: SystemReadParam failed!name is:persist.init.debug.loglevel,err:1002
CST 2026-07-17 19:58:27.685   468  1324 E C01707/CONCUR: [Interface] task 1324 apply qos failed, errno = 4
CST 2026-07-17 19:58:27.685   468  1324 E C01611/QosManager: QosManager: Failed to set thread QoS to QOS_USER_INTERACTIVE, ret: -1
CST 2026-07-17 19:58:27.685   468  1324 I C01651/DataShareServiceStub: OnRemoteRequest: code:21, callingPid:201
CST 2026-07-17 19:58:27.686   468  1324 I C01631/GaussPD:  [0] [ADAPTER] [140151183563520] Not support binlog_default.writeLock file enable del monitor sysno = 25
CST 2026-07-17 19:58:27.686   468  1324 I C01631/GaussPD:  [0] [ADAPTER] [140151183563520] Not support binlog_default.writeLock file enable del monitor sysno = 25
CST 2026-07-17 19:58:27.686   468  1324 I C01631/GaussPD:  [0] [ADAPTER] [140151183563520] Not support binlog_default.writeLock file enable del monitor sysno = 25
CST 2026-07-17 19:58:27.686   468  1324 I C01631/GaussPD:  [0] [ADAPTER] [140151183563520] Not support binlog_default.writeLock file enable del monitor sysno = 25
CST 2026-07-17 19:58:27.686   468  1324 I C01631/GaussPD:  [0] [ADAPTER] [140151183563520] Not support binlog_default.writeIndex file enable del monitor sysno = 25
CST 2026-07-17 19:58:27.687   468  1324 I C01631/GaussPD:  [0] [ADAPTER] [140151183563520] Not support binlog_default.writeIndex file enable del monitor sysno = 25
CST 2026-07-17 19:58:27.687   468  1324 I C01651/DataShareServiceStub: OnUpdateEx: Update uri:******t_observer, e:0, s:1
CST 2026-07-17 19:58:27.688  4890  4890 W C02c02/PARAM: Selinux check name persist.init.debug.loglevel in u:object_r:startup_init_param:s0 [4890 2000 2000] failed
CST 2026-07-17 19:58:27.688  4890  4890 W C02c02/PARAM: Selinux check name persist.init.debug.loglevel in u:object_r:startup_init_param:s0 [4890 2000 2000] failed
CST 2026-07-17 19:58:27.688  4890  4890 W C02c02/PARAM: SystemReadParam failed!name is:persist.init.debug.loglevel,err:1002
CST 2026-07-17 19:58:27.693   468  1324 E C01707/CONCUR: [Interface] task 1324 apply qos failed, errno = 4
CST 2026-07-17 19:58:27.693   468  1324 E C01611/QosManager: QosManager: Failed to set thread QoS to QOS_USER_INTERACTIVE, ret: -1
CST 2026-07-17 19:58:27.693   468  1324 I C01651/DataShareServiceStub: OnRemoteRequest: code:14, callingPid:201
CST 2026-07-17 19:58:27.693   201  2303 E C01d00/accessibility: [(CheckExtProxyStatus:820)]Extension Proxy is not load
CST 2026-07-17 19:58:27.693   201  2303 I C01d00/accessibility: [(GetAccessibilityState:115)]EnabledState[1], TouchGuideState[0], KeyEventObserverState[0], GestureState[0], ScreenReaderState[0], SingleClickMode[0], AnimationOffState[0], AudioMonoState[0], FlashReminderSwitch[0]
CST 2026-07-17 19:58:27.695  4891  4891 W C02c02/PARAM: Selinux check name persist.init.debug.loglevel in u:object_r:startup_init_param:s0 [4891 2000 2000] failed
CST 2026-07-17 19:58:27.695  4891  4891 W C02c02/PARAM: Selinux check name persist.init.debug.loglevel in u:object_r:startup_init_param:s0 [4891 2000 2000] failed
CST 2026-07-17 19:58:27.695  4891  4891 W C02c02/PARAM: SystemReadParam failed!name is:persist.init.debug.loglevel,err:1002
CST 2026-07-17 19:58:27.699   468  1324 E C01707/CONCUR: [Interface] task 1324 apply qos failed, errno = 4
CST 2026-07-17 19:58:27.699   468  1324 E C01611/QosManager: QosManager: Failed to set thread QoS to QOS_USER_INTERACTIVE, ret: -1
CST 2026-07-17 19:58:27.699   468  1324 I C01651/DataShareServiceStub: OnRemoteRequest: code:21, callingPid:201
CST 2026-07-17 19:58:27.700   468  1324 I C01631/GaussPD:  [0] [ADAPTER] [140151183563520] Not support binlog_default.writeLock file enable del monitor sysno = 25
CST 2026-07-17 19:58:27.700   468  1324 I C01631/GaussPD:  [0] [ADAPTER] [140151183563520] Not support binlog_default.writeLock file enable del monitor sysno = 25
CST 2026-07-17 19:58:27.700   468  1324 I C01631/GaussPD:  [0] [ADAPTER] [140151183563520] Not support binlog_default.writeLock file enable del monitor sysno = 25
CST 2026-07-17 19:58:27.700   468  1324 I C01631/GaussPD:  [0] [ADAPTER] [140151183563520] Not support binlog_default.writeLock file enable del monitor sysno = 25
CST 2026-07-17 19:58:27.700   468  1324 I C01631/GaussPD:  [0] [ADAPTER] [140151183563520] Not support binlog_default.writeIndex file enable del monitor sysno = 25
CST 2026-07-17 19:58:27.700   468  1324 I C01631/GaussPD:  [0] [ADAPTER] [140151183563520] Not support binlog_default.writeIndex file enable del monitor sysno = 25
CST 2026-07-17 19:58:27.701   468  1324 I C01651/DataShareServiceStub: OnUpdateEx: Update uri:******essibility, e:0, s:1
CST 2026-07-17 19:58:27.706   468  1324 E C01707/CONCUR: [Interface] task 1324 apply qos failed, errno = 4
CST 2026-07-17 19:58:27.706   468  1324 E C01611/QosManager: QosManager: Failed to set thread QoS to QOS_USER_INTERACTIVE, ret: -1
CST 2026-07-17 19:58:27.706   468  1324 I C01651/DataShareServiceStub: OnRemoteRequest: code:14, callingPid:201
CST 2026-07-17 19:58:27.707   201  2303 I C01d00/accessibility: [(OnStateObservers:3654)]state is 0
CST 2026-07-17 19:58:27.707  1612  2927 I C01d02/accessibility_asacfwk: [(NotifyStateChanged:705)]observers size is 1
CST 2026-07-17 19:58:27.707  1612  2927 I C01d10/accessibility_napi: [(OnStateChanged:1885)]
CST 2026-07-17 19:58:27.707  1612  2927 I C01d02/accessibility_asacfwk: [(NotifyStateChanged:705)]observers size is 0
CST 2026-07-17 19:58:27.707  1522  2235 I C01d02/accessibility_asacfwk: [(NotifyStateChanged:705)]observers size is 2
CST 2026-07-17 19:58:27.707  2207  2209 I C01d02/accessibility_asacfwk: [(NotifyStateChanged:705)]observers size is 1
CST 2026-07-17 19:58:27.707  1522  2235 I C01d10/accessibility_napi: [(OnStateChanged:1885)]
CST 2026-07-17 19:58:27.707  2207  2209 I C01d02/accessibility_asacfwk: [(NotifyStateChanged:705)]observers size is 1
CST 2026-07-17 19:58:27.707  1522  2235 I C01d02/accessibility_asacfwk: [(NotifyStateChanged:705)]observers size is 1
CST 2026-07-17 19:58:27.707  4125  4684 I C01d02/accessibility_asacfwk: [(NotifyStateChanged:705)]observers size is 1
CST 2026-07-17 19:58:27.707  4125  4684 I C01d02/accessibility_asacfwk: [(NotifyStateChanged:705)]observers size is 1
CST 2026-07-17 19:58:27.707  1522  1522 I C01d02/accessibility_asacfwk: [(DeregisterElementOperator:467)]Deregister windowId[1] start
CST 2026-07-17 19:58:27.707  1522  1522 I C0392a/AceUiExtensionComponent: [(-2:100000:singleton)] [@1879][ID: 1] deregister accessibility child tree
CST 2026-07-17 19:58:27.707  4125  4125 I C01d02/accessibility_asacfwk: [(DeregisterElementOperator:467)]Deregister windowId[30] start
CST 2026-07-17 19:58:27.707  2207  2207 I C01d02/accessibility_asacfwk: [(DeregisterElementOperator:486)]Deregister windowId[1] treeId[10] start
CST 2026-07-17 19:58:27.712   468  1324 E C01707/CONCUR: [Interface] task 1324 apply qos failed, errno = 4
CST 2026-07-17 19:58:27.712   468  1324 E C01611/QosManager: QosManager: Failed to set thread QoS to QOS_USER_INTERACTIVE, ret: -1
CST 2026-07-17 19:58:27.712   468  1324 I C01651/DataShareServiceStub: OnRemoteRequest: code:21, callingPid:201
CST 2026-07-17 19:58:27.713   468  1324 I C01631/GaussPD:  [0] [ADAPTER] [140151183563520] Not support binlog_default.writeLock file enable del monitor sysno = 25
CST 2026-07-17 19:58:27.713   468  1324 I C01631/GaussPD:  [0] [ADAPTER] [140151183563520] Not support binlog_default.writeLock file enable del monitor sysno = 25
CST 2026-07-17 19:58:27.713   468  1324 I C01631/GaussPD:  [0] [ADAPTER] [140151183563520] Not support binlog_default.writeLock file enable del monitor sysno = 25
CST 2026-07-17 19:58:27.714   468  1324 I C01631/GaussPD:  [0] [ADAPTER] [140151183563520] Not support binlog_default.writeLock file enable del monitor sysno = 25
CST 2026-07-17 19:58:27.714   468  1324 I C01631/GaussPD:  [0] [ADAPTER] [140151183563520] Not support binlog_default.writeIndex file enable del monitor sysno = 25
CST 2026-07-17 19:58:27.714   468  1324 I C01631/GaussPD:  [0] [ADAPTER] [140151183563520] Not support binlog_default.writeIndex file enable del monitor sysno = 25
CST 2026-07-17 19:58:27.714   468  1324 I C01651/DataShareServiceStub: OnUpdateEx: Update uri:******lity_state, e:0, s:1
CST 2026-07-17 19:58:27.720   468  1324 E C01707/CONCUR: [Interface] task 1324 apply qos failed, errno = 4
CST 2026-07-17 19:58:27.720   468  1324 E C01611/QosManager: QosManager: Failed to set thread QoS to QOS_USER_INTERACTIVE, ret: -1
CST 2026-07-17 19:58:27.720   468  1324 I C01651/DataShareServiceStub: OnRemoteRequest: code:14, callingPid:201
CST 2026-07-17 19:58:27.720   201  2303 I C01d00/accessibility: [(Unregister:76)]unregister shortcut key, last subscribeId is 19
CST 2026-07-17 19:58:27.720   201  2303 I C02800/InputManagerImpl: [][UnsubscribeKeyEvent:404] enter
CST 2026-07-17 19:58:27.720   201  2303 I C02800/KeyEventInputSubscribeManager: [][UnsubscribeKeyEvent:202] enter
CST 2026-07-17 19:58:27.720   251   264 I C02800/MMIService: [][UnsubscribeKeyEvent:2540] enter
CST 2026-07-17 19:58:27.720   251   516 I C02802/KeySubscriberHandler: [|172]SubscribeId:19, pid:201
CST 2026-07-17 19:58:27.720   251   516 I C02800/KeySubscriberHandler: [][RemoveKeyGestureSubscriber:243] enter
CST 2026-07-17 19:58:27.720   251   516 I C02802/KeySubscriberHandler: [|253]Removing handler(24) of key gesture
CST 2026-07-17 19:58:27.720   251   516 I C02802/KeyGestureManager: [|107]Handler(24) of key gesture was removed
CST 2026-07-17 19:58:27.720   251   516 I C02800/KeySubscriberHandler: [][RemoveKeyGestureSubscriber] leave
CST 2026-07-17 19:58:27.720   251   264 I C02800/MMIService: [][UnsubscribeKeyEvent] leave
CST 2026-07-17 19:58:27.720   201  2303 I C02800/KeyEventInputSubscribeManager: [][UnsubscribeKeyEvent] leave
CST 2026-07-17 19:58:27.720   201  2303 I C02800/InputManagerImpl: [][UnsubscribeKeyEvent] leave
CST 2026-07-17 19:58:27.720   201  2303 I C01d00/accessibility: [(Register:57)]
CST 2026-07-17 19:58:27.720   201  2303 I C02800/InputManagerImpl: [][SubscribeKeyEvent:385] enter
CST 2026-07-17 19:58:27.721   251   516 I C02800/KeyGestureManager: [][ShouldIntercept:461] enter
CST 2026-07-17 19:58:27.721   251   516 I C02800/KeyGestureManager: [][ShouldIntercept] leave
CST 2026-07-17 19:58:27.721   251   516 I C02800/KeySubscriberHandler: [][AddKeyGestureSubscriber:218] enter
CST 2026-07-17 19:58:27.721   251   516 I C02802/KeySubscriberHandler: [|229]Handler(25) of key gesture was added
CST 2026-07-17 19:58:27.721   251   516 I C02800/KeySubscriberHandler: [][AddKeyGestureSubscriber] leave
CST 2026-07-17 19:58:27.721   201  2303 I C02800/InputManagerImpl: [][SubscribeKeyEvent] leave
CST 2026-07-17 19:58:27.750   201  2303 I C01d00/accessibility: [(operator():1340)]Deregister windowId[1]
CST 2026-07-17 19:58:27.750   201  2303 I C01d00/accessibility: [(StopCallbackWait:4196)]StopCallbackWait start windowId: 1
CST 2026-07-17 19:58:27.750   201  2303 I C01d00/accessibility: [(RemoveAccessibilityWindowConnection:333)]windowId(1)
CST 2026-07-17 19:58:27.750   201  2303 I C01d00/accessibility: [(ClearSceneBoard:1354)]
CST 2026-07-17 19:58:27.750   201   918 I C01d00/accessibility: [(operator():1340)]Deregister windowId[30]
CST 2026-07-17 19:58:27.750   201   918 I C01d00/accessibility: [(StopCallbackWait:4196)]StopCallbackWait start windowId: 30
CST 2026-07-17 19:58:27.750   201   918 I C01d00/accessibility: [(RemoveAccessibilityWindowConnection:333)]windowId(30)
CST 2026-07-17 19:58:27.751   201   918 I C01d00/accessibility: [(operator():1386)]Deregister windowId[1], treeId[10] start
CST 2026-07-17 19:58:27.751   201   918 W C01d00/accessibility: [(operator():1395)]The operation of windowId[1] has not been registered.
CST 2026-07-17 19:58:27.824   315   388 I C015b5/NetMgrEnhanced: OnDelayedAppBackground unReg AppQoe for cn.alfadb.netbird.e3vpnb
CST 2026-07-17 19:58:27.824   315   388 W C015b5/NetMgrEnhanced: Qoe is not supported.
CST 2026-07-17 19:58:27.824   315   388 I C015b5/NetMgrEnhanced: qoeInterface is null
CST 2026-07-17 19:58:27.830  4893  4893 W C02c02/PARAM: Selinux check name persist.init.debug.loglevel in u:object_r:startup_init_param:s0 [4893 2000 2000] failed
CST 2026-07-17 19:58:27.830  4893  4893 W C02c02/PARAM: Selinux check name persist.init.debug.loglevel in u:object_r:startup_init_param:s0 [4893 2000 2000] failed
CST 2026-07-17 19:58:27.830  4893  4893 W C02c02/PARAM: SystemReadParam failed!name is:persist.init.debug.loglevel,err:1002
CST 2026-07-17 19:58:27.837  4893  4893 W C02c02/PARAM: Selinux check name persist.init.debug.loglevel in u:object_r:startup_init_param:s0 [4893 2000 2000] failed
CST 2026-07-17 19:58:27.837  4893  4893 W C02c02/PARAM: Selinux check name persist.init.debug.loglevel in u:object_r:startup_init_param:s0 [4893 2000 2000] failed
CST 2026-07-17 19:58:27.837  4893  4893 W C02c02/PARAM: SystemReadParam failed!name is:persist.init.debug.loglevel,err:1002
CST 2026-07-17 19:58:27.885  4896  4896 W C02c02/PARAM: Selinux check name persist.init.debug.loglevel in u:object_r:startup_init_param:s0 [4896 2000 2000] failed
CST 2026-07-17 19:58:27.885  4896  4896 W C02c02/PARAM: Selinux check name persist.init.debug.loglevel in u:object_r:startup_init_param:s0 [4896 2000 2000] failed
CST 2026-07-17 19:58:27.885  4896  4896 W C02c02/PARAM: SystemReadParam failed!name is:persist.init.debug.loglevel,err:1002
CST 2026-07-17 19:58:27.899   697  1723 I C02986/DisplayPowerBrightness: lux=[0/152017, 0/152162, 0/152308, 0/152453, 0/152613, 0/152759, ], bDelta=5.000000, dDelta=1.000000, size=70
CST 2026-07-17 19:58:27.906  1790  1834 I C0430a/file_monitor_service: [MainMissionStatus:197]CanExit
CST 2026-07-17 19:58:27.906  1790  1834 I C0430a/file_monitor_service: [MainMissionStatus:203]SecondaryScanner idle
CST 2026-07-17 19:58:27.925  2326  2326 I C02500/Qemud: Guest heartbeat success.
CST 2026-07-17 19:58:27.992   464   521 I C02300/FenceExtension: start connectAbility,userId:-1
CST 2026-07-17 19:58:27.992   464   521 I C02300/FenceExtension: ConnectAbility
CST 2026-07-17 19:58:27.993   464   521 I C01342/ServiceExt: [AMC599]name:com.huawei.hmos.location SAFeatureServiceExtensionAbility, userId:-1
CST 2026-07-17 19:58:27.993   770   800 I C01342/ServiceExt: [a92abb18e3f272b, 328e561, 0] [ABMS5529]element: com.huawei.hmos.location/SAFeatureServiceExtensionAbility
CST 2026-07-17 19:58:27.993   770   800 W C01123/BMSCommon: [a92abb18e3f272b, 328e561, 0] uid(1021) invalid
CST 2026-07-17 19:58:27.994   770   800 I C01336/AMS: [a92abb18e3f272b, 328e561, 0] [start_ability_utils.cpp54]appIndex:-1
CST 2026-07-17 19:58:27.994   770   800 I C01121/BMSQuery: [a92abb18e3f272b, 328e561, 0] ExplicitQueryAbility no match -n com.huawei.hmos.location -a SAFeatureServiceExtensionAbility -u 100 -i 0
CST 2026-07-17 19:58:27.994   770   800 W C01121/BMSQuery: [a92abb18e3f272b, 328e561, 0] bundle_data_mgr.cpp:ExplicitQueryExtensionInfo:7268 extensionAbility not found or disabled
CST 2026-07-17 19:58:27.994   770   800 I C01121/BMSQuery: [a92abb18e3f272b, 328e561, 0] ExplicitQueryExtension size:0 -n com.huawei.hmos.location -e SAFeatureServiceExtensionAbility -u 100 -i 0
CST 2026-07-17 19:58:27.994   770   800 W C01121/BMSQuery: [a92abb18e3f272b, 328e561, 0] bundle_mgr_host_impl.cpp:QueryExtensionAbilityInfos:3425 no valid extension info can be inquired
CST 2026-07-17 19:58:27.994   770   800 E C01336/AMS: [a92abb18e3f272b, 328e561, 0] [start_ability_utils.cpp290]extensionInfo empty
CST 2026-07-17 19:58:27.994   770   800 E C01342/ServiceExt: [a92abb18e3f272b, 328e561, 0] [ABMS5868]generate request error
CST 2026-07-17 19:58:27.994   464   521 E C02300/FenceExtension: [(DoConnect:153)]CONNECT_ABILITY_FAILED,ret:2097152
CST 2026-07-17 19:58:27.995   464   521 I C02300/FenceExtension: start connectAbility,userId:-1
CST 2026-07-17 19:58:27.995   464   521 I C02300/FenceExtension: ConnectAbility
CST 2026-07-17 19:58:27.995   464   521 I C01342/ServiceExt: [AMC599]name:com.huawei.hmos.location SAFeatureServiceExtensionAbility, userId:-1
CST 2026-07-17 19:58:27.995   770   800 I C01342/ServiceExt: [a92abc18e3f2f0d, 2dc321f, 0] [ABMS5529]element: com.huawei.hmos.location/SAFeatureServiceExtensionAbility
CST 2026-07-17 19:58:27.995   770   800 W C01123/BMSCommon: [a92abc18e3f2f0d, 2dc321f, 0] uid(1021) invalid
CST 2026-07-17 19:58:27.995   770   800 I C01336/AMS: [a92abc18e3f2f0d, 2dc321f, 0] [start_ability_utils.cpp54]appIndex:-1
CST 2026-07-17 19:58:27.995   770   800 I C01121/BMSQuery: [a92abc18e3f2f0d, 2dc321f, 0] ExplicitQueryAbility no match -n com.huawei.hmos.location -a SAFeatureServiceExtensionAbility -u 100 -i 0
CST 2026-07-17 19:58:27.996   770   800 W C01121/BMSQuery: [a92abc18e3f2f0d, 2dc321f, 0] bundle_data_mgr.cpp:ExplicitQueryExtensionInfo:7268 extensionAbility not found or disabled
CST 2026-07-17 19:58:27.996   770   800 I C01121/BMSQuery: [a92abc18e3f2f0d, 2dc321f, 0] ExplicitQueryExtension size:0 -n com.huawei.hmos.location -e SAFeatureServiceExtensionAbility -u 100 -i 0
CST 2026-07-17 19:58:27.996   770   800 W C01121/BMSQuery: [a92abc18e3f2f0d, 2dc321f, 0] bundle_mgr_host_impl.cpp:QueryExtensionAbilityInfos:3425 no valid extension info can be inquired
CST 2026-07-17 19:58:27.996   770   800 E C01336/AMS: [a92abc18e3f2f0d, 2dc321f, 0] [start_ability_utils.cpp290]extensionInfo empty
CST 2026-07-17 19:58:27.996   770   800 E C01342/ServiceExt: [a92abc18e3f2f0d, 2dc321f, 0] [ABMS5868]generate request error
CST 2026-07-17 19:58:27.996   464   521 E C02300/FenceExtension: [(DoConnect:153)]CONNECT_ABILITY_FAILED,ret:2097152
CST 2026-07-17 19:58:27.996   464   521 W C02300/FenceExtension: connect failed,retry again
CST 2026-07-17 19:58:28.021  4896  4896 W C02c02/PARAM: Selinux check name debug.dfx.tags.enableleak in u:object_r:debug_param:s0 [4896 2000 2000] failed
CST 2026-07-17 19:58:28.021  4896  4896 W C02c02/PARAM: SystemReadParam failed!name is:debug.dfx.tags.enableleak,err:1002
CST 2026-07-17 19:58:28.029  4896  4896 W C02c02/PARAM: Selinux check name persist.graphic.profiler.enabled in u:object_r:debug_param:s0 [4896 2000 2000] failed
CST 2026-07-17 19:58:28.029  4896  4896 E C02c02/PARAM: Forbid to read parameter persist.graphic.profiler.enabled
CST 2026-07-17 19:58:28.029  4896  4896 E C02c02/PARAM: Forbid to access parameter persist.graphic.profiler.enabled
CST 2026-07-17 19:58:28.029  4896  4896 W C02c02/PARAM: Selinux check name persist.graphic.profiler.betarecording in u:object_r:debug_param:s0 [4896 2000 2000] failed
CST 2026-07-17 19:58:28.029  4896  4896 E C02c02/PARAM: Forbid to read parameter persist.graphic.profiler.betarecording
CST 2026-07-17 19:58:28.029  4896  4896 E C02c02/PARAM: Forbid to access parameter persist.graphic.profiler.betarecording
CST 2026-07-17 19:58:28.031  4896  4899 W C057c1/IPCWorkThread: ThreadHandler: proto:0 policy:1 name:OS_IPC_0_4899 invoker:12913504
CST 2026-07-17 19:58:28.031  4896  4900 W C057c1/IPCWorkThread: ThreadHandler: proto:0 policy:0 name:OS_IPC_1_4900 invoker:12914080
CST 2026-07-17 19:58:28.031  4896  4896 W C04201/DMS: RegisterClientDeathListener: regis reverse death
CST 2026-07-17 19:58:28.031  4896  4896 I C04201/DMS: RegisterClientDeathListener: ENTER
CST 2026-07-17 19:58:28.031   770   800 E C04200/WMS: UpdateBundleInfo: Failed
CST 2026-07-17 19:58:28.032   770   800 E C05a01/ATM: [VerifyAccessToken]PermissionName(ohos.permission.CUSTOM_SCREEN_RECORDING) is not exist.
CST 2026-07-17 19:58:28.032   770   800 W C04201/DMS:  GetScreenSnapshot: dma=0, displayId:0
CST 2026-07-17 19:58:28.032   770   800 W C04201/DMS: screen_session.cpp: call BMS
CST 2026-07-17 19:58:28.032   770   800 I C04201/DMS: screen_session.cpp: pid:0, bundle:, api:0
CST 2026-07-17 19:58:28.032   769   769 I C01406/OHOS::GE: RSSurfaceCaptureTaskParallel::CreatePixelMapByDisplayNode NodeId[3307124817922],pixelmap[1320, 2856], scale[1.000000, 1.000000], rect[0.000000, 0.000000, 0.000000, 0.000000], dma[0], rotation[0], correction[0], blackList[0], isHDRCapture[0], contentRect[0, 0, 0, 0]
CST 2026-07-17 19:58:28.033   286   288 E C01700/RSS: [a92ab018e407fb0] DeliverResource, PluginMgr resType 1002 no lib register!
CST 2026-07-17 19:58:28.033   305   552 E C01704/TagSched: [a92ab018e407fb0] [ExecutorCheckTidIsInPid][Executor] ExecutorCheckTidIsInPid get reply is invalied
CST 2026-07-17 19:58:28.033   769   902 I C01406/skia: RSScreenRenderNodeDrawable::DrawHardwareEnabledNodes:         process RSScreenRenderNode(id:[3307124817922])         using UniRender buffer with hwcNodes(0, 0)
CST 2026-07-17 19:58:28.033   769   902 W C01406/skia: RSUniRenderUtil::AdjustZOrderAndDrawSurfaceNode:             HardwareComposer is not enabled.
CST 2026-07-17 19:58:28.033   305  4155 I C01704/TagSched: [a92ab018e407fb0] [SetQosRealtimeTask]ThreadModifyQos,setQos 769 tid[3325],  qos[7]
CST 2026-07-17 19:58:28.033   769   902 E C02515/DGLES: [d_eglCreateImage_special@egl_gpu.cpp:283] createimage with ctx null opengl_context 7f9c191590b0
CST 2026-07-17 19:58:28.033   305  4155 E C01704/TagSched: [a92ab018e407fb0] [OpenQosCtrl]Failed to open qos_ctrl device
CST 2026-07-17 19:58:28.033   305  4155 E C01704/TagSched: [a92ab018e407fb0] [IsQosHandleOpen]get qosSetHandle_ fail
CST 2026-07-17 19:58:28.033   305  4155 E C01704/TagSched: [a92ab018e407fb0] [SetQosInternal]qosSetHandle open fail
CST 2026-07-17 19:58:28.033   305  4155 E C01704/TagSched: [a92ab018e407fb0] [OpenQosCtrl]Failed to open qos_ctrl device
CST 2026-07-17 19:58:28.033   305  4155 E C01704/TagSched: [a92ab018e407fb0] [IsQosHandleOpen]get qosSetHandle_ fail
CST 2026-07-17 19:58:28.033   305  4155 E C01704/TagSched: [a92ab018e407fb0] [SetQosInternal]qosSetHandle open fail
CST 2026-07-17 19:58:28.033   305  4155 E C01704/TagSched: [a92ab018e407fb0] [OpenQosCtrl]Failed to open qos_ctrl device
CST 2026-07-17 19:58:28.033   305  4155 E C01704/TagSched: [a92ab018e407fb0] [IsQosHandleOpen]get qosSetHandle_ fail
CST 2026-07-17 19:58:28.033   305  4155 E C01704/TagSched: [a92ab018e407fb0] [SetQosInternal]qosSetHandle open fail
CST 2026-07-17 19:58:28.033   305  4155 E C01704/TagSched: [a92ab018e407fb0] [OpenQosCtrl]Failed to open qos_ctrl device
CST 2026-07-17 19:58:28.033   305  4155 E C01704/TagSched: [a92ab018e407fb0] [IsQosHandleOpen]get qosSetHandle_ fail
CST 2026-07-17 19:58:28.033   305  4155 E C01704/TagSched: [a92ab018e407fb0] [SetQosInternal]qosSetHandle open fail
CST 2026-07-17 19:58:28.033   305  4155 E C01704/TagSched: [a92ab018e407fb0] [OpenQosCtrl]Failed to open qos_ctrl device
CST 2026-07-17 19:58:28.033   305  4155 E C01704/TagSched: [a92ab018e407fb0] [IsQosHandleOpen]get qosSetHandle_ fail
CST 2026-07-17 19:58:28.033   305  4155 E C01704/TagSched: [a92ab018e407fb0] [SetQosInternal]qosSetHandle open fail
CST 2026-07-17 19:58:28.033   305  4155 E C01704/TagSched: [a92ab018e407fb0] [OpenQosCtrl]Failed to open qos_ctrl device
CST 2026-07-17 19:58:28.033   305  4155 E C01704/TagSched: [a92ab018e407fb0] [IsQosHandleOpen]get qosSetHandle_ fail
CST 2026-07-17 19:58:28.033   305  4155 E C01704/TagSched: [a92ab018e407fb0] [SetQosInternal]qosSetHandle open fail
CST 2026-07-17 19:58:28.033   305  4155 E C01704/TagSched: [a92ab018e407fb0] [OpenQosCtrl]Failed to open qos_ctrl device
CST 2026-07-17 19:58:28.033   305  4155 E C01704/TagSched: [a92ab018e407fb0] [IsQosHandleOpen]get qosSetHandle_ fail
CST 2026-07-17 19:58:28.033   305  4155 E C01704/TagSched: [a92ab018e407fb0] [SetQosInternal]qosSetHandle open fail
CST 2026-07-17 19:58:28.045   769   902 E C02515/DGLES: [d_glBindTexture_special@glv3_status.cpp:620] bind external with nullptr gbuffer 0
CST 2026-07-17 19:58:28.045   769   902 W C01406/skia: RSUniRenderUtil::AdjustZOrderAndDrawSurfaceNode:             HardwareComposer is not enabled.
CST 2026-07-17 19:58:28.068   657   696 E C02f07/S_COLLCTOR: [QuerySecurityEvent]begin collector QuerySecurityEvent
CST 2026-07-17 19:58:28.068   143   193 I C01800/SAMGR: NF SA:3525,657_10
CST 2026-07-17 19:58:28.069   143   193 I C01800/SAMGR: Scheduler SA:3525 load start 657,0_0_0
CST 2026-07-17 19:58:28.069   143   193 I C01800/SAMGR: NF SA:3525,657_11
CST 2026-07-17 19:58:28.069   143   193 I C01800/SAMGR: DoLoadSA:3525,1_1
CST 2026-07-17 19:58:28.073   143   193 I C02c02/PARAM: SystemWaitParameter startup.service.ctl.security_collector v 5 ret 0
CST 2026-07-17 19:58:28.081   163   583 E C02510/devsvc_manager_stub: StubGetService service ril_ext not found
CST 2026-07-17 19:58:28.081   162   715 E C02510/hdi_servmgr_client: get hdi service ril_ext failed, -1
CST 2026-07-17 19:58:28.082   162   715 I C02d19/CHR_SERVICE: RilRadioRadarTunnel, ConnectRilAdapterService chrRadio_ is nullptr!
CST 2026-07-17 19:58:28.101  4902  4902 W C02c02/PARAM: Selinux check name persist.init.debug.loglevel in u:object_r:startup_init_param:s0 [4902 2000 2000] failed
CST 2026-07-17 19:58:28.101  4902  4902 W C02c02/PARAM: Selinux check name persist.init.debug.loglevel in u:object_r:startup_init_param:s0 [4902 2000 2000] failed
CST 2026-07-17 19:58:28.101  4902  4902 W C02c02/PARAM: SystemReadParam failed!name is:persist.init.debug.loglevel,err:1002
CST 2026-07-17 19:58:28.113  4902  4902 W C02c02/PARAM: Selinux check name persist.init.debug.loglevel in u:object_r:startup_init_param:s0 [4902 2000 2000] failed
CST 2026-07-17 19:58:28.113  4902  4902 W C02c02/PARAM: Selinux check name persist.init.debug.loglevel in u:object_r:startup_init_param:s0 [4902 2000 2000] failed
CST 2026-07-17 19:58:28.113  4902  4902 W C02c02/PARAM: SystemReadParam failed!name is:persist.init.debug.loglevel,err:1002
CST 2026-07-17 19:58:28.115   143   193 I C02c02/PARAM: SystemSetParameter name ohos.ctl.start id:82 ret:0
CST 2026-07-17 19:58:28.119  4903  4903 I C01810/SAFWK: main enter SAFWK main, proc:4903
CST 2026-07-17 19:58:28.119  4903  4903 I C01810/SAFWK: ParseArgv ParseArgv extraArgv eventStr:3525#0#load##-1#!
CST 2026-07-17 19:58:28.119  4903  4903 I C01810/SAFWK: operator() Set process name to security_collector
CST 2026-07-17 19:58:28.119  4903  4903 I C01810/SAFWK: InitProfiles proc:security_collector end,spend:0ms
CST 2026-07-17 19:58:28.121  4903  4903 W C02f07/S_COLLCTOR: [SecurityCollectorManagerService]SecurityCollectorManagerService
CST 2026-07-17 19:58:28.121  4903  4903 I C01810/SAFWK: AddAbility set profile attr for SA:3525
CST 2026-07-17 19:58:28.121  4903  4903 I C01800/SAMGR: SA:3525 OpenSo 2ms
CST 2026-07-17 19:58:28.122   143   193 I C01800/SAMGR: Start dynamic proc:security_collector,3525,0_42ms
CST 2026-07-17 19:58:28.122  4903  4903 I C01810/SAFWK: InitOnDemandSa LoadSaLib SA:3525 finished,spend:3ms
CST 2026-07-17 19:58:28.122   143   193 I C01800/SAMGR: Scheduler SA:3525 loading
CST 2026-07-17 19:58:28.122   143   638 I C01800/SAMGR: AddProc:security_collector,53ms
CST 2026-07-17 19:58:28.123  4903  4906 I C02d06/XCollie: init default task finished.
CST 2026-07-17 19:58:28.123   143   638 I C01800/SAMGR: Scheduler proc:security_collector handle started event
CST 2026-07-17 19:58:28.123  4903  4905 W C057c1/IPCWorkThread: ThreadHandler: proto:0 policy:1 name:OS_IPC_0_4905 invoker:6696352
CST 2026-07-17 19:58:28.123   143   638 I C01800/SAMGR: Scheduler proc:security_collector state 0 to 1
CST 2026-07-17 19:58:28.123   143   638 I C01800/SAMGR: Scheduler proc:security_collector started
CST 2026-07-17 19:58:28.123  4903  4907 W C057c1/IPCWorkThread: ThreadHandler: proto:0 policy:0 name:OS_IPC_1_4907 invoker:6694048
CST 2026-07-17 19:58:28.123   305  1323 I C01810/SA_CLIENT: onProcStart,pid:4903
CST 2026-07-17 19:58:28.123   305   550 E C01720/SmartGC: [a92ab118e41e1c2] [GetPidFromPayload]GetPidFromEvent not contains pid
CST 2026-07-17 19:58:28.123   305   550 E C01720/SmartGC: [a92ab118e41e1c2] [ProcessPerfSensitiveScene]decider is null
CST 2026-07-17 19:58:28.124  4903  4903 I C01810/SAFWK: Run curThread is 4,proc:security_collector,SA:3525
CST 2026-07-17 19:58:28.124  4903  4909 I C01810/SAFWK: Start-SA:3525
CST 2026-07-17 19:58:28.124  4903  4909 I C02f07/S_COLLCTOR: [OnStart]OnStart
CST 2026-07-17 19:58:28.125   143   638 I C01800/SAMGR: insert SA:3525_134
CST 2026-07-17 19:58:28.125   143   638 I C01800/SAMGR: Scheduler SA:3525 handle load suc event
CST 2026-07-17 19:58:28.125   143   638 I C01800/SAMGR: Scheduler SA:3525 loaded
CST 2026-07-17 19:58:28.125   143  4685 I C01800/SAMGR: DelayUnloadTime is 60000, SA:3525
CST 2026-07-17 19:58:28.125   143  4685 I C01800/SAMGR: FindSaNotify SA:3525,3_107
CST 2026-07-17 19:58:28.125   143  4685 I C01800/SAMGR: SendSaAddedMsg notify SA:3525
CST 2026-07-17 19:58:28.125   143  4685 I C01800/SAMGR: notify SA:3525,657
CST 2026-07-17 19:58:28.125  4903  4909 I C01810/SAFWK: Publish SA:3525 result:0,spend:0ms
CST 2026-07-17 19:58:28.125  4903  4909 I C01810/SAFWK: Start OnStart-SA:3525 finished, spend:1 ms
CST 2026-07-17 19:58:28.125  4903  4909 I C01810/SAFWK: StartSystemAbilityTask security_collector SA:3525 init finished, 6 ms
CST 2026-07-17 19:58:28.126  4903  4903 I C01810/SAFWK: start tasks proc:security_collector end,spend 2ms
CST 2026-07-17 19:58:28.129  4903  4903 I C01810/SAFWK: IsConfigUnused unusedCfgMap_ size:0
CST 2026-07-17 19:58:28.132   770  1114 E C02b61/PixelMap: set ashmem name failed
CST 2026-07-17 19:58:28.132   657  2981 I C02f07/S_COLLCTOR: [OnLoadSystemAbilitySuccess]OnLoadSystemAbilitySuccess = 3525.
CST 2026-07-17 19:58:28.132   657  2981 W C01810/SA_CLIENT: OnLoadSaSucInner SA:3525 spend 0ms
CST 2026-07-17 19:58:28.132   657   696 I C02f07/S_COLLCTOR: [QuerySecurityEvent]enter SecurityCollectorManagerProxy QuerySecurityEvent
CST 2026-07-17 19:58:28.132  4903  4903 I C02f07/S_COLLCTOR: [HandleSecurityEventQueryCmd]HandleSecurityEventQueryCmd
CST 2026-07-17 19:58:28.132  4903  4903 I C02f07/S_COLLCTOR: [QuerySecurityEvent]begin QuerySecurityEvent
CST 2026-07-17 19:58:28.133  4903  4903 I C02f07/S_COLLCTOR: [QuerySecurityEvent]QuerySecurityEvent start
CST 2026-07-17 19:58:28.133  4903  4903 I C02f07/S_COLLCTOR: [QuerySecurityEvent]QuerySecurityEvent eventId is 0xffffffff03
CST 2026-07-17 19:58:28.133  4903  4903 I C02f07/S_COLLCTOR: [GetCollectorPath]Start GetCollectorPath
CST 2026-07-17 19:58:28.134  4903  4903 I C02f07/S_COLLCTOR: [operator()]success to find the event id: 0xffffffff03
CST 2026-07-17 19:58:28.134  4903  4903 I C02f07/S_COLLCTOR: [LoadCollector]Start LoadCollector
CST 2026-07-17 19:58:28.134  4903  4903 I C02f07/S_COLLCTOR: [LoadLib]LoadLib start
CST 2026-07-17 19:58:28.143  4903  4903 I C02f07/S_COLLCTOR: [LoadLib]dlopen success
CST 2026-07-17 19:58:28.143  4903  4903 I C02f07/S_COLLCTOR: [CallGetCollector]CallGetCollector start
CST 2026-07-17 19:58:28.144  4903  4903 I C02f07/SG_REAL_TIME_DETECT_UTILS: [GetSensorDataImpl]begin GetSensorDataImpl
CST 2026-07-17 19:58:28.144   770   800 E C04201/DMS: screen_session_manager_adapter.cpp OnScreenshot: agent is null
CST 2026-07-17 19:58:28.144   770   800 E C04201/DMS: screen_session_manager_adapter.cpp NotifyCaptureStatusChanged: agent is null
CST 2026-07-17 19:58:28.144  4903  4903 I C02700/SensorServiceClient: in TransferClientRemoteObject, TransferClientRemoteObject ret:0
CST 2026-07-17 19:58:28.145  4903  4903 I C02700/SensorServiceClient: in TransferClientRemoteObject, Done
CST 2026-07-17 19:58:28.145  4903  4903 I C02700/SensorDataChannel: in CreateSensorDataChannel, In
CST 2026-07-17 19:58:28.145  4903  4903 I C02700/SensorBasicChannel: in CreateSensorBasicChannel, Done
CST 2026-07-17 19:58:28.145  4903  4903 I C02700/SensorDataChannel: in InnerSensorDataChannel, Done
CST 2026-07-17 19:58:28.145   649   658 I C02700/SensorService: in TransferDataChannel, Calling packageName:security_collector
CST 2026-07-17 19:58:28.145   143   638 I C01800/SAMGR: SubscribeSA:1901,4903_27_1
CST 2026-07-17 19:58:28.145  4903  4903 I C02700/SensorAgentProxy: in SubscribeSensor, Done, deviceIndex:-1, sensortypeId:6, sensorId:0
CST 2026-07-17 19:58:28.146   143   638 I C01800/SAMGR: NotifyAddSA:1901,4903_1
CST 2026-07-17 19:58:28.146   649   658 E C02700/ClientInfo: in GetSensorState, Can't find sensorType:6
CST 2026-07-17 19:58:28.146   649   658 I C02700/SensorManager: in SaveSubscriber, Done, sensorType:6, pid:4903
CST 2026-07-17 19:58:28.146   566   569 I C02516/hdi: SetBatchSenior:{-1,6,0,1} pid 649 mode 0 interval (200,0)
CST 2026-07-17 19:58:28.146   566   569 I C02516/manager: {-1,6,0,1} 649-200/200=1
CST 2026-07-17 19:58:28.146   649   658 I C02700/SensorService: in SaveSubscriber, Done, deviceIndex:-1, sensortypeId:6, sensorId:0
CST 2026-07-17 19:58:28.146   566   569 I C02516/hdi: Enable:{-1,6,0,1} pid 649
CST 2026-07-17 19:58:28.146   649   658 I C02700/HdiConnection: in SetSensorBasicInfoState, Done, deviceIndex:-1, sensortypeId:6, sensorId:0
CST 2026-07-17 19:58:28.146   649   658 I C02700/HdiConnection: in EnableSensor, Done, deviceIndex:-1, sensortypeId:6, sensorId:0
CST 2026-07-17 19:58:28.146   305  1323 E C01700/RSS: [a92ab218e423d52] CheckReportDataParcel: check report data no permission type=81,                count=6, uid=3521, pid=4903.
CST 2026-07-17 19:58:28.147   649   658 I C02700/SensorService: in ReportSensorSysEvent, PackageName:security_collector open the sensor, sensorType:6, pid:4903, samplingPeriodNs:200000000, samplingPeriodNs:0
CST 2026-07-17 19:58:28.147  4903  4903 I C02700/SensorAgentProxy: in ActivateSensor, Done, deviceIndex:-1, sensortypeId:6, sensorId:0
CST 2026-07-17 19:58:28.147  4903  4903 I C02f07/SG_REAL_TIME_DETECT_UTILS: [RegisterSensor]RegisterSensor success, sensorTypeId_: 6
CST 2026-07-17 19:58:28.190   566   571 I C02516/cb: {-1,6,0,1}: s=827 r=649-5 
CST 2026-07-17 19:58:28.190   649   650 I C02700/PrintSensorData: in PrintHdiData, -1 6 0 1  ts:1784.289429, 0.062500, 0.062500, 0.062500
CST 2026-07-17 19:58:28.191  4903  4912 I C02f07/SG_REAL_TIME_DETECT_UTILS: [SetPromiseValue]set_value success, sensorTypeId = 6
CST 2026-07-17 19:58:28.191  4903  4912 I C02700/PrintSensorData: in PrintClientData, -1 6 0 1  ts:1784.289429, 0.062500, 0.062500, 0.062500
CST 2026-07-17 19:58:28.191   649   650 I C02700/SensorService: in ReportSensorSysEvent, PackageName:security_collector close the sensor, sensorType:6, pid:4903
CST 2026-07-17 19:58:28.191   649   650 I C02700/ClientInfo: in OnlyCurPidSensorEnabled, Done, sensorType:6, pid:4903
CST 2026-07-17 19:58:28.191   566   569 I C02516/hdi: Disable:{-1,6,0,1} pid 649
CST 2026-07-17 19:58:28.191   566   569 I C02516/manager: DeleteClientSenSorConfig: service 649 erase sensorHandle {-1,6,0,1} config
CST 2026-07-17 19:58:28.191   649   650 I C02700/HdiConnection: in DisableSensor, Done, deviceIndex:-1, sensortypeId:6, sensorId:0
CST 2026-07-17 19:58:28.191   649   650 I C02700/ClientInfo: in ClearSensorInfo, Done, sensorType:6
CST 2026-07-17 19:58:28.192   649   650 I C02700/SensorManager: in AfterDisableSensor, Done, sensorType:6
CST 2026-07-17 19:58:28.192  4903  4903 I C02700/SensorServiceClient: in DeleteSensorInfoItem, Done
CST 2026-07-17 19:58:28.192  4903  4903 I C02700/SensorAgentProxy: in DeactivateSensor, Done, deviceIndex:-1, sensortypeId:6, sensorId:0
CST 2026-07-17 19:58:28.192   649   650 I C02700/ClientInfo: in DestroyAppThreadInfo, Done, pid:4903
CST 2026-07-17 19:58:28.192  4903  4903 I C02700/SensorAgentProxy: in UnsubscribeSensor, Done, deviceIndex:-1, sensortypeId:6, sensorId:0
CST 2026-07-17 19:58:28.192  4903  4903 I C02f07/SG_REAL_TIME_DETECT_UTILS: [UnRegisterSensor]UnRegisterSensor success, sensorTypeId_: 6
CST 2026-07-17 19:58:28.192  4903  4903 I C02f07/SG_REAL_TIME_DETECT_UTILS: [GetSensorDataImpl]GetSensorInfo: get Magn success
CST 2026-07-17 19:58:28.192  4903  4903 I C02700/SensorDataChannel: in CreateSensorDataChannel, In
CST 2026-07-17 19:58:28.192  4903  4903 I C02700/SensorBasicChannel: in CreateSensorBasicChannel, Done
CST 2026-07-17 19:58:28.192  4903  4903 I C02700/SensorDataChannel: in InnerSensorDataChannel, Done
CST 2026-07-17 19:58:28.192   649   650 I C02700/SensorService: in TransferDataChannel, Calling packageName:security_collector
CST 2026-07-17 19:58:28.193  4903  4903 I C02700/SensorAgentProxy: in SubscribeSensor, Done, deviceIndex:-1, sensortypeId:2, sensorId:0
CST 2026-07-17 19:58:28.193   649   650 E C02700/SensorService: in CheckAuthAndParameter, sensorType:2 grant failed, ret:-1
CST 2026-07-17 19:58:28.193  4903  4903 E C02700/ISensorServiceIdl: Read result failed, code is: 1.
CST 2026-07-17 19:58:28.193  4903  4903 W C02700/SensorServiceClient: in WriteHiSysIPCEventSplit, Code does not exist, code:1
CST 2026-07-17 19:58:28.193  4903  4903 E C02700/SensorAgentProxy: in ActivateSensor, Enable sensor failed, ret:201
CST 2026-07-17 19:58:28.193  4903  4903 E C02700/SensorNativeAPI: in ActivateSensor, ActivateSensor failed
CST 2026-07-17 19:58:28.193  4903  4903 E C02f07/SG_REAL_TIME_DETECT_UTILS: [RegisterSensor]RegisterSensor ActivateSensor fail, ret: 201
CST 2026-07-17 19:58:28.193  4903  4903 E C02700/SensorAgentProxy: in UnsubscribeSensor, Deactivate sensorId first
CST 2026-07-17 19:58:28.193  4903  4903 E C02700/SensorNativeAPI: in UnsubscribeSensor, UnsubscribeSensor failed
CST 2026-07-17 19:58:28.193  4903  4903 E C02f07/SG_REAL_TIME_DETECT_UTILS: [GetSensorInfo]Register failed.
CST 2026-07-17 19:58:28.193  4903  4903 E C02f07/SG_REAL_TIME_DETECT_UTILS: [GetSensorDataImpl]GetSensorInfo: get Gyro fail
CST 2026-07-17 19:58:28.193  4903  4903 E C02f07/SG_REAL_TIME_DETECT_UTILS: [Query]get devic info faill id 1099511627523
CST 2026-07-17 19:58:28.193  4903  4903 E C02f07/S_COLLCTOR: [LoadCollector]Failed to start collector
CST 2026-07-17 19:58:28.193  4903  4903 E C02f07/S_COLLCTOR: [QuerySecurityEvent]Load collector failed, eventId is 0xffffffff03
CST 2026-07-17 19:58:28.193  4903  4903 I C02f07/S_COLLCTOR: [QuerySecurityEvent]QuerySecurityEvent error
CST 2026-07-17 19:58:28.193  4903  4903 E C02f07/S_COLLCTOR: [HandleSecurityEventQueryCmd]QuerySecurityEvent failed, ret=12
CST 2026-07-17 19:58:28.193   657   696 E C057c2/IPCObjectProxy: PrintErrorDetailedInfo: failed, handle:8 error:12 desc:*.SecurityCollectorManager proxy:10316960 time:153053751458
CST 2026-07-17 19:58:28.193   657   696 E C02f07/S_COLLCTOR: [QuerySecurityEvent]ret=12
CST 2026-07-17 19:58:28.193   657   696 I C02f07/S_COLLCTOR: [QuerySecurityEvent]QuerySecurityEvent failed, ret=12
CST 2026-07-17 19:58:28.193   657   696 E C02f18/SECURITY_AUDIT_Service: get device info fail err event: sensor_snapshot_info ret = 12
CST 2026-07-17 19:58:28.193   657   696 E C02f18/SECURITY_AUDIT_Service: Get device info sensor_snapshot_info failure,Trying to retry
CST 2026-07-17 19:58:28.247  1522  1522 W A01c06/ICON: AppIconWeatherModel --> initWeatherListener, retryTimes: 4
CST 2026-07-17 19:58:28.257   468  1324 E C01707/CONCUR: [Interface] task 1324 apply qos failed, errno = 4
CST 2026-07-17 19:58:28.257   468  1324 E C01611/QosManager: QosManager: Failed to set thread QoS to QOS_USER_INTERACTIVE, ret: -1
CST 2026-07-17 19:58:28.258   770   800 W C01123/BMSCommon: bundle not exist -n com.huawei.hmsapp.totemweather -u 100 -i 0 -f 32
CST 2026-07-17 19:58:28.258   770   800 W C01121/BMSQuery: GetBundleInfo failed -n com.huawei.hmsapp.totemweather -u 100
CST 2026-07-17 19:58:28.258   468  1324 E C01651/BundleMgrProxy: GetBundleInfoFromBMS: GetBundleInfo failed!bundleName is com.huawei.hmsapp.totemweather, userId is 100
CST 2026-07-17 19:58:28.258   468  1324 E C01651/DataProviderConfig: GetFromProxyData: Get bundleInfo failed! bundleName:com.huawei.hmsapp.totemweather, userId:100, visitedId:100, uri:******icIconInfo
CST 2026-07-17 19:58:28.258   468  1324 E C01651/DataShareServiceImpl: GetBMSAndMetaDataStatus: CalledInfo failed! token:0x20087fab,ret:1001,uri:******icIconInfo
CST 2026-07-17 19:58:28.258   468  1324 E C01651/DataShareServiceImpl: GetSilentProxyStatus: BMS or metaData not ready to complete, token:0x20087fab, uri:******icIconInfo
CST 2026-07-17 19:58:28.258  1522  1522 E A01c06/ICON: AppIconWeatherModel --> get weather info failed, code: 15700010, message: The DataShareHelper is not initialized successfully.
CST 2026-07-17 19:58:28.336   566   571 I C02516/cb: {-1,6,0,1}: s=828 r=
CST 2026-07-17 19:58:28.366  4896  4896 I C02b61/ImageCode: DoEncode:(1320, 2856) cost 210089 us
CST 2026-07-17 19:58:28.372   770   800 I C057c2/IPCObjectProxy: hd:315 ct:1 D:
CST 2026-07-17 19:58:28.416  4916  4916 W C02c02/PARAM: Selinux check name persist.init.debug.loglevel in u:object_r:startup_init_param:s0 [4916 2000 2000] failed
CST 2026-07-17 19:58:28.416  4916  4916 W C02c02/PARAM: Selinux check name persist.init.debug.loglevel in u:object_r:startup_init_param:s0 [4916 2000 2000] failed
CST 2026-07-17 19:58:28.416  4916  4916 W C02c02/PARAM: SystemReadParam failed!name is:persist.init.debug.loglevel,err:1002
CST 2026-07-17 19:58:28.424  4918  4918 W C02c02/PARAM: Selinux check name persist.init.debug.loglevel in u:object_r:startup_init_param:s0 [4918 2000 2000] failed
CST 2026-07-17 19:58:28.424  4918  4918 W C02c02/PARAM: Selinux check name persist.init.debug.loglevel in u:object_r:startup_init_param:s0 [4918 2000 2000] failed
CST 2026-07-17 19:58:28.424  4918  4918 W C02c02/PARAM: SystemReadParam failed!name is:persist.init.debug.loglevel,err:1002
CST 2026-07-17 19:58:28.424  4920  4920 W C02c02/PARAM: Selinux check name persist.init.debug.loglevel in u:object_r:startup_init_param:s0 [4920 2000 2000] failed
CST 2026-07-17 19:58:28.424  4920  4920 W C02c02/PARAM: Selinux check name persist.init.debug.loglevel in u:object_r:startup_init_param:s0 [4920 2000 2000] failed
CST 2026-07-17 19:58:28.424  4919  4919 W C02c02/PARAM: Selinux check name persist.init.debug.loglevel in u:object_r:startup_init_param:s0 [4919 2000 2000] failed
CST 2026-07-17 19:58:28.424  4920  4920 W C02c02/PARAM: SystemReadParam failed!name is:persist.init.debug.loglevel,err:1002
CST 2026-07-17 19:58:28.424  4919  4919 W C02c02/PARAM: Selinux check name persist.init.debug.loglevel in u:object_r:startup_init_param:s0 [4919 2000 2000] failed
CST 2026-07-17 19:58:28.424  4919  4919 W C02c02/PARAM: SystemReadParam failed!name is:persist.init.debug.loglevel,err:1002
CST 2026-07-17 19:58:28.431  4921  4921 W C02c02/PARAM: Selinux check name persist.init.debug.loglevel in u:object_r:startup_init_param:s0 [4921 2000 2000] failed
CST 2026-07-17 19:58:28.431  4921  4921 W C02c02/PARAM: Selinux check name persist.init.debug.loglevel in u:object_r:startup_init_param:s0 [4921 2000 2000] failed
CST 2026-07-17 19:58:28.431  4921  4921 W C02c02/PARAM: SystemReadParam failed!name is:persist.init.debug.loglevel,err:1002
CST 2026-07-17 19:58:28.432  4922  4922 W C02c02/PARAM: Selinux check name persist.init.debug.loglevel in u:object_r:startup_init_param:s0 [4922 2000 2000] failed
CST 2026-07-17 19:58:28.432  4922  4922 W C02c02/PARAM: Selinux check name persist.init.debug.loglevel in u:object_r:startup_init_param:s0 [4922 2000 2000] failed
CST 2026-07-17 19:58:28.432  4922  4922 W C02c02/PARAM: SystemReadParam failed!name is:persist.init.debug.loglevel,err:1002
CST 2026-07-17 19:58:28.635  4925  4925 W C02c02/PARAM: Selinux check name persist.init.debug.loglevel in u:object_r:startup_init_param:s0 [4925 2000 2000] failed
CST 2026-07-17 19:58:28.635  4925  4925 W C02c02/PARAM: Selinux check name persist.init.debug.loglevel in u:object_r:startup_init_param:s0 [4925 2000 2000] failed
CST 2026-07-17 19:58:28.635  4925  4925 W C02c02/PARAM: SystemReadParam failed!name is:persist.init.debug.loglevel,err:1002
CST 2026-07-17 19:58:28.642  4925  4925 W C02c02/PARAM: Selinux check name persist.init.debug.loglevel in u:object_r:startup_init_param:s0 [4925 2000 2000] failed
CST 2026-07-17 19:58:28.642  4925  4925 W C02c02/PARAM: Selinux check name persist.init.debug.loglevel in u:object_r:startup_init_param:s0 [4925 2000 2000] failed
CST 2026-07-17 19:58:28.642  4925  4925 W C02c02/PARAM: SystemReadParam failed!name is:persist.init.debug.loglevel,err:1002
CST 2026-07-17 19:58:28.690  4928  4928 W C02c02/PARAM: Selinux check name persist.init.debug.loglevel in u:object_r:startup_init_param:s0 [4928 2000 2000] failed
CST 2026-07-17 19:58:28.690  4928  4928 W C02c02/PARAM: Selinux check name persist.init.debug.loglevel in u:object_r:startup_init_param:s0 [4928 2000 2000] failed
CST 2026-07-17 19:58:28.690  4928  4928 W C02c02/PARAM: SystemReadParam failed!name is:persist.init.debug.loglevel,err:1002
CST 2026-07-17 19:58:28.691  4931  4931 W C02c02/PARAM: Selinux check name persist.init.debug.loglevel in u:object_r:startup_init_param:s0 [4931 2000 2000] failed
CST 2026-07-17 19:58:28.691  4931  4931 W C02c02/PARAM: Selinux check name persist.init.debug.loglevel in u:object_r:startup_init_param:s0 [4931 2000 2000] failed
CST 2026-07-17 19:58:28.691  4931  4931 W C02c02/PARAM: SystemReadParam failed!name is:persist.init.debug.loglevel,err:1002
CST 2026-07-17 19:58:28.696  4931  4931 W C02c02/PARAM: Selinux check name persist.init.debug.loglevel in u:object_r:startup_init_param:s0 [4931 2000 2000] failed
CST 2026-07-17 19:58:28.696  4931  4931 W C02c02/PARAM: Selinux check name persist.init.debug.loglevel in u:object_r:startup_init_param:s0 [4931 2000 2000] failed
CST 2026-07-17 19:58:28.696  4931  4931 W C02c02/PARAM: SystemReadParam failed!name is:persist.init.debug.loglevel,err:1002
CST 2026-07-17 19:58:28.697  4933  4933 W C02c02/PARAM: Selinux check name persist.init.debug.loglevel in u:object_r:startup_init_param:s0 [4933 2000 2000] failed
CST 2026-07-17 19:58:28.697  4933  4933 W C02c02/PARAM: Selinux check name persist.init.debug.loglevel in u:object_r:startup_init_param:s0 [4933 2000 2000] failed
CST 2026-07-17 19:58:28.697  4933  4933 W C02c02/PARAM: SystemReadParam failed!name is:persist.init.debug.loglevel,err:1002
CST 2026-07-17 19:58:28.704  4935  4935 W C02c02/PARAM: Selinux check name persist.init.debug.loglevel in u:object_r:startup_init_param:s0 [4935 2000 2000] failed
CST 2026-07-17 19:58:28.704  4935  4935 W C02c02/PARAM: Selinux check name persist.init.debug.loglevel in u:object_r:startup_init_param:s0 [4935 2000 2000] failed
CST 2026-07-17 19:58:28.704  4935  4935 W C02c02/PARAM: SystemReadParam failed!name is:persist.init.debug.loglevel,err:1002
