CST 2026-07-17 17:56:01.991     0     0 I I00000/HiLog: ========Zeroth log of type: init
CST 2026-07-17 17:56:06.858   457   457 I I02c01/CustCarrierMount: UpdateCotaOpkeyLink start
CST 2026-07-17 17:56:06.858   457   457 W I02c01/CustCarrierMount: not exsit CUST_GLOBAL_CARRIER_DIR or COTA_PARAM_CARRIER_DIR
CST 2026-07-17 17:56:07.651   457   457 I I02c01/CustCarrierMount: success to update cota carrier
CST 2026-07-17 17:57:01.619   142   424 I C01800/SAMGR: NF SA:65962,914_47
CST 2026-07-17 17:57:01.650   796  2436 W C01120/BMS: single_delayed_task_mgr.cpp:operator():44 SingleDelayedTaskMgr null
CST 2026-07-17 17:57:01.650   796  2437 W C01120/BMS: single_delayed_task_mgr.cpp:operator():44 SingleDelayedTaskMgr null
CST 2026-07-17 17:57:01.700  3233  3233 W C02c02/PARAM: Selinux check name persist.init.debug.loglevel in u:object_r:startup_init_param:s0 [3233 2000 2000] failed
CST 2026-07-17 17:57:01.700  3233  3233 W C02c02/PARAM: Selinux check name persist.init.debug.loglevel in u:object_r:startup_init_param:s0 [3233 2000 2000] failed
CST 2026-07-17 17:57:01.700  3233  3233 W C02c02/PARAM: SystemReadParam failed!name is:persist.init.debug.loglevel,err:1002
CST 2026-07-17 17:57:01.729   592   604 I C02516/cb: {-1,6,0,1}: s=233 r=
CST 2026-07-17 17:57:01.792  3233  3233 I C01303/AATool: [ability_command.cpp249]argv_[0]: aa
CST 2026-07-17 17:57:01.792  3233  3235 W C057c1/IPCWorkThread: ThreadHandler: proto:0 policy:1 name:OS_IPC_0_3235 invoker:12334240
CST 2026-07-17 17:57:01.792  3233  3236 I C02d06/XCollie: init default task finished.
CST 2026-07-17 17:57:01.792  3233  3233 I C01303/AATool: [ability_command.cpp249]argv_[1]: start
CST 2026-07-17 17:57:01.792  3233  3233 I C01303/AATool: [ability_command.cpp246]argc greater than 2, ignoring the rest
CST 2026-07-17 17:57:01.792  3233  3237 W C057c1/IPCWorkThread: ThreadHandler: proto:0 policy:0 name:OS_IPC_1_3237 invoker:12334816
CST 2026-07-17 17:57:01.793  3233  3233 I C01303/AATool: [ability_command.cpp1657]option: 97, optopt: 0, optind: 3
CST 2026-07-17 17:57:01.793  3233  3233 I C01303/AATool: [ability_command.cpp1657]option: 98, optopt: 0, optind: 5
CST 2026-07-17 17:57:01.793  3233  3233 I C01303/AATool: [ability_command.cpp1657]option: 109, optopt: 0, optind: 7
CST 2026-07-17 17:57:01.793  3233  3233 I C01303/AATool: [ability_command.cpp1657]option: -1, optopt: 0, optind: 7
CST 2026-07-17 17:57:01.793  3233  3233 I C01336/AMS: [AMC153]StartAbility cn.alfadb.netbird.r1probe/EntryAbility, userId:-1, appCloneIndex:-1, requestCode:-1, specifiedFullTokenId:0
CST 2026-07-17 17:57:01.794   796  1251 I C01c30/SclockKit: [a92ab1fc6dc1d2c, 8b8b6c, 0] [screenlock_system_ability.cpp(GetSecure:695)]ScreenLockSystemAbility GetSecure started.
CST 2026-07-17 17:57:01.794   796  1251 I C02401/USER_IDM_SDK: [a92ab1fc6dc1d2c, 8b8b6c, 0] [GetCredentialInfoSync@user_idm_client_impl.cpp:392] start, userId:100 authType:1
CST 2026-07-17 17:57:01.794   657   678 I C02401/USER_AUTH_SA: [a92ab1fc6dc1d2c, 89283f, 8b8b6c] [CallbackEnter@user_idm_service.cpp:924] start, code:14
CST 2026-07-17 17:57:01.794   657   678 I C02401/USER_AUTH_SA: [a92ab1fc6dc1d2c, 89283f, 8b8b6c] [GetCredentialInfoSync@user_idm_service.cpp:826] start
CST 2026-07-17 17:57:01.796   566   574 I C02411/USER_AUTH_HDI: [a92ab1fc6dc1d2c, 31bd4a5, 89283f] [GetCredential@user_auth_interface_service.cpp:1287] start
CST 2026-07-17 17:57:01.796   566   574 I C02411/USER_AUTH_HDI: [a92ab1fc6dc1d2c, 31bd4a5, 89283f] QueryCredentialFunc() query credential success
CST 2026-07-17 17:57:01.796   657   678 I C02401/USER_AUTH_SA: [a92ab1fc6dc1d2c, 89283f, 8b8b6c] [GetCredentialInfoInner@user_idm_service.cpp:157] no cred enrolled
CST 2026-07-17 17:57:01.796   657   678 I C02401/USER_AUTH_SA: [a92ab1fc6dc1d2c, 89283f, 8b8b6c] [GetCredentialInfoSync@user_idm_service.cpp:854] GetCredentialInfoSync success, credential num:0
CST 2026-07-17 17:57:01.796   657   678 I C02401/USER_AUTH_SA: [a92ab1fc6dc1d2c, 89283f, 8b8b6c] [CallbackExit@user_idm_service.cpp:930] leave, code:14, result:0
CST 2026-07-17 17:57:01.796   796  1251 I C02401/USER_IDM_SDK: [a92ab1fc6dc1d2c, 8b8b6c, 0] [GetCredentialInfoSync@user_idm_client_impl.cpp:417] GetCredentialInfoSync success, credential num:0
CST 2026-07-17 17:57:01.796   796  1251 I C01c30/SclockKit: [a92ab1fc6dc1d2c, 8b8b6c, 0] [screenlock_system_ability.cpp(GetSecure:711)]GetCredentialInfo AuthType::PIN result = 0
CST 2026-07-17 17:57:01.796   796  1251 I C01336/AMS: [a92ab1fc6dc1d2c, 8b8b6c, 0] [unlock_screen_manager.cpp74]UnlockScreen begin
CST 2026-07-17 17:57:01.797   796  1251 I C02901/PowerFwk: [a92ab1fc6dc1d2c, 8b8b6c, 0] IsScreenOn=1, caller pid=796
CST 2026-07-17 17:57:01.797   796  1251 I C01336/AMS: [a92ab1fc6dc1d2c, 8b8b6c, 0] [unlock_screen_manager.cpp101]UnlockScreen end
CST 2026-07-17 17:57:01.797   796  1251 I C01313/Dialog: [a92ab1fc6dc1d2c, 8b8b6c, 0] [dialog_session_manager.cpp139]not find
CST 2026-07-17 17:57:01.797   796  1251 E C01336/AMS: [a92ab1fc6dc1d2c, 8b8b6c, 0] [start_ability_utils.cpp419]nullptr
CST 2026-07-17 17:57:01.797   796  1251 I C01336/AMS: [a92ab1fc6dc1d2c, 8b8b6c, 0] [start_ability_utils.cpp54]appIndex:-1
CST 2026-07-17 17:57:01.798   796  1251 W C01120/BMS: [a92ab1fc6dc1d2c, 8b8b6c, 0] control rule invalid size 0
CST 2026-07-17 17:57:01.798   796  1251 I C01336/AMS: [a92ab1fc6dc1d2c, 8b8b6c, 0] [collaborator_util.h70]collaborator is nullptr
CST 2026-07-17 17:57:01.798   796  1251 W C01123/BMSCommon: [a92ab1fc6dc1d2c, 8b8b6c, 0] uid(2000) invalid
CST 2026-07-17 17:57:01.798   796  1251 W C01123/BMSCommon: [a92ab1fc6dc1d2c, 8b8b6c, 0] uid(2000) invalid
CST 2026-07-17 17:57:01.798   796  1251 W C01337/EcologicalRule: [a92ab1fc6dc1d2c, 8b8b6c, 0] [ERI235]failed,uid: 2000
CST 2026-07-17 17:57:01.798   796  1251 I C01337/EcologicalRule: [a92ab1fc6dc1d2c, 8b8b6c, 0] [ERI286]ERMS's caller{_2000_3233}
CST 2026-07-17 17:57:01.799   796  1251 I C01336/AMS: [a92ab1fc6dc1d2c, 8b8b6c, 0] [dialog_session_manager.cpp565]not create clone index
CST 2026-07-17 17:57:01.799   796  1251 W C01336/AMS: [a92ab1fc6dc1d2c, 8b8b6c, 0] [ABMS9465]not allow, remove
CST 2026-07-17 17:57:01.799   796  1251 E C01300/AAFwk: [a92ab1fc6dc1d2c, 8b8b6c, 0] [permission_verification.cpp120]verify fail
CST 2026-07-17 17:57:01.799   796  1251 W C01336/AMS: [a92ab1fc6dc1d2c, 8b8b6c, 0] [ABMS1733]startAbilityInner, remove continueSessionId and persistentId
CST 2026-07-17 17:57:01.799   796  1251 I C01336/AMS: [a92ab1fc6dc1d2c, 8b8b6c, 0] [collaborator_util.h44]collaborator is nullptr
CST 2026-07-17 17:57:01.799   796  1251 I C01336/AMS: [a92ab1fc6dc1d2c, 8b8b6c, 0] [UALM733]Reused sessionId: 0, userId: 100, requestId: 1
CST 2026-07-17 17:57:01.799   796  1251 I C01336/AMS: [a92ab1fc6dc1d2c, 8b8b6c, 0] [UALM1736]appCloneIndex:0, instanceKey:, hasStartWindow:0, backgroundColor:, hideStartWindow: 0
CST 2026-07-17 17:57:01.799   796  1251 E C01336/AMS: [a92ab1fc6dc1d2c, 8b8b6c, 0] [UALM1141]null
CST 2026-07-17 17:57:01.800   796  1226 W C01123/BMSCommon: [a92ab1fc6dc1d2c, 224ad04, 8b8b6c] uid(5523) invalid
CST 2026-07-17 17:57:01.800   796  1251 I C01336/AMS: [a92ab1fc6dc1d2c, 8b8b6c, 0] [UALM1783]scb call, NotifySCBPendingActivation for rootSceneSession, target: EntryAbility
CST 2026-07-17 17:57:01.800  3233  3233 I C01303/AATool: [ability_command.cpp465]start ability successfully.
CST 2026-07-17 17:57:01.800  2255  2310 I C0420a/WMSLife: [a92ab1fc6dc1d2c, 1fa2352, 2c1f4b1] DisallowActivationFromPendingBackground: session state:0, isFoundationCall:1, canStartAbilityFromBackground:1, foregroundInteractiveStatus:1, isPendingToBackgroundState:0, isFromAncoAndToAnco:0
CST 2026-07-17 17:57:01.800  2255  2310 I C0420a/WMSLife: [a92ab1fc6dc1d2c, 1fa2352, 2c1f4b1] PendingSessionActivation set reuseDelegatorWindow 0
CST 2026-07-17 17:57:01.800  2255  2310 I C0420a/WMSLife: [a92ab1fc6dc1d2c, 1fa2352, 2c1f4b1] MakeSessionInfoDuringPendingActivation: want: screenId 18446744073709551615
CST 2026-07-17 17:57:01.800  2255  2310 I C0420a/WMSLife: [a92ab1fc6dc1d2c, 1fa2352, 2c1f4b1] CalculateStartWindowType: only same app in pc or pcMode.
CST 2026-07-17 17:57:01.800  2255  2310 I C0420a/WMSLife: [a92ab1fc6dc1d2c, 1fa2352, 2c1f4b1] MakeSessionInfoDuringPendingActivation: bundleName:cn.alfadb.netbird.r1probe, moduleName:entry, abilityName:EntryAbility,appIndex:0, affinity:. callState:0, want persistentId:0,uiAbilityId:0, windowMode:0, callerId:2,needClearInNotShowRecent:0, appInstanceKey: ,supportedWindowModes.size:0, requestId:1,maxWindowWidth:0, minWindowWidth:0, maxWindowHeight:0, minWindowHeight:0, startWindowType:0, isPrelaunch:0, frameNum:0,isTargetPlugin:0, hostBundleName:
CST 2026-07-17 17:57:01.800  2255  2310 E C04201/DMS: [a92ab1fc6dc1d2c, 1fa2352, 2c1f4b1] GetVirtualScreenFlag: screenId invalid
CST 2026-07-17 17:57:01.800  2255  2310 I C0420a/WMSLife: [a92ab1fc6dc1d2c, 1fa2352, 2c1f4b1] PendingSessionActivation: id:0,bundleName:cn.alfadb.netbird.r1probe,moduleName:entry,abilityName:EntryAbility,appIndex:0,reuse:1,requestId:1,specifiedFlag:,prelaunch:0,frameNum:0
CST 2026-07-17 17:57:01.801  2255  2310 W C04200/WMS: [a92ab1fc6dc1d2c, 1fa2352, 2c1f4b1] CheckIfReuseSession: checked not collaborator!
CST 2026-07-17 17:57:01.801  2255  2310 I C0420a/WMSLife: [a92ab1fc6dc1d2c, 1fa2352, 2c1f4b1] GenSceneSession: SceneSession not exist, request a new one.
CST 2026-07-17 17:57:01.801  2255  2310 I C0420a/WMSLife: [a92ab1fc6dc1d2c, 1fa2352, 2c1f4b1] GetSceneSessionBySessionInfo: mainWindow bundleName: cn.alfadb.netbird.r1probe, moduleName: entry, abilityName: EntryAbility, appIndex: 0, appInstanceKey:, isAtomicService:0
CST 2026-07-17 17:57:01.801  2255  2310 I C0420a/WMSLife: [a92ab1fc6dc1d2c, 1fa2352, 2c1f4b1] RequestSceneSession: appName: [cn.alfadb.netbird.r1probe entry EntryAbility] appIndex 0, type 1 system 0, isPersistentRecover 0, isAbilityHook 0
CST 2026-07-17 17:57:01.801  2255  2310 I C0420a/WMSLife: [a92ab1fc6dc1d2c, 1fa2352, 2c1f4b1] GeneratePersistentId: persistentId: 0, persistentId_: 30
CST 2026-07-17 17:57:01.801  2255  2310 I C0420a/WMSLife: [a92ab1fc6dc1d2c, 1fa2352, 2c1f4b1] SceneSession: Create session, id: 30
CST 2026-07-17 17:57:01.801  2255  2310 I C04202/WMSMain: [a92ab1fc6dc1d2c, 1fa2352, 2c1f4b1] WSFFRTHelper: FFRT user interactive qos max queue thread number: 5
CST 2026-07-17 17:57:01.802  2255  2310 I C04202/WMSMain: [a92ab1fc6dc1d2c, 1fa2352, 2c1f4b1] CreateSceneSession: Create MainSession, id: 30
CST 2026-07-17 17:57:01.802  2255  2310 I C04208/WMSLayout: [a92ab1fc6dc1d2c, 1fa2352, 2c1f4b1] GetAppDragResizeTypeInner: dragResizeType: 1, bundleName: cn.alfadb.netbird.r1probe
CST 2026-07-17 17:57:01.802  2255  2310 I C0421a/WMSLayoutPc: [a92ab1fc6dc1d2c, 1fa2352, 2c1f4b1] SetDragKeyFramePolicy: set keyframe policy from outside: [0 1000 1000 100 100 0 0]
CST 2026-07-17 17:57:01.802  2255  2310 I C04217/WMSAttribute: [a92ab1fc6dc1d2c, 1fa2352, 2c1f4b1] CreateSceneSession: winId: 30, displayId: 0
CST 2026-07-17 17:57:01.802  2255  2310 I C04204/WMSScb: [a92ab1fc6dc1d2c, 1fa2352, 2c1f4b1] SetBufferAvailable: id: 30, type: 1
CST 2026-07-17 17:57:01.802  2255  2310 I C04200/WMS: [a92ab1fc6dc1d2c, 1fa2352, 2c1f4b1] RemoveTask: Task is not existed, name=ClearSnapshotPersistence30
CST 2026-07-17 17:57:01.802  2255  2310 I C04204/WMSScb: [a92ab1fc6dc1d2c, 1fa2352, 2c1f4b1] GetRSUIContext: : RSUIContext is null, sessionId: 30, screenId:18446744073709551615
CST 2026-07-17 17:57:01.802  2255  2310 E C04204/WMSScb: [a92ab1fc6dc1d2c, 1fa2352, 2c1f4b1] SetRSUIContext: RSNode is null
CST 2026-07-17 17:57:01.802  2255  2310 I C04217/WMSAttribute: [a92ab1fc6dc1d2c, 1fa2352, 2c1f4b1] InitSceneSession: synchronous screenId with displayId 18446744073709551615
CST 2026-07-17 17:57:01.802  2255  2310 I C0421b/WMSStartupPage: [a92ab1fc6dc1d2c, 1fa2352, 2c1f4b1] GetEnableRemoveStartingWindowFromBMS: enable.remove.starting.window default false
CST 2026-07-17 17:57:01.802  2255  2310 I C04202/WMSMain: [a92ab1fc6dc1d2c, 1fa2352, 2c1f4b1] FillSessionInfo: bundleName:cn.alfadb.netbird.r1probe removeMissionAfterTerminate:0 excludeFromMissions:0 label:$string:ability_name iconPath:$media:start_icon collaboratorType:/data/app/el1/bundle/public/cn.alfadb.netbird.r1probe.
CST 2026-07-17 17:57:01.802  2255  2310 I C04201/DMS: [a92ab1fc6dc1d2c, 1fa2352, 2c1f4b1] Notify ability EntryAbility bundle cn.alfadb.netbird.r1probe update toScreen id: 18446744073709551615
CST 2026-07-17 17:57:01.802  2255  2310 I C0420a/WMSLife: [a92ab1fc6dc1d2c, 1fa2352, 2c1f4b1] RequestSceneSession: id: 30, type: 1, instanceKey: , displayId: 18446744073709551615
CST 2026-07-17 17:57:01.802  2255  2310 I C0420a/WMSLife: [a92ab1fc6dc1d2c, 1fa2352, 2c1f4b1] SetDefaultDisplayIdIfNeed: winId: 30, update screen id 0
CST 2026-07-17 17:57:01.802  2255  2310 I C0420a/WMSLife: [a92ab1fc6dc1d2c, 1fa2352, 2c1f4b1] PendingSessionActivation: session: 30 isNeedBackToOther: 0
CST 2026-07-17 17:57:01.802  2255  2310 I C0420a/WMSLife: [a92ab1fc6dc1d2c, 1fa2352, 2c1f4b1] AddRequestTaskInfo: persistentId:30, requestId:1, infoMap size:1, wantMap size:1
CST 2026-07-17 17:57:01.802  2255  2310 I C0420a/WMSLife: [a92ab1fc6dc1d2c, 1fa2352, 2c1f4b1] PostLifeCycleTask: Add task PendingSessionActivation to life cycle queue, PersistentId=30
CST 2026-07-17 17:57:01.802  2255  2310 I C0420a/WMSLife: [a92ab1fc6dc1d2c, 1fa2352, 2c1f4b1] SetLifeCycleTaskRunning: Execute LifeCycleTask PendingSessionActivation. PersistentId: 30
CST 2026-07-17 17:57:01.802  2255  2426 I C04216/WMSPattern: [a92ab1fc6dc1d2c, 269ad36, 1fa2352] operator(): ClearSnapshotPersistence, 30
CST 2026-07-17 17:57:01.803  2255  2255 I C0420a/WMSLife: [a92ab1fc6dc1d2c, 246788, 1fa2352] operator(): pend active success, id:30
CST 2026-07-17 17:57:01.808  2255  2255 I C04202/WMSMain: [a92ab1fc6dc1d2c, 246788, 1fa2352] OnRequestSceneSession: [cn.alfadb.netbird.r1probe, entry, EntryAbility], sceneType: 1, errCode=0
CST 2026-07-17 17:57:01.808  2255  2310 I C0420a/WMSLife: [a92ab1fc6dc1d2c, 20db677, 246788] GetSceneSessionBySessionInfo: get exist session persistentId: 30
CST 2026-07-17 17:57:01.808  2255  2310 I C04201/DMS: [a92ab1fc6dc1d2c, 20db677, 246788] Notify ability EntryAbility bundle cn.alfadb.netbird.r1probe update toScreen id: 0
CST 2026-07-17 17:57:01.808  2255  2310 E C0420a/WMSLife: [a92ab1fc6dc1d2c, 20db677, 246788] UpdateAbilityHookState: sceneSession is null or isAbilityHook is false
CST 2026-07-17 17:57:01.808  2255  2255 I C0420a/WMSLife: [a92ab1fc6dc1d2c, 246788, 1fa2352] JsSceneSession: created, id:30
CST 2026-07-17 17:57:01.809  2255  2255 I C04206/WMSSystem: [a92ab1fc6dc1d2c, 246788, 1fa2352] CreateFbTemplateInfo: template 0
CST 2026-07-17 17:57:01.812  2255  2255 I C0421c/WMSCompat: [a92ab1fc6dc1d2c, 246788, 1fa2352] SetIsPcAppInPad: enable: 0
CST 2026-07-17 17:57:01.812  2255  2310 I C04200/WMS: [a92ab1fc6dc1d2c, 2ed6293, 246788] SetDefaultRequestedOrientation id: 30 defaultRequestedOrientation: 0
CST 2026-07-17 17:57:01.813  2255  2255 I C04203/WMSSub: [a92ab1fc6dc1d2c, 246788, 1fa2352] RegisterCreateSubSessionListener: id: 30
CST 2026-07-17 17:57:01.813  2255  2255 I C0420a/WMSLife: [a92ab1fc6dc1d2c, 246788, 1fa2352] ProcessClearSubSessionRegister: success
CST 2026-07-17 17:57:01.813  2255  2310 I C0421e/WMSAnimation: [a92ab1fc6dc1d2c, d008bc, 246788] SetTransitionAnimationCallback id: 30
CST 2026-07-17 17:57:01.813  2255  2255 I C04217/WMSAttribute: [a92ab1fc6dc1d2c, 246788, 1fa2352] ProcessDefaultDensityEnabledRegister: success
CST 2026-07-17 17:57:01.814  2255  2255 I C04207/WMSFocus: [a92ab1fc6dc1d2c, 246788, 1fa2352] NotifySessionFocusableChange: id: 30, focusable: 1
CST 2026-07-17 17:57:01.814  2255  2310 I C04215/WMSHierarchy: [a92ab1fc6dc1d2c, 154ad10, 246788] OnSessionTopmostChange: State: 0
CST 2026-07-17 17:57:01.814  2255  2255 I C04200/WMS: [a92ab1fc6dc1d2c, 246788, 1fa2352] OnSessionTouchableChange: 1
CST 2026-07-17 17:57:01.814  2255  2310 I C04205/WMSDialog: [a92ab1fc6dc1d2c, 3cc0ee9, 246788] SetClickModalWindowOutsideListener id: 30
CST 2026-07-17 17:57:01.814  2255  2310 I C04200/WMS: [a92ab1fc6dc1d2c, 1b1d7c, 246788] OnShowWhenLocked: 0
CST 2026-07-17 17:57:01.814  2255  2255 I C04205/WMSDialog: [a92ab1fc6dc1d2c, 246788, 1fa2352] RegisterBindDialogTargetListener: Id: 30
CST 2026-07-17 17:57:01.815  2255  2255 I C0420e/WMSPiP: [a92ab1fc6dc1d2c, 246788, 1fa2352] ProcessUpdatePiPTemplateInfoRegister: success
CST 2026-07-17 17:57:01.815  2255  2255 I C04219/WMSDecor: [a92ab1fc6dc1d2c, 246788, 1fa2352] ProcessWindowMovingRegister: success
CST 2026-07-17 17:57:01.815  2255  2310 I C04202/WMSMain: [a92ab1fc6dc1d2c, 3611a12, 246788] SetWindowMovingCallback id: 30
CST 2026-07-17 17:57:01.815  2255  2255 I C04202/WMSMain: [a92ab1fc6dc1d2c, 246788, 1fa2352] ProcessSessionLockStateChangeRegister: success
CST 2026-07-17 17:57:01.815  2255  2310 I C0420a/WMSLife: [a92ab1fc6dc1d2c, 2018044, 246788] UpdatePrivacyModeControlInfo: no need to update privacy mode control info
CST 2026-07-17 17:57:01.815  2255  2255 I C0420a/WMSLife: [a92ab1fc6dc1d2c, 246788, 1fa2352] RegisterUpdateAppUseControlCallback: success
CST 2026-07-17 17:57:01.816  2255  2268 I C04216/WMSPattern: [a92ab1fc6dc1d2c, 3590e64, 246788] GetCallerSessionColorMode: bundle cn.alfadb.netbird.r1probe, caller 
CST 2026-07-17 17:57:01.816  2255  2268 I C04216/WMSPattern: [a92ab1fc6dc1d2c, 3590e64, 246788] GetIsDarkFromConfiguration: colorMode: light
CST 2026-07-17 17:57:01.816  2255  2268 I C04216/WMSPattern: [a92ab1fc6dc1d2c, 3590e64, 246788] GetIsDarkFromConfiguration: colorMode: light
CST 2026-07-17 17:57:01.816  2255  2268 I C04216/WMSPattern: [a92ab1fc6dc1d2c, 3590e64, 246788] GetStartWindowColorFollowApp: follow sys: cn.alfadb.netbird.r1probe
CST 2026-07-17 17:57:01.816  2255  2268 W C04216/WMSPattern: [a92ab1fc6dc1d2c, 3590e64, 246788] GetStartingWindowInfoFromRdb: fff2f6f8, resource:///16777222.svg, 0, , 1
CST 2026-07-17 17:57:01.816  2255  2268 I C04216/WMSPattern: [a92ab1fc6dc1d2c, 3590e64, 246788] GetStartupPage: update1,0
CST 2026-07-17 17:57:01.817  2255  2268 I C04216/WMSPattern: [a92ab1fc6dc1d2c, 3590e64, 246788] SetPreloadStartingWindow: svgBufferInfo 30
CST 2026-07-17 17:57:01.817  2255  2268 I C04216/WMSPattern: [a92ab1fc6dc1d2c, 3590e64, 246788] PreLoadStartingWindow session 30, isSvg 1
CST 2026-07-17 17:57:01.817  2255  2306 I C01653/NativePreferences: [a92ab1fc6dc1d2c, 38067cb, 246788] XmlReadFile: file:/***/el1/***/MULT***INFO, m:0.
CST 2026-07-17 17:57:01.819  2255  2255 E C03f05/NAPI: [a92ab1fc6dc1d2c, 246788, 1fa2352] DfxCollectStackWithDepth is not loaded in taskpool/worker.
CST 2026-07-17 17:57:01.819  2255  2255 I C03f05/NAPI: [a92ab1fc6dc1d2c, 246788, 1fa2352] taskpool:: taskId 873703162 in seqRunner 139902373673184 immediately.
CST 2026-07-17 17:57:01.819  2255  2337 I C03f05/NAPI: taskpool:: Task Perform: j71, 873703162, runningLoop: 139902081543088
CST 2026-07-17 17:57:01.820   142   424 I C01800/SAMGR: NF SA:65962,914_48
CST 2026-07-17 17:57:01.826  2255  2255 I C0421d/WMSRotation: [a92ab1fc6dc1d2c, 246788, 1fa2352] OnNotifySupportRotationChange: persistentId: 30, container size: 4, scene size: 4
CST 2026-07-17 17:57:01.828  2255  2255 I C0420a/WMSLife: [a92ab1fc6dc1d2c, 246788, 1fa2352] SetIsPendingToBackgroundState: id:30 State:0
CST 2026-07-17 17:57:01.828  2255  2255 I C0420a/WMSLife: [a92ab1fc6dc1d2c, 246788, 1fa2352] SetIsActivatedAfterScreenLocked: id:30, isLocked:0
CST 2026-07-17 17:57:01.828  2255  2255 I C0420a/WMSLife: [a92ab1fc6dc1d2c, 246788, 1fa2352] OnRequestSceneSessionActivation: in
CST 2026-07-17 17:57:01.828  2255  2310 I C04202/WMSMain: [a92ab1fc6dc1d2c, 1200aff, 246788] Request active id:30, system:0, isNewActive:0, requestId:1
CST 2026-07-17 17:57:01.828  2255  2310 W C0420b/WMSKeyboard: [a92ab1fc6dc1d2c, 1200aff, 246788] RequestInputMethodCloseKeyboard: keyboardSession is nullptr, id: 30
CST 2026-07-17 17:57:01.828  2255  2310 I C0421b/WMSStartupPage: [a92ab1fc6dc1d2c, 1200aff, 246788] GetEnableRemoveStartingWindowFromBMS: enable.remove.starting.window default false
CST 2026-07-17 17:57:01.828  2255  2310 I C04202/WMSMain: [a92ab1fc6dc1d2c, 1200aff, 246788] FillSessionInfo: bundleName:cn.alfadb.netbird.r1probe removeMissionAfterTerminate:0 excludeFromMissions:0 label:$string:ability_name iconPath:$media:start_icon collaboratorType:/data/app/el1/bundle/public/cn.alfadb.netbird.r1probe.
CST 2026-07-17 17:57:01.828  2255  2310 I C0420a/WMSLife: [a92ab1fc6dc1d2c, 1200aff, 246788] GetRequestWantFromTaskInfoMap: exsit, persistentId:30, requestId:1
CST 2026-07-17 17:57:01.828  2255  2310 I C0420a/WMSLife: [a92ab1fc6dc1d2c, 1200aff, 246788] SetAbilitySessionInfo: Is SCB Call, set flag:0, persistentId:30, requestId:1
CST 2026-07-17 17:57:01.828  2255  2310 I C0420a/WMSLife: [a92ab1fc6dc1d2c, 1200aff, 246788] RequestSceneSessionActivationInner: [id: 30] want-ability: EntryAbility, bundle: cn.alfadb.netbird.r1probe, module: entry, appIndex: 0, requestId:1
CST 2026-07-17 17:57:01.828  2255  2310 I C0420a/WMSLife: [a92ab1fc6dc1d2c, 1200aff, 246788] operator(): start notify listeners, bundleName:cn.alfadb.netbird.r1probe, Id:30, event:2, reason: 0
CST 2026-07-17 17:57:01.828  2255  2310 I C04202/WMSMain: [a92ab1fc6dc1d2c, 1200aff, 246788] RequestSceneSessionActivationInner: [id: 30] Begin StartUIAbility, system: 0,reuseDelegatorWindow 0 isShowAbility 0
CST 2026-07-17 17:57:01.828  2255  2305 I C01336/AMS: [a92ab1fc6dc1d2c, 1eeae66, 1200aff] [AMC432]scb call, StartUIAbilityBySCB target: cn.alfadb.netbird.r1probe/EntryAbility, persistentId: 30, appIndex: -1, pageConfigSize:0, requestCode:-1
CST 2026-07-17 17:57:01.829   796  1251 I C01336/AMS: [a92ab1fc6dc1d2c, 18ed013, 1eeae66] [ABMS3083]call, sceneFlag:4, restart: 0
CST 2026-07-17 17:57:01.829  2255  2285 I C01631/GaussPD: [a92ab1fc6dc1d2c, 1118b9c, 246788]  [0] [ADAPTER] [139900931275520] Not support binlog_default.writeLock file enable del monitor sysno = 25
CST 2026-07-17 17:57:01.829  2255  2285 I C01631/GaussPD: [a92ab1fc6dc1d2c, 1118b9c, 246788]  [0] [ADAPTER] [139900931275520] Not support binlog_default.writeLock file enable del monitor sysno = 25
CST 2026-07-17 17:57:01.829  2255  2285 I C01631/GaussPD: [a92ab1fc6dc1d2c, 1118b9c, 246788]  [0] [ADAPTER] [139900931275520] Not support binlog_default.writeLock file enable del monitor sysno = 25
CST 2026-07-17 17:57:01.829   796  1251 I C01336/AMS: [a92ab1fc6dc1d2c, 18ed013, 1eeae66] [start_ability_utils.cpp54]appIndex:-1
CST 2026-07-17 17:57:01.830  2255  2285 I C01631/GaussPD: [a92ab1fc6dc1d2c, 1118b9c, 246788]  [0] [ADAPTER] [139900931275520] Not support binlog_default.writeLock file enable del monitor sysno = 25
CST 2026-07-17 17:57:01.830  2255  2285 I C01631/GaussPD: [a92ab1fc6dc1d2c, 1118b9c, 246788]  [0] [ADAPTER] [139900931275520] Not support binlog_default.writeIndex file enable del monitor sysno = 25
CST 2026-07-17 17:57:01.830  2255  2285 I C01631/GaussPD: [a92ab1fc6dc1d2c, 1118b9c, 246788]  [0] [ADAPTER] [139900931275520] Not support binlog_default.writeIndex file enable del monitor sysno = 25
CST 2026-07-17 17:57:01.830   796  1592 W C01123/BMSCommon: [a92ab1fc6dc1d2c, 3d3d045, 18ed013] uid(5523) invalid
CST 2026-07-17 17:57:01.830   796  1251 W C01336/AMS: [a92ab1fc6dc1d2c, 18ed013, 1eeae66] [ABMS3903]null callerToken
CST 2026-07-17 17:57:01.831   313   394 I C01727/SceneRecognizeExt: [a92ab1fc6dc1d2c, 2685919, 2c0e648] [ReportEnterUserInteractionSceneInner]report enter user interaction scene
CST 2026-07-17 17:57:01.831   313   565 I C01705/EXACT_PREREAD: [a92ab1fc6dc1d2c, 1b310c4, 331ff6d] [(StartAppStartupPrereadWork):630] uid: 20020062 pid: 0 appStartupScene: cn.alfadb.netbird.r1probe/cn.alfadb.netbird.r1probe
CST 2026-07-17 17:57:01.831   313   565 E C01700/RSS: [a92ab1fc6dc1d2c, 1b310c4, 331ff6d] GetRealPath: get real path failed.
CST 2026-07-17 17:57:01.831   313   565 E C01705/EXACT_PREREAD: [a92ab1fc6dc1d2c, 1b310c4, 331ff6d] [(GetMonitorState):1128] failed to get real path, errno: 2
CST 2026-07-17 17:57:01.831   313   565 E C01705/EXACT_PREREAD: [a92ab1fc6dc1d2c, 1b310c4, 331ff6d] [(GetAvailableMonitor):1093] failed to get monitor: 0 state.
CST 2026-07-17 17:57:01.831   313   565 E C01700/RSS: [a92ab1fc6dc1d2c, 1b310c4, 331ff6d] GetRealPath: get real path failed.
CST 2026-07-17 17:57:01.831   313   565 E C01705/EXACT_PREREAD: [a92ab1fc6dc1d2c, 1b310c4, 331ff6d] [(GetMonitorState):1128] failed to get real path, errno: 2
CST 2026-07-17 17:57:01.831   313   565 E C01705/EXACT_PREREAD: [a92ab1fc6dc1d2c, 1b310c4, 331ff6d] [(GetAvailableMonitor):1093] failed to get monitor: 1 state.
CST 2026-07-17 17:57:01.831   313   565 E C01705/EXACT_PREREAD: [a92ab1fc6dc1d2c, 1b310c4, 331ff6d] [(CheckAndBindMonitorBeforeWorkStart):1006] get invalid monitorIdx: -1
CST 2026-07-17 17:57:01.831   313   565 E C01705/EXACT_PREREAD: [a92ab1fc6dc1d2c, 1b310c4, 331ff6d] [(StartAppStartupPrereadWork):181] check workstate or bind monitor failed.
CST 2026-07-17 17:57:01.831   313   565 E C01705/EXACT_PREREAD: [a92ab1fc6dc1d2c, 1b310c4, 331ff6d] [(ExecuteCommand):126] execute cmd:1 failed.
CST 2026-07-17 17:57:01.833  2255  2255 E C03f05/NAPI: [a92ab1fc6dc1d2c, 246788, 1fa2352] DfxCollectStackWithDepth is not loaded in taskpool/worker.
CST 2026-07-17 17:57:01.834  2255  2255 I C03f05/NAPI: [a92ab1fc6dc1d2c, 246788, 1fa2352] taskpool:: add taskId: 2097489979 to seqRunner 139902373673184.
CST 2026-07-17 17:57:01.834   796  1266 I C01202/Unordered: [a92ab1fc6dc1d2c, eacbe7, 2aba0c6] Pid 2255 publish SCENE_PANEL_EVENT to 100 end(4,4,0,0)
CST 2026-07-17 17:57:01.834   796  1251 I C01336/AMS: [a92ab1fc6dc1d2c, 18ed013, 1eeae66] [UALM215]StartUIAbility session:30. bundle:cn.alfadb.netbird.r1probe, ability:EntryAbility, instanceKey:, requestId: 1, isCallBySCB: 0, reuseDelegator: 0, scenarios:0, requestCode:-1
CST 2026-07-17 17:57:01.835   796   962 W C011fc/BMSExt: [a92ab1fc6dc1d2c, ffd9ae, a339f1] [IsTargetApp:729]bundleName or appIdentifier is empty
CST 2026-07-17 17:57:01.835  2401  2401 I A000ff/ThemeEngine: [a92ab1fc6dc1d2c, 32bdea7, 32f165b] EngineProxy --> Receiving IPC call with matched key sceneState
CST 2026-07-17 17:57:01.835  2401  2401 I A000ff/ThemeEngine: [a92ab1fc6dc1d2c, 32bdea7, 32f165b] EngineProxy --> onWindowScbStateChange preSceneState: -1, currentSceneState: 1
CST 2026-07-17 17:57:01.835  2255  2284 E C01e00/ResourceManager: [a92ab1fc6dc1d2c, 1d861b6, a339f1] GetStringById error id = 16777219
CST 2026-07-17 17:57:01.835  2255  2284 E C01e00/ResourceManagerJs: [a92ab1fc6dc1d2c, 1d861b6, a339f1] GetStringById failed state id = 16777219
CST 2026-07-17 17:57:01.836  2255  2255 W C0393b/AceWindowScene: [a92ab1fc6dc1d2c, 246788, 1fa2352] [(100000:100000:scope)] parentId:346, nodeId:347, sessionId:3
CST 2026-07-17 17:57:01.841  2255  2471 I C03900/HDS: [hds_drawable_descriptor.cpp-ProcessIcon:101]set pixelmap editable : 0 .
CST 2026-07-17 17:57:01.842  2255  2471 E C02b61/PixelMap: set ashmem name failed
CST 2026-07-17 17:57:01.845  2255  2255 E C03947/AceStateMgmt: [a92ab1fc6dc1d2c, 246788, 1fa2352] [(100000:100000:scope)] FIX THIS APPLICATION ERROR: @Component 'AIBarView': State variable 'fullScreenParam' has changed during render! It's illegal to change @Component state while build (initial render or re-render) is on-going. Application error!
CST 2026-07-17 17:57:01.847  2255  2285 I C02b61/ImageCode: DoEncode:(224, 224) cost 4832 us
CST 2026-07-17 17:57:01.847  2255  2255 I C0393b/AceWindowScene: [a92ab1fc6dc1d2c, 246788, 1fa2352] [(100000:100000:scope)] OnAttachToFrameNode id: 4, node id: 2115, type: 2109, name: BackgroundBlurView2
CST 2026-07-17 17:57:01.848   966  1464 I C04619/Common: [a92ab1fc6dc1d2c, 242c16a, 22898fd] [common_event_receiver.cpp:54]HandleScenePanelStateEvent# HandleScenePanelStateEvent eventType: SCENE_PANEL_STATE_CHANGE.
CST 2026-07-17 17:57:01.848   966  1464 I C04619/Common: [a92ab1fc6dc1d2c, 242c16a, 22898fd] [common_event_receiver.cpp:56]HandleScenePanelStateEvent# HandleScenePanelStateEvent state: 1.
CST 2026-07-17 17:57:01.848  2255  2287 I C01631/GaussPD:  [0] [ADAPTER] [139900914473728] Not support binlog_default.writeLock file enable del monitor sysno = 25
CST 2026-07-17 17:57:01.848  2255  2287 I C01631/GaussPD:  [0] [ADAPTER] [139900914473728] Not support binlog_default.writeLock file enable del monitor sysno = 25
CST 2026-07-17 17:57:01.848  2255  2287 I C01631/GaussPD:  [0] [ADAPTER] [139900914473728] Not support binlog_default.writeLock file enable del monitor sysno = 25
CST 2026-07-17 17:57:01.849  2255  2287 I C01631/GaussPD:  [0] [ADAPTER] [139900914473728] Not support binlog_default.writeLock file enable del monitor sysno = 25
CST 2026-07-17 17:57:01.849  2255  2287 I C01631/GaussPD:  [0] [ADAPTER] [139900914473728] Not support binlog_default.writeIndex file enable del monitor sysno = 25
CST 2026-07-17 17:57:01.849  2255  2287 I C01631/GaussPD:  [0] [ADAPTER] [139900914473728] Not support binlog_default.writeIndex file enable del monitor sysno = 25
CST 2026-07-17 17:57:01.849   796   962 I C01120/BMS: icon rdb get resource icon start -n com.huawei.hmos.filemanager -i 0 -f 16
CST 2026-07-17 17:57:01.850   796   962 E C01650/StepResultSet: GoToRow:position[0] rowCount[0] rowPos_[-1]!
CST 2026-07-17 17:57:01.853   503  1340 E C01707/CONCUR: [a92ab1fc6dc1d2c, 318e541, 18ed013] [Interface] task 1340 apply qos failed, errno = 4
CST 2026-07-17 17:57:01.853   503  1340 E C01611/QosManager: [a92ab1fc6dc1d2c, 318e541, 18ed013] QosManager: Failed to set thread QoS to QOS_USER_INTERACTIVE, ret: -1
CST 2026-07-17 17:57:01.853   503  1340 I C01610/KVDBServiceStub: [a92ab1fc6dc1d2c, 318e541, 18ed013] OnRemoteRequest: code:1 callingPid:796
CST 2026-07-17 17:57:01.855   796  1251 I C01630/DistributedDB: [a92ab1fc6dc1d2c, 18ed013, 1eeae66] before open db,db file: [size: 65536, mtime: 1784275499, inode: 824289]; db wal file: [size: 0, mtime: 1784275499, inode: 824290]; db shm file: [size: 32768, mtime: 1784282044, inode: 824291]; db dwr file: [stat() failed, errCode: -1, errno: 2]; 
CST 2026-07-17 17:57:01.857   796  1251 I C01630/DistributedDB: [a92ab1fc6dc1d2c, 18ed013, 1eeae66] [SqlSingleUp] metaSplit[0], secLabel[3], secFlag[0], version[104]
CST 2026-07-17 17:57:01.858   796  1251 I C01630/DistributedDB: [a92ab1fc6dc1d2c, 18ed013, 1eeae66] [SqlSinEngine] create cloud log table success
CST 2026-07-17 17:57:01.858   796  1251 I C01630/DistributedDB: [a92ab1fc6dc1d2c, 18ed013, 1eeae66] [SqlSinStore] [] Get schema error:-1003.
CST 2026-07-17 17:57:01.859   796  1251 W C01630/DistributedDB: [a92ab1fc6dc1d2c, 18ed013, 1eeae66] [InitCurrentMaxStamp] Reset statement failed: -100
CST 2026-07-17 17:57:01.859   796  1251 I C01630/DistributedDB: [a92ab1fc6dc1d2c, 18ed013, 1eeae66] [KVDB] [StartSyncerWithNoLock] [kø¦] event=3
CST 2026-07-17 17:57:01.859   796  1251 I C01630/DistributedDB: [a92ab1fc6dc1d2c, 18ed013, 1eeae66] Database identifier:6bf8a6, dir:241e8a
CST 2026-07-17 17:57:01.859   796  1251 I C01630/DistributedDB: [a92ab1fc6dc1d2c, 18ed013, 1eeae66] [Syncer] EnableAutoSync enable = 0, Label=6BF
CST 2026-07-17 17:57:01.859   796  1251 I C01630/DistributedDB: [a92ab1fc6dc1d2c, 18ed013, 1eeae66] Set the max log size to 209715200
CST 2026-07-17 17:57:01.859  2255  2471 I C02b61/ImageSource: CreatePixelMap success, id:1784282221853582,dSize:(0,0),srcSize: (288,288),dHdr:1,sHdr:1,memType: 2,cost 5700 us
CST 2026-07-17 17:57:01.859   796  1251 E C01610/StoreUtil: [a92ab1fc6dc1d2c, 18ed013, 1eeae66] SetServiceGid: file not exit, filePath:/da***.db ,code:2
CST 2026-07-17 17:57:01.859  2255  2471 E C02b61/PixelMap: set ashmem name failed
CST 2026-07-17 17:57:01.859   796  1251 I C01610/KvStoreServiceDeathNotifier: [a92ab1fc6dc1d2c, 18ed013, 1eeae66] AddServiceDeathWatcher: Success set size: <private>
CST 2026-07-17 17:57:01.859   796  1251 I C01630/DistributedDB: [a92ab1fc6dc1d2c, 18ed013, 1eeae66] [KvStoreNbDelegate] rebuild 0
CST 2026-07-17 17:57:01.862  2255  2471 E C02b61/PixelMap: set ashmem name failed
CST 2026-07-17 17:57:01.864  2255  2471 I C02b61/ImageSource: CreatePixelMap success, id:1784282221863650,dSize:(0,0),srcSize: (192,192),dHdr:1,sHdr:1,memType: 2,cost 927 us
CST 2026-07-17 17:57:01.864  2255  2471 E C02b61/PixelMap: set ashmem name failed
CST 2026-07-17 17:57:01.866  2255  2471 E C03900/HDS: [hds_drawable_descriptor.cpp-GetOtherIconsInfo:395]Get icon by name from resource failed, iconName: icon_mask, isGlobalMask: 0, state: 9001004
CST 2026-07-17 17:57:01.867  2255  2471 W C03900/HDS: [hds_drawable_descriptor.cpp-ProcessIcon:91]Mask size {192, 192}, bundleName: com.huawei.hmos.filemanager
CST 2026-07-17 17:57:01.869   503  1340 E C01707/CONCUR: [a92ab1fc6dc1d2c, 247451a, 18ed013] [Interface] task 1340 apply qos failed, errno = 4
CST 2026-07-17 17:57:01.869   503  1340 E C01611/QosManager: [a92ab1fc6dc1d2c, 247451a, 18ed013] QosManager: Failed to set thread QoS to QOS_USER_INTERACTIVE, ret: -1
CST 2026-07-17 17:57:01.869   503  1340 I C01610/KVDBServiceStub: [a92ab1fc6dc1d2c, 247451a, 18ed013] OnRemoteRequest: code:2 callingPid:796
CST 2026-07-17 17:57:01.870   503  1340 I C01610/KVDBServiceImpl: [a92ab1fc6dc1d2c, 247451a, 18ed013] AfterCreate: appId:app_config_data_storage storeId:app***fos instanceId:0 type:1 dir:/***/el1/***/kvd*** isCreated:1 dataType:1
CST 2026-07-17 17:57:01.870   796  1251 W C02d33/HiTraceC: [a92ab1fc6dc1d2c, 18ed013, 1eeae66] HiTraceEnd failed: invalid end id.
CST 2026-07-17 17:57:01.870   796  1251 I C01336/AMS: [a92ab1fc6dc1d2c, 18ed013, 1eeae66] [app_exit_reason_data_manager.cpp640]tokenId <private> module entry abillity EntryAbility
CST 2026-07-17 17:57:01.870   796  1251 W C01336/AMS: [a92ab1fc6dc1d2c, 18ed013, 1eeae66] [app_exit_reason_data_manager.cpp659]KEY_NOT_FOUND
CST 2026-07-17 17:57:01.870   796  1251 I C01336/AMS: [a92ab1fc6dc1d2c, 18ed013, 1eeae66] [app_exit_reason_data_manager.cpp590]tokenId <private> module entry ability EntryAbility 
CST 2026-07-17 17:57:01.870   796  1251 W C01336/AMS: [a92ab1fc6dc1d2c, 18ed013, 1eeae66] [app_exit_reason_data_manager.cpp607]DBStatus:27459591
CST 2026-07-17 17:57:01.870   796  1251 W C01336/AMS: [a92ab1fc6dc1d2c, 18ed013, 1eeae66] [ability_start_with_wait_observer_manager.cpp193]invaid observerId
CST 2026-07-17 17:57:01.871   796  1251 W C01336/AMS: [a92ab1fc6dc1d2c, 18ed013, 1eeae66] [ABR1600]nullptr
CST 2026-07-17 17:57:01.871   796  1251 I C01336/AMS: [a92ab1fc6dc1d2c, 18ed013, 1eeae66] [ABR287]LoadLifecycle: abilityName:EntryAbility
CST 2026-07-17 17:57:01.871   796  1251 I C0135b/KeepAlive: [a92ab1fc6dc1d2c, 18ed013, 1eeae66] [keep_alive_process_manager.cpp336]not supported
CST 2026-07-17 17:57:01.871   796  1251 I C01357/ProcessMgr: [a92ab1fc6dc1d2c, 18ed013, 1eeae66] [ams_mgr_scheduler.cpp90]SubmitLoadTask: cn.alfadb.netbird.r1probe-EntryAbility
CST 2026-07-17 17:57:01.871   796  1264 W C011fc/BMSExt: [a92ab1fc6dc1d2c, 1f2e8a, 18ed013] [IsTargetApp:729]bundleName or appIdentifier is empty
CST 2026-07-17 17:57:01.871   796  1251 W C01311/AppMS: [a92ab1fc6dc1d2c, 18ed013, 1eeae66] [AMSI9922]caller token not SA
CST 2026-07-17 17:57:01.872   796  1251 W C01364/UN: [a92ab1fc6dc1d2c, 18ed013, 1eeae66] [user_controller.cpp257]invalid user lock status: 1
CST 2026-07-17 17:57:01.872   796  1240 I C01336/AMS: [a92ab1fc6dc1d2c, 609333, 18ed013] [ability_event_util.cpp83]HandleBundleFirstLaunch: bundleName=cn.alfadb.netbird.r1probe, userId=100,appIndex=0, appId=cn.alfadb.netbird.r1probe_, callerBundleName=_system
CST 2026-07-17 17:57:01.872   796  1240 I C01316/BMSHelper: [a92ab1fc6dc1d2c, 609333, 18ed013] [bundle_mgr_helper.cpp663]appName: cn.alfadb.netbird.r1probe, appIndex: 0
CST 2026-07-17 17:57:01.872   796  1480 I C01202/Unordered: [a92ab1fc6dc1d2c, 2d428be, 191d758] Pid 796 publish usual.event.APP_FIRST_LAUNCH to -1 end(0,0,0,0)
CST 2026-07-17 17:57:01.872   796  1240 I C01123/BMSCommon: [a92ab1fc6dc1d2c, 609333, 18ed013] rdb SaveStorageBundleInfo -n cn.alfadb.netbird.r1probe
CST 2026-07-17 17:57:01.873   796  1240 I C01631/GaussPD: [a92ab1fc6dc1d2c, 609333, 18ed013]  [0] [ADAPTER] [140369887165184] Not support binlog_default.writeLock file enable del monitor sysno = 25
CST 2026-07-17 17:57:01.873   796  1240 I C01631/GaussPD: [a92ab1fc6dc1d2c, 609333, 18ed013]  [0] [ADAPTER] [140369887165184] Not support binlog_default.writeLock file enable del monitor sysno = 25
CST 2026-07-17 17:57:01.873   796  1240 I C01631/GaussPD: [a92ab1fc6dc1d2c, 609333, 18ed013]  [0] [ADAPTER] [140369887165184] Not support binlog_default.writeLock file enable del monitor sysno = 25
CST 2026-07-17 17:57:01.873   796  1240 I C01631/GaussPD: [a92ab1fc6dc1d2c, 609333, 18ed013]  [0] [ADAPTER] [140369887165184] Not support binlog_default.writeLock file enable del monitor sysno = 25
CST 2026-07-17 17:57:01.875  3241  3241 W C02c02/PARAM: Selinux check name persist.init.debug.loglevel in u:object_r:startup_init_param:s0 [3241 2000 2000] failed
CST 2026-07-17 17:57:01.875  3241  3241 W C02c02/PARAM: Selinux check name persist.init.debug.loglevel in u:object_r:startup_init_param:s0 [3241 2000 2000] failed
CST 2026-07-17 17:57:01.875  3241  3241 W C02c02/PARAM: SystemReadParam failed!name is:persist.init.debug.loglevel,err:1002
CST 2026-07-17 17:57:01.875   796  1240 I C01631/GaussPD: [a92ab1fc6dc1d2c, 609333, 18ed013]  [0] [ADAPTER] [140369887165184] Not support binlog_default.writeLock file enable del monitor sysno = 25
CST 2026-07-17 17:57:01.875   796  1240 I C01631/GaussPD: [a92ab1fc6dc1d2c, 609333, 18ed013]  [0] [ADAPTER] [140369887165184] Not support binlog_default.writeIndex file enable del monitor sysno = 25
CST 2026-07-17 17:57:01.875   796  1240 I C01631/GaussPD: [a92ab1fc6dc1d2c, 609333, 18ed013]  [0] [ADAPTER] [140369887165184] Not support binlog_default.writeIndex file enable del monitor sysno = 25
CST 2026-07-17 17:57:01.875   796  1264 I C01357/ProcessMgr: [a92ab1fc6dc1d2c, 1f2e8a, 18ed013] [AMSI1969]name:EntryAbility startProcessName = cn.alfadb.netbird.r1probe
CST 2026-07-17 17:57:01.876   796  1264 I C01311/AppMS: [a92ab1fc6dc1d2c, 1f2e8a, 18ed013] [AMSI2015]appRecord null, appInfo->bundleName:cn.alfadb.netbird.r1probe
CST 2026-07-17 17:57:01.876  2255  2305 I C0420a/WMSLife: [a92ab1fc6dc1d2c, 1eeae66, 1200aff] start ui ability sceneFlag:4 isRestart:0 pageConfig:0 retCode: 0
CST 2026-07-17 17:57:01.876  2255  2310 I C0420a/WMSLife: [a92ab1fc6dc1d2c, 1200aff, 246788] ResetSessionInfoAfterStartUIAbility: in
CST 2026-07-17 17:57:01.876  2255  2310 I C04202/WMSMain: [a92ab1fc6dc1d2c, 1200aff, 246788] Cold start, identityToken:1784282221828, bundleName:cn.alfadb.netbird.r1probe
CST 2026-07-17 17:57:01.876  2255  2310 I C0420a/WMSLife: [a92ab1fc6dc1d2c, 1200aff, 246788] ResetSessionConnectState: [id: 30] state: 0
CST 2026-07-17 17:57:01.876   796  1264 I C01357/ProcessMgr: [a92ab1fc6dc1d2c, 1f2e8a, 18ed013] [AMSI2380]processName:cn.alfadb.netbird.r1probe, isPreload:0
CST 2026-07-17 17:57:01.876  2255  2310 I C0420c/WMSEvent: [a92ab1fc6dc1d2c, 1200aff, 246788] SetCallingPid: id:30, -1
CST 2026-07-17 17:57:01.876  2255  2310 I C0420a/WMSLife: [a92ab1fc6dc1d2c, 1200aff, 246788] ResetIsActive: [id: 30] isActive: 0
CST 2026-07-17 17:57:01.876  2255  2310 I C0420a/WMSLife: [a92ab1fc6dc1d2c, 1200aff, 246788] UpdatePrivacyModeControlInfo: no need to update privacy mode control info
CST 2026-07-17 17:57:01.876  2255  2310 I C0420a/WMSLife: [a92ab1fc6dc1d2c, 1200aff, 246788] RemoveRequestTaskInfo: persistentId:30, requestId:1, infoMap size:1, wantMap size:0
CST 2026-07-17 17:57:01.877   221  2347 I C01d00/accessibility: [a92ab1fc6dc1d2c, a66726, c89e6e] [(WindowUpdateAll:1027)]WindowUpdateAll start activeWindowId_: 10
CST 2026-07-17 17:57:01.877   221  2347 I C01d00/accessibility: [a92ab1fc6dc1d2c, a66726, c89e6e] [(SetActiveWindow:398)]windowId is 10, activeWindowId_: -1
CST 2026-07-17 17:57:01.877   221  2347 I C01d00/accessibility: [a92ab1fc6dc1d2c, a66726, c89e6e] [(WindowUpdateAll:1079)]WindowUpdateAll end activeWindowId_: 10
CST 2026-07-17 17:57:01.877   796  1264 I C05a01/ATM: [a92ab1fc6dc1d2c, 1f2e8a, 18ed013] [GetKernelPermissions]TokenID=537023664.
CST 2026-07-17 17:57:01.877   796  1264 I C01311/AppMS: [a92ab1fc6dc1d2c, 1f2e8a, 18ed013] [AMSI5504]apl: normal, startFlags: 1099511627784, userId: 100
CST 2026-07-17 17:57:01.877   796  1264 I C01300/AAFwk: [a92ab1fc6dc1d2c, 1f2e8a, 18ed013] [task_handler_wrap.cpp56]Invalid status
CST 2026-07-17 17:57:01.878   796  1264 I C02c11/APPSPAWN_CLIENT: [a92ab1fc6dc1d2c, 1f2e8a, 18ed013] AppSpawnClientSendMsg reqId:25 msgLen:1912 fd:134 cn.alfadb.netbird.r1probe
CST 2026-07-17 17:57:01.878   583   583 I C02c11/APPSPAWN: connectionId:4 buffLen:1912
CST 2026-07-17 17:57:01.878   583   583 I C02c11/APPSPAWN: Recv msgHeader magic:0xef201234 type:0 id:14 len:1912 cn.alfadb.netbird.r1probe
CST 2026-07-17 17:57:01.878   583   583 W C02c11/APPSPAWN: errno:2 bind mount /mnt/hmdfs/100/cloud/data/cn.alfadb.netbird.r1probe to /mnt/debugtmp/100/debug_hap/cn.alfadb.netbird.r1probe/data/storage/el2/cloud
CST 2026-07-17 17:57:01.880  2255  2255 I C04204/WMSScb: [a92ab1fc6dc1d2c, 246788, 1fa2352] GetRSUIContext: SetSessionRSUIContext: CreateLeashWindowNode: RSUIContext [token: 9685151252481, tid: 2255], sessionId: 30, screenId:0
CST 2026-07-17 17:57:01.880  2255  2255 I C01406/OHOS::RS: [a92ab1fc6dc1d2c, 246788, 1fa2352] RSTransactionHandler::Begin syncId:0, transactionHandler:2219370026, remoteTransactionDataStack.size:0
CST 2026-07-17 17:57:01.880  2255  2255 I C01406/OHOS::RS: [a92ab1fc6dc1d2c, 246788, 1fa2352] RSTransactionHandler::Commit transactionHandler:2219370026
CST 2026-07-17 17:57:01.880  2255  2255 I C04204/WMSScb: [a92ab1fc6dc1d2c, 246788, 1fa2352] GetSurfaceNode: id: 30, surfaceNode: RSNode is null, original: RSUIContext [token: 9685151252481, tid: 2255]
CST 2026-07-17 17:57:01.880  2255  2255 W C0393b/AceWindowScene: [a92ab1fc6dc1d2c, 246788, 1fa2352] [(100000:100000:scope)] OnAttachToFrameNode id: 30, node id: 2172, name: cn.alfadb.netbird.r1probe, state: 0, in recents: 0, appLockControl: 0, prelaunch: 0
CST 2026-07-17 17:57:01.880  2255  2255 I C04216/WMSPattern: [a92ab1fc6dc1d2c, 246788, 1fa2352] GetCallerSessionColorMode: bundle cn.alfadb.netbird.r1probe, caller 
CST 2026-07-17 17:57:01.880  2255  2255 I C04216/WMSPattern: [a92ab1fc6dc1d2c, 246788, 1fa2352] GetIsDarkFromConfiguration: colorMode: light
CST 2026-07-17 17:57:01.880  2255  2255 I C04216/WMSPattern: [a92ab1fc6dc1d2c, 246788, 1fa2352] GetIsDarkFromConfiguration: colorMode: light
CST 2026-07-17 17:57:01.880  2255  2255 I C04216/WMSPattern: [a92ab1fc6dc1d2c, 246788, 1fa2352] GetStartWindowColorFollowApp: follow sys: cn.alfadb.netbird.r1probe
CST 2026-07-17 17:57:01.880  2255  2255 W C04216/WMSPattern: [a92ab1fc6dc1d2c, 246788, 1fa2352] GetStartingWindowInfoFromCache: fff2f6f8, resource:///16777222.svg, 0, , 0
CST 2026-07-17 17:57:01.880  2255  2255 I C04216/WMSPattern: [a92ab1fc6dc1d2c, 246788, 1fa2352] GetPreloadStartingWindow: svgBufferInfo 30
CST 2026-07-17 17:57:01.880  2255  2255 I C04216/WMSPattern: [a92ab1fc6dc1d2c, 246788, 1fa2352] GetCallerSessionColorMode: bundle cn.alfadb.netbird.r1probe, caller 
CST 2026-07-17 17:57:01.880  2255  2255 I C04216/WMSPattern: [a92ab1fc6dc1d2c, 246788, 1fa2352] GetIsDarkFromConfiguration: colorMode: light
CST 2026-07-17 17:57:01.880  2255  2255 I C04216/WMSPattern: [a92ab1fc6dc1d2c, 246788, 1fa2352] GetIsDarkFromConfiguration: colorMode: light
CST 2026-07-17 17:57:01.880  2255  2255 I C04216/WMSPattern: [a92ab1fc6dc1d2c, 246788, 1fa2352] GetStartWindowColorFollowApp: follow sys: cn.alfadb.netbird.r1probe
CST 2026-07-17 17:57:01.880  2255  2255 I C04216/WMSPattern: [a92ab1fc6dc1d2c, 246788, 1fa2352] ResetPreloadStartingWindow: 30
CST 2026-07-17 17:57:01.880  2255  2255 I C0393b/AceWindowScene: [a92ab1fc6dc1d2c, 246788, 1fa2352] [(100000:100000:scope)] use preload buffer id:30
CST 2026-07-17 17:57:01.880  2255  2255 I C0393b/AceWindowScene: [a92ab1fc6dc1d2c, 246788, 1fa2352] [(100000:100000:scope)] AddChild StartingWindow, 2172
CST 2026-07-17 17:57:01.883  2255  2310 I C0420b/WMSKeyboard: [a92ab1fc6dc1d2c, 1e8574, 246788] CheckEmptyKeyboardAvoidAreaIfNeeded: check keyboard avoid area, isPhoneNotFreeMultiWindow: 1, isPadNotFreeMultiWindow: 0
CST 2026-07-17 17:57:01.883  2255  2255 I C01406/RSNode: [a92ab1fc6dc1d2c, 246788, 1fa2352] RSNode::AddChild, Id: 9685151253274, SurfaceNode:[Id: 9685151253275, name: WindowScene_r1probe30]
CST 2026-07-17 17:57:01.884  2255  2310 I C04208/WMSLayout: [a92ab1fc6dc1d2c, 1e8574, 246788] operator(): UpdateRect: id:4, reason:0 OnBoundsChanged rect:win=[0 0 1320 2856] client=[0 0 0 0]
CST 2026-07-17 17:57:01.884  2255  2310 I C04209/WMSImms: [a92ab1fc6dc1d2c, a7fee9, 246788] PrintAvoidAreaInfo: win 30 display 0 type 0 rect [0 0 1320 2856] bar [0 0 1320 136]
CST 2026-07-17 17:57:01.884  2255  2255 I C01406/RSNode: [a92ab1fc6dc1d2c, 246788, 1fa2352] RSNode::AddChild, Id: 9685151252583, SurfaceNode:[Id: 9685151252487, name: BackgroundBlurView2]
CST 2026-07-17 17:57:01.884  3241  3241 W C02c02/PARAM: Selinux check name persist.init.debug.loglevel in u:object_r:startup_init_param:s0 [3241 2000 2000] failed
CST 2026-07-17 17:57:01.884  3241  3241 W C02c02/PARAM: Selinux check name persist.init.debug.loglevel in u:object_r:startup_init_param:s0 [3241 2000 2000] failed
CST 2026-07-17 17:57:01.884  3241  3241 W C02c02/PARAM: SystemReadParam failed!name is:persist.init.debug.loglevel,err:1002
CST 2026-07-17 17:57:01.886   583   583 I C02c11/APPSPAWN: AppSpawn msgId:14 msgLen:1912 tlvCount:7 processName:cn.alfadb.netbird.r1probe
CST 2026-07-17 17:57:01.886   583   583 I C02c11/APPSPAWN: cn.alfadb.netbird.r1probe App flags 0x8 0x104
CST 2026-07-17 17:57:01.886   583   583 I C02c11/APPSPAWN: cn.alfadb.netbird.r1probe App permission bits flags 0x0 0x0
CST 2026-07-17 17:57:01.886   583   583 I C02c11/APPSPAWN: uid:20020062 gid:20020062 count:2
CST 2026-07-17 17:57:01.886   583   583 I C02c11/APPSPAWN: cn.alfadb.netbird.r1probe index:0 apl:normal hapFlags:0x0
CST 2026-07-17 17:57:01.887  3148  3148 I C02c11/APPSPAWN: AppSpawnChild id 25 flags:0xc
CST 2026-07-17 17:57:01.887  3148  3148 I C02c02/PARAM: ResetParamSecurityLabel Fd:18
CST 2026-07-17 17:57:01.887  3148  3148 I C02d33/HitraceOption: FilterAppTrace cn.alfadb.netbird.r1probe 3148
CST 2026-07-17 17:57:01.888  3148  3148 W C02c11/APPSPAWN: errno:2 bind mount /system/app/ArkWebCoreLegacy to /mnt/sandbox/100/cn.alfadb.netbird.r1probe/system/app/ArkWebCoreLegacy
CST 2026-07-17 17:57:01.889  3148  3148 W C02c11/APPSPAWN: errno:2 bind mount /vendor/etc/hiai to /mnt/sandbox/100/cn.alfadb.netbird.r1probe/vendor/etc/hiai
CST 2026-07-17 17:57:01.889  3148  3148 W C02c11/APPSPAWN: errno:2 bind mount /data/data/hiai to /mnt/sandbox/100/cn.alfadb.netbird.r1probe/data/data/hiai
CST 2026-07-17 17:57:01.890  3148  3148 W C02c11/APPSPAWN: errno:2 bind mount /data/service/el1/public/themes/100/a/app to /mnt/sandbox/100/cn.alfadb.netbird.r1probe/data/themes/a/app
CST 2026-07-17 17:57:01.890  3148  3148 W C02c11/APPSPAWN: errno:2 bind mount /data/service/el1/public/themes/100/b/app to /mnt/sandbox/100/cn.alfadb.netbird.r1probe/data/themes/b/app
CST 2026-07-17 17:57:01.890  3148  3148 W C02c11/APPSPAWN: errno:2 bind mount /data/service/el1/100/for-all-app/fonts to /mnt/sandbox/100/cn.alfadb.netbird.r1probe/data/service/el1/public/for-all-app/fonts
CST 2026-07-17 17:57:01.890  3148  3148 W C02c11/APPSPAWN: errno:2 bind mount /chip_prod/lib64/passthrough to /mnt/sandbox/100/cn.alfadb.netbird.r1probe/chip_prod/lib64/passthrough
CST 2026-07-17 17:57:01.891  3148  3148 W C02c11/APPSPAWN: errno:2 bind mount /data/app/el1/bundle/public/com.huawei.hmos.arkwebcorelegacy to /mnt/sandbox/100/cn.alfadb.netbird.r1probe/data/storage/el1/bundle/arkwebcorelegacy
CST 2026-07-17 17:57:01.891  3148  3148 W C02c11/APPSPAWN: check dir /data/app/el1/bundle/public/com.huawei.hmos.arkwebcorelegacy failed,strerror:No such file or directory
CST 2026-07-17 17:57:01.891  3148  3148 W C02c11/APPSPAWN: check dir /data/app/el1/public/aot_compiler/ark_cache/cn.alfadb.netbird.r1probe failed,strerror:No such file or directory
CST 2026-07-17 17:57:01.893   644   650 I C02515/DISP: [InitBufferHandle:229] express init gbuffer id 28a00000031 ret 0 err 0 fd 8 192 192 pixel 4 size 147456 usage 2b
CST 2026-07-17 17:57:01.893   644   650 I C02515/DISP: [ExpressAllocMem:271] ExpressAllocMem requeset BufferHandle 8, width 192, heigt 192, format 20
CST 2026-07-17 17:57:01.895  2255  2255 I C03930/AceAnimation: [a92ab1fc6dc1d2c, 246788, 1fa2352] [(100000:100000:scope)] animateTo starts, dur:1000, curve:responsiveSpring(0.260,1.157,0.000), delay:50, cnt:21
CST 2026-07-17 17:57:01.898  2255  2255 I C0392c/AceForEach: [a92ab1fc6dc1d2c, 246788, 1fa2352] [(100000:100000:scope)] ForEachNode skip mark dirty. Id[2134], Ids.size[1]
CST 2026-07-17 17:57:01.898  2255  2255 W C0393b/AceWindowScene: [a92ab1fc6dc1d2c, 246788, 1fa2352] [(100000:100000:scope)] parentId:2171, nodeId:2172, sessionId:30
CST 2026-07-17 17:57:01.899   796  1251 W C04201/DMS: [a92ab1fc6dc1d2c, 2317611, a7fee9] screen_cutout_controller.cpp GetCutoutArea: display:[ID: 0, W: 1320, H: 2856, R: 0,Mode 0]
CST 2026-07-17 17:57:01.899  2255  2310 I C04209/WMSImms: [a92ab1fc6dc1d2c, a7fee9, 246788] PrintAvoidAreaInfo: win 30 display 0 type 1 rect [0 0 1320 2856] bar [517 45 285 103]
CST 2026-07-17 17:57:01.899  2255  2310 I C0420b/WMSKeyboard: [a92ab1fc6dc1d2c, a7fee9, 246788] CheckEmptyKeyboardAvoidAreaIfNeeded: check keyboard avoid area, isPhoneNotFreeMultiWindow: 1, isPadNotFreeMultiWindow: 0
CST 2026-07-17 17:57:01.899  2255  2310 I C04209/WMSImms: [a92ab1fc6dc1d2c, a7fee9, 246788] PrintAvoidAreaInfo: win 30 display 0 type 4 rect [0 0 1320 2856] bar [429 2758 462 98]
CST 2026-07-17 17:57:01.899  2255  2310 I C04208/WMSLayout: [a92ab1fc6dc1d2c, a7fee9, 246788] operator(): UpdateRect: id:30, reason:0 OnBoundsChanged rect:win=[0 0 1320 2856] client=[0 0 0 0]
CST 2026-07-17 17:57:01.901   644   650 I C02515/DISP: [ExpressFreeMem:317] freeMem bufferhandle gbuffer_id 28a00000031, width 192, heigt 192
CST 2026-07-17 17:57:01.903  3148  3148 W C02c11/APPSPAWN: mount /mnt/sandbox/100/cn.alfadb.netbird.r1probe/mnt/storage/userExternal time 7000 us
CST 2026-07-17 17:57:01.908  2255  2255 I C0421d/WMSRotation: [a92ab1fc6dc1d2c, 246788, 1fa2352] OnNotifySupportRotationChange: persistentId: 30, container size: 4, scene size: 4
CST 2026-07-17 17:57:01.909  2255  2255 I C03930/AceAnimation: [a92ab1fc6dc1d2c, 246788, 1fa2352] [(100000:100000:scope)] animateTo starts, dur:1000, curve:responsiveSpring(0.300,1.157,0.000), cnt:22
CST 2026-07-17 17:57:01.910  3148  3148 W C02c11/APPSPAWN: mount /mnt/sandbox/100/cn.alfadb.netbird.r1probe/mnt/storage/hmdfs time 8000 us
CST 2026-07-17 17:57:01.910  3148  3148 W C02c11/APPSPAWN: errno:2 bind mount /data/preload/app to /mnt/sandbox/100/cn.alfadb.netbird.r1probe/data/preload/app
CST 2026-07-17 17:57:01.911  2255  2255 I C03930/AceAnimation: [a92ab1fc6dc1d2c, 246788, 1fa2352] [(100000:100000:scope)] animateTo starts, dur:250, curve:linear, delay:20, cnt:23
CST 2026-07-17 17:57:01.912  2255  2255 I C0420a/WMSLife: [a92ab1fc6dc1d2c, 246788, 1fa2352] RemoveLifeCycleTask: Removed lifeCyleTask PendingSessionActivation. PersistentId=30
CST 2026-07-17 17:57:01.912  2255  2255 I C0420a/WMSLife: [a92ab1fc6dc1d2c, 246788, 1fa2352] ProcessPendingSessionActivationResult: persistentId:30, requestId:1,resultCode:1, resultMessage:
CST 2026-07-17 17:57:01.913  2255  2255 I C0421e/WMSAnimation: [a92ab1fc6dc1d2c, 1dfdcd3, e00df7] OnOutlineParamsChange, id: 30, enabled: 0, params: [ color: 4284791644, width: 4vp, shape: 1 ]
CST 2026-07-17 17:57:01.913  2255  2255 I C04217/WMSAttribute: [a92ab1fc6dc1d2c, 24903d3, 2c5649b] isSkip change to 0
CST 2026-07-17 17:57:01.913  2255  2272 I C03f05/NAPI: taskpool:: Task Perform: j71, 2097489979, runningLoop: 139902329731920
CST 2026-07-17 17:57:01.914   914  1040 I C01409/APS_MANAGER: [a92ab1fc6dc1d2c, fabbd4, 104253e] SetScene pkgName = com.ohos.sceneboard, scene = START_APP_ANIMATION, state = 1
CST 2026-07-17 17:57:01.914   914  1040 W C01409/APS_MANAGER: [a92ab1fc6dc1d2c, fabbd4, 104253e] FrameRateControl removeSceneInfo: unknow scene!
CST 2026-07-17 17:57:01.916  2255  2310 I C04214/WMSPipeLine: UpdateVisibilityInner: id: 4, visibility: 0 -> 1
CST 2026-07-17 17:57:01.916  2255  2310 I C0420b/WMSKeyboard: CheckEmptyKeyboardAvoidAreaIfNeeded: check keyboard avoid area, isPhoneNotFreeMultiWindow: 1, isPadNotFreeMultiWindow: 0
CST 2026-07-17 17:57:01.916  2255  2255 I C0392a/AceUiExtensionComponent: [(100000:100000:scope)] [@1991][ID: 1] HandleVisibleAreaChange visible: 0, curVisible: 1, ratio: 0.826446, displayArea: RectT (0.00, 0.00) - [1320.00 x 2856.00].
CST 2026-07-17 17:57:01.916  2255  2255 I C02d66/Hiview-PerfMonitor: ProcessJank: JankFrameMonitor::ProcessJank jank >= threshold
CST 2026-07-17 17:57:01.917  2255  2310 I C04215/WMSHierarchy: UpdateZOrderInner: id: 4, zOrder: 0 -> 101, lastZOrder: 0
CST 2026-07-17 17:57:01.917  2255  2310 I C04214/WMSPipeLine: UpdateVisibilityInner: id: 30, visibility: 0 -> 1
CST 2026-07-17 17:57:01.917  2255  2310 I C04215/WMSHierarchy: UpdateZOrderInner: id: 30, zOrder: 0 -> 102, lastZOrder: 0
CST 2026-07-17 17:57:01.917  2255  2310 I C04207/WMSFocus: NotifyFocusStatus: name: SCBDesktop7/SCBDesktop7/SCBDesktop7, id: 10, isFocused: 0
CST 2026-07-17 17:57:01.917   313   405 E C01704/TagSched: [a92ab0fc6de0092] [OpenQosCtrl]Failed to open qos_ctrl device
CST 2026-07-17 17:57:01.917   313   405 E C01704/TagSched: [a92ab0fc6de0092] [IsQosHandleOpen]get qosSetHandle_ fail
CST 2026-07-17 17:57:01.917   313   405 E C01704/TagSched: [a92ab0fc6de0092] [SetQosInternal]qosSetHandle open fail
CST 2026-07-17 17:57:01.918   313  2200 I C01706/ueaServer-IntelliSenseServer: [a92ab0fc6de0092] [ReportWindowFocus]:2255 lost focus in screen 0
CST 2026-07-17 17:57:01.918  2255  2255 I C0420a/WMSLife: [a92ab1fc6dc1d2c, 29633ec, c47e25] OnSetLabel: label:R1 API 24 Probe, id:30
CST 2026-07-17 17:57:01.918   313   564 I C01702/CgroupSchedEnhance: [a92ab0fc6de0092] HandleSceneBoardUnFocusForQos handle sceneboard unfocused!
CST 2026-07-17 17:57:01.918  3148  3148 W C02c11/APPSPAWN: mount /mnt/sandbox/100/cn.alfadb.netbird.r1probe/mnt/storage/ANCO_APP_DATA time 7000 us
CST 2026-07-17 17:57:01.918  2255  2255 I C04202/WMSMain: NotifySCBRecentStateChange: isRecent update 0
CST 2026-07-17 17:57:01.918  2255  2312 I C0420c/WMSEvent: [a92ab1fc6dc1d2c, 13b8cd9, 139b793] LogWinInfo: eid:11,size:7,idList:3|0|1|100|2255|2255|1;7|0|0|1|2255|2255|1;10|0|0|2|2255|2255|1;17|0|1|3|2255|2255|1;19|0|2048|2200|2255|2255|1;21|0|0|2202|2255|2255|1;25|0|2048|4102|2255|2255|2;30|0,0|1,1
CST 2026-07-17 17:57:01.919   269   538 I C02803/InputWindowsManager: [|8263]newMainDisplayInfo:0, oldMainDisplayInfo:0
CST 2026-07-17 17:57:01.919   269   538 I C02803/InputWindowsManager: [|8263]newMainDisplayInfo:0, oldMainDisplayInfo:0
CST 2026-07-17 17:57:01.919   269   538 I C02803/InputWindowsManager: [|2067]19|0|2758|1320|98|1,0|0|1320|98
CST 2026-07-17 17:57:01.919   269   538 E C02803/InputWindowsManager: [|8876]failed to find focusWindowId:30
CST 2026-07-17 17:57:01.919  2255  2305 I C04207/WMSFocus: NotifyRssThawApp, uid: 20020011
CST 2026-07-17 17:57:01.919  2255  2255 I C0391d/AceMouse: [(100000:100000:scope)] VsyncMouseFormat mouseFormat_ and lastVsyncMouseFormat_ = 0 is same.
CST 2026-07-17 17:57:01.921   313   564 E C01702/CGS: [a92ab0fc6de0092] SetThreadSchedPolicy failed; fd = -1
CST 2026-07-17 17:57:01.921   313   564 E C01702/CGS: [a92ab0fc6de0092] SetThreadSchedPolicy failed; fd = -1
CST 2026-07-17 17:57:01.921   313   562 E C01731/SUSPEND_MSG: [a92ab1fc6de052c] [(ThawOneApplication):37] suspend manager is not ready.
CST 2026-07-17 17:57:01.921   313   564 E C01702/CgroupUtils: [a92ab0fc6de0092] SetThreadPolicyAndReport set <private> <private> to group <private> failed, ret=-1!
CST 2026-07-17 17:57:01.921  2255  2310 W C04207/WMSFocus: NotifyHighlightChange: Invalid [10, 0]
CST 2026-07-17 17:57:01.921  2255  2310 I C04207/WMSFocus: SetHighlightSessionIds: 30
CST 2026-07-17 17:57:01.921  2255  2310 I C03900/Ace: [(-1:100000:singleton)] [com.ohos.sceneboard][phone_sceneboard][100000]: window unfocus
CST 2026-07-17 17:57:01.921  2255  2310 I C04207/WMSFocus: ShiftFocus: displayId: 0, focusedId: 10, nextId: 30, reason: 15
CST 2026-07-17 17:57:01.921  2255  2310 E C04215/WMSHierarchy: SceneZOrderCheckProcess: ZOrderCheck start
CST 2026-07-17 17:57:01.921   221  2353 I C01d00/accessibility: [(WindowUpdateAll:1027)]WindowUpdateAll start activeWindowId_: 10
CST 2026-07-17 17:57:01.922  2255  2312 I C0420c/WMSEvent: LogWinInfo: eid:12,size:9,idList:3|0|1|100|2255|2255|1;4|0|1|101|2255|2255|1|0,0,1320,2856;7|0|0|1|2255|2255|1;10|0|0|2|2255|2255|1;17|0|1|3|2255|2255|1;19|0|2048|2200|2255|2255|1;21|0|0|2202|2255|2255|1;25|0|2048|4102|2255|2255|2;30|0|0|102|-1|-1|1|-84,-84,1488,3024;30|0,0|1,1|-84,-84,1488,3024
CST 2026-07-17 17:57:01.922   269   538 I C02803/InputWindowsManager: [|8263]newMainDisplayInfo:0, oldMainDisplayInfo:0
CST 2026-07-17 17:57:01.922   269   538 I C02803/InputWindowsManager: [|8263]newMainDisplayInfo:0, oldMainDisplayInfo:0
CST 2026-07-17 17:57:01.922  2255  2310 I C0420a/WMSLife: [a92ab1fc6dc1d2c, b6510d, 29633ec] UpdateSessionLabel set label success label:R1 API 24 Probe
CST 2026-07-17 17:57:01.922   269   538 I C02803/InputWindowsManager: [|2067]19|0|2758|1320|98|1,0|0|1320|98
CST 2026-07-17 17:57:01.923  2255  2312 I C0420c/WMSEvent: LogWinInfo: eid:13,size:9,idList:3|0|1|100|2255|2255|1;4|0|1|101|2255|2255|1;7|0|0|1|2255|2255|1;10|0|0|2|2255|2255|1;17|0|1|3|2255|2255|1;19|0|2048|2200|2255|2255|1;21|0|0|2202|2255|2255|1;25|0|2048|4102|2255|2255|2;30|0|0|102|-1|-1|1;30|0,0|1,1|-84,-84,1488,3024
CST 2026-07-17 17:57:01.923   269   538 I C02803/InputWindowsManager: [|8263]newMainDisplayInfo:0, oldMainDisplayInfo:0
CST 2026-07-17 17:57:01.923   269   538 I C02803/InputWindowsManager: [|8263]newMainDisplayInfo:0, oldMainDisplayInfo:0
CST 2026-07-17 17:57:01.923   269   538 I C02803/InputWindowsManager: [|2067]19|0|2758|1320|98|1,0|0|1320|98
CST 2026-07-17 17:57:01.923   221  2353 I C01d00/accessibility: [(WindowUpdateAll:1079)]WindowUpdateAll end activeWindowId_: -1
CST 2026-07-17 17:57:01.924  2255  2255 I C03900/Ace: [(100000:100000:scope)] Update application state , state: ON_INACTIVE
CST 2026-07-17 17:57:01.924  2255  2255 I C0391c/AceFocus: [(100000:100000:scope)] Window: 1 lost focus.
CST 2026-07-17 17:57:01.924  2255  2255 I C0391c/AceFocus: [(100000:100000:scope)] Scope(Stack/191) has no last focusNode.
CST 2026-07-17 17:57:01.936  2255  2255 I C0391d/AceMouse: [(100000:100000:scope)] VsyncMouseFormat mouseFormat_ and lastVsyncMouseFormat_ = 0 is same.
CST 2026-07-17 17:57:01.943   168   330 W C01650/RdbStoreManager: Clear:store[/***/el1/***/pro***.db] in use by 3 holders
CST 2026-07-17 17:57:01.954   313   390 I C01712/WORK_SCHEDULER: [CheckNetworkStatus:60]BEARER_ETHERNET
CST 2026-07-17 17:57:01.955   616   773 W C02926/BatteryInfo: charger is not online, so no type return
CST 2026-07-17 17:57:01.955   717   732 E C02510/battery_interface_proxy: GetPluggedType_ failed, error code is -2
CST 2026-07-17 17:57:01.955   313   390 I C01712/WORK_SCHEDULER: [CheckChargerStatus:105]CHARGER_PLUGGED_UNPLUGGED
CST 2026-07-17 17:57:01.956   313   390 I C01712/WORK_SCHEDULER: [CheckBatteryStatus:130]BATTERY_STATUS_OKAY
CST 2026-07-17 17:57:01.957   313   390 I C01712/WORK_SCHEDULER: [ToString:780]NETWORK,u7800_1,NETWORK&0
CST 2026-07-17 17:57:01.957   313   390 I C01712/WORK_SCHEDULER: [ToString:783]NETWORK,com.huawei.hmsapp.appgallery_u20020010_101,NETWORK&0
CST 2026-07-17 17:57:01.957   313   390 I C01712/WORK_SCHEDULER: [ToString:783]NETWORK,com.huawei.hmsapp.appgallery_u20020010_100,NETWORK&1,TIMER&0(67282:21600000)
CST 2026-07-17 17:57:01.957   313   390 I C01712/WORK_SCHEDULER: [ToString:783]NETWORK,com.huawei.hmsapp.appgallery_u20020010_102,NETWORK&1,TIMER&0(67283:444282353)
CST 2026-07-17 17:57:01.957   313   390 I C01712/WORK_SCHEDULER: [ToString:783]NETWORK,com.huawei.hmsapp.appgallery_u20020010_103,NETWORK&0
CST 2026-07-17 17:57:01.957   313   390 I C01712/WORK_SCHEDULER: [ToString:780]CHARGER,u5300_1,CHARGER&0
CST 2026-07-17 17:57:01.957   313   390 I C01712/WORK_SCHEDULER: [ToString:783]CHARGER,com.ohos.contactsdataability_u20020037_5,CHARGER&0
CST 2026-07-17 17:57:01.957   313   390 I C01712/WORK_SCHEDULER: [ToString:783]CHARGER,com.ohos.contactsdataability_u20020037_7,CHARGER&0
CST 2026-07-17 17:57:01.957   313   390 I C01712/WORK_SCHEDULER: [ToString:783]CHARGER,com.ohos.contactsdataability_u20020037_6,CHARGER&0
CST 2026-07-17 17:57:01.957   313   390 I C01712/WORK_SCHEDULER: [ToString:783]CHARGER,com.huawei.hmsapp.appgallery_u20020010_103,NETWORK&0
CST 2026-07-17 17:57:01.991  2680  3215 I C04712/AppGalleryKit: [service_connect(DisConnectWork)]DisConnectWork called, count = 0, taskStaus= 2, userId= -1
CST 2026-07-17 17:57:01.991  2680  3215 I C04712/AppGalleryKit: [service_connect(DoDisConnect)]DoDisConnect called
CST 2026-07-17 17:57:01.991  2680  3215 I C04712/AppGalleryKit: [service_connect(DoDisConnect)]start disConnect
CST 2026-07-17 17:57:01.991  2680  3215 I C01352/ExtMgr: [extension_manager_client.cpp176]call
CST 2026-07-17 17:57:01.991   796  1251 I C01342/ServiceExt: [ABMS5781]Disconnect
CST 2026-07-17 17:57:01.991   796  1251 I C01335/Connection: [CONN118]DisconnectAbility DownInstallServiceExtensionAbility called
CST 2026-07-17 17:57:01.991   796  1251 I C01342/ServiceExt: [base_extension_record.cpp172]DisconnectAbility, bundle:com.huawei.hmsapp.appgallery, ability:DownInstallServiceExtensionAbility.
CST 2026-07-17 17:57:01.991   796  1251 W C01340/Ext: [ABCM520]empty
CST 2026-07-17 17:57:01.991  2680  3215 I C04712/AppGalleryKit: [service_connect(DoDisConnect)]start wait
CST 2026-07-17 17:57:01.991  2680  3215 I C04712/AppGalleryKit: [service_connect(GetConnectTime)]connect called tokenType = 0, requestType = 0
CST 2026-07-17 17:57:01.992  2680  2680 I C01342/ServiceExt: [JSE685]Call onDisconnect
CST 2026-07-17 17:57:01.992  2680  2680 I C01320/JSENV: stopServiceExtensionAbility
CST 2026-07-17 17:57:01.992  2680  2680 I C01342/ServiceExt: [JSEC1344]called
CST 2026-07-17 17:57:01.992  2680  2982 I C01342/ServiceExt: [AMC442]name:DownInstallServiceExtensionAbility com.huawei.hmsapp.appgallery, userId=-1.
CST 2026-07-17 17:57:01.992   796   962 I C01342/ServiceExt: [ABMS4726]bundlename:com.huawei.hmsapp.appgallery, ability:DownInstallServiceExtensionAbility, userId:-1
CST 2026-07-17 17:57:01.992   796   962 I C01336/AMS: [start_ability_utils.cpp54]appIndex:-1
CST 2026-07-17 17:57:01.992   796  1251 I C01340/Ext: [ABCM947]schedule disconnect com.huawei.hmsapp.appgallery/DownInstallServiceExtensionAbility
CST 2026-07-17 17:57:01.993  2680  3004 I C04712/AppGalleryKit: [service_connect(GetConnectionInfo)]GetConnectionInfo, userId=-1
CST 2026-07-17 17:57:01.993  2680  3004 I C04712/AppGalleryKit: [service_connect(OnAbilityDisconnectDone)]OnAbilityDisconnectDone uri: /com.huawei.hmsapp.appgallery//DownInstallServiceExtensionAbility
CST 2026-07-17 17:57:01.993  2680  3004 I C01340/Ext: [ACCS152]disconnect end,DownInstallServiceExtensionAbility
CST 2026-07-17 17:57:01.993  2680  3215 I C04712/AppGalleryKit: [service_connect(DoDisConnect)]call disconnect finish
CST 2026-07-17 17:57:01.993  2680  3215 I C04712/AppGalleryKit: [service_connect(DoDisConnect)]DoDisConnect end
CST 2026-07-17 17:57:01.993   796   962 I C01121/BMSQuery: ExplicitQueryExtension size:1 -n com.huawei.hmsapp.appgallery -e DownInstallServiceExtensionAbility -u 100 -i 0
CST 2026-07-17 17:57:01.993   267   295 I C02699/MM: UpdatePriorityLocked UNBIND: 2680, 20020010, 100, [(796-0)(2491-0)], 11000
CST 2026-07-17 17:57:01.993   313  2200 I C01731/SUSPEND_MSG: [a92ab2fc6df27f4] called:20020010_com.huawei.hmsapp.appgallery_DownInstallServiceExtensionAbility_2680,caller:20020010_2680_2680,connect:0_1
CST 2026-07-17 17:57:01.993   313  2200 E C01713/SUSPEND_MANAGER: [a92ab2fc6df27f4] [(RemoveAndSendHandlerEvent):1290] suspend manager is not ready.
CST 2026-07-17 17:57:01.993   796   962 I C01340/Ext: [ABCM257]call
CST 2026-07-17 17:57:01.994   313   391 E C01700/RSS: [a92ab3fc6df2b6f] CheckReportDataParcel: check report data no permission type=72,                count=135, uid=5523, pid=796.
CST 2026-07-17 17:57:01.994  2680  2680 I C01340/Ext: [extension_impl.cpp79]DownInstallServiceExtensionAbility; 2; 0; 0
CST 2026-07-17 17:57:01.994  2680  2680 I C01342/ServiceExt: [JSE591]CallFunc(onDestroy)
CST 2026-07-17 17:57:01.995  2680  2680 I A00000/moduleframework: save module cache:userInfo
CST 2026-07-17 17:57:01.995   503  1776 E C01707/CONCUR: [Interface] task 1776 apply qos failed, errno = 4
CST 2026-07-17 17:57:01.995   503  1776 E C01611/QosManager: QosManager: Failed to set thread QoS to QOS_USER_INTERACTIVE, ret: -1
CST 2026-07-17 17:57:01.995   503  1776 I C01655/RdbServiceStub: OnRemoteRequest: code:16, callingPid:2680
CST 2026-07-17 17:57:01.997   142   424 I C01800/SAMGR: rm SAListener 2680,18
CST 2026-07-17 17:57:01.997   142   424 I C01800/SAMGR: UnSubscribeSA:4606_2680_18
CST 2026-07-17 17:57:01.998   796   962 I C01336/AMS: [ABMS7852]Lifecycle: ability:/com.huawei.hmsapp.appgallery/service/DownInstallServiceExtensionAbility
CST 2026-07-17 17:57:01.998   796   962 I C01340/Ext: [ABCM765]com.huawei.hmsapp.appgallery/DownInstallServiceExtensionAbility, INITIAL
CST 2026-07-17 17:57:01.998  2680  2983 I C01650/Config: Log:Error(283) recovered 49 frames from WAL file /dat***/sto***/e**/database/r**/com***ser-inf***ult.db-wal 
CST 2026-07-17 17:57:01.999  2680  2983 I C01650/ConnectionPool: Create:code:0 app[com.huawei.hmsapp.appgallery:] area[el2] cfg[0,0,0,2,1,0,0]com***.db:<DB,0xc9264,4096,100660><DWR,0xc926d,12288,100660><SHM,0xc927a,32768,100660><WAL,0xc9279,201912,100660>, pathSize:61
CST 2026-07-17 17:57:01.999   503  1776 E C01707/CONCUR: [Interface] task 1776 apply qos failed, errno = 4
CST 2026-07-17 17:57:01.999   503  1776 E C01611/QosManager: QosManager: Failed to set thread QoS to QOS_USER_INTERACTIVE, ret: -1
CST 2026-07-17 17:57:01.999   503  1776 I C01655/RdbServiceStub: OnRemoteRequest: code:17, callingPid:2680
CST 2026-07-17 17:57:02.001   644   650 I C02515/DISP: [InitBufferHandle:229] express init gbuffer id 28a00000032 ret 0 err 0 fd 8 222 222 pixel 4 size 197136 usage 2b
CST 2026-07-17 17:57:02.001   644   650 I C02515/DISP: [ExpressAllocMem:271] ExpressAllocMem requeset BufferHandle 8, width 222, heigt 222, format 20
CST 2026-07-17 17:57:02.001  3148  3148 E C02c11/APPSPAWN: [sandbox_dec.c:180]open dec file fail.
CST 2026-07-17 17:57:02.003  3148  3148 I C05a03/Selinux: Hap type for cn.alfadb.netbird.r1probe is changing from u:r:appspawn:s0 to o:r:debug_hap:s0:x94,x334,x512,x868,x1024
CST 2026-07-17 17:57:02.003  3148  3148 I C05a03/Selinux: Hap setcon finish for cn.alfadb.netbird.r1probe
CST 2026-07-17 17:57:02.004   197   215 I C02300/FenceExtension: start connectAbility,userId:-1
CST 2026-07-17 17:57:02.004   197   215 I C02300/FenceExtension: ConnectAbility
CST 2026-07-17 17:57:02.004   197   215 I C01342/ServiceExt: [AMC599]name:com.huawei.hmos.location SAFeatureServiceExtensionAbility, userId:-1
CST 2026-07-17 17:57:02.005   503  1340 E C01707/CONCUR: [Interface] task 1340 apply qos failed, errno = 4
CST 2026-07-17 17:57:02.005   503  1340 E C01611/QosManager: QosManager: Failed to set thread QoS to QOS_USER_INTERACTIVE, ret: -1
CST 2026-07-17 17:57:02.005   503  1340 I C01655/RdbServiceStub: OnRemoteRequest: code:16, callingPid:2680
CST 2026-07-17 17:57:02.005   796   962 I C01342/ServiceExt: [a92ab9fc6e01117, 29200af, 0] [ABMS5529]element: com.huawei.hmos.location/SAFeatureServiceExtensionAbility
CST 2026-07-17 17:57:02.005   795   795 I C01406/OHOS::RS: RSRenderNode:: add child surfaceNode[id:9685151253275 name:session30] parent'S isOnTheTree_:0
CST 2026-07-17 17:57:02.005   795   795 I C01406/OHOS::RS: RSSurfaceRenderNode:SetIsOnTheTree, node:[name: WindowScene_r1probe30, id: 9685151253275], on tree: 1, nodeType: 4, uniqueId: null, screenNodeId: 3414499000320
CST 2026-07-17 17:57:02.005   795   795 I C01406/OHOS::RS: RSSurfaceRenderNode:SetIsOnTheTree, node:[name: BackgroundBlurView2, id: 9685151252487], on tree: 1, nodeType: 1, uniqueId: 3414499000323, screenNodeId: 3414499000320
CST 2026-07-17 17:57:02.006   796   962 W C01123/BMSCommon: [a92ab9fc6e01117, 29200af, 0] uid(1021) invalid
CST 2026-07-17 17:57:02.006   795   795 E C01406/RSScreenManager: IsAllScreensPowerOff: screenPowerStatus_ is empty.
CST 2026-07-17 17:57:02.006  2680  2680 W C03f01/NAPI: [AddCleanupHook] AddCleanupHook Failed, data cannot register multiple times, enable cross-thread check for more information.
CST 2026-07-17 17:57:02.007   796   962 I C01336/AMS: [a92ab9fc6e01117, 29200af, 0] [start_ability_utils.cpp54]appIndex:-1
CST 2026-07-17 17:57:02.007   796   962 I C01121/BMSQuery: [a92ab9fc6e01117, 29200af, 0] ExplicitQueryAbility no match -n com.huawei.hmos.location -a SAFeatureServiceExtensionAbility -u 100 -i 0
CST 2026-07-17 17:57:02.007   795   795 I C01406/RSUniRenderVisitor: OcclusionInfo [SCBGestureBack22, 9685151252689, 0], [SCBStatusBar18, 9685151252677, 0], [SCBGestureNavBar16, 9685151252672, 0], [BackgroundBlurView2, 9685151252487, 0], [SCBFormCenter14, 9685151252662, 0], [SCBDesktop7, 9685151252507, 0], [SCBWallpaper5, 9685151252490, 0], 
CST 2026-07-17 17:57:02.007  2680  2680 W C03f01/NAPI: [AddCleanupHook] AddCleanupHook Failed, data cannot register multiple times, enable cross-thread check for more information.
CST 2026-07-17 17:57:02.007   796   962 W C01121/BMSQuery: [a92ab9fc6e01117, 29200af, 0] bundle_data_mgr.cpp:ExplicitQueryExtensionInfo:7268 extensionAbility not found or disabled
CST 2026-07-17 17:57:02.007   796   962 I C01121/BMSQuery: [a92ab9fc6e01117, 29200af, 0] ExplicitQueryExtension size:0 -n com.huawei.hmos.location -e SAFeatureServiceExtensionAbility -u 100 -i 0
CST 2026-07-17 17:57:02.007   796   962 W C01121/BMSQuery: [a92ab9fc6e01117, 29200af, 0] bundle_mgr_host_impl.cpp:QueryExtensionAbilityInfos:3425 no valid extension info can be inquired
CST 2026-07-17 17:57:02.007   796   962 E C01336/AMS: [a92ab9fc6e01117, 29200af, 0] [start_ability_utils.cpp290]extensionInfo empty
CST 2026-07-17 17:57:02.007   796   962 E C01342/ServiceExt: [a92ab9fc6e01117, 29200af, 0] [ABMS5868]generate request error
CST 2026-07-17 17:57:02.007   503  3181 E C01613/CloudServiceImpl: GetCloudInfoFromMeta: no exist meta, user:100 times:1784282222007.
CST 2026-07-17 17:57:02.007   197   215 E C02300/FenceExtension: [(DoConnect:153)]CONNECT_ABILITY_FAILED,ret:2097152
CST 2026-07-17 17:57:02.008   197   215 I C02300/FenceExtension: start connectAbility,userId:-1
CST 2026-07-17 17:57:02.008   197   215 I C02300/FenceExtension: ConnectAbility
CST 2026-07-17 17:57:02.008   197   215 I C01342/ServiceExt: [AMC599]name:com.huawei.hmos.location SAFeatureServiceExtensionAbility, userId:-1
CST 2026-07-17 17:57:02.008   796   962 I C01342/ServiceExt: [a92abafc6e01f59, 12685d8, 0] [ABMS5529]element: com.huawei.hmos.location/SAFeatureServiceExtensionAbility
CST 2026-07-17 17:57:02.008   796   962 W C01123/BMSCommon: [a92abafc6e01f59, 12685d8, 0] uid(1021) invalid
CST 2026-07-17 17:57:02.008   796   962 I C01336/AMS: [a92abafc6e01f59, 12685d8, 0] [start_ability_utils.cpp54]appIndex:-1
CST 2026-07-17 17:57:02.008   796   962 I C01121/BMSQuery: [a92abafc6e01f59, 12685d8, 0] ExplicitQueryAbility no match -n com.huawei.hmos.location -a SAFeatureServiceExtensionAbility -u 100 -i 0
CST 2026-07-17 17:57:02.009  2680  2984 I C01650/RdbStoreImpl: HandleSchemaDDL:db:com***.db exe DDL schema<0->4>
CST 2026-07-17 17:57:02.009   796   962 W C01121/BMSQuery: [a92abafc6e01f59, 12685d8, 0] bundle_data_mgr.cpp:ExplicitQueryExtensionInfo:7268 extensionAbility not found or disabled
CST 2026-07-17 17:57:02.009   796   962 I C01121/BMSQuery: [a92abafc6e01f59, 12685d8, 0] ExplicitQueryExtension size:0 -n com.huawei.hmos.location -e SAFeatureServiceExtensionAbility -u 100 -i 0
CST 2026-07-17 17:57:02.009   796   962 W C01121/BMSQuery: [a92abafc6e01f59, 12685d8, 0] bundle_mgr_host_impl.cpp:QueryExtensionAbilityInfos:3425 no valid extension info can be inquired
CST 2026-07-17 17:57:02.009   796   962 E C01336/AMS: [a92abafc6e01f59, 12685d8, 0] [start_ability_utils.cpp290]extensionInfo empty
CST 2026-07-17 17:57:02.009   796   962 E C01342/ServiceExt: [a92abafc6e01f59, 12685d8, 0] [ABMS5868]generate request error
CST 2026-07-17 17:57:02.009   197   215 E C02300/FenceExtension: [(DoConnect:153)]CONNECT_ABILITY_FAILED,ret:2097152
CST 2026-07-17 17:57:02.009   197   215 W C02300/FenceExtension: connect failed,retry again
CST 2026-07-17 17:57:02.009  3148  3248 W C057c1/IPCWorkThread: ThreadHandler: proto:0 policy:1 name:OS_IPC_0_3248 invoker:4967248
CST 2026-07-17 17:57:02.009  3148  3148 I C05a05/SecCompEnhanceClient: [RegisterCheckCallback]Register secComp: sessionId=2406517510, seqNum=******625.
CST 2026-07-17 17:57:02.010  3148  3249 W C057c1/IPCWorkThread: ThreadHandler: proto:0 policy:0 name:OS_IPC_1_3249 invoker:4967824
CST 2026-07-17 17:57:02.010   339  1425 I C05a01/ATM: [RegisterSecCompEnhance]Register sec comp enhance success, pid 3148, total 12.
CST 2026-07-17 17:57:02.011  3148  3148 I C02d0b/HICHECKER: hichecker param is empty.
CST 2026-07-17 17:57:02.011  3148  3148 I C04500/webview: SelectWebcoreBeforeProcessRun: SelectWebcoreBeforeProcessRun for app cn.alfadb.netbird.r1probe.
CST 2026-07-17 17:57:02.011  3148  3148 I C04500/webview: CalculateActiveWebEngineVersion: CalculateActiveWebEngineVersion, enforce EVERGREEN
CST 2026-07-17 17:57:02.011   583   583 I C02c11/APPSPAWN: Child process:cn.alfadb.netbird.r1probe success pid:3148 appId:25 result:0
CST 2026-07-17 17:57:02.011   583   583 I C02c11/APPSPAWN: Add cn.alfadb.netbird.r1probe,pid=3148 success
CST 2026-07-17 17:57:02.011   583   583 I C02c11/APPSPAWN: [hisysevent_adapter.cpp:200]ReportAbnormalDuration 583 with SPAWNCHILD  124522 us
CST 2026-07-17 17:57:02.011   583   583 I C02c11/APPSPAWN: watch app process pid:3148,pidFd:40
CST 2026-07-17 17:57:02.011   583   583 E C02c11/APPSPAWN: [appspawn_cgroup.c:54]Failed to open file errno: 2 path: /dev/pids/100/cn.alfadb.netbird.r1probe/app_3148/cgroup.procs
CST 2026-07-17 17:57:02.011   583   583 E C02c11/APPSPAWN: [appspawn_cgroup.c:158]write pid to cgroup.procs fail /dev/pids/100/cn.alfadb.netbird.r1probe/app_3148/cgroup.procs
CST 2026-07-17 17:57:02.011   583   583 I C02c11/APPSPAWN: SendMessageComplete connectionId:4 result:0 app:cn.alfadb.netbird.r1probe pid:3148
CST 2026-07-17 17:57:02.011  3148  3148 I C01317/AppKit: [MTHRD3220]mainthread start, pid:3148
CST 2026-07-17 17:57:02.011   796  1264 I C02c11/APPSPAWN_CLIENT: [a92ab1fc6dc1d2c, 1f2e8a, 18ed013] AppSpawnClientSendMsg reqId:25 fd:134 end result:0x0 pid:3148
CST 2026-07-17 17:57:02.012   796  1264 I C01311/AppMS: [a92ab1fc6dc1d2c, 1f2e8a, 18ed013] [ASC667]pid3148
CST 2026-07-17 17:57:02.012   796  1264 I C01311/AppMS: [a92ab1fc6dc1d2c, 1f2e8a, 18ed013] [AMSI5724]spawned pname_cn.alfadb.netbird.r1probe, pid_3148, idx_0
CST 2026-07-17 17:57:02.012   796  1264 W C01336/AMS: [a92ab1fc6dc1d2c, 1f2e8a, 18ed013] [resident_process_manager.cpp269]rdbResult: 5
CST 2026-07-17 17:57:02.012   906  1038 I C02b91/AVSession: [a92ab1fc6dc1d2c, 2919a7a, 1f2e8a] [HandleAppStateChanged]uid=20020062|pid=3148|state=0
CST 2026-07-17 17:57:02.012   796  2161 W C01123/BMSCommon: [a92ab1fc6dc1d2c, 38c701d, 1f2e8a] uid(2000) invalid
CST 2026-07-17 17:57:02.012   229   571 I C02b83/AudioServiceAppStateListener: [a92ab1fc6dc1d2c, 2db4dda, 1f2e8a] [OnAppStateChanged]app state changed, bundleName=cn.alfadb.netbird.r1probe uid=20020062 pid=3148 state=0
CST 2026-07-17 17:57:02.014   796  2161 I C01311/AppMS: [a92ab1fc6dc1d2c, 3918847, 1f2e8a] [ASOM755]b:cn.alfadb.netbird.r1probe pid:3148 u:20020062 pt:0 et:255 pName:cn.alfadb.netbird.r1probe ru:-1 tMode:0 cPid:3233 cU:2000
CST 2026-07-17 17:57:02.015  2255  2255 W A04200/LOGLIMIT: ==LOGS OVER PROC QUOTA, 528 DROPPED==
CST 2026-07-17 17:57:02.015  2255  2255 I A04200/WINDOW: SCBSceneSession: onSessionShowWhenLockedChange, status:false of id:30 ignored.
CST 2026-07-17 17:57:02.015   313   405 I C01706/ueaServer-FrameMsgIntf: [a92ab1fc6dc1d2c, 1dc454c, 25739a0] ReportProcessInfo pid is 3148, uid is 20020062
CST 2026-07-17 17:57:02.015   313   405 E C01706/qos_manager: [a92ab1fc6dc1d2c, 1505e82, 1dc454c] thread 405 belong to user 1096 open auth node failed
CST 2026-07-17 17:57:02.015   313   405 E C01706/ueaServer-IntelliSenseServer: [a92ab1fc6dc1d2c, 1505e82, 1dc454c] auth_enable 3148 failed
CST 2026-07-17 17:57:02.015   313   405 I C01706/ueaServer-IntelliSenseServer: [a92ab1fc6dc1d2c, 1505e82, 1dc454c] Get app info:3148 20020062 cn.alfadb.netbird.r1probe 0
CST 2026-07-17 17:57:02.015   313   407 E C01704/TagSched: [a92ab1fc6dc1d2c, 3969c1b, a78ad9] [OpenQosCtrl]Failed to open qos_ctrl device
CST 2026-07-17 17:57:02.015   313   407 E C01704/TagSched: [a92ab1fc6dc1d2c, 3969c1b, a78ad9] [IsQosHandleOpen]get qosSetHandle_ fail
CST 2026-07-17 17:57:02.015   313   407 E C01704/TagSched: [a92ab1fc6dc1d2c, 3969c1b, a78ad9] [SetQosInternal]qosSetHandle open fail
CST 2026-07-17 17:57:02.015  3148  3148 I C01317/AppKit: [MTHRD431]attach
CST 2026-07-17 17:57:02.016  3245  3245 W C02c02/PARAM: Selinux check name persist.init.debug.loglevel in u:object_r:startup_init_param:s0 [3245 2000 2000] failed
CST 2026-07-17 17:57:02.016  3245  3245 W C02c02/PARAM: Selinux check name persist.init.debug.loglevel in u:object_r:startup_init_param:s0 [3245 2000 2000] failed
CST 2026-07-17 17:57:02.016   313   384 I C01718/StandbyService: [a92ab1fc6dc1d2c, 3e46ffd, 3cde9f2] [OnProcessStatusChanged:938] process status change, uid: 20020062, pid: 3148, name: cn.alfadb.netbird.r1probe, alive: 1
CST 2026-07-17 17:57:02.016  3245  3245 W C02c02/PARAM: SystemReadParam failed!name is:persist.init.debug.loglevel,err:1002
CST 2026-07-17 17:57:02.016  3148  3250 I C02d06/XCollie: init default task finished.
CST 2026-07-17 17:57:02.017   267   267 I C02699/MM: [a92ab1fc6dc1d2c, 2e4c47c, 3918847] OnProcessCreated 20020062,3148,cn.alfadb.netbird.r1probe,cn.alfadb.netbird.r1probe,0,0,0,0,-1,-1
CST 2026-07-17 17:57:02.017   796  2161 W C01123/BMSCommon: [a92ab1fc6dc1d2c, 1d8af92, 1f2e8a] uid(2000) invalid
CST 2026-07-17 17:57:02.017   347   420 I C015b5/NetMgrEnhanced: [a92ab1fc6dc1d2c, 3a639f7, e7f337] OnAppStarted appName:cn.alfadb.netbird.r1probe uid:20020062 pid:3148 state:0
CST 2026-07-17 17:57:02.017   313   405 I C01744/PerformanceEnhance: [a92ab1fc6dc1d2c, 1e7cd05, 76376c] [HandleProcessStateChange]process create 3148
CST 2026-07-17 17:57:02.018   313   562 I C01731/SUSPEND_MSG: [a92ab1fc6dc1d2c, 2f3c628, 76376c] 20020062_cn.alfadb.netbird.r1probe_3148 create, type:0_255_0
CST 2026-07-17 17:57:02.018   313   562 E C01713/SUSPEND_MANAGER: [a92ab1fc6dc1d2c, 2f3c628, 76376c] [(SendProcessEvent):1167] suspend manager is not ready.
CST 2026-07-17 17:57:02.018   313   405 I C01706/ueaServer-IntelliSenseServer: [a92ab1fc6dc1d2c, 1a96408, 3e3e565] ProcessInfo NewAppRecord
CST 2026-07-17 17:57:02.018   313   562 I C01705/EXACT_PREREAD: [a92ab1fc6dc1d2c, 3796fc7, 8a5142] [(StartAppStartupCollectWork):678] uid: 20020062 pid: 3148 appStartupScene: cn.alfadb.netbird.r1probe/cn.alfadb.netbird.r1probe
CST 2026-07-17 17:57:02.018   313   562 E C01705/EXACT_PREREAD: [a92ab1fc6dc1d2c, 3796fc7, 8a5142] [(StartAppStartupCollectWork):210] check workstate or bind monitor failed.
CST 2026-07-17 17:57:02.018   313   405 I C01702/CgroupEventHandler: [a92ab1fc6dc1d2c, 39451fd, d404a2] HandleProcessCreated : 20020062, 3148, 0, 0, cn.alfadb.netbird.r1probe, 255, cn.alfadb.netbird.r1probe
CST 2026-07-17 17:57:02.018   313   405 E C01702/CGS: [a92ab1fc6dc1d2c, 39451fd, d404a2] AddTidToCgroup failed to write; fd = 78, errno = 13
CST 2026-07-17 17:57:02.018   313   405 E C01702/CGS: [a92ab1fc6dc1d2c, 39451fd, d404a2] AddTidToCgroup failed to write; fd = 88, errno = 13
CST 2026-07-17 17:57:02.018   313   405 I C01702/CgroupAdjuster: [a92ab1fc6dc1d2c, 39451fd, d404a2] ApplyProcessGroup:3148's cgroup from 255 to 0. Reason:20002. Event:3
CST 2026-07-17 17:57:02.018   313   387 I C01704/TagSched: [a92ab1fc6dc1d2c, 206447f, 39451fd] [ReportCgroupInfo]ReportCgroupInfo: pid:3148 from 255 to 0 withSuppressType: 0
CST 2026-07-17 17:57:02.018   313   405 I C01706/ueaServer-FrameMsgIntf: [a92ab1fc6dc1d2c, 318b157, 39451fd] CgroupChanged pid is 3148, uid is 20020062, oldGroup is 255, newGroup is 0
CST 2026-07-17 17:57:02.018   313   387 E C01704/TagSched: [a92ab1fc6dc1d2c, 170d379, 206447f] [OpenQosCtrl]Failed to open qos_ctrl device
CST 2026-07-17 17:57:02.018   313   387 E C01704/TagSched: [a92ab1fc6dc1d2c, 170d379, 206447f] [IsQosHandleOpen]get qosSetHandle_ fail
CST 2026-07-17 17:57:02.018   313   387 E C01704/TagSched: [a92ab1fc6dc1d2c, 170d379, 206447f] [SetQosInternal]qosSetHandle open fail
CST 2026-07-17 17:57:02.020   347   423 I C015b5/NetMgrEnhanced: [a92ab1fc6dc1d2c, 2451a0f, 319b161] NotifyAbilityStateChanged:uid=2******2, pid=3148, state=0, abilityName=EntryAbility
CST 2026-07-17 17:57:02.020   142   424 I C01800/SAMGR: NF SA:65962,914_49
CST 2026-07-17 17:57:02.020   914  1030 E C01810/SA_CLIENT: GetSaWrap SA:65962 not start
CST 2026-07-17 17:57:02.020   914  1030 I C01409/APS_MANAGER: request system service object is not ready yet!
CST 2026-07-17 17:57:02.021   267   295 I C02699/MM: [a92ab1fc6dc1d2c, 2753641, 2e4c47c] UpdatePriorityLocked CRE: 3148, 20020062, 0, [], 00000
CST 2026-07-17 17:57:02.021   796  1264 I C01357/ProcessMgr: [ARR1124]terminate DownInstallServiceExtensionAbility
CST 2026-07-17 17:57:02.021   796  1264 I C01357/ProcessMgr: [ARM1000]terminate isLast:0,isLastAgentAbility:0,keepAlive:0
CST 2026-07-17 17:57:02.021   796  1264 W C01300/AAFwk: [event_handler_wrap.cpp118]can't find event: 14_3148 
CST 2026-07-17 17:57:02.022   796  1264 I C01311/AppMS: [AMSI2581]attach cn.alfadb.netbird.r1probe pid:3148
CST 2026-07-17 17:57:02.023  2255  2255 I A01a00/SYS_UI: [a92ab1fc6dc1d2c, 2d4fbf, 1cc8a40] PhoneAppManager: ability[cn.alfadb.netbird.r1probe|undefined|EntryAbility] state change to 0
CST 2026-07-17 17:57:02.023  3148  3248 I C01317/AppKit: [MTHRD825]ScheduleLaunchAbility called, ability EntryAbility, type is 1.
CST 2026-07-17 17:57:02.024   313   405 E C01702/CGS: [a92ab1fc6dc1d2c, 11c227a, 30f78b9] AddTidToCgroup failed to write; fd = 86, errno = 13
CST 2026-07-17 17:57:02.024   313   405 E C01702/CGS: [a92ab1fc6dc1d2c, 11c227a, 30f78b9] AddTidToCgroup failed to write; fd = 96, errno = 13
CST 2026-07-17 17:57:02.024   644   650 I C02515/DISP: [ExpressFreeMem:317] freeMem bufferhandle gbuffer_id 28a00000032, width 222, heigt 222
CST 2026-07-17 17:57:02.024  2255  2310 I C04217/WMSAttribute: Visibility changed, size: 1, WindowVisibilityInfos [name, winId, visibleState]: [BackgroundBlurView2, 4, 0], 
CST 2026-07-17 17:57:02.024   906  1038 I C02b91/AVSession: [a92ab1fc6dc1d2c, 365b84c, 13d1247] [HandleAppStateChanged]uid=20020062|pid=3148|state=99
CST 2026-07-17 17:57:02.025   906  1038 I C02b91/AVSession: [HandleAppStateChanged]uid=20020011|pid=2255|state=2
CST 2026-07-17 17:57:02.025   796  1270 I C01311/AppMS: [ARR2195]wnd call, com.ohos.sceneboard_2255, isEmpty_0, c_2 -> p_0
CST 2026-07-17 17:57:02.025  2255  2311 I C04217/WMSAttribute: operator(): memMgrWindowInfos size: 1
CST 2026-07-17 17:57:02.028   795   886 I C01406/OHOS::GE: GEExternalDynamicLoader load
CST 2026-07-17 17:57:02.028   795   886 E C01406/OHOS::GE: GEExternalDynamicLoader lib handle is null
CST 2026-07-17 17:57:02.028  3245  3245 W C02c02/PARAM: Selinux check name persist.init.debug.loglevel in u:object_r:startup_init_param:s0 [3245 2000 2000] failed
CST 2026-07-17 17:57:02.028  3245  3245 W C02c02/PARAM: Selinux check name persist.init.debug.loglevel in u:object_r:startup_init_param:s0 [3245 2000 2000] failed
CST 2026-07-17 17:57:02.028  3245  3245 W C02c02/PARAM: SystemReadParam failed!name is:persist.init.debug.loglevel,err:1002
CST 2026-07-17 17:57:02.029   796  2168 W C01123/BMSCommon: uid(3058) invalid
CST 2026-07-17 17:57:02.029  3148  3251 W C057c1/IPCWorkThread: ThreadHandler: proto:0 policy:0 name:OS_IPC_2_3251 invoker:4966096
CST 2026-07-17 17:57:02.031   795   795 E C01406/RSScreenManager: IsAllScreensPowerOff: screenPowerStatus_ is empty.
CST 2026-07-17 17:57:02.032  2255  2471 I C02515/DISP: [ExpressFreeMem:317] freeMem bufferhandle gbuffer_id 28a00000031, width 192, heigt 192
CST 2026-07-17 17:57:02.034   796   962 W C011fc/BMSExt: [a92ab1fc6dc1d2c, 15027f8, 2db4dda] [IsTargetApp:729]bundleName or appIdentifier is empty
CST 2026-07-17 17:57:02.034  2680  2680 I C01317/AppKit: [MTHRD2819]Handle clean ability start, app is com.huawei.hmsapp.appgallery.
CST 2026-07-17 17:57:02.037   796  1470 E C01340/Ext: [ABCM1821]command ability timeout. com.ohos.contactsdataability.ServiceAbility
CST 2026-07-17 17:57:02.037   796  1470 I C01340/Ext: [ABCM1573]HandleCommandTimeoutTask start
CST 2026-07-17 17:57:02.037   796  1470 I C01340/Ext: [ABCM2114]ability is active, no need handle.
CST 2026-07-17 17:57:02.037   796  1470 I C01340/Ext: [ABCM1582]HandleCommandTimeoutTask end
CST 2026-07-17 17:57:02.037   347   422 I C015b5/NetMgrEnhanced: uid:20020011, pid:2255, state:2, isFocused:0, com.ohos.sceneboard
CST 2026-07-17 17:57:02.038  2533  2721 I C05a05/AppStateObserver: [AddProcessToForegroundSet]pid 2255 is already in foreground
CST 2026-07-17 17:57:02.038   313   407 I C01706/ueaServer-FrameMsgIntf: [a92ab7fc6e09629] ReportProcessInfo pid is 2255, uid is 20020011
CST 2026-07-17 17:57:02.038   313   407 I C01731/SUSPEND_MSG: [a92ab8fc6e09694] 20020011_com.ohos.sceneboard_2255, state:2
CST 2026-07-17 17:57:02.038   313   407 E C01724/TASK_DETECTION: [a92ab8fc6e09694] [OnAppStateChanged:632]Task detection feature is not ready
CST 2026-07-17 17:57:02.038   313   564 I C01706/ueaServer-IntelliSenseServer: [a92ab7fc6e09629] Get app info:2255 20020011 com.ohos.sceneboard 2
CST 2026-07-17 17:57:02.038   313   564 I C01705/IOLIMIT: [a92ab7fc6e09629] [(HandleAppStateChange):263] Add foreground list app uid: 20020011, pid: 2255.
CST 2026-07-17 17:57:02.038   347   428 I C015b5/NetMgrEnhanced: uid=2******1, pid=2255, state=2, bundleName=com.ohos.sceneboard, isFocused =0.
CST 2026-07-17 17:57:02.038   269   279 I C02801/AppStateObserver: [|39]Process state change app name:com.ohos.sceneboard, uid:20020011, state:2
CST 2026-07-17 17:57:02.040   347   431 I C015b5/NetMgrEnhanced: NotifyAbilityStateChanged:uid=2******0, pid=2680, state=5, abilityName=DownInstallServiceExtensionAbility
CST 2026-07-17 17:57:02.041   348   439 I C01f0b/Common: MsdpMovementManage ProcessEvent eventId=6
CST 2026-07-17 17:57:02.042  1010  1066 I C01560/WifiFrameWork: OnForegroundApplicationChanged bundleName: com.ohos.sceneboard, uid: 20020011, state: 2, isFocused: 0
CST 2026-07-17 17:57:02.042  1010  1071 I C01560/StaStateMachine: SeparatedState-msgCode=12324 received. m_instId=0
CST 2026-07-17 17:57:02.042  1010  1071 I C01560/StaStateMachine: InitState-msgCode=12324 is received. m_instId = 0
CST 2026-07-17 17:57:02.042  1010  1071 I C01560/StaStateMachine: ClosedState-msgCode=12324 is received. m_instId = 0
CST 2026-07-17 17:57:02.043   168  2203 I C02d10/ProcessStatus: UpdateProcessForegroundState: pid=2255 state=FOREGROUND
CST 2026-07-17 17:57:02.043   796  1251 W C011fc/BMSExt: [IsTargetApp:729]bundleName or appIdentifier is empty
CST 2026-07-17 17:57:02.044  1010  1689 I C01560/WifiFrameWork: OnForegroundApplicationChanged bundleName: com.ohos.sceneboard, uid: 20020011, state: 2, isFocused: 0
CST 2026-07-17 17:57:02.044  1010  1374 I C01560/StaStateMachine: SeparatedState-msgCode=12324 received. m_instId=0
CST 2026-07-17 17:57:02.044  1010  1374 I C01560/StaStateMachine: InitState-msgCode=12324 is received. m_instId = 0
CST 2026-07-17 17:57:02.044  1010  1374 I C01560/StaStateMachine: ClosedState-msgCode=12324 is received. m_instId = 0
CST 2026-07-17 17:57:02.044   269   279 I C02801/AppStateObserver: [|90]The foregroundAppData_.size():2
CST 2026-07-17 17:57:02.044  1010  1278 E C01560/MultiLinkUtils: IsDeviceSupportMultiLink chipname is empty or doesn't exist, return unknown
CST 2026-07-17 17:57:02.044  1010  1278 E C01560/MultiLinkUtils: Chip type not suppoort MultiLink
CST 2026-07-17 17:57:02.044   229   570 I C02b83/AudioServiceAppStateListener: [a92ab1fc6dc1d2c, 392363b, 13d1247] [OnAppStateChanged]app state changed, bundleName=cn.alfadb.netbird.r1probe uid=20020062 pid=3148 state=99
CST 2026-07-17 17:57:02.045   229   570 I C02b83/AudioServiceAppStateListener: [OnAppStateChanged]app state changed, bundleName=com.ohos.sceneboard uid=20020011 pid=2255 state=2
CST 2026-07-17 17:57:02.046  3148  3148 I C03900/ACE_UIContent: [69]AceForwardCompatibility [cn.alfadb.netbird.r1probe] force:1 newpipe:1
CST 2026-07-17 17:57:02.048  3148  3148 I C01317/AppKit: [MTHRD1813]SmartGC: process is start. enable warm startup SmartGC: 0
CST 2026-07-17 17:57:02.050  2255  2471 I C02515/DISP: [ExpressFreeMem:317] freeMem bufferhandle gbuffer_id 28a00000032, width 222, heigt 222
CST 2026-07-17 17:57:02.052   313   405 I C01702/CgroupAdjuster: [a92ab1fc6dc1d2c, 11c227a, 30f78b9] ApplyProcessGroup:3148's cgroup from 0 to 4. Reason:20016. Event:1
CST 2026-07-17 17:57:02.052   313   405 I C01704/TagSched: [a92ab1fc6dc1d2c, 38e607b, 11c227a] [ReportCgroupInfo]ReportCgroupInfo: pid:3148 from 0 to 4 withSuppressType: 0
CST 2026-07-17 17:57:02.052   230   230 E C01707/CONCUR: [a92ab1fc6dc1d2c, 39a4aea, 38e607b] [TaskControllerInterface] ReportData failed, funcLoader_ load func failed
CST 2026-07-17 17:57:02.052   313   387 I C01706/ueaServer-FrameMsgIntf: [a92ab1fc6dc1d2c, a0cd53, 11c227a] CgroupChanged pid is 3148, uid is 20020062, oldGroup is 0, newGroup is 4
CST 2026-07-17 17:57:02.052   313   387 I C01706/ueaServer-IntelliSenseServer: [a92ab1fc6dc1d2c, 3d2bba2, a0cd53] web test CgroupChange NewForeground uid is 20020062
CST 2026-07-17 17:57:02.053   313   387 I C01706/ueaServer-IntelliSenseServer: [a92ab1fc6dc1d2c, 3d2bba2, a0cd53] [ReportMessage]pid 3148 change to foreground.
CST 2026-07-17 17:57:02.053   313   387 E C01706/ueaServer-IntelliSenseServer: [a92ab1fc6dc1d2c, 3d2bba2, a0cd53] [CreateNewRtgGrp]:fopen file failed, errno = 2
CST 2026-07-17 17:57:02.053   313   387 E C01706/ueaServer-IntelliSenseServer: [a92ab1fc6dc1d2c, 3d2bba2, a0cd53] [TryCreateRtg]: createNewRtgGroup failed! grpId:-1
CST 2026-07-17 17:57:02.053   313   387 E C01706/qos_manager: [a92ab1fc6dc1d2c, 3d2bba2, a0cd53] thread 387 belong to user 1096 open auth node failed
CST 2026-07-17 17:57:02.053   313   387 E C01706/ueaServer-IntelliSenseServer: [a92ab1fc6dc1d2c, 3d2bba2, a0cd53] auth_enable 3148 failed
CST 2026-07-17 17:57:02.053   313   405 E C01704/TagSched: [a92ab1fc6dc1d2c, 8eacd8, 38e607b] [OpenQosCtrl]Failed to open qos_ctrl device
CST 2026-07-17 17:57:02.053   313   405 E C01704/TagSched: [a92ab1fc6dc1d2c, 8eacd8, 38e607b] [IsQosHandleOpen]get qosSetHandle_ fail
CST 2026-07-17 17:57:02.053   313   405 E C01704/TagSched: [a92ab1fc6dc1d2c, 8eacd8, 38e607b] [SetQosInternal]qosSetHandle open fail
CST 2026-07-17 17:57:02.060  2255  2255 W A01c06/ICON: AppIconWeatherModel --> initWeatherListener, retryTimes: 4
CST 2026-07-17 17:57:02.061  3148  3148 I C03f00/ArkCompiler: [ecmascript] asmint: 1, aot: 0, jit: 1, baseline jit: 0, bundle name: cn.alfadb.netbird.r1probe, arkTSMode: dynamic
CST 2026-07-17 17:57:02.061  3148  3256 E C01707/CONCUR: [Interface] task 3256 apply qos failed, errno = 4
CST 2026-07-17 17:57:02.062  3148  3148 I C03f00/ArkCompiler: [ecmascript] multi-thread check enabled: 0
CST 2026-07-17 17:57:02.062  3148  3148 I C03f00/ArkCompiler: [pgo] reset pgo profiler, pgo profiler is disabled
CST 2026-07-17 17:57:02.062  3148  3148 I C03301/LIBUV: clean up handles in loop(4096)
CST 2026-07-17 17:57:02.062  3148  3148 I C03301/LIBUV: loop:(4096) closed in 0s
CST 2026-07-17 17:57:02.062  3148  3148 I C03301/LIBUV: close:4096, async_io_wfd:16
CST 2026-07-17 17:57:02.062  3148  3148 I C03301/LIBUV: close:4096, backend_fd:10
CST 2026-07-17 17:57:02.062  3148  3148 I C03301/LIBUV: init:2464
CST 2026-07-17 17:57:02.062  3148  3148 I C03301/LIBUV: init:2464, backend_fd:10
CST 2026-07-17 17:57:02.062  3148  3148 I C03301/LIBUV: open:2464, pipefd[0]:16
CST 2026-07-17 17:57:02.062  3148  3148 I C03f00/ArkCompiler: [ecmascript] can not find aot file
CST 2026-07-17 17:57:02.063  3148  3148 W C01305/Base: [zip_file.cpp(ExtractToBufByName:966)]GetEntry from pkgContextInfo.json err
CST 2026-07-17 17:57:02.063  2255  2471 I C03900/HDS: [hds_drawable_descriptor.cpp-ProcessIcon:101]set pixelmap editable : 0 .
CST 2026-07-17 17:57:02.064  2255  2471 E C02b61/PixelMap: set ashmem name failed
CST 2026-07-17 17:57:02.064  2255  2471 W A01b00/SCB: GraphicUtils --> combinePic from HdsIcon, bundleName: com.huawei.hmos.filemanager, iconSizeOfGrid: 64, hasBorder: true
CST 2026-07-17 17:57:02.064  2255  2471 I A01b00/SCB: IconResourceFwk --> getBundleIcon end param: com.huawei.hmos.filemanager, 64, true true
CST 2026-07-17 17:57:02.065  3148  3148 I C03f00/ArkCompiler: StartServer, componentName = <private>
CST 2026-07-17 17:57:02.065  3148  3148 W C01321/JsRuntime: [CSM161]not Connected
CST 2026-07-17 17:57:02.065  3148  3148 I C03f00/ArkCompiler: [ecmascript] JSNApi::NotifyDebugMode, tid = 3148, debugApp = 1, isDebugMode = 0, instanceId = 0
CST 2026-07-17 17:57:02.066   143   183 I C02c03/PARAM_WATCHER: [watcher_manager.cpp:72]Add remote watcher remoteWatcherId 45 3148 success
CST 2026-07-17 17:57:02.067   143   183 I C02c03/PARAM_WATCHER: SendLocalChange start keyPrefix persist.hdc.jdwp remoteWatcherId 45
CST 2026-07-17 17:57:02.067   143   183 I C02c03/PARAM_WATCHER: [watcher_manager.cpp:187]Add watcher persist.hdc.jdwp remoteWatcherId: 45 groupId 101 success
CST 2026-07-17 17:57:02.067  3148  3261 I C02c03/PARAM_WATCHER: Add watcher keyPrefix persist.hdc.jdwp remoteWatcherId 45 success
CST 2026-07-17 17:57:02.069  2255  2284 I C02b61/ImageCode: DoEncode:(224, 224) cost 4024 us
CST 2026-07-17 17:57:02.070  2255  2255 I A0ff00/SEARCH: [HiSearch]: [BaseSilenceController], registerDataChange, true, true, 2
CST 2026-07-17 17:57:02.071  2255  2285 I C01631/GaussPD:  [0] [ADAPTER] [139900931275520] Not support binlog_default.writeLock file enable del monitor sysno = 25
CST 2026-07-17 17:57:02.071  2255  2285 I C01631/GaussPD:  [0] [ADAPTER] [139900931275520] Not support binlog_default.writeLock file enable del monitor sysno = 25
CST 2026-07-17 17:57:02.071  2255  2285 I C01631/GaussPD:  [0] [ADAPTER] [139900931275520] Not support binlog_default.writeLock file enable del monitor sysno = 25
CST 2026-07-17 17:57:02.071  2255  2285 I C01631/GaussPD:  [0] [ADAPTER] [139900931275520] Not support binlog_default.writeLock file enable del monitor sysno = 25
CST 2026-07-17 17:57:02.071  2255  2285 I C01631/GaussPD:  [0] [ADAPTER] [139900931275520] Not support binlog_default.writeIndex file enable del monitor sysno = 25
CST 2026-07-17 17:57:02.071  2255  2285 I C01631/GaussPD:  [0] [ADAPTER] [139900931275520] Not support binlog_default.writeIndex file enable del monitor sysno = 25
CST 2026-07-17 17:57:02.071  2255  2471 I A01a01/NC: NotificationConfigManager: update icon result: com.huawei.hmos.filemanager, 30214
CST 2026-07-17 17:57:02.071  2255  2471 I A01b00/SCB: IconResourceFwk --> getBundleIcon start param: com.ohos.devicemanagerui, 64, true true
CST 2026-07-17 17:57:02.071  2255  2471 W A01b00/SCB: IconResourceUtils --> getIconResource from bms getBundleResourceInfo for com.ohos.devicemanagerui 0
CST 2026-07-17 17:57:02.072   796  1224 I C01120/BMS: icon rdb get resource icon start -n com.ohos.devicemanagerui -i 0 -f 16
CST 2026-07-17 17:57:02.072   796  1224 E C01650/StepResultSet: GoToRow:position[0] rowCount[0] rowPos_[-1]!
CST 2026-07-17 17:57:02.073  3148  3148 I C03f00/ArkCompiler: [compiler] __jit_debug_register_code() is called.
CST 2026-07-17 17:57:02.073  3148  3148 I C03f00/ArkCompiler: [compiler] success to register stub.an to debugger.
CST 2026-07-17 17:57:02.073  2255  2471 I C02b61/ImageSource: CreatePixelMap success, id:1784282222072842,dSize:(0,0),srcSize: (114,114),dHdr:1,sHdr:1,memType: 2,cost 846 us
CST 2026-07-17 17:57:02.073  2255  2471 E C02b61/PixelMap: set ashmem name failed
CST 2026-07-17 17:57:02.074  2255  2471 W A01b00/SCB: GraphicUtils --> com.ohos.devicemanagerui - getHdsIcon, size: (114, 114), pixelFormat: 4, leftTopPixel is transparent: true, 0-0-0-0
CST 2026-07-17 17:57:02.074  2255  2471 E C03900/HDS: [hds_drawable_descriptor.cpp-GetOtherIconsInfo:395]Get icon by name from resource failed, iconName: icon_mask, isGlobalMask: 0, state: 9001004
CST 2026-07-17 17:57:02.074  3148  3148 W C01e00/ResourceManager: update userId, currentUserId_= 0, userId= 100
CST 2026-07-17 17:57:02.074  2255  2471 W C03900/HDS: [hds_drawable_descriptor.cpp-ProcessIcon:91]Mask size {192, 192}, bundleName: com.ohos.devicemanagerui
CST 2026-07-17 17:57:02.074  3148  3148 E C01e00/ResourceManager: LoadThemesRes failed, userId = 100, bundleName = cn.alfadb.netbird.r1probe
CST 2026-07-17 17:57:02.074  3148  3148 W C01e00/ResourceManager: theme resources will clean, id 100
CST 2026-07-17 17:57:02.074  3148  3253 W C01653/NativePreferences: LoadFromDisk: The settingXml /***/el1/***/i18*** load failed.
CST 2026-07-17 17:57:02.075   503  1776 E C01707/CONCUR: [Interface] task 1776 apply qos failed, errno = 4
CST 2026-07-17 17:57:02.075   503  1776 E C01611/QosManager: QosManager: Failed to set thread QoS to QOS_USER_INTERACTIVE, ret: -1
CST 2026-07-17 17:57:02.075  3148  3255 I C01317/AppKit: [DRH373]success to create /data/storage/el2/base/cache/rawheap
CST 2026-07-17 17:57:02.075   796  1224 W C01123/BMSCommon: bundle not exist -n com.huawei.hmsapp.hisearch -u 100 -i 0 -f 32
CST 2026-07-17 17:57:02.075   796  1224 W C01121/BMSQuery: GetBundleInfo failed -n com.huawei.hmsapp.hisearch -u 100
CST 2026-07-17 17:57:02.075   503  1776 E C01651/BundleMgrProxy: GetBundleInfoFromBMS: GetBundleInfo failed!bundleName is com.huawei.hmsapp.hisearch, userId is 100
CST 2026-07-17 17:57:02.075   503  1776 E C01651/DataProviderConfig: GetFromProxyData: Get bundleInfo failed! bundleName:com.huawei.hmsapp.hisearch, userId:100, visitedId:100, uri:******Proxy=true
CST 2026-07-17 17:57:02.075   503  1776 E C01651/DataShareServiceImpl: GetBMSAndMetaDataStatus: CalledInfo failed! token:0x20087fab,ret:1001,uri:******Proxy=true
CST 2026-07-17 17:57:02.075   503  1776 E C01651/DataShareServiceImpl: GetSilentProxyStatus: BMS or metaData not ready to complete, token:0x20087fab, uri:******Proxy=true
CST 2026-07-17 17:57:02.076   796  1251 W C011fc/BMSExt: [IsTargetApp:729]bundleName or appIdentifier is empty
CST 2026-07-17 17:57:02.076   796  1251 I C011fc/BMSExt: [GetBundleInfo:523]GetBundleInfo ret 0
CST 2026-07-17 17:57:02.076   796  1251 I C011fc/BMSExt: [GetCompatibleDeviceType:65]calc deviceType bundleName: cn.alfadb.netbird.r1probe, deviceType: 
CST 2026-07-17 17:57:02.076  3148  3148 E C01301/CompatiblePolicyDeviceType: [calculateResourceType:81]deviceType is empty.
CST 2026-07-17 17:57:02.076  3148  3148 W C01301/Ability: [resource_config_helper.cpp183]invalid source:
CST 2026-07-17 17:57:02.076  3148  3148 W C01301/Ability: [resource_config_helper.cpp183]invalid source:
CST 2026-07-17 17:57:02.076  3148  3148 I C01317/AppKit: [application_cleaner.cpp94]ClearTempData
CST 2026-07-17 17:57:02.077  3148  3148 I C01317/AppKit: [MTHRD2688]NotifyApplicationPreAbilityCreate
CST 2026-07-17 17:57:02.079  2255  2255 E A0ff00/SEARCH: [HiSearch]: [BaseSilenceController], createDataShareHelper err, { code: 15700010, msg: The DataShareHelper is not initialized successfully. }
CST 2026-07-17 17:57:02.079  2255  2471 I C02b61/PixelMap: PixelMap::scale SLR 132, srcSize: [192, 192], dstSize: [114, 114], cost: 4
CST 2026-07-17 17:57:02.079  2255  2255 E A0ff00/SEARCH: [HiSearch]: [BaseSilenceController], create more than 3 times
CST 2026-07-17 17:57:02.079   644   650 I C02515/DISP: [InitBufferHandle:229] express init gbuffer id 28a00000033 ret 0 err 0 fd 8 114 114 pixel 4 size 51984 usage 2b
CST 2026-07-17 17:57:02.079   644   650 I C02515/DISP: [ExpressAllocMem:271] ExpressAllocMem requeset BufferHandle 8, width 114, heigt 114, format 20
CST 2026-07-17 17:57:02.079   644   650 I C02515/DISP: [ExpressFreeMem:317] freeMem bufferhandle gbuffer_id 28a00000033, width 114, heigt 114
CST 2026-07-17 17:57:02.080   644   650 I C02515/DISP: [InitBufferHandle:229] express init gbuffer id 28a00000034 ret 0 err 0 fd 8 222 222 pixel 4 size 197136 usage 2b
CST 2026-07-17 17:57:02.080   644   650 I C02515/DISP: [ExpressAllocMem:271] ExpressAllocMem requeset BufferHandle 8, width 222, heigt 222, format 20
CST 2026-07-17 17:57:02.080   644   650 I C02515/DISP: [ExpressFreeMem:317] freeMem bufferhandle gbuffer_id 28a00000034, width 222, heigt 222
CST 2026-07-17 17:57:02.081  2255  2471 I C02515/DISP: [ExpressFreeMem:317] freeMem bufferhandle gbuffer_id 28a00000033, width 114, heigt 114
CST 2026-07-17 17:57:02.082   503  1340 E C01707/CONCUR: [Interface] task 1340 apply qos failed, errno = 4
CST 2026-07-17 17:57:02.082   503  1340 E C01611/QosManager: QosManager: Failed to set thread QoS to QOS_USER_INTERACTIVE, ret: -1
CST 2026-07-17 17:57:02.082   796  1251 W C01123/BMSCommon: bundle not exist -n com.huawei.hmsapp.totemweather -u 100 -i 0 -f 32
CST 2026-07-17 17:57:02.082   796  1251 W C01121/BMSQuery: GetBundleInfo failed -n com.huawei.hmsapp.totemweather -u 100
CST 2026-07-17 17:57:02.082   503  1340 E C01651/BundleMgrProxy: GetBundleInfoFromBMS: GetBundleInfo failed!bundleName is com.huawei.hmsapp.totemweather, userId is 100
CST 2026-07-17 17:57:02.082   503  1340 E C01651/DataProviderConfig: GetFromProxyData: Get bundleInfo failed! bundleName:com.huawei.hmsapp.totemweather, userId:100, visitedId:100, uri:******icIconInfo
CST 2026-07-17 17:57:02.082   503  1340 E C01651/DataShareServiceImpl: GetBMSAndMetaDataStatus: CalledInfo failed! token:0x20087fab,ret:1001,uri:******icIconInfo
CST 2026-07-17 17:57:02.082   503  1340 E C01651/DataShareServiceImpl: GetSilentProxyStatus: BMS or metaData not ready to complete, token:0x20087fab, uri:******icIconInfo
CST 2026-07-17 17:57:02.086  2255  2255 E A01c06/ICON: AppIconWeatherModel --> get weather info failed, code: 15700010, message: The DataShareHelper is not initialized successfully.
CST 2026-07-17 17:57:02.094  3148  3148 I C01317/AppKit: [JAS193]LoadModule
CST 2026-07-17 17:57:02.094  3148  3148 W C01317/AppKit: [JAS966]null stage
CST 2026-07-17 17:57:02.094  3148  3148 W C01317/AppKit: [JAS236]Not found AbilityStage.js
CST 2026-07-17 17:57:02.094  3148  3148 I C01317/AppKit: [OH_APP424]OnAboutToCreateAbility
CST 2026-07-17 17:57:02.094  3148  3148 W C01317/AppKit: [JAS331]Not found AbilityStage.js
CST 2026-07-17 17:57:02.096   796  1251 E C01336/AMS: [ABR3442]SetAppRecoveryFlag:65535
CST 2026-07-17 17:57:02.097  3148  3148 I C03f00/ArkCompiler: [ecmascript] start to execute module buffer with secure memory: /data/storage/el1/bundle/entry/ets/entryability/EntryAbility.abc
CST 2026-07-17 17:57:02.097  3148  3258 I C03f00/ArkCompiler: [pgo] will save profiler to file /data/storage/ark-profile/rt_entry.ap
CST 2026-07-17 17:57:02.097  3148  3148 E C03f00/ArkCompiler: [common] Can not open xpm proc file, do not check secure memory anymore.
CST 2026-07-17 17:57:02.099  3148  3148 I C03f04/MMG: [NMM:322]Tail:default/probe
CST 2026-07-17 17:57:02.099  3148  3148 I A02900/R1Api24Probe: Node-API E1 C module initialized version=e1-c-api24-probe/0.0.1
CST 2026-07-17 17:57:02.099  3148  3148 I C01320/JsEnv: [JSENV299]timing: 2
CST 2026-07-17 17:57:02.100  3148  3148 I C01320/JSENV: Callee constructor is OK string
CST 2026-07-17 17:57:02.100  3148  3148 I C01320/JSENV: Ability::constructor callee is object [object Object]
CST 2026-07-17 17:57:02.100  3148  3148 I C03f00/ArkCompiler: [ecmascript] start to execute ark buffer with secure memory use file: /data/storage/el1/bundle/entry/ets/modules.abc, entrypoint: @bundle:cn.alfadb.netbird.r1probe/entry/build/generated/r/ResourceTable
CST 2026-07-17 17:57:02.102  3148  3148 I C01332/UIAbility: [ui_ability_thread.cpp173]Lifecycle:Attach
CST 2026-07-17 17:57:02.102   796  1251 I C01336/AMS: [ABMS7238]AttachAbilityThread
CST 2026-07-17 17:57:02.102   796  1251 I C01336/AMS: [UALM538]lifecycle name: EntryAbility
CST 2026-07-17 17:57:02.103   796  1251 I C01336/AMS: [ABR556]RemoveLoadTimeoutTask:31
CST 2026-07-17 17:57:02.103   796  2160 I C01311/AppMS: [ARR938]appState: 1, pState: 0, cn.alfadb.netbird.r1probe/EntryAbility
CST 2026-07-17 17:57:02.103  3148  3148 I C01317/AppKit: [MTHRD2864]called
CST 2026-07-17 17:57:02.103  3148  3148 I C03f00/ArkCompiler: [gc] app is not inBackground
CST 2026-07-17 17:57:02.115  2255  2471 I C02515/DISP: [ExpressFreeMem:317] freeMem bufferhandle gbuffer_id 28a00000034, width 222, heigt 222
CST 2026-07-17 17:57:02.118  3148  3148 E C01707/CONCUR: [Interface] task 3258 apply qos failed, errno = 4
CST 2026-07-17 17:57:02.127  3148  3148 E C01707/CONCUR: [Interface] task 3259 apply qos failed, errno = 4
CST 2026-07-17 17:57:02.134  3148  3148 E C01707/CONCUR: [Interface] task 3257 apply qos failed, errno = 4
CST 2026-07-17 17:57:02.135   906  3099 I C02b91/AVSession: [HandleAppStateChanged]uid=20020062|pid=3148|state=2
CST 2026-07-17 17:57:02.135   796  1264 I C01357/ProcessMgr: [ARR1096]ability size: 1
CST 2026-07-17 17:57:02.135   796  1264 I C01311/AppMS: [module_running_record.cpp194]change from 1 to 2. bundle: cn.alfadb.netbird.r1probe, ability: EntryAbility.
CST 2026-07-17 17:57:02.135   229   571 I C02b83/AudioServiceAppStateListener: [OnAppStateChanged]app state changed, bundleName=cn.alfadb.netbird.r1probe uid=20020062 pid=3148 state=2
CST 2026-07-17 17:57:02.135   796  1264 I C01336/AMS: [ABMS8065]OnAbilityRequestDone cn.alfadb.netbird.r1probe-EntryAbility state:2
CST 2026-07-17 17:57:02.135   796  2166 W C01123/BMSCommon: uid(2000) invalid
CST 2026-07-17 17:57:02.135   229   571 W C02b8b/DfxMsgManager: [UpdateAppState]discard unstarted audio stream app state
CST 2026-07-17 17:57:02.135   796  1264 I C01336/AMS: [UALM592]Ability is cn.alfadb.netbird.r1probe/EntryAbility, start to foreground.
CST 2026-07-17 17:57:02.135   796  1264 I C01336/AMS: [ABR394]ForegroundLifecycle EntryAbility
CST 2026-07-17 17:57:02.135   796  2166 W C01123/BMSCommon: uid(2000) invalid
CST 2026-07-17 17:57:02.135   347   364 I C015b5/NetMgrEnhanced: uid:20020062, pid:3148, state:2, isFocused:0, cn.alfadb.netbird.r1probe
CST 2026-07-17 17:57:02.135  1010  1239 I C01560/WifiFrameWork: OnForegroundApplicationChanged bundleName: cn.alfadb.netbird.r1probe, uid: 20020062, state: 2, isFocused: 0
CST 2026-07-17 17:57:02.136  1010  1385 I C01560/StaStateMachine: SeparatedState-msgCode=12324 received. m_instId=0
CST 2026-07-17 17:57:02.136  1010  1385 I C01560/StaStateMachine: InitState-msgCode=12324 is received. m_instId = 0
CST 2026-07-17 17:57:02.136  1010  1385 I C01560/StaStateMachine: ClosedState-msgCode=12324 is received. m_instId = 0
CST 2026-07-17 17:57:02.136   269  2723 I C02801/AppStateObserver: [|39]Process state change app name:cn.alfadb.netbird.r1probe, uid:20020062, state:2
CST 2026-07-17 17:57:02.136   313   407 I C01706/ueaServer-FrameMsgIntf: [a92ab0fc6e21419] ReportProcessInfo pid is 3148, uid is 20020062
CST 2026-07-17 17:57:02.136   347   420 I C015b5/NetMgrEnhanced: uid=2******2, pid=3148, state=2, bundleName=cn.alfadb.netbird.r1probe, isFocused =0.
CST 2026-07-17 17:57:02.137   313   407 I C01706/ueaServer-IntelliSenseServer: [a92ab0fc6e21419] Get app info:3148 20020062 cn.alfadb.netbird.r1probe 2
CST 2026-07-17 17:57:02.137   313   407 I C01705/IOLIMIT: [a92ab0fc6e21419] [(HandleAppStateChange):263] Add foreground list app uid: 20020062, pid: 3148.
CST 2026-07-17 17:57:02.137   313   404 I C01731/SUSPEND_MSG: [a92ab1fc6e218b5] 20020062_cn.alfadb.netbird.r1probe_3148, state:2
CST 2026-07-17 17:57:02.137   313   404 E C01724/TASK_DETECTION: [a92ab1fc6e218b5] [OnAppStateChanged:632]Task detection feature is not ready
CST 2026-07-17 17:57:02.137   348   439 I C01f0b/Common: MsdpMovementManage ProcessEvent eventId=6
CST 2026-07-17 17:57:02.137  1010  1066 E C01560/MultiLinkUtils: IsDeviceSupportMultiLink chipname is empty or doesn't exist, return unknown
CST 2026-07-17 17:57:02.137  1010  1066 E C01560/MultiLinkUtils: Chip type not suppoort MultiLink
CST 2026-07-17 17:57:02.137   267  1272 I C02699/MM: HandleProcessFgOrBg FG:p=3148,u=20020062,pName=cn.alfadb.netbird.r1probe,isKA=0
CST 2026-07-17 17:57:02.138   267   291 I C02699/MM: UpdatePriorityLocked FG: 3148, 20020062, 0, [], 00000
CST 2026-07-17 17:57:02.138   267   291 I C02699/MM: HandleAppForeground appName=cn.alfadb.netbird.r1probe appId=20020062
CST 2026-07-17 17:57:02.138   347   423 I C015b5/NetMgrEnhanced: NotifyAbilityStateChanged:uid=2******2, pid=3148, state=2, abilityName=EntryAbility
CST 2026-07-17 17:57:02.138   267   291 I C02699/MM: SwapInMemcg appId=20020062 userId=100 cost=76us
CST 2026-07-17 17:57:02.138   796  1264 I C01311/AppMS: [AMSI2830]cn.alfadb.netbird.r1probe foregrounded pState: 1
CST 2026-07-17 17:57:02.138   796  1264 E C01311/AppMS: [AMSI6419]not uiextension. uiextension type: 255
CST 2026-07-17 17:57:02.140   313  1412 I C01710/BUNDLE_ACTIVE: [bundle_active_app_state_obsever.cpp(OnAbilityStateChanged):61]OnAblityStateChanged userid is 100, bundle name is cn.alfadb.netbird.r1probe, uid is 20020062, event is 2, timestamp is 67466
CST 2026-07-17 17:57:02.140   313   394 I C01710/BUNDLE_ACTIVE: [bundle_active_bundle_mgr_helper.cpp(GetApplicationInfo):65]bundleMgr is null: 0 
CST 2026-07-17 17:57:02.140  2255  2255 I A0001b/AA: RecentlyUseController --> buildRecentlyUseInfo {"bundleName":"cn.alfadb.netbird.r1probe","moduleName":"entry","abilityName":"EntryAbility","pid":3148,"uid":20020062,"state":2,"abilityType":1,"isAtomicService":false,"callerBundleName":""}
CST 2026-07-17 17:57:02.140  1010  1545 I C01560/WifiFrameWork: OnForegroundApplicationChanged bundleName: cn.alfadb.netbird.r1probe, uid: 20020062, state: 2, isFocused: 0
CST 2026-07-17 17:57:02.140  2255  2255 I A01a00/SYS_UI: PhoneAppManager: ability[cn.alfadb.netbird.r1probe|undefined|EntryAbility] state change to 2
CST 2026-07-17 17:57:02.140  1010  1073 I C01560/StaStateMachine: SeparatedState-msgCode=12324 received. m_instId=0
CST 2026-07-17 17:57:02.140  1010  1073 I C01560/StaStateMachine: InitState-msgCode=12324 is received. m_instId = 0
CST 2026-07-17 17:57:02.140  1010  1073 I C01560/StaStateMachine: ClosedState-msgCode=12324 is received. m_instId = 0
CST 2026-07-17 17:57:02.140  2255  2255 I A01a00/SYS_UI: PhoneAppManager: checkAbilityForegroundChange change: 2, cn.alfadb.netbird.r1probe
CST 2026-07-17 17:57:02.140  2255  2255 I A01a01/NC: BannerNotificationEntryVm --> onForegroundAppEvent. cn.alfadb.netbird.r1probe
CST 2026-07-17 17:57:02.141  2255  2255 I A01a00/SYS_UI: AppLifeCycleManager: Ability state changed, uid: 20020062, key: cn.alfadb.netbird.r1probe_entry_EntryAbility_3148, isForeground: true, state 2
CST 2026-07-17 17:57:02.141  2255  2255 I A01a00/SYS_UI: AppLifeCycleManager: Ability state change: new foregroundAbilities: 20020062: cn.alfadb.netbird.r1probe_entry_EntryAbility_3148
CST 2026-07-17 17:57:02.141   229   571 I C02b87/AudioBackgroundManager: [InsertIntoAppStatesMap]appStatesMap_ add pid: 3148 with hasSession: 0, isBack: 0, hasBackgroundTask: 0, isFreeze: 0, isSystem: 0
CST 2026-07-17 17:57:02.141  2255  2255 I A01a00/SYS_UI: AppLifeCycleManager: App foreground state changed, uid: 20020062, true
CST 2026-07-17 17:57:02.141  2255  2471 I C03900/HDS: [hds_drawable_descriptor.cpp-ProcessIcon:101]set pixelmap editable : 0 .
CST 2026-07-17 17:57:02.141  2255  2255 W A01a00/SYS_UI: LiveCapsuleListVm: onAppForegroundStateChange foreground: true, uid: 20020062, bundleName: cn.alfadb.netbird.r1probe, orientation: 0
CST 2026-07-17 17:57:02.141  2255  2471 E C02b61/PixelMap: set ashmem name failed
CST 2026-07-17 17:57:02.141  2255  2471 W A01b00/SCB: GraphicUtils --> combinePic from HdsIcon, bundleName: com.ohos.devicemanagerui, iconSizeOfGrid: 64, hasBorder: true
CST 2026-07-17 17:57:02.141  2255  2255 W A01a00/SYS_UI: LiveCapsuleListVm: start to toggleCapsuleList, param:  {"isUpwards":false,"isUpdateImmediately":false,"needAnimation":true,"needShowStatusBar":false}
CST 2026-07-17 17:57:02.141  2255  2471 I A01b00/SCB: IconResourceFwk --> getBundleIcon end param: com.ohos.devicemanagerui, 64, true true
CST 2026-07-17 17:57:02.141   269  2723 I C02801/AppStateObserver: [|90]The foregroundAppData_.size():3
CST 2026-07-17 17:57:02.142   168  1450 I C02d10/ProcessStatus: UpdateProcessForegroundState: pid=3148 state=FOREGROUND
CST 2026-07-17 17:57:02.142   966  1318 I C04619/Publish: [system_ability_adapter.cpp:22]OnAbilityStateChanged# pid:3148, uid:20020062, bundleName:cn.alfadb.netbird.r1probe, abilityState:2, isFocused:0
CST 2026-07-17 17:57:02.142   966  1318 I C04619/Publish: [system_ability_adapter.cpp:41]HandleAbilityStateChange# notify serviceName :OneTouchShare
CST 2026-07-17 17:57:02.142   966  1318 I C04621/CFWKService: [dynamic_thread_pool.cpp:154]AddTask# pool = 7,idle/max threads = 7/64,groupId/GroupTask = 2/0
CST 2026-07-17 17:57:02.142   966  1318 I C04619/Publish: [system_ability_adapter.cpp:48]HandleAbilityStateChange# add task: 1
CST 2026-07-17 17:57:02.142   966  1197 I C04621/CFWKService: [dynamic_thread_pool.cpp:310]WorkInThread# run--->task 11161972055693475675 run in thread 140467796368350
CST 2026-07-17 17:57:02.142   966  1197 I C04619/Publish: [system_ability_adapter.cpp:44]operator()# notify serviceName:OneTouchShare
CST 2026-07-17 17:57:02.142  2255  2255 W A01a00/SYS_UI: LiveCapsuleListVm: Visible is not changed, stop toggleCapsuleList. isForceUpdate: undefined
CST 2026-07-17 17:57:02.142  2255  2255 I A01a00/SYS_UI: StatusBarColorPickerVm --> App 20020062, foreground: true
CST 2026-07-17 17:57:02.143   966  1197 I C04619/Common: [account_utils.cpp:26]GetForegroundAccountId# ret 0, the 100 account is foreground
CST 2026-07-17 17:57:02.144   796   962 I C01c30/SclockKit: [screenlock_system_ability.cpp(IsDeviceLocked:948)]IsDeviceLocked. userId=100, isDeviceLocked=0
CST 2026-07-17 17:57:02.144   966  1197 I C04619/Publish: [service_publish_manager.cpp:2247]IsSupportView# isLocked: 0, getLockedRes: 77856768, IsSceneRecent: 0
CST 2026-07-17 17:57:02.145   966  1197 I C04626/Motion: [motion_framework.cpp:230]IsMotionPlaying# motion is not playing
CST 2026-07-17 17:57:02.145   966  1197 I C04619/Publish: [service_publish_manager.cpp:2434]GetFocusWindowInfo# enter
CST 2026-07-17 17:57:02.145   966  1197 E C04619/Detect: [action_detect_manager.cpp:2330]LoadWindowStateLite# enter 10
CST 2026-07-17 17:57:02.145   966  1197 I C04621/CFWKService: [plugin_loader.cpp:60]ConstructLib# construct 10 lib
CST 2026-07-17 17:57:02.146   313   394 I C01710/BUNDLE_ACTIVE: [bundle_active_bundle_mgr_helper.cpp(GetApplicationInfo):65]bundleMgr is null: 0 
CST 2026-07-17 17:57:02.146   313   394 I C01710/BUNDLE_ACTIVE: [bundle_active_user_history.cpp(ReportUsage):220]RegisterAppGroupCallBack AppGroupCallbackInfo build success
CST 2026-07-17 17:57:02.146   313   392 I C01710/BUNDLE_ACTIVE: [bundle_active_core.cpp(NotifOberserverGroupChanged):885]RegisterAppGroupCallBack will OnAppGroupChanged!,oldGroup is 60, newGroup is 10
CST 2026-07-17 17:57:02.147   313   392 I C01712/WORK_SCHEDULER: [OnAppGroupChanged:39]Bundle group changed, from 60 to 10 with userId = 100, bundleName = cn.alfadb.netbird.r1probe
CST 2026-07-17 17:57:02.147   313   392 I C01712/WORK_SCHEDULER: [AddGroup:134]activeGroupMap_ size 1
CST 2026-07-17 17:57:02.147   313   392 E C01712/WORK_SCHEDULER: [OnAppGroupChanged:47]OnAppGroupChanged no work found, bundleName = cn.alfadb.netbird.r1probe
CST 2026-07-17 17:57:02.149  2255  2284 I C02b61/ImageCode: DoEncode:(224, 224) cost 5996 us
CST 2026-07-17 17:57:02.150  3148  3251 I C01332/UIAbility: [ui_ability_thread.cpp321]name:EntryAbility,targeState:5,isNewWant:0
CST 2026-07-17 17:57:02.150  3148  3148 I C01332/UIAbility: [ui_ability_thread.cpp240]Lifecycle:name EntryAbility
CST 2026-07-17 17:57:02.151  3148  3148 I C04201/DMS: AddDisplayIdFromAms: abilityToken and display[0] has been added.
CST 2026-07-17 17:57:02.151   966  1197 I C04621/CFWKService: [window_state_manager_lite.cpp:43]WindowStateManagerLite# create
CST 2026-07-17 17:57:02.151   966  1197 I C04621/CFWKService: [plugin_loader.cpp:32]RegisterInstance# enter
CST 2026-07-17 17:57:02.151   966  1197 I C04621/CFWKService: [plugin_lib.cpp:25]PluginLib# libcfwk_onehop_lite.z.so open succ
CST 2026-07-17 17:57:02.151   966  1197 I C04621/CFWKService: [plugin_loader.cpp:62]ConstructLib# construct complete
CST 2026-07-17 17:57:02.151  3148  3148 W C04201/DMS: RegisterClientDeathListener: regis reverse death
CST 2026-07-17 17:57:02.151   966  1197 E C04621/CFWKService: [window_state_manager_lite.cpp:158]GetFocusWindowInfoLite# no enable
CST 2026-07-17 17:57:02.151   966  1197 I C04621/CFWKService: [window_state_manager_lite.cpp:93]Enable# enter
CST 2026-07-17 17:57:02.151  3148  3148 I C04201/DMS: RegisterClientDeathListener: ENTER
CST 2026-07-17 17:57:02.152   796   962 I C04201/DMS: screen_session_manager.cpp RegisterClientDeathListener: pid: 3148, bundle name: cn.alfadb.netbird.r1probe
CST 2026-07-17 17:57:02.152  2255  2286 I C01631/GaussPD:  [0] [ADAPTER] [139900922874624] Not support binlog_default.writeLock file enable del monitor sysno = 25
CST 2026-07-17 17:57:02.152  2255  2286 I C01631/GaussPD:  [0] [ADAPTER] [139900922874624] Not support binlog_default.writeLock file enable del monitor sysno = 25
CST 2026-07-17 17:57:02.152  2255  2286 I C01631/GaussPD:  [0] [ADAPTER] [139900922874624] Not support binlog_default.writeLock file enable del monitor sysno = 25
CST 2026-07-17 17:57:02.152  2255  2286 I C01631/GaussPD:  [0] [ADAPTER] [139900922874624] Not support binlog_default.writeLock file enable del monitor sysno = 25
CST 2026-07-17 17:57:02.152   796  1224 I C0420f/WMSRecover: mock_session_manager_service.cpp GetForegroundOsAccountDisplayId: displayId: 0
CST 2026-07-17 17:57:02.152  2255  2286 I C01631/GaussPD:  [0] [ADAPTER] [139900922874624] Not support binlog_default.writeIndex file enable del monitor sysno = 25
CST 2026-07-17 17:57:02.152   796   962 W C04201/DMS: screen_session.cpp: call BMS
CST 2026-07-17 17:57:02.152   796  1224 I C0420f/WMSRecover: mock_session_manager_service.cpp RegisterSMSRecoverListener: clientUserId: 0, userId: 100, pid: 966,isLite: 1, displayId: 0
CST 2026-07-17 17:57:02.152   796  1224 I C04210/WMSMultiUser: mock_session_manager_service.cpp NotifyWMSConnectionStatus: wms is already connected, notify client
CST 2026-07-17 17:57:02.152  2255  2286 I C01631/GaussPD:  [0] [ADAPTER] [139900922874624] Not support binlog_default.writeIndex file enable del monitor sysno = 25
CST 2026-07-17 17:57:02.152   796   962 I C04201/DMS: screen_session.cpp: pid:24, bundle:cn.alfadb.netbird.r1probe, api:24
CST 2026-07-17 17:57:02.153  2255  2471 I A01a01/NC: NotificationConfigManager: update icon result: com.ohos.devicemanagerui, 38242
CST 2026-07-17 17:57:02.153  2255  2471 I A01b00/SCB: IconResourceFwk --> getBundleIcon start param: com.huawei.hms.adsservice, 64, true true
CST 2026-07-17 17:57:02.153  2255  2471 W A01b00/SCB: IconResourceUtils --> getIconResource from bms getBundleResourceInfo for com.huawei.hms.adsservice 0
CST 2026-07-17 17:57:02.153  2255  2720 I C04200/WMS: HandleRegisterWindowManagerAgent: type=0
CST 2026-07-17 17:57:02.153  2255  2310 I C0420e/WMSPiP: RegisterWindowManagerAgent: type: 0
CST 2026-07-17 17:57:02.153  2255  2310 I C04202/WMSMain: RegisterWindowManagerAgent: insert pid: 966, type: 0
CST 2026-07-17 17:57:02.153   796  1224 I C01120/BMS: icon rdb get resource icon start -n com.huawei.hms.adsservice -i 0 -f 16
CST 2026-07-17 17:57:02.153   796  1224 E C01650/StepResultSet: GoToRow:position[0] rowCount[0] rowPos_[-1]!
CST 2026-07-17 17:57:02.153  2255  2720 I C04207/WMSFocus: reply
CST 2026-07-17 17:57:02.154   966  1197 E C04621/CFWKService: [window_state_manager_lite.cpp:139]GetFocusWindowInfoInner# invalid pid -1 uid -1
CST 2026-07-17 17:57:02.154   966  1197 E C04621/CFWKService: [window_state_manager_lite.cpp:106]Enable# Get FocusWindowInfoInner failed.
CST 2026-07-17 17:57:02.154   966  1197 E C04621/CFWKService: [window_state_manager_lite.cpp:165]GetFocusWindowInfoLite# invalid pid
CST 2026-07-17 17:57:02.154   966  1197 I C04619/Publish: [service_publish_manager.cpp:2438]GetFocusWindowInfo# WindowInfo pid: -1, windowId: -1
CST 2026-07-17 17:57:02.154   966  1197 I C04619/Publish: [service_publish_manager.cpp:2378]GetLatestPid# enter, windowId:-1 sceneType:0
CST 2026-07-17 17:57:02.154   966  1197 I C04619/Publish: [service_publish_manager.cpp:2354]GetLatestPublishInfo# get targetPid: -1
CST 2026-07-17 17:57:02.154   966  1197 I C04619/Publish: [service_publish_manager.cpp:3342]GetWinPublishListener# find windowId:-1, pid:-1, sceneType:0
CST 2026-07-17 17:57:02.154   966  1197 I C04619/Publish: [service_publish_manager.cpp:3378]GetWinPublishListenerLocked# -1_-1_0 get listener failed
CST 2026-07-17 17:57:02.154   966  1197 I C04619/Publish: [service_publish_manager.cpp:3351]GetWinPublishListener# find using default windowId:-1
CST 2026-07-17 17:57:02.154   966  1197 I C04619/Publish: [service_publish_manager.cpp:3378]GetWinPublishListenerLocked# -1_-1_0 get listener failed
CST 2026-07-17 17:57:02.154   966  1197 I C04619/Publish: [service_publish_manager.cpp:2378]GetLatestPid# enter, windowId:1 sceneType:0
CST 2026-07-17 17:57:02.154   966  1197 I C04619/Publish: [service_publish_manager.cpp:2366]GetSCBLatestPublishInfo# get SCB scene targetPid: -1
CST 2026-07-17 17:57:02.154   966  1197 I C04619/Publish: [service_publish_manager.cpp:3342]GetWinPublishListener# find windowId:-1, pid:-1, sceneType:0
CST 2026-07-17 17:57:02.154   966  1197 I C04619/Publish: [service_publish_manager.cpp:3378]GetWinPublishListenerLocked# -1_-1_0 get listener failed
CST 2026-07-17 17:57:02.154   966  1197 I C04619/Publish: [service_publish_manager.cpp:3351]GetWinPublishListener# find using default windowId:-1
CST 2026-07-17 17:57:02.154   966  1197 I C04619/Publish: [service_publish_manager.cpp:3378]GetWinPublishListenerLocked# -1_-1_0 get listener failed
CST 2026-07-17 17:57:02.154   966  1197 I C04619/Publish: [service_publish_manager.cpp:2346]GetFocusWindowPublishListener# get windowId:-1, pid:-1, Exit
CST 2026-07-17 17:57:02.154   966  1197 I C04619/Detect: [action_detect_manager.cpp:131]UpdatePublishState# update : 0, old : 0
CST 2026-07-17 17:57:02.154   966  1197 I C04621/CFWKService: [dynamic_thread_pool.cpp:318]WorkInThread# end--->task 11161972055693475675 run in thread 140467796368350 cost 11 ms
CST 2026-07-17 17:57:02.154  3148  3148 I C01332/UIAbility: [JUA2036]JsUIAbility call js, name: onCreate
CST 2026-07-17 17:57:02.155  3148  3148 I A02900/R1Api24Probe: EntryAbility onCreate
CST 2026-07-17 17:57:02.155  3148  3148 I C01332/UIAbility: [JUA2081]end, name: onCreate, time: 1
CST 2026-07-17 17:57:02.155  3148  3148 E C01332/UIAbility: [ui_ability_impl.cpp314]hasSaveData_: false
CST 2026-07-17 17:57:02.155  3148  3148 W C01332/UIAbility: [JUA1223]formatRegex: []
CST 2026-07-17 17:57:02.155  3148  3148 I C04202/WMSMain: Init: WindowScene with window session!
CST 2026-07-17 17:57:02.155  3148  3148 I C04202/WMSMain: Init: set isModuleAbilityHookEnd
CST 2026-07-17 17:57:02.156  3148  3148 I C04204/WMSScb: RS multi-instance enabled: 1
CST 2026-07-17 17:57:02.156  2255  2471 I C02b61/ImageSource: CreatePixelMap success, id:1784282222155781,dSize:(0,0),srcSize: (114,114),dHdr:1,sHdr:1,memType: 2,cost 613 us
CST 2026-07-17 17:57:02.156  2255  2471 E C02b61/PixelMap: set ashmem name failed
CST 2026-07-17 17:57:02.156  3148  3148 I C01406/OHOS::RS: multi-instance, create RSUIContextManager, isMultiInstanceOpen_ 1
CST 2026-07-17 17:57:02.156  2255  2471 W A01b00/SCB: GraphicUtils --> com.huawei.hms.adsservice - getHdsIcon, size: (114, 114), pixelFormat: 4, leftTopPixel is transparent: true, 0-0-0-0
CST 2026-07-17 17:57:02.156  2255  2471 E C03900/HDS: [hds_drawable_descriptor.cpp-GetOtherIconsInfo:395]Get icon by name from resource failed, iconName: icon_mask, isGlobalMask: 0, state: 9001004
CST 2026-07-17 17:57:02.156  2255  2471 W C03900/HDS: [hds_drawable_descriptor.cpp-ProcessIcon:91]Mask size {192, 192}, bundleName: com.huawei.hms.adsservice
CST 2026-07-17 17:57:02.159  2255  2277 I C02b61/PixelMap: PixelMap::scale SLR 136, srcSize: [192, 192], dstSize: [114, 114], cost: 2
CST 2026-07-17 17:57:02.159   143   183 I C02c03/PARAM_WATCHER: SendLocalChange start keyPrefix persist.sys.graphic.animationscale remoteWatcherId 45
CST 2026-07-17 17:57:02.160   143   183 I C02c03/PARAM_WATCHER: [watcher_manager.cpp:187]Add watcher persist.sys.graphic.animationscale remoteWatcherId: 45 groupId 87 success
CST 2026-07-17 17:57:02.160   302   567 E C01700/RSS: [a92ab5fc6e26bb4] DeliverResource, PluginMgr resType 1002 no lib register!
CST 2026-07-17 17:57:02.160  3148  3148 I C02c03/PARAM_WATCHER: Add watcher keyPrefix persist.sys.graphic.animationscale remoteWatcherId 45 success
CST 2026-07-17 17:57:02.160  3148  3148 I C04204/WMSScb: InitRSUIDirector: Create RSUIDirector: RSUIDirector's RSUIContext [token: 13520557047809, tid: 3148], rsUIContext: RSUIContext is null
CST 2026-07-17 17:57:02.160   795   846 I C01406/RSClientToServiceConnection: CreateNodeAndSurface node id:13520557047810 name:r1probe0 surface id:3414499000349 name:r1probe0
CST 2026-07-17 17:57:02.163   313   564 E C01704/TagSched: [a92ab5fc6e26bb4] [ExecutorCheckTidIsInPid][Executor] ExecutorCheckTidIsInPid get reply is invalied
CST 2026-07-17 17:57:02.163   313   564 I C01704/TagSched: [a92ab5fc6e26bb4] [SetQosRealtimeTask]ThreadModifyQos,setQos 795 tid[846],  qos[7]
CST 2026-07-17 17:57:02.163   313   564 E C01704/TagSched: [a92ab5fc6e26bb4] [OpenQosCtrl]Failed to open qos_ctrl device
CST 2026-07-17 17:57:02.163   313   564 E C01704/TagSched: [a92ab5fc6e26bb4] [IsQosHandleOpen]get qosSetHandle_ fail
CST 2026-07-17 17:57:02.163   313   564 E C01704/TagSched: [a92ab5fc6e26bb4] [SetQosInternal]qosSetHandle open fail
CST 2026-07-17 17:57:02.163   313   564 E C01704/TagSched: [a92ab5fc6e26bb4] [OpenQosCtrl]Failed to open qos_ctrl device
CST 2026-07-17 17:57:02.163   313   564 E C01704/TagSched: [a92ab5fc6e26bb4] [IsQosHandleOpen]get qosSetHandle_ fail
CST 2026-07-17 17:57:02.163   313   564 E C01704/TagSched: [a92ab5fc6e26bb4] [SetQosInternal]qosSetHandle open fail
CST 2026-07-17 17:57:02.174   795   886 I C02515/DGLES: [d_glGetUniformLocation_special@glv3_status.cpp:1517] uniform ucornerPositionXY_S1 location remote -1
CST 2026-07-17 17:57:02.175   795   886 E C02515/DGLES: [d_eglSwapBuffers_special@egl_gpu.cpp:729] thread output size 89240 speed 82k/s API_num 782
CST 2026-07-17 17:57:02.175   795   886 W C01406/OHOS::RS: RSJankStats::SetJankStats jank frames 10
CST 2026-07-17 17:57:02.176   648  3105 W C02515/DISP: [SetLayerMaskInfo:495] <private> is not supported
CST 2026-07-17 17:57:02.176   795   795 I C01406/RSClientToServiceConnection: CreateNodeAndSurface RegisterRenderNode id:13520557047810, name:r1probe0
CST 2026-07-17 17:57:02.176   648  1084 I C02515/DISP: [CommitComposeLayer:67] CommitComposeLayer! 10
CST 2026-07-17 17:57:02.176   795   795 E C01406/RSScreenManager: IsAllScreensPowerOff: screenPowerStatus_ is empty.
CST 2026-07-17 17:57:02.180   644   650 I C02515/DISP: [InitBufferHandle:229] express init gbuffer id 28a00000035 ret 0 err 0 fd 8 114 114 pixel 4 size 51984 usage 2b
CST 2026-07-17 17:57:02.180   644   650 I C02515/DISP: [ExpressAllocMem:271] ExpressAllocMem requeset BufferHandle 8, width 114, heigt 114, format 20
CST 2026-07-17 17:57:02.184  3148  3148 W C01409/APS_MANAGER: redo Connect
CST 2026-07-17 17:57:02.184  3148  3148 I C01409/APS_MANAGER: Start to ConnectService
CST 2026-07-17 17:57:02.184  3148  3148 I C01409/APS_MANAGER: GetSystemAbilityManager success
CST 2026-07-17 17:57:02.184  3148  3148 I C01409/APS_MANAGER: GetSystemAbility success
CST 2026-07-17 17:57:02.184  3148  3148 I C01406/OHOS::RS: RSLogManager init log flag: 0x0(0)
CST 2026-07-17 17:57:02.185  3148  3148 I C01406/OHOS::RS: RSFrameRateLinker::Create id: 13520557047808
CST 2026-07-17 17:57:02.185  3148  3148 I C04202/WMSMain: VsyncStation: id 13520557047810 created
CST 2026-07-17 17:57:02.185  3148  3148 I C04200/WindowSceneSessionImpl: WindowSceneSessionImpl: [WMSCom] Constructor r1probe0
CST 2026-07-17 17:57:02.185  3148  3148 E C04200/WMS: SetWindowType: permission denied!
CST 2026-07-17 17:57:02.185  3148  3148 I C0420a/WMSLife: Create: Window Create name:r1probe0, state:0, mode:0
CST 2026-07-17 17:57:02.229   644   650 I C02515/DISP: [ExpressFreeMem:317] freeMem bufferhandle gbuffer_id 28a00000035, width 114, heigt 114
CST 2026-07-17 17:57:02.283  2776  3193 E C02e00/UPDATE_SA: [hap_connection.cpp(50)]GetHapRemoteObject, remoteObj is nullptr, bundle com.huawei.hmos.ouc
CST 2026-07-17 17:57:02.283  2776  3193 I C01352/ExtMgr: [extension_manager_client.cpp134]name:com.huawei.hmos.ouc ServiceExtAbility, userId:-1.
CST 2026-07-17 17:57:02.284   796  1224 I C01342/ServiceExt: [ABMS5529]element: com.huawei.hmos.ouc/ServiceExtAbility
CST 2026-07-17 17:57:02.284   796  1224 W C01123/BMSCommon: bundle not exist -n com.huawei.hmos.ouc -u 100 -i 0 -f 0
CST 2026-07-17 17:57:02.284   796  1224 W C01336/AMS: [start_ability_utils.cpp76]failed: com.huawei.hmos.ouc
CST 2026-07-17 17:57:02.284   796  1224 W C01336/AMS: [crowd_test_interceptor.cpp54]GetAppInfo failed
CST 2026-07-17 17:57:02.284   796  1224 W C01120/BMS: app_control_manager.cpp:GetAppRunningControlRule:397 getAppId failed,-n:com.huawei.hmos.ouc
CST 2026-07-17 17:57:02.284   796  1224 W C01123/BMSCommon: uid(6666) invalid
CST 2026-07-17 17:57:02.284   796  1224 I C01336/AMS: [start_ability_utils.cpp54]appIndex:-1
CST 2026-07-17 17:57:02.285   796  1224 W C01123/BMSCommon: bundle not exist -n com.huawei.hmos.ouc -u 100 -i 0 -f 1062
CST 2026-07-17 17:57:02.285   796  1224 I C01121/BMSQuery: ExplicitQueryAbility no match -n com.huawei.hmos.ouc -a ServiceExtAbility -u 100 -i 0
CST 2026-07-17 17:57:02.285   796  1224 W C01120/BMS: query abilitys_ext code 8521480
CST 2026-07-17 17:57:02.285   796  1224 W C01123/BMSCommon: bundle not exist -n com.huawei.hmos.ouc -u 100 -i 0 -f 1062
CST 2026-07-17 17:57:02.285   796  1224 W C01121/BMSQuery: bundle_data_mgr.cpp:ExplicitQueryExtensionInfo:7239 ExplicitQueryExtensionInfo failed
CST 2026-07-17 17:57:02.285   796  1224 I C01121/BMSQuery: ExplicitQueryExtension size:0 -n com.huawei.hmos.ouc -e ServiceExtAbility -u 100 -i 0
CST 2026-07-17 17:57:02.285   796  1224 W C01121/BMSQuery: bundle_data_mgr.cpp:GetCloneAppIndexes:2463 no bundleName com.huawei.hmos.ouc found
CST 2026-07-17 17:57:02.285   796  1224 W C01121/BMSQuery: bundle_mgr_host_impl.cpp:QueryExtensionAbilityInfos:3425 no valid extension info can be inquired
CST 2026-07-17 17:57:02.285   796  1224 E C01336/AMS: [start_ability_utils.cpp290]extensionInfo empty
CST 2026-07-17 17:57:02.285   796  1224 E C01342/ServiceExt: [ABMS5868]generate request error
CST 2026-07-17 17:57:02.285  2776  3193 E C02e00/UPDATE_SA: [hap_connection.cpp(82)]HapConnection call interface failed, ret 2097152
CST 2026-07-17 17:57:02.285  2776  3193 E C02e00/UPDATE_SA: [ouc_hap_connection.cpp(72)]SendRemoteRequest, can not connect to ouc
CST 2026-07-17 17:57:02.293   170   603 E C02510/devsvc_manager_stub: StubGetService service hmi_service not found
CST 2026-07-17 17:57:02.293   168   332 E C02510/hdi_servmgr_client: get hdi service hmi_service failed, -1
CST 2026-07-17 17:57:02.293   168   332 E C02510/hmi_interface_proxy: Get:get remote object failed!
CST 2026-07-17 17:57:02.293   168   332 I C02d19/CHR_SERVICE: [HmiClient][modem_log_client]GetService: hmiInterface is nullptr.
CST 2026-07-17 17:57:02.293   168   332 I C02d19/CHR_SERVICE: [HmiClient][modem_log_client]TryGetServiceDelayed: retryCount=13, delayed=4000.
CST 2026-07-17 17:57:02.335  2255  2255 I A01b0d/HICAR: TopAppManager --> COMMON_EVENT_TOP_APP_CHANGE success
CST 2026-07-17 17:57:02.336   796  1266 I C01202/Unordered: Pid 2255 publish COMMON_EVENT_TOP_APP_CHANGE to 100 end(0,0,0,0)
CST 2026-07-17 17:57:02.336   644   650 I C02515/DISP: [InitBufferHandle:229] express init gbuffer id 28a00000036 ret 0 err 0 fd 8 222 222 pixel 4 size 197136 usage 2b
CST 2026-07-17 17:57:02.336   644   650 I C02515/DISP: [ExpressAllocMem:271] ExpressAllocMem requeset BufferHandle 8, width 222, heigt 222, format 20
CST 2026-07-17 17:57:02.341   644   650 I C02515/DISP: [ExpressFreeMem:317] freeMem bufferhandle gbuffer_id 28a00000036, width 222, heigt 222
CST 2026-07-17 17:57:02.341  2255  2277 I C02515/DISP: [ExpressFreeMem:317] freeMem bufferhandle gbuffer_id 28a00000035, width 114, heigt 114
CST 2026-07-17 17:57:02.357  2255  2255 I A0001b/AA: IntelligentRdbManager --> query timeout release 343
CST 2026-07-17 17:57:02.357  2255  2255 I A0001b/AA: IntelligentRdbManager --> rdbStore release
CST 2026-07-17 17:57:02.370  2255  2255 I A0001b/AA: IntelligentRdbManager --> clear timeout 343
CST 2026-07-17 17:57:02.370   795   886 I C02515/DGLES: [d_glGetUniformLocation_special@glv3_status.cpp:1517] uniform ucornerPositionXY_S1 location remote -1
CST 2026-07-17 17:57:02.400   680   820 I C05780/LnnInit: LnnModuleInitRetryCallback# module(0) is retrying.
CST 2026-07-17 17:57:02.405   680   820 I C04400/DHDP: ProfileChangeListenerStub::ProfileChangeListenerStub construct!
CST 2026-07-17 17:57:02.405   795   886 I C02515/DGLES: [d_glGetUniformLocation_special@glv3_status.cpp:1517] uniform ulocalMatrix_S0 location remote -1
CST 2026-07-17 17:57:02.405   680   820 I C05720/AuthInit: AuthDeviceProfileListener# construct!
CST 2026-07-17 17:57:02.406   142   424 I C01800/SAMGR: already exist listener object SA:6001
CST 2026-07-17 17:57:02.406   680   820 I C04400/DHDP: Client::SubscribeDeviceProfile subscribeInfos_.size is 1
CST 2026-07-17 17:57:02.408  1116  1152 I C04400/DHDP: StubNew::OnRemoteRequest code = 23, CallingPid = 680
CST 2026-07-17 17:57:02.435   230   230 E C01707/CONCUR: [a92ab0fc6de0092] [TaskControllerInterface] ReportData failed, funcLoader_ load func failed
CST 2026-07-17 17:57:02.435   795   886 I C02515/DGLES: [d_glGetUniformLocation_special@glv3_status.cpp:1517] uniform ulocalMatrix_S0 location remote -1
CST 2026-07-17 17:57:02.436  1116  1152 I C04400/DHDP: SubscribeProfileManager::SubscribeDeviceProfile saId: 4700!, subscribeKey: trus***file
CST 2026-07-17 17:57:02.437  1116  1152 I C04400/DHDP: SubscribeProfileManager::SubscribeDeviceProfile this sa subscribeInfo is exist, saId : 4700
CST 2026-07-17 17:57:02.439   680   680 I C05720/AuthInit: ~AuthDeviceProfileListener# destruct
CST 2026-07-17 17:57:02.439   680   680 I C04400/DHDP: ProfileChangeListenerStub::~ProfileChangeListenerStub destruct!
CST 2026-07-17 17:57:02.440   795   886 W C01406/OHOS::RS: RSJankStats::SetJankStats jank frames 15
CST 2026-07-17 17:57:02.442   795   795 E C01406/RSScreenManager: IsAllScreensPowerOff: screenPowerStatus_ is empty.
CST 2026-07-17 17:57:02.447   648  1084 W C02515/DISP: [SetLayerMaskInfo:495] <private> is not supported
CST 2026-07-17 17:57:02.448   648  1084 I C02515/DISP: [CommitComposeLayer:67] CommitComposeLayer! 10
CST 2026-07-17 17:57:02.448  3148  3148 I C0420a/WMSLife: Create: SetIsAbilityHookOff 0
CST 2026-07-17 17:57:02.448  3148  3148 W C0420a/WMSLife: IsWindowSessionInvalid: already destroyed or not created! id: 0 state_: 0
CST 2026-07-17 17:57:02.448  3148  3148 W C04200/WindowSceneSessionImpl: AdjustWindowAnimationFlag: session invalid!
CST 2026-07-17 17:57:02.448  3148  3148 I C04200/WindowSceneSessionImpl: Remove window flag WINDOW_FLAG_SHOW_WHEN_LOCKED
CST 2026-07-17 17:57:02.449   142   430 I C01800/SAMGR: SubscribeSA:1901,3148_26_1
CST 2026-07-17 17:57:02.449   142   430 I C01800/SAMGR: NotifyAddSA:1901,3148_1
CST 2026-07-17 17:57:02.450   313   562 E C01704/TagSched: [a92ab7fc6e6e085] [OpenQosCtrl]Failed to open qos_ctrl device
CST 2026-07-17 17:57:02.450   313   562 E C01704/TagSched: [a92ab7fc6e6e085] [IsQosHandleOpen]get qosSetHandle_ fail
CST 2026-07-17 17:57:02.450   313   562 E C01704/TagSched: [a92ab7fc6e6e085] [SetQosInternal]qosSetHandle open fail
CST 2026-07-17 17:57:02.450   313   562 E C01704/TagSched: [a92ab7fc6e6e085] [OpenQosCtrl]Failed to open qos_ctrl device
CST 2026-07-17 17:57:02.450   313   562 E C01704/TagSched: [a92ab7fc6e6e085] [IsQosHandleOpen]get qosSetHandle_ fail
CST 2026-07-17 17:57:02.450   313   562 E C01704/TagSched: [a92ab7fc6e6e085] [SetQosInternal]qosSetHandle open fail
CST 2026-07-17 17:57:02.451  1116  1116 I C04400/DHDP: StubNew::OnRemoteRequest code = 12, CallingPid = 680
CST 2026-07-17 17:57:02.451  2255  2277 I C02515/DISP: [ExpressFreeMem:317] freeMem bufferhandle gbuffer_id 28a00000036, width 222, heigt 222
CST 2026-07-17 17:57:02.452  3148  3148 I C0420a/WMSLife: Connect: in
CST 2026-07-17 17:57:02.453  2255  2720 I C01406/OHOS::RS: RSSurfaceNode::Unmarshalling, Node: 13520557047810, Name: r1probe0
CST 2026-07-17 17:57:02.453  2255  2310 I C0420a/WMSLife: ConnectInner: [id: 30] state: 0,isTerminating:0, callingPid:3148, disableDelegator:0
CST 2026-07-17 17:57:02.453  2255  2310 I C04217/WMSAttribute: GetAbilityColorMode: winId: 30, colorMode: , hasDarkRes: 0
CST 2026-07-17 17:57:02.453  1116  1116 E C04400/DHDP: TrustProfileManager::GetAllAccessControlProfiles accesscontrol_table no data
CST 2026-07-17 17:57:02.453  1116  1116 E C04400/DHDP: TrustProfileManager::GetAllAccessControlProfile GetAllAccessControlProfile failed
CST 2026-07-17 17:57:02.454  2255  2310 I C01406/OHOS::RS: RSTransactionHandler::Begin syncId:0, transactionHandler:4237778837, remoteTransactionDataStack.size:0
CST 2026-07-17 17:57:02.454  2255  2310 I C01406/OHOS::RS: RSTransactionHandler::Commit transactionHandler:4237778837
CST 2026-07-17 17:57:02.454  2255  2310 I C04202/WMSMain: InitSessionPropertyWhenConnect: [id: 30] requestedOrientation: 0, defaultRequestedOrientation: 0, userRequestedOrientation: 0
CST 2026-07-17 17:57:02.454  2255  2310 I C0420c/WMSEvent: SetCallingPid: id:30, 3148
CST 2026-07-17 17:57:02.454  2255  2310 I C0420a/WMSLife: The windows of pid 3148 change to visibility.
CST 2026-07-17 17:57:02.454   796  1224 I C01311/AppMS: [WND_CHG_LSNR38]NotifyWindowPidVisibilityChanged called, pid:3148, visibilityState:0.
CST 2026-07-17 17:57:02.454   680   820 E C04400/DHDP: Proxy::GetAllAccessControlProfile dp method call fail, errCode = 98566221
CST 2026-07-17 17:57:02.454   680   820 E C05787/LnnState: SelectAllAcl# GetAllAccessControlProfile ret=98566221
CST 2026-07-17 17:57:02.455   680   820 E C05782/LnnLedger: RecoveryTrustedDevInfoProcess# get trusted dev info fail
CST 2026-07-17 17:57:02.455  3148  3251 I C04208/WMSLayout: NotifyAppHookWindowInfoUpdated: in
CST 2026-07-17 17:57:02.455  2255  2310 I C0420a/WMSLife: OnSessionStateChange: id: 30, state: 1
CST 2026-07-17 17:57:02.455   680   820 E C05723/AuthFsm: AuthRegisterToDpDelay# init trusted list error
CST 2026-07-17 17:57:02.455   680   820 E C05780/LnnInit: LnnModuleInitRetryCallback# Module(0) hast tried 5 times
CST 2026-07-17 17:57:02.456   796  1224 W C04201/DMS: screen_cutout_controller.cpp GetCutoutArea: display:[ID: 0, W: 1320, H: 2856, R: 0,Mode 0]
CST 2026-07-17 17:57:02.456  2255  2310 I C0420b/WMSKeyboard: CheckEmptyKeyboardAvoidAreaIfNeeded: check keyboard avoid area, isPhoneNotFreeMultiWindow: 1, isPadNotFreeMultiWindow: 0
CST 2026-07-17 17:57:02.456  2255  2310 I C0393b/AceWindowScene: [(-1:100000:singleton)] isAbilityHook: 0
CST 2026-07-17 17:57:02.456  2255  2310 I C0420a/WMSLife: ConnectInner: set session id 30 disableDelegator 0
CST 2026-07-17 17:57:02.456  2255  2310 I C04200/WMS: NotifyPropertyWhenConnect: In
CST 2026-07-17 17:57:02.456  2255  2310 I C04207/WMSFocus: NotifySessionFocusableChange: id: 30, focusable: 1
CST 2026-07-17 17:57:02.456  2255  2310 I C04200/WMS: OnSessionTouchableChange: 1
CST 2026-07-17 17:57:02.456  2255  2310 I C04200/WMS: OnShowWhenLocked: 0
CST 2026-07-17 17:57:02.457  2255  2310 I C0421a/WMSLayoutPc: RegisterFoldScreenStatusChangeCallback: id: 30
CST 2026-07-17 17:57:02.457  2255  2310 I C0421a/WMSLayoutPc: RegisterSystemKeyboardStatusChangeCallback: id: 30
CST 2026-07-17 17:57:02.457  3148  3251 I C0421c/WMSCompat: SetAppHookWindowInfo: Id:0, preHookWindowInfo:[enableHookWindow: false, widthHookRatio: 1.000000, notifyWindowChange: false], newHookWindowInfo:[enableHookWindow: false, widthHookRatio: 1.000000, notifyWindowChange: false]
CST 2026-07-17 17:57:02.457  3148  3148 I C04208/WMSLayout: Connect: updateRect when connect.preRect:[0,0,0,0]rect:[0,0,1320,2856]
CST 2026-07-17 17:57:02.457  3148  3248 I C04208/WMSLayout: UpdateRect: id:30 name:r1probe0 rect:[0 0 1320 2856]->[0 0 1320 2856] reason:0 displayId:0
CST 2026-07-17 17:57:02.457  3148  3248 I C04208/WMSLayout: NotifyFirstValidLayoutUpdate: Id:30, rect:[0 0 1320 2856]
CST 2026-07-17 17:57:02.457  2255  2255 I A0420a/WMSLife: onSessionStateChange state:1
CST 2026-07-17 17:57:02.457  3148  3248 W C04208/WMSLayout: NotifySingleHandTransformChange: id:30, uiContent is nullptr
CST 2026-07-17 17:57:02.457  3148  3148 I C0420a/WMSLife: Connect: Window Connect [name:r1probe0, id:30, type:1], ret:0, oriDisplayId:0, curDisplayId:0
CST 2026-07-17 17:57:02.457  3148  3148 I C0421c/WMSCompat: SendCombinedCompatibleConfigToArkUI: bundleName: cn.alfadb.netbird.r1probe, combinedCompatibleConfig size: 2
CST 2026-07-17 17:57:02.457  3148  3148 I C0421c/WMSCompat: SendCombinedCompatibleConfigToArkUI: bundleName:cn.alfadb.netbird.r1probe, logicalDeviceConfig size:2, arkUIAndWebConfig size:66
CST 2026-07-17 17:57:02.457  3148  3148 I C03900/ACE_UIContent: [201]get angle info: {}
CST 2026-07-17 17:57:02.457  3148  3148 I C0421c/WMSCompat: SendCombinedCompatibleConfigToArkUI: Send null logical device config to arkui
CST 2026-07-17 17:57:02.457  3148  3148 I C0421c/WMSCompat: SendCombinedCompatibleConfigToArkUI: Send combined compatible config to arkui successfully!
CST 2026-07-17 17:57:02.458  3148  3148 I C04208/WMSLayout: SetWindowMode: windowId: 30, windowModeSupportType: 63, mode: 1
CST 2026-07-17 17:57:02.458   221  2354 I C01d00/accessibility: [(WindowUpdateAll:1027)]WindowUpdateAll start activeWindowId_: -1
CST 2026-07-17 17:57:02.458  2255  2720 E C04200/WMS: UpdateSessionPropertyByAction: permission denied! action: 262144
CST 2026-07-17 17:57:02.458  2255  2255 I C04204/WMSScb: GetSurfaceNode: id: 30, surfaceNode: RSNode [id: 13520557047810], RSUIContext [token: 9685151252481, tid: 2255], original: RSUIContext [token: 9685151252481, tid: 2255]
CST 2026-07-17 17:57:02.458  3148  3148 I C04208/WMSLayout: NotifyWindowStatusChange: id:30, windowMode:1, windowStatus:1, lastWindowStatus:0, skipRedundantWindowStatusNotifications:0
CST 2026-07-17 17:57:02.459  2255  2255 I C0393b/AceWindowScene: [(100000:100000:scope)] AddChild AppWindow, 2172
CST 2026-07-17 17:57:02.459  3148  3148 I C04208/WMSLayout: SetConfigWindowLimitsVP: id:30, windowLimits:[0 0 0 0 0.000000 0.000000 1.000000 1]
CST 2026-07-17 17:57:02.459  2255  2255 I C0393b/AceWindowScene: [(100000:100000:scope)] Add app window finished, id: 30, node id: 2172, name: cn.alfadb.netbird.r1probe, rect: RectT (0.00, 0.00) - [1320.00 x 2856.00]
CST 2026-07-17 17:57:02.459  2255  2310 I C04209/WMSImms: OnNeedAvoid win 30 status 0
CST 2026-07-17 17:57:02.459   221  2354 I C01d00/accessibility: [(WindowUpdateAll:1079)]WindowUpdateAll end activeWindowId_: -1
CST 2026-07-17 17:57:02.459  3148  3148 I C04208/WMSLayout: GetSystemSizeLimits: px[6720,6720,1120,840], vp[1920,1920,320,240], configMax:1920, vpr:3.500000, winType:1
CST 2026-07-17 17:57:02.460  2255  2310 I C04208/WMSLayout: HandleActionUpdateWindowLimits: id:30, px:[6720 6720 1120 840 0.000000 0.000000 3.500000 0], vp:[1920 1920 320 240 0.000000 0.000000 3.500000 1], userLimitsUnit:1
CST 2026-07-17 17:57:02.460  3148  3148 I C0421a/WMSLayoutPc: GetSupportedWindowModesConfiguration: winId: 30, windowModeSupportType: 15
CST 2026-07-17 17:57:02.460  3148  3148 I C04202/WMSMain: SetSupportedWindowModesForAncoInFreeWindow: is not anco app, need not update support window mode.
CST 2026-07-17 17:57:02.460  3148  3148 I C04208/WMSLayout: GetConfigurationFromAbilityInfo: windowId: 30, windowModeSupportType: 15, isAncoSupportFreeWindow: 0
CST 2026-07-17 17:57:02.460  2255  2257 E C04200/WMS: UpdateSessionPropertyByAction: permission denied! action: 2048
CST 2026-07-17 17:57:02.460  3148  3148 I C0420f/WMSRecover: RegisterSessionRecoverCallbackFunc: persistentId=30
CST 2026-07-17 17:57:02.460  3148  3148 I C04209/WMSImms: UpdateStatusBarColorByColorMode: win 30 type 1 hasDarkRes 0 colorMode light
CST 2026-07-17 17:57:02.460  2255  2255 I A04200/WINDOW: SCBScene: [SCBKeyboard] keyboard session is null, no need update keyboard offset
CST 2026-07-17 17:57:02.461  2255  2255 I A04200/WINDOW: SCBSceneSession: onSessionWindowLimitsChange
CST 2026-07-17 17:57:02.461   221  2355 I C01d00/accessibility: [(WindowUpdateAll:1027)]WindowUpdateAll start activeWindowId_: -1
CST 2026-07-17 17:57:02.461  3148  3148 I C04200/WMS: IsMainHandlerAvailable: id:30, isAvailable:1
CST 2026-07-17 17:57:02.461  3148  3148 I C04200/WMS: IsMainHandlerAvailable: id:30, isAvailable:1
CST 2026-07-17 17:57:02.461  3148  3148 I C02800/InputManagerImpl: [][SetWindowInputEventConsumer:366] enter
CST 2026-07-17 17:57:02.461   221  2355 I C01d00/accessibility: [(WindowUpdateAll:1079)]WindowUpdateAll end activeWindowId_: -1
CST 2026-07-17 17:57:02.461   616   770 W C02943/ThermalHdi: Read node failed, title = brightness
CST 2026-07-17 17:57:02.462   616   770 W C02943/ThermalHdi: Read node failed, title = 
CST 2026-07-17 17:57:02.462   616   770 W C02943/ThermalHdi: Read node failed, title = 
CST 2026-07-17 17:57:02.462   616   770 W C02943/ThermalHdi: Read node failed, title = 
CST 2026-07-17 17:57:02.462   616   770 W C02943/ThermalHdi: Read node failed, title = 
CST 2026-07-17 17:57:02.462   616   770 W C02943/ThermalHdi: Read node failed, title = 
CST 2026-07-17 17:57:02.462   616   770 W C02943/ThermalHdi: Read node failed, title = 
CST 2026-07-17 17:57:02.462   616   770 W C02943/ThermalHdi: Read node failed, title = 
CST 2026-07-17 17:57:02.462   616   770 W C02943/ThermalHdi: Read node failed, title = 
CST 2026-07-17 17:57:02.462   616   770 W C02943/ThermalHdi: Read node failed, title = 
CST 2026-07-17 17:57:02.462   616   770 W C02943/ThermalHdi: Read node failed, title = 
CST 2026-07-17 17:57:02.462   616   770 W C02943/ThermalHdi: Read node failed, title = 
CST 2026-07-17 17:57:02.462   616   770 W C02943/ThermalHdi: Read node failed, title = 
CST 2026-07-17 17:57:02.462   616   770 W C02943/ThermalHdi: Read node failed, title = 
CST 2026-07-17 17:57:02.462   616   770 W C02943/ThermalHdi: Read node failed, title = 
CST 2026-07-17 17:57:02.462   616   770 W C02943/ThermalHdi: Read node failed, title = 
CST 2026-07-17 17:57:02.462   616   770 W C02943/ThermalHdi: Read node failed, title = 
CST 2026-07-17 17:57:02.462   616   770 W C02943/ThermalHdi: Read node failed, title = 
CST 2026-07-17 17:57:02.462   616   770 W C02943/ThermalHdi: Read node failed, title = 
CST 2026-07-17 17:57:02.462   616   770 W C02943/ThermalHdi: Read node failed, title = 
CST 2026-07-17 17:57:02.462  2255  2255 I A04200/WINDOW: SCBSSM: onStatusBarEnableChange screenId: 0 statusBarEnable: true
CST 2026-07-17 17:57:02.462   616   770 W C02943/ThermalHdi: Read node failed, title = 
CST 2026-07-17 17:57:02.462   616   770 W C02943/ThermalHdi: Read node failed, title = 
CST 2026-07-17 17:57:02.462   616   770 W C02943/ThermalHdi: Read node failed, title = 
CST 2026-07-17 17:57:02.462   616   770 W C02943/ThermalHdi: Read node failed, title = 
CST 2026-07-17 17:57:02.462   616   770 W C02943/ThermalHdi: Read node failed, title = 
CST 2026-07-17 17:57:02.462   616   770 W C02943/ThermalHdi: Read node failed, title = ambient
CST 2026-07-17 17:57:02.462   616   770 W C02943/ThermalHdi: Read node failed, title = ibat
CST 2026-07-17 17:57:02.462   616   770 W C02943/ThermalHdi: Read node failed, title = vbat
CST 2026-07-17 17:57:02.462   616   770 W C02943/ThermalHdi: Read node failed, title = cpu0_min_freq
CST 2026-07-17 17:57:02.462   616   770 W C02943/ThermalHdi: Read node failed, title = cpu0_cur_freq
CST 2026-07-17 17:57:02.462   616   770 W C02943/ThermalHdi: Read node failed, title = cpu0_max_freq
CST 2026-07-17 17:57:02.462   616   770 W C02943/ThermalHdi: Read node failed, title = cpu4_min_freq
CST 2026-07-17 17:57:02.462   616   770 W C02943/ThermalHdi: Read node failed, title = cpu4_cur_freq
CST 2026-07-17 17:57:02.462   616   770 W C02943/ThermalHdi: Read node failed, title = cpu4_max_freq
CST 2026-07-17 17:57:02.462   616   770 W C02943/ThermalHdi: Read node failed, title = cpu7_min_freq
CST 2026-07-17 17:57:02.462   616   770 W C02943/ThermalHdi: Read node failed, title = cpu7_cur_freq
CST 2026-07-17 17:57:02.462   616   770 W C02943/ThermalHdi: Read node failed, title = cpu7_max_freq
CST 2026-07-17 17:57:02.462   616   770 W C02943/ThermalHdi: Read node failed, title = gpu_min_freq
CST 2026-07-17 17:57:02.462   616   770 W C02943/ThermalHdi: Read node failed, title = gpu_cur_freq
CST 2026-07-17 17:57:02.462   616   770 W C02943/ThermalHdi: Read node failed, title = gpu_max_freq
CST 2026-07-17 17:57:02.462   616   770 W C02943/ThermalHdi: Read node failed, title = ddr_cur_freq
CST 2026-07-17 17:57:02.462   616   770 W C02943/ThermalHdi: Read node failed, title = set_IPApower
CST 2026-07-17 17:57:02.462   616   770 W C02943/ThermalHdi: Read node failed, title = cur_IPApower
CST 2026-07-17 17:57:02.462   616   770 W C02943/ThermalHdi: get node failed
CST 2026-07-17 17:57:02.462   616   770 W C02943/ThermalHdi: get node failed
CST 2026-07-17 17:57:02.462   616   770 W C02943/ThermalHdi: get node failed
CST 2026-07-17 17:57:02.462  3148  3264 W C057c1/IPCWorkThread: ThreadHandler: proto:0 policy:0 name:OS_IPC_3_3264 invoker:4972448
CST 2026-07-17 17:57:02.463   269   538 I C02800/ClientDeathHandler: [|113]Insert Death recipient pid:3148 has existed
CST 2026-07-17 17:57:02.463   269  2723 I C02801/MMIService: [|4838]TransferBinderClientSrv result:0
CST 2026-07-17 17:57:02.463   269  2723 I C02800/Util: [][GetProcessName:662] enter
CST 2026-07-17 17:57:02.463   269  2723 I C02800/Util: [][GetProcessName] leave
CST 2026-07-17 17:57:02.463   269  2723 I C02801/MMIService: [|643]Enter, programName:{cn.alfadb.netbird.r1probe:1}, moduleType:0, pid:3148
CST 2026-07-17 17:57:02.463   269   538 E C02801/UDSServer: [|59]Not found pid:3148
CST 2026-07-17 17:57:02.464   269   538 E C02800/Util: [|406]CHKPS(realpath(filePath.c_str(), realPath)) is null
CST 2026-07-17 17:57:02.464  2255  2255 I C01406/RSNode: RSNode::AddChild, Id: 9685151253275, SurfaceNode:[Id: 13520557047810, name: r1probe0]
CST 2026-07-17 17:57:02.464   269   538 E C02801/BundleNameParser: [|49]Read bundleName failed
CST 2026-07-17 17:57:02.464   269   538 E C02801/BundleNameParser: [|70]Init failed
CST 2026-07-17 17:57:02.464   269   538 I C02801/MMIService: [|314]The userdata:[fd:41, type:1]
CST 2026-07-17 17:57:02.464   269   538 I C02801/UDSServer: [|329]Add 41 in epollEvent map
CST 2026-07-17 17:57:02.464   269   538 I C02801/UDSServer: [|423]The pid:3148, fd:41
CST 2026-07-17 17:57:02.464   269   538 I C02801/UDSServer: [|442]AddSession end
CST 2026-07-17 17:57:02.464   269   538 I C02801/MMIService: [|733]Get fd:41
CST 2026-07-17 17:57:02.464   269  2723 I C02801/MMIService: [|670]Leave, programName:cn.alfadb.netbird.r1probe, moduleType:0, alloc success
CST 2026-07-17 17:57:02.464  3148  3148 I C02800/MMIClient: [|267]Connection to server succeeded, fd:32
CST 2026-07-17 17:57:02.464  3148  3148 I C02800/MMIClient: [|166]Server was listening
CST 2026-07-17 17:57:02.464  3148  3148 I C02800/MMIClient: [|127]reuse current event handler, thread name:
CST 2026-07-17 17:57:02.464  3148  3148 I C02800/MMIClient: [|130]File fd is in listening
CST 2026-07-17 17:57:02.464  3148  3148 I C02800/InputManagerImpl: [][SetWindowInputEventConsumer] leave
CST 2026-07-17 17:57:02.464  3148  3148 I C0420c/WMSEvent: AddInputWindow: SetWindowInputEventConsumer success, wid:30
CST 2026-07-17 17:57:02.464  3148  3148 I C0420c/WMSEvent: LoadGameController: in
CST 2026-07-17 17:57:02.465  2255  2312 I C0420c/WMSEvent: LogWinInfo: eid:14,size:9,idList:3|0|1|100|2255|2255|1;4|0|1|101|2255|2255|1;7|0|0|1|2255|2255|1;10|0|0|2|2255|2255|1;17|0|1|3|2255|2255|1;19|0|2048|2200|2255|2255|1;21|0|0|2202|2255|2255|1;25|0|2048|4102|2255|2255|2;30|0|0|102|3148|3148|1;30|0,0|1,1|-84,-84,1488,3024
CST 2026-07-17 17:57:02.465   269   538 I C02803/InputWindowsManager: [|8263]newMainDisplayInfo:0, oldMainDisplayInfo:0
CST 2026-07-17 17:57:02.465   269   538 I C02803/InputWindowsManager: [|8263]newMainDisplayInfo:0, oldMainDisplayInfo:0
CST 2026-07-17 17:57:02.466   269   538 I C02803/InputWindowsManager: [|2067]19|0|2758|1320|98|1,0|0|1320|98
CST 2026-07-17 17:57:02.473  3148  3148 I C04732/GameController: [(RegisterEntryModule:24)]begin load gamecontroller_event
CST 2026-07-17 17:57:02.473  3148  3148 I C04732/GameController: [(StartInputToTouch:61)]Begin StartInputToTouch
CST 2026-07-17 17:57:02.473  3148  3148 I C0420c/WMSEvent: LoadGameController: dlopen GameController success
CST 2026-07-17 17:57:02.474   796   962 W C011fc/BMSExt: [IsTargetApp:729]bundleName or appIdentifier is empty
CST 2026-07-17 17:57:02.474  3148  3148 I C0420c/WMSEvent: SubscribeEvent: Subscribe touch.events.touchpredict Event
CST 2026-07-17 17:57:02.474  3148  3265 I C04732/GameController: [(GetSelfBundleName:49)]The current bundleName [cn.alfadb.netbird.r1probe]. version [0.0.1]
CST 2026-07-17 17:57:02.474  3148  3265 I C04732/GameController: [(IsCommonApp:94)]The [cn.alfadb.netbird.r1probe] is a common app.
CST 2026-07-17 17:57:02.474  3148  3265 W C04732/GameController: [(ReadJsonFromFile:224)]realpath failed for [/data/service/el1/public/for-all-app/gamecontroller_server/game_support_key_mapping.json]
CST 2026-07-17 17:57:02.475  3148  3265 I C04732/GameController: [(SetSupportKeyMapping:73)]SetSupportKeyMapping. isSupportKeyMapping_ is [0]
CST 2026-07-17 17:57:02.475  3148  3265 I C04732/GameController: [(DoAsyncTask:76)]The app does not support input-to-touch feature.
CST 2026-07-17 17:57:02.475   142   430 I C01800/SAMGR: SubscribeSA:3299,3148_133_2
CST 2026-07-17 17:57:02.475   142   430 I C01800/SAMGR: NotifyAddSA:3299,3148_2
CST 2026-07-17 17:57:02.476   796  1240 I C01202/Subscriber: Subscribe cn.alfadb.netbird.r1probe(userId = 100, subId = 3148_20020062_-1_505_67802, ffrtCost 0 ms, taskCost 0 ms)
CST 2026-07-17 17:57:02.476  3148  3148 I C04217/WMSAttribute: ConnectServer: start connect
CST 2026-07-17 17:57:02.476  3148  3148 I C04217/WMSAttribute: ConnectServer: end connect
CST 2026-07-17 17:57:02.476  3148  3148 W C04217/WMSAttribute: RegisterGetWMSWindowListCallback: callback has registered
CST 2026-07-17 17:57:02.476  3148  3148 I C04217/WMSAttribute: RegisterGetWMSWindowListCallback: winId: 30
CST 2026-07-17 17:57:02.476  3148  3148 I C04217/WMSAttribute: UpdateColorMode: winId: 30, colorMode: light
CST 2026-07-17 17:57:02.476  3148  3148 I C04218/WMSPc: UpdateSidebarBlurStyleWhenColorModeChange: in, persistentId=30
CST 2026-07-17 17:57:02.476  3148  3148 W C04218/WMSPc: UpdateSidebarBlurStyleWhenColorModeChange: RSAnimatableProperty is null
CST 2026-07-17 17:57:02.476  3148  3148 I C04217/WMSAttribute: UpdateColorMode: winId: 30, colorMode: light, hasDarkRes: 0
CST 2026-07-17 17:57:02.476  3148  3148 I C0421c/WMSCompat: SetPcAppInpadSpecificSystemBarInvisible: isPcAppInpadSpecificSystemBarInvisible: 0
CST 2026-07-17 17:57:02.476  3148  3148 I C0421c/WMSCompat: SetPcAppInpadOrientationLandscape: isPcAppInpadOrientationLandscape: 0
CST 2026-07-17 17:57:02.476  3148  3148 I C0420a/WMSLife: Create: Window Create success [name:r1probe0, id:30], state:1, mode:1, enableDefaultDensity:0, displayId:0
CST 2026-07-17 17:57:02.476  2255  2257 I C04217/WMSAttribute: OnUpdateColorMode: winId: 30, colorMode: light, hasDarkRes: 0
CST 2026-07-17 17:57:02.476  2255  2257 I C04217/WMSAttribute: GetAbilityColorMode: winId: 30, colorMode: light, hasDarkRes: 0
CST 2026-07-17 17:57:02.476  3148  3148 E C04200/WMS: singleton_container.cpp GetSingleton: cant get OHOS::Rosen::WindowInfoReporter
CST 2026-07-17 17:57:02.476  2255  2257 I C01406/OHOS::RS: RSTransactionHandler::Begin syncId:0, transactionHandler:4237778837, remoteTransactionDataStack.size:0
CST 2026-07-17 17:57:02.476  2255  2257 I C01406/OHOS::RS: RSTransactionHandler::Commit transactionHandler:4237778837
CST 2026-07-17 17:57:02.477  3148  3148 I C01332/UIAbility: [JUA2036]JsUIAbility call js, name: onWindowStageCreate
CST 2026-07-17 17:57:02.477  3148  3148 I A02900/R1Api24Probe: EntryAbility windowStage onWindowStageCreate
CST 2026-07-17 17:57:02.478  3148  3148 I C04200/JsWindowStage: LoadContent: [NAPI]
CST 2026-07-17 17:57:02.478  3148  3148 I C01332/UIAbility: [JUA2081]end, name: onWindowStageCreate, time: 0
CST 2026-07-17 17:57:02.478  3148  3148 I C0420a/WMSLife: NotifyWindowStageCreateFinished: id: 30
CST 2026-07-17 17:57:02.478  3148  3148 I C01332/UIAbility: [JUA2036]JsUIAbility call js, name: onWillForeground
CST 2026-07-17 17:57:02.478  3148  3148 I C01332/UIAbility: [JUA2081]end, name: onWillForeground, time: 0
CST 2026-07-17 17:57:02.478  3148  3148 I C04202/WMSMain: GoForeground: reason: 4
CST 2026-07-17 17:57:02.478  3148  3148 I C0420a/WMSLife: Show: Window show [name: r1probe0, id: 30, type: 1], reason: 4, state:1, requestState:1
CST 2026-07-17 17:57:02.478  3148  3148 I C04208/WMSLayout: GetSystemSizeLimits: px[6720,6720,1120,840], vp[1920,1920,320,240], configMax:1920, vpr:3.500000, winType:1
CST 2026-07-17 17:57:02.478  3148  3148 I C04208/WMSLayout: UpdateNewSize: fullscreen or compatible mode could not update new size, Id: 30
CST 2026-07-17 17:57:02.481  2065  2099 I C02a04/UsbService: UsbAccessoryManager::InitUsbAccessoryInterface start
CST 2026-07-17 17:57:02.482  3267  3267 W C02c02/PARAM: Selinux check name persist.init.debug.loglevel in u:object_r:startup_init_param:s0 [3267 2000 2000] failed
CST 2026-07-17 17:57:02.482  3267  3267 W C02c02/PARAM: Selinux check name persist.init.debug.loglevel in u:object_r:startup_init_param:s0 [3267 2000 2000] failed
CST 2026-07-17 17:57:02.482  3267  3267 W C02c02/PARAM: SystemReadParam failed!name is:persist.init.debug.loglevel,err:1002
CST 2026-07-17 17:57:02.485   717   762 I C02986/DisplayPowerBrightness: lux=[0/67056, 0/67204, 0/67368, 0/67514, 0/67659, 0/67811, ], bDelta=5.000000, dDelta=1.000000, size=45
CST 2026-07-17 17:57:02.486   170   603 E C02510/devsvc_manager_stub: StubGetService service usb_device_interface_service not found
CST 2026-07-17 17:57:02.486  2065  2099 E C02510/hdi_servmgr_client: get hdi service usb_device_interface_service failed, -1
CST 2026-07-17 17:57:02.486  2065  2099 E C02510/usb_device_interface_proxy: Get:get remote object failed!
CST 2026-07-17 17:57:02.486  2065  2099 E C02a04/UsbService: UsbAccessoryManager:: Get inteface failed
CST 2026-07-17 17:57:02.486  2065  2099 E C02a04/UsbService: usbAccessoryManager_ is nullptr or InitUsbAccessoryInterface failed
CST 2026-07-17 17:57:02.486  2255  2310 I C0420a/WMSLife: OnSessionEvent event: 201
CST 2026-07-17 17:57:02.486  2255  2310 I C04200/WMS: OnSessionEvent: 201
CST 2026-07-17 17:57:02.486  2255  2310 I C04208/WMSLayout: HandleActionUpdateWindowLimits: id:30, px:[6720 6720 1120 840 0.000000 0.000000 3.500000 0], vp:[1920 1920 320 240 0.000000 0.000000 3.500000 1], userLimitsUnit:1
CST 2026-07-17 17:57:02.491  3271  3271 W C02c02/PARAM: Selinux check name persist.init.debug.loglevel in u:object_r:startup_init_param:s0 [3271 2000 2000] failed
CST 2026-07-17 17:57:02.491  3271  3271 W C02c02/PARAM: Selinux check name persist.init.debug.loglevel in u:object_r:startup_init_param:s0 [3271 2000 2000] failed
CST 2026-07-17 17:57:02.491  3271  3271 W C02c02/PARAM: SystemReadParam failed!name is:persist.init.debug.loglevel,err:1002
CST 2026-07-17 17:57:02.492  1895  2008 I C0430a/file_monitor_service: [MainMissionStatus:197]CanExit
CST 2026-07-17 17:57:02.493  1895  2008 I C0430a/file_monitor_service: [MainMissionStatus:203]SecondaryScanner idle
CST 2026-07-17 17:57:02.495  3148  3148 I C04217/WMSAttribute: IsSystemDensityChanged: windowId: 30, lastDensity: -1.000000, currDensity: 3.500000
CST 2026-07-17 17:57:02.495  3269  3269 W C02c02/PARAM: Selinux check name persist.init.debug.loglevel in u:object_r:startup_init_param:s0 [3269 2000 2000] failed
CST 2026-07-17 17:57:02.495  3269  3269 W C02c02/PARAM: Selinux check name persist.init.debug.loglevel in u:object_r:startup_init_param:s0 [3269 2000 2000] failed
CST 2026-07-17 17:57:02.495  3269  3269 W C02c02/PARAM: SystemReadParam failed!name is:persist.init.debug.loglevel,err:1002
CST 2026-07-17 17:57:02.496  3148  3148 W C04200/WindowSessionImpl: UpdateViewportConfig: uiContent is null!
CST 2026-07-17 17:57:02.497  3148  3148 I C01332/UIAbility: [ui_ability_impl.cpp439]wnd call, AfterForeground
CST 2026-07-17 17:57:02.497  3148  3148 W C0420a/WMSLife: GetAttachStateSyncResult: lifecycleCallback is null
CST 2026-07-17 17:57:02.497  2255  2310 I C0420a/WMSLife: Foreground: [id: 30] state:1, isTerminating:0
CST 2026-07-17 17:57:02.497  2255  2310 I C0420a/WMSLife: OnSessionStateChange: id: 30, state: 2
CST 2026-07-17 17:57:02.497  3148  3148 I C01406/OHOS::RS: RSFrameRateLinker::Create id: 13520557047809
CST 2026-07-17 17:57:02.497  2255  2310 I C04207/WMSFocus: NotifyFocusStatus: name: cn.alfadb.netbird.r1probe/EntryAbility/r1probe0, id: 30, isFocused: 1
CST 2026-07-17 17:57:02.497   221  2314 I C01d00/accessibility: [(WindowUpdateAll:1027)]WindowUpdateAll start activeWindowId_: -1
CST 2026-07-17 17:57:02.497   221  2314 I C01d00/accessibility: [(SetActiveWindow:398)]windowId is 30, activeWindowId_: -1
CST 2026-07-17 17:57:02.497   796  1598 I C01311/AppMS: [AMSI8418]uid:20020062, pid:3148
CST 2026-07-17 17:57:02.498   313   564 E C01731/SUSPEND_MSG: [a92ab8fc6e79917] [(ThawOneApplication):37] suspend manager is not ready.
CST 2026-07-17 17:57:02.498  2255  2305 I C04207/WMSFocus: NotifyRssThawApp, uid: 20020062
CST 2026-07-17 17:57:02.499   906  3099 I C02b91/AVSession: [HandleAppStateChanged]uid=20020062|pid=3148|state=2
CST 2026-07-17 17:57:02.499   229   570 I C02b83/AudioServiceAppStateListener: [OnAppStateChanged]app state changed, bundleName=cn.alfadb.netbird.r1probe uid=20020062 pid=3148 state=2
CST 2026-07-17 17:57:02.499   229   570 W C02b8b/DfxMsgManager: [UpdateAppState]discard unstarted audio stream app state
CST 2026-07-17 17:57:02.499   796  2168 W C01123/BMSCommon: uid(2000) invalid
CST 2026-07-17 17:57:02.500   313   407 E C01704/TagSched: [a92ab9fc6e79b94] [OpenQosCtrl]Failed to open qos_ctrl device
CST 2026-07-17 17:57:02.500   313   407 E C01704/TagSched: [a92ab9fc6e79b94] [IsQosHandleOpen]get qosSetHandle_ fail
CST 2026-07-17 17:57:02.500   313   407 E C01704/TagSched: [a92ab9fc6e79b94] [SetQosInternal]qosSetHandle open fail
CST 2026-07-17 17:57:02.500   313   407 E C01704/TagSched: [a92ab9fc6e79b94] [OpenQosCtrl]Failed to open qos_ctrl device
CST 2026-07-17 17:57:02.500   313   407 E C01704/TagSched: [a92ab9fc6e79b94] [IsQosHandleOpen]get qosSetHandle_ fail
CST 2026-07-17 17:57:02.500   313   407 E C01704/TagSched: [a92ab9fc6e79b94] [SetQosInternal]qosSetHandle open fail
CST 2026-07-17 17:57:02.500   313   407 I C01706/ueaServer-IntelliSenseServer: [a92ab9fc6e79b94] [ReportWindowFocus]:3148 get focus in screen 0
CST 2026-07-17 17:57:02.500   313   407 E C01704/TagSched: [a92ab9fc6e79b94] [OpenQosCtrl]Failed to open qos_ctrl device
CST 2026-07-17 17:57:02.500   313   407 E C01704/TagSched: [a92ab9fc6e79b94] [IsQosHandleOpen]get qosSetHandle_ fail
CST 2026-07-17 17:57:02.500   313   407 E C01704/TagSched: [a92ab9fc6e79b94] [SetUclamp]qosSetHandle open fail
CST 2026-07-17 17:57:02.500   313   407 E C01704/TagSched: [a92ab9fc6e79b94] [OpenQosCtrl]Failed to open qos_ctrl device
CST 2026-07-17 17:57:02.500   313   407 E C01704/TagSched: [a92ab9fc6e79b94] [IsQosHandleOpen]get qosSetHandle_ fail
CST 2026-07-17 17:57:02.500   313   407 E C01704/TagSched: [a92ab9fc6e79b94] [SetUclamp]qosSetHandle open fail
CST 2026-07-17 17:57:02.500   313   407 E C01704/TagSched: [a92ab9fc6e79b94] [OpenQosCtrl]Failed to open qos_ctrl device
CST 2026-07-17 17:57:02.500   313   407 E C01704/TagSched: [a92ab9fc6e79b94] [IsQosHandleOpen]get qosSetHandle_ fail
CST 2026-07-17 17:57:02.500   313   407 E C01704/TagSched: [a92ab9fc6e79b94] [SetUclamp]qosSetHandle open fail
CST 2026-07-17 17:57:02.501  2533  2664 I C05a05/AppStateObserver: [AddProcessToForegroundSet]pid 3148 is already in foreground
CST 2026-07-17 17:57:02.501   313  2200 I C01706/ueaServer-FrameMsgIntf: [a92abcfc6e7a58e] ReportProcessInfo pid is 3148, uid is 20020062
CST 2026-07-17 17:57:02.501   269  2723 I C02801/AppStateObserver: [|39]Process state change app name:cn.alfadb.netbird.r1probe, uid:20020062, state:2
CST 2026-07-17 17:57:02.501   313   407 I C01731/SUSPEND_MSG: [a92abdfc6e7a5fb] 20020062_cn.alfadb.netbird.r1probe_3148, state:2
CST 2026-07-17 17:57:02.501   313   407 E C01724/TASK_DETECTION: [a92abdfc6e7a5fb] [OnAppStateChanged:632]Task detection feature is not ready
CST 2026-07-17 17:57:02.501   313   407 I C01706/ueaServer-IntelliSenseServer: [a92abcfc6e7a58e] Get app info:3148 20020062 cn.alfadb.netbird.r1probe 2
CST 2026-07-17 17:57:02.501   168   938 I C02d10/ProcessStatus: UpdateProcessForegroundState: pid=3148 state=FOREGROUND
CST 2026-07-17 17:57:02.502   269  2723 I C02801/AppStateObserver: [|90]The foregroundAppData_.size():3
CST 2026-07-17 17:57:02.502   313   562 I C01705/IOLIMIT: [a92abcfc6e7a58e] [(HandleAppStateChange):263] Add foreground list app uid: 20020062, pid: 3148.
CST 2026-07-17 17:57:02.503   313  3034 I C01710/BUNDLE_ACTIVE: [bundle_active_app_state_obsever.cpp(OnAbilityStateChanged):61]OnAblityStateChanged userid is 100, bundle name is cn.alfadb.netbird.r1probe, uid is 20020062, event is 2, timestamp is 67829
CST 2026-07-17 17:57:02.503   313   394 I C01710/BUNDLE_ACTIVE: [bundle_active_bundle_mgr_helper.cpp(GetApplicationInfo):65]bundleMgr is null: 0 
CST 2026-07-17 17:57:02.503   313   407 E C01717/APP_TYPE_MGR: [a92abdfc6e7a5fb] App type manager service is not ready, RequestApplicationType failed
CST 2026-07-17 17:57:02.504  3270  3270 W C02c02/PARAM: Selinux check name persist.init.debug.loglevel in u:object_r:startup_init_param:s0 [3270 2000 2000] failed
CST 2026-07-17 17:57:02.504  3270  3270 W C02c02/PARAM: Selinux check name persist.init.debug.loglevel in u:object_r:startup_init_param:s0 [3270 2000 2000] failed
CST 2026-07-17 17:57:02.504  3270  3270 W C02c02/PARAM: SystemReadParam failed!name is:persist.init.debug.loglevel,err:1002
CST 2026-07-17 17:57:02.504  1010  1066 E C01560/WifiEnhanceCmdClient: SendCommandToDriverByInterfaceName ioctl failed, error is: 95.
CST 2026-07-17 17:57:02.504  1010  2202 I C01560/WifiFrameWork: OnForegroundApplicationChanged bundleName: cn.alfadb.netbird.r1probe, uid: 20020062, state: 2, isFocused: 1
CST 2026-07-17 17:57:02.504  1010  1066 E C01560/WifiEnhanceRxListen: CheckRxListenSwitch enable rx_listen fail
CST 2026-07-17 17:57:02.504  1010  1066 E C01560/MultiLinkUtils: IsDeviceSupportMultiLink chipname is empty or doesn't exist, return unknown
CST 2026-07-17 17:57:02.504  1010  1066 E C01560/MultiLinkUtils: Chip type not suppoort MultiLink
CST 2026-07-17 17:57:02.504  1010  1066 I C01560/EnhanceEventSubscriberManager: OnForeGroundAppChanged cn.alfadb.netbird.r1probe uid:20020062
CST 2026-07-17 17:57:02.504  1010  1385 I C01560/StaStateMachine: SeparatedState-msgCode=12324 received. m_instId=0
CST 2026-07-17 17:57:02.504  1010  1385 I C01560/StaStateMachine: InitState-msgCode=12324 is received. m_instId = 0
CST 2026-07-17 17:57:02.504  1010  1385 I C01560/StaStateMachine: ClosedState-msgCode=12324 is received. m_instId = 0
CST 2026-07-17 17:57:02.504  1010  1075 I C01560/WifiEnhanceFsArbitration: CheckFastSleepSwitch: enter, arbitrationCond_: 168, fastSleepLevel_: 0, isScreenOn_: 1, isConnectState_: 0, isP2pConnected_: 0, isRssFastSleepOn_: 0, isLowLatencyApp_: 0, isWhiteListApp_: 0, isBlackListApp_: 0, aiWhiteListAppCategory_: 0, isRttGood_: 1
CST 2026-07-17 17:57:02.505  1010  1239 I C01560/WifiFrameWork: OnForegroundApplicationChanged bundleName: cn.alfadb.netbird.r1probe, uid: 20020062, state: 2, isFocused: 1
CST 2026-07-17 17:57:02.505  1010  1075 I C01560/StaStateMachine: SeparatedState-msgCode=12324 received. m_instId=0
CST 2026-07-17 17:57:02.505  1010  1075 I C01560/StaStateMachine: InitState-msgCode=12324 is received. m_instId = 0
CST 2026-07-17 17:57:02.505  1010  1075 I C01560/StaStateMachine: ClosedState-msgCode=12324 is received. m_instId = 0
CST 2026-07-17 17:57:02.505   348   439 I C01f0b/TelephonyExtPower: IsUidHotSwitch: false
CST 2026-07-17 17:57:02.505   348   439 I C01f0b/TelephonyExtPower: Hot Switch List Add uid: 20020062
CST 2026-07-17 17:57:02.505  2255  2310 I C04207/WMSFocus: NotifySessionFocused: Id:30
CST 2026-07-17 17:57:02.505   348   439 I C01f0b/Common: MsdpMovementManage ProcessEvent eventId=6
CST 2026-07-17 17:57:02.506  2255  2310 I C0420a/WMSLife: SetActive: new active:1, id:30, state:2
CST 2026-07-17 17:57:02.506  2255  2310 I C0420a/WMSLife: OnSessionStateChange: id: 30, state: 3
CST 2026-07-17 17:57:02.506  2255  2310 I C01406/OHOS::RS: RSTransactionHandler::Begin syncId:0, transactionHandler:1053161421, remoteTransactionDataStack.size:0
CST 2026-07-17 17:57:02.506  2255  2310 I C01406/OHOS::RS: RSSurfaceNode::SetSecurityLayer, surfaceNodeId:[9685151253275] isSecurityLayer:false
CST 2026-07-17 17:57:02.506  2255  2310 I C01406/OHOS::RS: RSTransactionHandler::Commit transactionHandler:1053161421
CST 2026-07-17 17:57:02.506  2255  2310 I C0421e/WMSAnimation: DisableUIFirstIfNeed: UIFirst is disabled, id: 30.
CST 2026-07-17 17:57:02.506  2255  2277 I C03900/HDS: [hds_drawable_descriptor.cpp-ProcessIcon:101]set pixelmap editable : 0 .
CST 2026-07-17 17:57:02.508   347   347 I C015b5/NetMgrEnhanced: uid:20020062, pid:3148, state:2, isFocused:1, cn.alfadb.netbird.r1probe
CST 2026-07-17 17:57:02.508   348   439 I C01f0b/ConnCure: IsUserDataEnabled: 1
CST 2026-07-17 17:57:02.508   347   435 I C015b5/NetMgrEnhanced: NotifyAbilityStateChanged:uid=2******2, pid=3148, state=2, abilityName=EntryAbility
CST 2026-07-17 17:57:02.508   347   435 I C015b5/NetMgrEnhanced: uid=2******2, pid=3148, state=2, bundleName=cn.alfadb.netbird.r1probe, isFocused =1.
CST 2026-07-17 17:57:02.508  2255  2277 E C02b61/PixelMap: set ashmem name failed
CST 2026-07-17 17:57:02.509  2255  2277 W A01b00/SCB: GraphicUtils --> combinePic from HdsIcon, bundleName: com.huawei.hms.adsservice, iconSizeOfGrid: 64, hasBorder: true
CST 2026-07-17 17:57:02.509  2255  2277 I A01b00/SCB: IconResourceFwk --> getBundleIcon end param: com.huawei.hms.adsservice, 64, true true
CST 2026-07-17 17:57:02.510   347   435 W C01650/RdbStoreManager: IsConfigInvalidChanged:no bundleName
CST 2026-07-17 17:57:02.510   347   435 E C01650/SilentProxy: IsSupportSilentFromService:GetRdbService failed, err is 27394049.
CST 2026-07-17 17:57:02.512  3273  3273 W C02c02/PARAM: Selinux check name persist.init.debug.loglevel in u:object_r:startup_init_param:s0 [3273 2000 2000] failed
CST 2026-07-17 17:57:02.512  3273  3273 W C02c02/PARAM: Selinux check name persist.init.debug.loglevel in u:object_r:startup_init_param:s0 [3273 2000 2000] failed
CST 2026-07-17 17:57:02.512  3273  3273 W C02c02/PARAM: SystemReadParam failed!name is:persist.init.debug.loglevel,err:1002
CST 2026-07-17 17:57:02.514   347   435 I C01650/ConnectionPool: Create:code:0 app[:] area[el1] cfg[0,0,0,0,5,0,0]net***.db:<DB,0xc81c3,12288,100660><DWR,0xc81c4,12288,100660><SHM,0xc81c7,32768,100660><WAL,0xc81c5,0,100660>, pathSize:60
CST 2026-07-17 17:57:02.515   347   435 W C015b5/NetMgrEnhanced: Qoe is not supported.
CST 2026-07-17 17:57:02.515   347   435 I C015b5/NetMgrEnhanced: qoeInterface is null
CST 2026-07-17 17:57:02.516  3274  3274 W C02c02/PARAM: Selinux check name persist.init.debug.loglevel in u:object_r:startup_init_param:s0 [3274 2000 2000] failed
CST 2026-07-17 17:57:02.516  3274  3274 W C02c02/PARAM: Selinux check name persist.init.debug.loglevel in u:object_r:startup_init_param:s0 [3274 2000 2000] failed
CST 2026-07-17 17:57:02.516  3274  3274 W C02c02/PARAM: SystemReadParam failed!name is:persist.init.debug.loglevel,err:1002
CST 2026-07-17 17:57:02.516  2255  2286 I C02b61/ImageCode: DoEncode:(224, 224) cost 6651 us
CST 2026-07-17 17:57:02.518   221  2314 I C01d00/accessibility: [(SetActiveWindow:398)]windowId is 30, activeWindowId_: 30
CST 2026-07-17 17:57:02.518   966  1318 I C04621/CFWKService: [window_state_manager_lite.cpp:197]NotifyFocusChanged# focus on 3148, 20020062, 30
CST 2026-07-17 17:57:02.518  3148  3264 I C04207/WMSFocus: UpdateFocusState: focus: 1, id: 30
CST 2026-07-17 17:57:02.518  2255  2287 I C01631/GaussPD:  [0] [ADAPTER] [139900914473728] Not support binlog_default.writeLock file enable del monitor sysno = 25
CST 2026-07-17 17:57:02.518  2255  2287 I C01631/GaussPD:  [0] [ADAPTER] [139900914473728] Not support binlog_default.writeLock file enable del monitor sysno = 25
CST 2026-07-17 17:57:02.518  2255  2287 I C01631/GaussPD:  [0] [ADAPTER] [139900914473728] Not support binlog_default.writeLock file enable del monitor sysno = 25
CST 2026-07-17 17:57:02.518  2255  2287 I C01631/GaussPD:  [0] [ADAPTER] [139900914473728] Not support binlog_default.writeLock file enable del monitor sysno = 25
CST 2026-07-17 17:57:02.518  2255  2287 I C01631/GaussPD:  [0] [ADAPTER] [139900914473728] Not support binlog_default.writeIndex file enable del monitor sysno = 25
CST 2026-07-17 17:57:02.519  2255  2287 I C01631/GaussPD:  [0] [ADAPTER] [139900914473728] Not support binlog_default.writeIndex file enable del monitor sysno = 25
CST 2026-07-17 17:57:02.519  2255  2255 I A04200/WINDOW: SCBSceneSession: onSessionWindowLimitsChange
CST 2026-07-17 17:57:02.519  2255  2255 I A0420a/WMSLife: onSessionStateChange state:2
CST 2026-07-17 17:57:02.520  2255  2255 I A04200/WINDOW: SCBScreenSM: regScreenPropChange: at onSessionStateChange (SCBSceneSession.ts:3356:55)
CST 2026-07-17 17:57:02.520  2255  2255 I A04200/WINDOW: SCBScreenSM: recordEventFromScb
CST 2026-07-17 17:57:02.520  2255  2255 I A04200/WINDOW: SCBScreenSM: regScreenPropChange screenId: 0 true null false false25
CST 2026-07-17 17:57:02.520  2255  2255 I A04209/WMSImms: win:30 foreground
CST 2026-07-17 17:57:02.521  2255  2277 I A01a01/NC: NotificationConfigManager: update icon result: com.huawei.hms.adsservice, 38242
CST 2026-07-17 17:57:02.521  2255  2277 I A01b00/SCB: IconResourceFwk --> getBundleIcon start param: com.huawei.hmos.files, 64, true true
CST 2026-07-17 17:57:02.521  2255  2277 W A01b00/SCB: IconResourceUtils --> getIconResource from bms getBundleResourceInfo for com.huawei.hmos.files 0
CST 2026-07-17 17:57:02.521  2255  2255 I A01b00/SCB: SCBSSM: updateNavigationBarProperty navigationBarEnable: true
CST 2026-07-17 17:57:02.521  2255  2255 I A01b00/SCB: SCBSSM: updateNavigationBarProperty 0
CST 2026-07-17 17:57:02.521  3148  3248 I C04207/WMSFocus: NotifyHighlightChange: windowId: 30, isHighlight: 1,
CST 2026-07-17 17:57:02.521  2255  2255 I A01b0a/GESTURE: FloatingNavigationManager --> checkShowFloatingNavigation switch is closed
CST 2026-07-17 17:57:02.522  3148  3248 E C0420a/WMSLife: NotifyUIExtHostRectChangeInGlobalDisplayListeners: uiContent is null
CST 2026-07-17 17:57:02.522  3148  3248 W C04208/WMSLayout: NotifySingleHandTransformChange: id:30, uiContent is nullptr
CST 2026-07-17 17:57:02.522   796   962 I C01120/BMS: icon rdb get resource icon start -n com.huawei.hmos.files -i 0 -f 16
CST 2026-07-17 17:57:02.522   796   962 E C01650/StepResultSet: GoToRow:position[0] rowCount[0] rowPos_[-1]!
CST 2026-07-17 17:57:02.522  2255  2255 I A01b0a/GESTURE: GestureDockPreferenceUtil --> onSceneStateChange,isForegroud:true,bundleName:cn.alfadb.netbird.r1probe,appIndex:0 sceneInfo.abilityName:EntryAbility
CST 2026-07-17 17:57:02.522  2255  2255 I A01b0a/GESTURE: GestureDockPreferenceUtil --> addGestureDockRecentPreference
CST 2026-07-17 17:57:02.522  2255  2255 I A01b01/HOME: AppModel: currentBundleInfoList length: 7
CST 2026-07-17 17:57:02.523  2255  2255 I A01b0a/GESTURE: GestureDockPreferenceUtil --> addGestureDockRecentPreference, bundleName:cn.alfadb.netbird.r1probe appIndex:0 abilityName:EntryAbility.
CST 2026-07-17 17:57:02.523  3148  3277 W C057c1/IPCWorkThread: ThreadHandler: proto:0 policy:0 name:OS_IPC_4_3277 invoker:4975312
CST 2026-07-17 17:57:02.523  2255  2255 I A01b09/RECENT: RecentGestureEventManager: onSceneStateChange,isForegroud:true,bundleName:cn.alfadb.netbird.r1probe abilityName:EntryAbility
CST 2026-07-17 17:57:02.523   221  2314 I C01d00/accessibility: [(WindowUpdateAll:1079)]WindowUpdateAll end activeWindowId_: 30
CST 2026-07-17 17:57:02.523   221  2347 I C01d00/accessibility: [(WindowUpdateAll:1027)]WindowUpdateAll start activeWindowId_: 30
CST 2026-07-17 17:57:02.523  2255  2255 I A01b0a/GESTURE: AIBarView --> bundleName:cn.alfadb.netbird.r1probe isEnterDeliver:false
CST 2026-07-17 17:57:02.523   221  2347 I C01d00/accessibility: [(SetActiveWindow:398)]windowId is 30, activeWindowId_: -1
CST 2026-07-17 17:57:02.523   221  2347 I C01d00/accessibility: [(WindowUpdateAll:1079)]WindowUpdateAll end activeWindowId_: 30
CST 2026-07-17 17:57:02.524   221  2347 I C01d00/accessibility: [(WindowUpdateAll:1027)]WindowUpdateAll start activeWindowId_: 30
CST 2026-07-17 17:57:02.524  2255  2255 I A0001b/AA: RecentlyUseController --> buildRecentlyUseInfo {"bundleName":"cn.alfadb.netbird.r1probe","moduleName":"entry","abilityName":"EntryAbility","pid":3148,"uid":20020062,"state":2,"abilityType":1,"isAtomicService":false,"callerBundleName":""}
CST 2026-07-17 17:57:02.524   221  2347 I C01d00/accessibility: [(SetActiveWindow:398)]windowId is 30, activeWindowId_: -1
CST 2026-07-17 17:57:02.524   221  2347 I C01d00/accessibility: [(WindowUpdateAll:1079)]WindowUpdateAll end activeWindowId_: 30
CST 2026-07-17 17:57:02.524   221  2347 I C01d00/accessibility: [(WindowUpdateAll:1027)]WindowUpdateAll start activeWindowId_: 30
CST 2026-07-17 17:57:02.524  2255  2255 I A0001b/AA: RecentlyUseController --> buildRecentlyUseInfo abilityStateData is exit
CST 2026-07-17 17:57:02.524   221  2347 I C01d00/accessibility: [(SetActiveWindow:398)]windowId is 30, activeWindowId_: -1
CST 2026-07-17 17:57:02.524  2255  2255 I A01a00/SYS_UI: PhoneAppManager: ability[cn.alfadb.netbird.r1probe|undefined|EntryAbility] state change to 2
CST 2026-07-17 17:57:02.524   221  2347 I C01d00/accessibility: [(WindowUpdateAll:1079)]WindowUpdateAll end activeWindowId_: 30
CST 2026-07-17 17:57:02.524  2255  2255 I A0420a/WMSLife: onSessionStateChange state:3
CST 2026-07-17 17:57:02.525  2255  2255 I A01b0a/GESTURE: GestureDockPreferenceUtil --> Index is 0
CST 2026-07-17 17:57:02.525  2255  2255 I A01b0a/GESTURE: GestureDockPreferenceUtil --> app is already first in recent dock
CST 2026-07-17 17:57:02.526  2255  2255 I A01b0a/GESTURE: AIBarView --> checkShowAiBar. isShowingAiBar:true
CST 2026-07-17 17:57:02.527  2255  2255 I A01b0a/GESTURE: aiBarViewData --> powerMode:600 thermalLevel:1 isEnterDeliver:false
CST 2026-07-17 17:57:02.528  2255  2277 I C02b61/ImageSource: CreatePixelMap success, id:1784282222524375,dSize:(0,0),srcSize: (288,288),dHdr:1,sHdr:1,memType: 2,cost 3479 us
CST 2026-07-17 17:57:02.528  2255  2277 E C02b61/PixelMap: set ashmem name failed
CST 2026-07-17 17:57:02.528  3148  3277 I C04200/WindowSessionImpl: NotifyTransformChange: in
CST 2026-07-17 17:57:02.529  2255  2310 E C04215/WMSHierarchy: SceneZOrderCheckProcess: ZOrderCheck start
CST 2026-07-17 17:57:02.529   221  2355 I C01d00/accessibility: [(WindowUpdateAll:1027)]WindowUpdateAll start activeWindowId_: 30
CST 2026-07-17 17:57:02.529   221  2355 I C01d00/accessibility: [(SetActiveWindow:398)]windowId is 30, activeWindowId_: -1
CST 2026-07-17 17:57:02.529   221  2355 I C01d00/accessibility: [(WindowUpdateAll:1079)]WindowUpdateAll end activeWindowId_: 30
CST 2026-07-17 17:57:02.531  2255  2277 I C02b61/ImageSource: CreatePixelMap success, id:1784282222528674,dSize:(0,0),srcSize: (288,288),dHdr:1,sHdr:1,memType: 2,cost 2546 us
CST 2026-07-17 17:57:02.531  2255  2277 E C02b61/PixelMap: set ashmem name failed
CST 2026-07-17 17:57:02.534  2255  2277 I C02b61/ImageSource: CreatePixelMap success, id:1784282222532572,dSize:(0,0),srcSize: (192,192),dHdr:1,sHdr:1,memType: 2,cost 1214 us
CST 2026-07-17 17:57:02.534  2255  2277 E C02b61/PixelMap: set ashmem name failed
CST 2026-07-17 17:57:02.535   648  1084 W C02515/DISP: [SetLayerMaskInfo:495] <private> is not supported
CST 2026-07-17 17:57:02.535   795   795 I C01406/OHOS::RS: RSSurfaceRenderNode:SetIsOnTheTree, node:[name: r1probe0, id: 13520557047810], on tree: 1, nodeType: 1, uniqueId: 3414499000349, screenNodeId: 3414499000320
CST 2026-07-17 17:57:02.536  2255  2255 I C03930/AceAnimation: [(100000:100000:scope)] animateTo finish, cnt:23
CST 2026-07-17 17:57:02.536   795   795 E C01406/RSScreenManager: IsAllScreensPowerOff: screenPowerStatus_ is empty.
CST 2026-07-17 17:57:02.536  2255  2255 I A01b01/HOME: SCBSCS: setMotionBlurRadius: 0, caller: sceneContainerZoomIn end
CST 2026-07-17 17:57:02.536  2255  2255 I A01b00/SCB: LuoShuStateManager --> getLuoShuStateInfo: SCBScreenSM {"luoShuState":0,"scenePanelState":1,"eventType":-1,"screenInfo":{"isLandscape":false,"foldState":1},"screenId":0,"holdingHandStatus":1}
CST 2026-07-17 17:57:02.536  3148  3148 I C01706/rtg_interface: rtg fOpen fail, errno = 2(No such file or directory)
CST 2026-07-17 17:57:02.536  3148  3148 I C01706/RsFrameReportExt: RsFrameReportExt:[LoadLibrary] load library success!
CST 2026-07-17 17:57:02.536  3148  3148 I C01706/RsFrameReportExt: RsFrameReportExt:[Init] dlopen libframe_ui_intf.so success!
CST 2026-07-17 17:57:02.536  3148  3148 E C01706/ueaClient-RmeCoreSched: [Init]: do not enabled!ret: -1
CST 2026-07-17 17:57:02.536  3148  3148 I C01706/ueaClient-FrameMsgMgr: [Init]:inited success!
CST 2026-07-17 17:57:02.536  3148  3148 I C01706/ueaClient-FrameUiIntf: [Init]:ret:1, inited:1
CST 2026-07-17 17:57:02.536   795   846 I C01400/Vsync: RequestNextVSync: First vsync is requested, name: MainDisplaySoloist
CST 2026-07-17 17:57:02.536   795   846 I C01400/Vsync: RequestNextVSync: First vsync RequestNextVSync conn:MainDisplaySoloist, rate:0, highPriorityRate:1
CST 2026-07-17 17:57:02.537  3148  3148 I C04217/WMSAttribute: InitWaterfallMode: winId: 30
CST 2026-07-17 17:57:02.537  3148  3148 I C04217/WMSAttribute: NotifyWaterfallModeChange: winId: 30, waterfall: 0, stat: 2
CST 2026-07-17 17:57:02.537  3148  3148 I C0420a/WMSLife: NotifyAfterDidForeground: reason: 4
CST 2026-07-17 17:57:02.537  3148  3148 I C04202/WMSMain: NotifyFreeMultiWindowModeResume: IsPcMode 0, isColdStart 1
CST 2026-07-17 17:57:02.537  3148  3148 I C0420a/WMSLife: Show: Window show success [name:r1probe0, id:30, type:1]
CST 2026-07-17 17:57:02.537  3148  3148 I C04208/WMSLayout: NotifyWindowStatusChange: id:30, windowMode:1, windowStatus:1, lastWindowStatus:1, skipRedundantWindowStatusNotifications:0
CST 2026-07-17 17:57:02.537   795   795 I C01406/RSUniRenderVisitor: OcclusionInfo [SCBGestureBack22, 9685151252689, 0], [SCBStatusBar18, 9685151252677, 0], [SCBGestureNavBar16, 9685151252672, 0], [r1probe0, 13520557047810, 0], [BackgroundBlurView2, 9685151252487, 0], [SCBFormCenter14, 9685151252662, 0], [SCBDesktop7, 9685151252507, 0], [SCBWallpaper5, 9685151252490, 0], 
CST 2026-07-17 17:57:02.537  3148  3148 W C04201/DMS: OnDisplayInfoChange: data is not changed.
CST 2026-07-17 17:57:02.537   648  1084 I C02515/DISP: [CommitComposeLayer:67] CommitComposeLayer! 10
CST 2026-07-17 17:57:02.537  3148  3148 I C01332/UIAbility: [JUA2036]JsUIAbility call js, name: onForeground
CST 2026-07-17 17:57:02.537  3148  3148 I A02900/R1Api24Probe: EntryAbility foreground onForeground
CST 2026-07-17 17:57:02.537  3148  3148 I C01332/UIAbility: [JUA2081]end, name: onForeground, time: 0
CST 2026-07-17 17:57:02.538  3148  3148 I C01301/Ability: [page_config_manager.cpp49]configJson is empty
CST 2026-07-17 17:57:02.538   796   962 I C01336/AMS: [ABMS7852]Lifecycle: ability:/cn.alfadb.netbird.r1probe/entry/EntryAbility
CST 2026-07-17 17:57:02.538   796   962 W C01336/AMS: [UALM156]3148 not found
CST 2026-07-17 17:57:02.538   796   962 W C01336/AMS: [ability_start_with_wait_observer_manager.cpp139]invaid observerId
CST 2026-07-17 17:57:02.538  2255  2718 I C04200/WMS: NotifySessionMovedToFront: id: 30, system: 0
CST 2026-07-17 17:57:02.538  2255  2718 I C04200/SessionListenerController: NotifySessionMovedToFront: Id:30
CST 2026-07-17 17:57:02.538  3148  3148 I C02d06/XCollie: Application is in starting period.
CST 2026-07-17 17:57:02.538  3148  3148 I C0420a/WMSLife: NotifyAfterDidForeground execute
CST 2026-07-17 17:57:02.538  3148  3148 I C01332/UIAbility: [JUA2036]JsUIAbility call js, name: onDidForeground
CST 2026-07-17 17:57:02.538  3148  3148 I C01332/UIAbility: [JUA2081]end, name: onDidForeground, time: 0
CST 2026-07-17 17:57:02.539  3148  3148 I C04202/WMSMain: GoResume: in
CST 2026-07-17 17:57:02.539  3148  3148 I C0420a/WMSLife: Resume: in, isColdStart: 1, isDidForeground: 0
CST 2026-07-17 17:57:02.539  3148  3148 I C0420a/WMSLife: NotifyAfterLifecycleResumed: in
CST 2026-07-17 17:57:02.539  3148  3148 I C0420a/WMSLife: SetUIContentInner: pages/Index, state:2, persistentId: 30
CST 2026-07-17 17:57:02.539  3148  3148 I C0420a/WMSLife: SetUIContentComplete: persistentId=30
CST 2026-07-17 17:57:02.539  3148  3148 I C03900/Ace: [(-1:-1:undefined)] CreateUIContent.
CST 2026-07-17 17:57:02.539  3148  3148 I C03934/AceUIEvent: [(-1:-1:undefined)] report ace loaded
CST 2026-07-17 17:57:02.539  3148  3148 I C04707/HaAceEngine: OnAceLoaded end
CST 2026-07-17 17:57:02.540  2255  2277 W A01b00/SCB: GraphicUtils --> com.huawei.hmos.files - getHdsIcon, size: (192, 192), pixelFormat: 4, leftTopPixel is transparent: true, 0-0-0-0
CST 2026-07-17 17:57:02.540  2255  2277 E C03900/HDS: [hds_drawable_descriptor.cpp-GetOtherIconsInfo:395]Get icon by name from resource failed, iconName: icon_mask, isGlobalMask: 0, state: 9001004
CST 2026-07-17 17:57:02.540  3148  3148 I C03900/Ace: [(-2:-1:undefined)] Create ace bg threads pool.
CST 2026-07-17 17:57:02.540  3148  3148 I C03900/Ace: [(-2:-1:undefined)] Init RenderService UniRender Type:0
CST 2026-07-17 17:57:02.541  2255  2277 W C03900/HDS: [hds_drawable_descriptor.cpp-ProcessIcon:91]Mask size {192, 192}, bundleName: com.huawei.hmos.files
CST 2026-07-17 17:57:02.541  3148  3148 I C03900/Ace: [(-2:-1:undefined)] [cn.alfadb.netbird.r1probe][entry][-1]: UIContent: apiCompatibleVersion: 60101024, apiTargetVersion: 60101024, and apiReleaseType: Release, useNewPipe: 1, enableCustomComponentCrossAbility: 0
CST 2026-07-17 17:57:02.541  3148  3255 W C04707/HaClient: =========Invalid Client=========
CST 2026-07-17 17:57:02.542  3148  3283 I C03900/Ace: [(-1:-1:undefined)] dlsym function ReportData success.
CST 2026-07-17 17:57:02.542  3148  3283 I C03900/Ace: [(-1:-1:undefined)] dlsym function ReportSyncEvent success.
CST 2026-07-17 17:57:02.542   795  1052 I C01400/Vsync: OnVSyncTrigger: F send
CST 2026-07-17 17:57:02.542   795  1052 I C01400/Vsync: PostEvent: First vsync has send to : MainDisplaySoloist
CST 2026-07-17 17:57:02.548   143   183 I C02c03/PARAM_WATCHER: SendLocalChange start keyPrefix persist.sys.arkui.animationscale remoteWatcherId 45
CST 2026-07-17 17:57:02.549   143   183 I C02c03/PARAM_WATCHER: [watcher_manager.cpp:187]Add watcher persist.sys.arkui.animationscale remoteWatcherId: 45 groupId 103 success
CST 2026-07-17 17:57:02.549  3148  3148 I C02c03/PARAM_WATCHER: Add watcher keyPrefix persist.sys.arkui.animationscale remoteWatcherId 45 success
CST 2026-07-17 17:57:02.550  3148  3148 E C03900/Ace: [(-2:-1:undefined)] ConfigParserBase read system file failed
CST 2026-07-17 17:57:02.550  3148  3148 W C03900/Ace: [(-2:-1:undefined)] ArkUiFeatureParamManager failed to load xml file
CST 2026-07-17 17:57:02.550  3148  3148 E C03900/Ace: [(-2:-1:undefined)] ConfigParserBase read system UI correction config file failed
CST 2026-07-17 17:57:02.550  3148  3148 W C03900/Ace: [(-2:-1:undefined)] ArkUiFeatureParamManager failed to load UI correction config file
CST 2026-07-17 17:57:02.553   644   650 I C02515/DISP: [InitBufferHandle:229] express init gbuffer id 28a00000037 ret 0 err 0 fd 8 192 192 pixel 4 size 147456 usage 2b
CST 2026-07-17 17:57:02.553   644   650 I C02515/DISP: [ExpressAllocMem:271] ExpressAllocMem requeset BufferHandle 8, width 192, heigt 192, format 20
CST 2026-07-17 17:57:02.553   302   567 E C01700/RSS: [a92ab2fc6e871b4] DeliverResource, PluginMgr resType 1002 no lib register!
CST 2026-07-17 17:57:02.553   313   565 E C01704/TagSched: [a92ab2fc6e871b4] [ExecutorCheckTidIsInPid][Executor] ExecutorCheckTidIsInPid get reply is invalied
CST 2026-07-17 17:57:02.554   313   565 I C01704/TagSched: [a92ab2fc6e871b4] [SetQosRealtimeTask]ThreadModifyQos,setQos 795 tid[845],  qos[7]
CST 2026-07-17 17:57:02.554   313   565 E C01704/TagSched: [a92ab2fc6e871b4] [OpenQosCtrl]Failed to open qos_ctrl device
CST 2026-07-17 17:57:02.554   313   565 E C01704/TagSched: [a92ab2fc6e871b4] [IsQosHandleOpen]get qosSetHandle_ fail
CST 2026-07-17 17:57:02.554   313   565 E C01704/TagSched: [a92ab2fc6e871b4] [SetQosInternal]qosSetHandle open fail
CST 2026-07-17 17:57:02.554   313   565 E C01704/TagSched: [a92ab2fc6e871b4] [OpenQosCtrl]Failed to open qos_ctrl device
CST 2026-07-17 17:57:02.554   313   565 E C01704/TagSched: [a92ab2fc6e871b4] [IsQosHandleOpen]get qosSetHandle_ fail
CST 2026-07-17 17:57:02.554   313   565 E C01704/TagSched: [a92ab2fc6e871b4] [SetQosInternal]qosSetHandle open fail
CST 2026-07-17 17:57:02.556  3148  3148 I C03900/Ace: [(-2:-1:undefined)] SetLocale language tag: en-Latn-US, select language: en-US
CST 2026-07-17 17:57:02.556  3148  3148 I C03900/Ace: [(-2:-1:undefined)] [cn.alfadb.netbird.r1probe][entry][-1]: SetLanguage: en, colorMode: light, deviceAccess: 1
CST 2026-07-17 17:57:02.556  3148  3148 I C03900/Ace: [(-2:-1:undefined)] [cn.alfadb.netbird.r1probe][entry][-1]: Initialize UIContent isModelJson:true
CST 2026-07-17 17:57:02.557   796  1224 I C01120/BMS: [inner_bundle_info.h(GetAllPluginBundleInfo:2260)]pluginBundleInfos size: 0
CST 2026-07-17 17:57:02.558   796  1224 I C01120/BMS: [inner_bundle_info.h(GetAllPluginBundleInfo:2260)]pluginBundleInfos size: 0
CST 2026-07-17 17:57:02.558   796  1224 I C01120/BMS: [bundle_data_mgr.cpp(RegisterPluginEventCallback:12581)]success
CST 2026-07-17 17:57:02.558   644   650 I C02515/DISP: [ExpressFreeMem:317] freeMem bufferhandle gbuffer_id 28a00000037, width 192, heigt 192
CST 2026-07-17 17:57:02.558  3148  3148 I C03922/AceNavigation: [(-2:-1:undefined)] subscribe hsp Update successfully
CST 2026-07-17 17:57:02.558  3148  3148 I C03900/Ace: [(100000:100000:scope)] SetHapPath, Use hap path to load resource
CST 2026-07-17 17:57:02.559  3148  3148 I C04217/WMSAttribute: RegisterWaterfallModeChangeListener: winId: 30
CST 2026-07-17 17:57:02.559   796  1224 I C04201/DMS:  RegisterDisplayManagerAgent: type: 6, pid: 3148
CST 2026-07-17 17:57:02.559   796  1224 I C04201/DMS:  RegisterDisplayManagerAgent: type: 9, pid: 3148
CST 2026-07-17 17:57:02.560  3148  3148 I C04200/WMS: GetSurfaceNode: name:r1probe0, id:30
CST 2026-07-17 17:57:02.560  3148  3148 I C04200/WMS: GetSurfaceNode: name:r1probe0, id:30
CST 2026-07-17 17:57:02.560  3148  3148 I C03900/Ace: [(100000:100000:scope)] SetRSSurfaceNode 13520557047810 with rs multi
CST 2026-07-17 17:57:02.560  3148  3148 I C01406/OHOS::RS: RSUIContext::AttachFromUI. token: 13520557047809 uiPiplineNum: -1
CST 2026-07-17 17:57:02.561   302   567 E C01700/RSS: [a92ab3fc6e88e6c] DeliverResource, PluginMgr resType 1002 no lib register!
CST 2026-07-17 17:57:02.561  2255  2255 I A04200/WINDOW: SCBSceneSession: onSessionShowWhenLockedChange, status:false of id:30 ignored.
CST 2026-07-17 17:57:02.561   313   387 E C01704/TagSched: [a92ab3fc6e88e6c] [ExecutorCheckTidIsInPid][Executor] ExecutorCheckTidIsInPid get reply is invalied
CST 2026-07-17 17:57:02.561   313   387 I C01704/TagSched: [a92ab3fc6e88e6c] [SetQosRealtimeTask]ThreadModifyQos,setQos 795 tid[1054],  qos[7]
CST 2026-07-17 17:57:02.561   313   387 E C01704/TagSched: [a92ab3fc6e88e6c] [OpenQosCtrl]Failed to open qos_ctrl device
CST 2026-07-17 17:57:02.561   313   387 E C01704/TagSched: [a92ab3fc6e88e6c] [IsQosHandleOpen]get qosSetHandle_ fail
CST 2026-07-17 17:57:02.561   313   387 E C01704/TagSched: [a92ab3fc6e88e6c] [SetQosInternal]qosSetHandle open fail
CST 2026-07-17 17:57:02.561   313   387 E C01704/TagSched: [a92ab3fc6e88e6c] [OpenQosCtrl]Failed to open qos_ctrl device
CST 2026-07-17 17:57:02.561   313   387 E C01704/TagSched: [a92ab3fc6e88e6c] [IsQosHandleOpen]get qosSetHandle_ fail
CST 2026-07-17 17:57:02.561   313   387 E C01704/TagSched: [a92ab3fc6e88e6c] [SetQosInternal]qosSetHandle open fail
CST 2026-07-17 17:57:02.561   313   387 E C01704/TagSched: [a92ab3fc6e88e6c] [OpenQosCtrl]Failed to open qos_ctrl device
CST 2026-07-17 17:57:02.561   313   387 E C01704/TagSched: [a92ab3fc6e88e6c] [IsQosHandleOpen]get qosSetHandle_ fail
CST 2026-07-17 17:57:02.561   313   387 E C01704/TagSched: [a92ab3fc6e88e6c] [SetQosInternal]qosSetHandle open fail
CST 2026-07-17 17:57:02.561  3148  3148 I C03925/AceRouter: [(100000:100000:scope)] createManager, deviceType: 0
CST 2026-07-17 17:57:02.562  3148  3148 W C03900/Ace: [(100000:100000:scope)] Invalid config:en_Latn_US-long-notround-vertical-light-phone-xxxhdpi
CST 2026-07-17 17:57:02.563  3148  3148 I C01406/OHOS::RS: RSSurfaceNode::SetAbilityState, surfaceNodeId:[13520557047810], ability state: background
CST 2026-07-17 17:57:02.563  3148  3148 I C03900/Ace: [(100000:100000:scope)] set translateManager to pipeline, instanceId:100000
CST 2026-07-17 17:57:02.563  3148  3148 I C0421d/WMSRotation: RegisterOrientationChangeListener: in
CST 2026-07-17 17:57:02.563  3148  3148 I C03900/Ace: [(100000:100000:scope)] AddPersistAfterLayoutTask size: 1
CST 2026-07-17 17:57:02.564  3148  3148 I C03919/AceInputTracking: [(100000:100000:scope)] Debug touch pass mode 0
CST 2026-07-17 17:57:02.564  3148  3148 E C03934/AceUIEvent: [(100000:100000:scope)] AceTransform load failed: Error loading shared library /system/lib64/libtransform_interaction_ext.z.so: No such file or directory
CST 2026-07-17 17:57:02.564  3148  3148 I C03937/AceResource: [(100000:100000:scope)] ResourceAdapter UpdateResConfig with colorMode light
CST 2026-07-17 17:57:02.564  3148  3148 W C03900/Ace: [(100000:100000:scope)] not found systemTheme in HapModuleInfo, loading default OHOS_THEME
CST 2026-07-17 17:57:02.564  3148  3148 I C03900/Ace: [(100000:100000:scope)] Cannot Get File List from resources/styles/
CST 2026-07-17 17:57:02.564  3148  3148 W C03900/Ace: [(100000:100000:scope)] GetAsset failed: resources/styles/default.json
CST 2026-07-17 17:57:02.571   313   372 E C01700/RSS: [a92ab4fc6e8b9cf] DeliverResource, PluginMgr resType 511 no lib register!
CST 2026-07-17 17:57:02.577   644   650 I C02515/DISP: [InitBufferHandle:229] express init gbuffer id 28a00000038 ret 0 err 0 fd 8 222 222 pixel 4 size 197136 usage 2b
CST 2026-07-17 17:57:02.577   644   650 I C02515/DISP: [ExpressAllocMem:271] ExpressAllocMem requeset BufferHandle 8, width 222, heigt 222, format 20
CST 2026-07-17 17:57:02.582  3148  3148 I C01406/OHOS::RS: RSTransactionHandler::Begin syncId:0, transactionHandler:1250673459, remoteTransactionDataStack.size:0
CST 2026-07-17 17:57:02.582  3148  3148 I C01406/OHOS::RS: RSTransactionHandler::Commit transactionHandler:1250673459
CST 2026-07-17 17:57:02.582   644   650 I C02515/DISP: [ExpressFreeMem:317] freeMem bufferhandle gbuffer_id 28a00000038, width 222, heigt 222
CST 2026-07-17 17:57:02.582  3148  3148 W C01406/OHOS::RS: RSNodeMap::UnregisterNode: node id 13520557047810 not found
CST 2026-07-17 17:57:02.582  3148  3148 I C01406/OHOS::RS: RSRootNode::Create, Node:13520557047811, Token:13520557047809
CST 2026-07-17 17:57:02.582  3148  3148 I C03900/Ace: [(100000:100000:scope)] root node OnAttachToFrameNode, id:0
CST 2026-07-17 17:57:02.582  3148  3148 I C03900/Ace: [(100000:100000:scope)] Rosenwindow set root, rsId:13520557047811
CST 2026-07-17 17:57:02.582  3148  3148 I C01406/OHOS::RS: RSRootNode::AttachRSSurfaceNode, SurfaceNode:13520557047810, Node:13520557047811
CST 2026-07-17 17:57:02.582  3148  3148 I C01406/OHOS::RS: RSTransactionHandler::Begin syncId:0, transactionHandler:4171208630, remoteTransactionDataStack.size:0
CST 2026-07-17 17:57:02.582  3148  3148 I C01406/OHOS::RS: RSTransactionHandler::Commit transactionHandler:4171208630
CST 2026-07-17 17:57:02.583  3148  3148 W C01406/OHOS::RS: RSNodeMap::UnregisterNode: node id 13520557047810 not found
CST 2026-07-17 17:57:02.583  3148  3148 E C01d02/accessibility_asacfwk: [(AccessibilitySystemAbilityClientImpl:78)]accessibility service is ready.
CST 2026-07-17 17:57:02.583  2255  2277 I C02515/DISP: [ExpressFreeMem:317] freeMem bufferhandle gbuffer_id 28a00000037, width 192, heigt 192
CST 2026-07-17 17:57:02.584   221   222 I C01d00/accessibility: [(GetAccessibilityState:115)]EnabledState[0], TouchGuideState[0], KeyEventObserverState[0], GestureState[0], ScreenReaderState[0], SingleClickMode[0], AnimationOffState[0], AudioMonoState[0], FlashReminderSwitch[0]
CST 2026-07-17 17:57:02.586   796   991 W C01202/Subscriber: Subscribe accessibility.config.ready, without any restrict subid = 3148_20020062_-1_506_67912
CST 2026-07-17 17:57:02.586   796   991 I C01202/Subscriber: Subscribe cn.alfadb.netbird.r1probe(userId = 100, subId = 3148_20020062_-1_506_67912, ffrtCost 0 ms, taskCost 0 ms)
CST 2026-07-17 17:57:02.586  3148  3148 I C03900/Ace: [(100000:100000:scope)] focusWindowId: 0, realHostWindowId: 0
CST 2026-07-17 17:57:02.586  3148  3148 I C03900/Ace: [(100000:100000:scope)] [cn.alfadb.netbird.r1probe][entry][100000]: window focus
CST 2026-07-17 17:57:02.587   143   183 I C02c03/PARAM_WATCHER: SendLocalChange start keyPrefix debug.graphic.frame remoteWatcherId 45
CST 2026-07-17 17:57:02.587   143   183 I C02c03/PARAM_WATCHER: [watcher_manager.cpp:187]Add watcher debug.graphic.frame remoteWatcherId: 45 groupId 104 success
CST 2026-07-17 17:57:02.587  3148  3148 I C02c03/PARAM_WATCHER: Add watcher keyPrefix debug.graphic.frame remoteWatcherId 45 success
CST 2026-07-17 17:57:02.588  3148  3148 E C03900/Ace: [(100000:100000:scope)] ERROR EACCES
CST 2026-07-17 17:57:02.588  3148  3148 E C03900/Ace: [(100000:100000:scope)] ERROR EACCES
CST 2026-07-17 17:57:02.588  3148  3148 I C03900/Ace: [(100000:100000:scope)] ArkUIInvisibleFreeze: 0
CST 2026-07-17 17:57:02.588  3148  3148 I C03900/Ace: [(100000:100000:scope)] [cn.alfadb.netbird.r1probe][entry][100000]: SetMinPlatformVersion is 60101024
CST 2026-07-17 17:57:02.588  3148  3148 I C04209/WMSImms: RegisterAvoidAreaChangeListener: win 30
CST 2026-07-17 17:57:02.602  2255  2277 I C02515/DISP: [ExpressFreeMem:317] freeMem bufferhandle gbuffer_id 28a00000038, width 222, heigt 222
CST 2026-07-17 17:57:02.618   796  1224 I C0420f/WMSRecover: mock_session_manager_service.cpp RegisterSMSRecoverListener: clientUserId: 100, userId: -1, pid: 3148,isLite: 0, displayId: 0
CST 2026-07-17 17:57:02.618  3148  3148 E C04200/IMockSessionManager: Read result failed, code is: 4.
CST 2026-07-17 17:57:02.619   796  1224 I C0420f/WMSRecover: mock_session_manager_service.cpp RegisterSMSRecoverListener: clientUserId: 100, userId: -1, pid: 3148,isLite: 1, displayId: 0
CST 2026-07-17 17:57:02.619  3148  3148 E C04200/IMockSessionManager: Read result failed, code is: 4.
CST 2026-07-17 17:57:02.619  3148  3148 I C04204/WMSScb: InitSceneSessionManagerProxy: enter
CST 2026-07-17 17:57:02.653   795   886 W C01406/OHOS::RS: RSJankStats::SetJankStats jank frames 7
CST 2026-07-17 17:57:02.653   648  1084 W C02515/DISP: [SetLayerMaskInfo:495] <private> is not supported
CST 2026-07-17 17:57:02.653   648  3105 I C02515/DISP: [CommitComposeLayer:67] CommitComposeLayer! 10
CST 2026-07-17 17:57:02.660  2255  2277 I C03900/HDS: [hds_drawable_descriptor.cpp-ProcessIcon:101]set pixelmap editable : 0 .
CST 2026-07-17 17:57:02.660  2255  2277 E C02b61/PixelMap: set ashmem name failed
CST 2026-07-17 17:57:02.661  2255  2277 W A01b00/SCB: GraphicUtils --> combinePic from HdsIcon, bundleName: com.huawei.hmos.files, iconSizeOfGrid: 64, hasBorder: true
CST 2026-07-17 17:57:02.661  2255  2277 I A01b00/SCB: IconResourceFwk --> getBundleIcon end param: com.huawei.hmos.files, 64, true true
CST 2026-07-17 17:57:02.665  2255  2285 I C02b61/ImageCode: DoEncode:(224, 224) cost 3862 us
CST 2026-07-17 17:57:02.666   795   795 I C01406/OHOS::RS: RSSurfaceRenderNode::SetAbilityState, surfaceNodeId:[13520557047810] ability state: background
CST 2026-07-17 17:57:02.666   795   795 E C01406/RSScreenManager: IsAllScreensPowerOff: screenPowerStatus_ is empty.
CST 2026-07-17 17:57:02.667  2255  2310 I C04202/WMSMain: RequestVsync: First vsync has requested, nodeId: 0
CST 2026-07-17 17:57:02.667   795   846 I C01400/Vsync: RequestNextVSync: First vsync is requested, name: WM_2255
CST 2026-07-17 17:57:02.667   795   846 I C01400/Vsync: RequestNextVSync: First vsync RequestNextVSync conn:WM_2255, rate:0, highPriorityRate:1
CST 2026-07-17 17:57:02.667  2255  2284 I C01631/GaussPD:  [0] [ADAPTER] [139902111435520] Not support binlog_default.writeLock file enable del monitor sysno = 25
CST 2026-07-17 17:57:02.667  2255  2284 I C01631/GaussPD:  [0] [ADAPTER] [139902111435520] Not support binlog_default.writeLock file enable del monitor sysno = 25
CST 2026-07-17 17:57:02.667  2255  2310 I C04217/WMSAttribute: Visibility changed, size: 1, WindowVisibilityInfos [name, winId, visibleState]: [r1probe0, 30, 0], 
CST 2026-07-17 17:57:02.667  2255  2284 I C01631/GaussPD:  [0] [ADAPTER] [139902111435520] Not support binlog_default.writeLock file enable del monitor sysno = 25
CST 2026-07-17 17:57:02.667  2255  2284 I C01631/GaussPD:  [0] [ADAPTER] [139902111435520] Not support binlog_default.writeLock file enable del monitor sysno = 25
CST 2026-07-17 17:57:02.667  2255  2284 I C01631/GaussPD:  [0] [ADAPTER] [139902111435520] Not support binlog_default.writeIndex file enable del monitor sysno = 25
CST 2026-07-17 17:57:02.668   313   562 E C01704/TagSched: [a92ab5fc6ea3064] [OpenQosCtrl]Failed to open qos_ctrl device
CST 2026-07-17 17:57:02.668   313   562 E C01704/TagSched: [a92ab5fc6ea3064] [IsQosHandleOpen]get qosSetHandle_ fail
CST 2026-07-17 17:57:02.668   313   562 E C01704/TagSched: [a92ab5fc6ea3064] [SetQosInternal]qosSetHandle open fail
CST 2026-07-17 17:57:02.668   313   562 E C01704/TagSched: [a92ab5fc6ea3064] [OpenQosCtrl]Failed to open qos_ctrl device
CST 2026-07-17 17:57:02.668   313   562 E C01704/TagSched: [a92ab5fc6ea3064] [IsQosHandleOpen]get qosSetHandle_ fail
CST 2026-07-17 17:57:02.668  2255  2284 I C01631/GaussPD:  [0] [ADAPTER] [139902111435520] Not support binlog_default.writeIndex file enable del monitor sysno = 25
CST 2026-07-17 17:57:02.668   313   562 E C01704/TagSched: [a92ab5fc6ea3064] [SetQosInternal]qosSetHandle open fail
CST 2026-07-17 17:57:02.668   313   562 E C01704/TagSched: [a92ab5fc6ea3064] [OpenQosCtrl]Failed to open qos_ctrl device
CST 2026-07-17 17:57:02.668   313   562 E C01704/TagSched: [a92ab5fc6ea3064] [IsQosHandleOpen]get qosSetHandle_ fail
CST 2026-07-17 17:57:02.668   313   562 E C01704/TagSched: [a92ab5fc6ea3064] [SetUclamp]qosSetHandle open fail
CST 2026-07-17 17:57:02.668   313   562 E C01704/TagSched: [a92ab5fc6ea3064] [OpenQosCtrl]Failed to open qos_ctrl device
CST 2026-07-17 17:57:02.668   313   562 E C01704/TagSched: [a92ab5fc6ea3064] [IsQosHandleOpen]get qosSetHandle_ fail
CST 2026-07-17 17:57:02.668   313   562 E C01704/TagSched: [a92ab5fc6ea3064] [SetUclamp]qosSetHandle open fail
CST 2026-07-17 17:57:02.668  2255  2277 I A01a01/NC: NotificationConfigManager: update icon result: com.huawei.hmos.files, 29858
CST 2026-07-17 17:57:02.668  2255  2277 I A01b00/SCB: IconResourceFwk --> getBundleIcon start param: com.ohos.dlpmanager, 64, true true
CST 2026-07-17 17:57:02.668  2255  2277 W A01b00/SCB: IconResourceUtils --> getIconResource from bms getBundleResourceInfo for com.ohos.dlpmanager 0
CST 2026-07-17 17:57:02.668  2255  2310 I C04202/WMSMain: NotifyRSSWindowModeTypeUpdate: Notify RSS Window Mode Type Update, type : 3
CST 2026-07-17 17:57:02.668  2255  2311 I C04217/WMSAttribute: operator(): memMgrWindowInfos size: 1
CST 2026-07-17 17:57:02.668   313   372 I C04202/WMSMain: NotifyWindowModeChange: WindowManager::Impl UpdateWindowModeTypeInfo type: 3
CST 2026-07-17 17:57:02.668   796  1592 I C01311/AppMS: [ARR2195]wnd call, cn.alfadb.netbird.r1probe_3148, isEmpty_0, c_2 -> p_0
CST 2026-07-17 17:57:02.669   267   297 I C02699/MM: wms call,pid:3148,Id:30,winNum:0->1
CST 2026-07-17 17:57:02.670   267   297 I C02699/MM: UpdatePriorityLocked VISB: 3148, 20020062, 0, [], 00000
CST 2026-07-17 17:57:02.670  2255  2255 I C03930/AceAnimation: [(100000:100000:scope)] animateTo finish, cnt:21
CST 2026-07-17 17:57:02.670  2255  2255 I A01b09/RECENT: SCBDesktopCacheManager: FreezeTrack setWallPaperScale old:1, new:1.1, reason:onActive
CST 2026-07-17 17:57:02.671   796   962 I C01120/BMS: icon rdb get resource icon start -n com.ohos.dlpmanager -i 0 -f 16
CST 2026-07-17 17:57:02.671   796   962 E C01650/StepResultSet: GoToRow:position[0] rowCount[0] rowPos_[-1]!
CST 2026-07-17 17:57:02.671  2255  2310 I C04209/WMSImms: UpdateSessionAvoidAreaListener win 30 haveListener 1
CST 2026-07-17 17:57:02.672   796  1224 W C04201/DMS: screen_cutout_controller.cpp GetCutoutArea: display:[ID: 0, W: 1320, H: 2856, R: 0,Mode 0]
CST 2026-07-17 17:57:02.672  2255  2310 I C0420b/WMSKeyboard: CheckEmptyKeyboardAvoidAreaIfNeeded: check keyboard avoid area, isPhoneNotFreeMultiWindow: 1, isPadNotFreeMultiWindow: 0
CST 2026-07-17 17:57:02.673  3148  3264 E C0420a/WMSLife: NotifyUIExtHostRectChangeInGlobalDisplayListeners: uiContent is null
CST 2026-07-17 17:57:02.673  3148  3264 I C04208/WMSLayout: UpdateRect: id:30 name:r1probe0 rect:[0 0 1320 2856]->[0 0 1320 2856] reason:23 displayId:0
CST 2026-07-17 17:57:02.700   795  1052 I C01400/Vsync: OnVSyncTrigger: F send
CST 2026-07-17 17:57:02.700   795  1052 I C01400/Vsync: PostEvent: First vsync has send to : WM_2255
CST 2026-07-17 17:57:02.700  2255  2255 I C04202/WMSMain: VsyncCallbackInner: First vsync has come back, nodeId: 0
CST 2026-07-17 17:57:02.701   796   962 W C04201/DMS: screen_cutout_controller.cpp GetCutoutArea: display:[ID: 0, W: 1320, H: 2856, R: 0,Mode 0]
CST 2026-07-17 17:57:02.702  3148  3148 I C03917/AceSafeArea: [(100000:100000:scope)] InitializeSafeArea systemInsets:SafeAreaInsets left_: [start: 0, end: 0], top_: [start: 0, end: 136], right_: [start: 0, end: 0], bottom_: [start: 0, end: 0], cutoutInsets:SafeAreaInsets left_: [start: 0, end: 0], top_: [start: 45, end: 148], right_: [start: 0, end: 0], bottom_: [start: 0, end: 0], navInsets:SafeAreaInsets left_: [start: 0, end: 0], top_: [start: 0, end: 0], right_: [start: 0, end: 0], bottom_: [start: 2758, end: 2856]
CST 2026-07-17 17:57:02.702   796   962 I C04201/DMS:  RegisterDisplayManagerAgent: type: 8, pid: 3148
CST 2026-07-17 17:57:02.703  3148  3148 I C0394e/AceWindow: [(100000:100000:scope)] Initialize displayId: 0, availableRect: [0, 0, 1320, 2856]
CST 2026-07-17 17:57:02.704  3148  3148 I C03900/Ace: [(100000:100000:scope)] Failed to open libthp_extra_innerapi.z.so, reason: Error loading shared library /system/lib64/libthp_extra_innerapi.z.so: No such file or directory
CST 2026-07-17 17:57:02.704  3148  3148 I C03900/Ace: [(-2:100000:singleton)] [cn.alfadb.netbird.r1probe][entry][100000]: Initialize: pages/Index
CST 2026-07-17 17:57:02.712  3148  3148 I C03900/Ace: [(100000:100000:scope)] RunPage:pages/Index
CST 2026-07-17 17:57:02.712  3148  3148 W C03900/Ace: [(100000:100000:scope)] GetAsset failed: manifest.json
CST 2026-07-17 17:57:02.712  3148  3148 I C04200/WMS: InitUIContent: [0, 0]
CST 2026-07-17 17:57:02.712  3148  3148 I C04208/WMSLayout: SetUIContentInner: single hand, id:30, posX:0, posY:0, scaleX:1.000000, scaleY:1.000000
CST 2026-07-17 17:57:02.712  3148  3283 I C03951/InputKeyFlow: [(-1:100000:singleton)] Subscribe touch.events.pass.through Event
CST 2026-07-17 17:57:02.713   143   183 I C02c03/PARAM_WATCHER: SendLocalChange start keyPrefix persist.ace.trace.layout.enabled remoteWatcherId 45
CST 2026-07-17 17:57:02.713   143   183 I C02c03/PARAM_WATCHER: [watcher_manager.cpp:187]Add watcher persist.ace.trace.layout.enabled remoteWatcherId: 45 groupId 105 success
CST 2026-07-17 17:57:02.714  3148  3281 I C02c03/PARAM_WATCHER: Add watcher keyPrefix persist.ace.trace.layout.enabled remoteWatcherId 45 success
CST 2026-07-17 17:57:02.714   143   183 I C02c03/PARAM_WATCHER: SendLocalChange start keyPrefix persist.ace.trace.inputevent.enabled remoteWatcherId 45
CST 2026-07-17 17:57:02.714  2255  2277 E C01707/CONCUR: [Interface] task 2277 apply qos failed, errno = 4
CST 2026-07-17 17:57:02.714   143   183 I C02c03/PARAM_WATCHER: [watcher_manager.cpp:187]Add watcher persist.ace.trace.inputevent.enabled remoteWatcherId: 45 groupId 106 success
CST 2026-07-17 17:57:02.714  3148  3281 I C02c03/PARAM_WATCHER: Add watcher keyPrefix persist.ace.trace.inputevent.enabled remoteWatcherId 45 success
CST 2026-07-17 17:57:02.714   143   183 I C02c03/PARAM_WATCHER: SendLocalChange start keyPrefix const.security.developermode.state remoteWatcherId 45
CST 2026-07-17 17:57:02.714  2255  2310 I C04208/WMSLayout: NotifyWindowStatusDidChangeAfterShowWindow: Notify completed, windowId: 30
CST 2026-07-17 17:57:02.715   143   183 I C02c03/PARAM_WATCHER: [watcher_manager.cpp:187]Add watcher const.security.developermode.state remoteWatcherId: 45 groupId 107 success
CST 2026-07-17 17:57:02.715  3148  3277 I C04208/WMSLayout: NotifyWindowStatusDidChange: Id:30, WindowMode:1, windowStatus:1, lastWindowStatus:0, listenerSize:0, rect:[0 0 1320 2856]
CST 2026-07-17 17:57:02.715  3148  3281 I C02c03/PARAM_WATCHER: Add watcher keyPrefix const.security.developermode.state remoteWatcherId 45 success
CST 2026-07-17 17:57:02.715   143   183 I C02c03/PARAM_WATCHER: SendLocalChange start keyPrefix persist.ace.debug.statemgr.enabled remoteWatcherId 45
CST 2026-07-17 17:57:02.715   143   183 I C02c03/PARAM_WATCHER: [watcher_manager.cpp:187]Add watcher persist.ace.debug.statemgr.enabled remoteWatcherId: 45 groupId 108 success
CST 2026-07-17 17:57:02.715  3148  3281 I C02c03/PARAM_WATCHER: Add watcher keyPrefix persist.ace.debug.statemgr.enabled remoteWatcherId 45 success
CST 2026-07-17 17:57:02.715   143   183 I C02c03/PARAM_WATCHER: SendLocalChange start keyPrefix persist.ace.debug.boundary.enabled remoteWatcherId 45
CST 2026-07-17 17:57:02.716  3148  3148 I C04219/WMSDecor: UpdateDecorEnable: decorVisible:1, id: 30
CST 2026-07-17 17:57:02.716  3148  3148 I C03900/Ace: [(-2:100000:singleton)] [cn.alfadb.netbird.r1probe][entry][100000]: UpdateWindowVisible: 1, hasDecor: 0
CST 2026-07-17 17:57:02.716   143   183 I C02c03/PARAM_WATCHER: [watcher_manager.cpp:187]Add watcher persist.ace.debug.boundary.enabled remoteWatcherId: 45 groupId 109 success
CST 2026-07-17 17:57:02.716  3148  3148 I C03900/Ace: [(-2:100000:singleton)] [cn.alfadb.netbird.r1probe][entry][100000]: NotifyWindowMode mode = 1
CST 2026-07-17 17:57:02.717   796  1226 I C01202/Subscriber: Subscribe cn.alfadb.netbird.r1probe(userId = 100, subId = 3148_20020062_-1_507_68043, ffrtCost 0 ms, taskCost 0 ms)
CST 2026-07-17 17:57:02.717  3148  3281 I C02c03/PARAM_WATCHER: Add watcher keyPrefix persist.ace.debug.boundary.enabled remoteWatcherId 45 success
CST 2026-07-17 17:57:02.717   143   183 I C02c03/PARAM_WATCHER: SendLocalChange start keyPrefix persist.ace.performance.monitor.enabled remoteWatcherId 45
CST 2026-07-17 17:57:02.717   143   183 I C02c03/PARAM_WATCHER: [watcher_manager.cpp:187]Add watcher persist.ace.performance.monitor.enabled remoteWatcherId: 45 groupId 110 success
CST 2026-07-17 17:57:02.717   221  2351 I C01d00/accessibility: [(WindowUpdateAll:1027)]WindowUpdateAll start activeWindowId_: 30
CST 2026-07-17 17:57:02.718  3148  3281 I C02c03/PARAM_WATCHER: Add watcher keyPrefix persist.ace.performance.monitor.enabled remoteWatcherId 45 success
CST 2026-07-17 17:57:02.718   221  2351 I C01d00/accessibility: [(SetActiveWindow:398)]windowId is 30, activeWindowId_: -1
CST 2026-07-17 17:57:02.718   221  2351 I C01d00/accessibility: [(WindowUpdateAll:1079)]WindowUpdateAll end activeWindowId_: 30
CST 2026-07-17 17:57:02.731  2255  2718 E C04200/WMS: UpdateSessionPropertyByAction: permission denied! action: 262144
CST 2026-07-17 17:57:02.731  3148  3148 I C03900/Ace: [(-2:100000:singleton)] [cn.alfadb.netbird.r1probe][entry][100000]: window foreground
CST 2026-07-17 17:57:02.731  3148  3148 I C03900/Ace: [(100000:100000:scope)] Update application state , state: ON_SHOW
CST 2026-07-17 17:57:02.731  3148  3148 I C01406/OHOS::RS: RSSurfaceNode::SetAbilityState, surfaceNodeId:[13520557047810], ability state: foreground
CST 2026-07-17 17:57:02.731  3148  3148 I C03900/Ace: [(100000:100000:scope)] ArkUI requests first Vsync.
CST 2026-07-17 17:57:02.731  3148  3148 I C04202/WMSMain: RequestVsync: First vsync has requested, nodeId: 13520557047810
CST 2026-07-17 17:57:02.732   795  1054 I C01400/Vsync: RequestNextVSync: First vsync is requested, name: WM_3148
CST 2026-07-17 17:57:02.732   795  1054 I C01400/Vsync: RequestNextVSync: First vsync RequestNextVSync conn:WM_3148, rate:0, highPriorityRate:1
CST 2026-07-17 17:57:02.732  3148  3148 I C03959/AceLayout: [(-2:100000:singleton)] [cn.alfadb.netbird.r1probe][entry][100000]: UpdateViewportConfig Viewport config: size: (1320, 2856) orientation: 0 density: 3.500000 position: (0, 0) transformHint: 0 displayId: 0, windowSizeChangeReason 0, is rsTransaction nullptr 1, , keyboardInfo is null
CST 2026-07-17 17:57:02.732  3148  3148 I C0394e/AceWindow: [(100000:100000:scope)] Update displayWindowRect in UpdateViewportConfig to : Rect (0.00, 0.00) - [0.00 x 0.00]
CST 2026-07-17 17:57:02.733  3148  3148 I C04208/WMSLayout: UpdateViewportConfig: Id: 30, reason: 0, windowRect: [0 0 1320 2856], displayOrientation: 0, config[0, 0, 0, 3.500000]
CST 2026-07-17 17:57:02.733  3148  3148 I C03900/Ace: [(-2:100000:singleton)] [cn.alfadb.netbird.r1probe][entry][100000]: window focus
CST 2026-07-17 17:57:02.733  3148  3148 I C03900/Ace: [(-2:100000:singleton)] [cn.alfadb.netbird.r1probe][entry][100000]:window active
CST 2026-07-17 17:57:02.733  3148  3148 I C04208/WMSLayout: NotifyAfterUIContentReady: Renotify transform, id:30, scaleX:1.000000, scaleY:1.000000
CST 2026-07-17 17:57:02.733  2255  2277 I C02b61/ImageSource: CreatePixelMap success, id:1784282222678155,dSize:(0,0),srcSize: (768,768),dHdr:1,sHdr:1,memType: 2,cost 55215 us
CST 2026-07-17 17:57:02.733  2255  2277 E C02b61/PixelMap: set ashmem name failed
CST 2026-07-17 17:57:02.734  2255  2277 W A01b00/SCB: GraphicUtils --> com.ohos.dlpmanager - getHdsIcon, size: (768, 768), pixelFormat: 4, leftTopPixel is transparent: true, 0-0-0-0
CST 2026-07-17 17:57:02.734  2255  2277 E C03900/HDS: [hds_drawable_descriptor.cpp-GetOtherIconsInfo:395]Get icon by name from resource failed, iconName: icon_mask, isGlobalMask: 0, state: 9001004
CST 2026-07-17 17:57:02.735  3148  3148 W C01320/JsEnv: [source_map.cpp145]the stack without line info
CST 2026-07-17 17:57:02.735  3148  3148 I A02900/R1Api24Probe: EntryAbility onCreate observed=true
CST 2026-07-17 17:57:02.736  3148  3148 I A02900/R1Api24Probe: E1_TSFN_INITIALIZED|mainTid=3148|mechanism=napi_threadsafe_function
CST 2026-07-17 17:57:02.736  3148  3286 I A02900/R1Api24Probe: E1_PTHREAD_WARMUP_START|round=0|producerTid=3286
CST 2026-07-17 17:57:02.736   906  3117 I C02b91/AVSession: [HandleFocusSession]uid=20020011, pid=2255 curTop:null
CST 2026-07-17 17:57:02.736   906  3117 E C02b91/AVSession: [HandleFocusSession]focusSession no play
CST 2026-07-17 17:57:02.736  3148  3286 I A02900/R1Api24Probe: E1_PTHREAD_WARMUP_FINISH|round=0|producerTid=3286|queued=100|status=0
CST 2026-07-17 17:57:02.736  3148  3148 I C04200/JsWindowStage: Window [30, r1probe0] load content end, ret=0
CST 2026-07-17 17:57:02.736  3148  3148 I C02d06/XCollie: Application is in starting period.
CST 2026-07-17 17:57:02.737  3148  3148 I C04209/WMSImms: NotifyAvoidAreaChange: win 30 api 24 type 0 area top [0 0 1320 136] 
CST 2026-07-17 17:57:02.737  3148  3148 I C04209/WMSImms: NotifyAvoidAreaChange: win 30 api 24 type 1 area top [517 45 285 103] 
CST 2026-07-17 17:57:02.737  3148  3148 I C04209/WMSImms: NotifyAvoidAreaChange: win 30 api 24 type 2 area empty
CST 2026-07-17 17:57:02.737  3148  3148 I C04209/WMSImms: NotifyAvoidAreaChange: win 30 api 24 type 3 area empty
CST 2026-07-17 17:57:02.737  3148  3148 I C04209/WMSImms: NotifyAvoidAreaChange: win 30 api 24 type 4 area bottom [429 2758 462 98] 
CST 2026-07-17 17:57:02.737  3148  3148 I C04208/WMSLayout: UpdateViewportConfig: Id: 30, reason: 0, windowRect: [0 0 1320 2856], displayOrientation: 0, config[0, 0, 0, 3.500000]
CST 2026-07-17 17:57:02.738  3148  3148 I C03900/Ace: [(100000:100000:scope)] Update application state , state: ON_ACTIVE
CST 2026-07-17 17:57:02.738  3148  3148 I C01d02/accessibility_asacfwk: [(SubscribeStateObserver:652)]Observer has subscribed!
CST 2026-07-17 17:57:02.738  3148  3148 I C01d02/accessibility_asacfwk: [(SubscribeStateObserver:652)]Observer has subscribed!
CST 2026-07-17 17:57:02.738  3148  3148 I C01d02/accessibility_asacfwk: [(SubscribeStateObserver:652)]Observer has subscribed!
CST 2026-07-17 17:57:02.738  3148  3148 I C0391c/AceFocus: [(100000:100000:scope)] Window: 30 get focus.
CST 2026-07-17 17:57:02.738  3148  3148 W C0391c/AceFocus: [(100000:100000:scope)] Current focus view can not found!
CST 2026-07-17 17:57:02.738  3148  3148 I C0391c/AceFocus: [(100000:100000:scope)] Request focus on rootFocusHub: root/0
CST 2026-07-17 17:57:02.739  3148  3148 I C04208/WMSLayout: UpdateViewportConfig: Id: 30, reason: 23, windowRect: [0 0 1320 2856], displayOrientation: 0, config[0, 0, 0, 3.500000]
CST 2026-07-17 17:57:02.739  3148  3148 I C03925/AceRouter: [(100000:100000:scope)] Page router manager is creating page[1]: url: pages/Index path: pages/Index.js, recoverable: yes, namedRouter: no
CST 2026-07-17 17:57:02.739   313   564 E C01704/TagSched: [a92ab6fc6eb48af] [OpenQosCtrl]Failed to open qos_ctrl device
CST 2026-07-17 17:57:02.739   313   564 E C01704/TagSched: [a92ab6fc6eb48af] [IsQosHandleOpen]get qosSetHandle_ fail
CST 2026-07-17 17:57:02.739   313   564 E C01704/TagSched: [a92ab6fc6eb48af] [SetUclamp]qosSetHandle open fail
CST 2026-07-17 17:57:02.741   313   564 E C01717/APP_TYPE_MGR: [a92ab7fc6eb49a6] App type manager service is not ready, RequestApplicationType failed
CST 2026-07-17 17:57:02.741   313   564 I C01720/SmartGC: [a92ab7fc6eb49a6] [GetAppType]bundleName cn.alfadb.netbird.r1probe type -1
CST 2026-07-17 17:57:02.741   313   562 I C01705/EXACT_PREREAD: [a92ab6fc6eb48af] [(HandlePushPageStart):511] Push page info <bundleName: cn.alfadb.netbird.r1probe abilityName: EntryAbility pageUrl: pages.Index>;
CST 2026-07-17 17:57:02.741   313   562 I C01705/EXACT_PREREAD: [a92ab6fc6eb48af] [(HandlePushPageStart):518] ContinueAppStartupCollectWork uid: 20020062 pid: 3148 sceneName:cn.alfadb.netbird.r1probe/cn.alfadb.netbird.r1probe
CST 2026-07-17 17:57:02.743  2255  2277 W C03900/HDS: [hds_drawable_descriptor.cpp-ProcessIcon:91]Mask size {192, 192}, bundleName: com.ohos.dlpmanager
CST 2026-07-17 17:57:02.744   313   565 E C01704/TagSched: [a92ab8fc6eb5c03] [OpenQosCtrl]Failed to open qos_ctrl device
CST 2026-07-17 17:57:02.744   313   565 E C01704/TagSched: [a92ab8fc6eb5c03] [IsQosHandleOpen]get qosSetHandle_ fail
CST 2026-07-17 17:57:02.744   313   565 E C01704/TagSched: [a92ab8fc6eb5c03] [SetUclamp]qosSetHandle open fail
CST 2026-07-17 17:57:02.745   313   387 I C01705/EXACT_PREREAD: [a92ab8fc6eb5c03] [(HandlePushPageComplete):548] Startup scene, SendDelayCollectTimeoutEvent uid: 20020062 pid: 3148 sceneName:cn.alfadb.netbird.r1probe/cn.alfadb.netbird.r1probe
CST 2026-07-17 17:57:02.746  3148  3148 W C03926/AceTheme: [(100000:100000:scope)] style text_pattern not contains linear_split_child_min_size!
CST 2026-07-17 17:57:02.746  3148  3148 W C03926/AceTheme: [(100000:100000:scope)] style text_pattern not contains menu_celia_ask_is_support!
CST 2026-07-17 17:57:02.748  3148  3148 I C0391c/AceFocus: [(100000:100000:scope)] view: page/2 show
CST 2026-07-17 17:57:02.748  3148  3148 I C03922/AceNavigation: [(100000:100000:scope)] can't find inner navigation
CST 2026-07-17 17:57:02.750   313   404 E C01704/TagSched: [a92ab9fc6e79b94] [OpenQosCtrl]Failed to open qos_ctrl device
CST 2026-07-17 17:57:02.750   313   404 E C01704/TagSched: [a92ab9fc6e79b94] [IsQosHandleOpen]get qosSetHandle_ fail
CST 2026-07-17 17:57:02.750   313   404 E C01704/TagSched: [a92ab9fc6e79b94] [SetUclamp]qosSetHandle open fail
CST 2026-07-17 17:57:02.752  3288  3288 W C02c02/PARAM: Selinux check name persist.init.debug.loglevel in u:object_r:startup_init_param:s0 [3288 2000 2000] failed
CST 2026-07-17 17:57:02.752  3288  3288 W C02c02/PARAM: Selinux check name persist.init.debug.loglevel in u:object_r:startup_init_param:s0 [3288 2000 2000] failed
CST 2026-07-17 17:57:02.752  3288  3288 W C02c02/PARAM: SystemReadParam failed!name is:persist.init.debug.loglevel,err:1002
CST 2026-07-17 17:57:02.760  3290  3290 W C02c02/PARAM: Selinux check name persist.init.debug.loglevel in u:object_r:startup_init_param:s0 [3290 2000 2000] failed
CST 2026-07-17 17:57:02.760  3290  3290 W C02c02/PARAM: Selinux check name persist.init.debug.loglevel in u:object_r:startup_init_param:s0 [3290 2000 2000] failed
CST 2026-07-17 17:57:02.760  3290  3290 W C02c02/PARAM: SystemReadParam failed!name is:persist.init.debug.loglevel,err:1002
CST 2026-07-17 17:57:02.760  3148  3148 I C03933/AceKeyboard: [(100000:100000:scope)] StageManager FrameNode notNeedSoftKeyboard.
CST 2026-07-17 17:57:02.760  3148  3148 I C03933/AceKeyboard: [(100000:100000:scope)] Container not SceneBoardWindow.
CST 2026-07-17 17:57:02.761   313   565 W C01727/SceneRecognizeExt: [a92ab9fc6eb9c6f] [HandlePageReport]smart scan get config page info error, bundleName: cn.alfadb.netbird.r1probe
CST 2026-07-17 17:57:02.761  3148  3148 I C03925/AceRouter: [(100000:100000:scope)] LoadPage Success
CST 2026-07-17 17:57:02.761  3148  3148 I C03917/AceSafeArea: [(-2:100000:singleton)] SetIsFullScreen 1
CST 2026-07-17 17:57:02.761  3148  3148 I C0392a/AceUiExtensionComponent: [(-2:100000:singleton)] NotifyWindowMode aliveUIExtensions = 0
CST 2026-07-17 17:57:02.762  3148  3148 I C03900/Ace: [(100000:100000:scope)] Root node request first frame.
CST 2026-07-17 17:57:02.762  3148  3148 I C03900/Ace: [(100000:100000:scope)] Update application state , state: ON_ACTIVE
CST 2026-07-17 17:57:02.762  3148  3148 I C01d02/accessibility_asacfwk: [(SubscribeStateObserver:652)]Observer has subscribed!
CST 2026-07-17 17:57:02.762  3148  3148 I C01d02/accessibility_asacfwk: [(SubscribeStateObserver:652)]Observer has subscribed!
CST 2026-07-17 17:57:02.762  3148  3148 I C01d02/accessibility_asacfwk: [(SubscribeStateObserver:652)]Observer has subscribed!
CST 2026-07-17 17:57:02.762  3148  3148 I C0391c/AceFocus: [(100000:100000:scope)] Window: 30 get focus.
CST 2026-07-17 17:57:02.762  3148  3148 I C03900/Ace: [(100000:100000:scope)] Update application state , state: ON_ACTIVE
CST 2026-07-17 17:57:02.762  3148  3148 I C01d02/accessibility_asacfwk: [(SubscribeStateObserver:652)]Observer has subscribed!
CST 2026-07-17 17:57:02.762  3148  3148 I C01d02/accessibility_asacfwk: [(SubscribeStateObserver:652)]Observer has subscribed!
CST 2026-07-17 17:57:02.762  3148  3148 I C01d02/accessibility_asacfwk: [(SubscribeStateObserver:652)]Observer has subscribed!
CST 2026-07-17 17:57:02.763  3148  3148 I A02900/R1Api24Probe: E1_CALLBACK_WARMUP|round=0|sequence=1|producerTid=3286|consumerTid=3148|payload=r00-s001-x1f|hash=756858454|valid=true
CST 2026-07-17 17:57:02.763  3148  3148 I A02900/R1Api24Probe: E1_CALLBACK_WARMUP|round=0|sequence=2|producerTid=3286|consumerTid=3148|payload=r00-s002-x3e|hash=4260518984|valid=true
CST 2026-07-17 17:57:02.763  3148  3148 I A02900/R1Api24Probe: E1_CALLBACK_WARMUP|round=0|sequence=3|producerTid=3286|consumerTid=3148|payload=r00-s003-x5d|hash=567525258|valid=true
CST 2026-07-17 17:57:02.763  3148  3148 I A02900/R1Api24Probe: E1_CALLBACK_WARMUP|round=0|sequence=4|producerTid=3286|consumerTid=3148|payload=r00-s004-x7c|hash=3311082908|valid=true
CST 2026-07-17 17:57:02.763  3148  3148 I A02900/R1Api24Probe: E1_CALLBACK_WARMUP|round=0|sequence=5|producerTid=3286|consumerTid=3148|payload=r00-s005-x9b|hash=1891003038|valid=true
CST 2026-07-17 17:57:02.763  3148  3148 I A02900/R1Api24Probe: E1_CALLBACK_WARMUP|round=0|sequence=6|producerTid=3286|consumerTid=3148|payload=r00-s006-xba|hash=3881541173|valid=true
CST 2026-07-17 17:57:02.763  3148  3148 I A02900/R1Api24Probe: E1_CALLBACK_WARMUP|round=0|sequence=7|producerTid=3286|consumerTid=3148|payload=r00-s007-xd9|hash=2299021352|valid=true
CST 2026-07-17 17:57:02.763  3148  3148 I A02900/R1Api24Probe: E1_CALLBACK_WARMUP|round=0|sequence=8|producerTid=3286|consumerTid=3148|payload=r00-s008-xf8|hash=3799147456|valid=true
CST 2026-07-17 17:57:02.764  3148  3148 I A02900/R1Api24Probe: E1_CALLBACK_WARMUP|round=0|sequence=9|producerTid=3286|consumerTid=3148|payload=r00-s009-x17|hash=2634563057|valid=true
CST 2026-07-17 17:57:02.764  3148  3148 I A02900/R1Api24Probe: E1_CALLBACK_WARMUP|round=0|sequence=10|producerTid=3286|consumerTid=3148|payload=r00-s010-x36|hash=1242462062|valid=true
CST 2026-07-17 17:57:02.764  3148  3148 I A02900/R1Api24Probe: E1_CALLBACK_WARMUP|round=0|sequence=11|producerTid=3286|consumerTid=3148|payload=r00-s011-x55|hash=2911268630|valid=true
CST 2026-07-17 17:57:02.764  3148  3148 I A02900/R1Api24Probe: E1_CALLBACK_WARMUP|round=0|sequence=12|producerTid=3286|consumerTid=3148|payload=r00-s012-x74|hash=2059060282|valid=true
CST 2026-07-17 17:57:02.764  3148  3148 I A02900/R1Api24Probe: E1_CALLBACK_WARMUP|round=0|sequence=13|producerTid=3286|consumerTid=3148|payload=r00-s013-x93|hash=2703426726|valid=true
CST 2026-07-17 17:57:02.764  3148  3148 I A02900/R1Api24Probe: E1_CALLBACK_WARMUP|round=0|sequence=14|producerTid=3286|consumerTid=3148|payload=r00-s014-xb2|hash=288872163|valid=true
CST 2026-07-17 17:57:02.764  3148  3148 I A02900/R1Api24Probe: E1_CALLBACK_WARMUP|round=0|sequence=15|producerTid=3286|consumerTid=3148|payload=r00-s015-xd1|hash=3441733235|valid=true
CST 2026-07-17 17:57:02.764  3148  3148 I A02900/R1Api24Probe: E1_CALLBACK_WARMUP|round=0|sequence=16|producerTid=3286|consumerTid=3148|payload=r00-s016-xf0|hash=2621106091|valid=true
CST 2026-07-17 17:57:02.764  3148  3148 I A02900/R1Api24Probe: E1_CALLBACK_WARMUP|round=0|sequence=17|producerTid=3286|consumerTid=3148|payload=r00-s017-x0f|hash=1178851540|valid=true
CST 2026-07-17 17:57:02.764  3148  3148 I A02900/R1Api24Probe: E1_CALLBACK_WARMUP|round=0|sequence=18|producerTid=3286|consumerTid=3148|payload=r00-s018-x2e|hash=2401870710|valid=true
CST 2026-07-17 17:57:02.764  3148  3148 I A02900/R1Api24Probe: E1_CALLBACK_WARMUP|round=0|sequence=19|producerTid=3286|consumerTid=3148|payload=r00-s019-x4d|hash=1756809528|valid=true
CST 2026-07-17 17:57:02.764  3148  3148 I A02900/R1Api24Probe: E1_CALLBACK_WARMUP|round=0|sequence=20|producerTid=3286|consumerTid=3148|payload=r00-s020-x6c|hash=3675680815|valid=true
CST 2026-07-17 17:57:02.764  3148  3148 I A02900/R1Api24Probe: E1_CALLBACK_WARMUP|round=0|sequence=21|producerTid=3286|consumerTid=3148|payload=r00-s021-x8b|hash=1192037305|valid=true
CST 2026-07-17 17:57:02.765  3148  3148 I A02900/R1Api24Probe: E1_CALLBACK_WARMUP|round=0|sequence=22|producerTid=3286|consumerTid=3148|payload=r00-s022-xaa|hash=3297654212|valid=true
CST 2026-07-17 17:57:02.765  3148  3148 I A02900/R1Api24Probe: E1_CALLBACK_WARMUP|round=0|sequence=23|producerTid=3286|consumerTid=3148|payload=r00-s023-xc9|hash=834309633|valid=true
CST 2026-07-17 17:57:02.765  3148  3148 I A02900/R1Api24Probe: E1_CALLBACK_WARMUP|round=0|sequence=24|producerTid=3286|consumerTid=3148|payload=r00-s024-xe8|hash=3984911949|valid=true
CST 2026-07-17 17:57:02.765  3148  3148 I A02900/R1Api24Probe: E1_CALLBACK_WARMUP|round=0|sequence=25|producerTid=3286|consumerTid=3148|payload=r00-s025-x07|hash=1456796262|valid=true
CST 2026-07-17 17:57:02.765  3148  3148 I A02900/R1Api24Probe: E1_CALLBACK_WARMUP|round=0|sequence=26|producerTid=3286|consumerTid=3148|payload=r00-s026-x26|hash=1096654834|valid=true
CST 2026-07-17 17:57:02.765  3148  3148 I A02900/R1Api24Probe: E1_CALLBACK_WARMUP|round=0|sequence=27|producerTid=3286|consumerTid=3148|payload=r00-s027-x45|hash=125270870|valid=true
CST 2026-07-17 17:57:02.765  3148  3148 I A02900/R1Api24Probe: E1_CALLBACK_WARMUP|round=0|sequence=28|producerTid=3286|consumerTid=3148|payload=r00-s028-x64|hash=1788163982|valid=true
CST 2026-07-17 17:57:02.765  3148  3148 I A02900/R1Api24Probe: E1_CALLBACK_WARMUP|round=0|sequence=29|producerTid=3286|consumerTid=3148|payload=r00-s029-x83|hash=246519630|valid=true
CST 2026-07-17 17:57:02.765  3148  3148 I A02900/R1Api24Probe: E1_CALLBACK_WARMUP|round=0|sequence=30|producerTid=3286|consumerTid=3148|payload=r00-s030-xa2|hash=788960954|valid=true
CST 2026-07-17 17:57:02.765  3148  3148 I A02900/R1Api24Probe: E1_CALLBACK_WARMUP|round=0|sequence=31|producerTid=3286|consumerTid=3148|payload=r00-s031-xc1|hash=2021733202|valid=true
CST 2026-07-17 17:57:02.765  3148  3148 I A02900/R1Api24Probe: E1_CALLBACK_WARMUP|round=0|sequence=32|producerTid=3286|consumerTid=3148|payload=r00-s032-xe0|hash=99464374|valid=true
CST 2026-07-17 17:57:02.765  3148  3148 I A02900/R1Api24Probe: E1_CALLBACK_WARMUP|round=0|sequence=33|producerTid=3286|consumerTid=3148|payload=r00-s033-xff|hash=2901611856|valid=true
CST 2026-07-17 17:57:02.765  3148  3148 I A02900/R1Api24Probe: E1_CALLBACK_WARMUP|round=0|sequence=34|producerTid=3286|consumerTid=3148|payload=r00-s034-x1e|hash=1787107143|valid=true
CST 2026-07-17 17:57:02.765  3148  3148 I A02900/R1Api24Probe: E1_CALLBACK_WARMUP|round=0|sequence=35|producerTid=3286|consumerTid=3148|payload=r00-s035-x3d|hash=2227392917|valid=true
CST 2026-07-17 17:57:02.765  3148  3148 I A02900/R1Api24Probe: E1_CALLBACK_WARMUP|round=0|sequence=36|producerTid=3286|consumerTid=3148|payload=r00-s036-x5c|hash=4223794527|valid=true
CST 2026-07-17 17:57:02.765  3148  3148 I A02900/R1Api24Probe: E1_CALLBACK_WARMUP|round=0|sequence=37|producerTid=3286|consumerTid=3148|payload=r00-s037-x7b|hash=346072349|valid=true
CST 2026-07-17 17:57:02.766  3148  3148 I A02900/R1Api24Probe: E1_CALLBACK_WARMUP|round=0|sequence=38|producerTid=3286|consumerTid=3148|payload=r00-s038-x9a|hash=1763416647|valid=true
CST 2026-07-17 17:57:02.766  3148  3148 I A02900/R1Api24Probe: E1_CALLBACK_WARMUP|round=0|sequence=39|producerTid=3286|consumerTid=3148|payload=r00-s039-xb9|hash=4250501375|valid=true
CST 2026-07-17 17:57:02.766  3148  3148 I A02900/R1Api24Probe: E1_CALLBACK_WARMUP|round=0|sequence=40|producerTid=3286|consumerTid=3148|payload=r00-s040-xd8|hash=3144565358|valid=true
CST 2026-07-17 17:57:02.766  3148  3148 I A02900/R1Api24Probe: E1_CALLBACK_WARMUP|round=0|sequence=41|producerTid=3286|consumerTid=3148|payload=r00-s041-xf7|hash=2725362126|valid=true
CST 2026-07-17 17:57:02.766  3148  3148 I A02900/R1Api24Probe: E1_CALLBACK_WARMUP|round=0|sequence=42|producerTid=3286|consumerTid=3148|payload=r00-s042-x16|hash=3852956471|valid=true
CST 2026-07-17 17:57:02.766  3148  3148 I A02900/R1Api24Probe: E1_CALLBACK_WARMUP|round=0|sequence=43|producerTid=3286|consumerTid=3148|payload=r00-s043-x35|hash=1524445883|valid=true
CST 2026-07-17 17:57:02.766  3148  3148 I A02900/R1Api24Probe: E1_CALLBACK_WARMUP|round=0|sequence=44|producerTid=3286|consumerTid=3148|payload=r00-s044-x54|hash=1981448527|valid=true
CST 2026-07-17 17:57:02.766  3148  3148 I A02900/R1Api24Probe: E1_CALLBACK_WARMUP|round=0|sequence=45|producerTid=3286|consumerTid=3148|payload=r00-s045-x73|hash=635243679|valid=true
CST 2026-07-17 17:57:02.766  3148  3148 I A02900/R1Api24Probe: E1_CALLBACK_WARMUP|round=0|sequence=46|producerTid=3286|consumerTid=3148|payload=r00-s046-x92|hash=1734122399|valid=true
CST 2026-07-17 17:57:02.766  3148  3148 I A02900/R1Api24Probe: E1_CALLBACK_WARMUP|round=0|sequence=47|producerTid=3286|consumerTid=3148|payload=r00-s047-xb1|hash=2348174166|valid=true
CST 2026-07-17 17:57:02.766  3148  3148 I A02900/R1Api24Probe: E1_CALLBACK_WARMUP|round=0|sequence=48|producerTid=3286|consumerTid=3148|payload=r00-s048-xd0|hash=2907323614|valid=true
CST 2026-07-17 17:57:02.766  3148  3148 I A02900/R1Api24Probe: E1_CALLBACK_WARMUP|round=0|sequence=49|producerTid=3286|consumerTid=3148|payload=r00-s049-xef|hash=571283230|valid=true
CST 2026-07-17 17:57:02.766  3148  3148 I A02900/R1Api24Probe: E1_CALLBACK_WARMUP|round=0|sequence=50|producerTid=3286|consumerTid=3148|payload=r00-s050-x0e|hash=3124695204|valid=true
CST 2026-07-17 17:57:02.766  3148  3148 I A02900/R1Api24Probe: E1_CALLBACK_WARMUP|round=0|sequence=51|producerTid=3286|consumerTid=3148|payload=r00-s051-x2d|hash=92426578|valid=true
CST 2026-07-17 17:57:02.766  3148  3148 I A02900/R1Api24Probe: E1_CALLBACK_WARMUP|round=0|sequence=52|producerTid=3286|consumerTid=3148|payload=r00-s052-x4c|hash=3314028400|valid=true
CST 2026-07-17 17:57:02.767  3148  3148 I A02900/R1Api24Probe: E1_CALLBACK_WARMUP|round=0|sequence=53|producerTid=3286|consumerTid=3148|payload=r00-s053-x6b|hash=1098283950|valid=true
CST 2026-07-17 17:57:02.767  3148  3148 I A02900/R1Api24Probe: E1_CALLBACK_WARMUP|round=0|sequence=54|producerTid=3286|consumerTid=3148|payload=r00-s054-x8a|hash=1716205156|valid=true
CST 2026-07-17 17:57:02.767  3148  3148 I A02900/R1Api24Probe: E1_CALLBACK_WARMUP|round=0|sequence=55|producerTid=3286|consumerTid=3148|payload=r00-s055-xa9|hash=836595878|valid=true
CST 2026-07-17 17:57:02.767  3148  3148 I A02900/R1Api24Probe: E1_CALLBACK_WARMUP|round=0|sequence=56|producerTid=3286|consumerTid=3148|payload=r00-s056-xc8|hash=4134104850|valid=true
CST 2026-07-17 17:57:02.767  3148  3148 I A02900/R1Api24Probe: E1_CALLBACK_WARMUP|round=0|sequence=57|producerTid=3286|consumerTid=3148|payload=r00-s057-xe7|hash=2791854678|valid=true
CST 2026-07-17 17:57:02.767  3148  3148 I A02900/R1Api24Probe: E1_CALLBACK_WARMUP|round=0|sequence=58|producerTid=3286|consumerTid=3148|payload=r00-s058-x06|hash=2136421525|valid=true
CST 2026-07-17 17:57:02.767  3148  3148 I A02900/R1Api24Probe: E1_CALLBACK_WARMUP|round=0|sequence=59|producerTid=3286|consumerTid=3148|payload=r00-s059-x25|hash=3454248285|valid=true
CST 2026-07-17 17:57:02.767  3148  3148 I A02900/R1Api24Probe: E1_CALLBACK_WARMUP|round=0|sequence=60|producerTid=3286|consumerTid=3148|payload=r00-s060-x44|hash=2834413160|valid=true
CST 2026-07-17 17:57:02.767  3148  3148 I A02900/R1Api24Probe: E1_CALLBACK_WARMUP|round=0|sequence=61|producerTid=3286|consumerTid=3148|payload=r00-s061-x63|hash=537785640|valid=true
CST 2026-07-17 17:57:02.767  3148  3148 I A02900/R1Api24Probe: E1_CALLBACK_WARMUP|round=0|sequence=62|producerTid=3286|consumerTid=3148|payload=r00-s062-x82|hash=1769352508|valid=true
CST 2026-07-17 17:57:02.767  3148  3148 I A02900/R1Api24Probe: E1_CALLBACK_WARMUP|round=0|sequence=63|producerTid=3286|consumerTid=3148|payload=r00-s063-xa1|hash=997207043|valid=true
CST 2026-07-17 17:57:02.767  3148  3148 I A02900/R1Api24Probe: E1_CALLBACK_WARMUP|round=0|sequence=64|producerTid=3286|consumerTid=3148|payload=r00-s064-xc0|hash=1058017543|valid=true
CST 2026-07-17 17:57:02.767  3148  3148 I A02900/R1Api24Probe: E1_CALLBACK_WARMUP|round=0|sequence=65|producerTid=3286|consumerTid=3148|payload=r00-s065-xdf|hash=2547294321|valid=true
CST 2026-07-17 17:57:02.767  3148  3148 I A02900/R1Api24Probe: E1_CALLBACK_WARMUP|round=0|sequence=66|producerTid=3286|consumerTid=3148|payload=r00-s066-xfe|hash=246526735|valid=true
CST 2026-07-17 17:57:02.767  3148  3148 I A02900/R1Api24Probe: E1_CALLBACK_WARMUP|round=0|sequence=67|producerTid=3286|consumerTid=3148|payload=r00-s067-x1d|hash=3061084880|valid=true
CST 2026-07-17 17:57:02.767  3148  3148 I A02900/R1Api24Probe: E1_CALLBACK_WARMUP|round=0|sequence=68|producerTid=3286|consumerTid=3148|payload=r00-s068-x3c|hash=1203596486|valid=true
CST 2026-07-17 17:57:02.767  3148  3148 I A02900/R1Api24Probe: E1_CALLBACK_WARMUP|round=0|sequence=69|producerTid=3286|consumerTid=3148|payload=r00-s069-x5b|hash=1581556268|valid=true
CST 2026-07-17 17:57:02.767   795  1052 I C01400/Vsync: OnVSyncTrigger: F send
CST 2026-07-17 17:57:02.767   795  1052 I C01400/Vsync: PostEvent: First vsync has send to : WM_3148
CST 2026-07-17 17:57:02.767  3148  3148 I A02900/R1Api24Probe: E1_CALLBACK_WARMUP|round=0|sequence=70|producerTid=3286|consumerTid=3148|payload=r00-s070-x7a|hash=2885972425|valid=true
CST 2026-07-17 17:57:02.768  3148  3148 I A02900/R1Api24Probe: E1_CALLBACK_WARMUP|round=0|sequence=71|producerTid=3286|consumerTid=3148|payload=r00-s071-x99|hash=489395280|valid=true
CST 2026-07-17 17:57:02.769  3148  3148 I A02900/R1Api24Probe: E1_CALLBACK_WARMUP|round=0|sequence=72|producerTid=3286|consumerTid=3148|payload=r00-s072-xb8|hash=2811719069|valid=true
CST 2026-07-17 17:57:02.769  3148  3148 I A02900/R1Api24Probe: E1_CALLBACK_WARMUP|round=0|sequence=73|producerTid=3286|consumerTid=3148|payload=r00-s073-xd7|hash=1231339073|valid=true
CST 2026-07-17 17:57:02.769  3148  3148 I A02900/R1Api24Probe: E1_CALLBACK_WARMUP|round=0|sequence=74|producerTid=3286|consumerTid=3148|payload=r00-s074-xf6|hash=96077973|valid=true
CST 2026-07-17 17:57:02.769  3148  3148 I A02900/R1Api24Probe: E1_CALLBACK_WARMUP|round=0|sequence=75|producerTid=3286|consumerTid=3148|payload=r00-s075-x15|hash=3647162784|valid=true
CST 2026-07-17 17:57:02.769  3148  3148 I A02900/R1Api24Probe: E1_CALLBACK_WARMUP|round=0|sequence=76|producerTid=3286|consumerTid=3148|payload=r00-s076-x34|hash=4294497300|valid=true
CST 2026-07-17 17:57:02.770  3148  3148 I A02900/R1Api24Probe: E1_CALLBACK_WARMUP|round=0|sequence=77|producerTid=3286|consumerTid=3148|payload=r00-s077-x53|hash=1439522904|valid=true
CST 2026-07-17 17:57:02.770  3148  3148 I A02900/R1Api24Probe: E1_CALLBACK_WARMUP|round=0|sequence=78|producerTid=3286|consumerTid=3148|payload=r00-s078-x72|hash=2159345880|valid=true
CST 2026-07-17 17:57:02.770  3148  3148 I A02900/R1Api24Probe: E1_CALLBACK_WARMUP|round=0|sequence=79|producerTid=3286|consumerTid=3148|payload=r00-s079-x91|hash=2473062992|valid=true
CST 2026-07-17 17:57:02.770  3148  3148 I A02900/R1Api24Probe: E1_CALLBACK_WARMUP|round=0|sequence=80|producerTid=3286|consumerTid=3148|payload=r00-s080-xb0|hash=1671440380|valid=true
CST 2026-07-17 17:57:02.770  3148  3148 I A02900/R1Api24Probe: E1_CALLBACK_WARMUP|round=0|sequence=81|producerTid=3286|consumerTid=3148|payload=r00-s081-xcf|hash=1529654652|valid=true
CST 2026-07-17 17:57:02.770  3148  3148 I A02900/R1Api24Probe: E1_CALLBACK_WARMUP|round=0|sequence=82|producerTid=3286|consumerTid=3148|payload=r00-s082-xee|hash=2148656178|valid=true
CST 2026-07-17 17:57:02.770  3148  3148 I A02900/R1Api24Probe: E1_CALLBACK_WARMUP|round=0|sequence=83|producerTid=3286|consumerTid=3148|payload=r00-s083-x0d|hash=1855816999|valid=true
CST 2026-07-17 17:57:02.770  3148  3148 I A02900/R1Api24Probe: E1_CALLBACK_WARMUP|round=0|sequence=84|producerTid=3286|consumerTid=3148|payload=r00-s084-x2c|hash=1274157241|valid=true
CST 2026-07-17 17:57:02.770  3148  3148 I A02900/R1Api24Probe: E1_CALLBACK_WARMUP|round=0|sequence=85|producerTid=3286|consumerTid=3148|payload=r00-s085-x4b|hash=967020463|valid=true
CST 2026-07-17 17:57:02.770  3148  3148 I A02900/R1Api24Probe: E1_CALLBACK_WARMUP|round=0|sequence=86|producerTid=3286|consumerTid=3148|payload=r00-s086-x6a|hash=74650625|valid=true
CST 2026-07-17 17:57:02.770  3148  3148 I A02900/R1Api24Probe: E1_CALLBACK_WARMUP|round=0|sequence=87|producerTid=3286|consumerTid=3148|payload=r00-s087-x89|hash=1075059596|valid=true
CST 2026-07-17 17:57:02.770  3148  3148 I A02900/R1Api24Probe: E1_CALLBACK_WARMUP|round=0|sequence=88|producerTid=3286|consumerTid=3148|payload=r00-s088-xa8|hash=1429573111|valid=true
CST 2026-07-17 17:57:02.770  3148  3148 I A02900/R1Api24Probe: E1_CALLBACK_WARMUP|round=0|sequence=89|producerTid=3286|consumerTid=3148|payload=r00-s089-xc7|hash=56773767|valid=true
CST 2026-07-17 17:57:02.770  3148  3148 I A02900/R1Api24Probe: E1_CALLBACK_WARMUP|round=0|sequence=90|producerTid=3286|consumerTid=3148|payload=r00-s090-xe6|hash=1246678808|valid=true
CST 2026-07-17 17:57:02.770  3148  3148 I A02900/R1Api24Probe: E1_CALLBACK_WARMUP|round=0|sequence=91|producerTid=3286|consumerTid=3148|payload=r00-s091-x05|hash=3247670015|valid=true
CST 2026-07-17 17:57:02.770  3148  3148 I A02900/R1Api24Probe: E1_CALLBACK_WARMUP|round=0|sequence=92|producerTid=3286|consumerTid=3148|payload=r00-s092-x24|hash=2432265751|valid=true
CST 2026-07-17 17:57:02.770  3148  3148 I A02900/R1Api24Probe: E1_CALLBACK_WARMUP|round=0|sequence=93|producerTid=3286|consumerTid=3148|payload=r00-s093-x43|hash=2985695051|valid=true
CST 2026-07-17 17:57:02.771  3148  3148 I A02900/R1Api24Probe: E1_CALLBACK_WARMUP|round=0|sequence=94|producerTid=3286|consumerTid=3148|payload=r00-s094-x62|hash=45414831|valid=true
CST 2026-07-17 17:57:02.771  3148  3148 I A02900/R1Api24Probe: E1_CALLBACK_WARMUP|round=0|sequence=95|producerTid=3286|consumerTid=3148|payload=r00-s095-x81|hash=3866152343|valid=true
CST 2026-07-17 17:57:02.771  3148  3148 I A02900/R1Api24Probe: E1_CALLBACK_WARMUP|round=0|sequence=96|producerTid=3286|consumerTid=3148|payload=r00-s096-xa0|hash=296280556|valid=true
CST 2026-07-17 17:57:02.771  3148  3148 I A02900/R1Api24Probe: E1_CALLBACK_WARMUP|round=0|sequence=97|producerTid=3286|consumerTid=3148|payload=r00-s097-xbf|hash=1053703614|valid=true
CST 2026-07-17 17:57:02.771  3148  3148 I A02900/R1Api24Probe: E1_CALLBACK_WARMUP|round=0|sequence=98|producerTid=3286|consumerTid=3148|payload=r00-s098-xde|hash=2934959700|valid=true
CST 2026-07-17 17:57:02.771  3148  3148 I A02900/R1Api24Probe: E1_CALLBACK_WARMUP|round=0|sequence=99|producerTid=3286|consumerTid=3148|payload=r00-s099-xfd|hash=3128052986|valid=true
CST 2026-07-17 17:57:02.771  3148  3148 I A02900/R1Api24Probe: E1_CALLBACK_WARMUP|round=0|sequence=100|producerTid=3286|consumerTid=3148|payload=r00-s100-x1c|hash=2381328349|valid=true
CST 2026-07-17 17:57:02.771  3148  3148 I C04202/WMSMain: VsyncCallbackInner: First vsync has come back, nodeId: 13520557047810
CST 2026-07-17 17:57:02.771  3148  3148 W C03900/Ace: [(100000:100000:scope)] FeatureParamManager feature is missing or invalid
CST 2026-07-17 17:57:02.772   795   886 W C01406/OHOS::RS: RSJankStats::SetJankStats jank frames 7
CST 2026-07-17 17:57:02.773   648  3105 W C02515/DISP: [SetLayerMaskInfo:495] <private> is not supported
CST 2026-07-17 17:57:02.773   795   795 I C01406/OHOS::RS: RSSurfaceRenderNode::SetAbilityState, surfaceNodeId:[13520557047810] ability state: foreground
CST 2026-07-17 17:57:02.774   795   795 E C01406/RSScreenManager: IsAllScreensPowerOff: screenPowerStatus_ is empty.
CST 2026-07-17 17:57:02.781  3291  3291 W C02c02/PARAM: Selinux check name persist.init.debug.loglevel in u:object_r:startup_init_param:s0 [3291 2000 2000] failed
CST 2026-07-17 17:57:02.781  3291  3291 W C02c02/PARAM: Selinux check name persist.init.debug.loglevel in u:object_r:startup_init_param:s0 [3291 2000 2000] failed
CST 2026-07-17 17:57:02.781  3291  3291 W C02c02/PARAM: SystemReadParam failed!name is:persist.init.debug.loglevel,err:1002
CST 2026-07-17 17:57:02.783  3148  3148 I C01408/Text: InitTextBundleConfig: Adapter text height enabled 0
CST 2026-07-17 17:57:02.816   644   650 I C02515/DISP: [InitBufferHandle:229] express init gbuffer id 28a00000039 ret 0 err 0 fd 8 768 768 pixel 4 size 2359296 usage 2b
CST 2026-07-17 17:57:02.816   644   650 I C02515/DISP: [ExpressAllocMem:271] ExpressAllocMem requeset BufferHandle 8, width 768, heigt 768, format 20
CST 2026-07-17 17:57:02.820  3148  3148 I C03900/Ace: [(100000:100000:scope)] ArkUi flush first frame messages.
CST 2026-07-17 17:57:02.820  3148  3148 I C0391c/AceFocus: [(100000:100000:scope)] Request focus on focusView: page/2.
CST 2026-07-17 17:57:02.820  3148  3148 I C0391c/AceFocus: [(100000:100000:scope)] WinFocusMove end, root/secure_field onBlur, Column/secure_field onFocus, start: 2, end: 1, update: 2
CST 2026-07-17 17:57:02.820  3148  3148 I C03933/AceKeyboard: [(100000:100000:scope)] current focus node: (Column/5). isDynamic: 0
CST 2026-07-17 17:57:02.821  3148  3148 I C03933/AceKeyboard: [(100000:100000:scope)] Trigger Window Focus Callback
CST 2026-07-17 17:57:02.821  3148  3148 I C03933/AceKeyboard: [(100000:100000:scope)] need keyboard : 0.
CST 2026-07-17 17:57:02.821  3148  3148 I C0420b/WMSKeyboard: id: 30, isNeedKeyboard: 0, keepKeyboardFlag: 0
CST 2026-07-17 17:57:02.821   648  1084 I C02515/DISP: [CommitComposeLayer:67] CommitComposeLayer! 10
CST 2026-07-17 17:57:02.822  2255  2255 I C03930/AceAnimation: [(100000:100000:scope)] animateTo finish, cnt:22
CST 2026-07-17 17:57:02.822   796  1224 W C01300/AAFwk: [permission_verification.cpp66]ohos.permission.GET_RUNNING_INFO: PERMISSION_DENIED
CST 2026-07-17 17:57:02.822   796  1224 E C01311/AppMS: [AMSI6451]permission verify fail
CST 2026-07-17 17:57:02.822  3148  3148 I C0420b/WMSKeyboard: RequestInputMethodCloseKeyboard: Notify InputMethod framework close keyboard start. id: 30, isUIEProc: 0, hostWindowId: 30
CST 2026-07-17 17:57:02.822  2255  2255 I A04200/WINDOW: WindowAnimation: [SCBAnimation] finish conatainerId 1, type ZOOM_IN
CST 2026-07-17 17:57:02.823  2255  2255 W A01b01/HOME: SCBSCS: getTransitionCount from session 1, 1
CST 2026-07-17 17:57:02.823  2255  2255 W A01b01/HOME: SCBTM: getTransitionCount from animationMap 1, 1
CST 2026-07-17 17:57:02.823  2255  2255 I A01b01/HOME: SCBScenePanelAnimator: startSceneFromOther animation count: before 1,
CST 2026-07-17 17:57:02.823  2255  2255 I A01b01/HOME:         current 1
CST 2026-07-17 17:57:02.823  2255  2255 W A01b01/HOME: SCBSCS: getTransitionCount from session 1, 1
CST 2026-07-17 17:57:02.823  2255  2255 W A01b01/HOME: SCBTM: getTransitionCount from animationMap 1, 1
CST 2026-07-17 17:57:02.823  2255  2255 I A01b01/HOME: SCBScenePanelAnimator: capsule animating is false
CST 2026-07-17 17:57:02.823  2255  2255 I A01b00/SCB: LuoShuStateManager --> getLuoShuStateInfo: SCBScenePanelViewModel {"luoShuState":0,"scenePanelState":1,"eventType":-1,"screenInfo":{"isLandscape":false,"foldState":1},"screenId":0,"holdingHandStatus":1}
CST 2026-07-17 17:57:02.824  2255  2255 W A01b01/HOME: SCBSCS: [SCBScenePanelViewModel] border radius from topLeft: 36, topRight: 36, bottomLeft: 36, bottomRight: 36 to 0. reason: sceneContainerZoomIn, extra: EntryAbility/cn.alfadb.netbird.r1probe/entry/0(persistentId: 30)(containerId: 1)
CST 2026-07-17 17:57:02.824  2255  2255 W A01b01/HOME: SCBSCS: clearTransitionCount 1, 1
CST 2026-07-17 17:57:02.824  2255  2255 I A01b01/HOME: SCBTM: clearTransitionCount 1, 1
CST 2026-07-17 17:57:02.825  2255  2255 I A01b00/SCB: AnimateToScheduleUtils: raiseAppStartToCPUPriority: 1
CST 2026-07-17 17:57:02.838   644   650 I C02515/DISP: [ExpressFreeMem:317] freeMem bufferhandle gbuffer_id 28a00000039, width 768, heigt 768
CST 2026-07-17 17:57:02.838   914  1040 I C01409/APS_MANAGER: SetScene pkgName = com.ohos.sceneboard, scene = START_APP_ANIMATION, state = 0
CST 2026-07-17 17:57:02.838   795  1074 I C01406/RSRenderComposer: CommitAndReleaseLayers report load event frameTime: 65543 missedFrame: 3 frameRate:60 SurfaceName: [ScreenNode]
CST 2026-07-17 17:57:02.838   914  1040 W C01409/APS_MANAGER: FrameRateControl removeSceneInfo: unknow scene!
CST 2026-07-17 17:57:02.838   786  1536 I C01c10/ImsaKit: line: 195, function: OnRemoteRequest,IMSA, code = 8, callingPid/Uid/timestamp: 3148/20020062/1784282222838
CST 2026-07-17 17:57:02.838   786  1536 I C01c10/ImsaKit: line: 865, function: RequestHideInput,isFocusTriggered/windowId/displayId:0/30/0.
CST 2026-07-17 17:57:02.839  2255  2310 I C04207/WMSFocus: GetAllGroupInfo success
CST 2026-07-17 17:57:02.839  2255  2718 I C04207/WMSFocus: HandleGetAllGroupInfo: start reply
CST 2026-07-17 17:57:02.841   786  1536 I C01c10/ImsaKit: line: 164, function: NotifyInputStop,enter.
CST 2026-07-17 17:57:02.841   786  1536 I C01c10/ImsaKit: line: 61, function: GetListenerInfo,ImeEventListenerManager::GetListenerInfo enter
CST 2026-07-17 17:57:02.841   786  1536 I C01c10/ImsaKit: line: 181, function: NotifyInputStop,NotifyInputStopToClients end
CST 2026-07-17 17:57:02.841  3148  3148 I C03903/AceSubWindow: [(100000:100000:scope)] hide menu ng exit, window not exist
CST 2026-07-17 17:57:02.842  3148  3148 I C04216/WMSPattern: FlushLayoutSize: NotifyFrameLayoutFinishFromApp, id: 30, rect: [0 0 1320 2856], notifyListener: 0
CST 2026-07-17 17:57:02.842  2255  2718 I C04216/WMSPattern: NotifyFrameLayoutFinishFromApp: 0, [0 0 1320 2856]
CST 2026-07-17 17:57:02.842  2255  2255 I C0393b/AceWindowScene: [(100000:100000:scope)] isAbilityHook: 0,BufferAvailableCallback id: 30,enableRemoveStartingWindow: 0, appBufferReady: 0
CST 2026-07-17 17:57:02.842  2255  2255 I C0393b/AceWindowScene: [(100000:100000:scope)] BufferAvailableCallback id: 30, isWindowSizeEqual: 1
CST 2026-07-17 17:57:02.843  3148  3148 I C02d66/Hiview-PerfMonitor: ProcessJank: JankFrameMonitor::ProcessJank jank >= threshold
CST 2026-07-17 17:57:02.894  3148  3148 I A02900/R1Api24Probe: E1_TSFN_WARMUP|verdict=PASS|callbacks=100|producerTid=3286|consumerTid=3148|beforeFd=37|afterFd=38|beforeThreads=27|afterThreads=28
CST 2026-07-17 17:57:02.894  3148  3148 I A02900/R1Api24Probe: E1_INITIAL_RESOURCE|pid=3148|mainTid=3148|fd=38|threads=28|mechanism=napi_threadsafe_function|baseline=post-warmup
CST 2026-07-17 17:57:02.895  3148  3148 I A02900/R1Api24Probe: E1_BUFFER_SAMPLE|round=1|sample=1|length=0|leftSentinel=41|rightSentinel=214|hash=2166136261|guards=true|nativeTid=3148
CST 2026-07-17 17:57:02.895  3148  3148 I A02900/R1Api24Probe: E1_BUFFER_SAMPLE|round=1|sample=2|length=1|leftSentinel=42|rightSentinel=213|hash=789356349|guards=true|nativeTid=3148
CST 2026-07-17 17:57:02.895  3148  3148 I A02900/R1Api24Probe: E1_BUFFER_SAMPLE|round=1|sample=3|length=2|leftSentinel=43|rightSentinel=212|hash=2447758296|guards=true|nativeTid=3148
CST 2026-07-17 17:57:02.895  3148  3148 I A02900/R1Api24Probe: E1_BUFFER_SAMPLE|round=1|sample=4|length=3|leftSentinel=44|rightSentinel=211|hash=638900014|guards=true|nativeTid=3148
CST 2026-07-17 17:57:02.895  3148  3148 I A02900/R1Api24Probe: E1_BUFFER_SAMPLE|round=1|sample=5|length=4|leftSentinel=45|rightSentinel=210|hash=1149293757|guards=true|nativeTid=3148
CST 2026-07-17 17:57:02.896  3148  3148 I A02900/R1Api24Probe: E1_BUFFER_SAMPLE|round=1|sample=6|length=5|leftSentinel=46|rightSentinel=209|hash=1871015433|guards=true|nativeTid=3148
CST 2026-07-17 17:57:02.896  3148  3148 I A02900/R1Api24Probe: E1_BUFFER_SAMPLE|round=1|sample=7|length=6|leftSentinel=47|rightSentinel=208|hash=2824416860|guards=true|nativeTid=3148
CST 2026-07-17 17:57:02.896  3148  3148 I A02900/R1Api24Probe: E1_BUFFER_SAMPLE|round=1|sample=8|length=7|leftSentinel=48|rightSentinel=207|hash=3791206910|guards=true|nativeTid=3148
CST 2026-07-17 17:57:02.896  3148  3148 I A02900/R1Api24Probe: E1_BUFFER_SAMPLE|round=1|sample=9|length=8|leftSentinel=49|rightSentinel=206|hash=1678132149|guards=true|nativeTid=3148
CST 2026-07-17 17:57:02.896  3148  3148 I A02900/R1Api24Probe: E1_BUFFER_SAMPLE|round=1|sample=10|length=9|leftSentinel=50|rightSentinel=205|hash=384415237|guards=true|nativeTid=3148
CST 2026-07-17 17:57:02.896  3148  3148 I A02900/R1Api24Probe: E1_BUFFER_SAMPLE|round=1|sample=11|length=10|leftSentinel=51|rightSentinel=204|hash=3894617496|guards=true|nativeTid=3148
CST 2026-07-17 17:57:02.896  3148  3148 I A02900/R1Api24Probe: E1_BUFFER_SAMPLE|round=1|sample=12|length=11|leftSentinel=52|rightSentinel=203|hash=1652375358|guards=true|nativeTid=3148
CST 2026-07-17 17:57:02.896  3148  3148 I A02900/R1Api24Probe: E1_BUFFER_SAMPLE|round=1|sample=13|length=12|leftSentinel=53|rightSentinel=202|hash=2977148941|guards=true|nativeTid=3148
CST 2026-07-17 17:57:02.897  3148  3148 I A02900/R1Api24Probe: E1_BUFFER_SAMPLE|round=1|sample=14|length=13|leftSentinel=54|rightSentinel=201|hash=938916129|guards=true|nativeTid=3148
CST 2026-07-17 17:57:02.897  3148  3148 I A02900/R1Api24Probe: E1_BUFFER_SAMPLE|round=1|sample=15|length=14|leftSentinel=55|rightSentinel=200|hash=2140236044|guards=true|nativeTid=3148
CST 2026-07-17 17:57:02.897  3148  3148 I A02900/R1Api24Probe: E1_BUFFER_SAMPLE|round=1|sample=16|length=15|leftSentinel=56|rightSentinel=199|hash=4161338126|guards=true|nativeTid=3148
CST 2026-07-17 17:57:02.897  3148  3148 I A02900/R1Api24Probe: E1_BUFFER_SAMPLE|round=1|sample=17|length=16|leftSentinel=57|rightSentinel=198|hash=2570811941|guards=true|nativeTid=3148
CST 2026-07-17 17:57:02.897  3148  3148 I A02900/R1Api24Probe: E1_BUFFER_SAMPLE|round=1|sample=18|length=17|leftSentinel=58|rightSentinel=197|hash=1281986125|guards=true|nativeTid=3148
CST 2026-07-17 17:57:02.897  3148  3148 I A02900/R1Api24Probe: E1_BUFFER_SAMPLE|round=1|sample=19|length=18|leftSentinel=59|rightSentinel=196|hash=3503394136|guards=true|nativeTid=3148
CST 2026-07-17 17:57:02.897  3148  3148 I A02900/R1Api24Probe: E1_BUFFER_SAMPLE|round=1|sample=20|length=19|leftSentinel=60|rightSentinel=195|hash=827513358|guards=true|nativeTid=3148
CST 2026-07-17 17:57:02.898  3148  3148 I A02900/R1Api24Probe: E1_BUFFER_SAMPLE|round=1|sample=21|length=20|leftSentinel=61|rightSentinel=194|hash=3222019197|guards=true|nativeTid=3148
CST 2026-07-17 17:57:02.898  3148  3148 I A02900/R1Api24Probe: E1_BUFFER_SAMPLE|round=1|sample=22|length=21|leftSentinel=62|rightSentinel=193|hash=3932132345|guards=true|nativeTid=3148
CST 2026-07-17 17:57:02.898  3148  3148 I A02900/R1Api24Probe: E1_BUFFER_SAMPLE|round=1|sample=23|length=22|leftSentinel=63|rightSentinel=192|hash=3460681596|guards=true|nativeTid=3148
CST 2026-07-17 17:57:02.898  3148  3148 I A02900/R1Api24Probe: E1_BUFFER_SAMPLE|round=1|sample=24|length=23|leftSentinel=64|rightSentinel=191|hash=2900183486|guards=true|nativeTid=3148
CST 2026-07-17 17:57:02.898  3148  3148 I A02900/R1Api24Probe: E1_BUFFER_SAMPLE|round=1|sample=25|length=24|leftSentinel=65|rightSentinel=190|hash=3256198741|guards=true|nativeTid=3148
CST 2026-07-17 17:57:02.898  3148  3148 I A02900/R1Api24Probe: E1_BUFFER_SAMPLE|round=1|sample=26|length=25|leftSentinel=66|rightSentinel=189|hash=1527382997|guards=true|nativeTid=3148
CST 2026-07-17 17:57:02.898  3148  3148 I A02900/R1Api24Probe: E1_BUFFER_SAMPLE|round=1|sample=27|length=26|leftSentinel=67|rightSentinel=188|hash=2580325080|guards=true|nativeTid=3148
CST 2026-07-17 17:57:02.898  3148  3148 I A02900/R1Api24Probe: E1_BUFFER_SAMPLE|round=1|sample=28|length=27|leftSentinel=68|rightSentinel=187|hash=1006177566|guards=true|nativeTid=3148
CST 2026-07-17 17:57:02.899  3148  3148 I A02900/R1Api24Probe: E1_BUFFER_SAMPLE|round=1|sample=29|length=28|leftSentinel=69|rightSentinel=186|hash=2022833997|guards=true|nativeTid=3148
CST 2026-07-17 17:57:02.899  3148  3148 I A02900/R1Api24Probe: E1_BUFFER_SAMPLE|round=1|sample=30|length=29|leftSentinel=70|rightSentinel=185|hash=2809291185|guards=true|nativeTid=3148
CST 2026-07-17 17:57:02.902   302   567 E C01700/RSS: [a92ab1fc6edc23b] DeliverResource, PluginMgr resType 1002 no lib register!
CST 2026-07-17 17:57:02.902   313   407 E C01704/TagSched: [a92ab1fc6edc23b] [ExecutorCheckTidIsInPid][Executor] ExecutorCheckTidIsInPid get reply is invalied
CST 2026-07-17 17:57:02.902  2255  2255 I C02d66/Hiview-PerfMonitor: ProcessJank: JankFrameMonitor::ProcessJank jank >= threshold
CST 2026-07-17 17:57:02.902   313   407 I C01704/TagSched: [a92ab1fc6edc23b] [SetQosRealtimeTask]ThreadModifyQos,setQos 795 tid[1054],  qos[7]
CST 2026-07-17 17:57:02.902   313   407 E C01704/TagSched: [a92ab1fc6edc23b] [OpenQosCtrl]Failed to open qos_ctrl device
CST 2026-07-17 17:57:02.902   313   407 E C01704/TagSched: [a92ab1fc6edc23b] [IsQosHandleOpen]get qosSetHandle_ fail
CST 2026-07-17 17:57:02.902   313   407 E C01704/TagSched: [a92ab1fc6edc23b] [SetQosInternal]qosSetHandle open fail
CST 2026-07-17 17:57:02.902   313   407 E C01704/TagSched: [a92ab1fc6edc23b] [OpenQosCtrl]Failed to open qos_ctrl device
CST 2026-07-17 17:57:02.902   313   407 E C01704/TagSched: [a92ab1fc6edc23b] [IsQosHandleOpen]get qosSetHandle_ fail
CST 2026-07-17 17:57:02.902   313   407 E C01704/TagSched: [a92ab1fc6edc23b] [SetQosInternal]qosSetHandle open fail
CST 2026-07-17 17:57:02.902   313   407 E C01704/TagSched: [a92ab1fc6edc23b] [OpenQosCtrl]Failed to open qos_ctrl device
CST 2026-07-17 17:57:02.902   313   407 E C01704/TagSched: [a92ab1fc6edc23b] [IsQosHandleOpen]get qosSetHandle_ fail
CST 2026-07-17 17:57:02.902   313   407 E C01704/TagSched: [a92ab1fc6edc23b] [SetQosInternal]qosSetHandle open fail
CST 2026-07-17 17:57:02.903  3148  3148 I A02900/R1Api24Probe: E1_BUFFER_SAMPLE|round=1|sample=31|length=30|leftSentinel=71|rightSentinel=184|hash=2829547916|guards=true|nativeTid=3148
CST 2026-07-17 17:57:02.903  3148  3148 I A02900/R1Api24Probe: E1_BUFFER_SAMPLE|round=1|sample=32|length=31|leftSentinel=72|rightSentinel=183|hash=2375212174|guards=true|nativeTid=3148
CST 2026-07-17 17:57:02.904  3148  3148 I A02900/R1Api24Probe: E1_BUFFER_SAMPLE|round=1|sample=33|length=32|leftSentinel=73|rightSentinel=182|hash=3098176389|guards=true|nativeTid=3148
CST 2026-07-17 17:57:02.904  3148  3148 I A02900/R1Api24Probe: E1_BUFFER_SAMPLE|round=1|sample=34|length=33|leftSentinel=74|rightSentinel=181|hash=3408153181|guards=true|nativeTid=3148
CST 2026-07-17 17:57:02.904  3148  3148 I A02900/R1Api24Probe: E1_BUFFER_SAMPLE|round=1|sample=35|length=34|leftSentinel=75|rightSentinel=180|hash=2859039704|guards=true|nativeTid=3148
CST 2026-07-17 17:57:02.904  3148  3148 I A02900/R1Api24Probe: E1_BUFFER_SAMPLE|round=1|sample=36|length=35|leftSentinel=76|rightSentinel=179|hash=1545920622|guards=true|nativeTid=3148
CST 2026-07-17 17:57:02.904  3148  3148 I A02900/R1Api24Probe: E1_BUFFER_SAMPLE|round=1|sample=37|length=36|leftSentinel=77|rightSentinel=178|hash=872636605|guards=true|nativeTid=3148
CST 2026-07-17 17:57:02.904  3148  3148 I A02900/R1Api24Probe: E1_BUFFER_SAMPLE|round=1|sample=38|length=37|leftSentinel=78|rightSentinel=177|hash=979923177|guards=true|nativeTid=3148
CST 2026-07-17 17:57:02.904  3148  3148 I A02900/R1Api24Probe: E1_BUFFER_SAMPLE|round=1|sample=39|length=38|leftSentinel=79|rightSentinel=176|hash=3071619420|guards=true|nativeTid=3148
CST 2026-07-17 17:57:02.905  3148  3148 I A02900/R1Api24Probe: E1_BUFFER_SAMPLE|round=1|sample=40|length=39|leftSentinel=80|rightSentinel=175|hash=3964753854|guards=true|nativeTid=3148
CST 2026-07-17 17:57:02.905  3148  3148 I A02900/R1Api24Probe: E1_BUFFER_SAMPLE|round=1|sample=41|length=40|leftSentinel=81|rightSentinel=174|hash=1227541493|guards=true|nativeTid=3148
CST 2026-07-17 17:57:02.905  3148  3148 I A02900/R1Api24Probe: E1_BUFFER_SAMPLE|round=1|sample=42|length=41|leftSentinel=82|rightSentinel=173|hash=3954418213|guards=true|nativeTid=3148
CST 2026-07-17 17:57:02.905  3148  3148 I A02900/R1Api24Probe: E1_BUFFER_SAMPLE|round=1|sample=43|length=42|leftSentinel=83|rightSentinel=172|hash=2673847128|guards=true|nativeTid=3148
CST 2026-07-17 17:57:02.905  3148  3148 I A02900/R1Api24Probe: E1_BUFFER_SAMPLE|round=1|sample=44|length=43|leftSentinel=84|rightSentinel=171|hash=3726126462|guards=true|nativeTid=3148
CST 2026-07-17 17:57:02.905  3148  3148 I A02900/R1Api24Probe: E1_BUFFER_SAMPLE|round=1|sample=45|length=44|leftSentinel=85|rightSentinel=170|hash=2930649485|guards=true|nativeTid=3148
CST 2026-07-17 17:57:02.905  3148  3148 I A02900/R1Api24Probe: E1_BUFFER_SAMPLE|round=1|sample=46|length=45|leftSentinel=86|rightSentinel=169|hash=1238554177|guards=true|nativeTid=3148
CST 2026-07-17 17:57:02.906  3148  3148 I A02900/R1Api24Probe: E1_BUFFER_SAMPLE|round=1|sample=47|length=46|leftSentinel=87|rightSentinel=168|hash=3561559500|guards=true|nativeTid=3148
CST 2026-07-17 17:57:02.906  3148  3148 I A02900/R1Api24Probe: E1_BUFFER_SAMPLE|round=1|sample=48|length=47|leftSentinel=88|rightSentinel=167|hash=1230829646|guards=true|nativeTid=3148
CST 2026-07-17 17:57:02.906  3148  3148 I A02900/R1Api24Probe: E1_BUFFER_SAMPLE|round=1|sample=49|length=48|leftSentinel=89|rightSentinel=166|hash=467099301|guards=true|nativeTid=3148
CST 2026-07-17 17:57:02.906  3148  3148 I A02900/R1Api24Probe: E1_BUFFER_SAMPLE|round=1|sample=50|length=49|leftSentinel=90|rightSentinel=165|hash=85719981|guards=true|nativeTid=3148
CST 2026-07-17 17:57:02.906  3148  3148 I A02900/R1Api24Probe: E1_BUFFER_SAMPLE|round=1|sample=51|length=50|leftSentinel=91|rightSentinel=164|hash=1988797336|guards=true|nativeTid=3148
CST 2026-07-17 17:57:02.906  3148  3148 I A02900/R1Api24Probe: E1_BUFFER_SAMPLE|round=1|sample=52|length=51|leftSentinel=92|rightSentinel=163|hash=4286704462|guards=true|nativeTid=3148
CST 2026-07-17 17:57:02.906  3148  3148 I A02900/R1Api24Probe: E1_BUFFER_SAMPLE|round=1|sample=53|length=52|leftSentinel=93|rightSentinel=162|hash=2996210173|guards=true|nativeTid=3148
CST 2026-07-17 17:57:02.907  3148  3148 I A02900/R1Api24Probe: E1_BUFFER_SAMPLE|round=1|sample=54|length=53|leftSentinel=94|rightSentinel=161|hash=3293542297|guards=true|nativeTid=3148
CST 2026-07-17 17:57:02.907  3148  3148 I A02900/R1Api24Probe: E1_BUFFER_SAMPLE|round=1|sample=55|length=54|leftSentinel=95|rightSentinel=160|hash=3602158780|guards=true|nativeTid=3148
CST 2026-07-17 17:57:02.907  3148  3148 I A02900/R1Api24Probe: E1_BUFFER_SAMPLE|round=1|sample=56|length=55|leftSentinel=96|rightSentinel=159|hash=2466805758|guards=true|nativeTid=3148
CST 2026-07-17 17:57:02.907  3148  3148 I A02900/R1Api24Probe: E1_BUFFER_SAMPLE|round=1|sample=57|length=56|leftSentinel=97|rightSentinel=158|hash=1814283861|guards=true|nativeTid=3148
CST 2026-07-17 17:57:02.907  3148  3148 I A02900/R1Api24Probe: E1_BUFFER_SAMPLE|round=1|sample=58|length=57|leftSentinel=98|rightSentinel=157|hash=3422088629|guards=true|nativeTid=3148
CST 2026-07-17 17:57:02.907  3148  3148 I A02900/R1Api24Probe: E1_BUFFER_SAMPLE|round=1|sample=59|length=58|leftSentinel=99|rightSentinel=156|hash=1774455896|guards=true|nativeTid=3148
CST 2026-07-17 17:57:02.908  3148  3148 I A02900/R1Api24Probe: E1_BUFFER_SAMPLE|round=1|sample=60|length=59|leftSentinel=100|rightSentinel=155|hash=2068178910|guards=true|nativeTid=3148
CST 2026-07-17 17:57:02.908  3148  3148 I A02900/R1Api24Probe: E1_BUFFER_SAMPLE|round=1|sample=61|length=60|leftSentinel=101|rightSentinel=154|hash=2428630733|guards=true|nativeTid=3148
CST 2026-07-17 17:57:02.908  3148  3148 I A02900/R1Api24Probe: E1_BUFFER_SAMPLE|round=1|sample=62|length=61|leftSentinel=102|rightSentinel=153|hash=1112120017|guards=true|nativeTid=3148
CST 2026-07-17 17:57:02.908  3148  3148 I A02900/R1Api24Probe: E1_BUFFER_SAMPLE|round=1|sample=63|length=62|leftSentinel=103|rightSentinel=152|hash=1070775244|guards=true|nativeTid=3148
CST 2026-07-17 17:57:02.908  3148  3148 I A02900/R1Api24Probe: E1_BUFFER_SAMPLE|round=1|sample=64|length=63|leftSentinel=104|rightSentinel=151|hash=3128877646|guards=true|nativeTid=3148
CST 2026-07-17 17:57:02.908  3148  3148 I A02900/R1Api24Probe: E1_BUFFER_SAMPLE|round=1|sample=65|length=64|leftSentinel=105|rightSentinel=150|hash=2837281605|guards=true|nativeTid=3148
CST 2026-07-17 17:57:02.909  3148  3148 I A02900/R1Api24Probe: E1_BUFFER_SAMPLE|round=1|sample=66|length=65|leftSentinel=106|rightSentinel=149|hash=2832483965|guards=true|nativeTid=3148
CST 2026-07-17 17:57:02.909  3148  3148 I A02900/R1Api24Probe: E1_BUFFER_SAMPLE|round=1|sample=67|length=66|leftSentinel=107|rightSentinel=148|hash=4106759768|guards=true|nativeTid=3148
CST 2026-07-17 17:57:02.909  3148  3148 I A02900/R1Api24Probe: E1_BUFFER_SAMPLE|round=1|sample=68|length=67|leftSentinel=108|rightSentinel=147|hash=607940910|guards=true|nativeTid=3148
CST 2026-07-17 17:57:02.909  3148  3148 I A02900/R1Api24Probe: E1_BUFFER_SAMPLE|round=1|sample=69|length=68|leftSentinel=109|rightSentinel=146|hash=4090614461|guards=true|nativeTid=3148
CST 2026-07-17 17:57:02.910  3148  3148 I A02900/R1Api24Probe: E1_BUFFER_SAMPLE|round=1|sample=70|length=69|leftSentinel=110|rightSentinel=145|hash=3187191369|guards=true|nativeTid=3148
CST 2026-07-17 17:57:02.910  3148  3148 I A02900/R1Api24Probe: E1_BUFFER_SAMPLE|round=1|sample=71|length=70|leftSentinel=111|rightSentinel=144|hash=4184378844|guards=true|nativeTid=3148
CST 2026-07-17 17:57:02.910  3148  3148 I A02900/R1Api24Probe: E1_BUFFER_SAMPLE|round=1|sample=72|length=71|leftSentinel=112|rightSentinel=143|hash=3480364798|guards=true|nativeTid=3148
CST 2026-07-17 17:57:02.910  3148  3148 I A02900/R1Api24Probe: E1_BUFFER_SAMPLE|round=1|sample=73|length=72|leftSentinel=113|rightSentinel=142|hash=1603915957|guards=true|nativeTid=3148
CST 2026-07-17 17:57:02.910  3148  3148 I A02900/R1Api24Probe: E1_BUFFER_SAMPLE|round=1|sample=74|length=73|leftSentinel=114|rightSentinel=141|hash=2438831429|guards=true|nativeTid=3148
CST 2026-07-17 17:57:02.910  3148  3148 I A02900/R1Api24Probe: E1_BUFFER_SAMPLE|round=1|sample=75|length=74|leftSentinel=115|rightSentinel=140|hash=2528501784|guards=true|nativeTid=3148
CST 2026-07-17 17:57:02.911  3148  3148 I A02900/R1Api24Probe: E1_BUFFER_SAMPLE|round=1|sample=76|length=75|leftSentinel=116|rightSentinel=139|hash=1657900478|guards=true|nativeTid=3148
CST 2026-07-17 17:57:02.911  3148  3148 I A02900/R1Api24Probe: E1_BUFFER_SAMPLE|round=1|sample=77|length=76|leftSentinel=117|rightSentinel=138|hash=3226517901|guards=true|nativeTid=3148
CST 2026-07-17 17:57:02.911  3148  3148 I A02900/R1Api24Probe: E1_BUFFER_SAMPLE|round=1|sample=78|length=77|leftSentinel=118|rightSentinel=137|hash=502507873|guards=true|nativeTid=3148
CST 2026-07-17 17:57:02.911  3148  3148 I A02900/R1Api24Probe: E1_BUFFER_SAMPLE|round=1|sample=79|length=78|leftSentinel=119|rightSentinel=136|hash=622508556|guards=true|nativeTid=3148
CST 2026-07-17 17:57:02.911  3148  3148 I A02900/R1Api24Probe: E1_BUFFER_SAMPLE|round=1|sample=80|length=79|leftSentinel=120|rightSentinel=135|hash=4070986638|guards=true|nativeTid=3148
CST 2026-07-17 17:57:02.912   795   886 W C01406/OHOS::RS: RSJankStats::SetJankStats jank frames 8
CST 2026-07-17 17:57:02.912   648  1084 W C02515/DISP: [SetLayerMaskInfo:495] <private> is not supported
CST 2026-07-17 17:57:02.912  3148  3148 I A02900/R1Api24Probe: E1_BUFFER_SAMPLE|round=1|sample=81|length=80|leftSentinel=121|rightSentinel=134|hash=2483118117|guards=true|nativeTid=3148
CST 2026-07-17 17:57:02.912   648  3105 I C02515/DISP: [CommitComposeLayer:67] CommitComposeLayer! 10
CST 2026-07-17 17:57:02.912  3148  3148 I A02900/R1Api24Probe: E1_BUFFER_SAMPLE|round=1|sample=82|length=81|leftSentinel=122|rightSentinel=133|hash=4280716685|guards=true|nativeTid=3148
CST 2026-07-17 17:57:02.913  3148  3148 I A02900/R1Api24Probe: E1_BUFFER_SAMPLE|round=1|sample=83|length=82|leftSentinel=123|rightSentinel=132|hash=4199260760|guards=true|nativeTid=3148
CST 2026-07-17 17:57:02.913  3148  3148 I A02900/R1Api24Probe: E1_BUFFER_SAMPLE|round=1|sample=84|length=83|leftSentinel=124|rightSentinel=131|hash=704299150|guards=true|nativeTid=3148
CST 2026-07-17 17:57:02.913  3148  3148 I A02900/R1Api24Probe: E1_BUFFER_SAMPLE|round=1|sample=85|length=84|leftSentinel=125|rightSentinel=130|hash=2681694717|guards=true|nativeTid=3148
CST 2026-07-17 17:57:02.913  3148  3148 I A02900/R1Api24Probe: E1_BUFFER_SAMPLE|round=1|sample=86|length=85|leftSentinel=126|rightSentinel=129|hash=3213455417|guards=true|nativeTid=3148
CST 2026-07-17 17:57:02.913  3148  3148 I A02900/R1Api24Probe: E1_BUFFER_SAMPLE|round=1|sample=87|length=86|leftSentinel=127|rightSentinel=128|hash=1396798332|guards=true|nativeTid=3148
CST 2026-07-17 17:57:02.913  3148  3148 I A02900/R1Api24Probe: E1_BUFFER_SAMPLE|round=1|sample=88|length=87|leftSentinel=128|rightSentinel=127|hash=3086689598|guards=true|nativeTid=3148
CST 2026-07-17 17:57:02.914  3148  3148 I A02900/R1Api24Probe: E1_BUFFER_SAMPLE|round=1|sample=89|length=88|leftSentinel=129|rightSentinel=126|hash=1139210069|guards=true|nativeTid=3148
CST 2026-07-17 17:57:02.914  3148  3148 I A02900/R1Api24Probe: E1_BUFFER_SAMPLE|round=1|sample=90|length=89|leftSentinel=130|rightSentinel=125|hash=2350605333|guards=true|nativeTid=3148
CST 2026-07-17 17:57:02.914  3148  3148 I A02900/R1Api24Probe: E1_BUFFER_SAMPLE|round=1|sample=91|length=90|leftSentinel=131|rightSentinel=124|hash=3121639384|guards=true|nativeTid=3148
CST 2026-07-17 17:57:02.914  3148  3148 I A02900/R1Api24Probe: E1_BUFFER_SAMPLE|round=1|sample=92|length=91|leftSentinel=132|rightSentinel=123|hash=584184734|guards=true|nativeTid=3148
CST 2026-07-17 17:57:02.914  3148  3148 I A02900/R1Api24Probe: E1_BUFFER_SAMPLE|round=1|sample=93|length=92|leftSentinel=133|rightSentinel=122|hash=4012258509|guards=true|nativeTid=3148
CST 2026-07-17 17:57:02.915  3148  3148 I A02900/R1Api24Probe: E1_BUFFER_SAMPLE|round=1|sample=94|length=93|leftSentinel=134|rightSentinel=121|hash=1933062769|guards=true|nativeTid=3148
CST 2026-07-17 17:57:02.915  3148  3148 I A02900/R1Api24Probe: E1_BUFFER_SAMPLE|round=1|sample=95|length=94|leftSentinel=135|rightSentinel=120|hash=259510028|guards=true|nativeTid=3148
CST 2026-07-17 17:57:02.915  3148  3148 I A02900/R1Api24Probe: E1_BUFFER_SAMPLE|round=1|sample=96|length=95|leftSentinel=136|rightSentinel=119|hash=2278123790|guards=true|nativeTid=3148
CST 2026-07-17 17:57:02.915  3148  3148 I A02900/R1Api24Probe: E1_BUFFER_SAMPLE|round=1|sample=97|length=96|leftSentinel=137|rightSentinel=118|hash=2481992709|guards=true|nativeTid=3148
CST 2026-07-17 17:57:02.915  3148  3148 I A02900/R1Api24Probe: E1_BUFFER_SAMPLE|round=1|sample=98|length=97|leftSentinel=138|rightSentinel=117|hash=1898329245|guards=true|nativeTid=3148
CST 2026-07-17 17:57:02.916  3148  3148 I A02900/R1Api24Probe: E1_BUFFER_SAMPLE|round=1|sample=99|length=98|leftSentinel=139|rightSentinel=116|hash=3491461592|guards=true|nativeTid=3148
CST 2026-07-17 17:57:02.916  3148  3148 I A02900/R1Api24Probe: E1_BUFFER_SAMPLE|round=1|sample=100|length=99|leftSentinel=140|rightSentinel=115|hash=3317817582|guards=true|nativeTid=3148
CST 2026-07-17 17:57:02.916  3148  3148 I A02900/R1Api24Probe: E1_FD_CREATED|fdA=37|fdB=38|creatorTid=3148|owner=ArkTS
CST 2026-07-17 17:57:02.916  3148  3148 I A02900/R1Api24Probe: E1_FD_RESULT|round=1|fdA=37|fdB=38|duplicateFd=39|written=23|read=23|payload=fd-round-01-sentinel-25|payloadHash=1745844509|closeA=0|closeDuplicate=0|closeB=0|duplicateCloseA=-1|errnoA=9|duplicateCloseB=-1|errnoB=9|owner=closed-by-native|nativeTid=3148
CST 2026-07-17 17:57:02.916  3148  3293 I A02900/R1Api24Probe: E1_PTHREAD_START|round=1|producerTid=3293
CST 2026-07-17 17:57:02.917  3148  3293 I A02900/R1Api24Probe: E1_PTHREAD_FINISH|round=1|producerTid=3293|queued=100|status=0
CST 2026-07-17 17:57:02.917  3148  3148 I A02900/R1Api24Probe: E1_CALLBACK_SAMPLE|round=1|sequence=1|producerTid=3293|consumerTid=3148|payload=r01-s001-x30|hash=3809237319|valid=true
CST 2026-07-17 17:57:02.917  3148  3148 I A02900/R1Api24Probe: E1_CALLBACK_SAMPLE|round=1|sequence=2|producerTid=3293|consumerTid=3148|payload=r01-s002-x4f|hash=3078139351|valid=true
CST 2026-07-17 17:57:02.917  3148  3148 I A02900/R1Api24Probe: E1_CALLBACK_SAMPLE|round=1|sequence=3|producerTid=3293|consumerTid=3148|payload=r01-s003-x6e|hash=850314447|valid=true
CST 2026-07-17 17:57:02.917  3148  3148 I A02900/R1Api24Probe: E1_CALLBACK_SAMPLE|round=1|sequence=4|producerTid=3293|consumerTid=3148|payload=r01-s004-x8d|hash=2278282083|valid=true
CST 2026-07-17 17:57:02.917  3148  3148 I A02900/R1Api24Probe: E1_CALLBACK_SAMPLE|round=1|sequence=5|producerTid=3293|consumerTid=3148|payload=r01-s005-xac|hash=1949351376|valid=true
CST 2026-07-17 17:57:02.917  3148  3148 I A02900/R1Api24Probe: E1_CALLBACK_SAMPLE|round=1|sequence=6|producerTid=3293|consumerTid=3148|payload=r01-s006-xcb|hash=546538972|valid=true
CST 2026-07-17 17:57:02.917  3148  3148 I A02900/R1Api24Probe: E1_CALLBACK_SAMPLE|round=1|sequence=7|producerTid=3293|consumerTid=3148|payload=r01-s007-xea|hash=1821597364|valid=true
CST 2026-07-17 17:57:02.917  3148  3148 I A02900/R1Api24Probe: E1_CALLBACK_SAMPLE|round=1|sequence=8|producerTid=3293|consumerTid=3148|payload=r01-s008-x09|hash=308567152|valid=true
CST 2026-07-17 17:57:02.917  3148  3148 I A02900/R1Api24Probe: E1_CALLBACK_SAMPLE|round=1|sequence=9|producerTid=3293|consumerTid=3148|payload=r01-s009-x28|hash=3562785486|valid=true
CST 2026-07-17 17:57:02.918  3148  3148 I A02900/R1Api24Probe: E1_CALLBACK_SAMPLE|round=1|sequence=10|producerTid=3293|consumerTid=3148|payload=r01-s010-x47|hash=710722471|valid=true
CST 2026-07-17 17:57:02.918  3148  3148 I A02900/R1Api24Probe: E1_CALLBACK_SAMPLE|round=1|sequence=11|producerTid=3293|consumerTid=3148|payload=r01-s011-x66|hash=3753091897|valid=true
CST 2026-07-17 17:57:02.918  3148  3148 I A02900/R1Api24Probe: E1_CALLBACK_SAMPLE|round=1|sequence=12|producerTid=3293|consumerTid=3148|payload=r01-s012-x85|hash=3349438519|valid=true
CST 2026-07-17 17:57:02.918  3148  3148 I A02900/R1Api24Probe: E1_CALLBACK_SAMPLE|round=1|sequence=13|producerTid=3293|consumerTid=3148|payload=r01-s013-xa4|hash=1091497482|valid=true
CST 2026-07-17 17:57:02.918  3148  3148 I A02900/R1Api24Probe: E1_CALLBACK_SAMPLE|round=1|sequence=14|producerTid=3293|consumerTid=3148|payload=r01-s014-xc3|hash=143088148|valid=true
CST 2026-07-17 17:57:02.918  3148  3148 I A02900/R1Api24Probe: E1_CALLBACK_SAMPLE|round=1|sequence=15|producerTid=3293|consumerTid=3148|payload=r01-s015-xe2|hash=2458512574|valid=true
CST 2026-07-17 17:57:02.918  3148  3148 I A02900/R1Api24Probe: E1_CALLBACK_SAMPLE|round=1|sequence=16|producerTid=3293|consumerTid=3148|payload=r01-s016-x01|hash=3404442543|valid=true
CST 2026-07-17 17:57:02.918  3148  3148 I A02900/R1Api24Probe: E1_CALLBACK_SAMPLE|round=1|sequence=17|producerTid=3293|consumerTid=3148|payload=r01-s017-x20|hash=2563246689|valid=true
CST 2026-07-17 17:57:02.918  3148  3148 I A02900/R1Api24Probe: E1_CALLBACK_SAMPLE|round=1|sequence=18|producerTid=3293|consumerTid=3148|payload=r01-s018-x3f|hash=45248047|valid=true
CST 2026-07-17 17:57:02.918  3148  3148 I A02900/R1Api24Probe: E1_CALLBACK_SAMPLE|round=1|sequence=19|producerTid=3293|consumerTid=3148|payload=r01-s019-x5e|hash=3128747475|valid=true
CST 2026-07-17 17:57:02.918  3148  3148 I A02900/R1Api24Probe: E1_CALLBACK_SAMPLE|round=1|sequence=20|producerTid=3293|consumerTid=3148|payload=r01-s020-x7d|hash=4136879786|valid=true
CST 2026-07-17 17:57:02.919  3148  3148 I A02900/R1Api24Probe: E1_CALLBACK_SAMPLE|round=1|sequence=21|producerTid=3293|consumerTid=3148|payload=r01-s021-x9c|hash=651997430|valid=true
CST 2026-07-17 17:57:02.919  3148  3148 I A02900/R1Api24Probe: E1_CALLBACK_SAMPLE|round=1|sequence=22|producerTid=3293|consumerTid=3148|payload=r01-s022-xbb|hash=3042146327|valid=true
CST 2026-07-17 17:57:02.919  3148  3148 I A02900/R1Api24Probe: E1_CALLBACK_SAMPLE|round=1|sequence=23|producerTid=3293|consumerTid=3148|payload=r01-s023-xda|hash=2849188543|valid=true
CST 2026-07-17 17:57:02.919  3148  3148 I A02900/R1Api24Probe: E1_CALLBACK_SAMPLE|round=1|sequence=24|producerTid=3293|consumerTid=3148|payload=r01-s024-xf9|hash=3338932192|valid=true
CST 2026-07-17 17:57:02.919  3148  3148 I A02900/R1Api24Probe: E1_CALLBACK_SAMPLE|round=1|sequence=25|producerTid=3293|consumerTid=3148|payload=r01-s025-x18|hash=638503311|valid=true
CST 2026-07-17 17:57:02.919  3148  3148 I A02900/R1Api24Probe: E1_CALLBACK_SAMPLE|round=1|sequence=26|producerTid=3293|consumerTid=3148|payload=r01-s026-x37|hash=2991932085|valid=true
CST 2026-07-17 17:57:02.919  3148  3148 I A02900/R1Api24Probe: E1_CALLBACK_SAMPLE|round=1|sequence=27|producerTid=3293|consumerTid=3148|payload=r01-s027-x56|hash=120175423|valid=true
CST 2026-07-17 17:57:02.919  3148  3148 I A02900/R1Api24Probe: E1_CALLBACK_SAMPLE|round=1|sequence=28|producerTid=3293|consumerTid=3148|payload=r01-s028-x75|hash=2311250549|valid=true
CST 2026-07-17 17:57:02.919  3148  3148 I A02900/R1Api24Probe: E1_CALLBACK_SAMPLE|round=1|sequence=29|producerTid=3293|consumerTid=3148|payload=r01-s029-x94|hash=1381183831|valid=true
CST 2026-07-17 17:57:02.919  3148  3148 I A02900/R1Api24Probe: E1_CALLBACK_SAMPLE|round=1|sequence=30|producerTid=3293|consumerTid=3148|payload=r01-s030-xb3|hash=461194087|valid=true
CST 2026-07-17 17:57:02.919  3148  3148 I A02900/R1Api24Probe: E1_CALLBACK_SAMPLE|round=1|sequence=31|producerTid=3293|consumerTid=3148|payload=r01-s031-xd2|hash=2349113937|valid=true
CST 2026-07-17 17:57:02.920  3148  3148 I A02900/R1Api24Probe: E1_CALLBACK_SAMPLE|round=1|sequence=32|producerTid=3293|consumerTid=3148|payload=r01-s032-xf1|hash=4259241735|valid=true
CST 2026-07-17 17:57:02.920  3148  3148 I A02900/R1Api24Probe: E1_CALLBACK_SAMPLE|round=1|sequence=33|producerTid=3293|consumerTid=3148|payload=r01-s033-x10|hash=929781352|valid=true
CST 2026-07-17 17:57:02.920  3148  3148 I A02900/R1Api24Probe: E1_CALLBACK_SAMPLE|round=1|sequence=34|producerTid=3293|consumerTid=3148|payload=r01-s034-x2f|hash=1595867852|valid=true
CST 2026-07-17 17:57:02.920  3148  3148 I A02900/R1Api24Probe: E1_CALLBACK_SAMPLE|round=1|sequence=35|producerTid=3293|consumerTid=3148|payload=r01-s035-x4e|hash=285480912|valid=true
CST 2026-07-17 17:57:02.920  3148  3148 I A02900/R1Api24Probe: E1_CALLBACK_SAMPLE|round=1|sequence=36|producerTid=3293|consumerTid=3148|payload=r01-s036-x6d|hash=2297670388|valid=true
CST 2026-07-17 17:57:02.920  3148  3148 I A02900/R1Api24Probe: E1_CALLBACK_SAMPLE|round=1|sequence=37|producerTid=3293|consumerTid=3148|payload=r01-s037-x8c|hash=692250044|valid=true
CST 2026-07-17 17:57:02.920   644   650 I C02515/DISP: [InitBufferHandle:229] express init gbuffer id 28a0000003a ret 0 err 0 fd 8 222 222 pixel 4 size 197136 usage 2b
CST 2026-07-17 17:57:02.920   644   650 I C02515/DISP: [ExpressAllocMem:271] ExpressAllocMem requeset BufferHandle 8, width 222, heigt 222, format 20
CST 2026-07-17 17:57:02.921  3148  3148 I A02900/R1Api24Probe: E1_CALLBACK_SAMPLE|round=1|sequence=38|producerTid=3293|consumerTid=3148|payload=r01-s038-xab|hash=3185849539|valid=true
CST 2026-07-17 17:57:02.921  3148  3148 I A02900/R1Api24Probe: E1_CALLBACK_SAMPLE|round=1|sequence=39|producerTid=3293|consumerTid=3148|payload=r01-s039-xca|hash=2607331039|valid=true
CST 2026-07-17 17:57:02.921  3148  3148 I A02900/R1Api24Probe: E1_CALLBACK_SAMPLE|round=1|sequence=40|producerTid=3293|consumerTid=3148|payload=r01-s040-xe9|hash=1187060629|valid=true
CST 2026-07-17 17:57:02.921  3148  3148 I A02900/R1Api24Probe: E1_CALLBACK_SAMPLE|round=1|sequence=41|producerTid=3293|consumerTid=3148|payload=r01-s041-x08|hash=1087525160|valid=true
CST 2026-07-17 17:57:02.921  3148  3148 I A02900/R1Api24Probe: E1_CALLBACK_SAMPLE|round=1|sequence=42|producerTid=3293|consumerTid=3148|payload=r01-s042-x27|hash=4129863834|valid=true
CST 2026-07-17 17:57:02.922  3148  3148 I A02900/R1Api24Probe: E1_CALLBACK_SAMPLE|round=1|sequence=43|producerTid=3293|consumerTid=3148|payload=r01-s043-x46|hash=2575222452|valid=true
CST 2026-07-17 17:57:02.922  3148  3148 I A02900/R1Api24Probe: E1_CALLBACK_SAMPLE|round=1|sequence=44|producerTid=3293|consumerTid=3148|payload=r01-s044-x65|hash=4227003622|valid=true
CST 2026-07-17 17:57:02.922  3148  3148 I A02900/R1Api24Probe: E1_CALLBACK_SAMPLE|round=1|sequence=45|producerTid=3293|consumerTid=3148|payload=r01-s045-x84|hash=3692624104|valid=true
CST 2026-07-17 17:57:02.922  3148  3148 I A02900/R1Api24Probe: E1_CALLBACK_SAMPLE|round=1|sequence=46|producerTid=3293|consumerTid=3148|payload=r01-s046-xa3|hash=2446668469|valid=true
CST 2026-07-17 17:57:02.922  3148  3148 I A02900/R1Api24Probe: E1_CALLBACK_SAMPLE|round=1|sequence=47|producerTid=3293|consumerTid=3148|payload=r01-s047-xc2|hash=2041143367|valid=true
CST 2026-07-17 17:57:02.922  3148  3148 I A02900/R1Api24Probe: E1_CALLBACK_SAMPLE|round=1|sequence=48|producerTid=3293|consumerTid=3148|payload=r01-s048-xe1|hash=1421347717|valid=true
CST 2026-07-17 17:57:02.922  3148  3148 I A02900/R1Api24Probe: E1_CALLBACK_SAMPLE|round=1|sequence=49|producerTid=3293|consumerTid=3148|payload=r01-s049-x00|hash=3365937640|valid=true
CST 2026-07-17 17:57:02.922  3148  3148 I A02900/R1Api24Probe: E1_CALLBACK_SAMPLE|round=1|sequence=50|producerTid=3293|consumerTid=3148|payload=r01-s050-x1f|hash=1802649537|valid=true
CST 2026-07-17 17:57:02.922  3148  3148 I A02900/R1Api24Probe: E1_CALLBACK_SAMPLE|round=1|sequence=51|producerTid=3293|consumerTid=3148|payload=r01-s051-x3e|hash=4018099797|valid=true
CST 2026-07-17 17:57:02.922  3148  3148 I A02900/R1Api24Probe: E1_CALLBACK_SAMPLE|round=1|sequence=52|producerTid=3293|consumerTid=3148|payload=r01-s052-x5d|hash=727710213|valid=true
CST 2026-07-17 17:57:02.922  3148  3148 I A02900/R1Api24Probe: E1_CALLBACK_SAMPLE|round=1|sequence=53|producerTid=3293|consumerTid=3148|payload=r01-s053-x7c|hash=69991565|valid=true
CST 2026-07-17 17:57:02.923  3148  3148 I A02900/R1Api24Probe: E1_CALLBACK_SAMPLE|round=1|sequence=54|producerTid=3293|consumerTid=3148|payload=r01-s054-x9b|hash=4142220217|valid=true
CST 2026-07-17 17:57:02.923  3148  3148 I A02900/R1Api24Probe: E1_CALLBACK_SAMPLE|round=1|sequence=55|producerTid=3293|consumerTid=3148|payload=r01-s055-xba|hash=3612718512|valid=true
CST 2026-07-17 17:57:02.923  3148  3148 I A02900/R1Api24Probe: E1_CALLBACK_SAMPLE|round=1|sequence=56|producerTid=3293|consumerTid=3148|payload=r01-s056-xd9|hash=3654249911|valid=true
CST 2026-07-17 17:57:02.923  3148  3148 I A02900/R1Api24Probe: E1_CALLBACK_SAMPLE|round=1|sequence=57|producerTid=3293|consumerTid=3148|payload=r01-s057-xf8|hash=3461156625|valid=true
CST 2026-07-17 17:57:02.923  3148  3148 I A02900/R1Api24Probe: E1_CALLBACK_SAMPLE|round=1|sequence=58|producerTid=3293|consumerTid=3148|payload=r01-s058-x17|hash=1954830950|valid=true
CST 2026-07-17 17:57:02.924  3148  3148 I A02900/R1Api24Probe: E1_CALLBACK_SAMPLE|round=1|sequence=59|producerTid=3293|consumerTid=3148|payload=r01-s059-x36|hash=781625172|valid=true
CST 2026-07-17 17:57:02.924  3148  3148 I A02900/R1Api24Probe: E1_CALLBACK_SAMPLE|round=1|sequence=60|producerTid=3293|consumerTid=3148|payload=r01-s060-x55|hash=268291879|valid=true
CST 2026-07-17 17:57:02.924  3148  3148 I A02900/R1Api24Probe: E1_CALLBACK_SAMPLE|round=1|sequence=61|producerTid=3293|consumerTid=3148|payload=r01-s061-x74|hash=4053903173|valid=true
CST 2026-07-17 17:57:02.924  3148  3148 I A02900/R1Api24Probe: E1_CALLBACK_SAMPLE|round=1|sequence=62|producerTid=3293|consumerTid=3148|payload=r01-s062-x93|hash=144789231|valid=true
CST 2026-07-17 17:57:02.924  3148  3148 I A02900/R1Api24Probe: E1_CALLBACK_SAMPLE|round=1|sequence=63|producerTid=3293|consumerTid=3148|payload=r01-s063-xb2|hash=1335970104|valid=true
CST 2026-07-17 17:57:02.924  3148  3148 I A02900/R1Api24Probe: E1_CALLBACK_SAMPLE|round=1|sequence=64|producerTid=3293|consumerTid=3148|payload=r01-s064-xd1|hash=1880139626|valid=true
CST 2026-07-17 17:57:02.924  3148  3148 I A02900/R1Api24Probe: E1_CALLBACK_SAMPLE|round=1|sequence=65|producerTid=3293|consumerTid=3148|payload=r01-s065-xf0|hash=365642508|valid=true
CST 2026-07-17 17:57:02.924  3148  3148 I A02900/R1Api24Probe: E1_CALLBACK_SAMPLE|round=1|sequence=66|producerTid=3293|consumerTid=3148|payload=r01-s066-x0f|hash=208866017|valid=true
CST 2026-07-17 17:57:02.924  3148  3148 I A02900/R1Api24Probe: E1_CALLBACK_SAMPLE|round=1|sequence=67|producerTid=3293|consumerTid=3148|payload=r01-s067-x2e|hash=3867211481|valid=true
CST 2026-07-17 17:57:02.924  3148  3148 I A02900/R1Api24Probe: E1_CALLBACK_SAMPLE|round=1|sequence=68|producerTid=3293|consumerTid=3148|payload=r01-s068-x4d|hash=1676370245|valid=true
CST 2026-07-17 17:57:02.924  3148  3148 I A02900/R1Api24Probe: E1_CALLBACK_SAMPLE|round=1|sequence=69|producerTid=3293|consumerTid=3148|payload=r01-s069-x6c|hash=3257064401|valid=true
CST 2026-07-17 17:57:02.925  3148  3148 I A02900/R1Api24Probe: E1_CALLBACK_SAMPLE|round=1|sequence=70|producerTid=3293|consumerTid=3148|payload=r01-s070-x8b|hash=1353472090|valid=true
CST 2026-07-17 17:57:02.925  3148  3148 I A02900/R1Api24Probe: E1_CALLBACK_SAMPLE|round=1|sequence=71|producerTid=3293|consumerTid=3148|payload=r01-s071-xaa|hash=2103382061|valid=true
CST 2026-07-17 17:57:02.925  3148  3148 I A02900/R1Api24Probe: E1_CALLBACK_SAMPLE|round=1|sequence=72|producerTid=3293|consumerTid=3148|payload=r01-s072-xc9|hash=2357336690|valid=true
CST 2026-07-17 17:57:02.925  3148  3148 I A02900/R1Api24Probe: E1_CALLBACK_SAMPLE|round=1|sequence=73|producerTid=3293|consumerTid=3148|payload=r01-s073-xe8|hash=2845635792|valid=true
CST 2026-07-17 17:57:02.925  3148  3148 I A02900/R1Api24Probe: E1_CALLBACK_SAMPLE|round=1|sequence=74|producerTid=3293|consumerTid=3148|payload=r01-s074-x07|hash=3704525157|valid=true
CST 2026-07-17 17:57:02.925  3148  3148 I A02900/R1Api24Probe: E1_CALLBACK_SAMPLE|round=1|sequence=75|producerTid=3293|consumerTid=3148|payload=r01-s075-x26|hash=3171616707|valid=true
CST 2026-07-17 17:57:02.925  3148  3148 I A02900/R1Api24Probe: E1_CALLBACK_SAMPLE|round=1|sequence=76|producerTid=3293|consumerTid=3148|payload=r01-s076-x45|hash=3509660669|valid=true
CST 2026-07-17 17:57:02.925  3148  3148 I A02900/R1Api24Probe: E1_CALLBACK_SAMPLE|round=1|sequence=77|producerTid=3293|consumerTid=3148|payload=r01-s077-x64|hash=15822595|valid=true
CST 2026-07-17 17:57:02.925  3148  3148 I A02900/R1Api24Probe: E1_CALLBACK_SAMPLE|round=1|sequence=78|producerTid=3293|consumerTid=3148|payload=r01-s078-x83|hash=2248652261|valid=true
CST 2026-07-17 17:57:02.926  3148  3148 I A02900/R1Api24Probe: E1_CALLBACK_SAMPLE|round=1|sequence=79|producerTid=3293|consumerTid=3148|payload=r01-s079-xa2|hash=811008988|valid=true
CST 2026-07-17 17:57:02.926  3148  3148 I A02900/R1Api24Probe: E1_CALLBACK_SAMPLE|round=1|sequence=80|producerTid=3293|consumerTid=3148|payload=r01-s080-xc1|hash=2725004851|valid=true
CST 2026-07-17 17:57:02.926  3148  3148 I A02900/R1Api24Probe: E1_CALLBACK_SAMPLE|round=1|sequence=81|producerTid=3293|consumerTid=3148|payload=r01-s081-xe0|hash=4194537609|valid=true
CST 2026-07-17 17:57:02.926  3148  3148 I A02900/R1Api24Probe: E1_CALLBACK_SAMPLE|round=1|sequence=82|producerTid=3293|consumerTid=3148|payload=r01-s082-xff|hash=2626791981|valid=true
CST 2026-07-17 17:57:02.926  3148  3148 I A02900/R1Api24Probe: E1_CALLBACK_SAMPLE|round=1|sequence=83|producerTid=3293|consumerTid=3148|payload=r01-s083-x1e|hash=3462326808|valid=true
CST 2026-07-17 17:57:02.926  3148  3148 I A02900/R1Api24Probe: E1_CALLBACK_SAMPLE|round=1|sequence=84|producerTid=3293|consumerTid=3148|payload=r01-s084-x3d|hash=164301176|valid=true
CST 2026-07-17 17:57:02.926  3148  3148 I A02900/R1Api24Probe: E1_CALLBACK_SAMPLE|round=1|sequence=85|producerTid=3293|consumerTid=3148|payload=r01-s085-x5c|hash=144739820|valid=true
CST 2026-07-17 17:57:02.926  3148  3148 I A02900/R1Api24Probe: E1_CALLBACK_SAMPLE|round=1|sequence=86|producerTid=3293|consumerTid=3148|payload=r01-s086-x7b|hash=1284954232|valid=true
CST 2026-07-17 17:57:02.926  3148  3148 I A02900/R1Api24Probe: E1_CALLBACK_SAMPLE|round=1|sequence=87|producerTid=3293|consumerTid=3148|payload=r01-s087-x9a|hash=2162149648|valid=true
CST 2026-07-17 17:57:02.926  3148  3148 I A02900/R1Api24Probe: E1_CALLBACK_SAMPLE|round=1|sequence=88|producerTid=3293|consumerTid=3148|payload=r01-s088-xb9|hash=2510489318|valid=true
CST 2026-07-17 17:57:02.926  3148  3148 I A02900/R1Api24Probe: E1_CALLBACK_SAMPLE|round=1|sequence=89|producerTid=3293|consumerTid=3148|payload=r01-s089-xd8|hash=1337782512|valid=true
CST 2026-07-17 17:57:02.928  3148  3148 W C03913/AceText: [(100000:100000:scope)] destroy TxtParagraph with placeholderCnt_ 0, textAlign_ 1, count 0
CST 2026-07-17 17:57:02.930  3148  3148 I C02d66/Hiview-PerfMonitor: ProcessJank: JankFrameMonitor::ProcessJank jank >= threshold
CST 2026-07-17 17:57:02.931  3148  3148 I A02900/R1Api24Probe: E1_CALLBACK_SAMPLE|round=1|sequence=90|producerTid=3293|consumerTid=3148|payload=r01-s090-xf7|hash=3601173537|valid=true
CST 2026-07-17 17:57:02.931  3148  3148 I A02900/R1Api24Probe: E1_CALLBACK_SAMPLE|round=1|sequence=91|producerTid=3293|consumerTid=3148|payload=r01-s091-x16|hash=851179930|valid=true
CST 2026-07-17 17:57:02.932  3148  3148 I A02900/R1Api24Probe: E1_CALLBACK_SAMPLE|round=1|sequence=92|producerTid=3293|consumerTid=3148|payload=r01-s092-x35|hash=1643826924|valid=true
CST 2026-07-17 17:57:02.932  3148  3148 I A02900/R1Api24Probe: E1_CALLBACK_SAMPLE|round=1|sequence=93|producerTid=3293|consumerTid=3148|payload=r01-s093-x54|hash=1981373894|valid=true
CST 2026-07-17 17:57:02.932  3148  3148 I A02900/R1Api24Probe: E1_CALLBACK_SAMPLE|round=1|sequence=94|producerTid=3293|consumerTid=3148|payload=r01-s094-x73|hash=2907098440|valid=true
CST 2026-07-17 17:57:02.932  3148  3148 I A02900/R1Api24Probe: E1_CALLBACK_SAMPLE|round=1|sequence=95|producerTid=3293|consumerTid=3148|payload=r01-s095-x92|hash=3448815970|valid=true
CST 2026-07-17 17:57:02.932  3148  3148 I A02900/R1Api24Probe: E1_CALLBACK_SAMPLE|round=1|sequence=96|producerTid=3293|consumerTid=3148|payload=r01-s096-xb1|hash=2325357881|valid=true
CST 2026-07-17 17:57:02.932  3148  3148 I A02900/R1Api24Probe: E1_CALLBACK_SAMPLE|round=1|sequence=97|producerTid=3293|consumerTid=3148|payload=r01-s097-xd0|hash=3129854031|valid=true
CST 2026-07-17 17:57:02.932  3148  3148 I A02900/R1Api24Probe: E1_CALLBACK_SAMPLE|round=1|sequence=98|producerTid=3293|consumerTid=3148|payload=r01-s098-xef|hash=718629441|valid=true
CST 2026-07-17 17:57:02.932  3148  3148 I A02900/R1Api24Probe: E1_CALLBACK_SAMPLE|round=1|sequence=99|producerTid=3293|consumerTid=3148|payload=r01-s099-x0e|hash=3725385634|valid=true
CST 2026-07-17 17:57:02.932  3148  3148 I A02900/R1Api24Probe: E1_CALLBACK_SAMPLE|round=1|sequence=100|producerTid=3293|consumerTid=3148|payload=r01-s100-x2d|hash=772859922|valid=true
CST 2026-07-17 17:57:02.933   313   565 E C01720/SmartGC: [a92ab4fc6ee3d07] [ExitGCPauseSceneInner]ExitGCPauseSceneInner 68067 68259
CST 2026-07-17 17:57:02.935   644   650 I C02515/DISP: [ExpressFreeMem:317] freeMem bufferhandle gbuffer_id 28a0000003a, width 222, heigt 222
CST 2026-07-17 17:57:02.939   795   795 E C01406/RSScreenManager: IsAllScreensPowerOff: screenPowerStatus_ is empty.
CST 2026-07-17 17:57:02.941   795   795 I C01406/OHOS::RS: RSSurfaceRenderNode::NotifyUIBufferAvailable nodeId = 13520557047810
CST 2026-07-17 17:57:02.941  2255  2718 I C0393b/AceWindowScene: [(-1:100000:singleton)] BufferAvailableCallback id:30
CST 2026-07-17 17:57:02.941  2255  2718 I C04202/WMSMain: NotifyCompleteFirstFrameDrawing:  id: 30, app info: [cn.alfadb.netbird.r1probe entry EntryAbility]
CST 2026-07-17 17:57:02.941  2255  2718 I C04200/WMS: Post CompleteFirstFrameDrawing task. Id: 30
CST 2026-07-17 17:57:02.941  2255  2718 I C04204/WMSScb: SetSkipSelfWhenShowOnVirtualScreen: surfaceNodeId: 30
CST 2026-07-17 17:57:02.942  2255  2718 I C0393b/AceWindowScene: [(-1:100000:singleton)] isAbilityHook: 0,BufferAvailableCallback id: 30,enableRemoveStartingWindow: 0, appBufferReady: 0
CST 2026-07-17 17:57:02.942   795   795 I C01406/RSUniRenderVisitor: OcclusionInfo [SCBGestureBack22, 9685151252689, 0], [SCBStatusBar18, 9685151252677, 0], [SCBGestureNavBar16, 9685151252672, 0], [r1probe0, 13520557047810, 0], [BackgroundBlurView2, 9685151252487, 2], [SCBFormCenter14, 9685151252662, 2], [SCBDesktop7, 9685151252507, 2], [SCBWallpaper5, 9685151252490, 2], 
CST 2026-07-17 17:57:02.942  2255  2310 I C04200/SessionListenerController: NotifySessionCreated: Id:30
CST 2026-07-17 17:57:02.942  2255  2310 I C0420a/WMSLife: operator(): start notify listeners, bundleName:cn.alfadb.netbird.r1probe, Id:30, event:0, reason: 0
CST 2026-07-17 17:57:02.942  2255  2255 I A04200/WINDOW: SCBSceneSession: onBufferAvailableChange, isBufferAvailable: true, id: 30,      bundleName: cn.alfadb.netbird.r1probe
CST 2026-07-17 17:57:02.942  2255  2310 I C04217/WMSAttribute: Visibility changed, size: 4, WindowVisibilityInfos [name, winId, visibleState]: [BackgroundBlurView2, 4, 2], [SCBWallpaper5, 7, 2], [SCBDesktop7, 10, 2], [SCBFormCenter14, 17, 2], 
CST 2026-07-17 17:57:02.942  2255  2255 I A04200/WINDOW: SCBScenePersistent: Set persistentId = 30 isAlive to true
CST 2026-07-17 17:57:02.942  2255  2255 I A04200/WINDOW: SCBSceneSession: bufferAvailableCallbackList length: 0
CST 2026-07-17 17:57:02.943  2255  2255 I A04209/WMSImms: win:30 app prop is applied
CST 2026-07-17 17:57:02.943   796  1470 I C01311/AppMS: [ARR2195]wnd call, com.ohos.sceneboard_2255, isEmpty_0, c_2 -> p_0
CST 2026-07-17 17:57:02.944   796  1224 W C01336/AMS: [ability_start_with_wait_observer_manager.cpp139]invaid observerId
CST 2026-07-17 17:57:02.944  2255  2311 I C04217/WMSAttribute: operator(): memMgrWindowInfos size: 4
CST 2026-07-17 17:57:02.944  2255  2255 I A04209/WMSImms: update prop to callbacks. screenId:0 mainscreenId:0 window:30, prop:[5,true,"#00FFFFFF","#FF000000",false,false,null], size:5 reason: sceneSession isSetEnable:false isSetColor:false isLand:false 
CST 2026-07-17 17:57:02.944  2255  2255 I A01a00/SYS_UI: SystemUI_BannerVm --> onSystemBarProperty
CST 2026-07-17 17:57:02.944  2255  2255 I A01a00/SYS_UI: TaskQueue: Add task SCBStatusBarVM_onSystemBarPropertyChange, count: 1
CST 2026-07-17 17:57:02.945  2255  2255 I A01a00/SYS_UI: TaskQueue: execute queueName SCBStatusBarVM, task onSystemBarPropertyChange, runningCount 1, startTime 1784282222944
CST 2026-07-17 17:57:02.945  2255  2255 I A01a00/SYS_UI: SCBStatusBarView: registerSystemBarPropertyCallbacks, enable: true, enableAnimation:false, isExitRecentTask: false
CST 2026-07-17 17:57:02.945  2255  2255 I A01a00/SYS_UI: TimeoutPromise: Create for SCBStatusBarView_isEnablePromise.
CST 2026-07-17 17:57:02.945  2255  2255 I A01a00/SYS_UI: TimeoutPromise: StartTimeout for SCBStatusBarView_isEnablePromise timeout 500
CST 2026-07-17 17:57:02.945  2255  2255 I A04200/WINDOW: SCBSSM: setIsShowStatusBarTemporary 30 false
CST 2026-07-17 17:57:02.945  2255  2255 I A01a00/SYS_UI: TimeoutPromise: Manually resolve fot SCBStatusBarView_isEnablePromise. reason: SCBStatusBarView_isEnablePromise
CST 2026-07-17 17:57:02.945  2255  2255 W A01a00/SYS_UI: SCBStatusBarView: isEnable changed: true, statusBarOpacity is 1, immersive is false, enable animation: false
CST 2026-07-17 17:57:02.945  2255  2255 W A01a00/SYS_UI: StatusBarVMV2: System bar property change from #FFFFFFFF to #FF000000 #00FFFFFF
CST 2026-07-17 17:57:02.946  2255  2255 I A01a00/SYS_UI: StatusBarVMV2: updateTintContentColor enable true, enableAnimation false contentColor #FF000000
CST 2026-07-17 17:57:02.946  2255  2255 W A01a00/SYS_UI: StatusBarBridgeView: onPluginContentColorChange #FF000000
CST 2026-07-17 17:57:02.946  2255  2255 I A01b00/SCB: SCBCategoryResourceManager: isForceFullScreenWithDock bundleName: cn.alfadb.netbird.r1probe
CST 2026-07-17 17:57:02.946  2255  2255 I A01b00/SCB:                   isForceFullScreenWithDock: false
CST 2026-07-17 17:57:02.946  2255  2255 I A01a00/SYS_UI: TaskQueue: Run task SCBStatusBarVM_onSystemBarPropertyChange, time: 2, count: 0
CST 2026-07-17 17:57:02.947  2255  2255 W A01a00/SYS_UI: TaskQueue: stop run task, queueName SCBStatusBarVM, isFreeze: false, runningCount: 0, tasks length: 0
CST 2026-07-17 17:57:02.947   796   962 W C04201/DMS: screen_cutout_controller.cpp GetCutoutArea: display:[ID: 0, W: 1320, H: 2856, R: 0,Mode 0]
CST 2026-07-17 17:57:02.949  2255  2277 I C02b61/PostProc: initSLRFactor insert:-781857528
CST 2026-07-17 17:57:02.950  2255  2287 I C01631/GaussPD:  [0] [ADAPTER] [139900914473728] Not support binlog_default.writeLock file enable del monitor sysno = 25
CST 2026-07-17 17:57:02.950  2255  2287 I C01631/GaussPD:  [0] [ADAPTER] [139900914473728] Not support binlog_default.writeLock file enable del monitor sysno = 25
CST 2026-07-17 17:57:02.950  2255  2287 I C01631/GaussPD:  [0] [ADAPTER] [139900914473728] Not support binlog_default.writeLock file enable del monitor sysno = 25
CST 2026-07-17 17:57:02.952  2255  2287 I C01631/GaussPD:  [0] [ADAPTER] [139900914473728] Not support binlog_default.writeLock file enable del monitor sysno = 25
CST 2026-07-17 17:57:02.952  2255  2287 I C01631/GaussPD:  [0] [ADAPTER] [139900914473728] Not support binlog_default.writeIndex file enable del monitor sysno = 25
CST 2026-07-17 17:57:02.952  2255  2287 I C01631/GaussPD:  [0] [ADAPTER] [139900914473728] Not support binlog_default.writeIndex file enable del monitor sysno = 25
CST 2026-07-17 17:57:02.955  2255  2255 I C0393b/AceWindowScene: [(100000:100000:scope)] RemoveChild StartingWindow, 2172
CST 2026-07-17 17:57:02.956  2255  2255 I C0393b/AceWindowScene: [(100000:100000:scope)] Remove starting window finished, id: 30, node id: 2172, name: cn.alfadb.netbird.r1probe
CST 2026-07-17 17:57:02.957  2255  2255 I A01a00/SYS_UI: StatusBarBridgeView: FrameCallback do
CST 2026-07-17 17:57:02.957  2255  2255 I A01a00/SYS_UI: StatusBarColorPickerVm --> on isImmersive change: false,color: #FF000000--windowSetColor
CST 2026-07-17 17:57:02.957  2255  2255 I A01a00/SYS_UI: StatusBarColorPickerVm --> color enable false
CST 2026-07-17 17:57:02.958  2255  2255 I A01a00/SYS_UI: BatteryComponent-batteryIcon --> onContentColorChange #FF000000 batterySocTextTop 0
CST 2026-07-17 17:57:02.959  2255  2277 I C02515/DISP: [ExpressFreeMem:317] freeMem bufferhandle gbuffer_id 28a00000039, width 768, heigt 768
CST 2026-07-17 17:57:02.960  2255  2255 I A01a00/SYS_UI: GroupBackgroundEffect --> LightNess: 0 colorStr: #FF000000
CST 2026-07-17 17:57:02.960  2255  2255 I A01a00/SYS_UI: StatusBarHeightVm: clearShowHeight GroupBackgroundEffect_left_group
CST 2026-07-17 17:57:02.960  2255  2255 I A01a00/SYS_UI: StatusBarHeightVm: checkHeightChange: cacheUseHeight 39 maxHeight 39 maxHotArea: 39
CST 2026-07-17 17:57:02.960  2255  2255 I A01a00/SYS_UI: GroupBackgroundEffect --> LightNess: 0 colorStr: #FF000000
CST 2026-07-17 17:57:02.960  2255  2255 I A01a00/SYS_UI: StatusBarHeightVm: clearShowHeight GroupBackgroundEffect_right_group
CST 2026-07-17 17:57:02.960  2255  2255 I A01a00/SYS_UI: StatusBarHeightVm: checkHeightChange: cacheUseHeight 39 maxHeight 39 maxHotArea: 39
CST 2026-07-17 17:57:02.960  2255  2255 I A01a00/SYS_UI: LiveCapsuleListVm: shadow capsule color = #4D000000
CST 2026-07-17 17:57:02.971  3148  3148 I A02900/R1Api24Probe: E1_ROUND_RESULT|verdict=PASS|round=1|pid=3148|mainTid=3148|producerTid=3293|consumerTid=3148|buffers=100|callbacks=100|fdTransfers=1|bufferHashAggregate=1003354277|callbackHashAggregate=1107886077|fdPayloadHash=1745844509|beforeFd=38|afterFd=38|beforeThreads=28|afterThreads=28|monotonicIncrease=false
CST 2026-07-17 17:57:02.971  3148  3148 I A02900/R1Api24Probe: E1_BUFFER_SAMPLE|round=2|sample=1|length=0|leftSentinel=82|rightSentinel=173|hash=2166136261|guards=true|nativeTid=3148
CST 2026-07-17 17:57:02.971  3148  3148 I A02900/R1Api24Probe: E1_BUFFER_SAMPLE|round=2|sample=2|length=1|leftSentinel=83|rightSentinel=172|hash=3255563174|guards=true|nativeTid=3148
CST 2026-07-17 17:57:02.971  3148  3148 I A02900/R1Api24Probe: E1_BUFFER_SAMPLE|round=2|sample=3|length=2|leftSentinel=84|rightSentinel=171|hash=771061448|guards=true|nativeTid=3148
CST 2026-07-17 17:57:02.971  3148  3148 I A02900/R1Api24Probe: E1_BUFFER_SAMPLE|round=2|sample=4|length=3|leftSentinel=85|rightSentinel=170|hash=372235737|guards=true|nativeTid=3148
CST 2026-07-17 17:57:02.971  3148  3148 I A02900/R1Api24Probe: E1_BUFFER_SAMPLE|round=2|sample=5|length=4|leftSentinel=86|rightSentinel=169|hash=774863657|guards=true|nativeTid=3148
CST 2026-07-17 17:57:02.972  3148  3148 I A02900/R1Api24Probe: E1_BUFFER_SAMPLE|round=2|sample=6|length=5|leftSentinel=87|rightSentinel=168|hash=1743486890|guards=true|nativeTid=3148
CST 2026-07-17 17:57:02.972  3148  3148 I A02900/R1Api24Probe: E1_BUFFER_SAMPLE|round=2|sample=7|length=6|leftSentinel=88|rightSentinel=167|hash=254712328|guards=true|nativeTid=3148
CST 2026-07-17 17:57:02.972  3148  3148 I A02900/R1Api24Probe: E1_BUFFER_SAMPLE|round=2|sample=8|length=7|leftSentinel=89|rightSentinel=166|hash=177545361|guards=true|nativeTid=3148
CST 2026-07-17 17:57:02.972  3148  3148 I A02900/R1Api24Probe: E1_BUFFER_SAMPLE|round=2|sample=9|length=8|leftSentinel=90|rightSentinel=165|hash=366390381|guards=true|nativeTid=3148
CST 2026-07-17 17:57:02.972  3148  3148 I A02900/R1Api24Probe: E1_BUFFER_SAMPLE|round=2|sample=10|length=9|leftSentinel=91|rightSentinel=164|hash=1832534150|guards=true|nativeTid=3148
CST 2026-07-17 17:57:02.972  3148  3148 I A02900/R1Api24Probe: E1_BUFFER_SAMPLE|round=2|sample=11|length=10|leftSentinel=92|rightSentinel=163|hash=3237279640|guards=true|nativeTid=3148
CST 2026-07-17 17:57:02.972  3148  3148 I A02900/R1Api24Probe: E1_BUFFER_SAMPLE|round=2|sample=12|length=11|leftSentinel=93|rightSentinel=162|hash=3150194825|guards=true|nativeTid=3148
CST 2026-07-17 17:57:02.972  3148  3148 I A02900/R1Api24Probe: E1_BUFFER_SAMPLE|round=2|sample=13|length=12|leftSentinel=94|rightSentinel=161|hash=3941119777|guards=true|nativeTid=3148
CST 2026-07-17 17:57:02.972  3148  3148 I A02900/R1Api24Probe: E1_BUFFER_SAMPLE|round=2|sample=14|length=13|leftSentinel=95|rightSentinel=160|hash=2806665050|guards=true|nativeTid=3148
CST 2026-07-17 17:57:02.972  3148  3148 I A02900/R1Api24Probe: E1_BUFFER_SAMPLE|round=2|sample=15|length=14|leftSentinel=96|rightSentinel=159|hash=1063991608|guards=true|nativeTid=3148
CST 2026-07-17 17:57:02.972  3148  3148 I A02900/R1Api24Probe: E1_BUFFER_SAMPLE|round=2|sample=16|length=15|leftSentinel=97|rightSentinel=158|hash=1966418241|guards=true|nativeTid=3148
CST 2026-07-17 17:57:02.972  3148  3148 I A02900/R1Api24Probe: E1_BUFFER_SAMPLE|round=2|sample=17|length=16|leftSentinel=98|rightSentinel=157|hash=954915285|guards=true|nativeTid=3148
CST 2026-07-17 17:57:02.972  3148  3148 I A02900/R1Api24Probe: E1_BUFFER_SAMPLE|round=2|sample=18|length=17|leftSentinel=99|rightSentinel=156|hash=753794662|guards=true|nativeTid=3148
CST 2026-07-17 17:57:02.972  3148  3148 I A02900/R1Api24Probe: E1_BUFFER_SAMPLE|round=2|sample=19|length=18|leftSentinel=100|rightSentinel=155|hash=2044636200|guards=true|nativeTid=3148
CST 2026-07-17 17:57:02.972  3148  3148 I A02900/R1Api24Probe: E1_BUFFER_SAMPLE|round=2|sample=20|length=19|leftSentinel=101|rightSentinel=154|hash=3893415641|guards=true|nativeTid=3148
CST 2026-07-17 17:57:02.973  3148  3148 I A02900/R1Api24Probe: E1_BUFFER_SAMPLE|round=2|sample=21|length=20|leftSentinel=102|rightSentinel=153|hash=1221730297|guards=true|nativeTid=3148
CST 2026-07-17 17:57:02.973  3148  3148 I A02900/R1Api24Probe: E1_BUFFER_SAMPLE|round=2|sample=22|length=21|leftSentinel=103|rightSentinel=152|hash=117830154|guards=true|nativeTid=3148
CST 2026-07-17 17:57:02.973  3148  3148 I A02900/R1Api24Probe: E1_BUFFER_SAMPLE|round=2|sample=23|length=22|leftSentinel=104|rightSentinel=151|hash=989177032|guards=true|nativeTid=3148
CST 2026-07-17 17:57:02.973  3148  3148 I A02900/R1Api24Probe: E1_BUFFER_SAMPLE|round=2|sample=24|length=23|leftSentinel=105|rightSentinel=150|hash=2123436145|guards=true|nativeTid=3148
CST 2026-07-17 17:57:02.973  3148  3148 I A02900/R1Api24Probe: E1_BUFFER_SAMPLE|round=2|sample=25|length=24|leftSentinel=106|rightSentinel=149|hash=3219394941|guards=true|nativeTid=3148
CST 2026-07-17 17:57:02.973  3148  3148 I A02900/R1Api24Probe: E1_BUFFER_SAMPLE|round=2|sample=26|length=25|leftSentinel=107|rightSentinel=148|hash=3870028998|guards=true|nativeTid=3148
CST 2026-07-17 17:57:02.973  3148  3148 I A02900/R1Api24Probe: E1_BUFFER_SAMPLE|round=2|sample=27|length=26|leftSentinel=108|rightSentinel=147|hash=3391516472|guards=true|nativeTid=3148
CST 2026-07-17 17:57:02.973  3148  3148 I A02900/R1Api24Probe: E1_BUFFER_SAMPLE|round=2|sample=28|length=27|leftSentinel=109|rightSentinel=146|hash=4049712009|guards=true|nativeTid=3148
CST 2026-07-17 17:57:02.973  3148  3148 I A02900/R1Api24Probe: E1_BUFFER_SAMPLE|round=2|sample=29|length=28|leftSentinel=110|rightSentinel=145|hash=1925620689|guards=true|nativeTid=3148
CST 2026-07-17 17:57:02.973  3148  3148 I A02900/R1Api24Probe: E1_BUFFER_SAMPLE|round=2|sample=30|length=29|leftSentinel=111|rightSentinel=144|hash=2996063962|guards=true|nativeTid=3148
CST 2026-07-17 17:57:02.973  3148  3148 I A02900/R1Api24Probe: E1_BUFFER_SAMPLE|round=2|sample=31|length=30|leftSentinel=112|rightSentinel=143|hash=727153720|guards=true|nativeTid=3148
CST 2026-07-17 17:57:02.973  3148  3148 I A02900/R1Api24Probe: E1_BUFFER_SAMPLE|round=2|sample=32|length=31|leftSentinel=113|rightSentinel=142|hash=3398332897|guards=true|nativeTid=3148
CST 2026-07-17 17:57:02.973  3148  3148 I A02900/R1Api24Probe: E1_BUFFER_SAMPLE|round=2|sample=33|length=32|leftSentinel=114|rightSentinel=141|hash=4012527909|guards=true|nativeTid=3148
CST 2026-07-17 17:57:02.973  3148  3148 I A02900/R1Api24Probe: E1_BUFFER_SAMPLE|round=2|sample=34|length=33|leftSentinel=115|rightSentinel=140|hash=1262183142|guards=true|nativeTid=3148
CST 2026-07-17 17:57:02.973  3148  3148 I A02900/R1Api24Probe: E1_BUFFER_SAMPLE|round=2|sample=35|length=34|leftSentinel=116|rightSentinel=139|hash=2126851208|guards=true|nativeTid=3148
CST 2026-07-17 17:57:02.974  3148  3148 I A02900/R1Api24Probe: E1_BUFFER_SAMPLE|round=2|sample=36|length=35|leftSentinel=117|rightSentinel=138|hash=1056271449|guards=true|nativeTid=3148
CST 2026-07-17 17:57:02.974  3148  3148 I A02900/R1Api24Probe: E1_BUFFER_SAMPLE|round=2|sample=37|length=36|leftSentinel=118|rightSentinel=137|hash=2722252553|guards=true|nativeTid=3148
CST 2026-07-17 17:57:02.974  3148  3148 I A02900/R1Api24Probe: E1_BUFFER_SAMPLE|round=2|sample=38|length=37|leftSentinel=119|rightSentinel=136|hash=79438826|guards=true|nativeTid=3148
CST 2026-07-17 17:57:02.974  3148  3148 I A02900/R1Api24Probe: E1_BUFFER_SAMPLE|round=2|sample=39|length=38|leftSentinel=120|rightSentinel=135|hash=3557081032|guards=true|nativeTid=3148
CST 2026-07-17 17:57:02.974  3148  3148 I A02900/R1Api24Probe: E1_BUFFER_SAMPLE|round=2|sample=40|length=39|leftSentinel=121|rightSentinel=134|hash=3419302673|guards=true|nativeTid=3148
CST 2026-07-17 17:57:02.974  3148  3148 I A02900/R1Api24Probe: E1_BUFFER_SAMPLE|round=2|sample=41|length=40|leftSentinel=122|rightSentinel=133|hash=2844505357|guards=true|nativeTid=3148
CST 2026-07-17 17:57:02.974  3148  3148 I A02900/R1Api24Probe: E1_BUFFER_SAMPLE|round=2|sample=42|length=41|leftSentinel=123|rightSentinel=132|hash=1603086342|guards=true|nativeTid=3148
CST 2026-07-17 17:57:02.974  3148  3148 I A02900/R1Api24Probe: E1_BUFFER_SAMPLE|round=2|sample=43|length=42|leftSentinel=124|rightSentinel=131|hash=3568174552|guards=true|nativeTid=3148
CST 2026-07-17 17:57:02.974  3148  3148 I A02900/R1Api24Probe: E1_BUFFER_SAMPLE|round=2|sample=44|length=43|leftSentinel=125|rightSentinel=130|hash=3035908489|guards=true|nativeTid=3148
CST 2026-07-17 17:57:02.974  3148  3148 I A02900/R1Api24Probe: E1_BUFFER_SAMPLE|round=2|sample=45|length=44|leftSentinel=126|rightSentinel=129|hash=2702910529|guards=true|nativeTid=3148
CST 2026-07-17 17:57:02.974  3148  3148 I A02900/R1Api24Probe: E1_BUFFER_SAMPLE|round=2|sample=46|length=45|leftSentinel=127|rightSentinel=128|hash=2554521498|guards=true|nativeTid=3148
CST 2026-07-17 17:57:02.974  3148  3148 I A02900/R1Api24Probe: E1_BUFFER_SAMPLE|round=2|sample=47|length=46|leftSentinel=128|rightSentinel=127|hash=3331860088|guards=true|nativeTid=3148
CST 2026-07-17 17:57:02.974  3148  3148 I A02900/R1Api24Probe: E1_BUFFER_SAMPLE|round=2|sample=48|length=47|leftSentinel=129|rightSentinel=126|hash=3693502465|guards=true|nativeTid=3148
CST 2026-07-17 17:57:02.974  3148  3148 I A02900/R1Api24Probe: E1_BUFFER_SAMPLE|round=2|sample=49|length=48|leftSentinel=130|rightSentinel=125|hash=3912386165|guards=true|nativeTid=3148
CST 2026-07-17 17:57:02.974  3148  3148 I A02900/R1Api24Probe: E1_BUFFER_SAMPLE|round=2|sample=50|length=49|leftSentinel=131|rightSentinel=124|hash=729619174|guards=true|nativeTid=3148
CST 2026-07-17 17:57:02.975  3148  3148 I A02900/R1Api24Probe: E1_BUFFER_SAMPLE|round=2|sample=51|length=50|leftSentinel=132|rightSentinel=123|hash=4184711656|guards=true|nativeTid=3148
CST 2026-07-17 17:57:02.975  3148  3148 I A02900/R1Api24Probe: E1_BUFFER_SAMPLE|round=2|sample=52|length=51|leftSentinel=133|rightSentinel=122|hash=932647385|guards=true|nativeTid=3148
CST 2026-07-17 17:57:02.975  3148  3148 I A02900/R1Api24Probe: E1_BUFFER_SAMPLE|round=2|sample=53|length=52|leftSentinel=134|rightSentinel=121|hash=2231126041|guards=true|nativeTid=3148
CST 2026-07-17 17:57:02.975  3148  3148 I A02900/R1Api24Probe: E1_BUFFER_SAMPLE|round=2|sample=54|length=53|leftSentinel=135|rightSentinel=120|hash=1170418186|guards=true|nativeTid=3148
CST 2026-07-17 17:57:02.975  3148  3148 I A02900/R1Api24Probe: E1_BUFFER_SAMPLE|round=2|sample=55|length=54|leftSentinel=136|rightSentinel=119|hash=3848590344|guards=true|nativeTid=3148
CST 2026-07-17 17:57:02.975  3148  3148 I A02900/R1Api24Probe: E1_BUFFER_SAMPLE|round=2|sample=56|length=55|leftSentinel=137|rightSentinel=118|hash=2872627121|guards=true|nativeTid=3148
CST 2026-07-17 17:57:02.975  3148  3148 I A02900/R1Api24Probe: E1_BUFFER_SAMPLE|round=2|sample=57|length=56|leftSentinel=138|rightSentinel=117|hash=1649299933|guards=true|nativeTid=3148
CST 2026-07-17 17:57:02.975  3148  3148 I A02900/R1Api24Probe: E1_BUFFER_SAMPLE|round=2|sample=58|length=57|leftSentinel=139|rightSentinel=116|hash=886356486|guards=true|nativeTid=3148
CST 2026-07-17 17:57:02.975  3148  3148 I A02900/R1Api24Probe: E1_BUFFER_SAMPLE|round=2|sample=59|length=58|leftSentinel=140|rightSentinel=115|hash=56201336|guards=true|nativeTid=3148
CST 2026-07-17 17:57:02.975  3148  3148 I A02900/R1Api24Probe: E1_BUFFER_SAMPLE|round=2|sample=60|length=59|leftSentinel=141|rightSentinel=114|hash=4281663497|guards=true|nativeTid=3148
CST 2026-07-17 17:57:02.975  3148  3148 I A02900/R1Api24Probe: E1_BUFFER_SAMPLE|round=2|sample=61|length=60|leftSentinel=142|rightSentinel=113|hash=709859569|guards=true|nativeTid=3148
CST 2026-07-17 17:57:02.975  3148  3148 I A02900/R1Api24Probe: E1_BUFFER_SAMPLE|round=2|sample=62|length=61|leftSentinel=143|rightSentinel=112|hash=2066618010|guards=true|nativeTid=3148
CST 2026-07-17 17:57:02.975  3148  3148 I A02900/R1Api24Probe: E1_BUFFER_SAMPLE|round=2|sample=63|length=62|leftSentinel=144|rightSentinel=111|hash=3210527608|guards=true|nativeTid=3148
CST 2026-07-17 17:57:02.976  3148  3148 I A02900/R1Api24Probe: E1_BUFFER_SAMPLE|round=2|sample=64|length=63|leftSentinel=145|rightSentinel=110|hash=1094352737|guards=true|nativeTid=3148
CST 2026-07-17 17:57:02.976  3148  3148 I A02900/R1Api24Probe: E1_BUFFER_SAMPLE|round=2|sample=65|length=64|leftSentinel=146|rightSentinel=109|hash=1749922821|guards=true|nativeTid=3148
CST 2026-07-17 17:57:02.976  3148  3148 I A02900/R1Api24Probe: E1_BUFFER_SAMPLE|round=2|sample=66|length=65|leftSentinel=147|rightSentinel=108|hash=1110950310|guards=true|nativeTid=3148
CST 2026-07-17 17:57:02.976  3148  3148 I A02900/R1Api24Probe: E1_BUFFER_SAMPLE|round=2|sample=67|length=66|leftSentinel=148|rightSentinel=107|hash=641830984|guards=true|nativeTid=3148
CST 2026-07-17 17:57:02.976  3148  3148 I A02900/R1Api24Probe: E1_BUFFER_SAMPLE|round=2|sample=68|length=67|leftSentinel=149|rightSentinel=106|hash=247748953|guards=true|nativeTid=3148
CST 2026-07-17 17:57:02.976  3148  3148 I A02900/R1Api24Probe: E1_BUFFER_SAMPLE|round=2|sample=69|length=68|leftSentinel=150|rightSentinel=105|hash=2341970025|guards=true|nativeTid=3148
CST 2026-07-17 17:57:02.976  3148  3148 I A02900/R1Api24Probe: E1_BUFFER_SAMPLE|round=2|sample=70|length=69|leftSentinel=151|rightSentinel=104|hash=2990740138|guards=true|nativeTid=3148
CST 2026-07-17 17:57:02.976  3148  3148 I A02900/R1Api24Probe: E1_BUFFER_SAMPLE|round=2|sample=71|length=70|leftSentinel=152|rightSentinel=103|hash=2323090568|guards=true|nativeTid=3148
CST 2026-07-17 17:57:02.976  3148  3148 I A02900/R1Api24Probe: E1_BUFFER_SAMPLE|round=2|sample=72|length=71|leftSentinel=153|rightSentinel=102|hash=4016329105|guards=true|nativeTid=3148
CST 2026-07-17 17:57:02.976  3148  3148 I A02900/R1Api24Probe: E1_BUFFER_SAMPLE|round=2|sample=73|length=72|leftSentinel=154|rightSentinel=101|hash=1070330413|guards=true|nativeTid=3148
CST 2026-07-17 17:57:02.976  3148  3148 I A02900/R1Api24Probe: E1_BUFFER_SAMPLE|round=2|sample=74|length=73|leftSentinel=155|rightSentinel=100|hash=705591942|guards=true|nativeTid=3148
CST 2026-07-17 17:57:02.976  3148  3148 I A02900/R1Api24Probe: E1_BUFFER_SAMPLE|round=2|sample=75|length=74|leftSentinel=156|rightSentinel=99|hash=1891403800|guards=true|nativeTid=3148
CST 2026-07-17 17:57:02.976  3148  3148 I A02900/R1Api24Probe: E1_BUFFER_SAMPLE|round=2|sample=76|length=75|leftSentinel=157|rightSentinel=98|hash=4040648457|guards=true|nativeTid=3148
CST 2026-07-17 17:57:02.977  3148  3148 I A02900/R1Api24Probe: E1_BUFFER_SAMPLE|round=2|sample=77|length=76|leftSentinel=158|rightSentinel=97|hash=505319393|guards=true|nativeTid=3148
CST 2026-07-17 17:57:02.977  3148  3148 I A02900/R1Api24Probe: E1_BUFFER_SAMPLE|round=2|sample=78|length=77|leftSentinel=159|rightSentinel=96|hash=3436084186|guards=true|nativeTid=3148
CST 2026-07-17 17:57:02.977  3148  3148 I A02900/R1Api24Probe: E1_BUFFER_SAMPLE|round=2|sample=79|length=78|leftSentinel=160|rightSentinel=95|hash=3829180856|guards=true|nativeTid=3148
CST 2026-07-17 17:57:02.977  3148  3148 I A02900/R1Api24Probe: E1_BUFFER_SAMPLE|round=2|sample=80|length=79|leftSentinel=161|rightSentinel=94|hash=1594469825|guards=true|nativeTid=3148
CST 2026-07-17 17:57:02.977  3148  3148 I A02900/R1Api24Probe: E1_BUFFER_SAMPLE|round=2|sample=81|length=80|leftSentinel=162|rightSentinel=93|hash=1899837845|guards=true|nativeTid=3148
CST 2026-07-17 17:57:02.977  3148  3148 I A02900/R1Api24Probe: E1_BUFFER_SAMPLE|round=2|sample=82|length=81|leftSentinel=163|rightSentinel=92|hash=2061992550|guards=true|nativeTid=3148
CST 2026-07-17 17:57:02.977  3148  3148 I A02900/R1Api24Probe: E1_BUFFER_SAMPLE|round=2|sample=83|length=82|leftSentinel=164|rightSentinel=91|hash=185920424|guards=true|nativeTid=3148
CST 2026-07-17 17:57:02.977  3148  3148 I A02900/R1Api24Probe: E1_BUFFER_SAMPLE|round=2|sample=84|length=83|leftSentinel=165|rightSentinel=90|hash=1299581785|guards=true|nativeTid=3148
CST 2026-07-17 17:57:02.977  3148  3148 I A02900/R1Api24Probe: E1_BUFFER_SAMPLE|round=2|sample=85|length=84|leftSentinel=166|rightSentinel=89|hash=3762529721|guards=true|nativeTid=3148
CST 2026-07-17 17:57:02.977  3148  3148 I A02900/R1Api24Probe: E1_BUFFER_SAMPLE|round=2|sample=86|length=85|leftSentinel=167|rightSentinel=88|hash=1659312266|guards=true|nativeTid=3148
CST 2026-07-17 17:57:02.977  3148  3148 I A02900/R1Api24Probe: E1_BUFFER_SAMPLE|round=2|sample=87|length=86|leftSentinel=168|rightSentinel=87|hash=1338804552|guards=true|nativeTid=3148
CST 2026-07-17 17:57:02.977  3148  3148 I A02900/R1Api24Probe: E1_BUFFER_SAMPLE|round=2|sample=88|length=87|leftSentinel=169|rightSentinel=86|hash=1896474609|guards=true|nativeTid=3148
CST 2026-07-17 17:57:02.978  3148  3148 I A02900/R1Api24Probe: E1_BUFFER_SAMPLE|round=2|sample=89|length=88|leftSentinel=170|rightSentinel=85|hash=2670842941|guards=true|nativeTid=3148
CST 2026-07-17 17:57:02.978  3148  3148 I A02900/R1Api24Probe: E1_BUFFER_SAMPLE|round=2|sample=90|length=89|leftSentinel=171|rightSentinel=84|hash=3984066630|guards=true|nativeTid=3148
CST 2026-07-17 17:57:02.978  3148  3148 I A02900/R1Api24Probe: E1_BUFFER_SAMPLE|round=2|sample=91|length=90|leftSentinel=172|rightSentinel=83|hash=4002591032|guards=true|nativeTid=3148
CST 2026-07-17 17:57:02.978  3148  3148 I A02900/R1Api24Probe: E1_BUFFER_SAMPLE|round=2|sample=92|length=91|leftSentinel=173|rightSentinel=82|hash=2240255497|guards=true|nativeTid=3148
CST 2026-07-17 17:57:02.978  3148  3148 I A02900/R1Api24Probe: E1_BUFFER_SAMPLE|round=2|sample=93|length=92|leftSentinel=174|rightSentinel=81|hash=1007975441|guards=true|nativeTid=3148
CST 2026-07-17 17:57:02.978  3148  3148 I A02900/R1Api24Probe: E1_BUFFER_SAMPLE|round=2|sample=94|length=93|leftSentinel=175|rightSentinel=80|hash=1854176858|guards=true|nativeTid=3148
CST 2026-07-17 17:57:02.978  3148  3148 I A02900/R1Api24Probe: E1_BUFFER_SAMPLE|round=2|sample=95|length=94|leftSentinel=176|rightSentinel=79|hash=4136003640|guards=true|nativeTid=3148
CST 2026-07-17 17:57:02.978  3148  3148 I A02900/R1Api24Probe: E1_BUFFER_SAMPLE|round=2|sample=96|length=95|leftSentinel=177|rightSentinel=78|hash=2956514401|guards=true|nativeTid=3148
CST 2026-07-17 17:57:02.978  3148  3148 I A02900/R1Api24Probe: E1_BUFFER_SAMPLE|round=2|sample=97|length=96|leftSentinel=178|rightSentinel=77|hash=224583909|guards=true|nativeTid=3148
CST 2026-07-17 17:57:02.978  3148  3148 I A02900/R1Api24Probe: E1_BUFFER_SAMPLE|round=2|sample=98|length=97|leftSentinel=179|rightSentinel=76|hash=677674214|guards=true|nativeTid=3148
CST 2026-07-17 17:57:02.978  3148  3148 I A02900/R1Api24Probe: E1_BUFFER_SAMPLE|round=2|sample=99|length=98|leftSentinel=180|rightSentinel=75|hash=812257160|guards=true|nativeTid=3148
CST 2026-07-17 17:57:02.978  3148  3148 I A02900/R1Api24Probe: E1_BUFFER_SAMPLE|round=2|sample=100|length=99|leftSentinel=181|rightSentinel=74|hash=1759055449|guards=true|nativeTid=3148
CST 2026-07-17 17:57:02.979  3148  3148 I A02900/R1Api24Probe: E1_FD_CREATED|fdA=37|fdB=38|creatorTid=3148|owner=ArkTS
CST 2026-07-17 17:57:02.979  3148  3148 I A02900/R1Api24Probe: E1_FD_RESULT|round=2|fdA=37|fdB=38|duplicateFd=39|written=23|read=23|payload=fd-round-02-sentinel-4a|payloadHash=4098012082|closeA=0|closeDuplicate=0|closeB=0|duplicateCloseA=-1|errnoA=9|duplicateCloseB=-1|errnoB=9|owner=closed-by-native|nativeTid=3148
CST 2026-07-17 17:57:02.979  3148  3295 I A02900/R1Api24Probe: E1_PTHREAD_START|round=2|producerTid=3295
CST 2026-07-17 17:57:02.979  3148  3295 I A02900/R1Api24Probe: E1_PTHREAD_FINISH|round=2|producerTid=3295|queued=100|status=0
CST 2026-07-17 17:57:02.979  3148  3148 I A02900/R1Api24Probe: E1_CALLBACK_SAMPLE|round=2|sequence=1|producerTid=3295|consumerTid=3148|payload=r02-s001-x41|hash=692109288|valid=true
CST 2026-07-17 17:57:02.979  3148  3148 I A02900/R1Api24Probe: E1_CALLBACK_SAMPLE|round=2|sequence=2|producerTid=3295|consumerTid=3148|payload=r02-s002-x60|hash=414176580|valid=true
CST 2026-07-17 17:57:02.979  3148  3148 I A02900/R1Api24Probe: E1_CALLBACK_SAMPLE|round=2|sequence=3|producerTid=3295|consumerTid=3148|payload=r02-s003-x7f|hash=1125027060|valid=true
CST 2026-07-17 17:57:02.979  3148  3148 I A02900/R1Api24Probe: E1_CALLBACK_SAMPLE|round=2|sequence=4|producerTid=3295|consumerTid=3148|payload=r02-s004-x9e|hash=1750733894|valid=true
CST 2026-07-17 17:57:02.979  3148  3148 I A02900/R1Api24Probe: E1_CALLBACK_SAMPLE|round=2|sequence=5|producerTid=3295|consumerTid=3148|payload=r02-s005-xbd|hash=1254297621|valid=true
CST 2026-07-17 17:57:02.979  3148  3148 I A02900/R1Api24Probe: E1_CALLBACK_SAMPLE|round=2|sequence=6|producerTid=3295|consumerTid=3148|payload=r02-s006-xdc|hash=2790552855|valid=true
CST 2026-07-17 17:57:02.979  3148  3148 I A02900/R1Api24Probe: E1_CALLBACK_SAMPLE|round=2|sequence=7|producerTid=3295|consumerTid=3148|payload=r02-s007-xfb|hash=845550961|valid=true
CST 2026-07-17 17:57:02.979  3148  3148 I A02900/R1Api24Probe: E1_CALLBACK_SAMPLE|round=2|sequence=8|producerTid=3295|consumerTid=3148|payload=r02-s008-x1a|hash=3185818438|valid=true
CST 2026-07-17 17:57:02.979  3148  3148 I A02900/R1Api24Probe: E1_CALLBACK_SAMPLE|round=2|sequence=9|producerTid=3295|consumerTid=3148|payload=r02-s009-x39|hash=700719799|valid=true
CST 2026-07-17 17:57:02.979  3148  3148 I A02900/R1Api24Probe: E1_CALLBACK_SAMPLE|round=2|sequence=10|producerTid=3295|consumerTid=3148|payload=r02-s010-x58|hash=3300336116|valid=true
CST 2026-07-17 17:57:02.979  3148  3148 I A02900/R1Api24Probe: E1_CALLBACK_SAMPLE|round=2|sequence=11|producerTid=3295|consumerTid=3148|payload=r02-s011-x77|hash=118817048|valid=true
CST 2026-07-17 17:57:02.980  3148  3148 I A02900/R1Api24Probe: E1_CALLBACK_SAMPLE|round=2|sequence=12|producerTid=3295|consumerTid=3148|payload=r02-s012-x96|hash=472395092|valid=true
CST 2026-07-17 17:57:02.980  3148  3148 I A02900/R1Api24Probe: E1_CALLBACK_SAMPLE|round=2|sequence=13|producerTid=3295|consumerTid=3148|payload=r02-s013-xb5|hash=2394519377|valid=true
CST 2026-07-17 17:57:02.980  3148  3148 I A02900/R1Api24Probe: E1_CALLBACK_SAMPLE|round=2|sequence=14|producerTid=3295|consumerTid=3148|payload=r02-s014-xd4|hash=3862381925|valid=true
CST 2026-07-17 17:57:02.980  3148  3148 I A02900/R1Api24Probe: E1_CALLBACK_SAMPLE|round=2|sequence=15|producerTid=3295|consumerTid=3148|payload=r02-s015-xf3|hash=3316432369|valid=true
CST 2026-07-17 17:57:02.980  3148  3148 I A02900/R1Api24Probe: E1_CALLBACK_SAMPLE|round=2|sequence=16|producerTid=3295|consumerTid=3148|payload=r02-s016-x12|hash=1773258684|valid=true
CST 2026-07-17 17:57:02.980  3148  3148 I A02900/R1Api24Probe: E1_CALLBACK_SAMPLE|round=2|sequence=17|producerTid=3295|consumerTid=3148|payload=r02-s017-x31|hash=665693436|valid=true
CST 2026-07-17 17:57:02.980  3148  3148 I A02900/R1Api24Probe: E1_CALLBACK_SAMPLE|round=2|sequence=18|producerTid=3295|consumerTid=3148|payload=r02-s018-x50|hash=3461540612|valid=true
CST 2026-07-17 17:57:02.980  3148  3148 I A02900/R1Api24Probe: E1_CALLBACK_SAMPLE|round=2|sequence=19|producerTid=3295|consumerTid=3148|payload=r02-s019-x6f|hash=2426460966|valid=true
CST 2026-07-17 17:57:02.980  3148  3148 I A02900/R1Api24Probe: E1_CALLBACK_SAMPLE|round=2|sequence=20|producerTid=3295|consumerTid=3148|payload=r02-s020-x8e|hash=1786156345|valid=true
CST 2026-07-17 17:57:02.980  3148  3148 I A02900/R1Api24Probe: E1_CALLBACK_SAMPLE|round=2|sequence=21|producerTid=3295|consumerTid=3148|payload=r02-s021-xad|hash=1081121356|valid=true
CST 2026-07-17 17:57:02.980  3148  3148 I A02900/R1Api24Probe: E1_CALLBACK_SAMPLE|round=2|sequence=22|producerTid=3295|consumerTid=3148|payload=r02-s022-xcc|hash=2864075518|valid=true
CST 2026-07-17 17:57:02.980  3148  3148 I A02900/R1Api24Probe: E1_CALLBACK_SAMPLE|round=2|sequence=23|producerTid=3295|consumerTid=3148|payload=r02-s023-xeb|hash=2849498372|valid=true
CST 2026-07-17 17:57:02.980  3148  3148 I A02900/R1Api24Probe: E1_CALLBACK_SAMPLE|round=2|sequence=24|producerTid=3295|consumerTid=3148|payload=r02-s024-x0a|hash=1610297833|valid=true
CST 2026-07-17 17:57:02.980  3148  3148 I A02900/R1Api24Probe: E1_CALLBACK_SAMPLE|round=2|sequence=25|producerTid=3295|consumerTid=3148|payload=r02-s025-x29|hash=1165784604|valid=true
CST 2026-07-17 17:57:02.980  3148  3148 I A02900/R1Api24Probe: E1_CALLBACK_SAMPLE|round=2|sequence=26|producerTid=3295|consumerTid=3148|payload=r02-s026-x48|hash=2117672928|valid=true
CST 2026-07-17 17:57:02.980  3148  3148 I A02900/R1Api24Probe: E1_CALLBACK_SAMPLE|round=2|sequence=27|producerTid=3295|consumerTid=3148|payload=r02-s027-x67|hash=671705024|valid=true
CST 2026-07-17 17:57:02.980  3148  3148 I A02900/R1Api24Probe: E1_CALLBACK_SAMPLE|round=2|sequence=28|producerTid=3295|consumerTid=3148|payload=r02-s028-x86|hash=1985807416|valid=true
CST 2026-07-17 17:57:02.980  3148  3148 I A02900/R1Api24Probe: E1_CALLBACK_SAMPLE|round=2|sequence=29|producerTid=3295|consumerTid=3148|payload=r02-s029-xa5|hash=984500327|valid=true
CST 2026-07-17 17:57:02.980  3148  3148 I A02900/R1Api24Probe: E1_CALLBACK_SAMPLE|round=2|sequence=30|producerTid=3295|consumerTid=3148|payload=r02-s030-xc4|hash=1383103716|valid=true
CST 2026-07-17 17:57:02.980  3148  3148 I A02900/R1Api24Probe: E1_CALLBACK_SAMPLE|round=2|sequence=31|producerTid=3295|consumerTid=3148|payload=r02-s031-xe3|hash=654876200|valid=true
CST 2026-07-17 17:57:02.980  3148  3148 I A02900/R1Api24Probe: E1_CALLBACK_SAMPLE|round=2|sequence=32|producerTid=3295|consumerTid=3148|payload=r02-s032-x02|hash=1547056351|valid=true
CST 2026-07-17 17:57:02.980  3148  3148 I A02900/R1Api24Probe: E1_CALLBACK_SAMPLE|round=2|sequence=33|producerTid=3295|consumerTid=3148|payload=r02-s033-x21|hash=3210529623|valid=true
CST 2026-07-17 17:57:02.981  3148  3148 I A02900/R1Api24Probe: E1_CALLBACK_SAMPLE|round=2|sequence=34|producerTid=3295|consumerTid=3148|payload=r02-s034-x40|hash=3843880739|valid=true
CST 2026-07-17 17:57:02.981  3148  3148 I A02900/R1Api24Probe: E1_CALLBACK_SAMPLE|round=2|sequence=35|producerTid=3295|consumerTid=3148|payload=r02-s035-x5f|hash=1274062507|valid=true
CST 2026-07-17 17:57:02.981  3148  3148 I A02900/R1Api24Probe: E1_CALLBACK_SAMPLE|round=2|sequence=36|producerTid=3295|consumerTid=3148|payload=r02-s036-x7e|hash=33906581|valid=true
CST 2026-07-17 17:57:02.981  3148  3148 I A02900/R1Api24Probe: E1_CALLBACK_SAMPLE|round=2|sequence=37|producerTid=3295|consumerTid=3148|payload=r02-s037-x9d|hash=741085783|valid=true
CST 2026-07-17 17:57:02.981  3148  3148 I A02900/R1Api24Probe: E1_CALLBACK_SAMPLE|round=2|sequence=38|producerTid=3295|consumerTid=3148|payload=r02-s038-xbc|hash=2808748848|valid=true
CST 2026-07-17 17:57:02.981  3148  3148 I A02900/R1Api24Probe: E1_CALLBACK_SAMPLE|round=2|sequence=39|producerTid=3295|consumerTid=3148|payload=r02-s039-xdb|hash=3682014598|valid=true
CST 2026-07-17 17:57:02.981  3148  3148 I A02900/R1Api24Probe: E1_CALLBACK_SAMPLE|round=2|sequence=40|producerTid=3295|consumerTid=3148|payload=r02-s040-xfa|hash=1845459213|valid=true
CST 2026-07-17 17:57:02.981  3148  3148 I A02900/R1Api24Probe: E1_CALLBACK_SAMPLE|round=2|sequence=41|producerTid=3295|consumerTid=3148|payload=r02-s041-x19|hash=3644835701|valid=true
CST 2026-07-17 17:57:02.981  3148  3148 I A02900/R1Api24Probe: E1_CALLBACK_SAMPLE|round=2|sequence=42|producerTid=3295|consumerTid=3148|payload=r02-s042-x38|hash=746654165|valid=true
CST 2026-07-17 17:57:02.981  3148  3148 I A02900/R1Api24Probe: E1_CALLBACK_SAMPLE|round=2|sequence=43|producerTid=3295|consumerTid=3148|payload=r02-s043-x57|hash=3632837469|valid=true
CST 2026-07-17 17:57:02.981  3148  3148 I A02900/R1Api24Probe: E1_CALLBACK_SAMPLE|round=2|sequence=44|producerTid=3295|consumerTid=3148|payload=r02-s044-x76|hash=3804944441|valid=true
CST 2026-07-17 17:57:02.981  3148  3148 I A02900/R1Api24Probe: E1_CALLBACK_SAMPLE|round=2|sequence=45|producerTid=3295|consumerTid=3148|payload=r02-s045-x95|hash=1938749397|valid=true
CST 2026-07-17 17:57:02.981  3148  3148 I A02900/R1Api24Probe: E1_CALLBACK_SAMPLE|round=2|sequence=46|producerTid=3295|consumerTid=3148|payload=r02-s046-xb4|hash=1367646340|valid=true
CST 2026-07-17 17:57:02.981  3148  3148 I A02900/R1Api24Probe: E1_CALLBACK_SAMPLE|round=2|sequence=47|producerTid=3295|consumerTid=3148|payload=r02-s047-xd3|hash=887830324|valid=true
CST 2026-07-17 17:57:02.981  3148  3148 I A02900/R1Api24Probe: E1_CALLBACK_SAMPLE|round=2|sequence=48|producerTid=3295|consumerTid=3148|payload=r02-s048-xf2|hash=2745049564|valid=true
CST 2026-07-17 17:57:02.981  3148  3148 I A02900/R1Api24Probe: E1_CALLBACK_SAMPLE|round=2|sequence=49|producerTid=3295|consumerTid=3148|payload=r02-s049-x11|hash=1328021605|valid=true
CST 2026-07-17 17:57:02.981  3148  3148 I A02900/R1Api24Probe: E1_CALLBACK_SAMPLE|round=2|sequence=50|producerTid=3295|consumerTid=3148|payload=r02-s050-x30|hash=1130631614|valid=true
CST 2026-07-17 17:57:02.981  3148  3148 I A02900/R1Api24Probe: E1_CALLBACK_SAMPLE|round=2|sequence=51|producerTid=3295|consumerTid=3148|payload=r02-s051-x4f|hash=3151799744|valid=true
CST 2026-07-17 17:57:02.981  3148  3148 I A02900/R1Api24Probe: E1_CALLBACK_SAMPLE|round=2|sequence=52|producerTid=3295|consumerTid=3148|payload=r02-s052-x6e|hash=1962131030|valid=true
CST 2026-07-17 17:57:02.981  3148  3148 I A02900/R1Api24Probe: E1_CALLBACK_SAMPLE|round=2|sequence=53|producerTid=3295|consumerTid=3148|payload=r02-s053-x8d|hash=890867704|valid=true
CST 2026-07-17 17:57:02.981  3148  3148 I A02900/R1Api24Probe: E1_CALLBACK_SAMPLE|round=2|sequence=54|producerTid=3295|consumerTid=3148|payload=r02-s054-xac|hash=3126540217|valid=true
CST 2026-07-17 17:57:02.981  3148  3148 I A02900/R1Api24Probe: E1_CALLBACK_SAMPLE|round=2|sequence=55|producerTid=3295|consumerTid=3148|payload=r02-s055-xcb|hash=268173243|valid=true
CST 2026-07-17 17:57:02.981  3148  3148 I A02900/R1Api24Probe: E1_CALLBACK_SAMPLE|round=2|sequence=56|producerTid=3295|consumerTid=3148|payload=r02-s056-xea|hash=667060413|valid=true
CST 2026-07-17 17:57:02.981  3148  3148 I A02900/R1Api24Probe: E1_CALLBACK_SAMPLE|round=2|sequence=57|producerTid=3295|consumerTid=3148|payload=r02-s057-x09|hash=3939723195|valid=true
CST 2026-07-17 17:57:02.981  3148  3148 I A02900/R1Api24Probe: E1_CALLBACK_SAMPLE|round=2|sequence=58|producerTid=3295|consumerTid=3148|payload=r02-s058-x28|hash=1088760055|valid=true
CST 2026-07-17 17:57:02.981  3148  3148 I A02900/R1Api24Probe: E1_CALLBACK_SAMPLE|round=2|sequence=59|producerTid=3295|consumerTid=3148|payload=r02-s059-x47|hash=3026212827|valid=true
CST 2026-07-17 17:57:02.981  3148  3148 I A02900/R1Api24Probe: E1_CALLBACK_SAMPLE|round=2|sequence=60|producerTid=3295|consumerTid=3148|payload=r02-s060-x66|hash=1677004458|valid=true
CST 2026-07-17 17:57:02.982  3148  3148 I A02900/R1Api24Probe: E1_CALLBACK_SAMPLE|round=2|sequence=61|producerTid=3295|consumerTid=3148|payload=r02-s061-x85|hash=2151905702|valid=true
CST 2026-07-17 17:57:02.982  3148  3148 I A02900/R1Api24Probe: E1_CALLBACK_SAMPLE|round=2|sequence=62|producerTid=3295|consumerTid=3148|payload=r02-s062-xa4|hash=1800930161|valid=true
CST 2026-07-17 17:57:02.982  3148  3148 I A02900/R1Api24Probe: E1_CALLBACK_SAMPLE|round=2|sequence=63|producerTid=3295|consumerTid=3148|payload=r02-s063-xc3|hash=1751786473|valid=true
CST 2026-07-17 17:57:02.982  3148  3148 I A02900/R1Api24Probe: E1_CALLBACK_SAMPLE|round=2|sequence=64|producerTid=3295|consumerTid=3148|payload=r02-s064-xe2|hash=434595029|valid=true
CST 2026-07-17 17:57:02.982  3148  3148 I A02900/R1Api24Probe: E1_CALLBACK_SAMPLE|round=2|sequence=65|producerTid=3295|consumerTid=3148|payload=r02-s065-x01|hash=3849236958|valid=true
CST 2026-07-17 17:57:02.982  3148  3148 I A02900/R1Api24Probe: E1_CALLBACK_SAMPLE|round=2|sequence=66|producerTid=3295|consumerTid=3148|payload=r02-s066-x20|hash=3321174858|valid=true
CST 2026-07-17 17:57:02.982  3148  3148 I A02900/R1Api24Probe: E1_CALLBACK_SAMPLE|round=2|sequence=67|producerTid=3295|consumerTid=3148|payload=r02-s067-x3f|hash=2278484526|valid=true
CST 2026-07-17 17:57:02.982  3148  3148 I A02900/R1Api24Probe: E1_CALLBACK_SAMPLE|round=2|sequence=68|producerTid=3295|consumerTid=3148|payload=r02-s068-x5e|hash=342590660|valid=true
CST 2026-07-17 17:57:02.982  3148  3148 I A02900/R1Api24Probe: E1_CALLBACK_SAMPLE|round=2|sequence=69|producerTid=3295|consumerTid=3148|payload=r02-s069-x7d|hash=3354658734|valid=true
CST 2026-07-17 17:57:02.982  3148  3148 I A02900/R1Api24Probe: E1_CALLBACK_SAMPLE|round=2|sequence=70|producerTid=3295|consumerTid=3148|payload=r02-s070-x9c|hash=1317293123|valid=true
CST 2026-07-17 17:57:02.982  3148  3148 I A02900/R1Api24Probe: E1_CALLBACK_SAMPLE|round=2|sequence=71|producerTid=3295|consumerTid=3148|payload=r02-s071-xbb|hash=1155849532|valid=true
CST 2026-07-17 17:57:02.982  3148  3148 I A02900/R1Api24Probe: E1_CALLBACK_SAMPLE|round=2|sequence=72|producerTid=3295|consumerTid=3148|payload=r02-s072-xda|hash=368777626|valid=true
CST 2026-07-17 17:57:02.982  3148  3148 I A02900/R1Api24Probe: E1_CALLBACK_SAMPLE|round=2|sequence=73|producerTid=3295|consumerTid=3148|payload=r02-s073-xf9|hash=4147148791|valid=true
CST 2026-07-17 17:57:02.982  3148  3148 I A02900/R1Api24Probe: E1_CALLBACK_SAMPLE|round=2|sequence=74|producerTid=3295|consumerTid=3148|payload=r02-s074-x18|hash=3906787090|valid=true
CST 2026-07-17 17:57:02.982  3148  3148 I A02900/R1Api24Probe: E1_CALLBACK_SAMPLE|round=2|sequence=75|producerTid=3295|consumerTid=3148|payload=r02-s075-x37|hash=721751742|valid=true
CST 2026-07-17 17:57:02.982  3148  3148 I A02900/R1Api24Probe: E1_CALLBACK_SAMPLE|round=2|sequence=76|producerTid=3295|consumerTid=3148|payload=r02-s076-x56|hash=3894788858|valid=true
CST 2026-07-17 17:57:02.982  3148  3148 I A02900/R1Api24Probe: E1_CALLBACK_SAMPLE|round=2|sequence=77|producerTid=3295|consumerTid=3148|payload=r02-s077-x75|hash=3351877618|valid=true
CST 2026-07-17 17:57:02.982  3148  3148 I A02900/R1Api24Probe: E1_CALLBACK_SAMPLE|round=2|sequence=78|producerTid=3295|consumerTid=3148|payload=r02-s078-x94|hash=2866908250|valid=true
CST 2026-07-17 17:57:02.982  3148  3148 I A02900/R1Api24Probe: E1_CALLBACK_SAMPLE|round=2|sequence=79|producerTid=3295|consumerTid=3148|payload=r02-s079-xb3|hash=886018903|valid=true
CST 2026-07-17 17:57:02.982  3148  3148 I A02900/R1Api24Probe: E1_CALLBACK_SAMPLE|round=2|sequence=80|producerTid=3295|consumerTid=3148|payload=r02-s080-xd2|hash=595266426|valid=true
CST 2026-07-17 17:57:02.982  3148  3148 I A02900/R1Api24Probe: E1_CALLBACK_SAMPLE|round=2|sequence=81|producerTid=3295|consumerTid=3148|payload=r02-s081-xf1|hash=4255379630|valid=true
CST 2026-07-17 17:57:02.982  3148  3148 I A02900/R1Api24Probe: E1_CALLBACK_SAMPLE|round=2|sequence=82|producerTid=3295|consumerTid=3148|payload=r02-s082-x10|hash=3981793667|valid=true
CST 2026-07-17 17:57:02.982  3148  3148 I A02900/R1Api24Probe: E1_CALLBACK_SAMPLE|round=2|sequence=83|producerTid=3295|consumerTid=3148|payload=r02-s083-x2f|hash=2517900397|valid=true
CST 2026-07-17 17:57:02.982  3148  3148 I A02900/R1Api24Probe: E1_CALLBACK_SAMPLE|round=2|sequence=84|producerTid=3295|consumerTid=3148|payload=r02-s084-x4e|hash=3739283319|valid=true
CST 2026-07-17 17:57:02.982  3148  3148 I A02900/R1Api24Probe: E1_CALLBACK_SAMPLE|round=2|sequence=85|producerTid=3295|consumerTid=3148|payload=r02-s085-x6d|hash=4246479961|valid=true
CST 2026-07-17 17:57:02.982  3148  3148 I A02900/R1Api24Probe: E1_CALLBACK_SAMPLE|round=2|sequence=86|producerTid=3295|consumerTid=3148|payload=r02-s086-x8c|hash=2391451067|valid=true
CST 2026-07-17 17:57:02.982  3148  3148 I A02900/R1Api24Probe: E1_CALLBACK_SAMPLE|round=2|sequence=87|producerTid=3295|consumerTid=3148|payload=r02-s087-xab|hash=785584322|valid=true
CST 2026-07-17 17:57:02.983  3148  3148 I A02900/R1Api24Probe: E1_CALLBACK_SAMPLE|round=2|sequence=88|producerTid=3295|consumerTid=3148|payload=r02-s088-xca|hash=3082932960|valid=true
CST 2026-07-17 17:57:02.983  3148  3148 I A02900/R1Api24Probe: E1_CALLBACK_SAMPLE|round=2|sequence=89|producerTid=3295|consumerTid=3148|payload=r02-s089-xe9|hash=747718797|valid=true
CST 2026-07-17 17:57:02.983  3148  3148 I A02900/R1Api24Probe: E1_CALLBACK_SAMPLE|round=2|sequence=90|producerTid=3295|consumerTid=3148|payload=r02-s090-x08|hash=2478563745|valid=true
CST 2026-07-17 17:57:02.983  3148  3148 I A02900/R1Api24Probe: E1_CALLBACK_SAMPLE|round=2|sequence=91|producerTid=3295|consumerTid=3148|payload=r02-s091-x27|hash=1482960669|valid=true
CST 2026-07-17 17:57:02.983  3148  3148 I A02900/R1Api24Probe: E1_CALLBACK_SAMPLE|round=2|sequence=92|producerTid=3295|consumerTid=3148|payload=r02-s092-x46|hash=1603620965|valid=true
CST 2026-07-17 17:57:02.983  3148  3148 I A02900/R1Api24Probe: E1_CALLBACK_SAMPLE|round=2|sequence=93|producerTid=3295|consumerTid=3148|payload=r02-s093-x65|hash=3921036837|valid=true
CST 2026-07-17 17:57:02.983  3148  3148 I A02900/R1Api24Probe: E1_CALLBACK_SAMPLE|round=2|sequence=94|producerTid=3295|consumerTid=3148|payload=r02-s094-x84|hash=1210198209|valid=true
CST 2026-07-17 17:57:02.983  3148  3148 I A02900/R1Api24Probe: E1_CALLBACK_SAMPLE|round=2|sequence=95|producerTid=3295|consumerTid=3148|payload=r02-s095-xa3|hash=2795699602|valid=true
CST 2026-07-17 17:57:02.983  3148  3148 I A02900/R1Api24Probe: E1_CALLBACK_SAMPLE|round=2|sequence=96|producerTid=3295|consumerTid=3148|payload=r02-s096-xc2|hash=1134683438|valid=true
CST 2026-07-17 17:57:02.983  3148  3148 I A02900/R1Api24Probe: E1_CALLBACK_SAMPLE|round=2|sequence=97|producerTid=3295|consumerTid=3148|payload=r02-s097-xe1|hash=96491774|valid=true
CST 2026-07-17 17:57:02.983  3148  3148 I A02900/R1Api24Probe: E1_CALLBACK_SAMPLE|round=2|sequence=98|producerTid=3295|consumerTid=3148|payload=r02-s098-x00|hash=1233888705|valid=true
CST 2026-07-17 17:57:02.983  3148  3148 I A02900/R1Api24Probe: E1_CALLBACK_SAMPLE|round=2|sequence=99|producerTid=3295|consumerTid=3148|payload=r02-s099-x1f|hash=1087208077|valid=true
CST 2026-07-17 17:57:02.983  3148  3148 I A02900/R1Api24Probe: E1_CALLBACK_SAMPLE|round=2|sequence=100|producerTid=3295|consumerTid=3148|payload=r02-s100-x3e|hash=3222203459|valid=true
CST 2026-07-17 17:57:03.005   313   405 W C01704/TagSched: [a92ab6fc6eb48af] [operator()]The removed task is being executed, execute stop, Task = minUtilSched#10:3148:9
CST 2026-07-17 17:57:03.010  2255  2255 I C02d66/Hiview-PerfMonitor: ProcessJank: JankFrameMonitor::ProcessJank jank >= threshold
CST 2026-07-17 17:57:03.015   170   603 E C02510/devsvc_manager_stub: StubGetService service ril_ext not found
CST 2026-07-17 17:57:03.015   168   330 E C02510/hdi_servmgr_client: get hdi service ril_ext failed, -1
CST 2026-07-17 17:57:03.015   168   330 I C02d19/CHR_SERVICE: RilRadioRadarTunnel, ConnectRilAdapterService chrRadio_ is nullptr!
CST 2026-07-17 17:57:03.016   170   603 E C02510/devsvc_manager_stub: StubGetService service hmi_service not found
CST 2026-07-17 17:57:03.016   168   330 E C02510/hdi_servmgr_client: get hdi service hmi_service failed, -1
CST 2026-07-17 17:57:03.016   168   330 E C02510/hmi_interface_proxy: Get:get remote object failed!
CST 2026-07-17 17:57:03.016   168   330 I C02d19/CHR_SERVICE: [HmiClient][chr_client]GetService: hmiInterface is nullptr.
CST 2026-07-17 17:57:03.016   168   330 I C02d19/CHR_SERVICE: [HmiClient][chr_client]TryGetServiceDelayed: retryCount=10, delayed=4000.
CST 2026-07-17 17:57:03.024  2255  2255 I A01b0d/HICAR: TopAppManager --> COMMON_EVENT_TOP_APP_CHANGE success
CST 2026-07-17 17:57:03.024   796  1598 I C01202/Unordered: Pid 2255 publish COMMON_EVENT_TOP_APP_CHANGE to 100 end(0,0,0,0)
CST 2026-07-17 17:57:03.033  3148  3148 I A02900/R1Api24Probe: E1_ROUND_RESULT|verdict=PASS|round=2|pid=3148|mainTid=3148|producerTid=3295|consumerTid=3148|buffers=100|callbacks=100|fdTransfers=1|bufferHashAggregate=1954082213|callbackHashAggregate=418017168|fdPayloadHash=4098012082|beforeFd=38|afterFd=38|beforeThreads=28|afterThreads=28|monotonicIncrease=false
CST 2026-07-17 17:57:03.034  3148  3148 I A02900/R1Api24Probe: E1_BUFFER_SAMPLE|round=3|sample=1|length=0|leftSentinel=123|rightSentinel=132|hash=2166136261|guards=true|nativeTid=3148
CST 2026-07-17 17:57:03.034  3148  3148 I A02900/R1Api24Probe: E1_BUFFER_SAMPLE|round=3|sample=2|length=1|leftSentinel=124|rightSentinel=131|hash=3775669363|guards=true|nativeTid=3148
CST 2026-07-17 17:57:03.034  3148  3148 I A02900/R1Api24Probe: E1_BUFFER_SAMPLE|round=3|sample=3|length=2|leftSentinel=125|rightSentinel=130|hash=1397497516|guards=true|nativeTid=3148
CST 2026-07-17 17:57:03.034  3148  3148 I A02900/R1Api24Probe: E1_BUFFER_SAMPLE|round=3|sample=4|length=3|leftSentinel=126|rightSentinel=129|hash=3169959456|guards=true|nativeTid=3148
CST 2026-07-17 17:57:03.034  3148  3148 I A02900/R1Api24Probe: E1_BUFFER_SAMPLE|round=3|sample=5|length=4|leftSentinel=127|rightSentinel=128|hash=4179709657|guards=true|nativeTid=3148
CST 2026-07-17 17:57:03.034  3148  3148 I A02900/R1Api24Probe: E1_BUFFER_SAMPLE|round=3|sample=6|length=5|leftSentinel=128|rightSentinel=127|hash=2459630275|guards=true|nativeTid=3148
CST 2026-07-17 17:57:03.034  3148  3148 I A02900/R1Api24Probe: E1_BUFFER_SAMPLE|round=3|sample=7|length=6|leftSentinel=129|rightSentinel=126|hash=20793172|guards=true|nativeTid=3148
CST 2026-07-17 17:57:03.034  3148  3148 I A02900/R1Api24Probe: E1_BUFFER_SAMPLE|round=3|sample=8|length=7|leftSentinel=130|rightSentinel=125|hash=4135311932|guards=true|nativeTid=3148
CST 2026-07-17 17:57:03.034  3148  3148 I A02900/R1Api24Probe: E1_BUFFER_SAMPLE|round=3|sample=9|length=8|leftSentinel=131|rightSentinel=124|hash=2912242821|guards=true|nativeTid=3148
CST 2026-07-17 17:57:03.034  3148  3148 I A02900/R1Api24Probe: E1_BUFFER_SAMPLE|round=3|sample=10|length=9|leftSentinel=132|rightSentinel=123|hash=1281499043|guards=true|nativeTid=3148
CST 2026-07-17 17:57:03.034  3148  3148 I A02900/R1Api24Probe: E1_BUFFER_SAMPLE|round=3|sample=11|length=10|leftSentinel=133|rightSentinel=122|hash=283671836|guards=true|nativeTid=3148
CST 2026-07-17 17:57:03.034  3148  3148 I A02900/R1Api24Probe: E1_BUFFER_SAMPLE|round=3|sample=12|length=11|leftSentinel=134|rightSentinel=121|hash=1677556168|guards=true|nativeTid=3148
CST 2026-07-17 17:57:03.034  3148  3148 I A02900/R1Api24Probe: E1_BUFFER_SAMPLE|round=3|sample=13|length=12|leftSentinel=135|rightSentinel=120|hash=178329481|guards=true|nativeTid=3148
CST 2026-07-17 17:57:03.034  3148  3148 I A02900/R1Api24Probe: E1_BUFFER_SAMPLE|round=3|sample=14|length=13|leftSentinel=136|rightSentinel=119|hash=1200514227|guards=true|nativeTid=3148
CST 2026-07-17 17:57:03.034  3148  3148 I A02900/R1Api24Probe: E1_BUFFER_SAMPLE|round=3|sample=15|length=14|leftSentinel=137|rightSentinel=118|hash=1394375652|guards=true|nativeTid=3148
CST 2026-07-17 17:57:03.034  3148  3148 I A02900/R1Api24Probe: E1_BUFFER_SAMPLE|round=3|sample=16|length=15|leftSentinel=138|rightSentinel=117|hash=2618262484|guards=true|nativeTid=3148
CST 2026-07-17 17:57:03.035  3148  3148 I A02900/R1Api24Probe: E1_BUFFER_SAMPLE|round=3|sample=17|length=16|leftSentinel=139|rightSentinel=116|hash=1392754309|guards=true|nativeTid=3148
CST 2026-07-17 17:57:03.035  3148  3148 I A02900/R1Api24Probe: E1_BUFFER_SAMPLE|round=3|sample=18|length=17|leftSentinel=140|rightSentinel=115|hash=2365475795|guards=true|nativeTid=3148
CST 2026-07-17 17:57:03.035  3148  3148 I A02900/R1Api24Probe: E1_BUFFER_SAMPLE|round=3|sample=19|length=18|leftSentinel=141|rightSentinel=114|hash=4131390572|guards=true|nativeTid=3148
CST 2026-07-17 17:57:03.035  3148  3148 I A02900/R1Api24Probe: E1_BUFFER_SAMPLE|round=3|sample=20|length=19|leftSentinel=142|rightSentinel=113|hash=406369168|guards=true|nativeTid=3148
CST 2026-07-17 17:57:03.035  3148  3148 I A02900/R1Api24Probe: E1_BUFFER_SAMPLE|round=3|sample=21|length=20|leftSentinel=143|rightSentinel=112|hash=3262084921|guards=true|nativeTid=3148
CST 2026-07-17 17:57:03.035  3148  3148 I A02900/R1Api24Probe: E1_BUFFER_SAMPLE|round=3|sample=22|length=21|leftSentinel=144|rightSentinel=111|hash=1193954563|guards=true|nativeTid=3148
CST 2026-07-17 17:57:03.035  3148  3148 I A02900/R1Api24Probe: E1_BUFFER_SAMPLE|round=3|sample=23|length=22|leftSentinel=145|rightSentinel=110|hash=1418153396|guards=true|nativeTid=3148
CST 2026-07-17 17:57:03.035  3148  3148 I A02900/R1Api24Probe: E1_BUFFER_SAMPLE|round=3|sample=24|length=23|leftSentinel=146|rightSentinel=109|hash=1339639180|guards=true|nativeTid=3148
CST 2026-07-17 17:57:03.035  3148  3148 I A02900/R1Api24Probe: E1_BUFFER_SAMPLE|round=3|sample=25|length=24|leftSentinel=147|rightSentinel=108|hash=57335045|guards=true|nativeTid=3148
CST 2026-07-17 17:57:03.035  3148  3148 I A02900/R1Api24Probe: E1_BUFFER_SAMPLE|round=3|sample=26|length=25|leftSentinel=148|rightSentinel=107|hash=773646595|guards=true|nativeTid=3148
CST 2026-07-17 17:57:03.035  3148  3148 I A02900/R1Api24Probe: E1_BUFFER_SAMPLE|round=3|sample=27|length=26|leftSentinel=149|rightSentinel=106|hash=908007132|guards=true|nativeTid=3148
CST 2026-07-17 17:57:03.035  3148  3148 I A02900/R1Api24Probe: E1_BUFFER_SAMPLE|round=3|sample=28|length=27|leftSentinel=150|rightSentinel=105|hash=1960851608|guards=true|nativeTid=3148
CST 2026-07-17 17:57:03.035  3148  3148 I A02900/R1Api24Probe: E1_BUFFER_SAMPLE|round=3|sample=29|length=28|leftSentinel=151|rightSentinel=104|hash=2007322633|guards=true|nativeTid=3148
CST 2026-07-17 17:57:03.035  3148  3148 I A02900/R1Api24Probe: E1_BUFFER_SAMPLE|round=3|sample=30|length=29|leftSentinel=152|rightSentinel=103|hash=3273295411|guards=true|nativeTid=3148
CST 2026-07-17 17:57:03.035  3148  3148 I A02900/R1Api24Probe: E1_BUFFER_SAMPLE|round=3|sample=31|length=30|leftSentinel=153|rightSentinel=102|hash=3848925444|guards=true|nativeTid=3148
CST 2026-07-17 17:57:03.035  3148  3148 I A02900/R1Api24Probe: E1_BUFFER_SAMPLE|round=3|sample=32|length=31|leftSentinel=154|rightSentinel=101|hash=818428452|guards=true|nativeTid=3148
CST 2026-07-17 17:57:03.035  3148  3148 I A02900/R1Api24Probe: E1_BUFFER_SAMPLE|round=3|sample=33|length=32|leftSentinel=155|rightSentinel=100|hash=2073039941|guards=true|nativeTid=3148
CST 2026-07-17 17:57:03.036  3148  3148 I A02900/R1Api24Probe: E1_BUFFER_SAMPLE|round=3|sample=34|length=33|leftSentinel=156|rightSentinel=99|hash=2737593011|guards=true|nativeTid=3148
CST 2026-07-17 17:57:03.036  3148  3148 I A02900/R1Api24Probe: E1_BUFFER_SAMPLE|round=3|sample=35|length=34|leftSentinel=157|rightSentinel=98|hash=4104781996|guards=true|nativeTid=3148
CST 2026-07-17 17:57:03.036  3148  3148 I A02900/R1Api24Probe: E1_BUFFER_SAMPLE|round=3|sample=36|length=35|leftSentinel=158|rightSentinel=97|hash=3045913088|guards=true|nativeTid=3148
CST 2026-07-17 17:57:03.036  3148  3148 I A02900/R1Api24Probe: E1_BUFFER_SAMPLE|round=3|sample=37|length=36|leftSentinel=159|rightSentinel=96|hash=3658541145|guards=true|nativeTid=3148
CST 2026-07-17 17:57:03.036  3148  3148 I A02900/R1Api24Probe: E1_BUFFER_SAMPLE|round=3|sample=38|length=37|leftSentinel=160|rightSentinel=95|hash=682234243|guards=true|nativeTid=3148
CST 2026-07-17 17:57:03.036  3148  3148 I A02900/R1Api24Probe: E1_BUFFER_SAMPLE|round=3|sample=39|length=38|leftSentinel=161|rightSentinel=94|hash=859318292|guards=true|nativeTid=3148
CST 2026-07-17 17:57:03.036  3148  3148 I A02900/R1Api24Probe: E1_BUFFER_SAMPLE|round=3|sample=40|length=39|leftSentinel=162|rightSentinel=93|hash=3420304220|guards=true|nativeTid=3148
CST 2026-07-17 17:57:03.036  3148  3148 I A02900/R1Api24Probe: E1_BUFFER_SAMPLE|round=3|sample=41|length=40|leftSentinel=163|rightSentinel=92|hash=3982351685|guards=true|nativeTid=3148
CST 2026-07-17 17:57:03.036  3148  3148 I A02900/R1Api24Probe: E1_BUFFER_SAMPLE|round=3|sample=42|length=41|leftSentinel=164|rightSentinel=91|hash=1726002275|guards=true|nativeTid=3148
CST 2026-07-17 17:57:03.036  3148  3148 I A02900/R1Api24Probe: E1_BUFFER_SAMPLE|round=3|sample=43|length=42|leftSentinel=165|rightSentinel=90|hash=1634739228|guards=true|nativeTid=3148
CST 2026-07-17 17:57:03.036  3148  3148 I A02900/R1Api24Probe: E1_BUFFER_SAMPLE|round=3|sample=44|length=43|leftSentinel=166|rightSentinel=89|hash=898384616|guards=true|nativeTid=3148
CST 2026-07-17 17:57:03.036  3148  3148 I A02900/R1Api24Probe: E1_BUFFER_SAMPLE|round=3|sample=45|length=44|leftSentinel=167|rightSentinel=88|hash=3699875529|guards=true|nativeTid=3148
CST 2026-07-17 17:57:03.036  3148  3148 I A02900/R1Api24Probe: E1_BUFFER_SAMPLE|round=3|sample=46|length=45|leftSentinel=168|rightSentinel=87|hash=2040281331|guards=true|nativeTid=3148
CST 2026-07-17 17:57:03.037  3148  3148 I A02900/R1Api24Probe: E1_BUFFER_SAMPLE|round=3|sample=47|length=46|leftSentinel=169|rightSentinel=86|hash=2592052324|guards=true|nativeTid=3148
CST 2026-07-17 17:57:03.037  3148  3148 I A02900/R1Api24Probe: E1_BUFFER_SAMPLE|round=3|sample=48|length=47|leftSentinel=170|rightSentinel=85|hash=3638861620|guards=true|nativeTid=3148
CST 2026-07-17 17:57:03.037  3148  3148 I A02900/R1Api24Probe: E1_BUFFER_SAMPLE|round=3|sample=49|length=48|leftSentinel=171|rightSentinel=84|hash=3692576837|guards=true|nativeTid=3148
CST 2026-07-17 17:57:03.037  3148  3148 I A02900/R1Api24Probe: E1_BUFFER_SAMPLE|round=3|sample=50|length=49|leftSentinel=172|rightSentinel=83|hash=2129827731|guards=true|nativeTid=3148
CST 2026-07-17 17:57:03.037  3148  3148 I A02900/R1Api24Probe: E1_BUFFER_SAMPLE|round=3|sample=51|length=50|leftSentinel=173|rightSentinel=82|hash=3321192556|guards=true|nativeTid=3148
CST 2026-07-17 17:57:03.037  3148  3148 I A02900/R1Api24Probe: E1_BUFFER_SAMPLE|round=3|sample=52|length=51|leftSentinel=174|rightSentinel=81|hash=2170726832|guards=true|nativeTid=3148
CST 2026-07-17 17:57:03.037  3148  3148 I A02900/R1Api24Probe: E1_BUFFER_SAMPLE|round=3|sample=53|length=52|leftSentinel=175|rightSentinel=80|hash=3207036665|guards=true|nativeTid=3148
CST 2026-07-17 17:57:03.037  3148  3148 I A02900/R1Api24Probe: E1_BUFFER_SAMPLE|round=3|sample=54|length=53|leftSentinel=176|rightSentinel=79|hash=3271541699|guards=true|nativeTid=3148
CST 2026-07-17 17:57:03.037  3148  3148 I A02900/R1Api24Probe: E1_BUFFER_SAMPLE|round=3|sample=55|length=54|leftSentinel=177|rightSentinel=78|hash=1630960308|guards=true|nativeTid=3148
CST 2026-07-17 17:57:03.037  3148  3148 I A02900/R1Api24Probe: E1_BUFFER_SAMPLE|round=3|sample=56|length=55|leftSentinel=178|rightSentinel=77|hash=1758153708|guards=true|nativeTid=3148
CST 2026-07-17 17:57:03.037  3148  3148 I A02900/R1Api24Probe: E1_BUFFER_SAMPLE|round=3|sample=57|length=56|leftSentinel=179|rightSentinel=76|hash=1607449477|guards=true|nativeTid=3148
CST 2026-07-17 17:57:03.037  3148  3148 I A02900/R1Api24Probe: E1_BUFFER_SAMPLE|round=3|sample=58|length=57|leftSentinel=180|rightSentinel=75|hash=2436477507|guards=true|nativeTid=3148
CST 2026-07-17 17:57:03.038  3148  3148 I A02900/R1Api24Probe: E1_BUFFER_SAMPLE|round=3|sample=59|length=58|leftSentinel=181|rightSentinel=74|hash=4173467612|guards=true|nativeTid=3148
CST 2026-07-17 17:57:03.038  3148  3148 I A02900/R1Api24Probe: E1_BUFFER_SAMPLE|round=3|sample=60|length=59|leftSentinel=182|rightSentinel=73|hash=3646844600|guards=true|nativeTid=3148
CST 2026-07-17 17:57:03.038  3148  3148 I A02900/R1Api24Probe: E1_BUFFER_SAMPLE|round=3|sample=61|length=60|leftSentinel=183|rightSentinel=72|hash=1982956873|guards=true|nativeTid=3148
CST 2026-07-17 17:57:03.038  3148  3148 I A02900/R1Api24Probe: E1_BUFFER_SAMPLE|round=3|sample=62|length=61|leftSentinel=184|rightSentinel=71|hash=2919605491|guards=true|nativeTid=3148
CST 2026-07-17 17:57:03.038  3148  3148 I A02900/R1Api24Probe: E1_BUFFER_SAMPLE|round=3|sample=63|length=62|leftSentinel=185|rightSentinel=70|hash=724260292|guards=true|nativeTid=3148
CST 2026-07-17 17:57:03.038  3148  3148 I A02900/R1Api24Probe: E1_BUFFER_SAMPLE|round=3|sample=64|length=63|leftSentinel=186|rightSentinel=69|hash=3908890692|guards=true|nativeTid=3148
CST 2026-07-17 17:57:03.038  3148  3148 I A02900/R1Api24Probe: E1_BUFFER_SAMPLE|round=3|sample=65|length=64|leftSentinel=187|rightSentinel=68|hash=2647594181|guards=true|nativeTid=3148
CST 2026-07-17 17:57:03.038  3148  3148 I A02900/R1Api24Probe: E1_BUFFER_SAMPLE|round=3|sample=66|length=65|leftSentinel=188|rightSentinel=67|hash=3607506419|guards=true|nativeTid=3148
CST 2026-07-17 17:57:03.039  3148  3148 I A02900/R1Api24Probe: E1_BUFFER_SAMPLE|round=3|sample=67|length=66|leftSentinel=189|rightSentinel=66|hash=3146045740|guards=true|nativeTid=3148
CST 2026-07-17 17:57:03.039  3148  3148 I A02900/R1Api24Probe: E1_BUFFER_SAMPLE|round=3|sample=68|length=67|leftSentinel=190|rightSentinel=65|hash=6893152|guards=true|nativeTid=3148
CST 2026-07-17 17:57:03.039  3148  3148 I A02900/R1Api24Probe: E1_BUFFER_SAMPLE|round=3|sample=69|length=68|leftSentinel=191|rightSentinel=64|hash=1726331737|guards=true|nativeTid=3148
CST 2026-07-17 17:57:03.039  3148  3148 I A02900/R1Api24Probe: E1_BUFFER_SAMPLE|round=3|sample=70|length=69|leftSentinel=192|rightSentinel=63|hash=2221129795|guards=true|nativeTid=3148
CST 2026-07-17 17:57:03.039  3148  3148 I A02900/R1Api24Probe: E1_BUFFER_SAMPLE|round=3|sample=71|length=70|leftSentinel=193|rightSentinel=62|hash=3412649172|guards=true|nativeTid=3148
CST 2026-07-17 17:57:03.039  3148  3148 I A02900/R1Api24Probe: E1_BUFFER_SAMPLE|round=3|sample=72|length=71|leftSentinel=194|rightSentinel=61|hash=4284604668|guards=true|nativeTid=3148
CST 2026-07-17 17:57:03.039  3148  3148 I A02900/R1Api24Probe: E1_BUFFER_SAMPLE|round=3|sample=73|length=72|leftSentinel=195|rightSentinel=60|hash=3099569669|guards=true|nativeTid=3148
CST 2026-07-17 17:57:03.039  3148  3148 I A02900/R1Api24Probe: E1_BUFFER_SAMPLE|round=3|sample=74|length=73|leftSentinel=196|rightSentinel=59|hash=2899804579|guards=true|nativeTid=3148
CST 2026-07-17 17:57:03.040  3148  3148 I A02900/R1Api24Probe: E1_BUFFER_SAMPLE|round=3|sample=75|length=74|leftSentinel=197|rightSentinel=58|hash=915826332|guards=true|nativeTid=3148
CST 2026-07-17 17:57:03.040  3148  3148 I A02900/R1Api24Probe: E1_BUFFER_SAMPLE|round=3|sample=76|length=75|leftSentinel=198|rightSentinel=57|hash=1417968008|guards=true|nativeTid=3148
CST 2026-07-17 17:57:03.040  3148  3148 I A02900/R1Api24Probe: E1_BUFFER_SAMPLE|round=3|sample=77|length=76|leftSentinel=199|rightSentinel=56|hash=2812794889|guards=true|nativeTid=3148
CST 2026-07-17 17:57:03.040  3148  3148 I A02900/R1Api24Probe: E1_BUFFER_SAMPLE|round=3|sample=78|length=77|leftSentinel=200|rightSentinel=55|hash=2180622003|guards=true|nativeTid=3148
CST 2026-07-17 17:57:03.040  3148  3148 I A02900/R1Api24Probe: E1_BUFFER_SAMPLE|round=3|sample=79|length=78|leftSentinel=201|rightSentinel=54|hash=3717504100|guards=true|nativeTid=3148
CST 2026-07-17 17:57:03.040  3148  3148 I A02900/R1Api24Probe: E1_BUFFER_SAMPLE|round=3|sample=80|length=79|leftSentinel=202|rightSentinel=53|hash=1193868692|guards=true|nativeTid=3148
CST 2026-07-17 17:57:03.040  3148  3148 I A02900/R1Api24Probe: E1_BUFFER_SAMPLE|round=3|sample=81|length=80|leftSentinel=203|rightSentinel=52|hash=469931909|guards=true|nativeTid=3148
CST 2026-07-17 17:57:03.040  3148  3148 I A02900/R1Api24Probe: E1_BUFFER_SAMPLE|round=3|sample=82|length=81|leftSentinel=204|rightSentinel=51|hash=3361299411|guards=true|nativeTid=3148
CST 2026-07-17 17:57:03.040  3148  3148 I A02900/R1Api24Probe: E1_BUFFER_SAMPLE|round=3|sample=83|length=82|leftSentinel=205|rightSentinel=50|hash=3018570092|guards=true|nativeTid=3148
CST 2026-07-17 17:57:03.041  3148  3148 I A02900/R1Api24Probe: E1_BUFFER_SAMPLE|round=3|sample=84|length=83|leftSentinel=206|rightSentinel=49|hash=2775676496|guards=true|nativeTid=3148
CST 2026-07-17 17:57:03.041  3148  3148 I A02900/R1Api24Probe: E1_BUFFER_SAMPLE|round=3|sample=85|length=84|leftSentinel=207|rightSentinel=48|hash=605053881|guards=true|nativeTid=3148
CST 2026-07-17 17:57:03.041  3148  3148 I A02900/R1Api24Probe: E1_BUFFER_SAMPLE|round=3|sample=86|length=85|leftSentinel=208|rightSentinel=47|hash=1782797571|guards=true|nativeTid=3148
CST 2026-07-17 17:57:03.041  3148  3148 I A02900/R1Api24Probe: E1_BUFFER_SAMPLE|round=3|sample=87|length=86|leftSentinel=209|rightSentinel=46|hash=3604038068|guards=true|nativeTid=3148
CST 2026-07-17 17:57:03.041  3148  3148 I A02900/R1Api24Probe: E1_BUFFER_SAMPLE|round=3|sample=88|length=87|leftSentinel=210|rightSentinel=45|hash=2853936332|guards=true|nativeTid=3148
CST 2026-07-17 17:57:03.041  3148  3148 I A02900/R1Api24Probe: E1_BUFFER_SAMPLE|round=3|sample=89|length=88|leftSentinel=211|rightSentinel=44|hash=1440025733|guards=true|nativeTid=3148
CST 2026-07-17 17:57:03.041  3148  3148 I A02900/R1Api24Probe: E1_BUFFER_SAMPLE|round=3|sample=90|length=89|leftSentinel=212|rightSentinel=43|hash=1201821187|guards=true|nativeTid=3148
CST 2026-07-17 17:57:03.041  3148  3148 I A02900/R1Api24Probe: E1_BUFFER_SAMPLE|round=3|sample=91|length=90|leftSentinel=213|rightSentinel=42|hash=2113814876|guards=true|nativeTid=3148
CST 2026-07-17 17:57:03.042  3148  3148 I A02900/R1Api24Probe: E1_BUFFER_SAMPLE|round=3|sample=92|length=91|leftSentinel=214|rightSentinel=41|hash=3160107480|guards=true|nativeTid=3148
CST 2026-07-17 17:57:03.042  3148  3148 I A02900/R1Api24Probe: E1_BUFFER_SAMPLE|round=3|sample=93|length=92|leftSentinel=215|rightSentinel=40|hash=2826982409|guards=true|nativeTid=3148
CST 2026-07-17 17:57:03.042  3148  3148 I A02900/R1Api24Probe: E1_BUFFER_SAMPLE|round=3|sample=94|length=93|leftSentinel=216|rightSentinel=39|hash=3918596147|guards=true|nativeTid=3148
CST 2026-07-17 17:57:03.042  3148  3148 I A02900/R1Api24Probe: E1_BUFFER_SAMPLE|round=3|sample=95|length=94|leftSentinel=217|rightSentinel=38|hash=1408989828|guards=true|nativeTid=3148
CST 2026-07-17 17:57:03.042  3148  3148 I A02900/R1Api24Probe: E1_BUFFER_SAMPLE|round=3|sample=96|length=95|leftSentinel=218|rightSentinel=37|hash=1373059428|guards=true|nativeTid=3148
CST 2026-07-17 17:57:03.042  3148  3148 I A02900/R1Api24Probe: E1_BUFFER_SAMPLE|round=3|sample=97|length=96|leftSentinel=219|rightSentinel=36|hash=3764929733|guards=true|nativeTid=3148
CST 2026-07-17 17:57:03.042  3148  3148 I A02900/R1Api24Probe: E1_BUFFER_SAMPLE|round=3|sample=98|length=97|leftSentinel=220|rightSentinel=35|hash=2066953907|guards=true|nativeTid=3148
CST 2026-07-17 17:57:03.043  3148  3148 I A02900/R1Api24Probe: E1_BUFFER_SAMPLE|round=3|sample=99|length=98|leftSentinel=221|rightSentinel=34|hash=2071033260|guards=true|nativeTid=3148
CST 2026-07-17 17:57:03.043  3148  3148 I A02900/R1Api24Probe: E1_BUFFER_SAMPLE|round=3|sample=100|length=99|leftSentinel=222|rightSentinel=33|hash=3784958784|guards=true|nativeTid=3148
CST 2026-07-17 17:57:03.043  3148  3148 I A02900/R1Api24Probe: E1_FD_CREATED|fdA=37|fdB=38|creatorTid=3148|owner=ArkTS
CST 2026-07-17 17:57:03.043  3148  3148 I A02900/R1Api24Probe: E1_FD_RESULT|round=3|fdA=37|fdB=38|duplicateFd=39|written=23|read=23|payload=fd-round-03-sentinel-6f|payloadHash=416398542|closeA=0|closeDuplicate=0|closeB=0|duplicateCloseA=-1|errnoA=9|duplicateCloseB=-1|errnoB=9|owner=closed-by-native|nativeTid=3148
CST 2026-07-17 17:57:03.043  3148  3297 I A02900/R1Api24Probe: E1_PTHREAD_START|round=3|producerTid=3297
CST 2026-07-17 17:57:03.043  3148  3148 I A02900/R1Api24Probe: E1_CALLBACK_SAMPLE|round=3|sequence=1|producerTid=3297|consumerTid=3148|payload=r03-s001-x52|hash=1809724361|valid=true
CST 2026-07-17 17:57:03.043  3148  3297 I A02900/R1Api24Probe: E1_PTHREAD_FINISH|round=3|producerTid=3297|queued=100|status=0
CST 2026-07-17 17:57:03.043  3148  3148 I A02900/R1Api24Probe: E1_CALLBACK_SAMPLE|round=3|sequence=2|producerTid=3297|consumerTid=3148|payload=r03-s002-x71|hash=777514887|valid=true
CST 2026-07-17 17:57:03.043  3148  3148 I A02900/R1Api24Probe: E1_CALLBACK_SAMPLE|round=3|sequence=3|producerTid=3297|consumerTid=3148|payload=r03-s003-x90|hash=1650297061|valid=true
CST 2026-07-17 17:57:03.043  3148  3148 I A02900/R1Api24Probe: E1_CALLBACK_SAMPLE|round=3|sequence=4|producerTid=3297|consumerTid=3148|payload=r03-s004-xaf|hash=802615754|valid=true
CST 2026-07-17 17:57:03.044  3148  3148 I A02900/R1Api24Probe: E1_CALLBACK_SAMPLE|round=3|sequence=5|producerTid=3297|consumerTid=3148|payload=r03-s005-xce|hash=1601299954|valid=true
CST 2026-07-17 17:57:03.044  3148  3148 I A02900/R1Api24Probe: E1_CALLBACK_SAMPLE|round=3|sequence=6|producerTid=3297|consumerTid=3148|payload=r03-s006-xed|hash=342946646|valid=true
CST 2026-07-17 17:57:03.044  3148  3148 I A02900/R1Api24Probe: E1_CALLBACK_SAMPLE|round=3|sequence=7|producerTid=3297|consumerTid=3148|payload=r03-s007-x0c|hash=4011620593|valid=true
CST 2026-07-17 17:57:03.044  3148  3148 I A02900/R1Api24Probe: E1_CALLBACK_SAMPLE|round=3|sequence=8|producerTid=3297|consumerTid=3148|payload=r03-s008-x2b|hash=1172464573|valid=true
CST 2026-07-17 17:57:03.044  3148  3148 I A02900/R1Api24Probe: E1_CALLBACK_SAMPLE|round=3|sequence=9|producerTid=3297|consumerTid=3148|payload=r03-s009-x4a|hash=2371279109|valid=true
CST 2026-07-17 17:57:03.044  3148  3148 I A02900/R1Api24Probe: E1_CALLBACK_SAMPLE|round=3|sequence=10|producerTid=3297|consumerTid=3148|payload=r03-s010-x69|hash=2044645021|valid=true
CST 2026-07-17 17:57:03.044  3148  3148 I A02900/R1Api24Probe: E1_CALLBACK_SAMPLE|round=3|sequence=11|producerTid=3297|consumerTid=3148|payload=r03-s011-x88|hash=805712443|valid=true
CST 2026-07-17 17:57:03.044  3148  3148 I A02900/R1Api24Probe: E1_CALLBACK_SAMPLE|round=3|sequence=12|producerTid=3297|consumerTid=3148|payload=r03-s012-xa7|hash=671149870|valid=true
CST 2026-07-17 17:57:03.044  3148  3148 I A02900/R1Api24Probe: E1_CALLBACK_SAMPLE|round=3|sequence=13|producerTid=3297|consumerTid=3148|payload=r03-s013-xc6|hash=2853044892|valid=true
CST 2026-07-17 17:57:03.044  3148  3148 I A02900/R1Api24Probe: E1_CALLBACK_SAMPLE|round=3|sequence=14|producerTid=3297|consumerTid=3148|payload=r03-s014-xe5|hash=1608014198|valid=true
CST 2026-07-17 17:57:03.044  3148  3148 I A02900/R1Api24Probe: E1_CALLBACK_SAMPLE|round=3|sequence=15|producerTid=3297|consumerTid=3148|payload=r03-s015-x04|hash=3555408883|valid=true
CST 2026-07-17 17:57:03.044  3148  3148 I A02900/R1Api24Probe: E1_CALLBACK_SAMPLE|round=3|sequence=16|producerTid=3297|consumerTid=3148|payload=r03-s016-x23|hash=3108420057|valid=true
CST 2026-07-17 17:57:03.045  3148  3148 I A02900/R1Api24Probe: E1_CALLBACK_SAMPLE|round=3|sequence=17|producerTid=3297|consumerTid=3148|payload=r03-s017-x42|hash=2662159279|valid=true
CST 2026-07-17 17:57:03.045  3148  3148 I A02900/R1Api24Probe: E1_CALLBACK_SAMPLE|round=3|sequence=18|producerTid=3297|consumerTid=3148|payload=r03-s018-x61|hash=2190284045|valid=true
CST 2026-07-17 17:57:03.045  3148  3148 I A02900/R1Api24Probe: E1_CALLBACK_SAMPLE|round=3|sequence=19|producerTid=3297|consumerTid=3148|payload=r03-s019-x80|hash=547973979|valid=true
CST 2026-07-17 17:57:03.045  3148  3148 I A02900/R1Api24Probe: E1_CALLBACK_SAMPLE|round=3|sequence=20|producerTid=3297|consumerTid=3148|payload=r03-s020-x9f|hash=593282692|valid=true
CST 2026-07-17 17:57:03.045  3148  3148 I A02900/R1Api24Probe: E1_CALLBACK_SAMPLE|round=3|sequence=21|producerTid=3297|consumerTid=3148|payload=r03-s021-xbe|hash=1317497569|valid=true
CST 2026-07-17 17:57:03.045  3148  3148 I A02900/R1Api24Probe: E1_CALLBACK_SAMPLE|round=3|sequence=22|producerTid=3297|consumerTid=3148|payload=r03-s022-xdd|hash=1536552441|valid=true
CST 2026-07-17 17:57:03.045  3148  3148 I A02900/R1Api24Probe: E1_CALLBACK_SAMPLE|round=3|sequence=23|producerTid=3297|consumerTid=3148|payload=r03-s023-xfc|hash=3003989517|valid=true
CST 2026-07-17 17:57:03.045  3148  3148 I A02900/R1Api24Probe: E1_CALLBACK_SAMPLE|round=3|sequence=24|producerTid=3297|consumerTid=3148|payload=r03-s024-x1b|hash=1914934636|valid=true
CST 2026-07-17 17:57:03.045  3148  3148 I A02900/R1Api24Probe: E1_CALLBACK_SAMPLE|round=3|sequence=25|producerTid=3297|consumerTid=3148|payload=r03-s025-x3a|hash=3305178412|valid=true
CST 2026-07-17 17:57:03.045  3148  3148 I A02900/R1Api24Probe: E1_CALLBACK_SAMPLE|round=3|sequence=26|producerTid=3297|consumerTid=3148|payload=r03-s026-x59|hash=1418443147|valid=true
CST 2026-07-17 17:57:03.045  3148  3148 I A02900/R1Api24Probe: E1_CALLBACK_SAMPLE|round=3|sequence=27|producerTid=3297|consumerTid=3148|payload=r03-s027-x78|hash=784888953|valid=true
CST 2026-07-17 17:57:03.045  3148  3148 I A02900/R1Api24Probe: E1_CALLBACK_SAMPLE|round=3|sequence=28|producerTid=3297|consumerTid=3148|payload=r03-s028-x97|hash=3439300575|valid=true
CST 2026-07-17 17:57:03.045  3148  3148 I A02900/R1Api24Probe: E1_CALLBACK_SAMPLE|round=3|sequence=29|producerTid=3297|consumerTid=3148|payload=r03-s029-xb6|hash=1441346624|valid=true
CST 2026-07-17 17:57:03.045  3148  3148 I A02900/R1Api24Probe: E1_CALLBACK_SAMPLE|round=3|sequence=30|producerTid=3297|consumerTid=3148|payload=r03-s030-xd5|hash=1247345817|valid=true
CST 2026-07-17 17:57:03.045  3148  3148 I A02900/R1Api24Probe: E1_CALLBACK_SAMPLE|round=3|sequence=31|producerTid=3297|consumerTid=3148|payload=r03-s031-xf4|hash=4035587007|valid=true
CST 2026-07-17 17:57:03.045  3148  3148 I A02900/R1Api24Probe: E1_CALLBACK_SAMPLE|round=3|sequence=32|producerTid=3297|consumerTid=3148|payload=r03-s032-x13|hash=921038988|valid=true
CST 2026-07-17 17:57:03.046  3148  3148 I A02900/R1Api24Probe: E1_CALLBACK_SAMPLE|round=3|sequence=33|producerTid=3297|consumerTid=3148|payload=r03-s033-x32|hash=3902685214|valid=true
CST 2026-07-17 17:57:03.046  3148  3148 I A02900/R1Api24Probe: E1_CALLBACK_SAMPLE|round=3|sequence=34|producerTid=3297|consumerTid=3148|payload=r03-s034-x51|hash=3688836|valid=true
CST 2026-07-17 17:57:03.046  3148  3148 I A02900/R1Api24Probe: E1_CALLBACK_SAMPLE|round=3|sequence=35|producerTid=3297|consumerTid=3148|payload=r03-s035-x70|hash=3337052022|valid=true
CST 2026-07-17 17:57:03.046  3148  3148 I A02900/R1Api24Probe: E1_CALLBACK_SAMPLE|round=3|sequence=36|producerTid=3297|consumerTid=3148|payload=r03-s036-x8f|hash=43887706|valid=true
CST 2026-07-17 17:57:03.046  3148  3148 I A02900/R1Api24Probe: E1_CALLBACK_SAMPLE|round=3|sequence=37|producerTid=3297|consumerTid=3148|payload=r03-s037-xae|hash=4269922733|valid=true
CST 2026-07-17 17:57:03.046  3148  3148 I A02900/R1Api24Probe: E1_CALLBACK_SAMPLE|round=3|sequence=38|producerTid=3297|consumerTid=3148|payload=r03-s038-xcd|hash=2975282281|valid=true
CST 2026-07-17 17:57:03.046  3148  3148 I A02900/R1Api24Probe: E1_CALLBACK_SAMPLE|round=3|sequence=39|producerTid=3297|consumerTid=3148|payload=r03-s039-xec|hash=486604697|valid=true
CST 2026-07-17 17:57:03.046  3148  3148 I A02900/R1Api24Probe: E1_CALLBACK_SAMPLE|round=3|sequence=40|producerTid=3297|consumerTid=3148|payload=r03-s040-x0b|hash=2815525987|valid=true
CST 2026-07-17 17:57:03.046  3148  3148 I A02900/R1Api24Probe: E1_CALLBACK_SAMPLE|round=3|sequence=41|producerTid=3297|consumerTid=3148|payload=r03-s041-x2a|hash=3099821835|valid=true
CST 2026-07-17 17:57:03.046  3148  3148 I A02900/R1Api24Probe: E1_CALLBACK_SAMPLE|round=3|sequence=42|producerTid=3297|consumerTid=3148|payload=r03-s042-x49|hash=2924553416|valid=true
CST 2026-07-17 17:57:03.046  3148  3148 I A02900/R1Api24Probe: E1_CALLBACK_SAMPLE|round=3|sequence=43|producerTid=3297|consumerTid=3148|payload=r03-s043-x68|hash=2709441134|valid=true
CST 2026-07-17 17:57:03.046  3148  3148 I A02900/R1Api24Probe: E1_CALLBACK_SAMPLE|round=3|sequence=44|producerTid=3297|consumerTid=3148|payload=r03-s044-x87|hash=322394264|valid=true
CST 2026-07-17 17:57:03.046  3148  3148 I A02900/R1Api24Probe: E1_CALLBACK_SAMPLE|round=3|sequence=45|producerTid=3297|consumerTid=3148|payload=r03-s045-xa6|hash=1484124617|valid=true
CST 2026-07-17 17:57:03.047  3148  3148 I A02900/R1Api24Probe: E1_CALLBACK_SAMPLE|round=3|sequence=46|producerTid=3297|consumerTid=3148|payload=r03-s046-xc5|hash=2489857559|valid=true
CST 2026-07-17 17:57:03.047  3148  3148 I A02900/R1Api24Probe: E1_CALLBACK_SAMPLE|round=3|sequence=47|producerTid=3297|consumerTid=3148|payload=r03-s047-xe4|hash=3585270349|valid=true
CST 2026-07-17 17:57:03.047  3148  3148 I A02900/R1Api24Probe: E1_CALLBACK_SAMPLE|round=3|sequence=48|producerTid=3297|consumerTid=3148|payload=r03-s048-x03|hash=4237382936|valid=true
CST 2026-07-17 17:57:03.047  3148  3148 I A02900/R1Api24Probe: E1_CALLBACK_SAMPLE|round=3|sequence=49|producerTid=3297|consumerTid=3148|payload=r03-s049-x22|hash=679604486|valid=true
CST 2026-07-17 17:57:03.047  3148  3148 I A02900/R1Api24Probe: E1_CALLBACK_SAMPLE|round=3|sequence=50|producerTid=3297|consumerTid=3148|payload=r03-s050-x41|hash=1058449767|valid=true
CST 2026-07-17 17:57:03.047  3148  3148 I A02900/R1Api24Probe: E1_CALLBACK_SAMPLE|round=3|sequence=51|producerTid=3297|consumerTid=3148|payload=r03-s051-x60|hash=3426903425|valid=true
CST 2026-07-17 17:57:03.047  3148  3148 I A02900/R1Api24Probe: E1_CALLBACK_SAMPLE|round=3|sequence=52|producerTid=3297|consumerTid=3148|payload=r03-s052-x7f|hash=4163034531|valid=true
CST 2026-07-17 17:57:03.047  3148  3148 I A02900/R1Api24Probe: E1_CALLBACK_SAMPLE|round=3|sequence=53|producerTid=3297|consumerTid=3148|payload=r03-s053-x9e|hash=2843723543|valid=true
CST 2026-07-17 17:57:03.047  3148  3148 I A02900/R1Api24Probe: E1_CALLBACK_SAMPLE|round=3|sequence=54|producerTid=3297|consumerTid=3148|payload=r03-s054-xbd|hash=910342362|valid=true
CST 2026-07-17 17:57:03.047  3148  3148 I A02900/R1Api24Probe: E1_CALLBACK_SAMPLE|round=3|sequence=55|producerTid=3297|consumerTid=3148|payload=r03-s055-xdc|hash=1512610122|valid=true
CST 2026-07-17 17:57:03.047  3148  3148 I A02900/R1Api24Probe: E1_CALLBACK_SAMPLE|round=3|sequence=56|producerTid=3297|consumerTid=3148|payload=r03-s056-xfb|hash=3406247286|valid=true
CST 2026-07-17 17:57:03.047  3148  3148 I A02900/R1Api24Probe: E1_CALLBACK_SAMPLE|round=3|sequence=57|producerTid=3297|consumerTid=3148|payload=r03-s057-x1a|hash=1709578959|valid=true
CST 2026-07-17 17:57:03.047  3148  3148 I A02900/R1Api24Probe: E1_CALLBACK_SAMPLE|round=3|sequence=58|producerTid=3297|consumerTid=3148|payload=r03-s058-x39|hash=3729675080|valid=true
CST 2026-07-17 17:57:03.047  3148  3148 I A02900/R1Api24Probe: E1_CALLBACK_SAMPLE|round=3|sequence=59|producerTid=3297|consumerTid=3148|payload=r03-s059-x58|hash=1635359610|valid=true
CST 2026-07-17 17:57:03.047  3148  3148 I A02900/R1Api24Probe: E1_CALLBACK_SAMPLE|round=3|sequence=60|producerTid=3297|consumerTid=3148|payload=r03-s060-x77|hash=3065213041|valid=true
CST 2026-07-17 17:57:03.047  3148  3148 I A02900/R1Api24Probe: E1_CALLBACK_SAMPLE|round=3|sequence=61|producerTid=3297|consumerTid=3148|payload=r03-s061-x96|hash=350751875|valid=true
CST 2026-07-17 17:57:03.048  3148  3148 I A02900/R1Api24Probe: E1_CALLBACK_SAMPLE|round=3|sequence=62|producerTid=3297|consumerTid=3148|payload=r03-s062-xb5|hash=913560064|valid=true
CST 2026-07-17 17:57:03.048  3148  3148 I A02900/R1Api24Probe: E1_CALLBACK_SAMPLE|round=3|sequence=63|producerTid=3297|consumerTid=3148|payload=r03-s063-xd4|hash=540604462|valid=true
CST 2026-07-17 17:57:03.048  3148  3148 I A02900/R1Api24Probe: E1_CALLBACK_SAMPLE|round=3|sequence=64|producerTid=3297|consumerTid=3148|payload=r03-s064-xf3|hash=3736553952|valid=true
CST 2026-07-17 17:57:03.048  3148  3148 I A02900/R1Api24Probe: E1_CALLBACK_SAMPLE|round=3|sequence=65|producerTid=3297|consumerTid=3148|payload=r03-s065-x12|hash=2024340123|valid=true
CST 2026-07-17 17:57:03.048  3148  3148 I A02900/R1Api24Probe: E1_CALLBACK_SAMPLE|round=3|sequence=66|producerTid=3297|consumerTid=3148|payload=r03-s066-x31|hash=2821138317|valid=true
CST 2026-07-17 17:57:03.048  3148  3148 I A02900/R1Api24Probe: E1_CALLBACK_SAMPLE|round=3|sequence=67|producerTid=3297|consumerTid=3148|payload=r03-s067-x50|hash=1378222431|valid=true
CST 2026-07-17 17:57:03.048  3148  3148 I A02900/R1Api24Probe: E1_CALLBACK_SAMPLE|round=3|sequence=68|producerTid=3297|consumerTid=3148|payload=r03-s068-x6f|hash=1082189939|valid=true
CST 2026-07-17 17:57:03.048  3148  3148 I A02900/R1Api24Probe: E1_CALLBACK_SAMPLE|round=3|sequence=69|producerTid=3297|consumerTid=3148|payload=r03-s069-x8e|hash=1144843963|valid=true
CST 2026-07-17 17:57:03.048  3148  3148 I A02900/R1Api24Probe: E1_CALLBACK_SAMPLE|round=3|sequence=70|producerTid=3297|consumerTid=3148|payload=r03-s070-xad|hash=4052577175|valid=true
CST 2026-07-17 17:57:03.048  3148  3148 I A02900/R1Api24Probe: E1_CALLBACK_SAMPLE|round=3|sequence=71|producerTid=3297|consumerTid=3148|payload=r03-s071-xcc|hash=3119568855|valid=true
CST 2026-07-17 17:57:03.048  3148  3148 I A02900/R1Api24Probe: E1_CALLBACK_SAMPLE|round=3|sequence=72|producerTid=3297|consumerTid=3148|payload=r03-s072-xeb|hash=2356594447|valid=true
CST 2026-07-17 17:57:03.048  3148  3148 I A02900/R1Api24Probe: E1_CALLBACK_SAMPLE|round=3|sequence=73|producerTid=3297|consumerTid=3148|payload=r03-s073-x0a|hash=2043444300|valid=true
CST 2026-07-17 17:57:03.048  3148  3148 I A02900/R1Api24Probe: E1_CALLBACK_SAMPLE|round=3|sequence=74|producerTid=3297|consumerTid=3148|payload=r03-s074-x29|hash=4260751319|valid=true
CST 2026-07-17 17:57:03.048  3148  3148 I A02900/R1Api24Probe: E1_CALLBACK_SAMPLE|round=3|sequence=75|producerTid=3297|consumerTid=3148|payload=r03-s075-x48|hash=2780031329|valid=true
CST 2026-07-17 17:57:03.048  3148  3148 I A02900/R1Api24Probe: E1_CALLBACK_SAMPLE|round=3|sequence=76|producerTid=3297|consumerTid=3148|payload=r03-s076-x67|hash=1616368099|valid=true
CST 2026-07-17 17:57:03.049  3148  3148 I A02900/R1Api24Probe: E1_CALLBACK_SAMPLE|round=3|sequence=77|producerTid=3297|consumerTid=3148|payload=r03-s077-x86|hash=2726199013|valid=true
CST 2026-07-17 17:57:03.049  3148  3148 I A02900/R1Api24Probe: E1_CALLBACK_SAMPLE|round=3|sequence=78|producerTid=3297|consumerTid=3148|payload=r03-s078-xa5|hash=2602284700|valid=true
CST 2026-07-17 17:57:03.049  3148  3148 I A02900/R1Api24Probe: E1_CALLBACK_SAMPLE|round=3|sequence=79|producerTid=3297|consumerTid=3148|payload=r03-s079-xc4|hash=2038120566|valid=true
CST 2026-07-17 17:57:03.049  3148  3148 I A02900/R1Api24Probe: E1_CALLBACK_SAMPLE|round=3|sequence=80|producerTid=3297|consumerTid=3148|payload=r03-s080-xe3|hash=608231521|valid=true
CST 2026-07-17 17:57:03.049  3148  3148 I A02900/R1Api24Probe: E1_CALLBACK_SAMPLE|round=3|sequence=81|producerTid=3297|consumerTid=3148|payload=r03-s081-x02|hash=2180960912|valid=true
CST 2026-07-17 17:57:03.049  3148  3148 I A02900/R1Api24Probe: E1_CALLBACK_SAMPLE|round=3|sequence=82|producerTid=3297|consumerTid=3148|payload=r03-s082-x21|hash=2471242622|valid=true
CST 2026-07-17 17:57:03.049  3148  3148 I A02900/R1Api24Probe: E1_CALLBACK_SAMPLE|round=3|sequence=83|producerTid=3297|consumerTid=3148|payload=r03-s083-x40|hash=3843830856|valid=true
CST 2026-07-17 17:57:03.049  3148  3148 I A02900/R1Api24Probe: E1_CALLBACK_SAMPLE|round=3|sequence=84|producerTid=3297|consumerTid=3148|payload=r03-s084-x5f|hash=3365724094|valid=true
CST 2026-07-17 17:57:03.049  3148  3148 I A02900/R1Api24Probe: E1_CALLBACK_SAMPLE|round=3|sequence=85|producerTid=3297|consumerTid=3148|payload=r03-s085-x7e|hash=3751083014|valid=true
CST 2026-07-17 17:57:03.049  3148  3148 I A02900/R1Api24Probe: E1_CALLBACK_SAMPLE|round=3|sequence=86|producerTid=3297|consumerTid=3148|payload=r03-s086-x9d|hash=4104952690|valid=true
CST 2026-07-17 17:57:03.049  3148  3148 I A02900/R1Api24Probe: E1_CALLBACK_SAMPLE|round=3|sequence=87|producerTid=3297|consumerTid=3148|payload=r03-s087-xbc|hash=4269038719|valid=true
CST 2026-07-17 17:57:03.049  3148  3148 I A02900/R1Api24Probe: E1_CALLBACK_SAMPLE|round=3|sequence=88|producerTid=3297|consumerTid=3148|payload=r03-s088-xdb|hash=1530548083|valid=true
CST 2026-07-17 17:57:03.049  3148  3148 I A02900/R1Api24Probe: E1_CALLBACK_SAMPLE|round=3|sequence=89|producerTid=3297|consumerTid=3148|payload=r03-s089-xfa|hash=3205050379|valid=true
CST 2026-07-17 17:57:03.049  3148  3148 I A02900/R1Api24Probe: E1_CALLBACK_SAMPLE|round=3|sequence=90|producerTid=3297|consumerTid=3148|payload=r03-s090-x19|hash=1692539786|valid=true
CST 2026-07-17 17:57:03.049  3148  3148 I A02900/R1Api24Probe: E1_CALLBACK_SAMPLE|round=3|sequence=91|producerTid=3297|consumerTid=3148|payload=r03-s091-x38|hash=3914176160|valid=true
CST 2026-07-17 17:57:03.049  3148  3148 I A02900/R1Api24Probe: E1_CALLBACK_SAMPLE|round=3|sequence=92|producerTid=3297|consumerTid=3148|payload=r03-s092-x57|hash=1648641098|valid=true
CST 2026-07-17 17:57:03.050  3148  3148 I A02900/R1Api24Probe: E1_CALLBACK_SAMPLE|round=3|sequence=93|producerTid=3297|consumerTid=3148|payload=r03-s093-x76|hash=2327830984|valid=true
CST 2026-07-17 17:57:03.050  3148  3148 I A02900/R1Api24Probe: E1_CALLBACK_SAMPLE|round=3|sequence=94|producerTid=3297|consumerTid=3148|payload=r03-s094-x95|hash=3226392570|valid=true
CST 2026-07-17 17:57:03.050  3148  3148 I A02900/R1Api24Probe: E1_CALLBACK_SAMPLE|round=3|sequence=95|producerTid=3297|consumerTid=3148|payload=r03-s095-xb4|hash=1111406025|valid=true
CST 2026-07-17 17:57:03.050  3148  3148 I A02900/R1Api24Probe: E1_CALLBACK_SAMPLE|round=3|sequence=96|producerTid=3297|consumerTid=3148|payload=r03-s096-xd3|hash=2667038315|valid=true
CST 2026-07-17 17:57:03.050  3148  3148 I A02900/R1Api24Probe: E1_CALLBACK_SAMPLE|round=3|sequence=97|producerTid=3297|consumerTid=3148|payload=r03-s097-xf2|hash=4082927413|valid=true
CST 2026-07-17 17:57:03.050  3148  3148 I A02900/R1Api24Probe: E1_CALLBACK_SAMPLE|round=3|sequence=98|producerTid=3297|consumerTid=3148|payload=r03-s098-x11|hash=1815342666|valid=true
CST 2026-07-17 17:57:03.050  3148  3148 I A02900/R1Api24Probe: E1_CALLBACK_SAMPLE|round=3|sequence=99|producerTid=3297|consumerTid=3148|payload=r03-s099-x30|hash=272147280|valid=true
CST 2026-07-17 17:57:03.050  3148  3148 I A02900/R1Api24Probe: E1_CALLBACK_SAMPLE|round=3|sequence=100|producerTid=3297|consumerTid=3148|payload=r03-s100-x4f|hash=1074395664|valid=true
CST 2026-07-17 17:57:03.058   795   886 W C01406/OHOS::RS: RSJankStats::SetJankStats jank frames 8
CST 2026-07-17 17:57:03.078   795  1110 E C01700/RSS: ResSchedClient::ReportData type not subscribed.
CST 2026-07-17 17:57:03.086   648  3105 W C02515/DISP: [SetLayerMaskInfo:495] <private> is not supported
CST 2026-07-17 17:57:03.086   795   795 E C01406/RSScreenManager: IsAllScreensPowerOff: screenPowerStatus_ is empty.
CST 2026-07-17 17:57:03.087  2255  2255 W A01c06/ICON: AppIconWeatherModel --> initWeatherListener, retryTimes: 4
CST 2026-07-17 17:57:03.088   648  1084 I C02515/DISP: [CommitComposeLayer:67] CommitComposeLayer! 10
CST 2026-07-17 17:57:03.096  2255  2277 I C02515/DISP: [ExpressFreeMem:317] freeMem bufferhandle gbuffer_id 28a0000003a, width 222, heigt 222
CST 2026-07-17 17:57:03.098  3148  3148 I C01356/Recovery: [app_recovery.cpp489]fileDir: /data/storage/el2/base/files
CST 2026-07-17 17:57:03.100  3299  3299 W C02c02/PARAM: Selinux check name persist.init.debug.loglevel in u:object_r:startup_init_param:s0 [3299 2000 2000] failed
CST 2026-07-17 17:57:03.101  3299  3299 W C02c02/PARAM: Selinux check name persist.init.debug.loglevel in u:object_r:startup_init_param:s0 [3299 2000 2000] failed
CST 2026-07-17 17:57:03.101  3299  3299 W C02c02/PARAM: SystemReadParam failed!name is:persist.init.debug.loglevel,err:1002
CST 2026-07-17 17:57:03.105  3148  3148 I A02900/R1Api24Probe: E1_ROUND_RESULT|verdict=PASS|round=3|pid=3148|mainTid=3148|producerTid=3297|consumerTid=3148|buffers=100|callbacks=100|fdTransfers=1|bufferHashAggregate=94298481|callbackHashAggregate=989334770|fdPayloadHash=416398542|beforeFd=38|afterFd=38|beforeThreads=28|afterThreads=28|monotonicIncrease=false
CST 2026-07-17 17:57:03.105  3148  3148 I A02900/R1Api24Probe: E1_BUFFER_SAMPLE|round=4|sample=1|length=0|leftSentinel=164|rightSentinel=91|hash=2166136261|guards=true|nativeTid=3148
CST 2026-07-17 17:57:03.105  3148  3148 I A02900/R1Api24Probe: E1_BUFFER_SAMPLE|round=4|sample=2|length=1|leftSentinel=165|rightSentinel=90|hash=2215350796|guards=true|nativeTid=3148
CST 2026-07-17 17:57:03.105  3148  3148 I A02900/R1Api24Probe: E1_BUFFER_SAMPLE|round=4|sample=3|length=2|leftSentinel=166|rightSentinel=89|hash=1732835020|guards=true|nativeTid=3148
CST 2026-07-17 17:57:03.105  3148  3148 I A02900/R1Api24Probe: E1_BUFFER_SAMPLE|round=4|sample=4|length=3|leftSentinel=167|rightSentinel=88|hash=2269953011|guards=true|nativeTid=3148
CST 2026-07-17 17:57:03.105  3148  3148 I A02900/R1Api24Probe: E1_BUFFER_SAMPLE|round=4|sample=5|length=4|leftSentinel=168|rightSentinel=87|hash=921112837|guards=true|nativeTid=3148
CST 2026-07-17 17:57:03.106  3148  3148 I A02900/R1Api24Probe: E1_BUFFER_SAMPLE|round=4|sample=6|length=5|leftSentinel=169|rightSentinel=86|hash=599796644|guards=true|nativeTid=3148
CST 2026-07-17 17:57:03.106  3148  3148 I A02900/R1Api24Probe: E1_BUFFER_SAMPLE|round=4|sample=7|length=6|leftSentinel=170|rightSentinel=85|hash=3585545128|guards=true|nativeTid=3148
CST 2026-07-17 17:57:03.106  3148  3148 I A02900/R1Api24Probe: E1_BUFFER_SAMPLE|round=4|sample=8|length=7|leftSentinel=171|rightSentinel=84|hash=1540839815|guards=true|nativeTid=3148
CST 2026-07-17 17:57:03.106  3148  3148 I A02900/R1Api24Probe: E1_BUFFER_SAMPLE|round=4|sample=9|length=8|leftSentinel=172|rightSentinel=83|hash=1799424213|guards=true|nativeTid=3148
CST 2026-07-17 17:57:03.106  3148  3148 I A02900/R1Api24Probe: E1_BUFFER_SAMPLE|round=4|sample=10|length=9|leftSentinel=173|rightSentinel=82|hash=112004092|guards=true|nativeTid=3148
CST 2026-07-17 17:57:03.106  3148  3148 I A02900/R1Api24Probe: E1_BUFFER_SAMPLE|round=4|sample=11|length=10|leftSentinel=174|rightSentinel=81|hash=783909268|guards=true|nativeTid=3148
CST 2026-07-17 17:57:03.106  3148  3148 I A02900/R1Api24Probe: E1_BUFFER_SAMPLE|round=4|sample=12|length=11|leftSentinel=175|rightSentinel=80|hash=2604888803|guards=true|nativeTid=3148
CST 2026-07-17 17:57:03.106  3148  3148 I A02900/R1Api24Probe: E1_BUFFER_SAMPLE|round=4|sample=13|length=12|leftSentinel=176|rightSentinel=79|hash=2974930485|guards=true|nativeTid=3148
CST 2026-07-17 17:57:03.106  3148  3148 I A02900/R1Api24Probe: E1_BUFFER_SAMPLE|round=4|sample=14|length=13|leftSentinel=177|rightSentinel=78|hash=1907981140|guards=true|nativeTid=3148
CST 2026-07-17 17:57:03.106  3148  3148 I A02900/R1Api24Probe: E1_BUFFER_SAMPLE|round=4|sample=15|length=14|leftSentinel=178|rightSentinel=77|hash=3787855040|guards=true|nativeTid=3148
CST 2026-07-17 17:57:03.106  3148  3148 I A02900/R1Api24Probe: E1_BUFFER_SAMPLE|round=4|sample=16|length=15|leftSentinel=179|rightSentinel=76|hash=3691586343|guards=true|nativeTid=3148
CST 2026-07-17 17:57:03.106  3148  3148 I A02900/R1Api24Probe: E1_BUFFER_SAMPLE|round=4|sample=17|length=16|leftSentinel=180|rightSentinel=75|hash=3565283045|guards=true|nativeTid=3148
CST 2026-07-17 17:57:03.107  3148  3148 I A02900/R1Api24Probe: E1_BUFFER_SAMPLE|round=4|sample=18|length=17|leftSentinel=181|rightSentinel=74|hash=118349452|guards=true|nativeTid=3148
CST 2026-07-17 17:57:03.107  3148  3148 I A02900/R1Api24Probe: E1_BUFFER_SAMPLE|round=4|sample=19|length=18|leftSentinel=182|rightSentinel=73|hash=3104175036|guards=true|nativeTid=3148
CST 2026-07-17 17:57:03.107  3148  3148 I A02900/R1Api24Probe: E1_BUFFER_SAMPLE|round=4|sample=20|length=19|leftSentinel=183|rightSentinel=72|hash=238509011|guards=true|nativeTid=3148
CST 2026-07-17 17:57:03.107  3148  3148 I A02900/R1Api24Probe: E1_BUFFER_SAMPLE|round=4|sample=21|length=20|leftSentinel=184|rightSentinel=71|hash=66242629|guards=true|nativeTid=3148
CST 2026-07-17 17:57:03.107  3148  3148 I A02900/R1Api24Probe: E1_BUFFER_SAMPLE|round=4|sample=22|length=21|leftSentinel=185|rightSentinel=70|hash=2571940356|guards=true|nativeTid=3148
CST 2026-07-17 17:57:03.107  3148  3148 I A02900/R1Api24Probe: E1_BUFFER_SAMPLE|round=4|sample=23|length=22|leftSentinel=186|rightSentinel=69|hash=285289560|guards=true|nativeTid=3148
CST 2026-07-17 17:57:03.107  3148  3148 I A02900/R1Api24Probe: E1_BUFFER_SAMPLE|round=4|sample=24|length=23|leftSentinel=187|rightSentinel=68|hash=2954765319|guards=true|nativeTid=3148
CST 2026-07-17 17:57:03.107  3148  3148 I A02900/R1Api24Probe: E1_BUFFER_SAMPLE|round=4|sample=25|length=24|leftSentinel=188|rightSentinel=67|hash=3013010613|guards=true|nativeTid=3148
CST 2026-07-17 17:57:03.107  3148  3148 I A02900/R1Api24Probe: E1_BUFFER_SAMPLE|round=4|sample=26|length=25|leftSentinel=189|rightSentinel=66|hash=1705617532|guards=true|nativeTid=3148
CST 2026-07-17 17:57:03.107  3148  3148 I A02900/R1Api24Probe: E1_BUFFER_SAMPLE|round=4|sample=27|length=26|leftSentinel=190|rightSentinel=65|hash=1686694628|guards=true|nativeTid=3148
CST 2026-07-17 17:57:03.107  3148  3148 I A02900/R1Api24Probe: E1_BUFFER_SAMPLE|round=4|sample=28|length=27|leftSentinel=191|rightSentinel=64|hash=2205065571|guards=true|nativeTid=3148
CST 2026-07-17 17:57:03.108  3148  3148 I A02900/R1Api24Probe: E1_BUFFER_SAMPLE|round=4|sample=29|length=28|leftSentinel=192|rightSentinel=63|hash=1480579125|guards=true|nativeTid=3148
CST 2026-07-17 17:57:03.108  3148  3148 I A02900/R1Api24Probe: E1_BUFFER_SAMPLE|round=4|sample=30|length=29|leftSentinel=193|rightSentinel=62|hash=991381492|guards=true|nativeTid=3148
CST 2026-07-17 17:57:03.108  3148  3148 I A02900/R1Api24Probe: E1_BUFFER_SAMPLE|round=4|sample=31|length=30|leftSentinel=194|rightSentinel=61|hash=2275537264|guards=true|nativeTid=3148
CST 2026-07-17 17:57:03.108  3148  3148 I A02900/R1Api24Probe: E1_BUFFER_SAMPLE|round=4|sample=32|length=31|leftSentinel=195|rightSentinel=60|hash=1448997351|guards=true|nativeTid=3148
CST 2026-07-17 17:57:03.108  3148  3148 I A02900/R1Api24Probe: E1_BUFFER_SAMPLE|round=4|sample=33|length=32|leftSentinel=196|rightSentinel=59|hash=1715512581|guards=true|nativeTid=3148
CST 2026-07-17 17:57:03.108  3148  3148 I A02900/R1Api24Probe: E1_BUFFER_SAMPLE|round=4|sample=34|length=33|leftSentinel=197|rightSentinel=58|hash=1181750028|guards=true|nativeTid=3148
CST 2026-07-17 17:57:03.108  3148  3148 I A02900/R1Api24Probe: E1_BUFFER_SAMPLE|round=4|sample=35|length=34|leftSentinel=198|rightSentinel=57|hash=1459873196|guards=true|nativeTid=3148
CST 2026-07-17 17:57:03.108  3148  3148 I A02900/R1Api24Probe: E1_BUFFER_SAMPLE|round=4|sample=36|length=35|leftSentinel=199|rightSentinel=56|hash=2493428915|guards=true|nativeTid=3148
CST 2026-07-17 17:57:03.108  3299  3299 W C02c02/PARAM: Selinux check name persist.init.debug.loglevel in u:object_r:startup_init_param:s0 [3299 2000 2000] failed
CST 2026-07-17 17:57:03.108  3148  3148 I A02900/R1Api24Probe: E1_BUFFER_SAMPLE|round=4|sample=37|length=36|leftSentinel=200|rightSentinel=55|hash=3339947717|guards=true|nativeTid=3148
CST 2026-07-17 17:57:03.108  3299  3299 W C02c02/PARAM: Selinux check name persist.init.debug.loglevel in u:object_r:startup_init_param:s0 [3299 2000 2000] failed
CST 2026-07-17 17:57:03.108  3148  3148 I A02900/R1Api24Probe: E1_BUFFER_SAMPLE|round=4|sample=38|length=37|leftSentinel=201|rightSentinel=54|hash=4113232164|guards=true|nativeTid=3148
CST 2026-07-17 17:57:03.108  3299  3299 W C02c02/PARAM: SystemReadParam failed!name is:persist.init.debug.loglevel,err:1002
CST 2026-07-17 17:57:03.108  3148  3148 I A02900/R1Api24Probe: E1_BUFFER_SAMPLE|round=4|sample=39|length=38|leftSentinel=202|rightSentinel=53|hash=489064456|guards=true|nativeTid=3148
CST 2026-07-17 17:57:03.109  3148  3148 I A02900/R1Api24Probe: E1_BUFFER_SAMPLE|round=4|sample=40|length=39|leftSentinel=203|rightSentinel=52|hash=2478804487|guards=true|nativeTid=3148
CST 2026-07-17 17:57:03.109  3148  3148 I A02900/R1Api24Probe: E1_BUFFER_SAMPLE|round=4|sample=41|length=40|leftSentinel=204|rightSentinel=51|hash=1773064981|guards=true|nativeTid=3148
CST 2026-07-17 17:57:03.109  3148  3148 I A02900/R1Api24Probe: E1_BUFFER_SAMPLE|round=4|sample=42|length=41|leftSentinel=205|rightSentinel=50|hash=1137586812|guards=true|nativeTid=3148
CST 2026-07-17 17:57:03.109  3148  3148 I A02900/R1Api24Probe: E1_BUFFER_SAMPLE|round=4|sample=43|length=42|leftSentinel=206|rightSentinel=49|hash=2797969972|guards=true|nativeTid=3148
CST 2026-07-17 17:57:03.109  3148  3148 I A02900/R1Api24Probe: E1_BUFFER_SAMPLE|round=4|sample=44|length=43|leftSentinel=207|rightSentinel=48|hash=3908824739|guards=true|nativeTid=3148
CST 2026-07-17 17:57:03.109  3148  3148 I A02900/R1Api24Probe: E1_BUFFER_SAMPLE|round=4|sample=45|length=44|leftSentinel=208|rightSentinel=47|hash=3174245621|guards=true|nativeTid=3148
CST 2026-07-17 17:57:03.109  3148  3148 I A02900/R1Api24Probe: E1_BUFFER_SAMPLE|round=4|sample=46|length=45|leftSentinel=209|rightSentinel=46|hash=3215620628|guards=true|nativeTid=3148
CST 2026-07-17 17:57:03.109  3148  3148 I A02900/R1Api24Probe: E1_BUFFER_SAMPLE|round=4|sample=47|length=46|leftSentinel=210|rightSentinel=45|hash=2821945376|guards=true|nativeTid=3148
CST 2026-07-17 17:57:03.111   503  1340 E C01707/CONCUR: [Interface] task 1340 apply qos failed, errno = 4
CST 2026-07-17 17:57:03.111   503  1340 E C01611/QosManager: QosManager: Failed to set thread QoS to QOS_USER_INTERACTIVE, ret: -1
CST 2026-07-17 17:57:03.111   796   962 W C01123/BMSCommon: bundle not exist -n com.huawei.hmsapp.totemweather -u 100 -i 0 -f 32
CST 2026-07-17 17:57:03.112   796   962 W C01121/BMSQuery: GetBundleInfo failed -n com.huawei.hmsapp.totemweather -u 100
CST 2026-07-17 17:57:03.112   503  1340 E C01651/BundleMgrProxy: GetBundleInfoFromBMS: GetBundleInfo failed!bundleName is com.huawei.hmsapp.totemweather, userId is 100
CST 2026-07-17 17:57:03.112   503  1340 E C01651/DataProviderConfig: GetFromProxyData: Get bundleInfo failed! bundleName:com.huawei.hmsapp.totemweather, userId:100, visitedId:100, uri:******icIconInfo
CST 2026-07-17 17:57:03.112   503  1340 E C01651/DataShareServiceImpl: GetBMSAndMetaDataStatus: CalledInfo failed! token:0x20087fab,ret:1001,uri:******icIconInfo
CST 2026-07-17 17:57:03.112   503  1340 E C01651/DataShareServiceImpl: GetSilentProxyStatus: BMS or metaData not ready to complete, token:0x20087fab, uri:******icIconInfo
CST 2026-07-17 17:57:03.112  2255  2255 E A01c06/ICON: AppIconWeatherModel --> get weather info failed, code: 15700010, message: The DataShareHelper is not initialized successfully.
CST 2026-07-17 17:57:03.113  3148  3148 I A02900/R1Api24Probe: E1_BUFFER_SAMPLE|round=4|sample=48|length=47|leftSentinel=211|rightSentinel=44|hash=551820711|guards=true|nativeTid=3148
CST 2026-07-17 17:57:03.113  3148  3148 I A02900/R1Api24Probe: E1_BUFFER_SAMPLE|round=4|sample=49|length=48|leftSentinel=212|rightSentinel=43|hash=1592343333|guards=true|nativeTid=3148
CST 2026-07-17 17:57:03.114  3148  3148 I A02900/R1Api24Probe: E1_BUFFER_SAMPLE|round=4|sample=50|length=49|leftSentinel=213|rightSentinel=42|hash=647137804|guards=true|nativeTid=3148
CST 2026-07-17 17:57:03.114  3148  3148 I A02900/R1Api24Probe: E1_BUFFER_SAMPLE|round=4|sample=51|length=50|leftSentinel=214|rightSentinel=41|hash=3775433564|guards=true|nativeTid=3148
CST 2026-07-17 17:57:03.114  3148  3148 I A02900/R1Api24Probe: E1_BUFFER_SAMPLE|round=4|sample=52|length=51|leftSentinel=215|rightSentinel=40|hash=1396231251|guards=true|nativeTid=3148
CST 2026-07-17 17:57:03.114  3148  3148 I A02900/R1Api24Probe: E1_BUFFER_SAMPLE|round=4|sample=53|length=52|leftSentinel=216|rightSentinel=39|hash=3174787205|guards=true|nativeTid=3148
CST 2026-07-17 17:57:03.114  3148  3148 I A02900/R1Api24Probe: E1_BUFFER_SAMPLE|round=4|sample=54|length=53|leftSentinel=217|rightSentinel=38|hash=2848308164|guards=true|nativeTid=3148
CST 2026-07-17 17:57:03.114  3148  3148 I A02900/R1Api24Probe: E1_BUFFER_SAMPLE|round=4|sample=55|length=54|leftSentinel=218|rightSentinel=37|hash=1625987448|guards=true|nativeTid=3148
CST 2026-07-17 17:57:03.114  3148  3148 I A02900/R1Api24Probe: E1_BUFFER_SAMPLE|round=4|sample=56|length=55|leftSentinel=219|rightSentinel=36|hash=2571008711|guards=true|nativeTid=3148
CST 2026-07-17 17:57:03.114  3148  3148 I A02900/R1Api24Probe: E1_BUFFER_SAMPLE|round=4|sample=57|length=56|leftSentinel=220|rightSentinel=35|hash=3768989557|guards=true|nativeTid=3148
CST 2026-07-17 17:57:03.114  3148  3148 I A02900/R1Api24Probe: E1_BUFFER_SAMPLE|round=4|sample=58|length=57|leftSentinel=221|rightSentinel=34|hash=3718320764|guards=true|nativeTid=3148
CST 2026-07-17 17:57:03.114  3148  3148 I A02900/R1Api24Probe: E1_BUFFER_SAMPLE|round=4|sample=59|length=58|leftSentinel=222|rightSentinel=33|hash=2811226116|guards=true|nativeTid=3148
CST 2026-07-17 17:57:03.115  3148  3148 I A02900/R1Api24Probe: E1_BUFFER_SAMPLE|round=4|sample=60|length=59|leftSentinel=223|rightSentinel=32|hash=3640415651|guards=true|nativeTid=3148
CST 2026-07-17 17:57:03.115  3148  3148 I A02900/R1Api24Probe: E1_BUFFER_SAMPLE|round=4|sample=61|length=60|leftSentinel=224|rightSentinel=31|hash=1609171061|guards=true|nativeTid=3148
CST 2026-07-17 17:57:03.115  3148  3148 I A02900/R1Api24Probe: E1_BUFFER_SAMPLE|round=4|sample=62|length=61|leftSentinel=225|rightSentinel=30|hash=1104462068|guards=true|nativeTid=3148
CST 2026-07-17 17:57:03.115  3148  3148 I A02900/R1Api24Probe: E1_BUFFER_SAMPLE|round=4|sample=63|length=62|leftSentinel=226|rightSentinel=29|hash=1385185424|guards=true|nativeTid=3148
CST 2026-07-17 17:57:03.115  3148  3148 I A02900/R1Api24Probe: E1_BUFFER_SAMPLE|round=4|sample=64|length=63|leftSentinel=227|rightSentinel=28|hash=2144559655|guards=true|nativeTid=3148
CST 2026-07-17 17:57:03.115  3148  3148 I A02900/R1Api24Probe: E1_BUFFER_SAMPLE|round=4|sample=65|length=64|leftSentinel=228|rightSentinel=27|hash=16592325|guards=true|nativeTid=3148
CST 2026-07-17 17:57:03.115  3148  3148 I A02900/R1Api24Probe: E1_BUFFER_SAMPLE|round=4|sample=66|length=65|leftSentinel=229|rightSentinel=26|hash=3993066764|guards=true|nativeTid=3148
CST 2026-07-17 17:57:03.115  3148  3148 I A02900/R1Api24Probe: E1_BUFFER_SAMPLE|round=4|sample=67|length=66|leftSentinel=230|rightSentinel=25|hash=3141240460|guards=true|nativeTid=3148
CST 2026-07-17 17:57:03.115  3148  3148 I A02900/R1Api24Probe: E1_BUFFER_SAMPLE|round=4|sample=68|length=67|leftSentinel=231|rightSentinel=24|hash=2499834227|guards=true|nativeTid=3148
CST 2026-07-17 17:57:03.116  3148  3148 I A02900/R1Api24Probe: E1_BUFFER_SAMPLE|round=4|sample=69|length=68|leftSentinel=232|rightSentinel=23|hash=725244165|guards=true|nativeTid=3148
CST 2026-07-17 17:57:03.116  3148  3148 I A02900/R1Api24Probe: E1_BUFFER_SAMPLE|round=4|sample=70|length=69|leftSentinel=233|rightSentinel=22|hash=4027960228|guards=true|nativeTid=3148
CST 2026-07-17 17:57:03.116  3148  3148 I A02900/R1Api24Probe: E1_BUFFER_SAMPLE|round=4|sample=71|length=70|leftSentinel=234|rightSentinel=21|hash=3614687080|guards=true|nativeTid=3148
CST 2026-07-17 17:57:03.116  3148  3148 I A02900/R1Api24Probe: E1_BUFFER_SAMPLE|round=4|sample=72|length=71|leftSentinel=235|rightSentinel=20|hash=4039644679|guards=true|nativeTid=3148
CST 2026-07-17 17:57:03.116  3148  3148 I A02900/R1Api24Probe: E1_BUFFER_SAMPLE|round=4|sample=73|length=72|leftSentinel=236|rightSentinel=19|hash=827241173|guards=true|nativeTid=3148
CST 2026-07-17 17:57:03.116  3148  3148 I A02900/R1Api24Probe: E1_BUFFER_SAMPLE|round=4|sample=74|length=73|leftSentinel=237|rightSentinel=18|hash=229263228|guards=true|nativeTid=3148
CST 2026-07-17 17:57:03.116  3148  3148 I A02900/R1Api24Probe: E1_BUFFER_SAMPLE|round=4|sample=75|length=74|leftSentinel=238|rightSentinel=17|hash=240896468|guards=true|nativeTid=3148
CST 2026-07-17 17:57:03.116  3148  3148 I A02900/R1Api24Probe: E1_BUFFER_SAMPLE|round=4|sample=76|length=75|leftSentinel=239|rightSentinel=16|hash=4053947107|guards=true|nativeTid=3148
CST 2026-07-17 17:57:03.116  3148  3148 I A02900/R1Api24Probe: E1_BUFFER_SAMPLE|round=4|sample=77|length=76|leftSentinel=240|rightSentinel=15|hash=230682165|guards=true|nativeTid=3148
CST 2026-07-17 17:57:03.116  3148  3148 I A02900/R1Api24Probe: E1_BUFFER_SAMPLE|round=4|sample=78|length=77|leftSentinel=241|rightSentinel=14|hash=1068450772|guards=true|nativeTid=3148
CST 2026-07-17 17:57:03.117  3148  3148 I A02900/R1Api24Probe: E1_BUFFER_SAMPLE|round=4|sample=79|length=78|leftSentinel=242|rightSentinel=13|hash=2500184320|guards=true|nativeTid=3148
CST 2026-07-17 17:57:03.117  3148  3148 I A02900/R1Api24Probe: E1_BUFFER_SAMPLE|round=4|sample=80|length=79|leftSentinel=243|rightSentinel=12|hash=209755815|guards=true|nativeTid=3148
CST 2026-07-17 17:57:03.117  3148  3148 I A02900/R1Api24Probe: E1_BUFFER_SAMPLE|round=4|sample=81|length=80|leftSentinel=244|rightSentinel=11|hash=3848140005|guards=true|nativeTid=3148
CST 2026-07-17 17:57:03.117  3148  3148 I A02900/R1Api24Probe: E1_BUFFER_SAMPLE|round=4|sample=82|length=81|leftSentinel=245|rightSentinel=10|hash=2196150412|guards=true|nativeTid=3148
CST 2026-07-17 17:57:03.117  3148  3148 I A02900/R1Api24Probe: E1_BUFFER_SAMPLE|round=4|sample=83|length=82|leftSentinel=246|rightSentinel=9|hash=1185038460|guards=true|nativeTid=3148
CST 2026-07-17 17:57:03.117  3148  3148 I A02900/R1Api24Probe: E1_BUFFER_SAMPLE|round=4|sample=84|length=83|leftSentinel=247|rightSentinel=8|hash=4123982163|guards=true|nativeTid=3148
CST 2026-07-17 17:57:03.117  3148  3148 I A02900/R1Api24Probe: E1_BUFFER_SAMPLE|round=4|sample=85|length=84|leftSentinel=248|rightSentinel=7|hash=684994373|guards=true|nativeTid=3148
CST 2026-07-17 17:57:03.118  3148  3148 I A02900/R1Api24Probe: E1_BUFFER_SAMPLE|round=4|sample=86|length=85|leftSentinel=249|rightSentinel=6|hash=2146564356|guards=true|nativeTid=3148
CST 2026-07-17 17:57:03.118  3148  3148 I A02900/R1Api24Probe: E1_BUFFER_SAMPLE|round=4|sample=87|length=86|leftSentinel=250|rightSentinel=5|hash=3909990040|guards=true|nativeTid=3148
CST 2026-07-17 17:57:03.118  3148  3148 I A02900/R1Api24Probe: E1_BUFFER_SAMPLE|round=4|sample=88|length=87|leftSentinel=251|rightSentinel=4|hash=1984670599|guards=true|nativeTid=3148
CST 2026-07-17 17:57:03.118  3148  3148 I A02900/R1Api24Probe: E1_BUFFER_SAMPLE|round=4|sample=89|length=88|leftSentinel=252|rightSentinel=3|hash=10812725|guards=true|nativeTid=3148
CST 2026-07-17 17:57:03.118  3148  3148 I A02900/R1Api24Probe: E1_BUFFER_SAMPLE|round=4|sample=90|length=89|leftSentinel=253|rightSentinel=2|hash=3751709948|guards=true|nativeTid=3148
CST 2026-07-17 17:57:03.118  3148  3148 I A02900/R1Api24Probe: E1_BUFFER_SAMPLE|round=4|sample=91|length=90|leftSentinel=254|rightSentinel=1|hash=1326547108|guards=true|nativeTid=3148
CST 2026-07-17 17:57:03.118  3148  3148 I A02900/R1Api24Probe: E1_BUFFER_SAMPLE|round=4|sample=92|length=91|leftSentinel=255|rightSentinel=0|hash=2950804579|guards=true|nativeTid=3148
CST 2026-07-17 17:57:03.118  3148  3148 I A02900/R1Api24Probe: E1_BUFFER_SAMPLE|round=4|sample=93|length=92|leftSentinel=0|rightSentinel=255|hash=550805173|guards=true|nativeTid=3148
CST 2026-07-17 17:57:03.119  3148  3148 I A02900/R1Api24Probe: E1_BUFFER_SAMPLE|round=4|sample=94|length=93|leftSentinel=1|rightSentinel=254|hash=3660823028|guards=true|nativeTid=3148
CST 2026-07-17 17:57:03.119  3148  3148 I A02900/R1Api24Probe: E1_BUFFER_SAMPLE|round=4|sample=95|length=94|leftSentinel=2|rightSentinel=253|hash=1488528944|guards=true|nativeTid=3148
CST 2026-07-17 17:57:03.119  3148  3148 I A02900/R1Api24Probe: E1_BUFFER_SAMPLE|round=4|sample=96|length=95|leftSentinel=3|rightSentinel=252|hash=2230309095|guards=true|nativeTid=3148
CST 2026-07-17 17:57:03.119  3148  3148 I A02900/R1Api24Probe: E1_BUFFER_SAMPLE|round=4|sample=97|length=96|leftSentinel=4|rightSentinel=251|hash=101063557|guards=true|nativeTid=3148
CST 2026-07-17 17:57:03.119  3148  3148 I A02900/R1Api24Probe: E1_BUFFER_SAMPLE|round=4|sample=98|length=97|leftSentinel=5|rightSentinel=250|hash=851337612|guards=true|nativeTid=3148
CST 2026-07-17 17:57:03.119  3148  3148 I A02900/R1Api24Probe: E1_BUFFER_SAMPLE|round=4|sample=99|length=98|leftSentinel=6|rightSentinel=249|hash=3380318956|guards=true|nativeTid=3148
CST 2026-07-17 17:57:03.119  3148  3148 I A02900/R1Api24Probe: E1_BUFFER_SAMPLE|round=4|sample=100|length=99|leftSentinel=7|rightSentinel=248|hash=3868860595|guards=true|nativeTid=3148
CST 2026-07-17 17:57:03.120  3148  3148 I A02900/R1Api24Probe: E1_FD_CREATED|fdA=37|fdB=38|creatorTid=3148|owner=ArkTS
CST 2026-07-17 17:57:03.120  3148  3148 I A02900/R1Api24Probe: E1_FD_RESULT|round=4|fdA=37|fdB=38|duplicateFd=39|written=23|read=23|payload=fd-round-04-sentinel-94|payloadHash=1382337890|closeA=0|closeDuplicate=0|closeB=0|duplicateCloseA=-1|errnoA=9|duplicateCloseB=-1|errnoB=9|owner=closed-by-native|nativeTid=3148
CST 2026-07-17 17:57:03.120  3148  3303 I A02900/R1Api24Probe: E1_PTHREAD_START|round=4|producerTid=3303
CST 2026-07-17 17:57:03.120  3148  3303 I A02900/R1Api24Probe: E1_PTHREAD_FINISH|round=4|producerTid=3303|queued=100|status=0
CST 2026-07-17 17:57:03.121  3148  3148 I A02900/R1Api24Probe: E1_CALLBACK_SAMPLE|round=4|sequence=1|producerTid=3303|consumerTid=3148|payload=r04-s001-x63|hash=652842826|valid=true
CST 2026-07-17 17:57:03.121  3148  3148 I A02900/R1Api24Probe: E1_CALLBACK_SAMPLE|round=4|sequence=2|producerTid=3303|consumerTid=3148|payload=r04-s002-x82|hash=1335009318|valid=true
CST 2026-07-17 17:57:03.121  3148  3148 I A02900/R1Api24Probe: E1_CALLBACK_SAMPLE|round=4|sequence=3|producerTid=3303|consumerTid=3148|payload=r04-s003-xa1|hash=1640591817|valid=true
CST 2026-07-17 17:57:03.121  3148  3148 I A02900/R1Api24Probe: E1_CALLBACK_SAMPLE|round=4|sequence=4|producerTid=3303|consumerTid=3148|payload=r04-s004-xc0|hash=2527538245|valid=true
CST 2026-07-17 17:57:03.121  3148  3148 I A02900/R1Api24Probe: E1_CALLBACK_SAMPLE|round=4|sequence=5|producerTid=3303|consumerTid=3148|payload=r04-s005-xdf|hash=4082310767|valid=true
CST 2026-07-17 17:57:03.121  3148  3148 I A02900/R1Api24Probe: E1_CALLBACK_SAMPLE|round=4|sequence=6|producerTid=3303|consumerTid=3148|payload=r04-s006-xfe|hash=1335013609|valid=true
CST 2026-07-17 17:57:03.121  3148  3148 I A02900/R1Api24Probe: E1_CALLBACK_SAMPLE|round=4|sequence=7|producerTid=3303|consumerTid=3148|payload=r04-s007-x1d|hash=3583050598|valid=true
CST 2026-07-17 17:57:03.121  3148  3148 I A02900/R1Api24Probe: E1_CALLBACK_SAMPLE|round=4|sequence=8|producerTid=3303|consumerTid=3148|payload=r04-s008-x3c|hash=1534614936|valid=true
CST 2026-07-17 17:57:03.121  3148  3148 I A02900/R1Api24Probe: E1_CALLBACK_SAMPLE|round=4|sequence=9|producerTid=3303|consumerTid=3148|payload=r04-s009-x5b|hash=1580359514|valid=true
CST 2026-07-17 17:57:03.121  3148  3148 I A02900/R1Api24Probe: E1_CALLBACK_SAMPLE|round=4|sequence=10|producerTid=3303|consumerTid=3148|payload=r04-s010-x7a|hash=2770956103|valid=true
CST 2026-07-17 17:57:03.122  3148  3148 I A02900/R1Api24Probe: E1_CALLBACK_SAMPLE|round=4|sequence=11|producerTid=3303|consumerTid=3148|payload=r04-s011-x99|hash=2769349050|valid=true
CST 2026-07-17 17:57:03.122  3148  3148 I A02900/R1Api24Probe: E1_CALLBACK_SAMPLE|round=4|sequence=12|producerTid=3303|consumerTid=3148|payload=r04-s012-xb8|hash=3777403063|valid=true
CST 2026-07-17 17:57:03.122  3148  3148 I A02900/R1Api24Probe: E1_CALLBACK_SAMPLE|round=4|sequence=13|producerTid=3303|consumerTid=3148|payload=r04-s013-xd7|hash=3169560795|valid=true
CST 2026-07-17 17:57:03.122  3148  3148 I A02900/R1Api24Probe: E1_CALLBACK_SAMPLE|round=4|sequence=14|producerTid=3303|consumerTid=3148|payload=r04-s014-xf6|hash=2171208703|valid=true
CST 2026-07-17 17:57:03.122  3148  3148 I A02900/R1Api24Probe: E1_CALLBACK_SAMPLE|round=4|sequence=15|producerTid=3303|consumerTid=3148|payload=r04-s015-x15|hash=13749050|valid=true
CST 2026-07-17 17:57:03.122  3148  3148 I A02900/R1Api24Probe: E1_CALLBACK_SAMPLE|round=4|sequence=16|producerTid=3303|consumerTid=3148|payload=r04-s016-x34|hash=1067228526|valid=true
CST 2026-07-17 17:57:03.124  3148  3148 I A02900/R1Api24Probe: E1_CALLBACK_SAMPLE|round=4|sequence=17|producerTid=3303|consumerTid=3148|payload=r04-s017-x53|hash=3595488178|valid=true
CST 2026-07-17 17:57:03.124  3148  3148 I A02900/R1Api24Probe: E1_CALLBACK_SAMPLE|round=4|sequence=18|producerTid=3303|consumerTid=3148|payload=r04-s018-x72|hash=2935217970|valid=true
CST 2026-07-17 17:57:03.125  3148  3148 I A02900/R1Api24Probe: E1_CALLBACK_SAMPLE|round=4|sequence=19|producerTid=3303|consumerTid=3148|payload=r04-s019-x91|hash=414516026|valid=true
CST 2026-07-17 17:57:03.125  3148  3148 I A02900/R1Api24Probe: E1_CALLBACK_SAMPLE|round=4|sequence=20|producerTid=3303|consumerTid=3148|payload=r04-s020-xb0|hash=1330462514|valid=true
CST 2026-07-17 17:57:03.125  3148  3148 I A02900/R1Api24Probe: E1_CALLBACK_SAMPLE|round=4|sequence=21|producerTid=3303|consumerTid=3148|payload=r04-s021-xcf|hash=251418358|valid=true
CST 2026-07-17 17:57:03.125  3148  3148 I A02900/R1Api24Probe: E1_CALLBACK_SAMPLE|round=4|sequence=22|producerTid=3303|consumerTid=3148|payload=r04-s022-xee|hash=3889827288|valid=true
CST 2026-07-17 17:57:03.125  3148  3148 I A02900/R1Api24Probe: E1_CALLBACK_SAMPLE|round=4|sequence=23|producerTid=3303|consumerTid=3148|payload=r04-s023-x0d|hash=2710989797|valid=true
CST 2026-07-17 17:57:03.125  3148  3148 I A02900/R1Api24Probe: E1_CALLBACK_SAMPLE|round=4|sequence=24|producerTid=3303|consumerTid=3148|payload=r04-s024-x2c|hash=350306091|valid=true
CST 2026-07-17 17:57:03.125  3148  3148 I A02900/R1Api24Probe: E1_CALLBACK_SAMPLE|round=4|sequence=25|producerTid=3303|consumerTid=3148|payload=r04-s025-x4b|hash=2127007181|valid=true
CST 2026-07-17 17:57:03.125  3148  3148 I A02900/R1Api24Probe: E1_CALLBACK_SAMPLE|round=4|sequence=26|producerTid=3303|consumerTid=3148|payload=r04-s026-x6a|hash=2913321491|valid=true
CST 2026-07-17 17:57:03.125  3148  3148 I A02900/R1Api24Probe: E1_CALLBACK_SAMPLE|round=4|sequence=27|producerTid=3303|consumerTid=3148|payload=r04-s027-x89|hash=2768056162|valid=true
CST 2026-07-17 17:57:03.125  3148  3148 I A02900/R1Api24Probe: E1_CALLBACK_SAMPLE|round=4|sequence=28|producerTid=3303|consumerTid=3148|payload=r04-s028-xa8|hash=1726572553|valid=true
CST 2026-07-17 17:57:03.125  3148  3148 I A02900/R1Api24Probe: E1_CALLBACK_SAMPLE|round=4|sequence=29|producerTid=3303|consumerTid=3148|payload=r04-s029-xc7|hash=3899480401|valid=true
CST 2026-07-17 17:57:03.125  3148  3148 I A02900/R1Api24Probe: E1_CALLBACK_SAMPLE|round=4|sequence=30|producerTid=3303|consumerTid=3148|payload=r04-s030-xe6|hash=3968460286|valid=true
CST 2026-07-17 17:57:03.125  3148  3148 I A02900/R1Api24Probe: E1_CALLBACK_SAMPLE|round=4|sequence=31|producerTid=3303|consumerTid=3148|payload=r04-s031-x05|hash=2906524801|valid=true
CST 2026-07-17 17:57:03.125  3148  3148 I A02900/R1Api24Probe: E1_CALLBACK_SAMPLE|round=4|sequence=32|producerTid=3303|consumerTid=3148|payload=r04-s032-x24|hash=3419138761|valid=true
CST 2026-07-17 17:57:03.125  3148  3148 I A02900/R1Api24Probe: E1_CALLBACK_SAMPLE|round=4|sequence=33|producerTid=3303|consumerTid=3148|payload=r04-s033-x43|hash=3438221597|valid=true
CST 2026-07-17 17:57:03.126  3148  3148 I A02900/R1Api24Probe: E1_CALLBACK_SAMPLE|round=4|sequence=34|producerTid=3303|consumerTid=3148|payload=r04-s034-x62|hash=2205093369|valid=true
CST 2026-07-17 17:57:03.126  3148  3148 I A02900/R1Api24Probe: E1_CALLBACK_SAMPLE|round=4|sequence=35|producerTid=3303|consumerTid=3148|payload=r04-s035-x81|hash=2193782481|valid=true
CST 2026-07-17 17:57:03.126  3148  3148 I A02900/R1Api24Probe: E1_CALLBACK_SAMPLE|round=4|sequence=36|producerTid=3303|consumerTid=3148|payload=r04-s036-xa0|hash=492327562|valid=true
CST 2026-07-17 17:57:03.126  3148  3148 I A02900/R1Api24Probe: E1_CALLBACK_SAMPLE|round=4|sequence=37|producerTid=3303|consumerTid=3148|payload=r04-s037-xbf|hash=527555652|valid=true
CST 2026-07-17 17:57:03.126  3148  3148 I A02900/R1Api24Probe: E1_CALLBACK_SAMPLE|round=4|sequence=38|producerTid=3303|consumerTid=3148|payload=r04-s038-xde|hash=1581945270|valid=true
CST 2026-07-17 17:57:03.126  3148  3148 I A02900/R1Api24Probe: E1_CALLBACK_SAMPLE|round=4|sequence=39|producerTid=3303|consumerTid=3148|payload=r04-s039-xfd|hash=1827566168|valid=true
CST 2026-07-17 17:57:03.126  3148  3148 I A02900/R1Api24Probe: E1_CALLBACK_SAMPLE|round=4|sequence=40|producerTid=3303|consumerTid=3148|payload=r04-s040-x1c|hash=2127012690|valid=true
CST 2026-07-17 17:57:03.126  3148  3148 I A02900/R1Api24Probe: E1_CALLBACK_SAMPLE|round=4|sequence=41|producerTid=3303|consumerTid=3148|payload=r04-s041-x3b|hash=1329772104|valid=true
CST 2026-07-17 17:57:03.126  3148  3148 I A02900/R1Api24Probe: E1_CALLBACK_SAMPLE|round=4|sequence=42|producerTid=3303|consumerTid=3148|payload=r04-s042-x5a|hash=223427646|valid=true
CST 2026-07-17 17:57:03.126  3148  3148 I A02900/R1Api24Probe: E1_CALLBACK_SAMPLE|round=4|sequence=43|producerTid=3303|consumerTid=3148|payload=r04-s043-x79|hash=3939552039|valid=true
CST 2026-07-17 17:57:03.126  3148  3148 I A02900/R1Api24Probe: E1_CALLBACK_SAMPLE|round=4|sequence=44|producerTid=3303|consumerTid=3148|payload=r04-s044-x98|hash=2374998675|valid=true
CST 2026-07-17 17:57:03.126  3148  3148 I A02900/R1Api24Probe: E1_CALLBACK_SAMPLE|round=4|sequence=45|producerTid=3303|consumerTid=3148|payload=r04-s045-xb7|hash=4140578602|valid=true
CST 2026-07-17 17:57:03.126  3148  3148 I A02900/R1Api24Probe: E1_CALLBACK_SAMPLE|round=4|sequence=46|producerTid=3303|consumerTid=3148|payload=r04-s046-xd6|hash=893692030|valid=true
CST 2026-07-17 17:57:03.126  3148  3148 I A02900/R1Api24Probe: E1_CALLBACK_SAMPLE|round=4|sequence=47|producerTid=3303|consumerTid=3148|payload=r04-s047-xf5|hash=3383599754|valid=true
CST 2026-07-17 17:57:03.126  3148  3148 I A02900/R1Api24Probe: E1_CALLBACK_SAMPLE|round=4|sequence=48|producerTid=3303|consumerTid=3148|payload=r04-s048-x14|hash=4048295291|valid=true
CST 2026-07-17 17:57:03.126  3148  3148 I A02900/R1Api24Probe: E1_CALLBACK_SAMPLE|round=4|sequence=49|producerTid=3303|consumerTid=3148|payload=r04-s049-x33|hash=2299427587|valid=true
CST 2026-07-17 17:57:03.127  3148  3148 I A02900/R1Api24Probe: E1_CALLBACK_SAMPLE|round=4|sequence=50|producerTid=3303|consumerTid=3148|payload=r04-s050-x52|hash=2209599676|valid=true
CST 2026-07-17 17:57:03.127  3148  3148 I A02900/R1Api24Probe: E1_CALLBACK_SAMPLE|round=4|sequence=51|producerTid=3303|consumerTid=3148|payload=r04-s051-x71|hash=2593289556|valid=true
CST 2026-07-17 17:57:03.127  3148  3148 I A02900/R1Api24Probe: E1_CALLBACK_SAMPLE|round=4|sequence=52|producerTid=3303|consumerTid=3148|payload=r04-s052-x90|hash=1046628240|valid=true
CST 2026-07-17 17:57:03.127  3148  3148 I A02900/R1Api24Probe: E1_CALLBACK_SAMPLE|round=4|sequence=53|producerTid=3303|consumerTid=3148|payload=r04-s053-xaf|hash=2873247773|valid=true
CST 2026-07-17 17:57:03.127  3148  3148 I A02900/R1Api24Probe: E1_CALLBACK_SAMPLE|round=4|sequence=54|producerTid=3303|consumerTid=3148|payload=r04-s054-xce|hash=2412806319|valid=true
CST 2026-07-17 17:57:03.127  3148  3148 I A02900/R1Api24Probe: E1_CALLBACK_SAMPLE|round=4|sequence=55|producerTid=3303|consumerTid=3148|payload=r04-s055-xed|hash=3387031973|valid=true
CST 2026-07-17 17:57:03.127  3148  3148 I A02900/R1Api24Probe: E1_CALLBACK_SAMPLE|round=4|sequence=56|producerTid=3303|consumerTid=3148|payload=r04-s056-x0c|hash=2579557540|valid=true
CST 2026-07-17 17:57:03.127  3148  3148 I A02900/R1Api24Probe: E1_CALLBACK_SAMPLE|round=4|sequence=57|producerTid=3303|consumerTid=3148|payload=r04-s057-x2b|hash=4260917410|valid=true
CST 2026-07-17 17:57:03.127  3148  3148 I A02900/R1Api24Probe: E1_CALLBACK_SAMPLE|round=4|sequence=58|producerTid=3303|consumerTid=3148|payload=r04-s058-x4a|hash=864126096|valid=true
CST 2026-07-17 17:57:03.127  3148  3148 I A02900/R1Api24Probe: E1_CALLBACK_SAMPLE|round=4|sequence=59|producerTid=3303|consumerTid=3148|payload=r04-s059-x69|hash=3746964017|valid=true
CST 2026-07-17 17:57:03.127  3148  3148 I A02900/R1Api24Probe: E1_CALLBACK_SAMPLE|round=4|sequence=60|producerTid=3303|consumerTid=3148|payload=r04-s060-x88|hash=2439844580|valid=true
CST 2026-07-17 17:57:03.127  3148  3148 I A02900/R1Api24Probe: E1_CALLBACK_SAMPLE|round=4|sequence=61|producerTid=3303|consumerTid=3148|payload=r04-s061-xa7|hash=793899843|valid=true
CST 2026-07-17 17:57:03.127  3148  3148 I A02900/R1Api24Probe: E1_CALLBACK_SAMPLE|round=4|sequence=62|producerTid=3303|consumerTid=3148|payload=r04-s062-xc6|hash=2598891171|valid=true
CST 2026-07-17 17:57:03.127  3148  3148 I A02900/R1Api24Probe: E1_CALLBACK_SAMPLE|round=4|sequence=63|producerTid=3303|consumerTid=3148|payload=r04-s063-xe5|hash=720014015|valid=true
CST 2026-07-17 17:57:03.127  3148  3148 I A02900/R1Api24Probe: E1_CALLBACK_SAMPLE|round=4|sequence=64|producerTid=3303|consumerTid=3148|payload=r04-s064-x04|hash=3979211876|valid=true
CST 2026-07-17 17:57:03.127  3148  3148 I A02900/R1Api24Probe: E1_CALLBACK_SAMPLE|round=4|sequence=65|producerTid=3303|consumerTid=3148|payload=r04-s065-x23|hash=3960397588|valid=true
CST 2026-07-17 17:57:03.128  3148  3148 I A02900/R1Api24Probe: E1_CALLBACK_SAMPLE|round=4|sequence=66|producerTid=3303|consumerTid=3148|payload=r04-s066-x42|hash=1422606480|valid=true
CST 2026-07-17 17:57:03.128  3148  3148 I A02900/R1Api24Probe: E1_CALLBACK_SAMPLE|round=4|sequence=67|producerTid=3303|consumerTid=3148|payload=r04-s067-x61|hash=786083348|valid=true
CST 2026-07-17 17:57:03.128  3148  3148 I A02900/R1Api24Probe: E1_CALLBACK_SAMPLE|round=4|sequence=68|producerTid=3303|consumerTid=3148|payload=r04-s068-x80|hash=10931044|valid=true
CST 2026-07-17 17:57:03.128  3148  3148 I A02900/R1Api24Probe: E1_CALLBACK_SAMPLE|round=4|sequence=69|producerTid=3303|consumerTid=3148|payload=r04-s069-x9f|hash=2166115344|valid=true
CST 2026-07-17 17:57:03.128  3148  3148 I A02900/R1Api24Probe: E1_CALLBACK_SAMPLE|round=4|sequence=70|producerTid=3303|consumerTid=3148|payload=r04-s070-xbe|hash=1263309024|valid=true
CST 2026-07-17 17:57:03.128  3148  3148 I A02900/R1Api24Probe: E1_CALLBACK_SAMPLE|round=4|sequence=71|producerTid=3303|consumerTid=3148|payload=r04-s071-xdd|hash=3951743918|valid=true
CST 2026-07-17 17:57:03.128  3148  3148 I A02900/R1Api24Probe: E1_CALLBACK_SAMPLE|round=4|sequence=72|producerTid=3303|consumerTid=3148|payload=r04-s072-xfc|hash=1682501444|valid=true
CST 2026-07-17 17:57:03.128  3148  3148 I A02900/R1Api24Probe: E1_CALLBACK_SAMPLE|round=4|sequence=73|producerTid=3303|consumerTid=3148|payload=r04-s073-x1b|hash=3703523687|valid=true
CST 2026-07-17 17:57:03.128  3304  3304 W C02c02/PARAM: Selinux check name persist.init.debug.loglevel in u:object_r:startup_init_param:s0 [3304 2000 2000] failed
CST 2026-07-17 17:57:03.128  3148  3148 I A02900/R1Api24Probe: E1_CALLBACK_SAMPLE|round=4|sequence=74|producerTid=3303|consumerTid=3148|payload=r04-s074-x3a|hash=1942533357|valid=true
CST 2026-07-17 17:57:03.128  3304  3304 W C02c02/PARAM: Selinux check name persist.init.debug.loglevel in u:object_r:startup_init_param:s0 [3304 2000 2000] failed
CST 2026-07-17 17:57:03.128  3148  3148 I A02900/R1Api24Probe: E1_CALLBACK_SAMPLE|round=4|sequence=75|producerTid=3303|consumerTid=3148|payload=r04-s075-x59|hash=1395688852|valid=true
CST 2026-07-17 17:57:03.128  3304  3304 W C02c02/PARAM: SystemReadParam failed!name is:persist.init.debug.loglevel,err:1002
CST 2026-07-17 17:57:03.128  3148  3148 I A02900/R1Api24Probe: E1_CALLBACK_SAMPLE|round=4|sequence=76|producerTid=3303|consumerTid=3148|payload=r04-s076-x78|hash=3759918152|valid=true
CST 2026-07-17 17:57:03.128  3148  3148 I A02900/R1Api24Probe: E1_CALLBACK_SAMPLE|round=4|sequence=77|producerTid=3303|consumerTid=3148|payload=r04-s077-x97|hash=1333808924|valid=true
CST 2026-07-17 17:57:03.128  3148  3148 I A02900/R1Api24Probe: E1_CALLBACK_SAMPLE|round=4|sequence=78|producerTid=3303|consumerTid=3148|payload=r04-s078-xb6|hash=2932756721|valid=true
CST 2026-07-17 17:57:03.128  3148  3148 I A02900/R1Api24Probe: E1_CALLBACK_SAMPLE|round=4|sequence=79|producerTid=3303|consumerTid=3148|payload=r04-s079-xd5|hash=1989362073|valid=true
CST 2026-07-17 17:57:03.128  3148  3148 I A02900/R1Api24Probe: E1_CALLBACK_SAMPLE|round=4|sequence=80|producerTid=3303|consumerTid=3148|payload=r04-s080-xf4|hash=1284821904|valid=true
CST 2026-07-17 17:57:03.128  3148  3148 I A02900/R1Api24Probe: E1_CALLBACK_SAMPLE|round=4|sequence=81|producerTid=3303|consumerTid=3148|payload=r04-s081-x13|hash=2379326889|valid=true
CST 2026-07-17 17:57:03.129  3148  3148 I A02900/R1Api24Probe: E1_CALLBACK_SAMPLE|round=4|sequence=82|producerTid=3303|consumerTid=3148|payload=r04-s082-x32|hash=4190613409|valid=true
CST 2026-07-17 17:57:03.129  3148  3148 I A02900/R1Api24Probe: E1_CALLBACK_SAMPLE|round=4|sequence=83|producerTid=3303|consumerTid=3148|payload=r04-s083-x51|hash=3790940173|valid=true
CST 2026-07-17 17:57:03.129  3148  3148 I A02900/R1Api24Probe: E1_CALLBACK_SAMPLE|round=4|sequence=84|producerTid=3303|consumerTid=3148|payload=r04-s084-x70|hash=2385524393|valid=true
CST 2026-07-17 17:57:03.129  3148  3148 I A02900/R1Api24Probe: E1_CALLBACK_SAMPLE|round=4|sequence=85|producerTid=3303|consumerTid=3148|payload=r04-s085-x8f|hash=436096123|valid=true
CST 2026-07-17 17:57:03.129  3148  3148 I A02900/R1Api24Probe: E1_CALLBACK_SAMPLE|round=4|sequence=86|producerTid=3303|consumerTid=3148|payload=r04-s086-xae|hash=3471643958|valid=true
CST 2026-07-17 17:57:03.129  3148  3148 I A02900/R1Api24Probe: E1_CALLBACK_SAMPLE|round=4|sequence=87|producerTid=3303|consumerTid=3148|payload=r04-s087-xcd|hash=72091988|valid=true
CST 2026-07-17 17:57:03.129  3148  3148 I A02900/R1Api24Probe: E1_CALLBACK_SAMPLE|round=4|sequence=88|producerTid=3303|consumerTid=3148|payload=r04-s088-xec|hash=7605394|valid=true
CST 2026-07-17 17:57:03.129  3148  3148 I A02900/R1Api24Probe: E1_CALLBACK_SAMPLE|round=4|sequence=89|producerTid=3303|consumerTid=3148|payload=r04-s089-x0b|hash=109409659|valid=true
CST 2026-07-17 17:57:03.129  3148  3148 I A02900/R1Api24Probe: E1_CALLBACK_SAMPLE|round=4|sequence=90|producerTid=3303|consumerTid=3148|payload=r04-s090-x2a|hash=3533993950|valid=true
CST 2026-07-17 17:57:03.129  3148  3148 I A02900/R1Api24Probe: E1_CALLBACK_SAMPLE|round=4|sequence=91|producerTid=3303|consumerTid=3148|payload=r04-s091-x49|hash=3585950163|valid=true
CST 2026-07-17 17:57:03.129  3148  3148 I A02900/R1Api24Probe: E1_CALLBACK_SAMPLE|round=4|sequence=92|producerTid=3303|consumerTid=3148|payload=r04-s092-x68|hash=351717275|valid=true
CST 2026-07-17 17:57:03.129  3148  3148 I A02900/R1Api24Probe: E1_CALLBACK_SAMPLE|round=4|sequence=93|producerTid=3303|consumerTid=3148|payload=r04-s093-x87|hash=2394133479|valid=true
CST 2026-07-17 17:57:03.129  3148  3148 I A02900/R1Api24Probe: E1_CALLBACK_SAMPLE|round=4|sequence=94|producerTid=3303|consumerTid=3148|payload=r04-s094-xa6|hash=1240141412|valid=true
CST 2026-07-17 17:57:03.129  3148  3148 I A02900/R1Api24Probe: E1_CALLBACK_SAMPLE|round=4|sequence=95|producerTid=3303|consumerTid=3148|payload=r04-s095-xc5|hash=1396372596|valid=true
CST 2026-07-17 17:57:03.129  3148  3148 I A02900/R1Api24Probe: E1_CALLBACK_SAMPLE|round=4|sequence=96|producerTid=3303|consumerTid=3148|payload=r04-s096-xe4|hash=4143963944|valid=true
CST 2026-07-17 17:57:03.129  3148  3148 I A02900/R1Api24Probe: E1_CALLBACK_SAMPLE|round=4|sequence=97|producerTid=3303|consumerTid=3148|payload=r04-s097-x03|hash=3106875799|valid=true
CST 2026-07-17 17:57:03.130  3148  3148 I A02900/R1Api24Probe: E1_CALLBACK_SAMPLE|round=4|sequence=98|producerTid=3303|consumerTid=3148|payload=r04-s098-x22|hash=711907539|valid=true
CST 2026-07-17 17:57:03.130  3148  3148 I A02900/R1Api24Probe: E1_CALLBACK_SAMPLE|round=4|sequence=99|producerTid=3303|consumerTid=3148|payload=r04-s099-x41|hash=2067713507|valid=true
CST 2026-07-17 17:57:03.130  3148  3148 I A02900/R1Api24Probe: E1_CALLBACK_SAMPLE|round=4|sequence=100|producerTid=3303|consumerTid=3148|payload=r04-s100-x60|hash=1350858111|valid=true
CST 2026-07-17 17:57:03.138  3304  3304 W C02c02/PARAM: Selinux check name persist.init.debug.loglevel in u:object_r:startup_init_param:s0 [3304 2000 2000] failed
CST 2026-07-17 17:57:03.138  3304  3304 W C02c02/PARAM: Selinux check name persist.init.debug.loglevel in u:object_r:startup_init_param:s0 [3304 2000 2000] failed
CST 2026-07-17 17:57:03.138  3304  3304 W C02c02/PARAM: SystemReadParam failed!name is:persist.init.debug.loglevel,err:1002
CST 2026-07-17 17:57:03.159  2255  2277 I C03900/HDS: [hds_drawable_descriptor.cpp-ProcessIcon:101]set pixelmap editable : 0 .
CST 2026-07-17 17:57:03.159  2255  2277 E C02b61/PixelMap: set ashmem name failed
CST 2026-07-17 17:57:03.160  2255  2277 W A01b00/SCB: GraphicUtils --> combinePic from HdsIcon, bundleName: com.ohos.dlpmanager, iconSizeOfGrid: 64, hasBorder: true
CST 2026-07-17 17:57:03.160  2255  2277 I A01b00/SCB: IconResourceFwk --> getBundleIcon end param: com.ohos.dlpmanager, 64, true true
CST 2026-07-17 17:57:03.165  2255  2287 I C02b61/ImageCode: DoEncode:(224, 224) cost 4368 us
CST 2026-07-17 17:57:03.166  2255  2285 I C01631/GaussPD:  [0] [ADAPTER] [139900931275520] Not support binlog_default.writeLock file enable del monitor sysno = 25
CST 2026-07-17 17:57:03.167  2255  2285 I C01631/GaussPD:  [0] [ADAPTER] [139900931275520] Not support binlog_default.writeLock file enable del monitor sysno = 25
CST 2026-07-17 17:57:03.167  2255  2285 I C01631/GaussPD:  [0] [ADAPTER] [139900931275520] Not support binlog_default.writeLock file enable del monitor sysno = 25
CST 2026-07-17 17:57:03.167  2255  2285 I C01631/GaussPD:  [0] [ADAPTER] [139900931275520] Not support binlog_default.writeLock file enable del monitor sysno = 25
CST 2026-07-17 17:57:03.167  2255  2285 I C01631/GaussPD:  [0] [ADAPTER] [139900931275520] Not support binlog_default.writeIndex file enable del monitor sysno = 25
CST 2026-07-17 17:57:03.167  2255  2285 I C01631/GaussPD:  [0] [ADAPTER] [139900931275520] Not support binlog_default.writeIndex file enable del monitor sysno = 25
CST 2026-07-17 17:57:03.167  2255  2277 I A01a01/NC: NotificationConfigManager: update icon result: com.ohos.dlpmanager, 25026
CST 2026-07-17 17:57:03.167  2255  2277 I A01b00/SCB: IconResourceFwk --> getBundleIcon start param: com.huawei.hms.floatingnavigation, 64, true true
CST 2026-07-17 17:57:03.167  2255  2277 W A01b00/SCB: IconResourceUtils --> getIconResource from bms getBundleResourceInfo for com.huawei.hms.floatingnavigation 0
CST 2026-07-17 17:57:03.168   796   962 I C01120/BMS: icon rdb get resource icon start -n com.huawei.hms.floatingnavigation -i 0 -f 16
CST 2026-07-17 17:57:03.168   796   962 E C01650/StepResultSet: GoToRow:position[0] rowCount[0] rowPos_[-1]!
CST 2026-07-17 17:57:03.168   648  1084 W C02515/DISP: [SetLayerMaskInfo:495] <private> is not supported
CST 2026-07-17 17:57:03.168   648  1084 I C02515/DISP: [CommitComposeLayer:67] CommitComposeLayer! 10
CST 2026-07-17 17:57:03.169   795   886 W C01406/OHOS::RS: RSJankStats::SetJankStats jank frames 6
CST 2026-07-17 17:57:03.169  2255  2277 I C02b61/ImageSource: CreatePixelMap success, id:1784282223168789,dSize:(0,0),srcSize: (41,41),dHdr:1,sHdr:1,memType: 2,cost 508 us
CST 2026-07-17 17:57:03.169  2255  2277 E C02b61/PixelMap: set ashmem name failed
CST 2026-07-17 17:57:03.169  2255  2277 W A01b00/SCB: GraphicUtils --> com.huawei.hms.floatingnavigation - getHdsIcon, size: (41, 41), pixelFormat: 4, leftTopPixel is transparent: true, 0-0-0-0
CST 2026-07-17 17:57:03.169  2255  2277 E C03900/HDS: [hds_drawable_descriptor.cpp-GetOtherIconsInfo:395]Get icon by name from resource failed, iconName: icon_mask, isGlobalMask: 0, state: 9001004
CST 2026-07-17 17:57:03.170  2255  2277 W C03900/HDS: [hds_drawable_descriptor.cpp-ProcessIcon:91]Mask size {192, 192}, bundleName: com.huawei.hms.floatingnavigation
CST 2026-07-17 17:57:03.171  2255  2277 I C02b61/PixelMap: PixelMap::scale SLR 151, srcSize: [192, 192], dstSize: [41, 41], cost: 0
CST 2026-07-17 17:57:03.176  3148  3148 I A02900/R1Api24Probe: E1_ROUND_RESULT|verdict=PASS|round=4|pid=3148|mainTid=3148|producerTid=3303|consumerTid=3148|buffers=100|callbacks=100|fdTransfers=1|bufferHashAggregate=1443504017|callbackHashAggregate=2198459304|fdPayloadHash=1382337890|beforeFd=38|afterFd=38|beforeThreads=28|afterThreads=28|monotonicIncrease=false
CST 2026-07-17 17:57:03.176  3148  3148 I A02900/R1Api24Probe: E1_BUFFER_SAMPLE|round=5|sample=1|length=0|leftSentinel=205|rightSentinel=50|hash=2166136261|guards=true|nativeTid=3148
CST 2026-07-17 17:57:03.176  3148  3148 I A02900/R1Api24Probe: E1_BUFFER_SAMPLE|round=5|sample=2|length=1|leftSentinel=206|rightSentinel=49|hash=2601236033|guards=true|nativeTid=3148
CST 2026-07-17 17:57:03.176  3148  3148 I A02900/R1Api24Probe: E1_BUFFER_SAMPLE|round=5|sample=3|length=2|leftSentinel=207|rightSentinel=48|hash=2493492040|guards=true|nativeTid=3148
CST 2026-07-17 17:57:03.176  3148  3148 I A02900/R1Api24Probe: E1_BUFFER_SAMPLE|round=5|sample=4|length=3|leftSentinel=208|rightSentinel=47|hash=621387626|guards=true|nativeTid=3148
CST 2026-07-17 17:57:03.176  3148  3148 I A02900/R1Api24Probe: E1_BUFFER_SAMPLE|round=5|sample=5|length=4|leftSentinel=209|rightSentinel=46|hash=1198127517|guards=true|nativeTid=3148
CST 2026-07-17 17:57:03.176  3148  3148 I A02900/R1Api24Probe: E1_BUFFER_SAMPLE|round=5|sample=6|length=5|leftSentinel=210|rightSentinel=45|hash=2272567853|guards=true|nativeTid=3148
CST 2026-07-17 17:57:03.176  3148  3148 I A02900/R1Api24Probe: E1_BUFFER_SAMPLE|round=5|sample=7|length=6|leftSentinel=211|rightSentinel=44|hash=3076895140|guards=true|nativeTid=3148
CST 2026-07-17 17:57:03.176  3148  3148 I A02900/R1Api24Probe: E1_BUFFER_SAMPLE|round=5|sample=8|length=7|leftSentinel=212|rightSentinel=43|hash=4216500938|guards=true|nativeTid=3148
CST 2026-07-17 17:57:03.176  3148  3148 I A02900/R1Api24Probe: E1_BUFFER_SAMPLE|round=5|sample=9|length=8|leftSentinel=213|rightSentinel=42|hash=306499509|guards=true|nativeTid=3148
CST 2026-07-17 17:57:03.176  3148  3148 I A02900/R1Api24Probe: E1_BUFFER_SAMPLE|round=5|sample=10|length=9|leftSentinel=214|rightSentinel=41|hash=1036960313|guards=true|nativeTid=3148
CST 2026-07-17 17:57:03.177  3148  3148 I A02900/R1Api24Probe: E1_BUFFER_SAMPLE|round=5|sample=11|length=10|leftSentinel=215|rightSentinel=40|hash=1662325592|guards=true|nativeTid=3148
CST 2026-07-17 17:57:03.177  3148  3148 I A02900/R1Api24Probe: E1_BUFFER_SAMPLE|round=5|sample=12|length=11|leftSentinel=216|rightSentinel=39|hash=1428341306|guards=true|nativeTid=3148
CST 2026-07-17 17:57:03.177  3148  3148 I A02900/R1Api24Probe: E1_BUFFER_SAMPLE|round=5|sample=13|length=12|leftSentinel=217|rightSentinel=38|hash=3459684077|guards=true|nativeTid=3148
CST 2026-07-17 17:57:03.177  3148  3148 I A02900/R1Api24Probe: E1_BUFFER_SAMPLE|round=5|sample=14|length=13|leftSentinel=218|rightSentinel=37|hash=3308641653|guards=true|nativeTid=3148
CST 2026-07-17 17:57:03.177  3148  3148 I A02900/R1Api24Probe: E1_BUFFER_SAMPLE|round=5|sample=15|length=14|leftSentinel=219|rightSentinel=36|hash=4246120356|guards=true|nativeTid=3148
CST 2026-07-17 17:57:03.177  3148  3148 I A02900/R1Api24Probe: E1_BUFFER_SAMPLE|round=5|sample=16|length=15|leftSentinel=220|rightSentinel=35|hash=2697924698|guards=true|nativeTid=3148
CST 2026-07-17 17:57:03.177  3148  3148 I A02900/R1Api24Probe: E1_BUFFER_SAMPLE|round=5|sample=17|length=16|leftSentinel=221|rightSentinel=34|hash=1163111685|guards=true|nativeTid=3148
CST 2026-07-17 17:57:03.177  3148  3148 I A02900/R1Api24Probe: E1_BUFFER_SAMPLE|round=5|sample=18|length=17|leftSentinel=222|rightSentinel=33|hash=2481523697|guards=true|nativeTid=3148
CST 2026-07-17 17:57:03.177  3148  3148 I A02900/R1Api24Probe: E1_BUFFER_SAMPLE|round=5|sample=19|length=18|leftSentinel=223|rightSentinel=32|hash=4153516456|guards=true|nativeTid=3148
CST 2026-07-17 17:57:03.177  3148  3148 I A02900/R1Api24Probe: E1_BUFFER_SAMPLE|round=5|sample=20|length=19|leftSentinel=224|rightSentinel=31|hash=2367401514|guards=true|nativeTid=3148
CST 2026-07-17 17:57:03.177  3148  3148 I A02900/R1Api24Probe: E1_BUFFER_SAMPLE|round=5|sample=21|length=20|leftSentinel=225|rightSentinel=30|hash=2186800957|guards=true|nativeTid=3148
CST 2026-07-17 17:57:03.177  3148  3148 I A02900/R1Api24Probe: E1_BUFFER_SAMPLE|round=5|sample=22|length=21|leftSentinel=226|rightSentinel=29|hash=1973504125|guards=true|nativeTid=3148
CST 2026-07-17 17:57:03.177  3148  3148 I A02900/R1Api24Probe: E1_BUFFER_SAMPLE|round=5|sample=23|length=22|leftSentinel=227|rightSentinel=28|hash=1350111076|guards=true|nativeTid=3148
CST 2026-07-17 17:57:03.177  3148  3148 I A02900/R1Api24Probe: E1_BUFFER_SAMPLE|round=5|sample=24|length=23|leftSentinel=228|rightSentinel=27|hash=2424757226|guards=true|nativeTid=3148
CST 2026-07-17 17:57:03.177  3148  3148 I A02900/R1Api24Probe: E1_BUFFER_SAMPLE|round=5|sample=25|length=24|leftSentinel=229|rightSentinel=26|hash=878982517|guards=true|nativeTid=3148
CST 2026-07-17 17:57:03.177  3148  3148 I A02900/R1Api24Probe: E1_BUFFER_SAMPLE|round=5|sample=26|length=25|leftSentinel=230|rightSentinel=25|hash=4285872713|guards=true|nativeTid=3148
CST 2026-07-17 17:57:03.177  3148  3148 I A02900/R1Api24Probe: E1_BUFFER_SAMPLE|round=5|sample=27|length=26|leftSentinel=231|rightSentinel=24|hash=388562648|guards=true|nativeTid=3148
CST 2026-07-17 17:57:03.177  3148  3148 I A02900/R1Api24Probe: E1_BUFFER_SAMPLE|round=5|sample=28|length=27|leftSentinel=232|rightSentinel=23|hash=3956921530|guards=true|nativeTid=3148
CST 2026-07-17 17:57:03.177  3148  3148 I A02900/R1Api24Probe: E1_BUFFER_SAMPLE|round=5|sample=29|length=28|leftSentinel=233|rightSentinel=22|hash=2364827213|guards=true|nativeTid=3148
CST 2026-07-17 17:57:03.177  3148  3148 I A02900/R1Api24Probe: E1_BUFFER_SAMPLE|round=5|sample=30|length=29|leftSentinel=234|rightSentinel=21|hash=738652165|guards=true|nativeTid=3148
CST 2026-07-17 17:57:03.178   795   795 E C01406/RSScreenManager: IsAllScreensPowerOff: screenPowerStatus_ is empty.
CST 2026-07-17 17:57:03.178  3148  3148 I A02900/R1Api24Probe: E1_BUFFER_SAMPLE|round=5|sample=31|length=30|leftSentinel=235|rightSentinel=20|hash=3678285732|guards=true|nativeTid=3148
CST 2026-07-17 17:57:03.178  3148  3148 I A02900/R1Api24Probe: E1_BUFFER_SAMPLE|round=5|sample=32|length=31|leftSentinel=236|rightSentinel=19|hash=96782714|guards=true|nativeTid=3148
CST 2026-07-17 17:57:03.178  3148  3148 I A02900/R1Api24Probe: E1_BUFFER_SAMPLE|round=5|sample=33|length=32|leftSentinel=237|rightSentinel=18|hash=1720142149|guards=true|nativeTid=3148
CST 2026-07-17 17:57:03.178  3148  3148 I A02900/R1Api24Probe: E1_BUFFER_SAMPLE|round=5|sample=34|length=33|leftSentinel=238|rightSentinel=17|hash=3768807585|guards=true|nativeTid=3148
CST 2026-07-17 17:57:03.178  3148  3148 I A02900/R1Api24Probe: E1_BUFFER_SAMPLE|round=5|sample=35|length=34|leftSentinel=239|rightSentinel=16|hash=2391204424|guards=true|nativeTid=3148
CST 2026-07-17 17:57:03.178  3148  3148 I A02900/R1Api24Probe: E1_BUFFER_SAMPLE|round=5|sample=36|length=35|leftSentinel=240|rightSentinel=15|hash=2402396074|guards=true|nativeTid=3148
CST 2026-07-17 17:57:03.178  3148  3148 I A02900/R1Api24Probe: E1_BUFFER_SAMPLE|round=5|sample=37|length=36|leftSentinel=241|rightSentinel=14|hash=1373962589|guards=true|nativeTid=3148
CST 2026-07-17 17:57:03.178  3148  3148 I A02900/R1Api24Probe: E1_BUFFER_SAMPLE|round=5|sample=38|length=37|leftSentinel=242|rightSentinel=13|hash=2022607053|guards=true|nativeTid=3148
CST 2026-07-17 17:57:03.178  3148  3148 I A02900/R1Api24Probe: E1_BUFFER_SAMPLE|round=5|sample=39|length=38|leftSentinel=243|rightSentinel=12|hash=1623327076|guards=true|nativeTid=3148
CST 2026-07-17 17:57:03.178  3148  3148 I A02900/R1Api24Probe: E1_BUFFER_SAMPLE|round=5|sample=40|length=39|leftSentinel=244|rightSentinel=11|hash=22208138|guards=true|nativeTid=3148
CST 2026-07-17 17:57:03.178  3148  3148 I A02900/R1Api24Probe: E1_BUFFER_SAMPLE|round=5|sample=41|length=40|leftSentinel=245|rightSentinel=10|hash=2590883125|guards=true|nativeTid=3148
CST 2026-07-17 17:57:03.178  3148  3148 I A02900/R1Api24Probe: E1_BUFFER_SAMPLE|round=5|sample=42|length=41|leftSentinel=246|rightSentinel=9|hash=1746919769|guards=true|nativeTid=3148
CST 2026-07-17 17:57:03.178  3148  3148 I A02900/R1Api24Probe: E1_BUFFER_SAMPLE|round=5|sample=43|length=42|leftSentinel=247|rightSentinel=8|hash=1013523608|guards=true|nativeTid=3148
CST 2026-07-17 17:57:03.178  3148  3148 I A02900/R1Api24Probe: E1_BUFFER_SAMPLE|round=5|sample=44|length=43|leftSentinel=248|rightSentinel=7|hash=2170550906|guards=true|nativeTid=3148
CST 2026-07-17 17:57:03.179  3148  3148 I A02900/R1Api24Probe: E1_BUFFER_SAMPLE|round=5|sample=45|length=44|leftSentinel=249|rightSentinel=6|hash=891997933|guards=true|nativeTid=3148
CST 2026-07-17 17:57:03.179  3148  3148 I A02900/R1Api24Probe: E1_BUFFER_SAMPLE|round=5|sample=46|length=45|leftSentinel=250|rightSentinel=5|hash=3753434069|guards=true|nativeTid=3148
CST 2026-07-17 17:57:03.179  3148  3148 I A02900/R1Api24Probe: E1_BUFFER_SAMPLE|round=5|sample=47|length=46|leftSentinel=251|rightSentinel=4|hash=1919635940|guards=true|nativeTid=3148
CST 2026-07-17 17:57:03.179  3148  3148 I A02900/R1Api24Probe: E1_BUFFER_SAMPLE|round=5|sample=48|length=47|leftSentinel=252|rightSentinel=3|hash=901947546|guards=true|nativeTid=3148
CST 2026-07-17 17:57:03.179  3148  3148 I A02900/R1Api24Probe: E1_BUFFER_SAMPLE|round=5|sample=49|length=48|leftSentinel=253|rightSentinel=2|hash=1013473029|guards=true|nativeTid=3148
CST 2026-07-17 17:57:03.179  3148  3148 I A02900/R1Api24Probe: E1_BUFFER_SAMPLE|round=5|sample=50|length=49|leftSentinel=254|rightSentinel=1|hash=1879703441|guards=true|nativeTid=3148
CST 2026-07-17 17:57:03.179  3148  3148 I A02900/R1Api24Probe: E1_BUFFER_SAMPLE|round=5|sample=51|length=50|leftSentinel=255|rightSentinel=0|hash=4115349480|guards=true|nativeTid=3148
CST 2026-07-17 17:57:03.179  3148  3148 I A02900/R1Api24Probe: E1_BUFFER_SAMPLE|round=5|sample=52|length=51|leftSentinel=0|rightSentinel=255|hash=3824840170|guards=true|nativeTid=3148
CST 2026-07-17 17:57:03.179  3148  3148 I A02900/R1Api24Probe: E1_BUFFER_SAMPLE|round=5|sample=53|length=52|leftSentinel=1|rightSentinel=254|hash=1792017213|guards=true|nativeTid=3148
CST 2026-07-17 17:57:03.179  3148  3148 I A02900/R1Api24Probe: E1_BUFFER_SAMPLE|round=5|sample=54|length=53|leftSentinel=2|rightSentinel=253|hash=1391643357|guards=true|nativeTid=3148
CST 2026-07-17 17:57:03.179  3148  3148 I A02900/R1Api24Probe: E1_BUFFER_SAMPLE|round=5|sample=55|length=54|leftSentinel=3|rightSentinel=252|hash=3063867236|guards=true|nativeTid=3148
CST 2026-07-17 17:57:03.180  3148  3148 I A02900/R1Api24Probe: E1_BUFFER_SAMPLE|round=5|sample=56|length=55|leftSentinel=4|rightSentinel=251|hash=1143930922|guards=true|nativeTid=3148
CST 2026-07-17 17:57:03.180  3148  3148 I A02900/R1Api24Probe: E1_BUFFER_SAMPLE|round=5|sample=57|length=56|leftSentinel=5|rightSentinel=250|hash=1683056885|guards=true|nativeTid=3148
CST 2026-07-17 17:57:03.180  3148  3148 I A02900/R1Api24Probe: E1_BUFFER_SAMPLE|round=5|sample=58|length=57|leftSentinel=6|rightSentinel=249|hash=4244909801|guards=true|nativeTid=3148
CST 2026-07-17 17:57:03.180  3148  3148 I A02900/R1Api24Probe: E1_BUFFER_SAMPLE|round=5|sample=59|length=58|leftSentinel=7|rightSentinel=248|hash=204505752|guards=true|nativeTid=3148
CST 2026-07-17 17:57:03.180  3148  3148 I A02900/R1Api24Probe: E1_BUFFER_SAMPLE|round=5|sample=60|length=59|leftSentinel=8|rightSentinel=247|hash=1208404090|guards=true|nativeTid=3148
CST 2026-07-17 17:57:03.180  3148  3148 I A02900/R1Api24Probe: E1_BUFFER_SAMPLE|round=5|sample=61|length=60|leftSentinel=9|rightSentinel=246|hash=1442853645|guards=true|nativeTid=3148
CST 2026-07-17 17:57:03.180  3148  3148 I A02900/R1Api24Probe: E1_BUFFER_SAMPLE|round=5|sample=62|length=61|leftSentinel=10|rightSentinel=245|hash=3237168293|guards=true|nativeTid=3148
CST 2026-07-17 17:57:03.180  3148  3148 I A02900/R1Api24Probe: E1_BUFFER_SAMPLE|round=5|sample=63|length=62|leftSentinel=11|rightSentinel=244|hash=333959588|guards=true|nativeTid=3148
CST 2026-07-17 17:57:03.180  3148  3148 I A02900/R1Api24Probe: E1_BUFFER_SAMPLE|round=5|sample=64|length=63|leftSentinel=12|rightSentinel=243|hash=436744762|guards=true|nativeTid=3148
CST 2026-07-17 17:57:03.180  3148  3148 I A02900/R1Api24Probe: E1_BUFFER_SAMPLE|round=5|sample=65|length=64|leftSentinel=13|rightSentinel=242|hash=1362537157|guards=true|nativeTid=3148
CST 2026-07-17 17:57:03.180  3148  3148 I A02900/R1Api24Probe: E1_BUFFER_SAMPLE|round=5|sample=66|length=65|leftSentinel=14|rightSentinel=241|hash=4132890241|guards=true|nativeTid=3148
CST 2026-07-17 17:57:03.180  3148  3148 I A02900/R1Api24Probe: E1_BUFFER_SAMPLE|round=5|sample=67|length=66|leftSentinel=15|rightSentinel=240|hash=3246178504|guards=true|nativeTid=3148
CST 2026-07-17 17:57:03.180  3148  3148 I A02900/R1Api24Probe: E1_BUFFER_SAMPLE|round=5|sample=68|length=67|leftSentinel=16|rightSentinel=239|hash=2917475178|guards=true|nativeTid=3148
CST 2026-07-17 17:57:03.181  3148  3148 I A02900/R1Api24Probe: E1_BUFFER_SAMPLE|round=5|sample=69|length=68|leftSentinel=17|rightSentinel=238|hash=3487980189|guards=true|nativeTid=3148
CST 2026-07-17 17:57:03.181  3148  3148 I A02900/R1Api24Probe: E1_BUFFER_SAMPLE|round=5|sample=70|length=69|leftSentinel=18|rightSentinel=237|hash=4148581997|guards=true|nativeTid=3148
CST 2026-07-17 17:57:03.181  3148  3148 I A02900/R1Api24Probe: E1_BUFFER_SAMPLE|round=5|sample=71|length=70|leftSentinel=19|rightSentinel=236|hash=1284800036|guards=true|nativeTid=3148
CST 2026-07-17 17:57:03.181  3148  3148 I A02900/R1Api24Probe: E1_BUFFER_SAMPLE|round=5|sample=72|length=71|leftSentinel=20|rightSentinel=235|hash=1065966922|guards=true|nativeTid=3148
CST 2026-07-17 17:57:03.181  3148  3148 I A02900/R1Api24Probe: E1_BUFFER_SAMPLE|round=5|sample=73|length=72|leftSentinel=21|rightSentinel=234|hash=2531421237|guards=true|nativeTid=3148
CST 2026-07-17 17:57:03.181  3148  3148 I A02900/R1Api24Probe: E1_BUFFER_SAMPLE|round=5|sample=74|length=73|leftSentinel=22|rightSentinel=233|hash=765682809|guards=true|nativeTid=3148
CST 2026-07-17 17:57:03.181  3148  3148 I A02900/R1Api24Probe: E1_BUFFER_SAMPLE|round=5|sample=75|length=74|leftSentinel=23|rightSentinel=232|hash=1681439576|guards=true|nativeTid=3148
CST 2026-07-17 17:57:03.181  3148  3148 I A02900/R1Api24Probe: E1_BUFFER_SAMPLE|round=5|sample=76|length=75|leftSentinel=24|rightSentinel=231|hash=3342831546|guards=true|nativeTid=3148
CST 2026-07-17 17:57:03.181  3148  3148 I A02900/R1Api24Probe: E1_BUFFER_SAMPLE|round=5|sample=77|length=76|leftSentinel=25|rightSentinel=230|hash=3918800365|guards=true|nativeTid=3148
CST 2026-07-17 17:57:03.181  3148  3148 I A02900/R1Api24Probe: E1_BUFFER_SAMPLE|round=5|sample=78|length=77|leftSentinel=26|rightSentinel=229|hash=147500213|guards=true|nativeTid=3148
CST 2026-07-17 17:57:03.181  3148  3148 I A02900/R1Api24Probe: E1_BUFFER_SAMPLE|round=5|sample=79|length=78|leftSentinel=27|rightSentinel=228|hash=2020200868|guards=true|nativeTid=3148
CST 2026-07-17 17:57:03.181  3148  3148 I A02900/R1Api24Probe: E1_BUFFER_SAMPLE|round=5|sample=80|length=79|leftSentinel=28|rightSentinel=227|hash=1264938714|guards=true|nativeTid=3148
CST 2026-07-17 17:57:03.181  3148  3148 I A02900/R1Api24Probe: E1_BUFFER_SAMPLE|round=5|sample=81|length=80|leftSentinel=29|rightSentinel=226|hash=162277509|guards=true|nativeTid=3148
CST 2026-07-17 17:57:03.181  3148  3148 I A02900/R1Api24Probe: E1_BUFFER_SAMPLE|round=5|sample=82|length=81|leftSentinel=30|rightSentinel=225|hash=2607546673|guards=true|nativeTid=3148
CST 2026-07-17 17:57:03.182  3148  3148 I A02900/R1Api24Probe: E1_BUFFER_SAMPLE|round=5|sample=83|length=82|leftSentinel=31|rightSentinel=224|hash=1387379368|guards=true|nativeTid=3148
CST 2026-07-17 17:57:03.182  3148  3148 I A02900/R1Api24Probe: E1_BUFFER_SAMPLE|round=5|sample=84|length=83|leftSentinel=32|rightSentinel=223|hash=4067550634|guards=true|nativeTid=3148
CST 2026-07-17 17:57:03.182  3148  3148 I A02900/R1Api24Probe: E1_BUFFER_SAMPLE|round=5|sample=85|length=84|leftSentinel=33|rightSentinel=222|hash=2948112957|guards=true|nativeTid=3148
CST 2026-07-17 17:57:03.182  3148  3148 I A02900/R1Api24Probe: E1_BUFFER_SAMPLE|round=5|sample=86|length=85|leftSentinel=34|rightSentinel=221|hash=144610749|guards=true|nativeTid=3148
CST 2026-07-17 17:57:03.182  3148  3148 I A02900/R1Api24Probe: E1_BUFFER_SAMPLE|round=5|sample=87|length=86|leftSentinel=35|rightSentinel=220|hash=3507420516|guards=true|nativeTid=3148
CST 2026-07-17 17:57:03.182  3148  3148 I A02900/R1Api24Probe: E1_BUFFER_SAMPLE|round=5|sample=88|length=87|leftSentinel=36|rightSentinel=219|hash=3329105258|guards=true|nativeTid=3148
CST 2026-07-17 17:57:03.182  3148  3148 I A02900/R1Api24Probe: E1_BUFFER_SAMPLE|round=5|sample=89|length=88|leftSentinel=37|rightSentinel=218|hash=2774155509|guards=true|nativeTid=3148
CST 2026-07-17 17:57:03.182  3148  3148 I A02900/R1Api24Probe: E1_BUFFER_SAMPLE|round=5|sample=90|length=89|leftSentinel=38|rightSentinel=217|hash=3582318345|guards=true|nativeTid=3148
CST 2026-07-17 17:57:03.182  3148  3148 I A02900/R1Api24Probe: E1_BUFFER_SAMPLE|round=5|sample=91|length=90|leftSentinel=39|rightSentinel=216|hash=716289368|guards=true|nativeTid=3148
CST 2026-07-17 17:57:03.182  3148  3148 I A02900/R1Api24Probe: E1_BUFFER_SAMPLE|round=5|sample=92|length=91|leftSentinel=40|rightSentinel=215|hash=1135696442|guards=true|nativeTid=3148
CST 2026-07-17 17:57:03.182  3148  3148 I A02900/R1Api24Probe: E1_BUFFER_SAMPLE|round=5|sample=93|length=92|leftSentinel=41|rightSentinel=214|hash=461566157|guards=true|nativeTid=3148
CST 2026-07-17 17:57:03.182  3148  3148 I A02900/R1Api24Probe: E1_BUFFER_SAMPLE|round=5|sample=94|length=93|leftSentinel=42|rightSentinel=213|hash=4102373189|guards=true|nativeTid=3148
CST 2026-07-17 17:57:03.183  3148  3148 I A02900/R1Api24Probe: E1_BUFFER_SAMPLE|round=5|sample=95|length=94|leftSentinel=43|rightSentinel=212|hash=3662625700|guards=true|nativeTid=3148
CST 2026-07-17 17:57:03.183  3148  3148 I A02900/R1Api24Probe: E1_BUFFER_SAMPLE|round=5|sample=96|length=95|leftSentinel=44|rightSentinel=211|hash=2296649466|guards=true|nativeTid=3148
CST 2026-07-17 17:57:03.183  3148  3148 I A02900/R1Api24Probe: E1_BUFFER_SAMPLE|round=5|sample=97|length=96|leftSentinel=45|rightSentinel=210|hash=2255453125|guards=true|nativeTid=3148
CST 2026-07-17 17:57:03.183  3148  3148 I A02900/R1Api24Probe: E1_BUFFER_SAMPLE|round=5|sample=98|length=97|leftSentinel=46|rightSentinel=209|hash=2127086049|guards=true|nativeTid=3148
CST 2026-07-17 17:57:03.183  3148  3148 I A02900/R1Api24Probe: E1_BUFFER_SAMPLE|round=5|sample=99|length=98|leftSentinel=47|rightSentinel=208|hash=1280083144|guards=true|nativeTid=3148
CST 2026-07-17 17:57:03.183  3148  3148 I A02900/R1Api24Probe: E1_BUFFER_SAMPLE|round=5|sample=100|length=99|leftSentinel=48|rightSentinel=207|hash=350377770|guards=true|nativeTid=3148
CST 2026-07-17 17:57:03.183  3148  3148 I A02900/R1Api24Probe: E1_FD_CREATED|fdA=37|fdB=38|creatorTid=3148|owner=ArkTS
CST 2026-07-17 17:57:03.183  3148  3148 I A02900/R1Api24Probe: E1_FD_RESULT|round=5|fdA=37|fdB=38|duplicateFd=39|written=23|read=23|payload=fd-round-05-sentinel-b9|payloadHash=2416054757|closeA=0|closeDuplicate=0|closeB=0|duplicateCloseA=-1|errnoA=9|duplicateCloseB=-1|errnoB=9|owner=closed-by-native|nativeTid=3148
CST 2026-07-17 17:57:03.183   644   650 I C02515/DISP: [InitBufferHandle:229] express init gbuffer id 28a0000003b ret 0 err 0 fd 8 41 41 pixel 4 size 6724 usage 2b
CST 2026-07-17 17:57:03.183  3148  3306 I A02900/R1Api24Probe: E1_PTHREAD_START|round=5|producerTid=3306
CST 2026-07-17 17:57:03.184   644   650 I C02515/DISP: [ExpressAllocMem:271] ExpressAllocMem requeset BufferHandle 8, width 41, heigt 41, format 20
CST 2026-07-17 17:57:03.184  3148  3148 I A02900/R1Api24Probe: E1_CALLBACK_SAMPLE|round=5|sequence=1|producerTid=3306|consumerTid=3148|payload=r05-s001-x74|hash=2246757323|valid=true
CST 2026-07-17 17:57:03.184  3148  3148 I A02900/R1Api24Probe: E1_CALLBACK_SAMPLE|round=5|sequence=2|producerTid=3306|consumerTid=3148|payload=r05-s002-x93|hash=423687097|valid=true
CST 2026-07-17 17:57:03.184  3148  3148 I A02900/R1Api24Probe: E1_CALLBACK_SAMPLE|round=5|sequence=3|producerTid=3306|consumerTid=3148|payload=r05-s003-xb2|hash=3586062838|valid=true
CST 2026-07-17 17:57:03.184  3148  3306 I A02900/R1Api24Probe: E1_PTHREAD_FINISH|round=5|producerTid=3306|queued=100|status=0
CST 2026-07-17 17:57:03.184  3148  3148 I A02900/R1Api24Probe: E1_CALLBACK_SAMPLE|round=5|sequence=4|producerTid=3306|consumerTid=3148|payload=r05-s004-xd1|hash=878994556|valid=true
CST 2026-07-17 17:57:03.184  3148  3148 I A02900/R1Api24Probe: E1_CALLBACK_SAMPLE|round=5|sequence=5|producerTid=3306|consumerTid=3148|payload=r05-s005-xf0|hash=2738443810|valid=true
CST 2026-07-17 17:57:03.184  3148  3148 I A02900/R1Api24Probe: E1_CALLBACK_SAMPLE|round=5|sequence=6|producerTid=3306|consumerTid=3148|payload=r05-s006-x0f|hash=2769909115|valid=true
CST 2026-07-17 17:57:03.184  3148  3148 I A02900/R1Api24Probe: E1_CALLBACK_SAMPLE|round=5|sequence=7|producerTid=3306|consumerTid=3148|payload=r05-s007-x2e|hash=3370643795|valid=true
CST 2026-07-17 17:57:03.185  3148  3148 I A02900/R1Api24Probe: E1_CALLBACK_SAMPLE|round=5|sequence=8|producerTid=3306|consumerTid=3148|payload=r05-s008-x4d|hash=135719359|valid=true
CST 2026-07-17 17:57:03.185  3148  3148 I A02900/R1Api24Probe: E1_CALLBACK_SAMPLE|round=5|sequence=9|producerTid=3306|consumerTid=3148|payload=r05-s009-x6c|hash=211895027|valid=true
CST 2026-07-17 17:57:03.185  3148  3148 I A02900/R1Api24Probe: E1_CALLBACK_SAMPLE|round=5|sequence=10|producerTid=3306|consumerTid=3148|payload=r05-s010-x8b|hash=2931519112|valid=true
CST 2026-07-17 17:57:03.185  3148  3148 I A02900/R1Api24Probe: E1_CALLBACK_SAMPLE|round=5|sequence=11|producerTid=3306|consumerTid=3148|payload=r05-s011-xaa|hash=921880079|valid=true
CST 2026-07-17 17:57:03.185  3148  3148 I A02900/R1Api24Probe: E1_CALLBACK_SAMPLE|round=5|sequence=12|producerTid=3306|consumerTid=3148|payload=r05-s012-xc9|hash=1231884140|valid=true
CST 2026-07-17 17:57:03.185  3148  3148 I A02900/R1Api24Probe: E1_CALLBACK_SAMPLE|round=5|sequence=13|producerTid=3306|consumerTid=3148|payload=r05-s013-xe8|hash=3965404470|valid=true
CST 2026-07-17 17:57:03.185  3148  3148 I A02900/R1Api24Probe: E1_CALLBACK_SAMPLE|round=5|sequence=14|producerTid=3306|consumerTid=3148|payload=r05-s014-x07|hash=2318829531|valid=true
CST 2026-07-17 17:57:03.185  3148  3148 I A02900/R1Api24Probe: E1_CALLBACK_SAMPLE|round=5|sequence=15|producerTid=3306|consumerTid=3148|payload=r05-s015-x26|hash=3455511133|valid=true
CST 2026-07-17 17:57:03.185  3148  3148 I A02900/R1Api24Probe: E1_CALLBACK_SAMPLE|round=5|sequence=16|producerTid=3306|consumerTid=3148|payload=r05-s016-x45|hash=2783415851|valid=true
CST 2026-07-17 17:57:03.185  3148  3148 I A02900/R1Api24Probe: E1_CALLBACK_SAMPLE|round=5|sequence=17|producerTid=3306|consumerTid=3148|payload=r05-s017-x64|hash=3132749085|valid=true
CST 2026-07-17 17:57:03.185  3148  3148 I A02900/R1Api24Probe: E1_CALLBACK_SAMPLE|round=5|sequence=18|producerTid=3306|consumerTid=3148|payload=r05-s018-x83|hash=3850442291|valid=true
CST 2026-07-17 17:57:03.185  3148  3148 I A02900/R1Api24Probe: E1_CALLBACK_SAMPLE|round=5|sequence=19|producerTid=3306|consumerTid=3148|payload=r05-s019-xa2|hash=275077994|valid=true
CST 2026-07-17 17:57:03.185  3148  3148 I A02900/R1Api24Probe: E1_CALLBACK_SAMPLE|round=5|sequence=20|producerTid=3306|consumerTid=3148|payload=r05-s020-xc1|hash=166859721|valid=true
CST 2026-07-17 17:57:03.185  3148  3148 I A02900/R1Api24Probe: E1_CALLBACK_SAMPLE|round=5|sequence=21|producerTid=3306|consumerTid=3148|payload=r05-s021-xe0|hash=4091223299|valid=true
CST 2026-07-17 17:57:03.185  3148  3148 I A02900/R1Api24Probe: E1_CALLBACK_SAMPLE|round=5|sequence=22|producerTid=3306|consumerTid=3148|payload=r05-s022-xff|hash=1867630139|valid=true
CST 2026-07-17 17:57:03.185  3148  3148 I A02900/R1Api24Probe: E1_CALLBACK_SAMPLE|round=5|sequence=23|producerTid=3306|consumerTid=3148|payload=r05-s023-x1e|hash=2840895998|valid=true
CST 2026-07-17 17:57:03.185  3148  3148 I A02900/R1Api24Probe: E1_CALLBACK_SAMPLE|round=5|sequence=24|producerTid=3306|consumerTid=3148|payload=r05-s024-x3d|hash=1019652766|valid=true
CST 2026-07-17 17:57:03.185  3148  3148 I A02900/R1Api24Probe: E1_CALLBACK_SAMPLE|round=5|sequence=25|producerTid=3306|consumerTid=3148|payload=r05-s025-x5c|hash=2361821634|valid=true
CST 2026-07-17 17:57:03.185  3148  3148 I A02900/R1Api24Probe: E1_CALLBACK_SAMPLE|round=5|sequence=26|producerTid=3306|consumerTid=3148|payload=r05-s026-x7b|hash=33220662|valid=true
CST 2026-07-17 17:57:03.186  3148  3148 I A02900/R1Api24Probe: E1_CALLBACK_SAMPLE|round=5|sequence=27|producerTid=3306|consumerTid=3148|payload=r05-s027-x9a|hash=219516950|valid=true
CST 2026-07-17 17:57:03.186  3148  3148 I A02900/R1Api24Probe: E1_CALLBACK_SAMPLE|round=5|sequence=28|producerTid=3306|consumerTid=3148|payload=r05-s028-xb9|hash=2571719740|valid=true
CST 2026-07-17 17:57:03.186  3148  3148 I A02900/R1Api24Probe: E1_CALLBACK_SAMPLE|round=5|sequence=29|producerTid=3306|consumerTid=3148|payload=r05-s029-xd8|hash=1872493626|valid=true
CST 2026-07-17 17:57:03.186  3148  3148 I A02900/R1Api24Probe: E1_CALLBACK_SAMPLE|round=5|sequence=30|producerTid=3306|consumerTid=3148|payload=r05-s030-xf7|hash=1977380467|valid=true
CST 2026-07-17 17:57:03.186  3148  3148 I A02900/R1Api24Probe: E1_CALLBACK_SAMPLE|round=5|sequence=31|producerTid=3306|consumerTid=3148|payload=r05-s031-x16|hash=2688846544|valid=true
CST 2026-07-17 17:57:03.186  3148  3148 I A02900/R1Api24Probe: E1_CALLBACK_SAMPLE|round=5|sequence=32|producerTid=3306|consumerTid=3148|payload=r05-s032-x35|hash=2348040502|valid=true
CST 2026-07-17 17:57:03.186  3148  3148 I A02900/R1Api24Probe: E1_CALLBACK_SAMPLE|round=5|sequence=33|producerTid=3306|consumerTid=3148|payload=r05-s033-x54|hash=2980903148|valid=true
CST 2026-07-17 17:57:03.186  3148  3148 I A02900/R1Api24Probe: E1_CALLBACK_SAMPLE|round=5|sequence=34|producerTid=3306|consumerTid=3148|payload=r05-s034-x73|hash=2072704762|valid=true
CST 2026-07-17 17:57:03.186  3148  3148 I A02900/R1Api24Probe: E1_CALLBACK_SAMPLE|round=5|sequence=35|producerTid=3306|consumerTid=3148|payload=r05-s035-x92|hash=1791652072|valid=true
CST 2026-07-17 17:57:03.186  3148  3148 I A02900/R1Api24Probe: E1_CALLBACK_SAMPLE|round=5|sequence=36|producerTid=3306|consumerTid=3148|payload=r05-s036-xb1|hash=1127455507|valid=true
CST 2026-07-17 17:57:03.186  3148  3148 I A02900/R1Api24Probe: E1_CALLBACK_SAMPLE|round=5|sequence=37|producerTid=3306|consumerTid=3148|payload=r05-s037-xd0|hash=2889931125|valid=true
CST 2026-07-17 17:57:03.186  3148  3148 I A02900/R1Api24Probe: E1_CALLBACK_SAMPLE|round=5|sequence=38|producerTid=3306|consumerTid=3148|payload=r05-s038-xef|hash=1097379943|valid=true
CST 2026-07-17 17:57:03.186  3148  3148 I A02900/R1Api24Probe: E1_CALLBACK_SAMPLE|round=5|sequence=39|producerTid=3306|consumerTid=3148|payload=r05-s039-x0e|hash=1875353724|valid=true
CST 2026-07-17 17:57:03.186  3148  3148 I A02900/R1Api24Probe: E1_CALLBACK_SAMPLE|round=5|sequence=40|producerTid=3306|consumerTid=3148|payload=r05-s040-x2d|hash=3599202517|valid=true
CST 2026-07-17 17:57:03.186  3148  3148 I A02900/R1Api24Probe: E1_CALLBACK_SAMPLE|round=5|sequence=41|producerTid=3306|consumerTid=3148|payload=r05-s041-x4c|hash=130024249|valid=true
CST 2026-07-17 17:57:03.187  3148  3148 I A02900/R1Api24Probe: E1_CALLBACK_SAMPLE|round=5|sequence=42|producerTid=3306|consumerTid=3148|payload=r05-s042-x6b|hash=3185129809|valid=true
CST 2026-07-17 17:57:03.187  3148  3148 I A02900/R1Api24Probe: E1_CALLBACK_SAMPLE|round=5|sequence=43|producerTid=3306|consumerTid=3148|payload=r05-s043-x8a|hash=492062905|valid=true
CST 2026-07-17 17:57:03.187  3148  3148 I A02900/R1Api24Probe: E1_CALLBACK_SAMPLE|round=5|sequence=44|producerTid=3306|consumerTid=3148|payload=r05-s044-xa9|hash=1220672737|valid=true
CST 2026-07-17 17:57:03.187  3148  3148 I A02900/R1Api24Probe: E1_CALLBACK_SAMPLE|round=5|sequence=45|producerTid=3306|consumerTid=3148|payload=r05-s045-xc8|hash=924697355|valid=true
CST 2026-07-17 17:57:03.187  3148  3148 I A02900/R1Api24Probe: E1_CALLBACK_SAMPLE|round=5|sequence=46|producerTid=3306|consumerTid=3148|payload=r05-s046-xe7|hash=1923146809|valid=true
CST 2026-07-17 17:57:03.187  3148  3148 I A02900/R1Api24Probe: E1_CALLBACK_SAMPLE|round=5|sequence=47|producerTid=3306|consumerTid=3148|payload=r05-s047-x06|hash=741495120|valid=true
CST 2026-07-17 17:57:03.187  3148  3148 I A02900/R1Api24Probe: E1_CALLBACK_SAMPLE|round=5|sequence=48|producerTid=3306|consumerTid=3148|payload=r05-s048-x25|hash=2145955386|valid=true
CST 2026-07-17 17:57:03.187  3148  3148 I A02900/R1Api24Probe: E1_CALLBACK_SAMPLE|round=5|sequence=49|producerTid=3306|consumerTid=3148|payload=r05-s049-x44|hash=1344413892|valid=true
CST 2026-07-17 17:57:03.187  3148  3148 I A02900/R1Api24Probe: E1_CALLBACK_SAMPLE|round=5|sequence=50|producerTid=3306|consumerTid=3148|payload=r05-s050-x63|hash=1372848317|valid=true
CST 2026-07-17 17:57:03.187  3148  3148 I A02900/R1Api24Probe: E1_CALLBACK_SAMPLE|round=5|sequence=51|producerTid=3306|consumerTid=3148|payload=r05-s051-x82|hash=2110118467|valid=true
CST 2026-07-17 17:57:03.187  3148  3148 I A02900/R1Api24Probe: E1_CALLBACK_SAMPLE|round=5|sequence=52|producerTid=3306|consumerTid=3148|payload=r05-s052-xa1|hash=1372017342|valid=true
CST 2026-07-17 17:57:03.187  3148  3148 I A02900/R1Api24Probe: E1_CALLBACK_SAMPLE|round=5|sequence=53|producerTid=3306|consumerTid=3148|payload=r05-s053-xc0|hash=1280575508|valid=true
CST 2026-07-17 17:57:03.187  3148  3148 I A02900/R1Api24Probe: E1_CALLBACK_SAMPLE|round=5|sequence=54|producerTid=3306|consumerTid=3148|payload=r05-s054-xdf|hash=1022222584|valid=true
CST 2026-07-17 17:57:03.187  3148  3148 I A02900/R1Api24Probe: E1_CALLBACK_SAMPLE|round=5|sequence=55|producerTid=3306|consumerTid=3148|payload=r05-s055-xfe|hash=3472853700|valid=true
CST 2026-07-17 17:57:03.187  3148  3148 I A02900/R1Api24Probe: E1_CALLBACK_SAMPLE|round=5|sequence=56|producerTid=3306|consumerTid=3148|payload=r05-s056-x1d|hash=795477137|valid=true
CST 2026-07-17 17:57:03.187  3148  3148 I A02900/R1Api24Probe: E1_CALLBACK_SAMPLE|round=5|sequence=57|producerTid=3306|consumerTid=3148|payload=r05-s057-x3c|hash=3760237929|valid=true
CST 2026-07-17 17:57:03.187  3148  3148 I A02900/R1Api24Probe: E1_CALLBACK_SAMPLE|round=5|sequence=58|producerTid=3306|consumerTid=3148|payload=r05-s058-x5b|hash=1411188221|valid=true
CST 2026-07-17 17:57:03.187  3148  3148 I A02900/R1Api24Probe: E1_CALLBACK_SAMPLE|round=5|sequence=59|producerTid=3306|consumerTid=3148|payload=r05-s059-x7a|hash=958718825|valid=true
CST 2026-07-17 17:57:03.187  3148  3148 I A02900/R1Api24Probe: E1_CALLBACK_SAMPLE|round=5|sequence=60|producerTid=3306|consumerTid=3148|payload=r05-s060-x99|hash=3483414499|valid=true
CST 2026-07-17 17:57:03.187  3148  3148 I A02900/R1Api24Probe: E1_CALLBACK_SAMPLE|round=5|sequence=61|producerTid=3306|consumerTid=3148|payload=r05-s061-xb8|hash=2311119664|valid=true
CST 2026-07-17 17:57:03.188  3148  3148 I A02900/R1Api24Probe: E1_CALLBACK_SAMPLE|round=5|sequence=62|producerTid=3306|consumerTid=3148|payload=r05-s062-xd7|hash=2666666626|valid=true
CST 2026-07-17 17:57:03.188  3148  3148 I A02900/R1Api24Probe: E1_CALLBACK_SAMPLE|round=5|sequence=63|producerTid=3306|consumerTid=3148|payload=r05-s063-xf6|hash=676348316|valid=true
CST 2026-07-17 17:57:03.188  3148  3148 I A02900/R1Api24Probe: E1_CALLBACK_SAMPLE|round=5|sequence=64|producerTid=3306|consumerTid=3148|payload=r05-s064-x15|hash=1946607059|valid=true
CST 2026-07-17 17:57:03.188  3148  3148 I A02900/R1Api24Probe: E1_CALLBACK_SAMPLE|round=5|sequence=65|producerTid=3306|consumerTid=3148|payload=r05-s065-x34|hash=1974134865|valid=true
CST 2026-07-17 17:57:03.188  3148  3148 I A02900/R1Api24Probe: E1_CALLBACK_SAMPLE|round=5|sequence=66|producerTid=3306|consumerTid=3148|payload=r05-s066-x53|hash=2227047195|valid=true
CST 2026-07-17 17:57:03.188  3148  3148 I A02900/R1Api24Probe: E1_CALLBACK_SAMPLE|round=5|sequence=67|producerTid=3306|consumerTid=3148|payload=r05-s067-x72|hash=3033702073|valid=true
CST 2026-07-17 17:57:03.188  3148  3148 I A02900/R1Api24Probe: E1_CALLBACK_SAMPLE|round=5|sequence=68|producerTid=3306|consumerTid=3148|payload=r05-s068-x91|hash=1967737699|valid=true
CST 2026-07-17 17:57:03.188  3148  3148 I A02900/R1Api24Probe: E1_CALLBACK_SAMPLE|round=5|sequence=69|producerTid=3306|consumerTid=3148|payload=r05-s069-xb0|hash=2589938112|valid=true
CST 2026-07-17 17:57:03.188  3148  3148 I A02900/R1Api24Probe: E1_CALLBACK_SAMPLE|round=5|sequence=70|producerTid=3306|consumerTid=3148|payload=r05-s070-xcf|hash=843844397|valid=true
CST 2026-07-17 17:57:03.188  3148  3148 I A02900/R1Api24Probe: E1_CALLBACK_SAMPLE|round=5|sequence=71|producerTid=3306|consumerTid=3148|payload=r05-s071-xee|hash=309950209|valid=true
CST 2026-07-17 17:57:03.188  3148  3148 I A02900/R1Api24Probe: E1_CALLBACK_SAMPLE|round=5|sequence=72|producerTid=3306|consumerTid=3148|payload=r05-s072-x0d|hash=4096150686|valid=true
CST 2026-07-17 17:57:03.188  3148  3148 I A02900/R1Api24Probe: E1_CALLBACK_SAMPLE|round=5|sequence=73|producerTid=3306|consumerTid=3148|payload=r05-s073-x2c|hash=3521618318|valid=true
CST 2026-07-17 17:57:03.188  3148  3148 I A02900/R1Api24Probe: E1_CALLBACK_SAMPLE|round=5|sequence=74|producerTid=3306|consumerTid=3148|payload=r05-s074-x4b|hash=481589182|valid=true
CST 2026-07-17 17:57:03.188  3148  3148 I A02900/R1Api24Probe: E1_CALLBACK_SAMPLE|round=5|sequence=75|producerTid=3306|consumerTid=3148|payload=r05-s075-x6a|hash=1089451538|valid=true
CST 2026-07-17 17:57:03.188  3148  3148 I A02900/R1Api24Probe: E1_CALLBACK_SAMPLE|round=5|sequence=76|producerTid=3306|consumerTid=3148|payload=r05-s076-x89|hash=4183717081|valid=true
CST 2026-07-17 17:57:03.188  3148  3148 I A02900/R1Api24Probe: E1_CALLBACK_SAMPLE|round=5|sequence=77|producerTid=3306|consumerTid=3148|payload=r05-s077-xa8|hash=631646532|valid=true
CST 2026-07-17 17:57:03.188  3148  3148 I A02900/R1Api24Probe: E1_CALLBACK_SAMPLE|round=5|sequence=78|producerTid=3306|consumerTid=3148|payload=r05-s078-xc7|hash=1318446914|valid=true
CST 2026-07-17 17:57:03.188  3148  3148 I A02900/R1Api24Probe: E1_CALLBACK_SAMPLE|round=5|sequence=79|producerTid=3306|consumerTid=3148|payload=r05-s079-xe6|hash=1583660528|valid=true
CST 2026-07-17 17:57:03.188  3148  3148 I A02900/R1Api24Probe: E1_CALLBACK_SAMPLE|round=5|sequence=80|producerTid=3306|consumerTid=3148|payload=r05-s080-x05|hash=1366216952|valid=true
CST 2026-07-17 17:57:03.189  3148  3148 I A02900/R1Api24Probe: E1_CALLBACK_SAMPLE|round=5|sequence=81|producerTid=3306|consumerTid=3148|payload=r05-s081-x24|hash=3023008758|valid=true
CST 2026-07-17 17:57:03.189  3148  3148 I A02900/R1Api24Probe: E1_CALLBACK_SAMPLE|round=5|sequence=82|producerTid=3306|consumerTid=3148|payload=r05-s082-x43|hash=2241159732|valid=true
CST 2026-07-17 17:57:03.189  3148  3148 I A02900/R1Api24Probe: E1_CALLBACK_SAMPLE|round=5|sequence=83|producerTid=3306|consumerTid=3148|payload=r05-s083-x62|hash=2956873794|valid=true
CST 2026-07-17 17:57:03.189  3148  3148 I A02900/R1Api24Probe: E1_CALLBACK_SAMPLE|round=5|sequence=84|producerTid=3306|consumerTid=3148|payload=r05-s084-x81|hash=647960120|valid=true
CST 2026-07-17 17:57:03.189  3148  3148 I A02900/R1Api24Probe: E1_CALLBACK_SAMPLE|round=5|sequence=85|producerTid=3306|consumerTid=3148|payload=r05-s085-xa0|hash=1650282261|valid=true
CST 2026-07-17 17:57:03.189  3148  3148 I A02900/R1Api24Probe: E1_CALLBACK_SAMPLE|round=5|sequence=86|producerTid=3306|consumerTid=3148|payload=r05-s086-xbf|hash=4198751617|valid=true
CST 2026-07-17 17:57:03.189  3148  3148 I A02900/R1Api24Probe: E1_CALLBACK_SAMPLE|round=5|sequence=87|producerTid=3306|consumerTid=3148|payload=r05-s087-xde|hash=1479090217|valid=true
CST 2026-07-17 17:57:03.189   644   650 I C02515/DISP: [ExpressFreeMem:317] freeMem bufferhandle gbuffer_id 28a0000003b, width 41, heigt 41
CST 2026-07-17 17:57:03.189  3148  3148 I A02900/R1Api24Probe: E1_CALLBACK_SAMPLE|round=5|sequence=88|producerTid=3306|consumerTid=3148|payload=r05-s088-xfd|hash=2367516773|valid=true
CST 2026-07-17 17:57:03.189  3148  3148 I A02900/R1Api24Probe: E1_CALLBACK_SAMPLE|round=5|sequence=89|producerTid=3306|consumerTid=3148|payload=r05-s089-x1c|hash=3194368840|valid=true
CST 2026-07-17 17:57:03.189  3148  3148 I A02900/R1Api24Probe: E1_CALLBACK_SAMPLE|round=5|sequence=90|producerTid=3306|consumerTid=3148|payload=r05-s090-x3b|hash=1792347215|valid=true
CST 2026-07-17 17:57:03.189  3148  3148 I A02900/R1Api24Probe: E1_CALLBACK_SAMPLE|round=5|sequence=91|producerTid=3306|consumerTid=3148|payload=r05-s091-x5a|hash=3908497907|valid=true
CST 2026-07-17 17:57:03.189  3148  3148 I A02900/R1Api24Probe: E1_CALLBACK_SAMPLE|round=5|sequence=92|producerTid=3306|consumerTid=3148|payload=r05-s092-x79|hash=468492848|valid=true
CST 2026-07-17 17:57:03.189  3148  3148 I A02900/R1Api24Probe: E1_CALLBACK_SAMPLE|round=5|sequence=93|producerTid=3306|consumerTid=3148|payload=r05-s093-x98|hash=970971330|valid=true
CST 2026-07-17 17:57:03.189  3148  3148 I A02900/R1Api24Probe: E1_CALLBACK_SAMPLE|round=5|sequence=94|producerTid=3306|consumerTid=3148|payload=r05-s094-xb7|hash=1437180117|valid=true
CST 2026-07-17 17:57:03.189  3148  3148 I A02900/R1Api24Probe: E1_CALLBACK_SAMPLE|round=5|sequence=95|producerTid=3306|consumerTid=3148|payload=r05-s095-xd6|hash=2579672979|valid=true
CST 2026-07-17 17:57:03.189  3148  3148 I A02900/R1Api24Probe: E1_CALLBACK_SAMPLE|round=5|sequence=96|producerTid=3306|consumerTid=3148|payload=r05-s096-xf5|hash=2203821597|valid=true
CST 2026-07-17 17:57:03.190  3148  3148 I A02900/R1Api24Probe: E1_CALLBACK_SAMPLE|round=5|sequence=97|producerTid=3306|consumerTid=3148|payload=r05-s097-x14|hash=3936823778|valid=true
CST 2026-07-17 17:57:03.190  3148  3148 I A02900/R1Api24Probe: E1_CALLBACK_SAMPLE|round=5|sequence=98|producerTid=3306|consumerTid=3148|payload=r05-s098-x33|hash=2873366100|valid=true
CST 2026-07-17 17:57:03.190  3148  3148 I A02900/R1Api24Probe: E1_CALLBACK_SAMPLE|round=5|sequence=99|producerTid=3306|consumerTid=3148|payload=r05-s099-x52|hash=2999095326|valid=true
CST 2026-07-17 17:57:03.190  3148  3148 I A02900/R1Api24Probe: E1_CALLBACK_SAMPLE|round=5|sequence=100|producerTid=3306|consumerTid=3148|payload=r05-s100-x71|hash=1617753884|valid=true
CST 2026-07-17 17:57:03.202   644   650 I C02515/DISP: [InitBufferHandle:229] express init gbuffer id 28a0000003c ret 0 err 0 fd 8 222 222 pixel 4 size 197136 usage 2b
CST 2026-07-17 17:57:03.202   644   650 I C02515/DISP: [ExpressAllocMem:271] ExpressAllocMem requeset BufferHandle 8, width 222, heigt 222, format 20
CST 2026-07-17 17:57:03.208   644   650 I C02515/DISP: [ExpressFreeMem:317] freeMem bufferhandle gbuffer_id 28a0000003c, width 222, heigt 222
CST 2026-07-17 17:57:03.209  2255  2277 I C02515/DISP: [ExpressFreeMem:317] freeMem bufferhandle gbuffer_id 28a0000003b, width 41, heigt 41
CST 2026-07-17 17:57:03.228  2255  2277 I C02515/DISP: [ExpressFreeMem:317] freeMem bufferhandle gbuffer_id 28a0000003c, width 222, heigt 222
CST 2026-07-17 17:57:03.242  3148  3148 I A02900/R1Api24Probe: E1_ROUND_RESULT|verdict=PASS|round=5|pid=3148|mainTid=3148|producerTid=3306|consumerTid=3148|buffers=100|callbacks=100|fdTransfers=1|bufferHashAggregate=3976353045|callbackHashAggregate=3347215007|fdPayloadHash=2416054757|beforeFd=38|afterFd=38|beforeThreads=28|afterThreads=28|monotonicIncrease=false
CST 2026-07-17 17:57:03.243   795   886 E C02515/DGLES: [d_eglSwapBuffers_special@egl_gpu.cpp:729] thread output size 546504 speed 499k/s API_num 4306
CST 2026-07-17 17:57:03.243  3148  3148 I A02900/R1Api24Probe: E1_BUFFER_SAMPLE|round=6|sample=1|length=0|leftSentinel=246|rightSentinel=9|hash=2166136261|guards=true|nativeTid=3148
CST 2026-07-17 17:57:03.243  3148  3148 I A02900/R1Api24Probe: E1_BUFFER_SAMPLE|round=6|sample=2|length=1|leftSentinel=247|rightSentinel=8|hash=3188452698|guards=true|nativeTid=3148
CST 2026-07-17 17:57:03.243  3148  3148 I A02900/R1Api24Probe: E1_BUFFER_SAMPLE|round=6|sample=3|length=2|leftSentinel=248|rightSentinel=7|hash=11469480|guards=true|nativeTid=3148
CST 2026-07-17 17:57:03.243  3148  3148 I A02900/R1Api24Probe: E1_BUFFER_SAMPLE|round=6|sample=4|length=3|leftSentinel=249|rightSentinel=6|hash=2657479461|guards=true|nativeTid=3148
CST 2026-07-17 17:57:03.243   648  1084 W C02515/DISP: [SetLayerMaskInfo:495] <private> is not supported
CST 2026-07-17 17:57:03.243  3148  3148 I A02900/R1Api24Probe: E1_BUFFER_SAMPLE|round=6|sample=5|length=4|leftSentinel=250|rightSentinel=5|hash=2497827153|guards=true|nativeTid=3148
CST 2026-07-17 17:57:03.244   648  3105 I C02515/DISP: [CommitComposeLayer:67] CommitComposeLayer! 10
CST 2026-07-17 17:57:03.244   795   795 E C01406/RSScreenManager: IsAllScreensPowerOff: screenPowerStatus_ is empty.
CST 2026-07-17 17:57:03.244  2255  2277 I C03900/HDS: [hds_drawable_descriptor.cpp-ProcessIcon:101]set pixelmap editable : 0 .
CST 2026-07-17 17:57:03.244  3148  3148 I A02900/R1Api24Probe: E1_BUFFER_SAMPLE|round=6|sample=6|length=5|leftSentinel=251|rightSentinel=4|hash=2746811710|guards=true|nativeTid=3148
CST 2026-07-17 17:57:03.244  3148  3148 I A02900/R1Api24Probe: E1_BUFFER_SAMPLE|round=6|sample=7|length=6|leftSentinel=252|rightSentinel=3|hash=3115488984|guards=true|nativeTid=3148
CST 2026-07-17 17:57:03.245  3148  3148 I A02900/R1Api24Probe: E1_BUFFER_SAMPLE|round=6|sample=8|length=7|leftSentinel=253|rightSentinel=2|hash=2775009005|guards=true|nativeTid=3148
CST 2026-07-17 17:57:03.245  2255  2277 E C02b61/PixelMap: set ashmem name failed
CST 2026-07-17 17:57:03.245  3148  3148 I A02900/R1Api24Probe: E1_BUFFER_SAMPLE|round=6|sample=9|length=8|leftSentinel=254|rightSentinel=1|hash=1598160957|guards=true|nativeTid=3148
CST 2026-07-17 17:57:03.245  3148  3148 I A02900/R1Api24Probe: E1_BUFFER_SAMPLE|round=6|sample=10|length=9|leftSentinel=255|rightSentinel=0|hash=3114738378|guards=true|nativeTid=3148
CST 2026-07-17 17:57:03.245  3148  3148 I A02900/R1Api24Probe: E1_BUFFER_SAMPLE|round=6|sample=11|length=10|leftSentinel=0|rightSentinel=255|hash=3994780056|guards=true|nativeTid=3148
CST 2026-07-17 17:57:03.245  3148  3148 I A02900/R1Api24Probe: E1_BUFFER_SAMPLE|round=6|sample=12|length=11|leftSentinel=1|rightSentinel=254|hash=793650485|guards=true|nativeTid=3148
CST 2026-07-17 17:57:03.245  3148  3148 I A02900/R1Api24Probe: E1_BUFFER_SAMPLE|round=6|sample=13|length=12|leftSentinel=2|rightSentinel=253|hash=302786937|guards=true|nativeTid=3148
CST 2026-07-17 17:57:03.245  3148  3148 I A02900/R1Api24Probe: E1_BUFFER_SAMPLE|round=6|sample=14|length=13|leftSentinel=3|rightSentinel=252|hash=2405961822|guards=true|nativeTid=3148
CST 2026-07-17 17:57:03.245  3148  3148 I A02900/R1Api24Probe: E1_BUFFER_SAMPLE|round=6|sample=15|length=14|leftSentinel=4|rightSentinel=251|hash=505802920|guards=true|nativeTid=3148
CST 2026-07-17 17:57:03.245  3148  3148 I A02900/R1Api24Probe: E1_BUFFER_SAMPLE|round=6|sample=16|length=15|leftSentinel=5|rightSentinel=250|hash=3135421661|guards=true|nativeTid=3148
CST 2026-07-17 17:57:03.245  3148  3148 I A02900/R1Api24Probe: E1_BUFFER_SAMPLE|round=6|sample=17|length=16|leftSentinel=6|rightSentinel=249|hash=2883510165|guards=true|nativeTid=3148
CST 2026-07-17 17:57:03.245  3148  3148 I A02900/R1Api24Probe: E1_BUFFER_SAMPLE|round=6|sample=18|length=17|leftSentinel=7|rightSentinel=248|hash=296964666|guards=true|nativeTid=3148
CST 2026-07-17 17:57:03.245  3148  3148 I A02900/R1Api24Probe: E1_BUFFER_SAMPLE|round=6|sample=19|length=18|leftSentinel=8|rightSentinel=247|hash=3952421992|guards=true|nativeTid=3148
CST 2026-07-17 17:57:03.245  2255  2277 W A01b00/SCB: GraphicUtils --> combinePic from HdsIcon, bundleName: com.huawei.hms.floatingnavigation, iconSizeOfGrid: 64, hasBorder: true
CST 2026-07-17 17:57:03.245  3148  3148 I A02900/R1Api24Probe: E1_BUFFER_SAMPLE|round=6|sample=20|length=19|leftSentinel=9|rightSentinel=246|hash=3601626885|guards=true|nativeTid=3148
CST 2026-07-17 17:57:03.245  3148  3148 I A02900/R1Api24Probe: E1_BUFFER_SAMPLE|round=6|sample=21|length=20|leftSentinel=10|rightSentinel=245|hash=2698846689|guards=true|nativeTid=3148
CST 2026-07-17 17:57:03.245  2255  2277 I A01b00/SCB: IconResourceFwk --> getBundleIcon end param: com.huawei.hms.floatingnavigation, 64, true true
CST 2026-07-17 17:57:03.245  3148  3148 I A02900/R1Api24Probe: E1_BUFFER_SAMPLE|round=6|sample=22|length=21|leftSentinel=11|rightSentinel=244|hash=3936230526|guards=true|nativeTid=3148
CST 2026-07-17 17:57:03.245  3148  3148 I A02900/R1Api24Probe: E1_BUFFER_SAMPLE|round=6|sample=23|length=22|leftSentinel=12|rightSentinel=243|hash=3373260792|guards=true|nativeTid=3148
CST 2026-07-17 17:57:03.245  3148  3148 I A02900/R1Api24Probe: E1_BUFFER_SAMPLE|round=6|sample=24|length=23|leftSentinel=13|rightSentinel=242|hash=2389866349|guards=true|nativeTid=3148
CST 2026-07-17 17:57:03.246  3148  3148 I A02900/R1Api24Probe: E1_BUFFER_SAMPLE|round=6|sample=25|length=24|leftSentinel=14|rightSentinel=241|hash=905913197|guards=true|nativeTid=3148
CST 2026-07-17 17:57:03.246  3148  3148 I A02900/R1Api24Probe: E1_BUFFER_SAMPLE|round=6|sample=26|length=25|leftSentinel=15|rightSentinel=240|hash=4163157962|guards=true|nativeTid=3148
CST 2026-07-17 17:57:03.246  3148  3148 I A02900/R1Api24Probe: E1_BUFFER_SAMPLE|round=6|sample=27|length=26|leftSentinel=16|rightSentinel=239|hash=609198488|guards=true|nativeTid=3148
CST 2026-07-17 17:57:03.252  2255  2286 I C02b61/ImageCode: DoEncode:(224, 224) cost 5592 us
CST 2026-07-17 17:57:03.252  3148  3148 I A02900/R1Api24Probe: E1_BUFFER_SAMPLE|round=6|sample=28|length=27|leftSentinel=17|rightSentinel=238|hash=3926029269|guards=true|nativeTid=3148
CST 2026-07-17 17:57:03.252  3148  3148 I A02900/R1Api24Probe: E1_BUFFER_SAMPLE|round=6|sample=29|length=28|leftSentinel=18|rightSentinel=237|hash=2324809929|guards=true|nativeTid=3148
CST 2026-07-17 17:57:03.252  3148  3148 I A02900/R1Api24Probe: E1_BUFFER_SAMPLE|round=6|sample=30|length=29|leftSentinel=19|rightSentinel=236|hash=3266148574|guards=true|nativeTid=3148
CST 2026-07-17 17:57:03.252  3148  3148 I A02900/R1Api24Probe: E1_BUFFER_SAMPLE|round=6|sample=31|length=30|leftSentinel=20|rightSentinel=235|hash=4008149128|guards=true|nativeTid=3148
CST 2026-07-17 17:57:03.253  3148  3148 I A02900/R1Api24Probe: E1_BUFFER_SAMPLE|round=6|sample=32|length=31|leftSentinel=21|rightSentinel=234|hash=4109740765|guards=true|nativeTid=3148
CST 2026-07-17 17:57:03.253  3148  3148 I A02900/R1Api24Probe: E1_BUFFER_SAMPLE|round=6|sample=33|length=32|leftSentinel=22|rightSentinel=233|hash=2136069477|guards=true|nativeTid=3148
CST 2026-07-17 17:57:03.253  3148  3148 I A02900/R1Api24Probe: E1_BUFFER_SAMPLE|round=6|sample=34|length=33|leftSentinel=23|rightSentinel=232|hash=749345690|guards=true|nativeTid=3148
CST 2026-07-17 17:57:03.253  3148  3148 I A02900/R1Api24Probe: E1_BUFFER_SAMPLE|round=6|sample=35|length=34|leftSentinel=24|rightSentinel=231|hash=3743368552|guards=true|nativeTid=3148
CST 2026-07-17 17:57:03.253  3148  3148 I A02900/R1Api24Probe: E1_BUFFER_SAMPLE|round=6|sample=36|length=35|leftSentinel=25|rightSentinel=230|hash=1104953509|guards=true|nativeTid=3148
CST 2026-07-17 17:57:03.253  3148  3148 I A02900/R1Api24Probe: E1_BUFFER_SAMPLE|round=6|sample=37|length=36|leftSentinel=26|rightSentinel=229|hash=425446833|guards=true|nativeTid=3148
CST 2026-07-17 17:57:03.253  3148  3148 I A02900/R1Api24Probe: E1_BUFFER_SAMPLE|round=6|sample=38|length=37|leftSentinel=27|rightSentinel=228|hash=3627806270|guards=true|nativeTid=3148
CST 2026-07-17 17:57:03.253  3148  3148 I A02900/R1Api24Probe: E1_BUFFER_SAMPLE|round=6|sample=39|length=38|leftSentinel=28|rightSentinel=227|hash=1468494360|guards=true|nativeTid=3148
CST 2026-07-17 17:57:03.253  3148  3148 I A02900/R1Api24Probe: E1_BUFFER_SAMPLE|round=6|sample=40|length=39|leftSentinel=29|rightSentinel=226|hash=1710562541|guards=true|nativeTid=3148
CST 2026-07-17 17:57:03.253  3148  3148 I A02900/R1Api24Probe: E1_BUFFER_SAMPLE|round=6|sample=41|length=40|leftSentinel=30|rightSentinel=225|hash=4030618909|guards=true|nativeTid=3148
CST 2026-07-17 17:57:03.254  3148  3148 I A02900/R1Api24Probe: E1_BUFFER_SAMPLE|round=6|sample=42|length=41|leftSentinel=31|rightSentinel=224|hash=1702816778|guards=true|nativeTid=3148
CST 2026-07-17 17:57:03.254  3148  3148 I A02900/R1Api24Probe: E1_BUFFER_SAMPLE|round=6|sample=43|length=42|leftSentinel=32|rightSentinel=223|hash=3030495960|guards=true|nativeTid=3148
CST 2026-07-17 17:57:03.254  2255  2287 I C01631/GaussPD:  [0] [ADAPTER] [139900914473728] Not support binlog_default.writeLock file enable del monitor sysno = 25
CST 2026-07-17 17:57:03.254  3148  3148 I A02900/R1Api24Probe: E1_BUFFER_SAMPLE|round=6|sample=44|length=43|leftSentinel=33|rightSentinel=222|hash=605318517|guards=true|nativeTid=3148
CST 2026-07-17 17:57:03.254  2255  2287 I C01631/GaussPD:  [0] [ADAPTER] [139900914473728] Not support binlog_default.writeLock file enable del monitor sysno = 25
CST 2026-07-17 17:57:03.254  3148  3148 I A02900/R1Api24Probe: E1_BUFFER_SAMPLE|round=6|sample=45|length=44|leftSentinel=34|rightSentinel=221|hash=3923219033|guards=true|nativeTid=3148
CST 2026-07-17 17:57:03.254  2255  2287 I C01631/GaussPD:  [0] [ADAPTER] [139900914473728] Not support binlog_default.writeLock file enable del monitor sysno = 25
CST 2026-07-17 17:57:03.254  3148  3148 I A02900/R1Api24Probe: E1_BUFFER_SAMPLE|round=6|sample=46|length=45|leftSentinel=35|rightSentinel=220|hash=2409108574|guards=true|nativeTid=3148
CST 2026-07-17 17:57:03.254  3148  3148 I A02900/R1Api24Probe: E1_BUFFER_SAMPLE|round=6|sample=47|length=46|leftSentinel=36|rightSentinel=219|hash=582934888|guards=true|nativeTid=3148
CST 2026-07-17 17:57:03.254  2255  2287 I C01631/GaussPD:  [0] [ADAPTER] [139900914473728] Not support binlog_default.writeLock file enable del monitor sysno = 25
CST 2026-07-17 17:57:03.254  3148  3148 I A02900/R1Api24Probe: E1_BUFFER_SAMPLE|round=6|sample=48|length=47|leftSentinel=37|rightSentinel=218|hash=586859613|guards=true|nativeTid=3148
CST 2026-07-17 17:57:03.254  2255  2287 I C01631/GaussPD:  [0] [ADAPTER] [139900914473728] Not support binlog_default.writeIndex file enable del monitor sysno = 25
CST 2026-07-17 17:57:03.254  3148  3148 I A02900/R1Api24Probe: E1_BUFFER_SAMPLE|round=6|sample=49|length=48|leftSentinel=38|rightSentinel=217|hash=3713040885|guards=true|nativeTid=3148
CST 2026-07-17 17:57:03.254  3148  3148 I A02900/R1Api24Probe: E1_BUFFER_SAMPLE|round=6|sample=50|length=49|leftSentinel=39|rightSentinel=216|hash=657548090|guards=true|nativeTid=3148
CST 2026-07-17 17:57:03.254  2255  2287 I C01631/GaussPD:  [0] [ADAPTER] [139900914473728] Not support binlog_default.writeIndex file enable del monitor sysno = 25
CST 2026-07-17 17:57:03.254  3148  3148 I A02900/R1Api24Probe: E1_BUFFER_SAMPLE|round=6|sample=51|length=50|leftSentinel=40|rightSentinel=215|hash=2915524008|guards=true|nativeTid=3148
CST 2026-07-17 17:57:03.255  3148  3148 I A02900/R1Api24Probe: E1_BUFFER_SAMPLE|round=6|sample=52|length=51|leftSentinel=41|rightSentinel=214|hash=921375301|guards=true|nativeTid=3148
CST 2026-07-17 17:57:03.255  2255  2277 I A01a01/NC: NotificationConfigManager: update icon result: com.huawei.hms.floatingnavigation, 47374
CST 2026-07-17 17:57:03.255  3148  3148 I A02900/R1Api24Probe: E1_BUFFER_SAMPLE|round=6|sample=53|length=52|leftSentinel=42|rightSentinel=213|hash=2711479169|guards=true|nativeTid=3148
CST 2026-07-17 17:57:03.255  2255  2277 I A01b00/SCB: IconResourceFwk --> getBundleIcon start param: com.huawei.hmos.fontinstaller, 64, true true
CST 2026-07-17 17:57:03.255  3148  3148 I A02900/R1Api24Probe: E1_BUFFER_SAMPLE|round=6|sample=54|length=53|leftSentinel=43|rightSentinel=212|hash=4100088126|guards=true|nativeTid=3148
CST 2026-07-17 17:57:03.255  2255  2277 W A01b00/SCB: IconResourceUtils --> getIconResource from bms getBundleResourceInfo for com.huawei.hmos.fontinstaller 0
CST 2026-07-17 17:57:03.255  3148  3148 I A02900/R1Api24Probe: E1_BUFFER_SAMPLE|round=6|sample=55|length=54|leftSentinel=44|rightSentinel=211|hash=3910192184|guards=true|nativeTid=3148
CST 2026-07-17 17:57:03.255  3148  3148 I A02900/R1Api24Probe: E1_BUFFER_SAMPLE|round=6|sample=56|length=55|leftSentinel=45|rightSentinel=210|hash=55411693|guards=true|nativeTid=3148
CST 2026-07-17 17:57:03.255  3148  3148 I A02900/R1Api24Probe: E1_BUFFER_SAMPLE|round=6|sample=57|length=56|leftSentinel=46|rightSentinel=209|hash=2774652493|guards=true|nativeTid=3148
CST 2026-07-17 17:57:03.255  3148  3148 I A02900/R1Api24Probe: E1_BUFFER_SAMPLE|round=6|sample=58|length=57|leftSentinel=47|rightSentinel=208|hash=3551430026|guards=true|nativeTid=3148
CST 2026-07-17 17:57:03.255  3148  3148 I A02900/R1Api24Probe: E1_BUFFER_SAMPLE|round=6|sample=59|length=58|leftSentinel=48|rightSentinel=207|hash=1295622872|guards=true|nativeTid=3148
CST 2026-07-17 17:57:03.255  3148  3148 I A02900/R1Api24Probe: E1_BUFFER_SAMPLE|round=6|sample=60|length=59|leftSentinel=49|rightSentinel=206|hash=3248261845|guards=true|nativeTid=3148
CST 2026-07-17 17:57:03.255  3148  3148 I A02900/R1Api24Probe: E1_BUFFER_SAMPLE|round=6|sample=61|length=60|leftSentinel=50|rightSentinel=205|hash=3035498345|guards=true|nativeTid=3148
CST 2026-07-17 17:57:03.256  3148  3148 I A02900/R1Api24Probe: E1_BUFFER_SAMPLE|round=6|sample=62|length=61|leftSentinel=51|rightSentinel=204|hash=741255966|guards=true|nativeTid=3148
CST 2026-07-17 17:57:03.256  3148  3148 I A02900/R1Api24Probe: E1_BUFFER_SAMPLE|round=6|sample=63|length=62|leftSentinel=52|rightSentinel=203|hash=4150907208|guards=true|nativeTid=3148
CST 2026-07-17 17:57:03.256  3148  3148 I A02900/R1Api24Probe: E1_BUFFER_SAMPLE|round=6|sample=64|length=63|leftSentinel=53|rightSentinel=202|hash=3761922653|guards=true|nativeTid=3148
CST 2026-07-17 17:57:03.256  3148  3148 I A02900/R1Api24Probe: E1_BUFFER_SAMPLE|round=6|sample=65|length=64|leftSentinel=54|rightSentinel=201|hash=149701637|guards=true|nativeTid=3148
CST 2026-07-17 17:57:03.256  3148  3148 I A02900/R1Api24Probe: E1_BUFFER_SAMPLE|round=6|sample=66|length=65|leftSentinel=55|rightSentinel=200|hash=1208767834|guards=true|nativeTid=3148
CST 2026-07-17 17:57:03.256  3148  3148 I A02900/R1Api24Probe: E1_BUFFER_SAMPLE|round=6|sample=67|length=66|leftSentinel=56|rightSentinel=199|hash=1930837288|guards=true|nativeTid=3148
CST 2026-07-17 17:57:03.256  3148  3148 I A02900/R1Api24Probe: E1_BUFFER_SAMPLE|round=6|sample=68|length=67|leftSentinel=57|rightSentinel=198|hash=1420097573|guards=true|nativeTid=3148
CST 2026-07-17 17:57:03.256  3148  3148 I A02900/R1Api24Probe: E1_BUFFER_SAMPLE|round=6|sample=69|length=68|leftSentinel=58|rightSentinel=197|hash=570423569|guards=true|nativeTid=3148
CST 2026-07-17 17:57:03.256  3148  3148 I A02900/R1Api24Probe: E1_BUFFER_SAMPLE|round=6|sample=70|length=69|leftSentinel=59|rightSentinel=196|hash=2069190462|guards=true|nativeTid=3148
CST 2026-07-17 17:57:03.256  3148  3148 I A02900/R1Api24Probe: E1_BUFFER_SAMPLE|round=6|sample=71|length=70|leftSentinel=60|rightSentinel=195|hash=2867494232|guards=true|nativeTid=3148
CST 2026-07-17 17:57:03.256   796   962 I C01120/BMS: icon rdb get resource icon start -n com.huawei.hmos.fontinstaller -i 0 -f 16
CST 2026-07-17 17:57:03.256  3148  3148 I A02900/R1Api24Probe: E1_BUFFER_SAMPLE|round=6|sample=72|length=71|leftSentinel=61|rightSentinel=194|hash=229657197|guards=true|nativeTid=3148
CST 2026-07-17 17:57:03.256  3148  3148 I A02900/R1Api24Probe: E1_BUFFER_SAMPLE|round=6|sample=73|length=72|leftSentinel=62|rightSentinel=193|hash=2195839101|guards=true|nativeTid=3148
CST 2026-07-17 17:57:03.256   796   962 E C01650/StepResultSet: GoToRow:position[0] rowCount[0] rowPos_[-1]!
CST 2026-07-17 17:57:03.256  3148  3148 I A02900/R1Api24Probe: E1_BUFFER_SAMPLE|round=6|sample=74|length=73|leftSentinel=63|rightSentinel=192|hash=2071360074|guards=true|nativeTid=3148
CST 2026-07-17 17:57:03.257  3148  3148 I A02900/R1Api24Probe: E1_BUFFER_SAMPLE|round=6|sample=75|length=74|leftSentinel=64|rightSentinel=191|hash=3110976024|guards=true|nativeTid=3148
CST 2026-07-17 17:57:03.257  3148  3148 I A02900/R1Api24Probe: E1_BUFFER_SAMPLE|round=6|sample=76|length=75|leftSentinel=65|rightSentinel=190|hash=2217432757|guards=true|nativeTid=3148
CST 2026-07-17 17:57:03.257  3148  3148 I A02900/R1Api24Probe: E1_BUFFER_SAMPLE|round=6|sample=77|length=76|leftSentinel=66|rightSentinel=189|hash=3884820921|guards=true|nativeTid=3148
CST 2026-07-17 17:57:03.257  3148  3148 I A02900/R1Api24Probe: E1_BUFFER_SAMPLE|round=6|sample=78|length=77|leftSentinel=67|rightSentinel=188|hash=986273118|guards=true|nativeTid=3148
CST 2026-07-17 17:57:03.257  3148  3148 I A02900/R1Api24Probe: E1_BUFFER_SAMPLE|round=6|sample=79|length=78|leftSentinel=68|rightSentinel=187|hash=1797124904|guards=true|nativeTid=3148
CST 2026-07-17 17:57:03.257  3148  3148 I A02900/R1Api24Probe: E1_BUFFER_SAMPLE|round=6|sample=80|length=79|leftSentinel=69|rightSentinel=186|hash=619848285|guards=true|nativeTid=3148
CST 2026-07-17 17:57:03.257  3148  3148 I A02900/R1Api24Probe: E1_BUFFER_SAMPLE|round=6|sample=81|length=80|leftSentinel=70|rightSentinel=185|hash=1422661717|guards=true|nativeTid=3148
CST 2026-07-17 17:57:03.257  3148  3148 I A02900/R1Api24Probe: E1_BUFFER_SAMPLE|round=6|sample=82|length=81|leftSentinel=71|rightSentinel=184|hash=1330237626|guards=true|nativeTid=3148
CST 2026-07-17 17:57:03.257  3148  3148 I A02900/R1Api24Probe: E1_BUFFER_SAMPLE|round=6|sample=83|length=82|leftSentinel=72|rightSentinel=183|hash=2684432616|guards=true|nativeTid=3148
CST 2026-07-17 17:57:03.257  3148  3148 I A02900/R1Api24Probe: E1_BUFFER_SAMPLE|round=6|sample=84|length=83|leftSentinel=73|rightSentinel=182|hash=771360389|guards=true|nativeTid=3148
CST 2026-07-17 17:57:03.257  3148  3148 I A02900/R1Api24Probe: E1_BUFFER_SAMPLE|round=6|sample=85|length=84|leftSentinel=74|rightSentinel=181|hash=4045099425|guards=true|nativeTid=3148
CST 2026-07-17 17:57:03.257  3148  3148 I A02900/R1Api24Probe: E1_BUFFER_SAMPLE|round=6|sample=86|length=85|leftSentinel=75|rightSentinel=180|hash=358736638|guards=true|nativeTid=3148
CST 2026-07-17 17:57:03.258  3148  3148 I A02900/R1Api24Probe: E1_BUFFER_SAMPLE|round=6|sample=87|length=86|leftSentinel=76|rightSentinel=179|hash=2654356984|guards=true|nativeTid=3148
CST 2026-07-17 17:57:03.258  3148  3148 I A02900/R1Api24Probe: E1_BUFFER_SAMPLE|round=6|sample=88|length=87|leftSentinel=77|rightSentinel=178|hash=460121069|guards=true|nativeTid=3148
CST 2026-07-17 17:57:03.258  3148  3148 I A02900/R1Api24Probe: E1_BUFFER_SAMPLE|round=6|sample=89|length=88|leftSentinel=78|rightSentinel=177|hash=3346146861|guards=true|nativeTid=3148
CST 2026-07-17 17:57:03.258  3148  3148 I A02900/R1Api24Probe: E1_BUFFER_SAMPLE|round=6|sample=90|length=89|leftSentinel=79|rightSentinel=176|hash=1630699850|guards=true|nativeTid=3148
CST 2026-07-17 17:57:03.258  3148  3148 I A02900/R1Api24Probe: E1_BUFFER_SAMPLE|round=6|sample=91|length=90|leftSentinel=80|rightSentinel=175|hash=276015000|guards=true|nativeTid=3148
CST 2026-07-17 17:57:03.258  3148  3148 I A02900/R1Api24Probe: E1_BUFFER_SAMPLE|round=6|sample=92|length=91|leftSentinel=81|rightSentinel=174|hash=525157205|guards=true|nativeTid=3148
CST 2026-07-17 17:57:03.258  3148  3148 I A02900/R1Api24Probe: E1_BUFFER_SAMPLE|round=6|sample=93|length=92|leftSentinel=82|rightSentinel=173|hash=3345943817|guards=true|nativeTid=3148
CST 2026-07-17 17:57:03.258  3148  3148 I A02900/R1Api24Probe: E1_BUFFER_SAMPLE|round=6|sample=94|length=93|leftSentinel=83|rightSentinel=172|hash=2090476510|guards=true|nativeTid=3148
CST 2026-07-17 17:57:03.258  3148  3148 I A02900/R1Api24Probe: E1_BUFFER_SAMPLE|round=6|sample=95|length=94|leftSentinel=84|rightSentinel=171|hash=623554696|guards=true|nativeTid=3148
CST 2026-07-17 17:57:03.258  3148  3148 I A02900/R1Api24Probe: E1_BUFFER_SAMPLE|round=6|sample=96|length=95|leftSentinel=85|rightSentinel=170|hash=1433430493|guards=true|nativeTid=3148
CST 2026-07-17 17:57:03.258  3148  3148 I A02900/R1Api24Probe: E1_BUFFER_SAMPLE|round=6|sample=97|length=96|leftSentinel=86|rightSentinel=169|hash=752965925|guards=true|nativeTid=3148
CST 2026-07-17 17:57:03.258  3148  3148 I A02900/R1Api24Probe: E1_BUFFER_SAMPLE|round=6|sample=98|length=97|leftSentinel=87|rightSentinel=168|hash=3101343514|guards=true|nativeTid=3148
CST 2026-07-17 17:57:03.259  3148  3148 I A02900/R1Api24Probe: E1_BUFFER_SAMPLE|round=6|sample=99|length=98|leftSentinel=88|rightSentinel=167|hash=2775801192|guards=true|nativeTid=3148
CST 2026-07-17 17:57:03.259  3148  3148 I A02900/R1Api24Probe: E1_BUFFER_SAMPLE|round=6|sample=100|length=99|leftSentinel=89|rightSentinel=166|hash=2090638501|guards=true|nativeTid=3148
CST 2026-07-17 17:57:03.259  3148  3148 I A02900/R1Api24Probe: E1_FD_CREATED|fdA=37|fdB=38|creatorTid=3148|owner=ArkTS
CST 2026-07-17 17:57:03.259  3148  3148 I A02900/R1Api24Probe: E1_FD_RESULT|round=6|fdA=37|fdB=38|duplicateFd=39|written=23|read=23|payload=fd-round-06-sentinel-de|payloadHash=1414031522|closeA=0|closeDuplicate=0|closeB=0|duplicateCloseA=-1|errnoA=9|duplicateCloseB=-1|errnoB=9|owner=closed-by-native|nativeTid=3148
CST 2026-07-17 17:57:03.259  3148  3307 I A02900/R1Api24Probe: E1_PTHREAD_START|round=6|producerTid=3307
CST 2026-07-17 17:57:03.259  3148  3307 I A02900/R1Api24Probe: E1_PTHREAD_FINISH|round=6|producerTid=3307|queued=100|status=0
CST 2026-07-17 17:57:03.259  3148  3148 I A02900/R1Api24Probe: E1_CALLBACK_SAMPLE|round=6|sequence=1|producerTid=3307|consumerTid=3148|payload=r06-s001-x85|hash=4272862892|valid=true
CST 2026-07-17 17:57:03.259  3148  3148 I A02900/R1Api24Probe: E1_CALLBACK_SAMPLE|round=6|sequence=2|producerTid=3307|consumerTid=3148|payload=r06-s002-xa4|hash=3802428107|valid=true
CST 2026-07-17 17:57:03.259  3148  3148 I A02900/R1Api24Probe: E1_CALLBACK_SAMPLE|round=6|sequence=3|producerTid=3307|consumerTid=3148|payload=r06-s003-xc3|hash=2032772051|valid=true
CST 2026-07-17 17:57:03.259  3148  3148 I A02900/R1Api24Probe: E1_CALLBACK_SAMPLE|round=6|sequence=4|producerTid=3307|consumerTid=3148|payload=r06-s004-xe2|hash=463949599|valid=true
CST 2026-07-17 17:57:03.259  3148  3148 I A02900/R1Api24Probe: E1_CALLBACK_SAMPLE|round=6|sequence=5|producerTid=3307|consumerTid=3148|payload=r06-s005-x01|hash=687683260|valid=true
CST 2026-07-17 17:57:03.259  3148  3148 I A02900/R1Api24Probe: E1_CALLBACK_SAMPLE|round=6|sequence=6|producerTid=3307|consumerTid=3148|payload=r06-s006-x20|hash=2314158448|valid=true
CST 2026-07-17 17:57:03.259  3148  3148 I A02900/R1Api24Probe: E1_CALLBACK_SAMPLE|round=6|sequence=7|producerTid=3307|consumerTid=3148|payload=r06-s007-x3f|hash=882376744|valid=true
CST 2026-07-17 17:57:03.259  3148  3148 I A02900/R1Api24Probe: E1_CALLBACK_SAMPLE|round=6|sequence=8|producerTid=3307|consumerTid=3148|payload=r06-s008-x5e|hash=36888202|valid=true
CST 2026-07-17 17:57:03.259  3148  3148 I A02900/R1Api24Probe: E1_CALLBACK_SAMPLE|round=6|sequence=9|producerTid=3307|consumerTid=3148|payload=r06-s009-x7d|hash=4273118784|valid=true
CST 2026-07-17 17:57:03.260  3148  3148 I A02900/R1Api24Probe: E1_CALLBACK_SAMPLE|round=6|sequence=10|producerTid=3307|consumerTid=3148|payload=r06-s010-x9c|hash=3425169605|valid=true
CST 2026-07-17 17:57:03.260  3148  3148 I A02900/R1Api24Probe: E1_CALLBACK_SAMPLE|round=6|sequence=11|producerTid=3307|consumerTid=3148|payload=r06-s011-xbb|hash=1097786178|valid=true
CST 2026-07-17 17:57:03.260  3148  3148 I A02900/R1Api24Probe: E1_CALLBACK_SAMPLE|round=6|sequence=12|producerTid=3307|consumerTid=3148|payload=r06-s012-xda|hash=3093440780|valid=true
CST 2026-07-17 17:57:03.260  3148  3148 I A02900/R1Api24Probe: E1_CALLBACK_SAMPLE|round=6|sequence=13|producerTid=3307|consumerTid=3148|payload=r06-s013-xf9|hash=3595597|valid=true
CST 2026-07-17 17:57:03.260  3148  3148 I A02900/R1Api24Probe: E1_CALLBACK_SAMPLE|round=6|sequence=14|producerTid=3307|consumerTid=3148|payload=r06-s014-x18|hash=4065510864|valid=true
CST 2026-07-17 17:57:03.260  3148  3148 I A02900/R1Api24Probe: E1_CALLBACK_SAMPLE|round=6|sequence=15|producerTid=3307|consumerTid=3148|payload=r06-s015-x37|hash=776468508|valid=true
CST 2026-07-17 17:57:03.260  3148  3148 I A02900/R1Api24Probe: E1_CALLBACK_SAMPLE|round=6|sequence=16|producerTid=3307|consumerTid=3148|payload=r06-s016-x56|hash=1102068960|valid=true
CST 2026-07-17 17:57:03.260  3148  3148 I A02900/R1Api24Probe: E1_CALLBACK_SAMPLE|round=6|sequence=17|producerTid=3307|consumerTid=3148|payload=r06-s017-x75|hash=3639100216|valid=true
CST 2026-07-17 17:57:03.260  3148  3148 I A02900/R1Api24Probe: E1_CALLBACK_SAMPLE|round=6|sequence=18|producerTid=3307|consumerTid=3148|payload=r06-s018-x94|hash=231450984|valid=true
CST 2026-07-17 17:57:03.260  3148  3148 I A02900/R1Api24Probe: E1_CALLBACK_SAMPLE|round=6|sequence=19|producerTid=3307|consumerTid=3148|payload=r06-s019-xb3|hash=2227925773|valid=true
CST 2026-07-17 17:57:03.260  3148  3148 I A02900/R1Api24Probe: E1_CALLBACK_SAMPLE|round=6|sequence=20|producerTid=3307|consumerTid=3148|payload=r06-s020-xd2|hash=3380095580|valid=true
CST 2026-07-17 17:57:03.260  3148  3148 I A02900/R1Api24Probe: E1_CALLBACK_SAMPLE|round=6|sequence=21|producerTid=3307|consumerTid=3148|payload=r06-s021-xf1|hash=1788955664|valid=true
CST 2026-07-17 17:57:03.260  3148  3148 I A02900/R1Api24Probe: E1_CALLBACK_SAMPLE|round=6|sequence=22|producerTid=3307|consumerTid=3148|payload=r06-s022-x10|hash=3166647381|valid=true
CST 2026-07-17 17:57:03.260  3148  3148 I A02900/R1Api24Probe: E1_CALLBACK_SAMPLE|round=6|sequence=23|producerTid=3307|consumerTid=3148|payload=r06-s023-x2f|hash=3219318119|valid=true
CST 2026-07-17 17:57:03.260  3148  3148 I A02900/R1Api24Probe: E1_CALLBACK_SAMPLE|round=6|sequence=24|producerTid=3307|consumerTid=3148|payload=r06-s024-x4e|hash=1764656877|valid=true
CST 2026-07-17 17:57:03.260  3148  3148 I A02900/R1Api24Probe: E1_CALLBACK_SAMPLE|round=6|sequence=25|producerTid=3307|consumerTid=3148|payload=r06-s025-x6d|hash=4176334355|valid=true
CST 2026-07-17 17:57:03.260  3148  3148 I A02900/R1Api24Probe: E1_CALLBACK_SAMPLE|round=6|sequence=26|producerTid=3307|consumerTid=3148|payload=r06-s026-x8c|hash=1625248913|valid=true
CST 2026-07-17 17:57:03.260  3148  3148 I A02900/R1Api24Probe: E1_CALLBACK_SAMPLE|round=6|sequence=27|producerTid=3307|consumerTid=3148|payload=r06-s027-xab|hash=1065435128|valid=true
CST 2026-07-17 17:57:03.260  3148  3148 I A02900/R1Api24Probe: E1_CALLBACK_SAMPLE|round=6|sequence=28|producerTid=3307|consumerTid=3148|payload=r06-s028-xca|hash=367564786|valid=true
CST 2026-07-17 17:57:03.260  3148  3148 I A02900/R1Api24Probe: E1_CALLBACK_SAMPLE|round=6|sequence=29|producerTid=3307|consumerTid=3148|payload=r06-s029-xe9|hash=185284843|valid=true
CST 2026-07-17 17:57:03.260  3148  3148 I A02900/R1Api24Probe: E1_CALLBACK_SAMPLE|round=6|sequence=30|producerTid=3307|consumerTid=3148|payload=r06-s030-x08|hash=3291540567|valid=true
CST 2026-07-17 17:57:03.261  3148  3148 I A02900/R1Api24Probe: E1_CALLBACK_SAMPLE|round=6|sequence=31|producerTid=3307|consumerTid=3148|payload=r06-s031-x27|hash=3511686283|valid=true
CST 2026-07-17 17:57:03.261  3148  3148 I A02900/R1Api24Probe: E1_CALLBACK_SAMPLE|round=6|sequence=32|producerTid=3307|consumerTid=3148|payload=r06-s032-x46|hash=2129849059|valid=true
CST 2026-07-17 17:57:03.261  3148  3148 I A02900/R1Api24Probe: E1_CALLBACK_SAMPLE|round=6|sequence=33|producerTid=3307|consumerTid=3148|payload=r06-s033-x65|hash=798373771|valid=true
CST 2026-07-17 17:57:03.261  3148  3148 I A02900/R1Api24Probe: E1_CALLBACK_SAMPLE|round=6|sequence=34|producerTid=3307|consumerTid=3148|payload=r06-s034-x84|hash=273402223|valid=true
CST 2026-07-17 17:57:03.261  3148  3148 I A02900/R1Api24Probe: E1_CALLBACK_SAMPLE|round=6|sequence=35|producerTid=3307|consumerTid=3148|payload=r06-s035-xa3|hash=3835870244|valid=true
CST 2026-07-17 17:57:03.261  3148  3148 I A02900/R1Api24Probe: E1_CALLBACK_SAMPLE|round=6|sequence=36|producerTid=3307|consumerTid=3148|payload=r06-s036-xc2|hash=2320734672|valid=true
CST 2026-07-17 17:57:03.261  3148  3148 I A02900/R1Api24Probe: E1_CALLBACK_SAMPLE|round=6|sequence=37|producerTid=3307|consumerTid=3148|payload=r06-s037-xe1|hash=1983686192|valid=true
CST 2026-07-17 17:57:03.261  3148  3148 I A02900/R1Api24Probe: E1_CALLBACK_SAMPLE|round=6|sequence=38|producerTid=3307|consumerTid=3148|payload=r06-s038-x00|hash=3434224935|valid=true
CST 2026-07-17 17:57:03.261  3148  3148 I A02900/R1Api24Probe: E1_CALLBACK_SAMPLE|round=6|sequence=39|producerTid=3307|consumerTid=3148|payload=r06-s039-x1f|hash=3670681343|valid=true
CST 2026-07-17 17:57:03.261  3148  3148 I A02900/R1Api24Probe: E1_CALLBACK_SAMPLE|round=6|sequence=40|producerTid=3307|consumerTid=3148|payload=r06-s040-x3e|hash=3200021220|valid=true
CST 2026-07-17 17:57:03.261  3148  3148 I A02900/R1Api24Probe: E1_CALLBACK_SAMPLE|round=6|sequence=41|producerTid=3307|consumerTid=3148|payload=r06-s041-x5d|hash=3516196574|valid=true
CST 2026-07-17 17:57:03.261  3148  3148 I A02900/R1Api24Probe: E1_CALLBACK_SAMPLE|round=6|sequence=42|producerTid=3307|consumerTid=3148|payload=r06-s042-x7c|hash=2534795020|valid=true
CST 2026-07-17 17:57:03.261  3148  3148 I A02900/R1Api24Probe: E1_CALLBACK_SAMPLE|round=6|sequence=43|producerTid=3307|consumerTid=3148|payload=r06-s043-x9b|hash=2586345742|valid=true
CST 2026-07-17 17:57:03.261  3148  3148 I A02900/R1Api24Probe: E1_CALLBACK_SAMPLE|round=6|sequence=44|producerTid=3307|consumerTid=3148|payload=r06-s044-xba|hash=3842346865|valid=true
CST 2026-07-17 17:57:03.261  3148  3148 I A02900/R1Api24Probe: E1_CALLBACK_SAMPLE|round=6|sequence=45|producerTid=3307|consumerTid=3148|payload=r06-s045-xd9|hash=1958680172|valid=true
CST 2026-07-17 17:57:03.261  3148  3148 I A02900/R1Api24Probe: E1_CALLBACK_SAMPLE|round=6|sequence=46|producerTid=3307|consumerTid=3148|payload=r06-s046-xf8|hash=1017792040|valid=true
CST 2026-07-17 17:57:03.261  3148  3148 I A02900/R1Api24Probe: E1_CALLBACK_SAMPLE|round=6|sequence=47|producerTid=3307|consumerTid=3148|payload=r06-s047-x17|hash=1737420681|valid=true
CST 2026-07-17 17:57:03.261  3148  3148 I A02900/R1Api24Probe: E1_CALLBACK_SAMPLE|round=6|sequence=48|producerTid=3307|consumerTid=3148|payload=r06-s048-x36|hash=423673669|valid=true
CST 2026-07-17 17:57:03.261  3148  3148 I A02900/R1Api24Probe: E1_CALLBACK_SAMPLE|round=6|sequence=49|producerTid=3307|consumerTid=3148|payload=r06-s049-x55|hash=303207929|valid=true
CST 2026-07-17 17:57:03.261  3148  3148 I A02900/R1Api24Probe: E1_CALLBACK_SAMPLE|round=6|sequence=50|producerTid=3307|consumerTid=3148|payload=r06-s050-x74|hash=2938962754|valid=true
CST 2026-07-17 17:57:03.261  3148  3148 I A02900/R1Api24Probe: E1_CALLBACK_SAMPLE|round=6|sequence=51|producerTid=3307|consumerTid=3148|payload=r06-s051-x93|hash=3730819198|valid=true
CST 2026-07-17 17:57:03.262  3148  3148 I A02900/R1Api24Probe: E1_CALLBACK_SAMPLE|round=6|sequence=52|producerTid=3307|consumerTid=3148|payload=r06-s052-xb2|hash=96825263|valid=true
CST 2026-07-17 17:57:03.262  3148  3148 I A02900/R1Api24Probe: E1_CALLBACK_SAMPLE|round=6|sequence=53|producerTid=3307|consumerTid=3148|payload=r06-s053-xd1|hash=2594092663|valid=true
CST 2026-07-17 17:57:03.262  3148  3148 I A02900/R1Api24Probe: E1_CALLBACK_SAMPLE|round=6|sequence=54|producerTid=3307|consumerTid=3148|payload=r06-s054-xf0|hash=3503276787|valid=true
CST 2026-07-17 17:57:03.262  3148  3148 I A02900/R1Api24Probe: E1_CALLBACK_SAMPLE|round=6|sequence=55|producerTid=3307|consumerTid=3148|payload=r06-s055-x0f|hash=2061605500|valid=true
CST 2026-07-17 17:57:03.262  3148  3148 I A02900/R1Api24Probe: E1_CALLBACK_SAMPLE|round=6|sequence=56|producerTid=3307|consumerTid=3148|payload=r06-s056-x2e|hash=65434314|valid=true
CST 2026-07-17 17:57:03.264  3148  3148 I A02900/R1Api24Probe: E1_CALLBACK_SAMPLE|round=6|sequence=57|producerTid=3307|consumerTid=3148|payload=r06-s057-x4d|hash=4095743924|valid=true
CST 2026-07-17 17:57:03.264  3148  3148 I A02900/R1Api24Probe: E1_CALLBACK_SAMPLE|round=6|sequence=58|producerTid=3307|consumerTid=3148|payload=r06-s058-x6c|hash=702497594|valid=true
CST 2026-07-17 17:57:03.264  3148  3148 I A02900/R1Api24Probe: E1_CALLBACK_SAMPLE|round=6|sequence=59|producerTid=3307|consumerTid=3148|payload=r06-s059-x8b|hash=1682122228|valid=true
CST 2026-07-17 17:57:03.264  3148  3148 I A02900/R1Api24Probe: E1_CALLBACK_SAMPLE|round=6|sequence=60|producerTid=3307|consumerTid=3148|payload=r06-s060-xaa|hash=2379766728|valid=true
CST 2026-07-17 17:57:03.264  3148  3148 I A02900/R1Api24Probe: E1_CALLBACK_SAMPLE|round=6|sequence=61|producerTid=3307|consumerTid=3148|payload=r06-s061-xc9|hash=2229500357|valid=true
CST 2026-07-17 17:57:03.264  3148  3148 I A02900/R1Api24Probe: E1_CALLBACK_SAMPLE|round=6|sequence=62|producerTid=3307|consumerTid=3148|payload=r06-s062-xe8|hash=3733036493|valid=true
CST 2026-07-17 17:57:03.264  3148  3148 I A02900/R1Api24Probe: E1_CALLBACK_SAMPLE|round=6|sequence=63|producerTid=3307|consumerTid=3148|payload=r06-s063-x07|hash=1204920806|valid=true
CST 2026-07-17 17:57:03.264  3148  3148 I A02900/R1Api24Probe: E1_CALLBACK_SAMPLE|round=6|sequence=64|producerTid=3307|consumerTid=3148|payload=r06-s064-x26|hash=1929019734|valid=true
CST 2026-07-17 17:57:03.264  3148  3148 I A02900/R1Api24Probe: E1_CALLBACK_SAMPLE|round=6|sequence=65|producerTid=3307|consumerTid=3148|payload=r06-s065-x45|hash=2669803026|valid=true
CST 2026-07-17 17:57:03.264  3148  3148 I A02900/R1Api24Probe: E1_CALLBACK_SAMPLE|round=6|sequence=66|producerTid=3307|consumerTid=3148|payload=r06-s066-x64|hash=2031262982|valid=true
CST 2026-07-17 17:57:03.265  3148  3148 I A02900/R1Api24Probe: E1_CALLBACK_SAMPLE|round=6|sequence=67|producerTid=3307|consumerTid=3148|payload=r06-s067-x83|hash=2265593750|valid=true
CST 2026-07-17 17:57:03.265  3148  3148 I A02900/R1Api24Probe: E1_CALLBACK_SAMPLE|round=6|sequence=68|producerTid=3307|consumerTid=3148|payload=r06-s068-xa2|hash=2553943993|valid=true
CST 2026-07-17 17:57:03.265  3148  3148 I A02900/R1Api24Probe: E1_CALLBACK_SAMPLE|round=6|sequence=69|producerTid=3307|consumerTid=3148|payload=r06-s069-xc1|hash=2106697477|valid=true
CST 2026-07-17 17:57:03.265  3148  3148 I A02900/R1Api24Probe: E1_CALLBACK_SAMPLE|round=6|sequence=70|producerTid=3307|consumerTid=3148|payload=r06-s070-xe0|hash=4142556214|valid=true
CST 2026-07-17 17:57:03.265  3148  3148 I A02900/R1Api24Probe: E1_CALLBACK_SAMPLE|round=6|sequence=71|producerTid=3307|consumerTid=3148|payload=r06-s071-xff|hash=2649736400|valid=true
CST 2026-07-17 17:57:03.265  3148  3148 I A02900/R1Api24Probe: E1_CALLBACK_SAMPLE|round=6|sequence=72|producerTid=3307|consumerTid=3148|payload=r06-s072-x1e|hash=1808412539|valid=true
CST 2026-07-17 17:57:03.265  3148  3148 I A02900/R1Api24Probe: E1_CALLBACK_SAMPLE|round=6|sequence=73|producerTid=3307|consumerTid=3148|payload=r06-s073-x3d|hash=2517067865|valid=true
CST 2026-07-17 17:57:03.265  3148  3148 I A02900/R1Api24Probe: E1_CALLBACK_SAMPLE|round=6|sequence=74|producerTid=3307|consumerTid=3148|payload=r06-s074-x5c|hash=3971919071|valid=true
CST 2026-07-17 17:57:03.265  3148  3148 I A02900/R1Api24Probe: E1_CALLBACK_SAMPLE|round=6|sequence=75|producerTid=3307|consumerTid=3148|payload=r06-s075-x7b|hash=94196893|valid=true
CST 2026-07-17 17:57:03.265  3148  3148 I A02900/R1Api24Probe: E1_CALLBACK_SAMPLE|round=6|sequence=76|producerTid=3307|consumerTid=3148|payload=r06-s076-x9a|hash=661515571|valid=true
CST 2026-07-17 17:57:03.265  3148  3148 I A02900/R1Api24Probe: E1_CALLBACK_SAMPLE|round=6|sequence=77|producerTid=3307|consumerTid=3148|payload=r06-s077-xb9|hash=608600491|valid=true
CST 2026-07-17 17:57:03.265  3148  3148 I A02900/R1Api24Probe: E1_CALLBACK_SAMPLE|round=6|sequence=78|producerTid=3307|consumerTid=3148|payload=r06-s078-xd8|hash=91086095|valid=true
CST 2026-07-17 17:57:03.265  3148  3148 I A02900/R1Api24Probe: E1_CALLBACK_SAMPLE|round=6|sequence=79|producerTid=3307|consumerTid=3148|payload=r06-s079-xf7|hash=1232999163|valid=true
CST 2026-07-17 17:57:03.265  3148  3148 I A02900/R1Api24Probe: E1_CALLBACK_SAMPLE|round=6|sequence=80|producerTid=3307|consumerTid=3148|payload=r06-s080-x16|hash=3245248803|valid=true
CST 2026-07-17 17:57:03.265  3148  3148 I A02900/R1Api24Probe: E1_CALLBACK_SAMPLE|round=6|sequence=81|producerTid=3307|consumerTid=3148|payload=r06-s081-x35|hash=2005895783|valid=true
CST 2026-07-17 17:57:03.265  3148  3148 I A02900/R1Api24Probe: E1_CALLBACK_SAMPLE|round=6|sequence=82|producerTid=3307|consumerTid=3148|payload=r06-s082-x54|hash=4198304327|valid=true
CST 2026-07-17 17:57:03.266  3148  3148 I A02900/R1Api24Probe: E1_CALLBACK_SAMPLE|round=6|sequence=83|producerTid=3307|consumerTid=3148|payload=r06-s083-x73|hash=264541303|valid=true
CST 2026-07-17 17:57:03.266  3148  3148 I A02900/R1Api24Probe: E1_CALLBACK_SAMPLE|round=6|sequence=84|producerTid=3307|consumerTid=3148|payload=r06-s084-x92|hash=1016115051|valid=true
CST 2026-07-17 17:57:03.266  3148  3148 I A02900/R1Api24Probe: E1_CALLBACK_SAMPLE|round=6|sequence=85|producerTid=3307|consumerTid=3148|payload=r06-s085-xb1|hash=759010482|valid=true
CST 2026-07-17 17:57:03.266  3148  3148 I A02900/R1Api24Probe: E1_CALLBACK_SAMPLE|round=6|sequence=86|producerTid=3307|consumerTid=3148|payload=r06-s086-xd0|hash=504820782|valid=true
CST 2026-07-17 17:57:03.266  3148  3148 I A02900/R1Api24Probe: E1_CALLBACK_SAMPLE|round=6|sequence=87|producerTid=3307|consumerTid=3148|payload=r06-s087-xef|hash=3429625422|valid=true
CST 2026-07-17 17:57:03.266  3148  3148 I A02900/R1Api24Probe: E1_CALLBACK_SAMPLE|round=6|sequence=88|producerTid=3307|consumerTid=3148|payload=r06-s088-x0e|hash=3421301403|valid=true
CST 2026-07-17 17:57:03.266  3148  3148 I A02900/R1Api24Probe: E1_CALLBACK_SAMPLE|round=6|sequence=89|producerTid=3307|consumerTid=3148|payload=r06-s089-x2d|hash=868679109|valid=true
CST 2026-07-17 17:57:03.266  3148  3148 I A02900/R1Api24Probe: E1_CALLBACK_SAMPLE|round=6|sequence=90|producerTid=3307|consumerTid=3148|payload=r06-s090-x4c|hash=1241036616|valid=true
CST 2026-07-17 17:57:03.266  3148  3148 I A02900/R1Api24Probe: E1_CALLBACK_SAMPLE|round=6|sequence=91|producerTid=3307|consumerTid=3148|payload=r06-s091-x6b|hash=2241372134|valid=true
CST 2026-07-17 17:57:03.266  3148  3148 I A02900/R1Api24Probe: E1_CALLBACK_SAMPLE|round=6|sequence=92|producerTid=3307|consumerTid=3148|payload=r06-s092-x8a|hash=1251754920|valid=true
CST 2026-07-17 17:57:03.266  3148  3148 I A02900/R1Api24Probe: E1_CALLBACK_SAMPLE|round=6|sequence=93|producerTid=3307|consumerTid=3148|payload=r06-s093-xa9|hash=3176846106|valid=true
CST 2026-07-17 17:57:03.266  3148  3148 I A02900/R1Api24Probe: E1_CALLBACK_SAMPLE|round=6|sequence=94|producerTid=3307|consumerTid=3148|payload=r06-s094-xc8|hash=1371854778|valid=true
CST 2026-07-17 17:57:03.266  3148  3148 I A02900/R1Api24Probe: E1_CALLBACK_SAMPLE|round=6|sequence=95|producerTid=3307|consumerTid=3148|payload=r06-s095-xe7|hash=302582958|valid=true
CST 2026-07-17 17:57:03.266  3148  3148 I A02900/R1Api24Probe: E1_CALLBACK_SAMPLE|round=6|sequence=96|producerTid=3307|consumerTid=3148|payload=r06-s096-x06|hash=2825670321|valid=true
CST 2026-07-17 17:57:03.266  3148  3148 I A02900/R1Api24Probe: E1_CALLBACK_SAMPLE|round=6|sequence=97|producerTid=3307|consumerTid=3148|payload=r06-s097-x25|hash=153939593|valid=true
CST 2026-07-17 17:57:03.266  3148  3148 I A02900/R1Api24Probe: E1_CALLBACK_SAMPLE|round=6|sequence=98|producerTid=3307|consumerTid=3148|payload=r06-s098-x44|hash=2258065653|valid=true
CST 2026-07-17 17:57:03.267  3148  3148 I A02900/R1Api24Probe: E1_CALLBACK_SAMPLE|round=6|sequence=99|producerTid=3307|consumerTid=3148|payload=r06-s099-x63|hash=1691327745|valid=true
CST 2026-07-17 17:57:03.267  3148  3148 I A02900/R1Api24Probe: E1_CALLBACK_SAMPLE|round=6|sequence=100|producerTid=3307|consumerTid=3148|payload=r06-s100-x82|hash=820446225|valid=true
CST 2026-07-17 17:57:03.267  2255  2277 E C01707/CONCUR: [Interface] task 2277 apply qos failed, errno = 4
CST 2026-07-17 17:57:03.271  2255  2277 I C02b61/ImageSource: CreatePixelMap success, id:1784282223259490,dSize:(0,0),srcSize: (512,512),dHdr:1,sHdr:1,memType: 2,cost 12285 us
CST 2026-07-17 17:57:03.271  2255  2277 E C02b61/PixelMap: set ashmem name failed
CST 2026-07-17 17:57:03.278  2255  2277 E C01707/CONCUR: [Interface] task 2277 apply qos failed, errno = 4
CST 2026-07-17 17:57:03.285  2776  3193 E C02e00/UPDATE_SA: [hap_connection.cpp(50)]GetHapRemoteObject, remoteObj is nullptr, bundle com.huawei.hmos.ouc
CST 2026-07-17 17:57:03.285  2776  3193 I C01352/ExtMgr: [extension_manager_client.cpp134]name:com.huawei.hmos.ouc ServiceExtAbility, userId:-1.
CST 2026-07-17 17:57:03.286   796   962 I C01342/ServiceExt: [ABMS5529]element: com.huawei.hmos.ouc/ServiceExtAbility
CST 2026-07-17 17:57:03.286  2255  2277 I C02b61/ImageSource: CreatePixelMap success, id:1784282223272114,dSize:(0,0),srcSize: (512,512),dHdr:1,sHdr:1,memType: 2,cost 14055 us
CST 2026-07-17 17:57:03.286  2255  2277 E C02b61/PixelMap: set ashmem name failed
CST 2026-07-17 17:57:03.286   796   962 W C01123/BMSCommon: bundle not exist -n com.huawei.hmos.ouc -u 100 -i 0 -f 0
CST 2026-07-17 17:57:03.286   796   962 W C01336/AMS: [start_ability_utils.cpp76]failed: com.huawei.hmos.ouc
CST 2026-07-17 17:57:03.286   796   962 W C01336/AMS: [crowd_test_interceptor.cpp54]GetAppInfo failed
CST 2026-07-17 17:57:03.286   796   962 W C01120/BMS: app_control_manager.cpp:GetAppRunningControlRule:397 getAppId failed,-n:com.huawei.hmos.ouc
CST 2026-07-17 17:57:03.286   796   962 W C01123/BMSCommon: uid(6666) invalid
CST 2026-07-17 17:57:03.287   796   962 I C01336/AMS: [start_ability_utils.cpp54]appIndex:-1
CST 2026-07-17 17:57:03.287   796   962 W C01123/BMSCommon: bundle not exist -n com.huawei.hmos.ouc -u 100 -i 0 -f 1062
CST 2026-07-17 17:57:03.287   796   962 I C01121/BMSQuery: ExplicitQueryAbility no match -n com.huawei.hmos.ouc -a ServiceExtAbility -u 100 -i 0
CST 2026-07-17 17:57:03.287   796   962 W C01120/BMS: query abilitys_ext code 8521480
CST 2026-07-17 17:57:03.287   796   962 W C01123/BMSCommon: bundle not exist -n com.huawei.hmos.ouc -u 100 -i 0 -f 1062
CST 2026-07-17 17:57:03.287   796   962 W C01121/BMSQuery: bundle_data_mgr.cpp:ExplicitQueryExtensionInfo:7239 ExplicitQueryExtensionInfo failed
CST 2026-07-17 17:57:03.287   796   962 I C01121/BMSQuery: ExplicitQueryExtension size:0 -n com.huawei.hmos.ouc -e ServiceExtAbility -u 100 -i 0
CST 2026-07-17 17:57:03.287   796   962 W C01121/BMSQuery: bundle_data_mgr.cpp:GetCloneAppIndexes:2463 no bundleName com.huawei.hmos.ouc found
CST 2026-07-17 17:57:03.287   796   962 W C01121/BMSQuery: bundle_mgr_host_impl.cpp:QueryExtensionAbilityInfos:3425 no valid extension info can be inquired
CST 2026-07-17 17:57:03.287   796   962 E C01336/AMS: [start_ability_utils.cpp290]extensionInfo empty
CST 2026-07-17 17:57:03.287   796   962 E C01342/ServiceExt: [ABMS5868]generate request error
CST 2026-07-17 17:57:03.288  2776  3193 E C02e00/UPDATE_SA: [hap_connection.cpp(82)]HapConnection call interface failed, ret 2097152
CST 2026-07-17 17:57:03.288  2776  3193 E C02e00/UPDATE_SA: [ouc_hap_connection.cpp(72)]SendRemoteRequest, can not connect to ouc
CST 2026-07-17 17:57:03.288  2776  3193 E C02e00/UPDATE_SA: [ouc_hap_connection.cpp(279)]SendMessage request failed, code: 5
CST 2026-07-17 17:57:03.288  2255  2277 I C02b61/ImageSource: CreatePixelMap success, id:1784282223287511,dSize:(0,0),srcSize: (192,192),dHdr:1,sHdr:1,memType: 2,cost 1149 us
CST 2026-07-17 17:57:03.288  2255  2277 E C02b61/PixelMap: set ashmem name failed
CST 2026-07-17 17:57:03.294   648  3105 W C02515/DISP: [SetLayerMaskInfo:495] <private> is not supported
CST 2026-07-17 17:57:03.294   648  1084 I C02515/DISP: [CommitComposeLayer:67] CommitComposeLayer! 10
CST 2026-07-17 17:57:03.295   795   795 E C01406/RSScreenManager: IsAllScreensPowerOff: screenPowerStatus_ is empty.
CST 2026-07-17 17:57:03.297  2255  2277 W A01b00/SCB: GraphicUtils --> com.huawei.hmos.fontinstaller - getHdsIcon, size: (512, 512), pixelFormat: 4, leftTopPixel is transparent: true, 0-0-0-0
CST 2026-07-17 17:57:03.297  2255  2277 E C03900/HDS: [hds_drawable_descriptor.cpp-GetOtherIconsInfo:395]Get icon by name from resource failed, iconName: icon_mask, isGlobalMask: 0, state: 9001004
CST 2026-07-17 17:57:03.301  2255  2277 W C03900/HDS: [hds_drawable_descriptor.cpp-ProcessIcon:91]Mask size {192, 192}, bundleName: com.huawei.hmos.fontinstaller
CST 2026-07-17 17:57:03.312  3148  3148 I A02900/R1Api24Probe: E1_ROUND_RESULT|verdict=PASS|round=6|pid=3148|mainTid=3148|producerTid=3307|consumerTid=3148|buffers=100|callbacks=100|fdTransfers=1|bufferHashAggregate=1719213877|callbackHashAggregate=2234265595|fdPayloadHash=1414031522|beforeFd=38|afterFd=38|beforeThreads=28|afterThreads=28|monotonicIncrease=false
CST 2026-07-17 17:57:03.313  3148  3148 I A02900/R1Api24Probe: E1_BUFFER_SAMPLE|round=7|sample=1|length=0|leftSentinel=31|rightSentinel=224|hash=2166136261|guards=true|nativeTid=3148
CST 2026-07-17 17:57:03.313  3148  3148 I A02900/R1Api24Probe: E1_BUFFER_SAMPLE|round=7|sample=2|length=1|leftSentinel=32|rightSentinel=223|hash=1561023655|guards=true|nativeTid=3148
CST 2026-07-17 17:57:03.313  3148  3148 I A02900/R1Api24Probe: E1_BUFFER_SAMPLE|round=7|sample=3|length=2|leftSentinel=33|rightSentinel=222|hash=3185440612|guards=true|nativeTid=3148
CST 2026-07-17 17:57:03.313  3148  3148 I A02900/R1Api24Probe: E1_BUFFER_SAMPLE|round=7|sample=4|length=3|leftSentinel=34|rightSentinel=221|hash=1347676492|guards=true|nativeTid=3148
CST 2026-07-17 17:57:03.313  3148  3148 I A02900/R1Api24Probe: E1_BUFFER_SAMPLE|round=7|sample=5|length=4|leftSentinel=35|rightSentinel=220|hash=3827312321|guards=true|nativeTid=3148
CST 2026-07-17 17:57:03.313  3148  3148 I A02900/R1Api24Probe: E1_BUFFER_SAMPLE|round=7|sample=6|length=5|leftSentinel=36|rightSentinel=219|hash=27470695|guards=true|nativeTid=3148
CST 2026-07-17 17:57:03.313  3148  3148 I A02900/R1Api24Probe: E1_BUFFER_SAMPLE|round=7|sample=7|length=6|leftSentinel=37|rightSentinel=218|hash=3075981260|guards=true|nativeTid=3148
CST 2026-07-17 17:57:03.314  3148  3148 I A02900/R1Api24Probe: E1_BUFFER_SAMPLE|round=7|sample=8|length=7|leftSentinel=38|rightSentinel=217|hash=3112020984|guards=true|nativeTid=3148
CST 2026-07-17 17:57:03.314  3148  3148 I A02900/R1Api24Probe: E1_BUFFER_SAMPLE|round=7|sample=9|length=8|leftSentinel=39|rightSentinel=216|hash=2913126005|guards=true|nativeTid=3148
CST 2026-07-17 17:57:03.314  3148  3148 I A02900/R1Api24Probe: E1_BUFFER_SAMPLE|round=7|sample=10|length=9|leftSentinel=40|rightSentinel=215|hash=1354463895|guards=true|nativeTid=3148
CST 2026-07-17 17:57:03.314  3148  3148 I A02900/R1Api24Probe: E1_BUFFER_SAMPLE|round=7|sample=11|length=10|leftSentinel=41|rightSentinel=214|hash=1409211828|guards=true|nativeTid=3148
CST 2026-07-17 17:57:03.314  3148  3148 I A02900/R1Api24Probe: E1_BUFFER_SAMPLE|round=7|sample=12|length=11|leftSentinel=42|rightSentinel=213|hash=591283652|guards=true|nativeTid=3148
CST 2026-07-17 17:57:03.314  3148  3148 I A02900/R1Api24Probe: E1_BUFFER_SAMPLE|round=7|sample=13|length=12|leftSentinel=43|rightSentinel=212|hash=3108824193|guards=true|nativeTid=3148
CST 2026-07-17 17:57:03.314  3148  3148 I A02900/R1Api24Probe: E1_BUFFER_SAMPLE|round=7|sample=14|length=13|leftSentinel=44|rightSentinel=211|hash=2668514071|guards=true|nativeTid=3148
CST 2026-07-17 17:57:03.314  3148  3148 I A02900/R1Api24Probe: E1_BUFFER_SAMPLE|round=7|sample=15|length=14|leftSentinel=45|rightSentinel=210|hash=2476353948|guards=true|nativeTid=3148
CST 2026-07-17 17:57:03.314  3148  3148 I A02900/R1Api24Probe: E1_BUFFER_SAMPLE|round=7|sample=16|length=15|leftSentinel=46|rightSentinel=209|hash=2455142240|guards=true|nativeTid=3148
CST 2026-07-17 17:57:03.314  3148  3148 I A02900/R1Api24Probe: E1_BUFFER_SAMPLE|round=7|sample=17|length=16|leftSentinel=47|rightSentinel=208|hash=1783171045|guards=true|nativeTid=3148
CST 2026-07-17 17:57:03.314  3148  3148 I A02900/R1Api24Probe: E1_BUFFER_SAMPLE|round=7|sample=18|length=17|leftSentinel=48|rightSentinel=207|hash=1989175527|guards=true|nativeTid=3148
CST 2026-07-17 17:57:03.314  3148  3148 I A02900/R1Api24Probe: E1_BUFFER_SAMPLE|round=7|sample=19|length=18|leftSentinel=49|rightSentinel=206|hash=2974309700|guards=true|nativeTid=3148
CST 2026-07-17 17:57:03.315  3148  3148 I A02900/R1Api24Probe: E1_BUFFER_SAMPLE|round=7|sample=20|length=19|leftSentinel=50|rightSentinel=205|hash=3640640796|guards=true|nativeTid=3148
CST 2026-07-17 17:57:03.315  3148  3148 I A02900/R1Api24Probe: E1_BUFFER_SAMPLE|round=7|sample=21|length=20|leftSentinel=51|rightSentinel=204|hash=3458929217|guards=true|nativeTid=3148
CST 2026-07-17 17:57:03.315  3148  3148 I A02900/R1Api24Probe: E1_BUFFER_SAMPLE|round=7|sample=22|length=21|leftSentinel=52|rightSentinel=203|hash=4194641031|guards=true|nativeTid=3148
CST 2026-07-17 17:57:03.315  3148  3148 I A02900/R1Api24Probe: E1_BUFFER_SAMPLE|round=7|sample=23|length=22|leftSentinel=53|rightSentinel=202|hash=3268529292|guards=true|nativeTid=3148
CST 2026-07-17 17:57:03.315  3148  3148 I A02900/R1Api24Probe: E1_BUFFER_SAMPLE|round=7|sample=24|length=23|leftSentinel=54|rightSentinel=201|hash=4003981320|guards=true|nativeTid=3148
CST 2026-07-17 17:57:03.315  3148  3148 I A02900/R1Api24Probe: E1_BUFFER_SAMPLE|round=7|sample=25|length=24|leftSentinel=55|rightSentinel=200|hash=2786144117|guards=true|nativeTid=3148
CST 2026-07-17 17:57:03.315  3148  3148 I A02900/R1Api24Probe: E1_BUFFER_SAMPLE|round=7|sample=26|length=25|leftSentinel=56|rightSentinel=199|hash=1329439511|guards=true|nativeTid=3148
CST 2026-07-17 17:57:03.315  3148  3148 I A02900/R1Api24Probe: E1_BUFFER_SAMPLE|round=7|sample=27|length=26|leftSentinel=57|rightSentinel=198|hash=740789076|guards=true|nativeTid=3148
CST 2026-07-17 17:57:03.315  3148  3148 I A02900/R1Api24Probe: E1_BUFFER_SAMPLE|round=7|sample=28|length=27|leftSentinel=58|rightSentinel=197|hash=2514230420|guards=true|nativeTid=3148
CST 2026-07-17 17:57:03.315  3148  3148 I A02900/R1Api24Probe: E1_BUFFER_SAMPLE|round=7|sample=29|length=28|leftSentinel=59|rightSentinel=196|hash=2701193153|guards=true|nativeTid=3148
CST 2026-07-17 17:57:03.315  3148  3148 I A02900/R1Api24Probe: E1_BUFFER_SAMPLE|round=7|sample=30|length=29|leftSentinel=60|rightSentinel=195|hash=1240112183|guards=true|nativeTid=3148
CST 2026-07-17 17:57:03.316  3148  3148 I A02900/R1Api24Probe: E1_BUFFER_SAMPLE|round=7|sample=31|length=30|leftSentinel=61|rightSentinel=194|hash=1015695196|guards=true|nativeTid=3148
CST 2026-07-17 17:57:03.316  3148  3148 I A02900/R1Api24Probe: E1_BUFFER_SAMPLE|round=7|sample=32|length=31|leftSentinel=62|rightSentinel=193|hash=3657748944|guards=true|nativeTid=3148
CST 2026-07-17 17:57:03.316  3148  3148 I A02900/R1Api24Probe: E1_BUFFER_SAMPLE|round=7|sample=33|length=32|leftSentinel=63|rightSentinel=192|hash=3457455941|guards=true|nativeTid=3148
CST 2026-07-17 17:57:03.316  3148  3148 I A02900/R1Api24Probe: E1_BUFFER_SAMPLE|round=7|sample=34|length=33|leftSentinel=64|rightSentinel=191|hash=3672005607|guards=true|nativeTid=3148
CST 2026-07-17 17:57:03.316  3148  3148 I A02900/R1Api24Probe: E1_BUFFER_SAMPLE|round=7|sample=35|length=34|leftSentinel=65|rightSentinel=190|hash=4270267300|guards=true|nativeTid=3148
CST 2026-07-17 17:57:03.316  3148  3148 I A02900/R1Api24Probe: E1_BUFFER_SAMPLE|round=7|sample=36|length=35|leftSentinel=66|rightSentinel=189|hash=770758764|guards=true|nativeTid=3148
CST 2026-07-17 17:57:03.316  3148  3148 I A02900/R1Api24Probe: E1_BUFFER_SAMPLE|round=7|sample=37|length=36|leftSentinel=67|rightSentinel=188|hash=1203017345|guards=true|nativeTid=3148
CST 2026-07-17 17:57:03.316  3148  3148 I A02900/R1Api24Probe: E1_BUFFER_SAMPLE|round=7|sample=38|length=37|leftSentinel=68|rightSentinel=187|hash=3169193767|guards=true|nativeTid=3148
CST 2026-07-17 17:57:03.316  3148  3148 I A02900/R1Api24Probe: E1_BUFFER_SAMPLE|round=7|sample=39|length=38|leftSentinel=69|rightSentinel=186|hash=1290575820|guards=true|nativeTid=3148
CST 2026-07-17 17:57:03.316  3148  3148 I A02900/R1Api24Probe: E1_BUFFER_SAMPLE|round=7|sample=40|length=39|leftSentinel=70|rightSentinel=185|hash=1063890712|guards=true|nativeTid=3148
CST 2026-07-17 17:57:03.316  3148  3148 I A02900/R1Api24Probe: E1_BUFFER_SAMPLE|round=7|sample=41|length=40|leftSentinel=71|rightSentinel=184|hash=4252190389|guards=true|nativeTid=3148
CST 2026-07-17 17:57:03.317  3148  3148 I A02900/R1Api24Probe: E1_BUFFER_SAMPLE|round=7|sample=42|length=41|leftSentinel=72|rightSentinel=183|hash=2819448279|guards=true|nativeTid=3148
CST 2026-07-17 17:57:03.317  3148  3148 I A02900/R1Api24Probe: E1_BUFFER_SAMPLE|round=7|sample=43|length=42|leftSentinel=73|rightSentinel=182|hash=3113682100|guards=true|nativeTid=3148
CST 2026-07-17 17:57:03.317  3148  3148 I A02900/R1Api24Probe: E1_BUFFER_SAMPLE|round=7|sample=44|length=43|leftSentinel=74|rightSentinel=181|hash=2175787940|guards=true|nativeTid=3148
CST 2026-07-17 17:57:03.317  3148  3148 I A02900/R1Api24Probe: E1_BUFFER_SAMPLE|round=7|sample=45|length=44|leftSentinel=75|rightSentinel=180|hash=4221810113|guards=true|nativeTid=3148
CST 2026-07-17 17:57:03.317  3148  3148 I A02900/R1Api24Probe: E1_BUFFER_SAMPLE|round=7|sample=46|length=45|leftSentinel=76|rightSentinel=179|hash=1233004887|guards=true|nativeTid=3148
CST 2026-07-17 17:57:03.317  3148  3148 I A02900/R1Api24Probe: E1_BUFFER_SAMPLE|round=7|sample=47|length=46|leftSentinel=77|rightSentinel=178|hash=273671452|guards=true|nativeTid=3148
CST 2026-07-17 17:57:03.317  3148  3148 I A02900/R1Api24Probe: E1_BUFFER_SAMPLE|round=7|sample=48|length=47|leftSentinel=78|rightSentinel=177|hash=3547043200|guards=true|nativeTid=3148
CST 2026-07-17 17:57:03.317  3148  3148 I A02900/R1Api24Probe: E1_BUFFER_SAMPLE|round=7|sample=49|length=48|leftSentinel=79|rightSentinel=176|hash=844726821|guards=true|nativeTid=3148
CST 2026-07-17 17:57:03.317  3148  3148 I A02900/R1Api24Probe: E1_BUFFER_SAMPLE|round=7|sample=50|length=49|leftSentinel=80|rightSentinel=175|hash=1519579687|guards=true|nativeTid=3148
CST 2026-07-17 17:57:03.317  3148  3148 I A02900/R1Api24Probe: E1_BUFFER_SAMPLE|round=7|sample=51|length=50|leftSentinel=81|rightSentinel=174|hash=3271275588|guards=true|nativeTid=3148
CST 2026-07-17 17:57:03.317  3148  3148 I A02900/R1Api24Probe: E1_BUFFER_SAMPLE|round=7|sample=52|length=51|leftSentinel=82|rightSentinel=173|hash=1169929852|guards=true|nativeTid=3148
CST 2026-07-17 17:57:03.318  3148  3148 I A02900/R1Api24Probe: E1_BUFFER_SAMPLE|round=7|sample=53|length=52|leftSentinel=83|rightSentinel=172|hash=2525816129|guards=true|nativeTid=3148
CST 2026-07-17 17:57:03.318  3148  3148 I A02900/R1Api24Probe: E1_BUFFER_SAMPLE|round=7|sample=54|length=53|leftSentinel=84|rightSentinel=171|hash=2081307847|guards=true|nativeTid=3148
CST 2026-07-17 17:57:03.318  3148  3148 I A02900/R1Api24Probe: E1_BUFFER_SAMPLE|round=7|sample=55|length=54|leftSentinel=85|rightSentinel=170|hash=2276233868|guards=true|nativeTid=3148
CST 2026-07-17 17:57:03.318  3148  3148 I A02900/R1Api24Probe: E1_BUFFER_SAMPLE|round=7|sample=56|length=55|leftSentinel=86|rightSentinel=169|hash=401091880|guards=true|nativeTid=3148
CST 2026-07-17 17:57:03.318  3148  3148 I A02900/R1Api24Probe: E1_BUFFER_SAMPLE|round=7|sample=57|length=56|leftSentinel=87|rightSentinel=168|hash=4086555829|guards=true|nativeTid=3148
CST 2026-07-17 17:57:03.318  3148  3148 I A02900/R1Api24Probe: E1_BUFFER_SAMPLE|round=7|sample=58|length=57|leftSentinel=88|rightSentinel=167|hash=2159343831|guards=true|nativeTid=3148
CST 2026-07-17 17:57:03.318  3148  3148 I A02900/R1Api24Probe: E1_BUFFER_SAMPLE|round=7|sample=59|length=58|leftSentinel=89|rightSentinel=166|hash=1969734164|guards=true|nativeTid=3148
CST 2026-07-17 17:57:03.318  3148  3148 I A02900/R1Api24Probe: E1_BUFFER_SAMPLE|round=7|sample=60|length=59|leftSentinel=90|rightSentinel=165|hash=13910196|guards=true|nativeTid=3148
CST 2026-07-17 17:57:03.318  3148  3148 I A02900/R1Api24Probe: E1_BUFFER_SAMPLE|round=7|sample=61|length=60|leftSentinel=91|rightSentinel=164|hash=2882101441|guards=true|nativeTid=3148
CST 2026-07-17 17:57:03.318   644   650 I C02515/DISP: [InitBufferHandle:229] express init gbuffer id 28a0000003d ret 0 err 0 fd 8 512 512 pixel 4 size 1048576 usage 2b
CST 2026-07-17 17:57:03.318  3148  3148 I A02900/R1Api24Probe: E1_BUFFER_SAMPLE|round=7|sample=62|length=61|leftSentinel=92|rightSentinel=163|hash=772783863|guards=true|nativeTid=3148
CST 2026-07-17 17:57:03.318   644   650 I C02515/DISP: [ExpressAllocMem:271] ExpressAllocMem requeset BufferHandle 8, width 512, heigt 512, format 20
CST 2026-07-17 17:57:03.319  3148  3148 I A02900/R1Api24Probe: E1_BUFFER_SAMPLE|round=7|sample=63|length=62|leftSentinel=93|rightSentinel=162|hash=2546403164|guards=true|nativeTid=3148
CST 2026-07-17 17:57:03.319  3148  3148 I A02900/R1Api24Probe: E1_BUFFER_SAMPLE|round=7|sample=64|length=63|leftSentinel=94|rightSentinel=161|hash=3162288176|guards=true|nativeTid=3148
CST 2026-07-17 17:57:03.319  3148  3148 I A02900/R1Api24Probe: E1_BUFFER_SAMPLE|round=7|sample=65|length=64|leftSentinel=95|rightSentinel=160|hash=344083781|guards=true|nativeTid=3148
CST 2026-07-17 17:57:03.319  3148  3148 I A02900/R1Api24Probe: E1_BUFFER_SAMPLE|round=7|sample=66|length=65|leftSentinel=96|rightSentinel=159|hash=4072183591|guards=true|nativeTid=3148
CST 2026-07-17 17:57:03.319  3148  3148 I A02900/R1Api24Probe: E1_BUFFER_SAMPLE|round=7|sample=67|length=66|leftSentinel=97|rightSentinel=158|hash=2409717476|guards=true|nativeTid=3148
CST 2026-07-17 17:57:03.319  3148  3148 I A02900/R1Api24Probe: E1_BUFFER_SAMPLE|round=7|sample=68|length=67|leftSentinel=98|rightSentinel=157|hash=3155488012|guards=true|nativeTid=3148
CST 2026-07-17 17:57:03.319  3148  3148 I A02900/R1Api24Probe: E1_BUFFER_SAMPLE|round=7|sample=69|length=68|leftSentinel=99|rightSentinel=156|hash=1988221249|guards=true|nativeTid=3148
CST 2026-07-17 17:57:03.319  3148  3148 I A02900/R1Api24Probe: E1_BUFFER_SAMPLE|round=7|sample=70|length=69|leftSentinel=100|rightSentinel=155|hash=3231230055|guards=true|nativeTid=3148
CST 2026-07-17 17:57:03.320  3148  3148 I A02900/R1Api24Probe: E1_BUFFER_SAMPLE|round=7|sample=71|length=70|leftSentinel=101|rightSentinel=154|hash=2226843980|guards=true|nativeTid=3148
CST 2026-07-17 17:57:03.320  3148  3148 I A02900/R1Api24Probe: E1_BUFFER_SAMPLE|round=7|sample=72|length=71|leftSentinel=102|rightSentinel=153|hash=2107463608|guards=true|nativeTid=3148
CST 2026-07-17 17:57:03.320  3148  3148 I A02900/R1Api24Probe: E1_BUFFER_SAMPLE|round=7|sample=73|length=72|leftSentinel=103|rightSentinel=152|hash=1649546229|guards=true|nativeTid=3148
CST 2026-07-17 17:57:03.320  3148  3148 I A02900/R1Api24Probe: E1_BUFFER_SAMPLE|round=7|sample=74|length=73|leftSentinel=104|rightSentinel=151|hash=2930805655|guards=true|nativeTid=3148
CST 2026-07-17 17:57:03.320  3148  3148 I A02900/R1Api24Probe: E1_BUFFER_SAMPLE|round=7|sample=75|length=74|leftSentinel=105|rightSentinel=150|hash=334288948|guards=true|nativeTid=3148
CST 2026-07-17 17:57:03.320  3148  3148 I A02900/R1Api24Probe: E1_BUFFER_SAMPLE|round=7|sample=76|length=75|leftSentinel=106|rightSentinel=149|hash=4288598404|guards=true|nativeTid=3148
CST 2026-07-17 17:57:03.320  3148  3148 I A02900/R1Api24Probe: E1_BUFFER_SAMPLE|round=7|sample=77|length=76|leftSentinel=107|rightSentinel=148|hash=3804789889|guards=true|nativeTid=3148
CST 2026-07-17 17:57:03.320  3148  3148 I A02900/R1Api24Probe: E1_BUFFER_SAMPLE|round=7|sample=78|length=77|leftSentinel=108|rightSentinel=147|hash=319945495|guards=true|nativeTid=3148
CST 2026-07-17 17:57:03.321  3148  3148 I A02900/R1Api24Probe: E1_BUFFER_SAMPLE|round=7|sample=79|length=78|leftSentinel=109|rightSentinel=146|hash=2847140508|guards=true|nativeTid=3148
CST 2026-07-17 17:57:03.321  3148  3148 I A02900/R1Api24Probe: E1_BUFFER_SAMPLE|round=7|sample=80|length=79|leftSentinel=110|rightSentinel=145|hash=440742432|guards=true|nativeTid=3148
CST 2026-07-17 17:57:03.321  3148  3148 I A02900/R1Api24Probe: E1_BUFFER_SAMPLE|round=7|sample=81|length=80|leftSentinel=111|rightSentinel=144|hash=3821939813|guards=true|nativeTid=3148
CST 2026-07-17 17:57:03.321  3148  3148 I A02900/R1Api24Probe: E1_BUFFER_SAMPLE|round=7|sample=82|length=81|leftSentinel=112|rightSentinel=143|hash=2434482407|guards=true|nativeTid=3148
CST 2026-07-17 17:57:03.321  3148  3148 I A02900/R1Api24Probe: E1_BUFFER_SAMPLE|round=7|sample=83|length=82|leftSentinel=113|rightSentinel=142|hash=2753379652|guards=true|nativeTid=3148
CST 2026-07-17 17:57:03.321  3148  3148 I A02900/R1Api24Probe: E1_BUFFER_SAMPLE|round=7|sample=84|length=83|leftSentinel=114|rightSentinel=141|hash=2252231772|guards=true|nativeTid=3148
CST 2026-07-17 17:57:03.321  3148  3148 I A02900/R1Api24Probe: E1_BUFFER_SAMPLE|round=7|sample=85|length=84|leftSentinel=115|rightSentinel=140|hash=145708993|guards=true|nativeTid=3148
CST 2026-07-17 17:57:03.322  3148  3148 I A02900/R1Api24Probe: E1_BUFFER_SAMPLE|round=7|sample=86|length=85|leftSentinel=116|rightSentinel=139|hash=3072680583|guards=true|nativeTid=3148
CST 2026-07-17 17:57:03.322  3148  3148 I A02900/R1Api24Probe: E1_BUFFER_SAMPLE|round=7|sample=87|length=86|leftSentinel=117|rightSentinel=138|hash=720269068|guards=true|nativeTid=3148
CST 2026-07-17 17:57:03.322  3148  3148 I A02900/R1Api24Probe: E1_BUFFER_SAMPLE|round=7|sample=88|length=87|leftSentinel=118|rightSentinel=137|hash=1751169352|guards=true|nativeTid=3148
CST 2026-07-17 17:57:03.322  3148  3148 I A02900/R1Api24Probe: E1_BUFFER_SAMPLE|round=7|sample=89|length=88|leftSentinel=119|rightSentinel=136|hash=610914165|guards=true|nativeTid=3148
CST 2026-07-17 17:57:03.322  3148  3148 I A02900/R1Api24Probe: E1_BUFFER_SAMPLE|round=7|sample=90|length=89|leftSentinel=120|rightSentinel=135|hash=1459809047|guards=true|nativeTid=3148
CST 2026-07-17 17:57:03.322  3148  3148 I A02900/R1Api24Probe: E1_BUFFER_SAMPLE|round=7|sample=91|length=90|leftSentinel=121|rightSentinel=134|hash=1797823956|guards=true|nativeTid=3148
CST 2026-07-17 17:57:03.323  3148  3148 I A02900/R1Api24Probe: E1_BUFFER_SAMPLE|round=7|sample=92|length=91|leftSentinel=122|rightSentinel=133|hash=10379476|guards=true|nativeTid=3148
CST 2026-07-17 17:57:03.323  3148  3148 I A02900/R1Api24Probe: E1_BUFFER_SAMPLE|round=7|sample=93|length=92|leftSentinel=123|rightSentinel=132|hash=881046849|guards=true|nativeTid=3148
CST 2026-07-17 17:57:03.323  3148  3148 I A02900/R1Api24Probe: E1_BUFFER_SAMPLE|round=7|sample=94|length=93|leftSentinel=124|rightSentinel=131|hash=2761328183|guards=true|nativeTid=3148
CST 2026-07-17 17:57:03.323  3148  3148 I A02900/R1Api24Probe: E1_BUFFER_SAMPLE|round=7|sample=95|length=94|leftSentinel=125|rightSentinel=130|hash=2638067036|guards=true|nativeTid=3148
CST 2026-07-17 17:57:03.323  3148  3148 I A02900/R1Api24Probe: E1_BUFFER_SAMPLE|round=7|sample=96|length=95|leftSentinel=126|rightSentinel=129|hash=2038660112|guards=true|nativeTid=3148
CST 2026-07-17 17:57:03.323  3148  3148 I A02900/R1Api24Probe: E1_BUFFER_SAMPLE|round=7|sample=97|length=96|leftSentinel=127|rightSentinel=128|hash=2055552197|guards=true|nativeTid=3148
CST 2026-07-17 17:57:03.323  3148  3148 I A02900/R1Api24Probe: E1_BUFFER_SAMPLE|round=7|sample=98|length=97|leftSentinel=128|rightSentinel=127|hash=769290471|guards=true|nativeTid=3148
CST 2026-07-17 17:57:03.323  3148  3148 I A02900/R1Api24Probe: E1_BUFFER_SAMPLE|round=7|sample=99|length=98|leftSentinel=129|rightSentinel=126|hash=1873465508|guards=true|nativeTid=3148
CST 2026-07-17 17:57:03.324  3148  3148 I A02900/R1Api24Probe: E1_BUFFER_SAMPLE|round=7|sample=100|length=99|leftSentinel=130|rightSentinel=125|hash=1557526700|guards=true|nativeTid=3148
CST 2026-07-17 17:57:03.324  3148  3148 I A02900/R1Api24Probe: E1_FD_CREATED|fdA=37|fdB=38|creatorTid=3148|owner=ArkTS
CST 2026-07-17 17:57:03.324  3148  3148 I A02900/R1Api24Probe: E1_FD_RESULT|round=7|fdA=37|fdB=38|duplicateFd=39|written=23|read=23|payload=fd-round-07-sentinel-03|payloadHash=3381443963|closeA=0|closeDuplicate=0|closeB=0|duplicateCloseA=-1|errnoA=9|duplicateCloseB=-1|errnoB=9|owner=closed-by-native|nativeTid=3148
CST 2026-07-17 17:57:03.324  3148  3308 I A02900/R1Api24Probe: E1_PTHREAD_START|round=7|producerTid=3308
CST 2026-07-17 17:57:03.324  3148  3308 I A02900/R1Api24Probe: E1_PTHREAD_FINISH|round=7|producerTid=3308|queued=100|status=0
CST 2026-07-17 17:57:03.324  3148  3148 I A02900/R1Api24Probe: E1_CALLBACK_SAMPLE|round=7|sequence=1|producerTid=3308|consumerTid=3148|payload=r07-s001-x96|hash=103111245|valid=true
CST 2026-07-17 17:57:03.324  3148  3148 I A02900/R1Api24Probe: E1_CALLBACK_SAMPLE|round=7|sequence=2|producerTid=3308|consumerTid=3148|payload=r07-s002-xb5|hash=624640774|valid=true
CST 2026-07-17 17:57:03.324  3148  3148 I A02900/R1Api24Probe: E1_CALLBACK_SAMPLE|round=7|sequence=3|producerTid=3308|consumerTid=3148|payload=r07-s003-xd4|hash=2669804776|valid=true
CST 2026-07-17 17:57:03.324  3148  3148 I A02900/R1Api24Probe: E1_CALLBACK_SAMPLE|round=7|sequence=4|producerTid=3308|consumerTid=3148|payload=r07-s004-xf3|hash=3689997206|valid=true
CST 2026-07-17 17:57:03.324  3148  3148 I A02900/R1Api24Probe: E1_CALLBACK_SAMPLE|round=7|sequence=5|producerTid=3308|consumerTid=3148|payload=r07-s005-x12|hash=3551115269|valid=true
CST 2026-07-17 17:57:03.325  3148  3148 I A02900/R1Api24Probe: E1_CALLBACK_SAMPLE|round=7|sequence=6|producerTid=3308|consumerTid=3148|payload=r07-s006-x31|hash=1829949371|valid=true
CST 2026-07-17 17:57:03.325  3148  3148 I A02900/R1Api24Probe: E1_CALLBACK_SAMPLE|round=7|sequence=7|producerTid=3308|consumerTid=3148|payload=r07-s007-x50|hash=3370607985|valid=true
CST 2026-07-17 17:57:03.325   644   650 I C02515/DISP: [ExpressFreeMem:317] freeMem bufferhandle gbuffer_id 28a0000003d, width 512, heigt 512
CST 2026-07-17 17:57:03.325  3148  3148 I A02900/R1Api24Probe: E1_CALLBACK_SAMPLE|round=7|sequence=8|producerTid=3308|consumerTid=3148|payload=r07-s008-x6f|hash=2819489745|valid=true
CST 2026-07-17 17:57:03.325  3148  3148 I A02900/R1Api24Probe: E1_CALLBACK_SAMPLE|round=7|sequence=9|producerTid=3308|consumerTid=3148|payload=r07-s009-x8e|hash=3434909809|valid=true
CST 2026-07-17 17:57:03.325  3148  3148 I A02900/R1Api24Probe: E1_CALLBACK_SAMPLE|round=7|sequence=10|producerTid=3308|consumerTid=3148|payload=r07-s010-xad|hash=1464014853|valid=true
CST 2026-07-17 17:57:03.325  3148  3148 I A02900/R1Api24Probe: E1_CALLBACK_SAMPLE|round=7|sequence=11|producerTid=3308|consumerTid=3148|payload=r07-s011-xcc|hash=1844770645|valid=true
CST 2026-07-17 17:57:03.325  3148  3148 I A02900/R1Api24Probe: E1_CALLBACK_SAMPLE|round=7|sequence=12|producerTid=3308|consumerTid=3148|payload=r07-s012-xeb|hash=1221767517|valid=true
CST 2026-07-17 17:57:03.325  3148  3148 I A02900/R1Api24Probe: E1_CALLBACK_SAMPLE|round=7|sequence=13|producerTid=3308|consumerTid=3148|payload=r07-s013-x0a|hash=4136565894|valid=true
CST 2026-07-17 17:57:03.325  3148  3148 I A02900/R1Api24Probe: E1_CALLBACK_SAMPLE|round=7|sequence=14|producerTid=3308|consumerTid=3148|payload=r07-s014-x29|hash=3101314089|valid=true
CST 2026-07-17 17:57:03.325  3148  3148 I A02900/R1Api24Probe: E1_CALLBACK_SAMPLE|round=7|sequence=15|producerTid=3308|consumerTid=3148|payload=r07-s015-x48|hash=4274020895|valid=true
CST 2026-07-17 17:57:03.325  3148  3148 I A02900/R1Api24Probe: E1_CALLBACK_SAMPLE|round=7|sequence=16|producerTid=3308|consumerTid=3148|payload=r07-s016-x67|hash=1570693621|valid=true
CST 2026-07-17 17:57:03.325  3148  3148 I A02900/R1Api24Probe: E1_CALLBACK_SAMPLE|round=7|sequence=17|producerTid=3308|consumerTid=3148|payload=r07-s017-x86|hash=32885915|valid=true
CST 2026-07-17 17:57:03.325  3148  3148 I A02900/R1Api24Probe: E1_CALLBACK_SAMPLE|round=7|sequence=18|producerTid=3308|consumerTid=3148|payload=r07-s018-xa5|hash=3420590554|valid=true
CST 2026-07-17 17:57:03.325  3148  3148 I A02900/R1Api24Probe: E1_CALLBACK_SAMPLE|round=7|sequence=19|producerTid=3308|consumerTid=3148|payload=r07-s019-xc4|hash=1063644440|valid=true
CST 2026-07-17 17:57:03.325  3148  3148 I A02900/R1Api24Probe: E1_CALLBACK_SAMPLE|round=7|sequence=20|producerTid=3308|consumerTid=3148|payload=r07-s020-xe3|hash=408959667|valid=true
CST 2026-07-17 17:57:03.326  3148  3148 I A02900/R1Api24Probe: E1_CALLBACK_SAMPLE|round=7|sequence=21|producerTid=3308|consumerTid=3148|payload=r07-s021-x02|hash=2213739082|valid=true
CST 2026-07-17 17:57:03.326  3148  3148 I A02900/R1Api24Probe: E1_CALLBACK_SAMPLE|round=7|sequence=22|producerTid=3308|consumerTid=3148|payload=r07-s022-x21|hash=2975431004|valid=true
CST 2026-07-17 17:57:03.326  3148  3148 I A02900/R1Api24Probe: E1_CALLBACK_SAMPLE|round=7|sequence=23|producerTid=3308|consumerTid=3148|payload=r07-s023-x40|hash=454940170|valid=true
CST 2026-07-17 17:57:03.326  3148  3148 I A02900/R1Api24Probe: E1_CALLBACK_SAMPLE|round=7|sequence=24|producerTid=3308|consumerTid=3148|payload=r07-s024-x5f|hash=2834156304|valid=true
CST 2026-07-17 17:57:03.326  3148  3148 I A02900/R1Api24Probe: E1_CALLBACK_SAMPLE|round=7|sequence=25|producerTid=3308|consumerTid=3148|payload=r07-s025-x7e|hash=2799298024|valid=true
CST 2026-07-17 17:57:03.326  3148  3148 I A02900/R1Api24Probe: E1_CALLBACK_SAMPLE|round=7|sequence=26|producerTid=3308|consumerTid=3148|payload=r07-s026-x9d|hash=3581672572|valid=true
CST 2026-07-17 17:57:03.326  3148  3148 I A02900/R1Api24Probe: E1_CALLBACK_SAMPLE|round=7|sequence=27|producerTid=3308|consumerTid=3148|payload=r07-s027-xbc|hash=3614486617|valid=true
CST 2026-07-17 17:57:03.326  3148  3148 I A02900/R1Api24Probe: E1_CALLBACK_SAMPLE|round=7|sequence=28|producerTid=3308|consumerTid=3148|payload=r07-s028-xdb|hash=3949680781|valid=true
CST 2026-07-17 17:57:03.326  3148  3148 I A02900/R1Api24Probe: E1_CALLBACK_SAMPLE|round=7|sequence=29|producerTid=3308|consumerTid=3148|payload=r07-s029-xfa|hash=3254022765|valid=true
CST 2026-07-17 17:57:03.326  3148  3148 I A02900/R1Api24Probe: E1_CALLBACK_SAMPLE|round=7|sequence=30|producerTid=3308|consumerTid=3148|payload=r07-s030-x19|hash=2855579296|valid=true
CST 2026-07-17 17:57:03.326  3148  3148 I A02900/R1Api24Probe: E1_CALLBACK_SAMPLE|round=7|sequence=31|producerTid=3308|consumerTid=3148|payload=r07-s031-x38|hash=4191560274|valid=true
CST 2026-07-17 17:57:03.326  3148  3148 I A02900/R1Api24Probe: E1_CALLBACK_SAMPLE|round=7|sequence=32|producerTid=3308|consumerTid=3148|payload=r07-s032-x57|hash=2930480176|valid=true
CST 2026-07-17 17:57:03.326  3148  3148 I A02900/R1Api24Probe: E1_CALLBACK_SAMPLE|round=7|sequence=33|producerTid=3308|consumerTid=3148|payload=r07-s033-x76|hash=3173630626|valid=true
CST 2026-07-17 17:57:03.326  3148  3148 I A02900/R1Api24Probe: E1_CALLBACK_SAMPLE|round=7|sequence=34|producerTid=3308|consumerTid=3148|payload=r07-s034-x95|hash=3898023744|valid=true
CST 2026-07-17 17:57:03.326  3148  3148 I A02900/R1Api24Probe: E1_CALLBACK_SAMPLE|round=7|sequence=35|producerTid=3308|consumerTid=3148|payload=r07-s035-xb4|hash=2069563875|valid=true
CST 2026-07-17 17:57:03.327  3148  3148 I A02900/R1Api24Probe: E1_CALLBACK_SAMPLE|round=7|sequence=36|producerTid=3308|consumerTid=3148|payload=r07-s036-xd3|hash=3548843609|valid=true
CST 2026-07-17 17:57:03.327  3148  3148 I A02900/R1Api24Probe: E1_CALLBACK_SAMPLE|round=7|sequence=37|producerTid=3308|consumerTid=3148|payload=r07-s037-xf2|hash=2488756295|valid=true
CST 2026-07-17 17:57:03.327  3148  3148 I A02900/R1Api24Probe: E1_CALLBACK_SAMPLE|round=7|sequence=38|producerTid=3308|consumerTid=3148|payload=r07-s038-x11|hash=1937153632|valid=true
CST 2026-07-17 17:57:03.327  3148  3148 I A02900/R1Api24Probe: E1_CALLBACK_SAMPLE|round=7|sequence=39|producerTid=3308|consumerTid=3148|payload=r07-s039-x30|hash=3659865394|valid=true
CST 2026-07-17 17:57:03.327  3148  3148 I A02900/R1Api24Probe: E1_CALLBACK_SAMPLE|round=7|sequence=40|producerTid=3308|consumerTid=3148|payload=r07-s040-x4f|hash=2814337599|valid=true
CST 2026-07-17 17:57:03.327  3148  3148 I A02900/R1Api24Probe: E1_CALLBACK_SAMPLE|round=7|sequence=41|producerTid=3308|consumerTid=3148|payload=r07-s041-x6e|hash=591735575|valid=true
CST 2026-07-17 17:57:03.327  3148  3148 I A02900/R1Api24Probe: E1_CALLBACK_SAMPLE|round=7|sequence=42|producerTid=3308|consumerTid=3148|payload=r07-s042-x8d|hash=3364499567|valid=true
CST 2026-07-17 17:57:03.327   648  1084 W C02515/DISP: [SetLayerMaskInfo:495] <private> is not supported
CST 2026-07-17 17:57:03.327  3148  3148 I A02900/R1Api24Probe: E1_CALLBACK_SAMPLE|round=7|sequence=43|producerTid=3308|consumerTid=3148|payload=r07-s043-xac|hash=377364772|valid=true
CST 2026-07-17 17:57:03.327  3148  3148 I A02900/R1Api24Probe: E1_CALLBACK_SAMPLE|round=7|sequence=44|producerTid=3308|consumerTid=3148|payload=r07-s044-xcb|hash=2877786500|valid=true
CST 2026-07-17 17:57:03.327   648  3105 I C02515/DISP: [CommitComposeLayer:67] CommitComposeLayer! 10
CST 2026-07-17 17:57:03.331  3148  3148 I A02900/R1Api24Probe: E1_CALLBACK_SAMPLE|round=7|sequence=45|producerTid=3308|consumerTid=3148|payload=r07-s045-xea|hash=4105358876|valid=true
CST 2026-07-17 17:57:03.331  3148  3148 I A02900/R1Api24Probe: E1_CALLBACK_SAMPLE|round=7|sequence=46|producerTid=3308|consumerTid=3148|payload=r07-s046-x09|hash=1126546452|valid=true
CST 2026-07-17 17:57:03.331  3148  3148 I A02900/R1Api24Probe: E1_CALLBACK_SAMPLE|round=7|sequence=47|producerTid=3308|consumerTid=3148|payload=r07-s047-x28|hash=3062809186|valid=true
CST 2026-07-17 17:57:03.331  3148  3148 I A02900/R1Api24Probe: E1_CALLBACK_SAMPLE|round=7|sequence=48|producerTid=3308|consumerTid=3148|payload=r07-s048-x47|hash=121707524|valid=true
CST 2026-07-17 17:57:03.331  3148  3148 I A02900/R1Api24Probe: E1_CALLBACK_SAMPLE|round=7|sequence=49|producerTid=3308|consumerTid=3148|payload=r07-s049-x66|hash=3435193602|valid=true
CST 2026-07-17 17:57:03.331  3148  3148 I A02900/R1Api24Probe: E1_CALLBACK_SAMPLE|round=7|sequence=50|producerTid=3308|consumerTid=3148|payload=r07-s050-x85|hash=3764754963|valid=true
CST 2026-07-17 17:57:03.331  3148  3148 I A02900/R1Api24Probe: E1_CALLBACK_SAMPLE|round=7|sequence=51|producerTid=3308|consumerTid=3148|payload=r07-s051-xa4|hash=2320141654|valid=true
CST 2026-07-17 17:57:03.331  3148  3148 I A02900/R1Api24Probe: E1_CALLBACK_SAMPLE|round=7|sequence=52|producerTid=3308|consumerTid=3148|payload=r07-s052-xc3|hash=4158688220|valid=true
CST 2026-07-17 17:57:03.331  3148  3148 I A02900/R1Api24Probe: E1_CALLBACK_SAMPLE|round=7|sequence=53|producerTid=3308|consumerTid=3148|payload=r07-s053-xe2|hash=2179145350|valid=true
CST 2026-07-17 17:57:03.331  3148  3148 I A02900/R1Api24Probe: E1_CALLBACK_SAMPLE|round=7|sequence=54|producerTid=3308|consumerTid=3148|payload=r07-s054-x01|hash=1143375915|valid=true
CST 2026-07-17 17:57:03.331  3148  3148 I A02900/R1Api24Probe: E1_CALLBACK_SAMPLE|round=7|sequence=55|producerTid=3308|consumerTid=3148|payload=r07-s055-x20|hash=1225227341|valid=true
CST 2026-07-17 17:57:03.331  3148  3148 I A02900/R1Api24Probe: E1_CALLBACK_SAMPLE|round=7|sequence=56|producerTid=3308|consumerTid=3148|payload=r07-s056-x3f|hash=3837223455|valid=true
CST 2026-07-17 17:57:03.331  3148  3148 I A02900/R1Api24Probe: E1_CALLBACK_SAMPLE|round=7|sequence=57|producerTid=3308|consumerTid=3148|payload=r07-s057-x5e|hash=3301660227|valid=true
CST 2026-07-17 17:57:03.332  3148  3148 I A02900/R1Api24Probe: E1_CALLBACK_SAMPLE|round=7|sequence=58|producerTid=3308|consumerTid=3148|payload=r07-s058-x7d|hash=2024856639|valid=true
CST 2026-07-17 17:57:03.332  3148  3148 I A02900/R1Api24Probe: E1_CALLBACK_SAMPLE|round=7|sequence=59|producerTid=3308|consumerTid=3148|payload=r07-s059-x9c|hash=3759467631|valid=true
CST 2026-07-17 17:57:03.332  3148  3148 I A02900/R1Api24Probe: E1_CALLBACK_SAMPLE|round=7|sequence=60|producerTid=3308|consumerTid=3148|payload=r07-s060-xbb|hash=2671613207|valid=true
CST 2026-07-17 17:57:03.332  3148  3148 I A02900/R1Api24Probe: E1_CALLBACK_SAMPLE|round=7|sequence=61|producerTid=3308|consumerTid=3148|payload=r07-s061-xda|hash=2478655423|valid=true
CST 2026-07-17 17:57:03.332  3148  3148 I A02900/R1Api24Probe: E1_CALLBACK_SAMPLE|round=7|sequence=62|producerTid=3308|consumerTid=3148|payload=r07-s062-xf9|hash=2856730332|valid=true
CST 2026-07-17 17:57:03.332  3148  3148 I A02900/R1Api24Probe: E1_CALLBACK_SAMPLE|round=7|sequence=63|producerTid=3308|consumerTid=3148|payload=r07-s063-x18|hash=1202850259|valid=true
CST 2026-07-17 17:57:03.332  3148  3148 I A02900/R1Api24Probe: E1_CALLBACK_SAMPLE|round=7|sequence=64|producerTid=3308|consumerTid=3148|payload=r07-s064-x37|hash=2621398965|valid=true
CST 2026-07-17 17:57:03.332  3148  3148 I A02900/R1Api24Probe: E1_CALLBACK_SAMPLE|round=7|sequence=65|producerTid=3308|consumerTid=3148|payload=r07-s065-x56|hash=4044609599|valid=true
CST 2026-07-17 17:57:03.332  3148  3148 I A02900/R1Api24Probe: E1_CALLBACK_SAMPLE|round=7|sequence=66|producerTid=3308|consumerTid=3148|payload=r07-s066-x75|hash=833722361|valid=true
CST 2026-07-17 17:57:03.332  3148  3148 I A02900/R1Api24Probe: E1_CALLBACK_SAMPLE|round=7|sequence=67|producerTid=3308|consumerTid=3148|payload=r07-s067-x94|hash=65358835|valid=true
CST 2026-07-17 17:57:03.332  3148  3148 I A02900/R1Api24Probe: E1_CALLBACK_SAMPLE|round=7|sequence=68|producerTid=3308|consumerTid=3148|payload=r07-s068-xb3|hash=3359991996|valid=true
CST 2026-07-17 17:57:03.332  3148  3148 I A02900/R1Api24Probe: E1_CALLBACK_SAMPLE|round=7|sequence=69|producerTid=3308|consumerTid=3148|payload=r07-s069-xd2|hash=3318925098|valid=true
CST 2026-07-17 17:57:03.332  3148  3148 I A02900/R1Api24Probe: E1_CALLBACK_SAMPLE|round=7|sequence=70|producerTid=3308|consumerTid=3148|payload=r07-s070-xf1|hash=2654459411|valid=true
CST 2026-07-17 17:57:03.332  3148  3148 I A02900/R1Api24Probe: E1_CALLBACK_SAMPLE|round=7|sequence=71|producerTid=3308|consumerTid=3148|payload=r07-s071-x10|hash=3476491628|valid=true
CST 2026-07-17 17:57:03.333  3148  3148 I A02900/R1Api24Probe: E1_CALLBACK_SAMPLE|round=7|sequence=72|producerTid=3308|consumerTid=3148|payload=r07-s072-x2f|hash=1750508100|valid=true
CST 2026-07-17 17:57:03.333  3148  3148 I A02900/R1Api24Probe: E1_CALLBACK_SAMPLE|round=7|sequence=73|producerTid=3308|consumerTid=3148|payload=r07-s073-x4e|hash=2563810216|valid=true
CST 2026-07-17 17:57:03.333  3148  3148 I A02900/R1Api24Probe: E1_CALLBACK_SAMPLE|round=7|sequence=74|producerTid=3308|consumerTid=3148|payload=r07-s074-x6d|hash=295582592|valid=true
CST 2026-07-17 17:57:03.333  3148  3148 I A02900/R1Api24Probe: E1_CALLBACK_SAMPLE|round=7|sequence=75|producerTid=3308|consumerTid=3148|payload=r07-s075-x8c|hash=475842312|valid=true
CST 2026-07-17 17:57:03.333  3148  3148 I A02900/R1Api24Probe: E1_CALLBACK_SAMPLE|round=7|sequence=76|producerTid=3308|consumerTid=3148|payload=r07-s076-xab|hash=758508275|valid=true
CST 2026-07-17 17:57:03.333  3148  3148 I A02900/R1Api24Probe: E1_CALLBACK_SAMPLE|round=7|sequence=77|producerTid=3308|consumerTid=3148|payload=r07-s077-xca|hash=1672305551|valid=true
CST 2026-07-17 17:57:03.333  3148  3148 I A02900/R1Api24Probe: E1_CALLBACK_SAMPLE|round=7|sequence=78|producerTid=3308|consumerTid=3148|payload=r07-s078-xe9|hash=3199309560|valid=true
CST 2026-07-17 17:57:03.333  3148  3148 I A02900/R1Api24Probe: E1_CALLBACK_SAMPLE|round=7|sequence=79|producerTid=3308|consumerTid=3148|payload=r07-s079-x08|hash=4127519445|valid=true
CST 2026-07-17 17:57:03.333  3148  3148 I A02900/R1Api24Probe: E1_CALLBACK_SAMPLE|round=7|sequence=80|producerTid=3308|consumerTid=3148|payload=r07-s080-x27|hash=323455362|valid=true
CST 2026-07-17 17:57:03.333  3148  3148 I A02900/R1Api24Probe: E1_CALLBACK_SAMPLE|round=7|sequence=81|producerTid=3308|consumerTid=3148|payload=r07-s081-x46|hash=1329674492|valid=true
CST 2026-07-17 17:57:03.333  3148  3148 I A02900/R1Api24Probe: E1_CALLBACK_SAMPLE|round=7|sequence=82|producerTid=3308|consumerTid=3148|payload=r07-s082-x65|hash=3868934914|valid=true
CST 2026-07-17 17:57:03.333  3148  3148 I A02900/R1Api24Probe: E1_CALLBACK_SAMPLE|round=7|sequence=83|producerTid=3308|consumerTid=3148|payload=r07-s083-x84|hash=1773180828|valid=true
CST 2026-07-17 17:57:03.333  3148  3148 I A02900/R1Api24Probe: E1_CALLBACK_SAMPLE|round=7|sequence=84|producerTid=3308|consumerTid=3148|payload=r07-s084-xa3|hash=3448368093|valid=true
CST 2026-07-17 17:57:03.333  3148  3148 I A02900/R1Api24Probe: E1_CALLBACK_SAMPLE|round=7|sequence=85|producerTid=3308|consumerTid=3148|payload=r07-s085-xc2|hash=2505959183|valid=true
CST 2026-07-17 17:57:03.334  3148  3148 I A02900/R1Api24Probe: E1_CALLBACK_SAMPLE|round=7|sequence=86|producerTid=3308|consumerTid=3148|payload=r07-s086-xe1|hash=642570393|valid=true
CST 2026-07-17 17:57:03.334  3148  3148 I A02900/R1Api24Probe: E1_CALLBACK_SAMPLE|round=7|sequence=87|producerTid=3308|consumerTid=3148|payload=r07-s087-x00|hash=2783908452|valid=true
CST 2026-07-17 17:57:03.334  3148  3148 I A02900/R1Api24Probe: E1_CALLBACK_SAMPLE|round=7|sequence=88|producerTid=3308|consumerTid=3148|payload=r07-s088-x1f|hash=3285977778|valid=true
CST 2026-07-17 17:57:03.334  3148  3148 I A02900/R1Api24Probe: E1_CALLBACK_SAMPLE|round=7|sequence=89|producerTid=3308|consumerTid=3148|payload=r07-s089-x3e|hash=450033850|valid=true
CST 2026-07-17 17:57:03.334  3148  3148 I A02900/R1Api24Probe: E1_CALLBACK_SAMPLE|round=7|sequence=90|producerTid=3308|consumerTid=3148|payload=r07-s090-x5d|hash=1817870649|valid=true
CST 2026-07-17 17:57:03.334  3148  3148 I A02900/R1Api24Probe: E1_CALLBACK_SAMPLE|round=7|sequence=91|producerTid=3308|consumerTid=3148|payload=r07-s091-x7c|hash=1960355385|valid=true
CST 2026-07-17 17:57:03.334  3148  3148 I A02900/R1Api24Probe: E1_CALLBACK_SAMPLE|round=7|sequence=92|producerTid=3308|consumerTid=3148|payload=r07-s092-x9b|hash=4294447785|valid=true
CST 2026-07-17 17:57:03.334  3148  3148 I A02900/R1Api24Probe: E1_CALLBACK_SAMPLE|round=7|sequence=93|producerTid=3308|consumerTid=3148|payload=r07-s093-xba|hash=2702207488|valid=true
CST 2026-07-17 17:57:03.334  3148  3148 I A02900/R1Api24Probe: E1_CALLBACK_SAMPLE|round=7|sequence=94|producerTid=3308|consumerTid=3148|payload=r07-s094-xd9|hash=3807988107|valid=true
CST 2026-07-17 17:57:03.334  3148  3148 I A02900/R1Api24Probe: E1_CALLBACK_SAMPLE|round=7|sequence=95|producerTid=3308|consumerTid=3148|payload=r07-s095-xf8|hash=2971026837|valid=true
CST 2026-07-17 17:57:03.334  3148  3148 I A02900/R1Api24Probe: E1_CALLBACK_SAMPLE|round=7|sequence=96|producerTid=3308|consumerTid=3148|payload=r07-s096-x17|hash=2233135886|valid=true
CST 2026-07-17 17:57:03.334  3148  3148 I A02900/R1Api24Probe: E1_CALLBACK_SAMPLE|round=7|sequence=97|producerTid=3308|consumerTid=3148|payload=r07-s097-x36|hash=517823420|valid=true
CST 2026-07-17 17:57:03.334  3148  3148 I A02900/R1Api24Probe: E1_CALLBACK_SAMPLE|round=7|sequence=98|producerTid=3308|consumerTid=3148|payload=r07-s098-x55|hash=1267552926|valid=true
CST 2026-07-17 17:57:03.334  3148  3148 I A02900/R1Api24Probe: E1_CALLBACK_SAMPLE|round=7|sequence=99|producerTid=3308|consumerTid=3148|payload=r07-s099-x74|hash=1475410276|valid=true
CST 2026-07-17 17:57:03.334  3148  3148 I A02900/R1Api24Probe: E1_CALLBACK_SAMPLE|round=7|sequence=100|producerTid=3308|consumerTid=3148|payload=r07-s100-x93|hash=3027450070|valid=true
CST 2026-07-17 17:57:03.335   795   795 E C01406/RSScreenManager: IsAllScreensPowerOff: screenPowerStatus_ is empty.
CST 2026-07-17 17:57:03.344   644   650 I C02515/DISP: [InitBufferHandle:229] express init gbuffer id 28a0000003e ret 0 err 0 fd 8 222 222 pixel 4 size 197136 usage 2b
CST 2026-07-17 17:57:03.344   644   650 I C02515/DISP: [ExpressAllocMem:271] ExpressAllocMem requeset BufferHandle 8, width 222, heigt 222, format 20
CST 2026-07-17 17:57:03.350   644   650 I C02515/DISP: [ExpressFreeMem:317] freeMem bufferhandle gbuffer_id 28a0000003e, width 222, heigt 222
CST 2026-07-17 17:57:03.350   648  3105 W C02515/DISP: [SetLayerMaskInfo:495] <private> is not supported
CST 2026-07-17 17:57:03.350   648  3105 I C02515/DISP: [CommitComposeLayer:67] CommitComposeLayer! 10
CST 2026-07-17 17:57:03.357   795   795 E C01406/RSScreenManager: IsAllScreensPowerOff: screenPowerStatus_ is empty.
CST 2026-07-17 17:57:03.358  2255  2277 I C02515/DISP: [ExpressFreeMem:317] freeMem bufferhandle gbuffer_id 28a0000003d, width 512, heigt 512
CST 2026-07-17 17:57:03.376  3148  3148 I A02900/R1Api24Probe: E1_ROUND_RESULT|verdict=PASS|round=7|pid=3148|mainTid=3148|producerTid=3308|consumerTid=3148|buffers=100|callbacks=100|fdTransfers=1|bufferHashAggregate=1306351913|callbackHashAggregate=884704170|fdPayloadHash=3381443963|beforeFd=38|afterFd=38|beforeThreads=28|afterThreads=28|monotonicIncrease=false
CST 2026-07-17 17:57:03.376  3148  3148 I A02900/R1Api24Probe: E1_BUFFER_SAMPLE|round=8|sample=1|length=0|leftSentinel=72|rightSentinel=183|hash=2166136261|guards=true|nativeTid=3148
CST 2026-07-17 17:57:03.376  3148  3148 I A02900/R1Api24Probe: E1_BUFFER_SAMPLE|round=8|sample=2|length=1|leftSentinel=73|rightSentinel=182|hash=1879798416|guards=true|nativeTid=3148
CST 2026-07-17 17:57:03.376  3148  3148 I A02900/R1Api24Probe: E1_BUFFER_SAMPLE|round=8|sample=3|length=2|leftSentinel=74|rightSentinel=181|hash=1685821348|guards=true|nativeTid=3148
CST 2026-07-17 17:57:03.376  3148  3148 I A02900/R1Api24Probe: E1_BUFFER_SAMPLE|round=8|sample=4|length=3|leftSentinel=75|rightSentinel=180|hash=771478847|guards=true|nativeTid=3148
CST 2026-07-17 17:57:03.377  3148  3148 I A02900/R1Api24Probe: E1_BUFFER_SAMPLE|round=8|sample=5|length=4|leftSentinel=76|rightSentinel=179|hash=4224642741|guards=true|nativeTid=3148
CST 2026-07-17 17:57:03.377  3148  3148 I A02900/R1Api24Probe: E1_BUFFER_SAMPLE|round=8|sample=6|length=5|leftSentinel=77|rightSentinel=178|hash=1007183048|guards=true|nativeTid=3148
CST 2026-07-17 17:57:03.377  3148  3148 I A02900/R1Api24Probe: E1_BUFFER_SAMPLE|round=8|sample=7|length=6|leftSentinel=78|rightSentinel=177|hash=2559542776|guards=true|nativeTid=3148
CST 2026-07-17 17:57:03.377  3148  3148 I A02900/R1Api24Probe: E1_BUFFER_SAMPLE|round=8|sample=8|length=7|leftSentinel=79|rightSentinel=176|hash=893934083|guards=true|nativeTid=3148
CST 2026-07-17 17:57:03.377  3148  3148 I A02900/R1Api24Probe: E1_BUFFER_SAMPLE|round=8|sample=9|length=8|leftSentinel=80|rightSentinel=175|hash=776232629|guards=true|nativeTid=3148
CST 2026-07-17 17:57:03.377  3148  3148 I A02900/R1Api24Probe: E1_BUFFER_SAMPLE|round=8|sample=10|length=9|leftSentinel=81|rightSentinel=174|hash=444925184|guards=true|nativeTid=3148
CST 2026-07-17 17:57:03.377  3148  3148 I A02900/R1Api24Probe: E1_BUFFER_SAMPLE|round=8|sample=11|length=10|leftSentinel=82|rightSentinel=173|hash=1838572492|guards=true|nativeTid=3148
CST 2026-07-17 17:57:03.377  3148  3148 I A02900/R1Api24Probe: E1_BUFFER_SAMPLE|round=8|sample=12|length=11|leftSentinel=83|rightSentinel=172|hash=833330207|guards=true|nativeTid=3148
CST 2026-07-17 17:57:03.377  3148  3148 I A02900/R1Api24Probe: E1_BUFFER_SAMPLE|round=8|sample=13|length=12|leftSentinel=84|rightSentinel=171|hash=2966658565|guards=true|nativeTid=3148
CST 2026-07-17 17:57:03.377   648  3105 W C02515/DISP: [SetLayerMaskInfo:495] <private> is not supported
CST 2026-07-17 17:57:03.377  3148  3148 I A02900/R1Api24Probe: E1_BUFFER_SAMPLE|round=8|sample=14|length=13|leftSentinel=85|rightSentinel=170|hash=1229904088|guards=true|nativeTid=3148
CST 2026-07-17 17:57:03.377  3148  3148 I A02900/R1Api24Probe: E1_BUFFER_SAMPLE|round=8|sample=15|length=14|leftSentinel=86|rightSentinel=169|hash=198025424|guards=true|nativeTid=3148
CST 2026-07-17 17:57:03.377  3148  3148 I A02900/R1Api24Probe: E1_BUFFER_SAMPLE|round=8|sample=16|length=15|leftSentinel=87|rightSentinel=168|hash=3179741811|guards=true|nativeTid=3148
CST 2026-07-17 17:57:03.377   648  3105 I C02515/DISP: [CommitComposeLayer:67] CommitComposeLayer! 10
CST 2026-07-17 17:57:03.378  3148  3148 I A02900/R1Api24Probe: E1_BUFFER_SAMPLE|round=8|sample=17|length=16|leftSentinel=88|rightSentinel=167|hash=1292071685|guards=true|nativeTid=3148
CST 2026-07-17 17:57:03.378  3148  3148 I A02900/R1Api24Probe: E1_BUFFER_SAMPLE|round=8|sample=18|length=17|leftSentinel=89|rightSentinel=166|hash=1655830960|guards=true|nativeTid=3148
CST 2026-07-17 17:57:03.378  3148  3148 I A02900/R1Api24Probe: E1_BUFFER_SAMPLE|round=8|sample=19|length=18|leftSentinel=90|rightSentinel=165|hash=1500231476|guards=true|nativeTid=3148
CST 2026-07-17 17:57:03.378  3148  3148 I A02900/R1Api24Probe: E1_BUFFER_SAMPLE|round=8|sample=20|length=19|leftSentinel=91|rightSentinel=164|hash=3736660415|guards=true|nativeTid=3148
CST 2026-07-17 17:57:03.378  3148  3148 I A02900/R1Api24Probe: E1_BUFFER_SAMPLE|round=8|sample=21|length=20|leftSentinel=92|rightSentinel=163|hash=3486230549|guards=true|nativeTid=3148
CST 2026-07-17 17:57:03.378  3148  3148 I A02900/R1Api24Probe: E1_BUFFER_SAMPLE|round=8|sample=22|length=21|leftSentinel=93|rightSentinel=162|hash=1000630856|guards=true|nativeTid=3148
CST 2026-07-17 17:57:03.378  3148  3148 I A02900/R1Api24Probe: E1_BUFFER_SAMPLE|round=8|sample=23|length=22|leftSentinel=94|rightSentinel=161|hash=1026854824|guards=true|nativeTid=3148
CST 2026-07-17 17:57:03.378  3148  3148 I A02900/R1Api24Probe: E1_BUFFER_SAMPLE|round=8|sample=24|length=23|leftSentinel=95|rightSentinel=160|hash=2857681283|guards=true|nativeTid=3148
CST 2026-07-17 17:57:03.378  3148  3148 I A02900/R1Api24Probe: E1_BUFFER_SAMPLE|round=8|sample=25|length=24|leftSentinel=96|rightSentinel=159|hash=3823278133|guards=true|nativeTid=3148
CST 2026-07-17 17:57:03.378  3148  3148 I A02900/R1Api24Probe: E1_BUFFER_SAMPLE|round=8|sample=26|length=25|leftSentinel=97|rightSentinel=158|hash=97374176|guards=true|nativeTid=3148
CST 2026-07-17 17:57:03.378  3148  3148 I A02900/R1Api24Probe: E1_BUFFER_SAMPLE|round=8|sample=27|length=26|leftSentinel=98|rightSentinel=157|hash=3477192348|guards=true|nativeTid=3148
CST 2026-07-17 17:57:03.378  3148  3148 I A02900/R1Api24Probe: E1_BUFFER_SAMPLE|round=8|sample=28|length=27|leftSentinel=99|rightSentinel=156|hash=4075917535|guards=true|nativeTid=3148
CST 2026-07-17 17:57:03.378  3148  3148 I A02900/R1Api24Probe: E1_BUFFER_SAMPLE|round=8|sample=29|length=28|leftSentinel=100|rightSentinel=155|hash=2859960229|guards=true|nativeTid=3148
CST 2026-07-17 17:57:03.378  3148  3148 I A02900/R1Api24Probe: E1_BUFFER_SAMPLE|round=8|sample=30|length=29|leftSentinel=101|rightSentinel=154|hash=2985881944|guards=true|nativeTid=3148
CST 2026-07-17 17:57:03.379  3148  3148 I A02900/R1Api24Probe: E1_BUFFER_SAMPLE|round=8|sample=31|length=30|leftSentinel=102|rightSentinel=153|hash=1167773856|guards=true|nativeTid=3148
CST 2026-07-17 17:57:03.379  3148  3148 I A02900/R1Api24Probe: E1_BUFFER_SAMPLE|round=8|sample=32|length=31|leftSentinel=103|rightSentinel=152|hash=3519132499|guards=true|nativeTid=3148
CST 2026-07-17 17:57:03.379  3148  3148 I A02900/R1Api24Probe: E1_BUFFER_SAMPLE|round=8|sample=33|length=32|leftSentinel=104|rightSentinel=151|hash=1795490949|guards=true|nativeTid=3148
CST 2026-07-17 17:57:03.379  3148  3148 I A02900/R1Api24Probe: E1_BUFFER_SAMPLE|round=8|sample=34|length=33|leftSentinel=105|rightSentinel=150|hash=2402270224|guards=true|nativeTid=3148
CST 2026-07-17 17:57:03.379  3148  3148 I A02900/R1Api24Probe: E1_BUFFER_SAMPLE|round=8|sample=35|length=34|leftSentinel=106|rightSentinel=149|hash=3652164292|guards=true|nativeTid=3148
CST 2026-07-17 17:57:03.379  3148  3148 I A02900/R1Api24Probe: E1_BUFFER_SAMPLE|round=8|sample=36|length=35|leftSentinel=107|rightSentinel=148|hash=807636799|guards=true|nativeTid=3148
CST 2026-07-17 17:57:03.379  3148  3148 I A02900/R1Api24Probe: E1_BUFFER_SAMPLE|round=8|sample=37|length=36|leftSentinel=108|rightSentinel=147|hash=880321781|guards=true|nativeTid=3148
CST 2026-07-17 17:57:03.379  3148  3148 I A02900/R1Api24Probe: E1_BUFFER_SAMPLE|round=8|sample=38|length=37|leftSentinel=109|rightSentinel=146|hash=2186179144|guards=true|nativeTid=3148
CST 2026-07-17 17:57:03.379  3148  3148 I A02900/R1Api24Probe: E1_BUFFER_SAMPLE|round=8|sample=39|length=38|leftSentinel=110|rightSentinel=145|hash=3594513688|guards=true|nativeTid=3148
CST 2026-07-17 17:57:03.379  3148  3148 I A02900/R1Api24Probe: E1_BUFFER_SAMPLE|round=8|sample=40|length=39|leftSentinel=111|rightSentinel=144|hash=3165034691|guards=true|nativeTid=3148
CST 2026-07-17 17:57:03.379  3148  3148 I A02900/R1Api24Probe: E1_BUFFER_SAMPLE|round=8|sample=41|length=40|leftSentinel=112|rightSentinel=143|hash=1619101301|guards=true|nativeTid=3148
CST 2026-07-17 17:57:03.379  3148  3148 I A02900/R1Api24Probe: E1_BUFFER_SAMPLE|round=8|sample=42|length=41|leftSentinel=113|rightSentinel=142|hash=3919956544|guards=true|nativeTid=3148
CST 2026-07-17 17:57:03.379  2255  2277 I C02515/DISP: [ExpressFreeMem:317] freeMem bufferhandle gbuffer_id 28a0000003e, width 222, heigt 222
CST 2026-07-17 17:57:03.379  3148  3148 I A02900/R1Api24Probe: E1_BUFFER_SAMPLE|round=8|sample=43|length=42|leftSentinel=114|rightSentinel=141|hash=2924713964|guards=true|nativeTid=3148
CST 2026-07-17 17:57:03.379  3148  3148 I A02900/R1Api24Probe: E1_BUFFER_SAMPLE|round=8|sample=44|length=43|leftSentinel=115|rightSentinel=140|hash=3199353119|guards=true|nativeTid=3148
CST 2026-07-17 17:57:03.379  3148  3148 I A02900/R1Api24Probe: E1_BUFFER_SAMPLE|round=8|sample=45|length=44|leftSentinel=116|rightSentinel=139|hash=1374432325|guards=true|nativeTid=3148
CST 2026-07-17 17:57:03.379  3148  3148 I A02900/R1Api24Probe: E1_BUFFER_SAMPLE|round=8|sample=46|length=45|leftSentinel=117|rightSentinel=138|hash=3440150232|guards=true|nativeTid=3148
CST 2026-07-17 17:57:03.379  3148  3148 I A02900/R1Api24Probe: E1_BUFFER_SAMPLE|round=8|sample=47|length=46|leftSentinel=118|rightSentinel=137|hash=1395998448|guards=true|nativeTid=3148
CST 2026-07-17 17:57:03.379  3148  3148 I A02900/R1Api24Probe: E1_BUFFER_SAMPLE|round=8|sample=48|length=47|leftSentinel=119|rightSentinel=136|hash=3786953715|guards=true|nativeTid=3148
CST 2026-07-17 17:57:03.380  3148  3148 I A02900/R1Api24Probe: E1_BUFFER_SAMPLE|round=8|sample=49|length=48|leftSentinel=120|rightSentinel=135|hash=3438356805|guards=true|nativeTid=3148
CST 2026-07-17 17:57:03.380  3148  3148 I A02900/R1Api24Probe: E1_BUFFER_SAMPLE|round=8|sample=50|length=49|leftSentinel=121|rightSentinel=134|hash=2218172400|guards=true|nativeTid=3148
CST 2026-07-17 17:57:03.380  3148  3148 I A02900/R1Api24Probe: E1_BUFFER_SAMPLE|round=8|sample=51|length=50|leftSentinel=122|rightSentinel=133|hash=1290875540|guards=true|nativeTid=3148
CST 2026-07-17 17:57:03.380  3148  3148 I A02900/R1Api24Probe: E1_BUFFER_SAMPLE|round=8|sample=52|length=51|leftSentinel=123|rightSentinel=132|hash=1947520767|guards=true|nativeTid=3148
CST 2026-07-17 17:57:03.380  3148  3148 I A02900/R1Api24Probe: E1_BUFFER_SAMPLE|round=8|sample=53|length=52|leftSentinel=124|rightSentinel=131|hash=2341589973|guards=true|nativeTid=3148
CST 2026-07-17 17:57:03.380  3148  3148 I A02900/R1Api24Probe: E1_BUFFER_SAMPLE|round=8|sample=54|length=53|leftSentinel=125|rightSentinel=130|hash=3126207048|guards=true|nativeTid=3148
CST 2026-07-17 17:57:03.380  3148  3148 I A02900/R1Api24Probe: E1_BUFFER_SAMPLE|round=8|sample=55|length=54|leftSentinel=126|rightSentinel=129|hash=1146842824|guards=true|nativeTid=3148
CST 2026-07-17 17:57:03.380  3148  3148 I A02900/R1Api24Probe: E1_BUFFER_SAMPLE|round=8|sample=56|length=55|leftSentinel=127|rightSentinel=128|hash=3271565763|guards=true|nativeTid=3148
CST 2026-07-17 17:57:03.380  3148  3148 I A02900/R1Api24Probe: E1_BUFFER_SAMPLE|round=8|sample=57|length=56|leftSentinel=128|rightSentinel=127|hash=1853813877|guards=true|nativeTid=3148
CST 2026-07-17 17:57:03.380  3148  3148 I A02900/R1Api24Probe: E1_BUFFER_SAMPLE|round=8|sample=58|length=57|leftSentinel=129|rightSentinel=126|hash=2946451040|guards=true|nativeTid=3148
CST 2026-07-17 17:57:03.380  3148  3148 I A02900/R1Api24Probe: E1_BUFFER_SAMPLE|round=8|sample=59|length=58|leftSentinel=130|rightSentinel=125|hash=2590280188|guards=true|nativeTid=3148
CST 2026-07-17 17:57:03.380  3148  3148 I A02900/R1Api24Probe: E1_BUFFER_SAMPLE|round=8|sample=60|length=59|leftSentinel=131|rightSentinel=124|hash=1143773343|guards=true|nativeTid=3148
CST 2026-07-17 17:57:03.380  3148  3148 I A02900/R1Api24Probe: E1_BUFFER_SAMPLE|round=8|sample=61|length=60|leftSentinel=132|rightSentinel=123|hash=1286068581|guards=true|nativeTid=3148
CST 2026-07-17 17:57:03.380  3148  3148 I A02900/R1Api24Probe: E1_BUFFER_SAMPLE|round=8|sample=62|length=61|leftSentinel=133|rightSentinel=122|hash=3837653464|guards=true|nativeTid=3148
CST 2026-07-17 17:57:03.380  3148  3148 I A02900/R1Api24Probe: E1_BUFFER_SAMPLE|round=8|sample=63|length=62|leftSentinel=134|rightSentinel=121|hash=8289664|guards=true|nativeTid=3148
CST 2026-07-17 17:57:03.380  3148  3148 I A02900/R1Api24Probe: E1_BUFFER_SAMPLE|round=8|sample=64|length=63|leftSentinel=135|rightSentinel=120|hash=458746131|guards=true|nativeTid=3148
CST 2026-07-17 17:57:03.381  3148  3148 I A02900/R1Api24Probe: E1_BUFFER_SAMPLE|round=8|sample=65|length=64|leftSentinel=136|rightSentinel=119|hash=329740741|guards=true|nativeTid=3148
CST 2026-07-17 17:57:03.381  3148  3148 I A02900/R1Api24Probe: E1_BUFFER_SAMPLE|round=8|sample=66|length=65|leftSentinel=137|rightSentinel=118|hash=3642742928|guards=true|nativeTid=3148
CST 2026-07-17 17:57:03.381  3148  3148 I A02900/R1Api24Probe: E1_BUFFER_SAMPLE|round=8|sample=67|length=66|leftSentinel=138|rightSentinel=117|hash=1454978788|guards=true|nativeTid=3148
CST 2026-07-17 17:57:03.381  3148  3148 I A02900/R1Api24Probe: E1_BUFFER_SAMPLE|round=8|sample=68|length=67|leftSentinel=139|rightSentinel=116|hash=695383231|guards=true|nativeTid=3148
CST 2026-07-17 17:57:03.381  3148  3148 I A02900/R1Api24Probe: E1_BUFFER_SAMPLE|round=8|sample=69|length=68|leftSentinel=140|rightSentinel=115|hash=2856839093|guards=true|nativeTid=3148
CST 2026-07-17 17:57:03.381  3148  3148 I A02900/R1Api24Probe: E1_BUFFER_SAMPLE|round=8|sample=70|length=69|leftSentinel=141|rightSentinel=114|hash=2270709064|guards=true|nativeTid=3148
CST 2026-07-17 17:57:03.381  3148  3148 I A02900/R1Api24Probe: E1_BUFFER_SAMPLE|round=8|sample=71|length=70|leftSentinel=142|rightSentinel=113|hash=204089784|guards=true|nativeTid=3148
CST 2026-07-17 17:57:03.381  3148  3148 I A02900/R1Api24Probe: E1_BUFFER_SAMPLE|round=8|sample=72|length=71|leftSentinel=143|rightSentinel=112|hash=3386512899|guards=true|nativeTid=3148
CST 2026-07-17 17:57:03.381  3148  3148 I A02900/R1Api24Probe: E1_BUFFER_SAMPLE|round=8|sample=73|length=72|leftSentinel=144|rightSentinel=111|hash=472435381|guards=true|nativeTid=3148
CST 2026-07-17 17:57:03.381  3148  3148 I A02900/R1Api24Probe: E1_BUFFER_SAMPLE|round=8|sample=74|length=73|leftSentinel=145|rightSentinel=110|hash=1831935360|guards=true|nativeTid=3148
CST 2026-07-17 17:57:03.381  3148  3148 I A02900/R1Api24Probe: E1_BUFFER_SAMPLE|round=8|sample=75|length=74|leftSentinel=146|rightSentinel=109|hash=1575568908|guards=true|nativeTid=3148
CST 2026-07-17 17:57:03.381  3148  3148 I A02900/R1Api24Probe: E1_BUFFER_SAMPLE|round=8|sample=76|length=75|leftSentinel=147|rightSentinel=108|hash=2453167263|guards=true|nativeTid=3148
CST 2026-07-17 17:57:03.381  3148  3148 I A02900/R1Api24Probe: E1_BUFFER_SAMPLE|round=8|sample=77|length=76|leftSentinel=148|rightSentinel=107|hash=2467800581|guards=true|nativeTid=3148
CST 2026-07-17 17:57:03.381  3148  3148 I A02900/R1Api24Probe: E1_BUFFER_SAMPLE|round=8|sample=78|length=77|leftSentinel=149|rightSentinel=106|hash=3134693336|guards=true|nativeTid=3148
CST 2026-07-17 17:57:03.381  3148  3148 I A02900/R1Api24Probe: E1_BUFFER_SAMPLE|round=8|sample=79|length=78|leftSentinel=150|rightSentinel=105|hash=1036998928|guards=true|nativeTid=3148
CST 2026-07-17 17:57:03.382  3148  3148 I A02900/R1Api24Probe: E1_BUFFER_SAMPLE|round=8|sample=80|length=79|leftSentinel=151|rightSentinel=104|hash=1746929651|guards=true|nativeTid=3148
CST 2026-07-17 17:57:03.382  3148  3148 I A02900/R1Api24Probe: E1_BUFFER_SAMPLE|round=8|sample=81|length=80|leftSentinel=152|rightSentinel=103|hash=4076502789|guards=true|nativeTid=3148
CST 2026-07-17 17:57:03.382  3148  3148 I A02900/R1Api24Probe: E1_BUFFER_SAMPLE|round=8|sample=82|length=81|leftSentinel=153|rightSentinel=102|hash=3878698160|guards=true|nativeTid=3148
CST 2026-07-17 17:57:03.382  3148  3148 I A02900/R1Api24Probe: E1_BUFFER_SAMPLE|round=8|sample=83|length=82|leftSentinel=154|rightSentinel=101|hash=1146641652|guards=true|nativeTid=3148
CST 2026-07-17 17:57:03.382  3148  3148 I A02900/R1Api24Probe: E1_BUFFER_SAMPLE|round=8|sample=84|length=83|leftSentinel=155|rightSentinel=100|hash=1904828223|guards=true|nativeTid=3148
CST 2026-07-17 17:57:03.382  3148  3148 I A02900/R1Api24Probe: E1_BUFFER_SAMPLE|round=8|sample=85|length=84|leftSentinel=156|rightSentinel=99|hash=2077587349|guards=true|nativeTid=3148
CST 2026-07-17 17:57:03.382  3148  3148 I A02900/R1Api24Probe: E1_BUFFER_SAMPLE|round=8|sample=86|length=85|leftSentinel=157|rightSentinel=98|hash=3223960776|guards=true|nativeTid=3148
CST 2026-07-17 17:57:03.382  3148  3148 I A02900/R1Api24Probe: E1_BUFFER_SAMPLE|round=8|sample=87|length=86|leftSentinel=158|rightSentinel=97|hash=3737431528|guards=true|nativeTid=3148
CST 2026-07-17 17:57:03.382  3148  3148 I A02900/R1Api24Probe: E1_BUFFER_SAMPLE|round=8|sample=88|length=87|leftSentinel=159|rightSentinel=96|hash=3493640579|guards=true|nativeTid=3148
CST 2026-07-17 17:57:03.382  3148  3148 I A02900/R1Api24Probe: E1_BUFFER_SAMPLE|round=8|sample=89|length=88|leftSentinel=160|rightSentinel=95|hash=1364554933|guards=true|nativeTid=3148
CST 2026-07-17 17:57:03.382  3148  3148 I A02900/R1Api24Probe: E1_BUFFER_SAMPLE|round=8|sample=90|length=89|leftSentinel=161|rightSentinel=94|hash=1347116256|guards=true|nativeTid=3148
CST 2026-07-17 17:57:03.382  3148  3148 I A02900/R1Api24Probe: E1_BUFFER_SAMPLE|round=8|sample=91|length=90|leftSentinel=162|rightSentinel=93|hash=2431435100|guards=true|nativeTid=3148
CST 2026-07-17 17:57:03.382  3148  3148 I A02900/R1Api24Probe: E1_BUFFER_SAMPLE|round=8|sample=92|length=91|leftSentinel=163|rightSentinel=92|hash=403853023|guards=true|nativeTid=3148
CST 2026-07-17 17:57:03.382  3148  3148 I A02900/R1Api24Probe: E1_BUFFER_SAMPLE|round=8|sample=93|length=92|leftSentinel=164|rightSentinel=91|hash=1593322277|guards=true|nativeTid=3148
CST 2026-07-17 17:57:03.382  3148  3148 I A02900/R1Api24Probe: E1_BUFFER_SAMPLE|round=8|sample=94|length=93|leftSentinel=165|rightSentinel=90|hash=2133724376|guards=true|nativeTid=3148
CST 2026-07-17 17:57:03.383  3148  3148 I A02900/R1Api24Probe: E1_BUFFER_SAMPLE|round=8|sample=95|length=94|leftSentinel=166|rightSentinel=89|hash=3259374176|guards=true|nativeTid=3148
CST 2026-07-17 17:57:03.383  3148  3148 I A02900/R1Api24Probe: E1_BUFFER_SAMPLE|round=8|sample=96|length=95|leftSentinel=167|rightSentinel=88|hash=3933871699|guards=true|nativeTid=3148
CST 2026-07-17 17:57:03.383  3148  3148 I A02900/R1Api24Probe: E1_BUFFER_SAMPLE|round=8|sample=97|length=96|leftSentinel=168|rightSentinel=87|hash=4225243909|guards=true|nativeTid=3148
CST 2026-07-17 17:57:03.383  3148  3148 I A02900/R1Api24Probe: E1_BUFFER_SAMPLE|round=8|sample=98|length=97|leftSentinel=169|rightSentinel=86|hash=221197584|guards=true|nativeTid=3148
CST 2026-07-17 17:57:03.383  3148  3148 I A02900/R1Api24Probe: E1_BUFFER_SAMPLE|round=8|sample=99|length=98|leftSentinel=170|rightSentinel=85|hash=2476022788|guards=true|nativeTid=3148
CST 2026-07-17 17:57:03.383  3148  3148 I A02900/R1Api24Probe: E1_BUFFER_SAMPLE|round=8|sample=100|length=99|leftSentinel=171|rightSentinel=84|hash=1335433535|guards=true|nativeTid=3148
CST 2026-07-17 17:57:03.383  3148  3148 I A02900/R1Api24Probe: E1_FD_CREATED|fdA=37|fdB=38|creatorTid=3148|owner=ArkTS
CST 2026-07-17 17:57:03.383  3148  3148 I A02900/R1Api24Probe: E1_FD_RESULT|round=8|fdA=37|fdB=38|duplicateFd=39|written=23|read=23|payload=fd-round-08-sentinel-28|payloadHash=3915913625|closeA=0|closeDuplicate=0|closeB=0|duplicateCloseA=-1|errnoA=9|duplicateCloseB=-1|errnoB=9|owner=closed-by-native|nativeTid=3148
CST 2026-07-17 17:57:03.384  3148  3309 I A02900/R1Api24Probe: E1_PTHREAD_START|round=8|producerTid=3309
CST 2026-07-17 17:57:03.384  3148  3148 I A02900/R1Api24Probe: E1_CALLBACK_SAMPLE|round=8|sequence=1|producerTid=3309|consumerTid=3148|payload=r08-s001-xa7|hash=1990011473|valid=true
CST 2026-07-17 17:57:03.384  3148  3309 I A02900/R1Api24Probe: E1_PTHREAD_FINISH|round=8|producerTid=3309|queued=100|status=0
CST 2026-07-17 17:57:03.384  3148  3148 I A02900/R1Api24Probe: E1_CALLBACK_SAMPLE|round=8|sequence=2|producerTid=3309|consumerTid=3148|payload=r08-s002-xc6|hash=687301769|valid=true
CST 2026-07-17 17:57:03.384  3148  3148 I A02900/R1Api24Probe: E1_CALLBACK_SAMPLE|round=8|sequence=3|producerTid=3309|consumerTid=3148|payload=r08-s003-xe5|hash=3571825317|valid=true
CST 2026-07-17 17:57:03.384  3148  3148 I A02900/R1Api24Probe: E1_CALLBACK_SAMPLE|round=8|sequence=4|producerTid=3309|consumerTid=3148|payload=r08-s004-x04|hash=1673581446|valid=true
CST 2026-07-17 17:57:03.384  3148  3148 I A02900/R1Api24Probe: E1_CALLBACK_SAMPLE|round=8|sequence=5|producerTid=3309|consumerTid=3148|payload=r08-s005-x23|hash=3139277686|valid=true
CST 2026-07-17 17:57:03.384  3148  3148 I A02900/R1Api24Probe: E1_CALLBACK_SAMPLE|round=8|sequence=6|producerTid=3309|consumerTid=3148|payload=r08-s006-x42|hash=2186758114|valid=true
CST 2026-07-17 17:57:03.384  3148  3148 I A02900/R1Api24Probe: E1_CALLBACK_SAMPLE|round=8|sequence=7|producerTid=3309|consumerTid=3148|payload=r08-s007-x61|hash=2389789942|valid=true
CST 2026-07-17 17:57:03.384  3148  3148 I A02900/R1Api24Probe: E1_CALLBACK_SAMPLE|round=8|sequence=8|producerTid=3309|consumerTid=3148|payload=r08-s008-x80|hash=837029982|valid=true
CST 2026-07-17 17:57:03.384  3148  3148 I A02900/R1Api24Probe: E1_CALLBACK_SAMPLE|round=8|sequence=9|producerTid=3309|consumerTid=3148|payload=r08-s009-x9f|hash=2374977630|valid=true
CST 2026-07-17 17:57:03.384  3148  3148 I A02900/R1Api24Probe: E1_CALLBACK_SAMPLE|round=8|sequence=10|producerTid=3309|consumerTid=3148|payload=r08-s010-xbe|hash=41711334|valid=true
CST 2026-07-17 17:57:03.384  3148  3148 I A02900/R1Api24Probe: E1_CALLBACK_SAMPLE|round=8|sequence=11|producerTid=3309|consumerTid=3148|payload=r08-s011-xdd|hash=936451944|valid=true
CST 2026-07-17 17:57:03.384  3148  3148 I A02900/R1Api24Probe: E1_CALLBACK_SAMPLE|round=8|sequence=12|producerTid=3309|consumerTid=3148|payload=r08-s012-xfc|hash=3013232722|valid=true
CST 2026-07-17 17:57:03.384  3148  3148 I A02900/R1Api24Probe: E1_CALLBACK_SAMPLE|round=8|sequence=13|producerTid=3309|consumerTid=3148|payload=r08-s013-x1b|hash=130312297|valid=true
CST 2026-07-17 17:57:03.385  3148  3148 I A02900/R1Api24Probe: E1_CALLBACK_SAMPLE|round=8|sequence=14|producerTid=3309|consumerTid=3148|payload=r08-s014-x3a|hash=2218017371|valid=true
CST 2026-07-17 17:57:03.385  3148  3148 I A02900/R1Api24Probe: E1_CALLBACK_SAMPLE|round=8|sequence=15|producerTid=3309|consumerTid=3148|payload=r08-s015-x59|hash=4015243318|valid=true
CST 2026-07-17 17:57:03.385  3148  3148 I A02900/R1Api24Probe: E1_CALLBACK_SAMPLE|round=8|sequence=16|producerTid=3309|consumerTid=3148|payload=r08-s016-x78|hash=3028814018|valid=true
CST 2026-07-17 17:57:03.385  3148  3148 I A02900/R1Api24Probe: E1_CALLBACK_SAMPLE|round=8|sequence=17|producerTid=3309|consumerTid=3148|payload=r08-s017-x97|hash=608780926|valid=true
CST 2026-07-17 17:57:03.385  3148  3148 I A02900/R1Api24Probe: E1_CALLBACK_SAMPLE|round=8|sequence=18|producerTid=3309|consumerTid=3148|payload=r08-s018-xb6|hash=2045669883|valid=true
CST 2026-07-17 17:57:03.385  3148  3148 I A02900/R1Api24Probe: E1_CALLBACK_SAMPLE|round=8|sequence=19|producerTid=3309|consumerTid=3148|payload=r08-s019-xd5|hash=4000247331|valid=true
CST 2026-07-17 17:57:03.385  3148  3148 I A02900/R1Api24Probe: E1_CALLBACK_SAMPLE|round=8|sequence=20|producerTid=3309|consumerTid=3148|payload=r08-s020-xf4|hash=2179325694|valid=true
CST 2026-07-17 17:57:03.385  3148  3148 I A02900/R1Api24Probe: E1_CALLBACK_SAMPLE|round=8|sequence=21|producerTid=3309|consumerTid=3148|payload=r08-s021-x13|hash=765252391|valid=true
CST 2026-07-17 17:57:03.385  3148  3148 I A02900/R1Api24Probe: E1_CALLBACK_SAMPLE|round=8|sequence=22|producerTid=3309|consumerTid=3148|payload=r08-s022-x32|hash=2586495623|valid=true
CST 2026-07-17 17:57:03.385  3148  3148 I A02900/R1Api24Probe: E1_CALLBACK_SAMPLE|round=8|sequence=23|producerTid=3309|consumerTid=3148|payload=r08-s023-x51|hash=551922731|valid=true
CST 2026-07-17 17:57:03.385  3148  3148 I A02900/R1Api24Probe: E1_CALLBACK_SAMPLE|round=8|sequence=24|producerTid=3309|consumerTid=3148|payload=r08-s024-x70|hash=1282708127|valid=true
CST 2026-07-17 17:57:03.385  3148  3148 I A02900/R1Api24Probe: E1_CALLBACK_SAMPLE|round=8|sequence=25|producerTid=3309|consumerTid=3148|payload=r08-s025-x8f|hash=708536841|valid=true
CST 2026-07-17 17:57:03.385  3148  3148 I A02900/R1Api24Probe: E1_CALLBACK_SAMPLE|round=8|sequence=26|producerTid=3309|consumerTid=3148|payload=r08-s026-xae|hash=4177020252|valid=true
CST 2026-07-17 17:57:03.385  3148  3148 I A02900/R1Api24Probe: E1_CALLBACK_SAMPLE|round=8|sequence=27|producerTid=3309|consumerTid=3148|payload=r08-s027-xcd|hash=3204650550|valid=true
CST 2026-07-17 17:57:03.385  3148  3148 I A02900/R1Api24Probe: E1_CALLBACK_SAMPLE|round=8|sequence=28|producerTid=3309|consumerTid=3148|payload=r08-s028-xec|hash=3157640048|valid=true
CST 2026-07-17 17:57:03.387  3148  3148 I A02900/R1Api24Probe: E1_CALLBACK_SAMPLE|round=8|sequence=29|producerTid=3309|consumerTid=3148|payload=r08-s029-x0b|hash=1842578257|valid=true
CST 2026-07-17 17:57:03.387  3148  3148 I A02900/R1Api24Probe: E1_CALLBACK_SAMPLE|round=8|sequence=30|producerTid=3309|consumerTid=3148|payload=r08-s030-x2a|hash=1187278724|valid=true
CST 2026-07-17 17:57:03.387  3148  3148 I A02900/R1Api24Probe: E1_CALLBACK_SAMPLE|round=8|sequence=31|producerTid=3309|consumerTid=3148|payload=r08-s031-x49|hash=3912856589|valid=true
CST 2026-07-17 17:57:03.387  3148  3148 I A02900/R1Api24Probe: E1_CALLBACK_SAMPLE|round=8|sequence=32|producerTid=3309|consumerTid=3148|payload=r08-s032-x68|hash=5316765|valid=true
CST 2026-07-17 17:57:03.388  3148  3148 I A02900/R1Api24Probe: E1_CALLBACK_SAMPLE|round=8|sequence=33|producerTid=3309|consumerTid=3148|payload=r08-s033-x87|hash=4022585825|valid=true
CST 2026-07-17 17:57:03.388  3148  3148 I A02900/R1Api24Probe: E1_CALLBACK_SAMPLE|round=8|sequence=34|producerTid=3309|consumerTid=3148|payload=r08-s034-xa6|hash=1984079394|valid=true
CST 2026-07-17 17:57:03.388  3148  3148 I A02900/R1Api24Probe: E1_CALLBACK_SAMPLE|round=8|sequence=35|producerTid=3309|consumerTid=3148|payload=r08-s035-xc5|hash=2917351146|valid=true
CST 2026-07-17 17:57:03.388  3148  3148 I A02900/R1Api24Probe: E1_CALLBACK_SAMPLE|round=8|sequence=36|producerTid=3309|consumerTid=3148|payload=r08-s036-xe4|hash=1496233998|valid=true
CST 2026-07-17 17:57:03.388  3148  3148 I A02900/R1Api24Probe: E1_CALLBACK_SAMPLE|round=8|sequence=37|producerTid=3309|consumerTid=3148|payload=r08-s037-x03|hash=858808457|valid=true
CST 2026-07-17 17:57:03.388  3148  3148 I A02900/R1Api24Probe: E1_CALLBACK_SAMPLE|round=8|sequence=38|producerTid=3309|consumerTid=3148|payload=r08-s038-x22|hash=2727270085|valid=true
CST 2026-07-17 17:57:03.388  3148  3148 I A02900/R1Api24Probe: E1_CALLBACK_SAMPLE|round=8|sequence=39|producerTid=3309|consumerTid=3148|payload=r08-s039-x41|hash=146629517|valid=true
CST 2026-07-17 17:57:03.388  3148  3148 I A02900/R1Api24Probe: E1_CALLBACK_SAMPLE|round=8|sequence=40|producerTid=3309|consumerTid=3148|payload=r08-s040-x60|hash=2704906044|valid=true
CST 2026-07-17 17:57:03.388  3148  3148 I A02900/R1Api24Probe: E1_CALLBACK_SAMPLE|round=8|sequence=41|producerTid=3309|consumerTid=3148|payload=r08-s041-x7f|hash=720411628|valid=true
CST 2026-07-17 17:57:03.388  3148  3148 I A02900/R1Api24Probe: E1_CALLBACK_SAMPLE|round=8|sequence=42|producerTid=3309|consumerTid=3148|payload=r08-s042-x9e|hash=2119904394|valid=true
CST 2026-07-17 17:57:03.388  3148  3148 I A02900/R1Api24Probe: E1_CALLBACK_SAMPLE|round=8|sequence=43|producerTid=3309|consumerTid=3148|payload=r08-s043-xbd|hash=2152453081|valid=true
CST 2026-07-17 17:57:03.388  3148  3148 I A02900/R1Api24Probe: E1_CALLBACK_SAMPLE|round=8|sequence=44|producerTid=3309|consumerTid=3148|payload=r08-s044-xdc|hash=869775471|valid=true
CST 2026-07-17 17:57:03.388  3148  3148 I A02900/R1Api24Probe: E1_CALLBACK_SAMPLE|round=8|sequence=45|producerTid=3309|consumerTid=3148|payload=r08-s045-xfb|hash=3590906185|valid=true
CST 2026-07-17 17:57:03.388  3148  3148 I A02900/R1Api24Probe: E1_CALLBACK_SAMPLE|round=8|sequence=46|producerTid=3309|consumerTid=3148|payload=r08-s046-x1a|hash=3136249698|valid=true
CST 2026-07-17 17:57:03.388  3148  3148 I A02900/R1Api24Probe: E1_CALLBACK_SAMPLE|round=8|sequence=47|producerTid=3309|consumerTid=3148|payload=r08-s047-x39|hash=4166675123|valid=true
CST 2026-07-17 17:57:03.388  3148  3148 I A02900/R1Api24Probe: E1_CALLBACK_SAMPLE|round=8|sequence=48|producerTid=3309|consumerTid=3148|payload=r08-s048-x58|hash=1085438695|valid=true
CST 2026-07-17 17:57:03.388  3148  3148 I A02900/R1Api24Probe: E1_CALLBACK_SAMPLE|round=8|sequence=49|producerTid=3309|consumerTid=3148|payload=r08-s049-x77|hash=2320753959|valid=true
CST 2026-07-17 17:57:03.389  3148  3148 I A02900/R1Api24Probe: E1_CALLBACK_SAMPLE|round=8|sequence=50|producerTid=3309|consumerTid=3148|payload=r08-s050-x96|hash=2454166848|valid=true
CST 2026-07-17 17:57:03.389  3148  3148 I A02900/R1Api24Probe: E1_CALLBACK_SAMPLE|round=8|sequence=51|producerTid=3309|consumerTid=3148|payload=r08-s051-xb5|hash=4239319245|valid=true
CST 2026-07-17 17:57:03.389  3148  3148 I A02900/R1Api24Probe: E1_CALLBACK_SAMPLE|round=8|sequence=52|producerTid=3309|consumerTid=3148|payload=r08-s052-xd4|hash=961543293|valid=true
CST 2026-07-17 17:57:03.389  3148  3148 I A02900/R1Api24Probe: E1_CALLBACK_SAMPLE|round=8|sequence=53|producerTid=3309|consumerTid=3148|payload=r08-s053-xf3|hash=2440256873|valid=true
CST 2026-07-17 17:57:03.389  3148  3148 I A02900/R1Api24Probe: E1_CALLBACK_SAMPLE|round=8|sequence=54|producerTid=3309|consumerTid=3148|payload=r08-s054-x12|hash=1556972376|valid=true
CST 2026-07-17 17:57:03.389  3148  3148 I A02900/R1Api24Probe: E1_CALLBACK_SAMPLE|round=8|sequence=55|producerTid=3309|consumerTid=3148|payload=r08-s055-x31|hash=3813252776|valid=true
CST 2026-07-17 17:57:03.389  3148  3148 I A02900/R1Api24Probe: E1_CALLBACK_SAMPLE|round=8|sequence=56|producerTid=3309|consumerTid=3148|payload=r08-s056-x50|hash=682242900|valid=true
CST 2026-07-17 17:57:03.389  3148  3148 I A02900/R1Api24Probe: E1_CALLBACK_SAMPLE|round=8|sequence=57|producerTid=3309|consumerTid=3148|payload=r08-s057-x6f|hash=178240918|valid=true
CST 2026-07-17 17:57:03.389  3148  3148 I A02900/R1Api24Probe: E1_CALLBACK_SAMPLE|round=8|sequence=58|producerTid=3309|consumerTid=3148|payload=r08-s058-x8e|hash=1487286220|valid=true
CST 2026-07-17 17:57:03.389  3148  3148 I A02900/R1Api24Probe: E1_CALLBACK_SAMPLE|round=8|sequence=59|producerTid=3309|consumerTid=3148|payload=r08-s059-xad|hash=4193252065|valid=true
CST 2026-07-17 17:57:03.389  3148  3148 I A02900/R1Api24Probe: E1_CALLBACK_SAMPLE|round=8|sequence=60|producerTid=3309|consumerTid=3148|payload=r08-s060-xcc|hash=2706476966|valid=true
CST 2026-07-17 17:57:03.389  3148  3148 I A02900/R1Api24Probe: E1_CALLBACK_SAMPLE|round=8|sequence=61|producerTid=3309|consumerTid=3148|payload=r08-s061-xeb|hash=2681557228|valid=true
CST 2026-07-17 17:57:03.389  3148  3148 I A02900/R1Api24Probe: E1_CALLBACK_SAMPLE|round=8|sequence=62|producerTid=3309|consumerTid=3148|payload=r08-s062-x0a|hash=1163178613|valid=true
CST 2026-07-17 17:57:03.389  3148  3148 I A02900/R1Api24Probe: E1_CALLBACK_SAMPLE|round=8|sequence=63|producerTid=3309|consumerTid=3148|payload=r08-s063-x29|hash=878985480|valid=true
CST 2026-07-17 17:57:03.389  3148  3148 I A02900/R1Api24Probe: E1_CALLBACK_SAMPLE|round=8|sequence=64|producerTid=3309|consumerTid=3148|payload=r08-s064-x48|hash=2665687736|valid=true
CST 2026-07-17 17:57:03.389  3148  3148 I A02900/R1Api24Probe: E1_CALLBACK_SAMPLE|round=8|sequence=65|producerTid=3309|consumerTid=3148|payload=r08-s065-x67|hash=1437824232|valid=true
CST 2026-07-17 17:57:03.390  3148  3148 I A02900/R1Api24Probe: E1_CALLBACK_SAMPLE|round=8|sequence=66|producerTid=3309|consumerTid=3148|payload=r08-s066-x86|hash=786486188|valid=true
CST 2026-07-17 17:57:03.390  3148  3148 I A02900/R1Api24Probe: E1_CALLBACK_SAMPLE|round=8|sequence=67|producerTid=3309|consumerTid=3148|payload=r08-s067-xa5|hash=1351079883|valid=true
CST 2026-07-17 17:57:03.390  3148  3148 I A02900/R1Api24Probe: E1_CALLBACK_SAMPLE|round=8|sequence=68|producerTid=3309|consumerTid=3148|payload=r08-s068-xc4|hash=3988507447|valid=true
CST 2026-07-17 17:57:03.390  3148  3148 I A02900/R1Api24Probe: E1_CALLBACK_SAMPLE|round=8|sequence=69|producerTid=3309|consumerTid=3148|payload=r08-s069-xe3|hash=2169914455|valid=true
CST 2026-07-17 17:57:03.390  3148  3148 I A02900/R1Api24Probe: E1_CALLBACK_SAMPLE|round=8|sequence=70|producerTid=3309|consumerTid=3148|payload=r08-s070-x02|hash=2958645819|valid=true
CST 2026-07-17 17:57:03.390  3148  3148 I A02900/R1Api24Probe: E1_CALLBACK_SAMPLE|round=8|sequence=71|producerTid=3309|consumerTid=3148|payload=r08-s071-x21|hash=3635581763|valid=true
CST 2026-07-17 17:57:03.390  3148  3148 I A02900/R1Api24Probe: E1_CALLBACK_SAMPLE|round=8|sequence=72|producerTid=3309|consumerTid=3148|payload=r08-s072-x40|hash=4290171211|valid=true
CST 2026-07-17 17:57:03.390  3148  3148 I A02900/R1Api24Probe: E1_CALLBACK_SAMPLE|round=8|sequence=73|producerTid=3309|consumerTid=3148|payload=r08-s073-x5f|hash=2519816147|valid=true
CST 2026-07-17 17:57:03.390  3148  3148 I A02900/R1Api24Probe: E1_CALLBACK_SAMPLE|round=8|sequence=74|producerTid=3309|consumerTid=3148|payload=r08-s074-x7e|hash=73182281|valid=true
CST 2026-07-17 17:57:03.390  3148  3148 I A02900/R1Api24Probe: E1_CALLBACK_SAMPLE|round=8|sequence=75|producerTid=3309|consumerTid=3148|payload=r08-s075-x9d|hash=1876708291|valid=true
CST 2026-07-17 17:57:03.390  3148  3148 I A02900/R1Api24Probe: E1_CALLBACK_SAMPLE|round=8|sequence=76|producerTid=3309|consumerTid=3148|payload=r08-s076-xbc|hash=3788717856|valid=true
CST 2026-07-17 17:57:03.390  3148  3148 I A02900/R1Api24Probe: E1_CALLBACK_SAMPLE|round=8|sequence=77|producerTid=3309|consumerTid=3148|payload=r08-s077-xdb|hash=1493972918|valid=true
CST 2026-07-17 17:57:03.390  3148  3148 I A02900/R1Api24Probe: E1_CALLBACK_SAMPLE|round=8|sequence=78|producerTid=3309|consumerTid=3148|payload=r08-s078-xfa|hash=1022388684|valid=true
CST 2026-07-17 17:57:03.390  3148  3148 I A02900/R1Api24Probe: E1_CALLBACK_SAMPLE|round=8|sequence=79|producerTid=3309|consumerTid=3148|payload=r08-s079-x19|hash=838607224|valid=true
CST 2026-07-17 17:57:03.390  3148  3148 I A02900/R1Api24Probe: E1_CALLBACK_SAMPLE|round=8|sequence=80|producerTid=3309|consumerTid=3148|payload=r08-s080-x38|hash=1882105301|valid=true
CST 2026-07-17 17:57:03.390  3148  3148 I A02900/R1Api24Probe: E1_CALLBACK_SAMPLE|round=8|sequence=81|producerTid=3309|consumerTid=3148|payload=r08-s081-x57|hash=473321309|valid=true
CST 2026-07-17 17:57:03.391  3148  3148 I A02900/R1Api24Probe: E1_CALLBACK_SAMPLE|round=8|sequence=82|producerTid=3309|consumerTid=3148|payload=r08-s082-x76|hash=3447058773|valid=true
CST 2026-07-17 17:57:03.391  3148  3148 I A02900/R1Api24Probe: E1_CALLBACK_SAMPLE|round=8|sequence=83|producerTid=3309|consumerTid=3148|payload=r08-s083-x95|hash=282708185|valid=true
CST 2026-07-17 17:57:03.391  3148  3148 I A02900/R1Api24Probe: E1_CALLBACK_SAMPLE|round=8|sequence=84|producerTid=3309|consumerTid=3148|payload=r08-s084-xb4|hash=2503097476|valid=true
CST 2026-07-17 17:57:03.391  3148  3148 I A02900/R1Api24Probe: E1_CALLBACK_SAMPLE|round=8|sequence=85|producerTid=3309|consumerTid=3148|payload=r08-s085-xd3|hash=2023281460|valid=true
CST 2026-07-17 17:57:03.391  3148  3148 I A02900/R1Api24Probe: E1_CALLBACK_SAMPLE|round=8|sequence=86|producerTid=3309|consumerTid=3148|payload=r08-s086-xf2|hash=552398208|valid=true
CST 2026-07-17 17:57:03.391  3148  3148 I A02900/R1Api24Probe: E1_CALLBACK_SAMPLE|round=8|sequence=87|producerTid=3309|consumerTid=3148|payload=r08-s087-x11|hash=3276811889|valid=true
CST 2026-07-17 17:57:03.391  3148  3148 I A02900/R1Api24Probe: E1_CALLBACK_SAMPLE|round=8|sequence=88|producerTid=3309|consumerTid=3148|payload=r08-s088-x30|hash=4263241189|valid=true
CST 2026-07-17 17:57:03.391  3148  3148 I A02900/R1Api24Probe: E1_CALLBACK_SAMPLE|round=8|sequence=89|producerTid=3309|consumerTid=3148|payload=r08-s089-x4f|hash=3676387791|valid=true
CST 2026-07-17 17:57:03.391  3148  3148 I A02900/R1Api24Probe: E1_CALLBACK_SAMPLE|round=8|sequence=90|producerTid=3309|consumerTid=3148|payload=r08-s090-x6e|hash=3347461714|valid=true
CST 2026-07-17 17:57:03.391  3148  3148 I A02900/R1Api24Probe: E1_CALLBACK_SAMPLE|round=8|sequence=91|producerTid=3309|consumerTid=3148|payload=r08-s091-x8d|hash=2974785388|valid=true
CST 2026-07-17 17:57:03.391  3148  3148 I A02900/R1Api24Probe: E1_CALLBACK_SAMPLE|round=8|sequence=92|producerTid=3309|consumerTid=3148|payload=r08-s092-xac|hash=526750497|valid=true
CST 2026-07-17 17:57:03.391  3148  3148 I A02900/R1Api24Probe: E1_CALLBACK_SAMPLE|round=8|sequence=93|producerTid=3309|consumerTid=3148|payload=r08-s093-xcb|hash=873331299|valid=true
CST 2026-07-17 17:57:03.391  3148  3148 I A02900/R1Api24Probe: E1_CALLBACK_SAMPLE|round=8|sequence=94|producerTid=3309|consumerTid=3148|payload=r08-s094-xea|hash=637192649|valid=true
CST 2026-07-17 17:57:03.391  3148  3148 I A02900/R1Api24Probe: E1_CALLBACK_SAMPLE|round=8|sequence=95|producerTid=3309|consumerTid=3148|payload=r08-s095-x09|hash=3062743967|valid=true
CST 2026-07-17 17:57:03.391  3148  3148 I A02900/R1Api24Probe: E1_CALLBACK_SAMPLE|round=8|sequence=96|producerTid=3309|consumerTid=3148|payload=r08-s096-x28|hash=4126433031|valid=true
CST 2026-07-17 17:57:03.392  3148  3148 I A02900/R1Api24Probe: E1_CALLBACK_SAMPLE|round=8|sequence=97|producerTid=3309|consumerTid=3148|payload=r08-s097-x47|hash=1371055531|valid=true
CST 2026-07-17 17:57:03.392  3148  3148 I A02900/R1Api24Probe: E1_CALLBACK_SAMPLE|round=8|sequence=98|producerTid=3309|consumerTid=3148|payload=r08-s098-x66|hash=4154176151|valid=true
CST 2026-07-17 17:57:03.392  3148  3148 I A02900/R1Api24Probe: E1_CALLBACK_SAMPLE|round=8|sequence=99|producerTid=3309|consumerTid=3148|payload=r08-s099-x85|hash=2507965607|valid=true
CST 2026-07-17 17:57:03.392  3148  3148 I A02900/R1Api24Probe: E1_CALLBACK_SAMPLE|round=8|sequence=100|producerTid=3309|consumerTid=3148|payload=r08-s100-xa4|hash=494325472|valid=true
CST 2026-07-17 17:57:03.397  2255  2277 I C03900/HDS: [hds_drawable_descriptor.cpp-ProcessIcon:101]set pixelmap editable : 0 .
CST 2026-07-17 17:57:03.397   648  3105 W C02515/DISP: [SetLayerMaskInfo:495] <private> is not supported
CST 2026-07-17 17:57:03.397  2255  2277 E C02b61/PixelMap: set ashmem name failed
CST 2026-07-17 17:57:03.397   648  3105 I C02515/DISP: [CommitComposeLayer:67] CommitComposeLayer! 10
CST 2026-07-17 17:57:03.397  2255  2277 W A01b00/SCB: GraphicUtils --> combinePic from HdsIcon, bundleName: com.huawei.hmos.fontinstaller, iconSizeOfGrid: 64, hasBorder: true
CST 2026-07-17 17:57:03.398  2255  2277 I A01b00/SCB: IconResourceFwk --> getBundleIcon end param: com.huawei.hmos.fontinstaller, 64, true true
CST 2026-07-17 17:57:03.402   795   795 E C01406/RSScreenManager: IsAllScreensPowerOff: screenPowerStatus_ is empty.
CST 2026-07-17 17:57:03.405  2255  2284 I C02b61/ImageCode: DoEncode:(224, 224) cost 6290 us
CST 2026-07-17 17:57:03.406  2255  2286 I C01631/GaussPD:  [0] [ADAPTER] [139900922874624] Not support binlog_default.writeLock file enable del monitor sysno = 25
CST 2026-07-17 17:57:03.406  2255  2286 I C01631/GaussPD:  [0] [ADAPTER] [139900922874624] Not support binlog_default.writeLock file enable del monitor sysno = 25
CST 2026-07-17 17:57:03.407  2255  2286 I C01631/GaussPD:  [0] [ADAPTER] [139900922874624] Not support binlog_default.writeLock file enable del monitor sysno = 25
CST 2026-07-17 17:57:03.407  2255  2286 I C01631/GaussPD:  [0] [ADAPTER] [139900922874624] Not support binlog_default.writeLock file enable del monitor sysno = 25
CST 2026-07-17 17:57:03.407  2255  2286 I C01631/GaussPD:  [0] [ADAPTER] [139900922874624] Not support binlog_default.writeIndex file enable del monitor sysno = 25
CST 2026-07-17 17:57:03.407  2255  2286 I C01631/GaussPD:  [0] [ADAPTER] [139900922874624] Not support binlog_default.writeIndex file enable del monitor sysno = 25
CST 2026-07-17 17:57:03.407  2255  2277 I A01a01/NC: NotificationConfigManager: update icon result: com.huawei.hmos.fontinstaller, 35070
CST 2026-07-17 17:57:03.408  2255  2277 I A01b00/SCB: IconResourceFwk --> getBundleIcon start param: com.ohos.formrenderservice, 64, true true
CST 2026-07-17 17:57:03.408  2255  2277 W A01b00/SCB: IconResourceUtils --> getIconResource from bms getBundleResourceInfo for com.ohos.formrenderservice 0
CST 2026-07-17 17:57:03.408   796   962 I C01120/BMS: icon rdb get resource icon start -n com.ohos.formrenderservice -i 0 -f 16
CST 2026-07-17 17:57:03.408   796   962 E C01650/StepResultSet: GoToRow:position[0] rowCount[0] rowPos_[-1]!
CST 2026-07-17 17:57:03.410  2255  2277 I C02b61/ImageSource: CreatePixelMap success, id:1784282223409273,dSize:(0,0),srcSize: (216,216),dHdr:1,sHdr:1,memType: 2,cost 1328 us
CST 2026-07-17 17:57:03.410  2255  2277 E C02b61/PixelMap: set ashmem name failed
CST 2026-07-17 17:57:03.411  2255  2277 W A01b00/SCB: GraphicUtils --> com.ohos.formrenderservice - getHdsIcon, size: (216, 216), pixelFormat: 4, leftTopPixel is transparent: true, 0-0-0-0
CST 2026-07-17 17:57:03.411  2255  2277 E C03900/HDS: [hds_drawable_descriptor.cpp-GetOtherIconsInfo:395]Get icon by name from resource failed, iconName: icon_mask, isGlobalMask: 0, state: 9001004
CST 2026-07-17 17:57:03.411  2255  2277 W C03900/HDS: [hds_drawable_descriptor.cpp-ProcessIcon:91]Mask size {192, 192}, bundleName: com.ohos.formrenderservice
CST 2026-07-17 17:57:03.424   644   650 I C02515/DISP: [InitBufferHandle:229] express init gbuffer id 28a0000003f ret 0 err 0 fd 8 216 216 pixel 4 size 186624 usage 2b
CST 2026-07-17 17:57:03.424   644   650 I C02515/DISP: [ExpressAllocMem:271] ExpressAllocMem requeset BufferHandle 8, width 216, heigt 216, format 20
CST 2026-07-17 17:57:03.425   648  3105 W C02515/DISP: [SetLayerMaskInfo:495] <private> is not supported
CST 2026-07-17 17:57:03.430   644   650 I C02515/DISP: [ExpressFreeMem:317] freeMem bufferhandle gbuffer_id 28a0000003f, width 216, heigt 216
CST 2026-07-17 17:57:03.430   648  3105 I C02515/DISP: [CommitComposeLayer:67] CommitComposeLayer! 10
CST 2026-07-17 17:57:03.441  3148  3148 I A02900/R1Api24Probe: E1_ROUND_RESULT|verdict=PASS|round=8|pid=3148|mainTid=3148|producerTid=3309|consumerTid=3148|buffers=100|callbacks=100|fdTransfers=1|bufferHashAggregate=16833241|callbackHashAggregate=2374469709|fdPayloadHash=3915913625|beforeFd=38|afterFd=38|beforeThreads=28|afterThreads=28|monotonicIncrease=false
CST 2026-07-17 17:57:03.442  3148  3148 I A02900/R1Api24Probe: E1_BUFFER_SAMPLE|round=9|sample=1|length=0|leftSentinel=113|rightSentinel=142|hash=2166136261|guards=true|nativeTid=3148
CST 2026-07-17 17:57:03.442  3148  3148 I A02900/R1Api24Probe: E1_BUFFER_SAMPLE|round=9|sample=2|length=1|leftSentinel=114|rightSentinel=141|hash=386693493|guards=true|nativeTid=3148
CST 2026-07-17 17:57:03.442  3148  3148 I A02900/R1Api24Probe: E1_BUFFER_SAMPLE|round=9|sample=3|length=2|leftSentinel=115|rightSentinel=140|hash=162162328|guards=true|nativeTid=3148
CST 2026-07-17 17:57:03.442  3148  3148 I A02900/R1Api24Probe: E1_BUFFER_SAMPLE|round=9|sample=4|length=3|leftSentinel=116|rightSentinel=139|hash=3146878998|guards=true|nativeTid=3148
CST 2026-07-17 17:57:03.442  3148  3148 I A02900/R1Api24Probe: E1_BUFFER_SAMPLE|round=9|sample=5|length=4|leftSentinel=117|rightSentinel=138|hash=1734354333|guards=true|nativeTid=3148
CST 2026-07-17 17:57:03.442  3148  3148 I A02900/R1Api24Probe: E1_BUFFER_SAMPLE|round=9|sample=6|length=5|leftSentinel=118|rightSentinel=137|hash=2817997377|guards=true|nativeTid=3148
CST 2026-07-17 17:57:03.442  3148  3148 I A02900/R1Api24Probe: E1_BUFFER_SAMPLE|round=9|sample=7|length=6|leftSentinel=119|rightSentinel=136|hash=2351004732|guards=true|nativeTid=3148
CST 2026-07-17 17:57:03.442  3148  3148 I A02900/R1Api24Probe: E1_BUFFER_SAMPLE|round=9|sample=8|length=7|leftSentinel=120|rightSentinel=135|hash=3180876518|guards=true|nativeTid=3148
CST 2026-07-17 17:57:03.442  3148  3148 I A02900/R1Api24Probe: E1_BUFFER_SAMPLE|round=9|sample=9|length=8|leftSentinel=121|rightSentinel=134|hash=902103189|guards=true|nativeTid=3148
CST 2026-07-17 17:57:03.443  3148  3148 I A02900/R1Api24Probe: E1_BUFFER_SAMPLE|round=9|sample=10|length=9|leftSentinel=122|rightSentinel=133|hash=1577861629|guards=true|nativeTid=3148
CST 2026-07-17 17:57:03.443  3148  3148 I A02900/R1Api24Probe: E1_BUFFER_SAMPLE|round=9|sample=11|length=10|leftSentinel=123|rightSentinel=132|hash=472501016|guards=true|nativeTid=3148
CST 2026-07-17 17:57:03.443  3148  3148 I A02900/R1Api24Probe: E1_BUFFER_SAMPLE|round=9|sample=12|length=11|leftSentinel=124|rightSentinel=131|hash=3923981894|guards=true|nativeTid=3148
CST 2026-07-17 17:57:03.443  3148  3148 I A02900/R1Api24Probe: E1_BUFFER_SAMPLE|round=9|sample=13|length=12|leftSentinel=125|rightSentinel=130|hash=3328774509|guards=true|nativeTid=3148
CST 2026-07-17 17:57:03.443  3148  3148 I A02900/R1Api24Probe: E1_BUFFER_SAMPLE|round=9|sample=14|length=13|leftSentinel=126|rightSentinel=129|hash=1131199673|guards=true|nativeTid=3148
CST 2026-07-17 17:57:03.443  3148  3148 I A02900/R1Api24Probe: E1_BUFFER_SAMPLE|round=9|sample=15|length=14|leftSentinel=127|rightSentinel=128|hash=2041035404|guards=true|nativeTid=3148
CST 2026-07-17 17:57:03.443  3148  3148 I A02900/R1Api24Probe: E1_BUFFER_SAMPLE|round=9|sample=16|length=15|leftSentinel=128|rightSentinel=127|hash=928022774|guards=true|nativeTid=3148
CST 2026-07-17 17:57:03.443  3148  3148 I A02900/R1Api24Probe: E1_BUFFER_SAMPLE|round=9|sample=17|length=16|leftSentinel=129|rightSentinel=126|hash=2834553317|guards=true|nativeTid=3148
CST 2026-07-17 17:57:03.443  3148  3148 I A02900/R1Api24Probe: E1_BUFFER_SAMPLE|round=9|sample=18|length=17|leftSentinel=130|rightSentinel=125|hash=3559952741|guards=true|nativeTid=3148
CST 2026-07-17 17:57:03.443  3148  3148 I A02900/R1Api24Probe: E1_BUFFER_SAMPLE|round=9|sample=19|length=18|leftSentinel=131|rightSentinel=124|hash=217250776|guards=true|nativeTid=3148
CST 2026-07-17 17:57:03.443  3148  3148 I A02900/R1Api24Probe: E1_BUFFER_SAMPLE|round=9|sample=20|length=19|leftSentinel=132|rightSentinel=123|hash=592471606|guards=true|nativeTid=3148
CST 2026-07-17 17:57:03.444  3148  3148 I A02900/R1Api24Probe: E1_BUFFER_SAMPLE|round=9|sample=21|length=20|leftSentinel=133|rightSentinel=122|hash=4114722525|guards=true|nativeTid=3148
CST 2026-07-17 17:57:03.444  3148  3148 I A02900/R1Api24Probe: E1_BUFFER_SAMPLE|round=9|sample=22|length=21|leftSentinel=134|rightSentinel=121|hash=2891415281|guards=true|nativeTid=3148
CST 2026-07-17 17:57:03.444  3148  3148 I A02900/R1Api24Probe: E1_BUFFER_SAMPLE|round=9|sample=23|length=22|leftSentinel=135|rightSentinel=120|hash=3483398076|guards=true|nativeTid=3148
CST 2026-07-17 17:57:03.444  3148  3148 I A02900/R1Api24Probe: E1_BUFFER_SAMPLE|round=9|sample=24|length=23|leftSentinel=136|rightSentinel=119|hash=831232230|guards=true|nativeTid=3148
CST 2026-07-17 17:57:03.444  3148  3148 I A02900/R1Api24Probe: E1_BUFFER_SAMPLE|round=9|sample=25|length=24|leftSentinel=137|rightSentinel=118|hash=1630746485|guards=true|nativeTid=3148
CST 2026-07-17 17:57:03.444  3148  3148 I A02900/R1Api24Probe: E1_BUFFER_SAMPLE|round=9|sample=26|length=25|leftSentinel=138|rightSentinel=117|hash=2404957805|guards=true|nativeTid=3148
CST 2026-07-17 17:57:03.444  3148  3148 I A02900/R1Api24Probe: E1_BUFFER_SAMPLE|round=9|sample=27|length=26|leftSentinel=139|rightSentinel=116|hash=1358824088|guards=true|nativeTid=3148
CST 2026-07-17 17:57:03.444  3148  3148 I A02900/R1Api24Probe: E1_BUFFER_SAMPLE|round=9|sample=28|length=27|leftSentinel=140|rightSentinel=115|hash=806399462|guards=true|nativeTid=3148
CST 2026-07-17 17:57:03.444  3148  3148 I A02900/R1Api24Probe: E1_BUFFER_SAMPLE|round=9|sample=29|length=28|leftSentinel=141|rightSentinel=114|hash=954120109|guards=true|nativeTid=3148
CST 2026-07-17 17:57:03.444  3148  3148 I A02900/R1Api24Probe: E1_BUFFER_SAMPLE|round=9|sample=30|length=29|leftSentinel=142|rightSentinel=113|hash=1831762761|guards=true|nativeTid=3148
CST 2026-07-17 17:57:03.444  3148  3148 I A02900/R1Api24Probe: E1_BUFFER_SAMPLE|round=9|sample=31|length=30|leftSentinel=143|rightSentinel=112|hash=900971628|guards=true|nativeTid=3148
CST 2026-07-17 17:57:03.444  3148  3148 I A02900/R1Api24Probe: E1_BUFFER_SAMPLE|round=9|sample=32|length=31|leftSentinel=144|rightSentinel=111|hash=275590646|guards=true|nativeTid=3148
CST 2026-07-17 17:57:03.444  3148  3148 I A02900/R1Api24Probe: E1_BUFFER_SAMPLE|round=9|sample=33|length=32|leftSentinel=145|rightSentinel=110|hash=73966597|guards=true|nativeTid=3148
CST 2026-07-17 17:57:03.445  3148  3148 I A02900/R1Api24Probe: E1_BUFFER_SAMPLE|round=9|sample=34|length=33|leftSentinel=146|rightSentinel=109|hash=122479061|guards=true|nativeTid=3148
CST 2026-07-17 17:57:03.445  3148  3148 I A02900/R1Api24Probe: E1_BUFFER_SAMPLE|round=9|sample=35|length=34|leftSentinel=147|rightSentinel=108|hash=2220537048|guards=true|nativeTid=3148
CST 2026-07-17 17:57:03.445  3148  3148 I A02900/R1Api24Probe: E1_BUFFER_SAMPLE|round=9|sample=36|length=35|leftSentinel=148|rightSentinel=107|hash=1391285078|guards=true|nativeTid=3148
CST 2026-07-17 17:57:03.445  3148  3148 I A02900/R1Api24Probe: E1_BUFFER_SAMPLE|round=9|sample=37|length=36|leftSentinel=149|rightSentinel=106|hash=2539338269|guards=true|nativeTid=3148
CST 2026-07-17 17:57:03.445  3148  3148 I A02900/R1Api24Probe: E1_BUFFER_SAMPLE|round=9|sample=38|length=37|leftSentinel=150|rightSentinel=105|hash=4019355489|guards=true|nativeTid=3148
CST 2026-07-17 17:57:03.445  3148  3148 I A02900/R1Api24Probe: E1_BUFFER_SAMPLE|round=9|sample=39|length=38|leftSentinel=151|rightSentinel=104|hash=4251718780|guards=true|nativeTid=3148
CST 2026-07-17 17:57:03.445  3148  3148 I A02900/R1Api24Probe: E1_BUFFER_SAMPLE|round=9|sample=40|length=39|leftSentinel=152|rightSentinel=103|hash=3652424870|guards=true|nativeTid=3148
CST 2026-07-17 17:57:03.445  3148  3148 I A02900/R1Api24Probe: E1_BUFFER_SAMPLE|round=9|sample=41|length=40|leftSentinel=153|rightSentinel=102|hash=289119509|guards=true|nativeTid=3148
CST 2026-07-17 17:57:03.445  3148  3148 I A02900/R1Api24Probe: E1_BUFFER_SAMPLE|round=9|sample=42|length=41|leftSentinel=154|rightSentinel=101|hash=2971684509|guards=true|nativeTid=3148
CST 2026-07-17 17:57:03.445  3148  3148 I A02900/R1Api24Probe: E1_BUFFER_SAMPLE|round=9|sample=43|length=42|leftSentinel=155|rightSentinel=100|hash=2585435480|guards=true|nativeTid=3148
CST 2026-07-17 17:57:03.446  3148  3148 I A02900/R1Api24Probe: E1_BUFFER_SAMPLE|round=9|sample=44|length=43|leftSentinel=156|rightSentinel=99|hash=3520368134|guards=true|nativeTid=3148
CST 2026-07-17 17:57:03.446  3148  3148 I A02900/R1Api24Probe: E1_BUFFER_SAMPLE|round=9|sample=45|length=44|leftSentinel=157|rightSentinel=98|hash=196720109|guards=true|nativeTid=3148
CST 2026-07-17 17:57:03.446  3148  3148 I A02900/R1Api24Probe: E1_BUFFER_SAMPLE|round=9|sample=46|length=45|leftSentinel=158|rightSentinel=97|hash=4254150745|guards=true|nativeTid=3148
CST 2026-07-17 17:57:03.446  3148  3148 I A02900/R1Api24Probe: E1_BUFFER_SAMPLE|round=9|sample=47|length=46|leftSentinel=159|rightSentinel=96|hash=1122293836|guards=true|nativeTid=3148
CST 2026-07-17 17:57:03.446  3148  3148 I A02900/R1Api24Probe: E1_BUFFER_SAMPLE|round=9|sample=48|length=47|leftSentinel=160|rightSentinel=95|hash=3949383862|guards=true|nativeTid=3148
CST 2026-07-17 17:57:03.446  3148  3148 I A02900/R1Api24Probe: E1_BUFFER_SAMPLE|round=9|sample=49|length=48|leftSentinel=161|rightSentinel=94|hash=4043250149|guards=true|nativeTid=3148
CST 2026-07-17 17:57:03.446   644   650 I C02515/DISP: [InitBufferHandle:229] express init gbuffer id 28a00000040 ret 0 err 0 fd 8 222 222 pixel 4 size 197136 usage 2b
CST 2026-07-17 17:57:03.446   644   650 I C02515/DISP: [ExpressAllocMem:271] ExpressAllocMem requeset BufferHandle 8, width 222, heigt 222, format 20
CST 2026-07-17 17:57:03.446  3148  3148 I A02900/R1Api24Probe: E1_BUFFER_SAMPLE|round=9|sample=50|length=49|leftSentinel=162|rightSentinel=93|hash=3988755461|guards=true|nativeTid=3148
CST 2026-07-17 17:57:03.447  3148  3148 I A02900/R1Api24Probe: E1_BUFFER_SAMPLE|round=9|sample=51|length=50|leftSentinel=163|rightSentinel=92|hash=514716248|guards=true|nativeTid=3148
CST 2026-07-17 17:57:03.447  3148  3148 I A02900/R1Api24Probe: E1_BUFFER_SAMPLE|round=9|sample=52|length=51|leftSentinel=164|rightSentinel=91|hash=3535260406|guards=true|nativeTid=3148
CST 2026-07-17 17:57:03.447  3148  3148 I A02900/R1Api24Probe: E1_BUFFER_SAMPLE|round=9|sample=53|length=52|leftSentinel=165|rightSentinel=90|hash=4185384029|guards=true|nativeTid=3148
CST 2026-07-17 17:57:03.447  3148  3148 I A02900/R1Api24Probe: E1_BUFFER_SAMPLE|round=9|sample=54|length=53|leftSentinel=166|rightSentinel=89|hash=1938396305|guards=true|nativeTid=3148
CST 2026-07-17 17:57:03.447  3148  3148 I A02900/R1Api24Probe: E1_BUFFER_SAMPLE|round=9|sample=55|length=54|leftSentinel=167|rightSentinel=88|hash=3097917308|guards=true|nativeTid=3148
CST 2026-07-17 17:57:03.447  3148  3148 I A02900/R1Api24Probe: E1_BUFFER_SAMPLE|round=9|sample=56|length=55|leftSentinel=168|rightSentinel=87|hash=2368320038|guards=true|nativeTid=3148
CST 2026-07-17 17:57:03.447  3148  3148 I A02900/R1Api24Probe: E1_BUFFER_SAMPLE|round=9|sample=57|length=56|leftSentinel=169|rightSentinel=86|hash=4065338677|guards=true|nativeTid=3148
CST 2026-07-17 17:57:03.447  3148  3148 I A02900/R1Api24Probe: E1_BUFFER_SAMPLE|round=9|sample=58|length=57|leftSentinel=170|rightSentinel=85|hash=573462989|guards=true|nativeTid=3148
CST 2026-07-17 17:57:03.447  3148  3148 I A02900/R1Api24Probe: E1_BUFFER_SAMPLE|round=9|sample=59|length=58|leftSentinel=171|rightSentinel=84|hash=1505703960|guards=true|nativeTid=3148
CST 2026-07-17 17:57:03.448  3148  3148 I A02900/R1Api24Probe: E1_BUFFER_SAMPLE|round=9|sample=60|length=59|leftSentinel=172|rightSentinel=83|hash=1223378470|guards=true|nativeTid=3148
CST 2026-07-17 17:57:03.448  3148  3148 I A02900/R1Api24Probe: E1_BUFFER_SAMPLE|round=9|sample=61|length=60|leftSentinel=173|rightSentinel=82|hash=2748671661|guards=true|nativeTid=3148
CST 2026-07-17 17:57:03.448  3148  3148 I A02900/R1Api24Probe: E1_BUFFER_SAMPLE|round=9|sample=62|length=61|leftSentinel=174|rightSentinel=81|hash=3144763817|guards=true|nativeTid=3148
CST 2026-07-17 17:57:03.448  3148  3148 I A02900/R1Api24Probe: E1_BUFFER_SAMPLE|round=9|sample=63|length=62|leftSentinel=175|rightSentinel=80|hash=1519954156|guards=true|nativeTid=3148
CST 2026-07-17 17:57:03.448  3148  3148 I A02900/R1Api24Probe: E1_BUFFER_SAMPLE|round=9|sample=64|length=63|leftSentinel=176|rightSentinel=79|hash=2248482486|guards=true|nativeTid=3148
CST 2026-07-17 17:57:03.448  3148  3148 I A02900/R1Api24Probe: E1_BUFFER_SAMPLE|round=9|sample=65|length=64|leftSentinel=177|rightSentinel=78|hash=2459597765|guards=true|nativeTid=3148
CST 2026-07-17 17:57:03.448  3148  3148 I A02900/R1Api24Probe: E1_BUFFER_SAMPLE|round=9|sample=66|length=65|leftSentinel=178|rightSentinel=77|hash=2058282165|guards=true|nativeTid=3148
CST 2026-07-17 17:57:03.448  3148  3148 I A02900/R1Api24Probe: E1_BUFFER_SAMPLE|round=9|sample=67|length=66|leftSentinel=179|rightSentinel=76|hash=3346864152|guards=true|nativeTid=3148
CST 2026-07-17 17:57:03.448  3148  3148 I A02900/R1Api24Probe: E1_BUFFER_SAMPLE|round=9|sample=68|length=67|leftSentinel=180|rightSentinel=75|hash=1689578902|guards=true|nativeTid=3148
CST 2026-07-17 17:57:03.448  3148  3148 I A02900/R1Api24Probe: E1_BUFFER_SAMPLE|round=9|sample=69|length=68|leftSentinel=181|rightSentinel=74|hash=843928093|guards=true|nativeTid=3148
CST 2026-07-17 17:57:03.449  3148  3148 I A02900/R1Api24Probe: E1_BUFFER_SAMPLE|round=9|sample=70|length=69|leftSentinel=182|rightSentinel=73|hash=3871164801|guards=true|nativeTid=3148
CST 2026-07-17 17:57:03.449  3148  3148 I A02900/R1Api24Probe: E1_BUFFER_SAMPLE|round=9|sample=71|length=70|leftSentinel=183|rightSentinel=72|hash=165567548|guards=true|nativeTid=3148
CST 2026-07-17 17:57:03.449  3148  3148 I A02900/R1Api24Probe: E1_BUFFER_SAMPLE|round=9|sample=72|length=71|leftSentinel=184|rightSentinel=71|hash=92268646|guards=true|nativeTid=3148
CST 2026-07-17 17:57:03.449  3148  3148 I A02900/R1Api24Probe: E1_BUFFER_SAMPLE|round=9|sample=73|length=72|leftSentinel=185|rightSentinel=70|hash=276549269|guards=true|nativeTid=3148
CST 2026-07-17 17:57:03.449  3148  3148 I A02900/R1Api24Probe: E1_BUFFER_SAMPLE|round=9|sample=74|length=73|leftSentinel=186|rightSentinel=69|hash=1817162173|guards=true|nativeTid=3148
CST 2026-07-17 17:57:03.449  3148  3148 I A02900/R1Api24Probe: E1_BUFFER_SAMPLE|round=9|sample=75|length=74|leftSentinel=187|rightSentinel=68|hash=3266905112|guards=true|nativeTid=3148
CST 2026-07-17 17:57:03.449  3148  3148 I A02900/R1Api24Probe: E1_BUFFER_SAMPLE|round=9|sample=76|length=75|leftSentinel=188|rightSentinel=67|hash=3838745286|guards=true|nativeTid=3148
CST 2026-07-17 17:57:03.449  3148  3148 I A02900/R1Api24Probe: E1_BUFFER_SAMPLE|round=9|sample=77|length=76|leftSentinel=189|rightSentinel=66|hash=2728755437|guards=true|nativeTid=3148
CST 2026-07-17 17:57:03.450  3148  3148 I A02900/R1Api24Probe: E1_BUFFER_SAMPLE|round=9|sample=78|length=77|leftSentinel=190|rightSentinel=65|hash=3428247289|guards=true|nativeTid=3148
CST 2026-07-17 17:57:03.450  3148  3148 I A02900/R1Api24Probe: E1_BUFFER_SAMPLE|round=9|sample=79|length=78|leftSentinel=191|rightSentinel=64|hash=3078484620|guards=true|nativeTid=3148
CST 2026-07-17 17:57:03.450  3148  3148 I A02900/R1Api24Probe: E1_BUFFER_SAMPLE|round=9|sample=80|length=79|leftSentinel=192|rightSentinel=63|hash=3834443894|guards=true|nativeTid=3148
CST 2026-07-17 17:57:03.450  3148  3148 I A02900/R1Api24Probe: E1_BUFFER_SAMPLE|round=9|sample=81|length=80|leftSentinel=193|rightSentinel=62|hash=1116446949|guards=true|nativeTid=3148
CST 2026-07-17 17:57:03.450  3148  3148 I A02900/R1Api24Probe: E1_BUFFER_SAMPLE|round=9|sample=82|length=81|leftSentinel=194|rightSentinel=61|hash=2389262757|guards=true|nativeTid=3148
CST 2026-07-17 17:57:03.450  3148  3148 I A02900/R1Api24Probe: E1_BUFFER_SAMPLE|round=9|sample=83|length=82|leftSentinel=195|rightSentinel=60|hash=3449565656|guards=true|nativeTid=3148
CST 2026-07-17 17:57:03.450  3148  3148 I A02900/R1Api24Probe: E1_BUFFER_SAMPLE|round=9|sample=84|length=83|leftSentinel=196|rightSentinel=59|hash=3897649590|guards=true|nativeTid=3148
CST 2026-07-17 17:57:03.450  3148  3148 I A02900/R1Api24Probe: E1_BUFFER_SAMPLE|round=9|sample=85|length=84|leftSentinel=197|rightSentinel=58|hash=2911816285|guards=true|nativeTid=3148
CST 2026-07-17 17:57:03.451  3148  3148 I A02900/R1Api24Probe: E1_BUFFER_SAMPLE|round=9|sample=86|length=85|leftSentinel=198|rightSentinel=57|hash=2149299377|guards=true|nativeTid=3148
CST 2026-07-17 17:57:03.451   644   650 I C02515/DISP: [ExpressFreeMem:317] freeMem bufferhandle gbuffer_id 28a00000040, width 222, heigt 222
CST 2026-07-17 17:57:03.451  3148  3148 I A02900/R1Api24Probe: E1_BUFFER_SAMPLE|round=9|sample=87|length=86|leftSentinel=199|rightSentinel=56|hash=3136182332|guards=true|nativeTid=3148
CST 2026-07-17 17:57:03.451  3148  3148 I A02900/R1Api24Probe: E1_BUFFER_SAMPLE|round=9|sample=88|length=87|leftSentinel=200|rightSentinel=55|hash=608718694|guards=true|nativeTid=3148
CST 2026-07-17 17:57:03.451  3148  3148 I A02900/R1Api24Probe: E1_BUFFER_SAMPLE|round=9|sample=89|length=88|leftSentinel=201|rightSentinel=54|hash=4075172085|guards=true|nativeTid=3148
CST 2026-07-17 17:57:03.451  3148  3148 I A02900/R1Api24Probe: E1_BUFFER_SAMPLE|round=9|sample=90|length=89|leftSentinel=202|rightSentinel=53|hash=3259369517|guards=true|nativeTid=3148
CST 2026-07-17 17:57:03.451  2255  2277 I C02515/DISP: [ExpressFreeMem:317] freeMem bufferhandle gbuffer_id 28a0000003f, width 216, heigt 216
CST 2026-07-17 17:57:03.451  3148  3148 I A02900/R1Api24Probe: E1_BUFFER_SAMPLE|round=9|sample=91|length=90|leftSentinel=203|rightSentinel=52|hash=3399184792|guards=true|nativeTid=3148
CST 2026-07-17 17:57:03.452  3148  3148 I A02900/R1Api24Probe: E1_BUFFER_SAMPLE|round=9|sample=92|length=91|leftSentinel=204|rightSentinel=51|hash=140517990|guards=true|nativeTid=3148
CST 2026-07-17 17:57:03.452  3148  3148 I A02900/R1Api24Probe: E1_BUFFER_SAMPLE|round=9|sample=93|length=92|leftSentinel=205|rightSentinel=50|hash=4089004077|guards=true|nativeTid=3148
CST 2026-07-17 17:57:03.452  3148  3148 I A02900/R1Api24Probe: E1_BUFFER_SAMPLE|round=9|sample=94|length=93|leftSentinel=206|rightSentinel=49|hash=2005397641|guards=true|nativeTid=3148
CST 2026-07-17 17:57:03.452  3148  3148 I A02900/R1Api24Probe: E1_BUFFER_SAMPLE|round=9|sample=95|length=94|leftSentinel=207|rightSentinel=48|hash=1323010028|guards=true|nativeTid=3148
CST 2026-07-17 17:57:03.452  3148  3148 I A02900/R1Api24Probe: E1_BUFFER_SAMPLE|round=9|sample=96|length=95|leftSentinel=208|rightSentinel=47|hash=3556002678|guards=true|nativeTid=3148
CST 2026-07-17 17:57:03.453  3148  3148 I A02900/R1Api24Probe: E1_BUFFER_SAMPLE|round=9|sample=97|length=96|leftSentinel=209|rightSentinel=46|hash=990167685|guards=true|nativeTid=3148
CST 2026-07-17 17:57:03.453  3148  3148 I A02900/R1Api24Probe: E1_BUFFER_SAMPLE|round=9|sample=98|length=97|leftSentinel=210|rightSentinel=45|hash=2297816213|guards=true|nativeTid=3148
CST 2026-07-17 17:57:03.453  3148  3148 I A02900/R1Api24Probe: E1_BUFFER_SAMPLE|round=9|sample=99|length=98|leftSentinel=211|rightSentinel=44|hash=3517022808|guards=true|nativeTid=3148
CST 2026-07-17 17:57:03.453  3148  3148 I A02900/R1Api24Probe: E1_BUFFER_SAMPLE|round=9|sample=100|length=99|leftSentinel=212|rightSentinel=43|hash=4223354198|guards=true|nativeTid=3148
CST 2026-07-17 17:57:03.453  3148  3148 I A02900/R1Api24Probe: E1_FD_CREATED|fdA=37|fdB=38|creatorTid=3148|owner=ArkTS
CST 2026-07-17 17:57:03.453  3148  3148 I A02900/R1Api24Probe: E1_FD_RESULT|round=9|fdA=37|fdB=38|duplicateFd=39|written=23|read=23|payload=fd-round-09-sentinel-4d|payloadHash=607522204|closeA=0|closeDuplicate=0|closeB=0|duplicateCloseA=-1|errnoA=9|duplicateCloseB=-1|errnoB=9|owner=closed-by-native|nativeTid=3148
CST 2026-07-17 17:57:03.453  3148  3310 I A02900/R1Api24Probe: E1_PTHREAD_START|round=9|producerTid=3310
CST 2026-07-17 17:57:03.454  3148  3148 I A02900/R1Api24Probe: E1_CALLBACK_SAMPLE|round=9|sequence=1|producerTid=3310|consumerTid=3148|payload=r09-s001-xb8|hash=791720686|valid=true
CST 2026-07-17 17:57:03.454  3148  3310 I A02900/R1Api24Probe: E1_PTHREAD_FINISH|round=9|producerTid=3310|queued=100|status=0
CST 2026-07-17 17:57:03.454  3148  3148 I A02900/R1Api24Probe: E1_CALLBACK_SAMPLE|round=9|sequence=2|producerTid=3310|consumerTid=3148|payload=r09-s002-xd7|hash=3937249996|valid=true
CST 2026-07-17 17:57:03.454  3148  3148 I A02900/R1Api24Probe: E1_CALLBACK_SAMPLE|round=9|sequence=3|producerTid=3310|consumerTid=3148|payload=r09-s003-xf6|hash=3450389450|valid=true
CST 2026-07-17 17:57:03.454  3148  3148 I A02900/R1Api24Probe: E1_CALLBACK_SAMPLE|round=9|sequence=4|producerTid=3310|consumerTid=3148|payload=r09-s004-x15|hash=4260432325|valid=true
CST 2026-07-17 17:57:03.454  3148  3148 I A02900/R1Api24Probe: E1_CALLBACK_SAMPLE|round=9|sequence=5|producerTid=3310|consumerTid=3148|payload=r09-s005-x34|hash=45877839|valid=true
CST 2026-07-17 17:57:03.454  3148  3148 I A02900/R1Api24Probe: E1_CALLBACK_SAMPLE|round=9|sequence=6|producerTid=3310|consumerTid=3148|payload=r09-s006-x53|hash=3300072245|valid=true
CST 2026-07-17 17:57:03.454  3148  3148 I A02900/R1Api24Probe: E1_CALLBACK_SAMPLE|round=9|sequence=7|producerTid=3310|consumerTid=3148|payload=r09-s007-x72|hash=2062699287|valid=true
CST 2026-07-17 17:57:03.454  3148  3148 I A02900/R1Api24Probe: E1_CALLBACK_SAMPLE|round=9|sequence=8|producerTid=3310|consumerTid=3148|payload=r09-s008-x91|hash=3287100053|valid=true
CST 2026-07-17 17:57:03.454  3148  3148 I A02900/R1Api24Probe: E1_CALLBACK_SAMPLE|round=9|sequence=9|producerTid=3310|consumerTid=3148|payload=r09-s009-xb0|hash=183313630|valid=true
CST 2026-07-17 17:57:03.454  3148  3148 I A02900/R1Api24Probe: E1_CALLBACK_SAMPLE|round=9|sequence=10|producerTid=3310|consumerTid=3148|payload=r09-s010-xcf|hash=1186956207|valid=true
CST 2026-07-17 17:57:03.454  3148  3148 I A02900/R1Api24Probe: E1_CALLBACK_SAMPLE|round=9|sequence=11|producerTid=3310|consumerTid=3148|payload=r09-s011-xee|hash=2082835|valid=true
CST 2026-07-17 17:57:03.454  3148  3148 I A02900/R1Api24Probe: E1_CALLBACK_SAMPLE|round=9|sequence=12|producerTid=3310|consumerTid=3148|payload=r09-s012-x0d|hash=4027905460|valid=true
CST 2026-07-17 17:57:03.454  3148  3148 I A02900/R1Api24Probe: E1_CALLBACK_SAMPLE|round=9|sequence=13|producerTid=3310|consumerTid=3148|payload=r09-s013-x2c|hash=3896664836|valid=true
CST 2026-07-17 17:57:03.454  3148  3148 I A02900/R1Api24Probe: E1_CALLBACK_SAMPLE|round=9|sequence=14|producerTid=3310|consumerTid=3148|payload=r09-s014-x4b|hash=3010112340|valid=true
CST 2026-07-17 17:57:03.454  3148  3148 I A02900/R1Api24Probe: E1_CALLBACK_SAMPLE|round=9|sequence=15|producerTid=3310|consumerTid=3148|payload=r09-s015-x6a|hash=1402720520|valid=true
CST 2026-07-17 17:57:03.454  3148  3148 I A02900/R1Api24Probe: E1_CALLBACK_SAMPLE|round=9|sequence=16|producerTid=3310|consumerTid=3148|payload=r09-s016-x89|hash=1163106263|valid=true
CST 2026-07-17 17:57:03.455  3148  3148 I A02900/R1Api24Probe: E1_CALLBACK_SAMPLE|round=9|sequence=17|producerTid=3310|consumerTid=3148|payload=r09-s017-xa8|hash=4087540762|valid=true
CST 2026-07-17 17:57:03.455  3148  3148 I A02900/R1Api24Probe: E1_CALLBACK_SAMPLE|round=9|sequence=18|producerTid=3310|consumerTid=3148|payload=r09-s018-xc7|hash=149405748|valid=true
CST 2026-07-17 17:57:03.455  3148  3148 I A02900/R1Api24Probe: E1_CALLBACK_SAMPLE|round=9|sequence=19|producerTid=3310|consumerTid=3148|payload=r09-s019-xe6|hash=1258049182|valid=true
CST 2026-07-17 17:57:03.455  3148  3148 I A02900/R1Api24Probe: E1_CALLBACK_SAMPLE|round=9|sequence=20|producerTid=3310|consumerTid=3148|payload=r09-s020-x05|hash=211094562|valid=true
CST 2026-07-17 17:57:03.455  3148  3148 I A02900/R1Api24Probe: E1_CALLBACK_SAMPLE|round=9|sequence=21|producerTid=3310|consumerTid=3148|payload=r09-s021-x24|hash=1004628292|valid=true
CST 2026-07-17 17:57:03.455  3148  3148 I A02900/R1Api24Probe: E1_CALLBACK_SAMPLE|round=9|sequence=22|producerTid=3310|consumerTid=3148|payload=r09-s022-x43|hash=3631119078|valid=true
CST 2026-07-17 17:57:03.455  3148  3148 I A02900/R1Api24Probe: E1_CALLBACK_SAMPLE|round=9|sequence=23|producerTid=3310|consumerTid=3148|payload=r09-s023-x62|hash=1174766592|valid=true
CST 2026-07-17 17:57:03.455  3148  3148 I A02900/R1Api24Probe: E1_CALLBACK_SAMPLE|round=9|sequence=24|producerTid=3310|consumerTid=3148|payload=r09-s024-x81|hash=779239386|valid=true
CST 2026-07-17 17:57:03.455  3148  3148 I A02900/R1Api24Probe: E1_CALLBACK_SAMPLE|round=9|sequence=25|producerTid=3310|consumerTid=3148|payload=r09-s025-xa0|hash=4053108703|valid=true
CST 2026-07-17 17:57:03.455  3148  3148 I A02900/R1Api24Probe: E1_CALLBACK_SAMPLE|round=9|sequence=26|producerTid=3310|consumerTid=3148|payload=r09-s026-xbf|hash=3851892487|valid=true
CST 2026-07-17 17:57:03.455  3148  3148 I A02900/R1Api24Probe: E1_CALLBACK_SAMPLE|round=9|sequence=27|producerTid=3310|consumerTid=3148|payload=r09-s027-xde|hash=2971479895|valid=true
CST 2026-07-17 17:57:03.455  3148  3148 I A02900/R1Api24Probe: E1_CALLBACK_SAMPLE|round=9|sequence=28|producerTid=3310|consumerTid=3148|payload=r09-s028-xfd|hash=3348180843|valid=true
CST 2026-07-17 17:57:03.455  3148  3148 I A02900/R1Api24Probe: E1_CALLBACK_SAMPLE|round=9|sequence=29|producerTid=3310|consumerTid=3148|payload=r09-s029-x1c|hash=542816654|valid=true
CST 2026-07-17 17:57:03.455  3148  3148 I A02900/R1Api24Probe: E1_CALLBACK_SAMPLE|round=9|sequence=30|producerTid=3310|consumerTid=3148|payload=r09-s030-x3b|hash=2586971665|valid=true
CST 2026-07-17 17:57:03.455  3148  3148 I A02900/R1Api24Probe: E1_CALLBACK_SAMPLE|round=9|sequence=31|producerTid=3310|consumerTid=3148|payload=r09-s031-x5a|hash=3003709565|valid=true
CST 2026-07-17 17:57:03.455  3148  3148 I A02900/R1Api24Probe: E1_CALLBACK_SAMPLE|round=9|sequence=32|producerTid=3310|consumerTid=3148|payload=r09-s032-x79|hash=3448405626|valid=true
CST 2026-07-17 17:57:03.455  3148  3148 I A02900/R1Api24Probe: E1_CALLBACK_SAMPLE|round=9|sequence=33|producerTid=3310|consumerTid=3148|payload=r09-s033-x98|hash=2203062688|valid=true
CST 2026-07-17 17:57:03.455  3148  3148 I A02900/R1Api24Probe: E1_CALLBACK_SAMPLE|round=9|sequence=34|producerTid=3310|consumerTid=3148|payload=r09-s034-xb7|hash=347557575|valid=true
CST 2026-07-17 17:57:03.456  3148  3148 I A02900/R1Api24Probe: E1_CALLBACK_SAMPLE|round=9|sequence=35|producerTid=3310|consumerTid=3148|payload=r09-s035-xd6|hash=3182037809|valid=true
CST 2026-07-17 17:57:03.456  3148  3148 I A02900/R1Api24Probe: E1_CALLBACK_SAMPLE|round=9|sequence=36|producerTid=3310|consumerTid=3148|payload=r09-s036-xf5|hash=2539407663|valid=true
CST 2026-07-17 17:57:03.458  3148  3148 I A02900/R1Api24Probe: E1_CALLBACK_SAMPLE|round=9|sequence=37|producerTid=3310|consumerTid=3148|payload=r09-s037-x14|hash=2813790480|valid=true
CST 2026-07-17 17:57:03.458  3148  3148 I A02900/R1Api24Probe: E1_CALLBACK_SAMPLE|round=9|sequence=38|producerTid=3310|consumerTid=3148|payload=r09-s038-x33|hash=1890945702|valid=true
CST 2026-07-17 17:57:03.458  3148  3148 I A02900/R1Api24Probe: E1_CALLBACK_SAMPLE|round=9|sequence=39|producerTid=3310|consumerTid=3148|payload=r09-s039-x52|hash=1871145676|valid=true
CST 2026-07-17 17:57:03.458  3148  3148 I A02900/R1Api24Probe: E1_CALLBACK_SAMPLE|round=9|sequence=40|producerTid=3310|consumerTid=3148|payload=r09-s040-x71|hash=4131890867|valid=true
CST 2026-07-17 17:57:03.458  3148  3148 I A02900/R1Api24Probe: E1_CALLBACK_SAMPLE|round=9|sequence=41|producerTid=3310|consumerTid=3148|payload=r09-s041-x90|hash=2204207161|valid=true
CST 2026-07-17 17:57:03.458  3148  3148 I A02900/R1Api24Probe: E1_CALLBACK_SAMPLE|round=9|sequence=42|producerTid=3310|consumerTid=3148|payload=r09-s042-xaf|hash=545624698|valid=true
CST 2026-07-17 17:57:03.458  3148  3148 I A02900/R1Api24Probe: E1_CALLBACK_SAMPLE|round=9|sequence=43|producerTid=3310|consumerTid=3148|payload=r09-s043-xce|hash=1350218210|valid=true
CST 2026-07-17 17:57:03.458  3148  3148 I A02900/R1Api24Probe: E1_CALLBACK_SAMPLE|round=9|sequence=44|producerTid=3310|consumerTid=3148|payload=r09-s044-xed|hash=614490146|valid=true
CST 2026-07-17 17:57:03.458  3148  3148 I A02900/R1Api24Probe: E1_CALLBACK_SAMPLE|round=9|sequence=45|producerTid=3310|consumerTid=3148|payload=r09-s045-x0c|hash=2426342765|valid=true
CST 2026-07-17 17:57:03.459  3148  3148 I A02900/R1Api24Probe: E1_CALLBACK_SAMPLE|round=9|sequence=46|producerTid=3310|consumerTid=3148|payload=r09-s046-x2b|hash=112713413|valid=true
CST 2026-07-17 17:57:03.459  3148  3148 I A02900/R1Api24Probe: E1_CALLBACK_SAMPLE|round=9|sequence=47|producerTid=3310|consumerTid=3148|payload=r09-s047-x4a|hash=2761683757|valid=true
CST 2026-07-17 17:57:03.459  3148  3148 I A02900/R1Api24Probe: E1_CALLBACK_SAMPLE|round=9|sequence=48|producerTid=3310|consumerTid=3148|payload=r09-s048-x69|hash=46865510|valid=true
CST 2026-07-17 17:57:03.459  3148  3148 I A02900/R1Api24Probe: E1_CALLBACK_SAMPLE|round=9|sequence=49|producerTid=3310|consumerTid=3148|payload=r09-s049-x88|hash=3993191120|valid=true
CST 2026-07-17 17:57:03.459  3148  3148 I A02900/R1Api24Probe: E1_CALLBACK_SAMPLE|round=9|sequence=50|producerTid=3310|consumerTid=3148|payload=r09-s050-xa7|hash=2755014614|valid=true
CST 2026-07-17 17:57:03.459  3148  3148 I A02900/R1Api24Probe: E1_CALLBACK_SAMPLE|round=9|sequence=51|producerTid=3310|consumerTid=3148|payload=r09-s051-xc6|hash=3289217956|valid=true
CST 2026-07-17 17:57:03.459  3148  3148 I A02900/R1Api24Probe: E1_CALLBACK_SAMPLE|round=9|sequence=52|producerTid=3310|consumerTid=3148|payload=r09-s052-xe5|hash=2337562970|valid=true
CST 2026-07-17 17:57:03.459  3148  3148 I A02900/R1Api24Probe: E1_CALLBACK_SAMPLE|round=9|sequence=53|producerTid=3310|consumerTid=3148|payload=r09-s053-x04|hash=554676239|valid=true
CST 2026-07-17 17:57:03.459  3148  3148 I A02900/R1Api24Probe: E1_CALLBACK_SAMPLE|round=9|sequence=54|producerTid=3310|consumerTid=3148|payload=r09-s054-x23|hash=1447498561|valid=true
CST 2026-07-17 17:57:03.459  3148  3148 I A02900/R1Api24Probe: E1_CALLBACK_SAMPLE|round=9|sequence=55|producerTid=3310|consumerTid=3148|payload=r09-s055-x42|hash=996014903|valid=true
CST 2026-07-17 17:57:03.459  3148  3148 I A02900/R1Api24Probe: E1_CALLBACK_SAMPLE|round=9|sequence=56|producerTid=3310|consumerTid=3148|payload=r09-s056-x61|hash=1711445001|valid=true
CST 2026-07-17 17:57:03.459  3148  3148 I A02900/R1Api24Probe: E1_CALLBACK_SAMPLE|round=9|sequence=57|producerTid=3310|consumerTid=3148|payload=r09-s057-x80|hash=1668133023|valid=true
CST 2026-07-17 17:57:03.459  3148  3148 I A02900/R1Api24Probe: E1_CALLBACK_SAMPLE|round=9|sequence=58|producerTid=3310|consumerTid=3148|payload=r09-s058-x9f|hash=3543923225|valid=true
CST 2026-07-17 17:57:03.459  3148  3148 I A02900/R1Api24Probe: E1_CALLBACK_SAMPLE|round=9|sequence=59|producerTid=3310|consumerTid=3148|payload=r09-s059-xbe|hash=2567431024|valid=true
CST 2026-07-17 17:57:03.459  3148  3148 I A02900/R1Api24Probe: E1_CALLBACK_SAMPLE|round=9|sequence=60|producerTid=3310|consumerTid=3148|payload=r09-s060-xdd|hash=2823301285|valid=true
CST 2026-07-17 17:57:03.459  3148  3148 I A02900/R1Api24Probe: E1_CALLBACK_SAMPLE|round=9|sequence=61|producerTid=3310|consumerTid=3148|payload=r09-s061-xfc|hash=135725809|valid=true
CST 2026-07-17 17:57:03.459  3148  3148 I A02900/R1Api24Probe: E1_CALLBACK_SAMPLE|round=9|sequence=62|producerTid=3310|consumerTid=3148|payload=r09-s062-x1b|hash=3042105724|valid=true
CST 2026-07-17 17:57:03.459  3148  3148 I A02900/R1Api24Probe: E1_CALLBACK_SAMPLE|round=9|sequence=63|producerTid=3310|consumerTid=3148|payload=r09-s063-x3a|hash=137485372|valid=true
CST 2026-07-17 17:57:03.459  3148  3148 I A02900/R1Api24Probe: E1_CALLBACK_SAMPLE|round=9|sequence=64|producerTid=3310|consumerTid=3148|payload=r09-s064-x59|hash=3620825879|valid=true
CST 2026-07-17 17:57:03.460  3148  3148 I A02900/R1Api24Probe: E1_CALLBACK_SAMPLE|round=9|sequence=65|producerTid=3310|consumerTid=3148|payload=r09-s065-x78|hash=7991765|valid=true
CST 2026-07-17 17:57:03.460  3148  3148 I A02900/R1Api24Probe: E1_CALLBACK_SAMPLE|round=9|sequence=66|producerTid=3310|consumerTid=3148|payload=r09-s066-x97|hash=792884855|valid=true
CST 2026-07-17 17:57:03.460  3148  3148 I A02900/R1Api24Probe: E1_CALLBACK_SAMPLE|round=9|sequence=67|producerTid=3310|consumerTid=3148|payload=r09-s067-xb6|hash=499780168|valid=true
CST 2026-07-17 17:57:03.460  3148  3148 I A02900/R1Api24Probe: E1_CALLBACK_SAMPLE|round=9|sequence=68|producerTid=3310|consumerTid=3148|payload=r09-s068-xd5|hash=4006987178|valid=true
CST 2026-07-17 17:57:03.460  3148  3148 I A02900/R1Api24Probe: E1_CALLBACK_SAMPLE|round=9|sequence=69|producerTid=3310|consumerTid=3148|payload=r09-s069-xf4|hash=799831228|valid=true
CST 2026-07-17 17:57:03.460  3148  3148 I A02900/R1Api24Probe: E1_CALLBACK_SAMPLE|round=9|sequence=70|producerTid=3310|consumerTid=3148|payload=r09-s070-x13|hash=805551332|valid=true
CST 2026-07-17 17:57:03.460  3148  3148 I A02900/R1Api24Probe: E1_CALLBACK_SAMPLE|round=9|sequence=71|producerTid=3310|consumerTid=3148|payload=r09-s071-x32|hash=3199976246|valid=true
CST 2026-07-17 17:57:03.460  3148  3148 I A02900/R1Api24Probe: E1_CALLBACK_SAMPLE|round=9|sequence=72|producerTid=3310|consumerTid=3148|payload=r09-s072-x51|hash=2845351888|valid=true
CST 2026-07-17 17:57:03.460  3148  3148 I A02900/R1Api24Probe: E1_CALLBACK_SAMPLE|round=9|sequence=73|producerTid=3310|consumerTid=3148|payload=r09-s073-x70|hash=1175355282|valid=true
CST 2026-07-17 17:57:03.460  3148  3148 I A02900/R1Api24Probe: E1_CALLBACK_SAMPLE|round=9|sequence=74|producerTid=3310|consumerTid=3148|payload=r09-s074-x8f|hash=3267540578|valid=true
CST 2026-07-17 17:57:03.460  3148  3148 I A02900/R1Api24Probe: E1_CALLBACK_SAMPLE|round=9|sequence=75|producerTid=3310|consumerTid=3148|payload=r09-s075-xae|hash=3036239269|valid=true
CST 2026-07-17 17:57:03.460  3148  3148 I A02900/R1Api24Probe: E1_CALLBACK_SAMPLE|round=9|sequence=76|producerTid=3310|consumerTid=3148|payload=r09-s076-xcd|hash=535817541|valid=true
CST 2026-07-17 17:57:03.460  3148  3148 I A02900/R1Api24Probe: E1_CALLBACK_SAMPLE|round=9|sequence=77|producerTid=3310|consumerTid=3148|payload=r09-s077-xec|hash=114850805|valid=true
CST 2026-07-17 17:57:03.460  3148  3148 I A02900/R1Api24Probe: E1_CALLBACK_SAMPLE|round=9|sequence=78|producerTid=3310|consumerTid=3148|payload=r09-s078-x0b|hash=3059903090|valid=true
CST 2026-07-17 17:57:03.460  3148  3148 I A02900/R1Api24Probe: E1_CALLBACK_SAMPLE|round=9|sequence=79|producerTid=3310|consumerTid=3148|payload=r09-s079-x2a|hash=3961521918|valid=true
CST 2026-07-17 17:57:03.461  3148  3148 I A02900/R1Api24Probe: E1_CALLBACK_SAMPLE|round=9|sequence=80|producerTid=3310|consumerTid=3148|payload=r09-s080-x49|hash=844829276|valid=true
CST 2026-07-17 17:57:03.461  3148  3148 I A02900/R1Api24Probe: E1_CALLBACK_SAMPLE|round=9|sequence=81|producerTid=3310|consumerTid=3148|payload=r09-s081-x68|hash=2350946914|valid=true
CST 2026-07-17 17:57:03.461  3148  3148 I A02900/R1Api24Probe: E1_CALLBACK_SAMPLE|round=9|sequence=82|producerTid=3310|consumerTid=3148|payload=r09-s082-x87|hash=3046093656|valid=true
CST 2026-07-17 17:57:03.461  3148  3148 I A02900/R1Api24Probe: E1_CALLBACK_SAMPLE|round=9|sequence=83|producerTid=3310|consumerTid=3148|payload=r09-s083-xa6|hash=358102537|valid=true
CST 2026-07-17 17:57:03.461  3148  3148 I A02900/R1Api24Probe: E1_CALLBACK_SAMPLE|round=9|sequence=84|producerTid=3310|consumerTid=3148|payload=r09-s084-xc5|hash=3866097571|valid=true
CST 2026-07-17 17:57:03.461  3148  3148 I A02900/R1Api24Probe: E1_CALLBACK_SAMPLE|round=9|sequence=85|producerTid=3310|consumerTid=3148|payload=r09-s085-xe4|hash=1784364657|valid=true
CST 2026-07-17 17:57:03.461  3148  3148 I A02900/R1Api24Probe: E1_CALLBACK_SAMPLE|round=9|sequence=86|producerTid=3310|consumerTid=3148|payload=r09-s086-x03|hash=4180238240|valid=true
CST 2026-07-17 17:57:03.461  3148  3148 I A02900/R1Api24Probe: E1_CALLBACK_SAMPLE|round=9|sequence=87|producerTid=3310|consumerTid=3148|payload=r09-s087-x22|hash=3311998542|valid=true
CST 2026-07-17 17:57:03.461  3148  3148 I A02900/R1Api24Probe: E1_CALLBACK_SAMPLE|round=9|sequence=88|producerTid=3310|consumerTid=3148|payload=r09-s088-x41|hash=1099904716|valid=true
CST 2026-07-17 17:57:03.461  3148  3148 I A02900/R1Api24Probe: E1_CALLBACK_SAMPLE|round=9|sequence=89|producerTid=3310|consumerTid=3148|payload=r09-s089-x60|hash=2205307890|valid=true
CST 2026-07-17 17:57:03.462  3148  3148 I A02900/R1Api24Probe: E1_CALLBACK_SAMPLE|round=9|sequence=90|producerTid=3310|consumerTid=3148|payload=r09-s090-x7f|hash=444334563|valid=true
CST 2026-07-17 17:57:03.462  3148  3148 I A02900/R1Api24Probe: E1_CALLBACK_SAMPLE|round=9|sequence=91|producerTid=3310|consumerTid=3148|payload=r09-s091-x9e|hash=3419887703|valid=true
CST 2026-07-17 17:57:03.462  3148  3148 I A02900/R1Api24Probe: E1_CALLBACK_SAMPLE|round=9|sequence=92|producerTid=3310|consumerTid=3148|payload=r09-s092-xbd|hash=981237590|valid=true
CST 2026-07-17 17:57:03.462  3148  3148 I A02900/R1Api24Probe: E1_CALLBACK_SAMPLE|round=9|sequence=93|producerTid=3310|consumerTid=3148|payload=r09-s093-xdc|hash=187265862|valid=true
CST 2026-07-17 17:57:03.462  3148  3148 I A02900/R1Api24Probe: E1_CALLBACK_SAMPLE|round=9|sequence=94|producerTid=3310|consumerTid=3148|payload=r09-s094-xfb|hash=4003199798|valid=true
CST 2026-07-17 17:57:03.462  3148  3148 I A02900/R1Api24Probe: E1_CALLBACK_SAMPLE|round=9|sequence=95|producerTid=3310|consumerTid=3148|payload=r09-s095-x1a|hash=2285743119|valid=true
CST 2026-07-17 17:57:03.462  3148  3148 I A02900/R1Api24Probe: E1_CALLBACK_SAMPLE|round=9|sequence=96|producerTid=3310|consumerTid=3148|payload=r09-s096-x39|hash=2182318732|valid=true
CST 2026-07-17 17:57:03.462  3148  3148 I A02900/R1Api24Probe: E1_CALLBACK_SAMPLE|round=9|sequence=97|producerTid=3310|consumerTid=3148|payload=r09-s097-x58|hash=3186955158|valid=true
CST 2026-07-17 17:57:03.462  3148  3148 I A02900/R1Api24Probe: E1_CALLBACK_SAMPLE|round=9|sequence=98|producerTid=3310|consumerTid=3148|payload=r09-s098-x77|hash=4041007672|valid=true
CST 2026-07-17 17:57:03.462  3148  3148 I A02900/R1Api24Probe: E1_CALLBACK_SAMPLE|round=9|sequence=99|producerTid=3310|consumerTid=3148|payload=r09-s099-x96|hash=3128977090|valid=true
CST 2026-07-17 17:57:03.462  3148  3148 I A02900/R1Api24Probe: E1_CALLBACK_SAMPLE|round=9|sequence=100|producerTid=3310|consumerTid=3148|payload=r09-s100-xb5|hash=3198040237|valid=true
CST 2026-07-17 17:57:03.465  2255  2277 I C02515/DISP: [ExpressFreeMem:317] freeMem bufferhandle gbuffer_id 28a00000040, width 222, heigt 222
CST 2026-07-17 17:57:03.469   795   795 E C01406/RSScreenManager: IsAllScreensPowerOff: screenPowerStatus_ is empty.
CST 2026-07-17 17:57:03.473  2527  2527 I C02500/Qemud: Guest heartbeat success.
CST 2026-07-17 17:57:03.474   348   445 I C01f04/TelephonySubsystem: reboot detect retry remain 2
CST 2026-07-17 17:57:03.478  2255  2277 I C03900/HDS: [hds_drawable_descriptor.cpp-ProcessIcon:101]set pixelmap editable : 0 .
CST 2026-07-17 17:57:03.478  2255  2277 E C02b61/PixelMap: set ashmem name failed
CST 2026-07-17 17:57:03.479  2255  2277 W A01b00/SCB: GraphicUtils --> combinePic from HdsIcon, bundleName: com.ohos.formrenderservice, iconSizeOfGrid: 64, hasBorder: true
CST 2026-07-17 17:57:03.479  2255  2277 I A01b00/SCB: IconResourceFwk --> getBundleIcon end param: com.ohos.formrenderservice, 64, true true
CST 2026-07-17 17:57:03.484  2255  2285 I C02b61/ImageCode: DoEncode:(224, 224) cost 4740 us
CST 2026-07-17 17:57:03.486  2255  2284 I C01631/GaussPD:  [0] [ADAPTER] [139902111435520] Not support binlog_default.writeLock file enable del monitor sysno = 25
CST 2026-07-17 17:57:03.486  2255  2284 I C01631/GaussPD:  [0] [ADAPTER] [139902111435520] Not support binlog_default.writeLock file enable del monitor sysno = 25
CST 2026-07-17 17:57:03.486  2255  2284 I C01631/GaussPD:  [0] [ADAPTER] [139902111435520] Not support binlog_default.writeLock file enable del monitor sysno = 25
CST 2026-07-17 17:57:03.486  2255  2284 I C01631/GaussPD:  [0] [ADAPTER] [139902111435520] Not support binlog_default.writeLock file enable del monitor sysno = 25
CST 2026-07-17 17:57:03.486  2255  2284 I C01631/GaussPD:  [0] [ADAPTER] [139902111435520] Not support binlog_default.writeIndex file enable del monitor sysno = 25
CST 2026-07-17 17:57:03.486  2065  2099 I C02a04/UsbService: UsbAccessoryManager::InitUsbAccessoryInterface start
CST 2026-07-17 17:57:03.486  2255  2284 I C01631/GaussPD:  [0] [ADAPTER] [139902111435520] Not support binlog_default.writeIndex file enable del monitor sysno = 25
CST 2026-07-17 17:57:03.486   170   603 E C02510/devsvc_manager_stub: StubGetService service usb_device_interface_service not found
CST 2026-07-17 17:57:03.486  2255  2277 I A01a01/NC: NotificationConfigManager: update icon result: com.ohos.formrenderservice, 15114
CST 2026-07-17 17:57:03.486  2065  2099 E C02510/hdi_servmgr_client: get hdi service usb_device_interface_service failed, -1
CST 2026-07-17 17:57:03.486  2065  2099 E C02510/usb_device_interface_proxy: Get:get remote object failed!
CST 2026-07-17 17:57:03.486  2065  2099 E C02a04/UsbService: UsbAccessoryManager:: Get inteface failed
CST 2026-07-17 17:57:03.487  2065  2099 E C02a04/UsbService: usbAccessoryManager_ is nullptr or InitUsbAccessoryInterface failed
CST 2026-07-17 17:57:03.487  2255  2277 I A01b00/SCB: IconResourceFwk --> getBundleIcon start param: com.huawei.hms.huaweiid, 64, true true
CST 2026-07-17 17:57:03.487  2255  2277 W A01b00/SCB: IconResourceUtils --> getIconResource from bms getBundleResourceInfo for com.huawei.hms.huaweiid 0
CST 2026-07-17 17:57:03.487   796   962 I C01120/BMS: icon rdb get resource icon start -n com.huawei.hms.huaweiid -i 0 -f 16
CST 2026-07-17 17:57:03.487   796   962 E C01650/StepResultSet: GoToRow:position[0] rowCount[0] rowPos_[-1]!
CST 2026-07-17 17:57:03.488   648  3105 W C02515/DISP: [SetLayerMaskInfo:495] <private> is not supported
CST 2026-07-17 17:57:03.488   648  3105 I C02515/DISP: [CommitComposeLayer:67] CommitComposeLayer! 10
CST 2026-07-17 17:57:03.488  2255  2277 I C02b61/ImageSource: CreatePixelMap success, id:1784282223488222,dSize:(0,0),srcSize: (108,108),dHdr:1,sHdr:1,memType: 2,cost 619 us
CST 2026-07-17 17:57:03.489  2255  2277 E C02b61/PixelMap: set ashmem name failed
CST 2026-07-17 17:57:03.489  2255  2277 W A01b00/SCB: GraphicUtils --> com.huawei.hms.huaweiid - getHdsIcon, size: (108, 108), pixelFormat: 4, leftTopPixel is transparent: true, 0-0-0-0
CST 2026-07-17 17:57:03.489  2255  2277 E C03900/HDS: [hds_drawable_descriptor.cpp-GetOtherIconsInfo:395]Get icon by name from resource failed, iconName: icon_mask, isGlobalMask: 0, state: 9001004
CST 2026-07-17 17:57:03.489  2255  2277 W C03900/HDS: [hds_drawable_descriptor.cpp-ProcessIcon:91]Mask size {192, 192}, bundleName: com.huawei.hms.huaweiid
CST 2026-07-17 17:57:03.489  2255  2277 I C02b61/PostProc: initSLRFactor insert:445500926
CST 2026-07-17 17:57:03.491  2255  2277 I C02b61/PixelMap: PixelMap::scale SLR 166, srcSize: [192, 192], dstSize: [108, 108], cost: 1
CST 2026-07-17 17:57:03.495  1895  2008 I C0430a/file_monitor_service: [MainMissionStatus:197]CanExit
CST 2026-07-17 17:57:03.495  1895  2008 I C0430a/file_monitor_service: [MainMissionStatus:203]SecondaryScanner idle
CST 2026-07-17 17:57:03.504  1010  1071 I C01560/EmlsrManager: CheckEmlsrSwitchStatus emlsrSwitchCond: be, wifiLinkType: 0, wifiConnState: 0, isScreenOn:1, hotspot: 0, p2p: 0, powerSave: 0, HML: 0, throughputValid:0, foregroundAppValid: 1, networkQualityValid: 0, isWhiteApp_:0,isThermalValid: 1
CST 2026-07-17 17:57:03.509   644   650 I C02515/DISP: [InitBufferHandle:229] express init gbuffer id 28a00000041 ret 0 err 0 fd 8 108 108 pixel 4 size 46656 usage 2b
CST 2026-07-17 17:57:03.509   644   650 I C02515/DISP: [ExpressAllocMem:271] ExpressAllocMem requeset BufferHandle 8, width 108, heigt 108, format 20
CST 2026-07-17 17:57:03.510  3148  3148 I A02900/R1Api24Probe: E1_ROUND_RESULT|verdict=PASS|round=9|pid=3148|mainTid=3148|producerTid=3310|consumerTid=3148|buffers=100|callbacks=100|fdTransfers=1|bufferHashAggregate=1774892357|callbackHashAggregate=3084542708|fdPayloadHash=607522204|beforeFd=38|afterFd=38|beforeThreads=28|afterThreads=28|monotonicIncrease=false
CST 2026-07-17 17:57:03.510  3148  3148 I A02900/R1Api24Probe: E1_BUFFER_SAMPLE|round=10|sample=1|length=0|leftSentinel=154|rightSentinel=101|hash=2166136261|guards=true|nativeTid=3148
CST 2026-07-17 17:57:03.510  3148  3148 I A02900/R1Api24Probe: E1_BUFFER_SAMPLE|round=10|sample=2|length=1|leftSentinel=155|rightSentinel=100|hash=705468254|guards=true|nativeTid=3148
CST 2026-07-17 17:57:03.511  3148  3148 I A02900/R1Api24Probe: E1_BUFFER_SAMPLE|round=10|sample=3|length=2|leftSentinel=156|rightSentinel=99|hash=2264337320|guards=true|nativeTid=3148
CST 2026-07-17 17:57:03.511  3148  3148 I A02900/R1Api24Probe: E1_BUFFER_SAMPLE|round=10|sample=4|length=3|leftSentinel=157|rightSentinel=98|hash=3621492945|guards=true|nativeTid=3148
CST 2026-07-17 17:57:03.511  3148  3148 I A02900/R1Api24Probe: E1_BUFFER_SAMPLE|round=10|sample=5|length=4|leftSentinel=158|rightSentinel=97|hash=1607825657|guards=true|nativeTid=3148
CST 2026-07-17 17:57:03.511  3148  3148 I A02900/R1Api24Probe: E1_BUFFER_SAMPLE|round=10|sample=6|length=5|leftSentinel=159|rightSentinel=96|hash=3878364754|guards=true|nativeTid=3148
CST 2026-07-17 17:57:03.511  3148  3148 I A02900/R1Api24Probe: E1_BUFFER_SAMPLE|round=10|sample=7|length=6|leftSentinel=160|rightSentinel=95|hash=3855281832|guards=true|nativeTid=3148
CST 2026-07-17 17:57:03.511  3148  3148 I A02900/R1Api24Probe: E1_BUFFER_SAMPLE|round=10|sample=8|length=7|leftSentinel=161|rightSentinel=94|hash=4116633689|guards=true|nativeTid=3148
CST 2026-07-17 17:57:03.511  3148  3148 I A02900/R1Api24Probe: E1_BUFFER_SAMPLE|round=10|sample=9|length=8|leftSentinel=162|rightSentinel=93|hash=2669560413|guards=true|nativeTid=3148
CST 2026-07-17 17:57:03.511  3148  3148 I A02900/R1Api24Probe: E1_BUFFER_SAMPLE|round=10|sample=10|length=9|leftSentinel=163|rightSentinel=92|hash=3070851582|guards=true|nativeTid=3148
CST 2026-07-17 17:57:03.511  3148  3148 I A02900/R1Api24Probe: E1_BUFFER_SAMPLE|round=10|sample=11|length=10|leftSentinel=164|rightSentinel=91|hash=3919580568|guards=true|nativeTid=3148
CST 2026-07-17 17:57:03.511  3148  3148 I A02900/R1Api24Probe: E1_BUFFER_SAMPLE|round=10|sample=12|length=11|leftSentinel=165|rightSentinel=90|hash=4076329281|guards=true|nativeTid=3148
CST 2026-07-17 17:57:03.511  3148  3148 I A02900/R1Api24Probe: E1_BUFFER_SAMPLE|round=10|sample=13|length=12|leftSentinel=166|rightSentinel=89|hash=3159745601|guards=true|nativeTid=3148
CST 2026-07-17 17:57:03.511  3148  3148 I A02900/R1Api24Probe: E1_BUFFER_SAMPLE|round=10|sample=14|length=13|leftSentinel=167|rightSentinel=88|hash=2945528066|guards=true|nativeTid=3148
CST 2026-07-17 17:57:03.511  3148  3148 I A02900/R1Api24Probe: E1_BUFFER_SAMPLE|round=10|sample=15|length=14|leftSentinel=168|rightSentinel=87|hash=1523781208|guards=true|nativeTid=3148
CST 2026-07-17 17:57:03.511  3148  3148 I A02900/R1Api24Probe: E1_BUFFER_SAMPLE|round=10|sample=16|length=15|leftSentinel=169|rightSentinel=86|hash=1889828457|guards=true|nativeTid=3148
CST 2026-07-17 17:57:03.511  3148  3148 I A02900/R1Api24Probe: E1_BUFFER_SAMPLE|round=10|sample=17|length=16|leftSentinel=170|rightSentinel=85|hash=3152774165|guards=true|nativeTid=3148
CST 2026-07-17 17:57:03.511  3148  3148 I A02900/R1Api24Probe: E1_BUFFER_SAMPLE|round=10|sample=18|length=17|leftSentinel=171|rightSentinel=84|hash=231674270|guards=true|nativeTid=3148
CST 2026-07-17 17:57:03.511  3148  3148 I A02900/R1Api24Probe: E1_BUFFER_SAMPLE|round=10|sample=19|length=18|leftSentinel=172|rightSentinel=83|hash=426156488|guards=true|nativeTid=3148
CST 2026-07-17 17:57:03.512  3148  3148 I A02900/R1Api24Probe: E1_BUFFER_SAMPLE|round=10|sample=20|length=19|leftSentinel=173|rightSentinel=82|hash=132019537|guards=true|nativeTid=3148
CST 2026-07-17 17:57:03.512  3148  3148 I A02900/R1Api24Probe: E1_BUFFER_SAMPLE|round=10|sample=21|length=20|leftSentinel=174|rightSentinel=81|hash=1875009065|guards=true|nativeTid=3148
CST 2026-07-17 17:57:03.512  3148  3148 I A02900/R1Api24Probe: E1_BUFFER_SAMPLE|round=10|sample=22|length=21|leftSentinel=175|rightSentinel=80|hash=2174444370|guards=true|nativeTid=3148
CST 2026-07-17 17:57:03.512  3148  3148 I A02900/R1Api24Probe: E1_BUFFER_SAMPLE|round=10|sample=23|length=22|leftSentinel=176|rightSentinel=79|hash=3316768296|guards=true|nativeTid=3148
CST 2026-07-17 17:57:03.512  3148  3148 I A02900/R1Api24Probe: E1_BUFFER_SAMPLE|round=10|sample=24|length=23|leftSentinel=177|rightSentinel=78|hash=1605030329|guards=true|nativeTid=3148
CST 2026-07-17 17:57:03.512  3148  3148 I A02900/R1Api24Probe: E1_BUFFER_SAMPLE|round=10|sample=25|length=24|leftSentinel=178|rightSentinel=77|hash=3412426093|guards=true|nativeTid=3148
CST 2026-07-17 17:57:03.512  3148  3148 I A02900/R1Api24Probe: E1_BUFFER_SAMPLE|round=10|sample=26|length=25|leftSentinel=179|rightSentinel=76|hash=3693188734|guards=true|nativeTid=3148
CST 2026-07-17 17:57:03.512  3148  3148 I A02900/R1Api24Probe: E1_BUFFER_SAMPLE|round=10|sample=27|length=26|leftSentinel=180|rightSentinel=75|hash=3088981240|guards=true|nativeTid=3148
CST 2026-07-17 17:57:03.512  3148  3148 I A02900/R1Api24Probe: E1_BUFFER_SAMPLE|round=10|sample=28|length=27|leftSentinel=181|rightSentinel=74|hash=90459201|guards=true|nativeTid=3148
CST 2026-07-17 17:57:03.512  3148  3148 I A02900/R1Api24Probe: E1_BUFFER_SAMPLE|round=10|sample=29|length=28|leftSentinel=182|rightSentinel=73|hash=1145121489|guards=true|nativeTid=3148
CST 2026-07-17 17:57:03.512  3148  3148 I A02900/R1Api24Probe: E1_BUFFER_SAMPLE|round=10|sample=30|length=29|leftSentinel=183|rightSentinel=72|hash=1240901218|guards=true|nativeTid=3148
CST 2026-07-17 17:57:03.512  3148  3148 I A02900/R1Api24Probe: E1_BUFFER_SAMPLE|round=10|sample=31|length=30|leftSentinel=184|rightSentinel=71|hash=2110253528|guards=true|nativeTid=3148
CST 2026-07-17 17:57:03.512  3148  3148 I A02900/R1Api24Probe: E1_BUFFER_SAMPLE|round=10|sample=32|length=31|leftSentinel=185|rightSentinel=70|hash=1135015625|guards=true|nativeTid=3148
CST 2026-07-17 17:57:03.512  3148  3148 I A02900/R1Api24Probe: E1_BUFFER_SAMPLE|round=10|sample=33|length=32|leftSentinel=186|rightSentinel=69|hash=2917521829|guards=true|nativeTid=3148
CST 2026-07-17 17:57:03.512  3148  3148 I A02900/R1Api24Probe: E1_BUFFER_SAMPLE|round=10|sample=34|length=33|leftSentinel=187|rightSentinel=68|hash=3270190302|guards=true|nativeTid=3148
CST 2026-07-17 17:57:03.512   644   650 I C02515/DISP: [ExpressFreeMem:317] freeMem bufferhandle gbuffer_id 28a00000041, width 108, heigt 108
CST 2026-07-17 17:57:03.512  3148  3148 I A02900/R1Api24Probe: E1_BUFFER_SAMPLE|round=10|sample=35|length=34|leftSentinel=188|rightSentinel=67|hash=1858532072|guards=true|nativeTid=3148
CST 2026-07-17 17:57:03.512  3148  3148 I A02900/R1Api24Probe: E1_BUFFER_SAMPLE|round=10|sample=36|length=35|leftSentinel=189|rightSentinel=66|hash=1604706769|guards=true|nativeTid=3148
CST 2026-07-17 17:57:03.513  3148  3148 I A02900/R1Api24Probe: E1_BUFFER_SAMPLE|round=10|sample=37|length=36|leftSentinel=190|rightSentinel=65|hash=1760410329|guards=true|nativeTid=3148
CST 2026-07-17 17:57:03.513  3148  3148 I A02900/R1Api24Probe: E1_BUFFER_SAMPLE|round=10|sample=38|length=37|leftSentinel=191|rightSentinel=64|hash=1060148882|guards=true|nativeTid=3148
CST 2026-07-17 17:57:03.513  3148  3148 I A02900/R1Api24Probe: E1_BUFFER_SAMPLE|round=10|sample=39|length=38|leftSentinel=192|rightSentinel=63|hash=2472208872|guards=true|nativeTid=3148
CST 2026-07-17 17:57:03.513  3148  3148 I A02900/R1Api24Probe: E1_BUFFER_SAMPLE|round=10|sample=40|length=39|leftSentinel=193|rightSentinel=62|hash=3115636377|guards=true|nativeTid=3148
CST 2026-07-17 17:57:03.513  3148  3148 I A02900/R1Api24Probe: E1_BUFFER_SAMPLE|round=10|sample=41|length=40|leftSentinel=194|rightSentinel=61|hash=4191328701|guards=true|nativeTid=3148
CST 2026-07-17 17:57:03.513  3148  3148 I A02900/R1Api24Probe: E1_BUFFER_SAMPLE|round=10|sample=42|length=41|leftSentinel=195|rightSentinel=60|hash=3175073406|guards=true|nativeTid=3148
CST 2026-07-17 17:57:03.513  3148  3148 I A02900/R1Api24Probe: E1_BUFFER_SAMPLE|round=10|sample=43|length=42|leftSentinel=196|rightSentinel=59|hash=3292821080|guards=true|nativeTid=3148
CST 2026-07-17 17:57:03.513  3148  3148 I A02900/R1Api24Probe: E1_BUFFER_SAMPLE|round=10|sample=44|length=43|leftSentinel=197|rightSentinel=58|hash=2912869185|guards=true|nativeTid=3148
CST 2026-07-17 17:57:03.513  3148  3148 I A02900/R1Api24Probe: E1_BUFFER_SAMPLE|round=10|sample=45|length=44|leftSentinel=198|rightSentinel=57|hash=4088133665|guards=true|nativeTid=3148
CST 2026-07-17 17:57:03.513  3148  3148 I A02900/R1Api24Probe: E1_BUFFER_SAMPLE|round=10|sample=46|length=45|leftSentinel=199|rightSentinel=56|hash=1985393410|guards=true|nativeTid=3148
CST 2026-07-17 17:57:03.513  3148  3148 I A02900/R1Api24Probe: E1_BUFFER_SAMPLE|round=10|sample=47|length=46|leftSentinel=200|rightSentinel=55|hash=3556495384|guards=true|nativeTid=3148
CST 2026-07-17 17:57:03.513  3148  3148 I A02900/R1Api24Probe: E1_BUFFER_SAMPLE|round=10|sample=48|length=47|leftSentinel=201|rightSentinel=54|hash=1629331881|guards=true|nativeTid=3148
CST 2026-07-17 17:57:03.513  3148  3148 I A02900/R1Api24Probe: E1_BUFFER_SAMPLE|round=10|sample=49|length=48|leftSentinel=202|rightSentinel=53|hash=4240615349|guards=true|nativeTid=3148
CST 2026-07-17 17:57:03.513  3148  3148 I A02900/R1Api24Probe: E1_BUFFER_SAMPLE|round=10|sample=50|length=49|leftSentinel=203|rightSentinel=52|hash=87077342|guards=true|nativeTid=3148
CST 2026-07-17 17:57:03.514  3148  3148 I A02900/R1Api24Probe: E1_BUFFER_SAMPLE|round=10|sample=51|length=50|leftSentinel=204|rightSentinel=51|hash=2758709000|guards=true|nativeTid=3148
CST 2026-07-17 17:57:03.514  3148  3148 I A02900/R1Api24Probe: E1_BUFFER_SAMPLE|round=10|sample=52|length=51|leftSentinel=205|rightSentinel=50|hash=2581063121|guards=true|nativeTid=3148
CST 2026-07-17 17:57:03.514  3148  3148 I A02900/R1Api24Probe: E1_BUFFER_SAMPLE|round=10|sample=53|length=52|leftSentinel=206|rightSentinel=49|hash=2383516937|guards=true|nativeTid=3148
CST 2026-07-17 17:57:03.514  3148  3148 I A02900/R1Api24Probe: E1_BUFFER_SAMPLE|round=10|sample=54|length=53|leftSentinel=207|rightSentinel=48|hash=1995387154|guards=true|nativeTid=3148
CST 2026-07-17 17:57:03.514  3148  3148 I A02900/R1Api24Probe: E1_BUFFER_SAMPLE|round=10|sample=55|length=54|leftSentinel=208|rightSentinel=47|hash=3234599016|guards=true|nativeTid=3148
CST 2026-07-17 17:57:03.514  3148  3148 I A02900/R1Api24Probe: E1_BUFFER_SAMPLE|round=10|sample=56|length=55|leftSentinel=209|rightSentinel=46|hash=568791353|guards=true|nativeTid=3148
CST 2026-07-17 17:57:03.514  3148  3148 I A02900/R1Api24Probe: E1_BUFFER_SAMPLE|round=10|sample=57|length=56|leftSentinel=210|rightSentinel=45|hash=2908830989|guards=true|nativeTid=3148
CST 2026-07-17 17:57:03.514  3148  3148 I A02900/R1Api24Probe: E1_BUFFER_SAMPLE|round=10|sample=58|length=57|leftSentinel=211|rightSentinel=44|hash=3670987070|guards=true|nativeTid=3148
CST 2026-07-17 17:57:03.514  3148  3148 I A02900/R1Api24Probe: E1_BUFFER_SAMPLE|round=10|sample=59|length=58|leftSentinel=212|rightSentinel=43|hash=2390855352|guards=true|nativeTid=3148
CST 2026-07-17 17:57:03.514  3148  3148 I A02900/R1Api24Probe: E1_BUFFER_SAMPLE|round=10|sample=60|length=59|leftSentinel=213|rightSentinel=42|hash=1556670529|guards=true|nativeTid=3148
CST 2026-07-17 17:57:03.514  3148  3148 I A02900/R1Api24Probe: E1_BUFFER_SAMPLE|round=10|sample=61|length=60|leftSentinel=214|rightSentinel=41|hash=1359528817|guards=true|nativeTid=3148
CST 2026-07-17 17:57:03.514  3148  3148 I A02900/R1Api24Probe: E1_BUFFER_SAMPLE|round=10|sample=62|length=61|leftSentinel=215|rightSentinel=40|hash=1519586082|guards=true|nativeTid=3148
CST 2026-07-17 17:57:03.514  3148  3148 I A02900/R1Api24Probe: E1_BUFFER_SAMPLE|round=10|sample=63|length=62|leftSentinel=216|rightSentinel=39|hash=2361491480|guards=true|nativeTid=3148
CST 2026-07-17 17:57:03.514  3148  3148 I A02900/R1Api24Probe: E1_BUFFER_SAMPLE|round=10|sample=64|length=63|leftSentinel=217|rightSentinel=38|hash=3418197833|guards=true|nativeTid=3148
CST 2026-07-17 17:57:03.514  3148  3148 I A02900/R1Api24Probe: E1_BUFFER_SAMPLE|round=10|sample=65|length=64|leftSentinel=218|rightSentinel=37|hash=1849970949|guards=true|nativeTid=3148
CST 2026-07-17 17:57:03.515  3148  3148 I A02900/R1Api24Probe: E1_BUFFER_SAMPLE|round=10|sample=66|length=65|leftSentinel=219|rightSentinel=36|hash=3369426526|guards=true|nativeTid=3148
CST 2026-07-17 17:57:03.515  3148  3148 I A02900/R1Api24Probe: E1_BUFFER_SAMPLE|round=10|sample=67|length=66|leftSentinel=220|rightSentinel=35|hash=1059923240|guards=true|nativeTid=3148
CST 2026-07-17 17:57:03.515  3148  3148 I A02900/R1Api24Probe: E1_BUFFER_SAMPLE|round=10|sample=68|length=67|leftSentinel=221|rightSentinel=34|hash=4128887121|guards=true|nativeTid=3148
CST 2026-07-17 17:57:03.515  3148  3148 I A02900/R1Api24Probe: E1_BUFFER_SAMPLE|round=10|sample=69|length=68|leftSentinel=222|rightSentinel=33|hash=734367673|guards=true|nativeTid=3148
CST 2026-07-17 17:57:03.515  3148  3148 I A02900/R1Api24Probe: E1_BUFFER_SAMPLE|round=10|sample=70|length=69|leftSentinel=223|rightSentinel=32|hash=3849919698|guards=true|nativeTid=3148
CST 2026-07-17 17:57:03.515  3148  3148 I A02900/R1Api24Probe: E1_BUFFER_SAMPLE|round=10|sample=71|length=70|leftSentinel=224|rightSentinel=31|hash=2019432488|guards=true|nativeTid=3148
CST 2026-07-17 17:57:03.515  3148  3148 I A02900/R1Api24Probe: E1_BUFFER_SAMPLE|round=10|sample=72|length=71|leftSentinel=225|rightSentinel=30|hash=430699225|guards=true|nativeTid=3148
CST 2026-07-17 17:57:03.515  3148  3148 I A02900/R1Api24Probe: E1_BUFFER_SAMPLE|round=10|sample=73|length=72|leftSentinel=226|rightSentinel=29|hash=2067417885|guards=true|nativeTid=3148
CST 2026-07-17 17:57:03.515  3148  3148 I A02900/R1Api24Probe: E1_BUFFER_SAMPLE|round=10|sample=74|length=73|leftSentinel=227|rightSentinel=28|hash=4187604734|guards=true|nativeTid=3148
CST 2026-07-17 17:57:03.515  3148  3148 I A02900/R1Api24Probe: E1_BUFFER_SAMPLE|round=10|sample=75|length=74|leftSentinel=228|rightSentinel=27|hash=2215483672|guards=true|nativeTid=3148
CST 2026-07-17 17:57:03.515  3148  3148 I A02900/R1Api24Probe: E1_BUFFER_SAMPLE|round=10|sample=76|length=75|leftSentinel=229|rightSentinel=26|hash=2333777089|guards=true|nativeTid=3148
CST 2026-07-17 17:57:03.515  3148  3148 I A02900/R1Api24Probe: E1_BUFFER_SAMPLE|round=10|sample=77|length=76|leftSentinel=230|rightSentinel=25|hash=1815921537|guards=true|nativeTid=3148
CST 2026-07-17 17:57:03.515  3148  3148 I A02900/R1Api24Probe: E1_BUFFER_SAMPLE|round=10|sample=78|length=77|leftSentinel=231|rightSentinel=24|hash=252794754|guards=true|nativeTid=3148
CST 2026-07-17 17:57:03.516  3148  3148 I A02900/R1Api24Probe: E1_BUFFER_SAMPLE|round=10|sample=79|length=78|leftSentinel=232|rightSentinel=23|hash=2246494936|guards=true|nativeTid=3148
CST 2026-07-17 17:57:03.516  3148  3148 I A02900/R1Api24Probe: E1_BUFFER_SAMPLE|round=10|sample=80|length=79|leftSentinel=233|rightSentinel=22|hash=44577513|guards=true|nativeTid=3148
CST 2026-07-17 17:57:03.516  3148  3148 I A02900/R1Api24Probe: E1_BUFFER_SAMPLE|round=10|sample=81|length=80|leftSentinel=234|rightSentinel=21|hash=1033468245|guards=true|nativeTid=3148
CST 2026-07-17 17:57:03.516  3148  3148 I A02900/R1Api24Probe: E1_BUFFER_SAMPLE|round=10|sample=82|length=81|leftSentinel=235|rightSentinel=20|hash=1839397150|guards=true|nativeTid=3148
CST 2026-07-17 17:57:03.516  3148  3148 I A02900/R1Api24Probe: E1_BUFFER_SAMPLE|round=10|sample=83|length=82|leftSentinel=236|rightSentinel=19|hash=2258614472|guards=true|nativeTid=3148
CST 2026-07-17 17:57:03.516  3148  3148 I A02900/R1Api24Probe: E1_BUFFER_SAMPLE|round=10|sample=84|length=83|leftSentinel=237|rightSentinel=18|hash=213512145|guards=true|nativeTid=3148
CST 2026-07-17 17:57:03.516  3148  3148 I A02900/R1Api24Probe: E1_BUFFER_SAMPLE|round=10|sample=85|length=84|leftSentinel=238|rightSentinel=17|hash=2362521449|guards=true|nativeTid=3148
CST 2026-07-17 17:57:03.516  3148  3148 I A02900/R1Api24Probe: E1_BUFFER_SAMPLE|round=10|sample=86|length=85|leftSentinel=239|rightSentinel=16|hash=793831378|guards=true|nativeTid=3148
CST 2026-07-17 17:57:03.516  3148  3148 I A02900/R1Api24Probe: E1_BUFFER_SAMPLE|round=10|sample=87|length=86|leftSentinel=240|rightSentinel=15|hash=1033908520|guards=true|nativeTid=3148
CST 2026-07-17 17:57:03.516  3148  3148 I A02900/R1Api24Probe: E1_BUFFER_SAMPLE|round=10|sample=88|length=87|leftSentinel=241|rightSentinel=14|hash=2799461945|guards=true|nativeTid=3148
CST 2026-07-17 17:57:03.516  3148  3148 I A02900/R1Api24Probe: E1_BUFFER_SAMPLE|round=10|sample=89|length=88|leftSentinel=242|rightSentinel=13|hash=2774408493|guards=true|nativeTid=3148
CST 2026-07-17 17:57:03.516  3148  3148 I A02900/R1Api24Probe: E1_BUFFER_SAMPLE|round=10|sample=90|length=89|leftSentinel=243|rightSentinel=12|hash=876568190|guards=true|nativeTid=3148
CST 2026-07-17 17:57:03.516  3148  3148 I A02900/R1Api24Probe: E1_BUFFER_SAMPLE|round=10|sample=91|length=90|leftSentinel=244|rightSentinel=11|hash=2542742776|guards=true|nativeTid=3148
CST 2026-07-17 17:57:03.517  3148  3148 I A02900/R1Api24Probe: E1_BUFFER_SAMPLE|round=10|sample=92|length=91|leftSentinel=245|rightSentinel=10|hash=3930500929|guards=true|nativeTid=3148
CST 2026-07-17 17:57:03.517  3148  3148 I A02900/R1Api24Probe: E1_BUFFER_SAMPLE|round=10|sample=93|length=92|leftSentinel=246|rightSentinel=9|hash=1137547793|guards=true|nativeTid=3148
CST 2026-07-17 17:57:03.517  3148  3148 I A02900/R1Api24Probe: E1_BUFFER_SAMPLE|round=10|sample=94|length=93|leftSentinel=247|rightSentinel=8|hash=3901563874|guards=true|nativeTid=3148
CST 2026-07-17 17:57:03.517  3148  3148 I A02900/R1Api24Probe: E1_BUFFER_SAMPLE|round=10|sample=95|length=94|leftSentinel=248|rightSentinel=7|hash=624652760|guards=true|nativeTid=3148
CST 2026-07-17 17:57:03.517  3148  3148 I A02900/R1Api24Probe: E1_BUFFER_SAMPLE|round=10|sample=96|length=95|leftSentinel=249|rightSentinel=6|hash=2216793801|guards=true|nativeTid=3148
CST 2026-07-17 17:57:03.517  3148  3148 I A02900/R1Api24Probe: E1_BUFFER_SAMPLE|round=10|sample=97|length=96|leftSentinel=250|rightSentinel=5|hash=1819080677|guards=true|nativeTid=3148
CST 2026-07-17 17:57:03.517  3148  3148 I A02900/R1Api24Probe: E1_BUFFER_SAMPLE|round=10|sample=98|length=97|leftSentinel=251|rightSentinel=4|hash=1782881886|guards=true|nativeTid=3148
CST 2026-07-17 17:57:03.517  3148  3148 I A02900/R1Api24Probe: E1_BUFFER_SAMPLE|round=10|sample=99|length=98|leftSentinel=252|rightSentinel=3|hash=3895815400|guards=true|nativeTid=3148
CST 2026-07-17 17:57:03.517  3148  3148 I A02900/R1Api24Probe: E1_BUFFER_SAMPLE|round=10|sample=100|length=99|leftSentinel=253|rightSentinel=2|hash=1869763665|guards=true|nativeTid=3148
CST 2026-07-17 17:57:03.517  3148  3148 I A02900/R1Api24Probe: E1_FD_CREATED|fdA=37|fdB=38|creatorTid=3148|owner=ArkTS
CST 2026-07-17 17:57:03.517  3148  3148 I A02900/R1Api24Probe: E1_FD_RESULT|round=10|fdA=37|fdB=38|duplicateFd=39|written=23|read=23|payload=fd-round-10-sentinel-72|payloadHash=956208151|closeA=0|closeDuplicate=0|closeB=0|duplicateCloseA=-1|errnoA=9|duplicateCloseB=-1|errnoB=9|owner=closed-by-native|nativeTid=3148
CST 2026-07-17 17:57:03.518  3148  3311 I A02900/R1Api24Probe: E1_PTHREAD_START|round=10|producerTid=3311
CST 2026-07-17 17:57:03.518  3148  3148 I A02900/R1Api24Probe: E1_CALLBACK_SAMPLE|round=10|sequence=1|producerTid=3311|consumerTid=3148|payload=r10-s001-xc9|hash=1925428186|valid=true
CST 2026-07-17 17:57:03.518  3148  3311 I A02900/R1Api24Probe: E1_PTHREAD_FINISH|round=10|producerTid=3311|queued=100|status=0
CST 2026-07-17 17:57:03.518  3148  3148 I A02900/R1Api24Probe: E1_CALLBACK_SAMPLE|round=10|sequence=2|producerTid=3311|consumerTid=3148|payload=r10-s002-xe8|hash=2134339518|valid=true
CST 2026-07-17 17:57:03.518  3148  3148 I A02900/R1Api24Probe: E1_CALLBACK_SAMPLE|round=10|sequence=3|producerTid=3311|consumerTid=3148|payload=r10-s003-x07|hash=1219190129|valid=true
CST 2026-07-17 17:57:03.518  3148  3148 I A02900/R1Api24Probe: E1_CALLBACK_SAMPLE|round=10|sequence=4|producerTid=3311|consumerTid=3148|payload=r10-s004-x26|hash=1735347125|valid=true
CST 2026-07-17 17:57:03.518  3148  3148 I A02900/R1Api24Probe: E1_CALLBACK_SAMPLE|round=10|sequence=5|producerTid=3311|consumerTid=3148|payload=r10-s005-x45|hash=203231957|valid=true
CST 2026-07-17 17:57:03.518  3148  3148 I A02900/R1Api24Probe: E1_CALLBACK_SAMPLE|round=10|sequence=6|producerTid=3311|consumerTid=3148|payload=r10-s006-x64|hash=614694069|valid=true
CST 2026-07-17 17:57:03.518  3148  3148 I A02900/R1Api24Probe: E1_CALLBACK_SAMPLE|round=10|sequence=7|producerTid=3311|consumerTid=3148|payload=r10-s007-x83|hash=2780352041|valid=true
CST 2026-07-17 17:57:03.518  3148  3148 I A02900/R1Api24Probe: E1_CALLBACK_SAMPLE|round=10|sequence=8|producerTid=3311|consumerTid=3148|payload=r10-s008-xa2|hash=3797801010|valid=true
CST 2026-07-17 17:57:03.518  3148  3148 I A02900/R1Api24Probe: E1_CALLBACK_SAMPLE|round=10|sequence=9|producerTid=3311|consumerTid=3148|payload=r10-s009-xc1|hash=3834036714|valid=true
CST 2026-07-17 17:57:03.518  3148  3148 I A02900/R1Api24Probe: E1_CALLBACK_SAMPLE|round=10|sequence=10|producerTid=3311|consumerTid=3148|payload=r10-s010-xe0|hash=1581447049|valid=true
CST 2026-07-17 17:57:03.518  3148  3148 I A02900/R1Api24Probe: E1_CALLBACK_SAMPLE|round=10|sequence=11|producerTid=3311|consumerTid=3148|payload=r10-s011-xff|hash=3451395947|valid=true
CST 2026-07-17 17:57:03.518  3148  3148 I A02900/R1Api24Probe: E1_CALLBACK_SAMPLE|round=10|sequence=12|producerTid=3311|consumerTid=3148|payload=r10-s012-x1e|hash=849236248|valid=true
CST 2026-07-17 17:57:03.518  3148  3148 I A02900/R1Api24Probe: E1_CALLBACK_SAMPLE|round=10|sequence=13|producerTid=3311|consumerTid=3148|payload=r10-s013-x3d|hash=3496104722|valid=true
CST 2026-07-17 17:57:03.518  3148  3148 I A02900/R1Api24Probe: E1_CALLBACK_SAMPLE|round=10|sequence=14|producerTid=3311|consumerTid=3148|payload=r10-s014-x5c|hash=1826616556|valid=true
CST 2026-07-17 17:57:03.518  3148  3148 I A02900/R1Api24Probe: E1_CALLBACK_SAMPLE|round=10|sequence=15|producerTid=3311|consumerTid=3148|payload=r10-s015-x7b|hash=1543592390|valid=true
CST 2026-07-17 17:57:03.518  3148  3148 I A02900/R1Api24Probe: E1_CALLBACK_SAMPLE|round=10|sequence=16|producerTid=3311|consumerTid=3148|payload=r10-s016-x9a|hash=3844026384|valid=true
CST 2026-07-17 17:57:03.519  3148  3148 I A02900/R1Api24Probe: E1_CALLBACK_SAMPLE|round=10|sequence=17|producerTid=3311|consumerTid=3148|payload=r10-s017-xb9|hash=2002282664|valid=true
CST 2026-07-17 17:57:03.519  3148  3148 I A02900/R1Api24Probe: E1_CALLBACK_SAMPLE|round=10|sequence=18|producerTid=3311|consumerTid=3148|payload=r10-s018-xd8|hash=3019659248|valid=true
CST 2026-07-17 17:57:03.519  3148  3148 I A02900/R1Api24Probe: E1_CALLBACK_SAMPLE|round=10|sequence=19|producerTid=3311|consumerTid=3148|payload=r10-s019-xf7|hash=4092391888|valid=true
CST 2026-07-17 17:57:03.519  3148  3148 I A02900/R1Api24Probe: E1_CALLBACK_SAMPLE|round=10|sequence=20|producerTid=3311|consumerTid=3148|payload=r10-s020-x16|hash=1482851708|valid=true
CST 2026-07-17 17:57:03.519  3148  3148 I A02900/R1Api24Probe: E1_CALLBACK_SAMPLE|round=10|sequence=21|producerTid=3311|consumerTid=3148|payload=r10-s021-x35|hash=3325703660|valid=true
CST 2026-07-17 17:57:03.519  3148  3148 I A02900/R1Api24Probe: E1_CALLBACK_SAMPLE|round=10|sequence=22|producerTid=3311|consumerTid=3148|payload=r10-s022-x54|hash=84215840|valid=true
CST 2026-07-17 17:57:03.519  3148  3148 I A02900/R1Api24Probe: E1_CALLBACK_SAMPLE|round=10|sequence=23|producerTid=3311|consumerTid=3148|payload=r10-s023-x73|hash=1068346164|valid=true
CST 2026-07-17 17:57:03.519  3148  3148 I A02900/R1Api24Probe: E1_CALLBACK_SAMPLE|round=10|sequence=24|producerTid=3311|consumerTid=3148|payload=r10-s024-x92|hash=2946187508|valid=true
CST 2026-07-17 17:57:03.519  3148  3148 I A02900/R1Api24Probe: E1_CALLBACK_SAMPLE|round=10|sequence=25|producerTid=3311|consumerTid=3148|payload=r10-s025-xb1|hash=4007234617|valid=true
CST 2026-07-17 17:57:03.519  3148  3148 I A02900/R1Api24Probe: E1_CALLBACK_SAMPLE|round=10|sequence=26|producerTid=3311|consumerTid=3148|payload=r10-s026-xd0|hash=2927331401|valid=true
CST 2026-07-17 17:57:03.519  3148  3148 I A02900/R1Api24Probe: E1_CALLBACK_SAMPLE|round=10|sequence=27|producerTid=3311|consumerTid=3148|payload=r10-s027-xef|hash=928079589|valid=true
CST 2026-07-17 17:57:03.519  3148  3148 I A02900/R1Api24Probe: E1_CALLBACK_SAMPLE|round=10|sequence=28|producerTid=3311|consumerTid=3148|payload=r10-s028-x0e|hash=1752829432|valid=true
CST 2026-07-17 17:57:03.519  3148  3148 I A02900/R1Api24Probe: E1_CALLBACK_SAMPLE|round=10|sequence=29|producerTid=3311|consumerTid=3148|payload=r10-s029-x2d|hash=2621290262|valid=true
CST 2026-07-17 17:57:03.519  3148  3148 I A02900/R1Api24Probe: E1_CALLBACK_SAMPLE|round=10|sequence=30|producerTid=3311|consumerTid=3148|payload=r10-s030-x4c|hash=4176961711|valid=true
CST 2026-07-17 17:57:03.519  3148  3148 I A02900/R1Api24Probe: E1_CALLBACK_SAMPLE|round=10|sequence=31|producerTid=3311|consumerTid=3148|payload=r10-s031-x6b|hash=2634942505|valid=true
CST 2026-07-17 17:57:03.519  3148  3148 I A02900/R1Api24Probe: E1_CALLBACK_SAMPLE|round=10|sequence=32|producerTid=3311|consumerTid=3148|payload=r10-s032-x8a|hash=1916029671|valid=true
CST 2026-07-17 17:57:03.519  3148  3148 I A02900/R1Api24Probe: E1_CALLBACK_SAMPLE|round=10|sequence=33|producerTid=3311|consumerTid=3148|payload=r10-s033-xa9|hash=3778279493|valid=true
CST 2026-07-17 17:57:03.519  3148  3148 I A02900/R1Api24Probe: E1_CALLBACK_SAMPLE|round=10|sequence=34|producerTid=3311|consumerTid=3148|payload=r10-s034-xc8|hash=1392788777|valid=true
CST 2026-07-17 17:57:03.519  3148  3148 I A02900/R1Api24Probe: E1_CALLBACK_SAMPLE|round=10|sequence=35|producerTid=3311|consumerTid=3148|payload=r10-s035-xe7|hash=3093665873|valid=true
CST 2026-07-17 17:57:03.520  3148  3148 I A02900/R1Api24Probe: E1_CALLBACK_SAMPLE|round=10|sequence=36|producerTid=3311|consumerTid=3148|payload=r10-s036-x06|hash=3895917426|valid=true
CST 2026-07-17 17:57:03.520  3148  3148 I A02900/R1Api24Probe: E1_CALLBACK_SAMPLE|round=10|sequence=37|producerTid=3311|consumerTid=3148|payload=r10-s037-x25|hash=2065543286|valid=true
CST 2026-07-17 17:57:03.520  3148  3148 I A02900/R1Api24Probe: E1_CALLBACK_SAMPLE|round=10|sequence=38|producerTid=3311|consumerTid=3148|payload=r10-s038-x44|hash=1273250782|valid=true
CST 2026-07-17 17:57:03.520  3148  3148 I A02900/R1Api24Probe: E1_CALLBACK_SAMPLE|round=10|sequence=39|producerTid=3311|consumerTid=3148|payload=r10-s039-x63|hash=3656771422|valid=true
CST 2026-07-17 17:57:03.520  3148  3148 I A02900/R1Api24Probe: E1_CALLBACK_SAMPLE|round=10|sequence=40|producerTid=3311|consumerTid=3148|payload=r10-s040-x82|hash=3309895051|valid=true
CST 2026-07-17 17:57:03.520  3148  3148 I A02900/R1Api24Probe: E1_CALLBACK_SAMPLE|round=10|sequence=41|producerTid=3311|consumerTid=3148|payload=r10-s041-xa1|hash=4004220848|valid=true
CST 2026-07-17 17:57:03.520  3148  3148 I A02900/R1Api24Probe: E1_CALLBACK_SAMPLE|round=10|sequence=42|producerTid=3311|consumerTid=3148|payload=r10-s042-xc0|hash=2346159340|valid=true
CST 2026-07-17 17:57:03.520  3148  3148 I A02900/R1Api24Probe: E1_CALLBACK_SAMPLE|round=10|sequence=43|producerTid=3311|consumerTid=3148|payload=r10-s043-xdf|hash=1483136206|valid=true
CST 2026-07-17 17:57:03.520  3148  3148 I A02900/R1Api24Probe: E1_CALLBACK_SAMPLE|round=10|sequence=44|producerTid=3311|consumerTid=3148|payload=r10-s044-xfe|hash=2917443516|valid=true
CST 2026-07-17 17:57:03.520  3148  3148 I A02900/R1Api24Probe: E1_CALLBACK_SAMPLE|round=10|sequence=45|producerTid=3311|consumerTid=3148|payload=r10-s045-x1d|hash=4233517267|valid=true
CST 2026-07-17 17:57:03.520  3148  3148 I A02900/R1Api24Probe: E1_CALLBACK_SAMPLE|round=10|sequence=46|producerTid=3311|consumerTid=3148|payload=r10-s046-x3c|hash=3210050625|valid=true
CST 2026-07-17 17:57:03.520  3148  3148 I A02900/R1Api24Probe: E1_CALLBACK_SAMPLE|round=10|sequence=47|producerTid=3311|consumerTid=3148|payload=r10-s047-x5b|hash=1601419915|valid=true
CST 2026-07-17 17:57:03.520  3148  3148 I A02900/R1Api24Probe: E1_CALLBACK_SAMPLE|round=10|sequence=48|producerTid=3311|consumerTid=3148|payload=r10-s048-x7a|hash=2752661105|valid=true
CST 2026-07-17 17:57:03.520  3148  3148 I A02900/R1Api24Probe: E1_CALLBACK_SAMPLE|round=10|sequence=49|producerTid=3311|consumerTid=3148|payload=r10-s049-x99|hash=2371535096|valid=true
CST 2026-07-17 17:57:03.520  3148  3148 I A02900/R1Api24Probe: E1_CALLBACK_SAMPLE|round=10|sequence=50|producerTid=3311|consumerTid=3148|payload=r10-s050-xb8|hash=778446362|valid=true
CST 2026-07-17 17:57:03.520  3148  3148 I A02900/R1Api24Probe: E1_CALLBACK_SAMPLE|round=10|sequence=51|producerTid=3311|consumerTid=3148|payload=r10-s051-xd7|hash=2581952402|valid=true
CST 2026-07-17 17:57:03.520  3148  3148 I A02900/R1Api24Probe: E1_CALLBACK_SAMPLE|round=10|sequence=52|producerTid=3311|consumerTid=3148|payload=r10-s052-xf6|hash=2193541750|valid=true
CST 2026-07-17 17:57:03.520  3148  3148 I A02900/R1Api24Probe: E1_CALLBACK_SAMPLE|round=10|sequence=53|producerTid=3311|consumerTid=3148|payload=r10-s053-x15|hash=3733292559|valid=true
CST 2026-07-17 17:57:03.520  3148  3148 I A02900/R1Api24Probe: E1_CALLBACK_SAMPLE|round=10|sequence=54|producerTid=3311|consumerTid=3148|payload=r10-s054-x34|hash=1109364187|valid=true
CST 2026-07-17 17:57:03.520  3148  3148 I A02900/R1Api24Probe: E1_CALLBACK_SAMPLE|round=10|sequence=55|producerTid=3311|consumerTid=3148|payload=r10-s055-x53|hash=3897228107|valid=true
CST 2026-07-17 17:57:03.520  3148  3148 I A02900/R1Api24Probe: E1_CALLBACK_SAMPLE|round=10|sequence=56|producerTid=3311|consumerTid=3148|payload=r10-s056-x72|hash=3672379587|valid=true
CST 2026-07-17 17:57:03.520  3148  3148 I A02900/R1Api24Probe: E1_CALLBACK_SAMPLE|round=10|sequence=57|producerTid=3311|consumerTid=3148|payload=r10-s057-x91|hash=6470087|valid=true
CST 2026-07-17 17:57:03.520  3148  3148 I A02900/R1Api24Probe: E1_CALLBACK_SAMPLE|round=10|sequence=58|producerTid=3311|consumerTid=3148|payload=r10-s058-xb0|hash=3439053178|valid=true
CST 2026-07-17 17:57:03.521  3148  3148 I A02900/R1Api24Probe: E1_CALLBACK_SAMPLE|round=10|sequence=59|producerTid=3311|consumerTid=3148|payload=r10-s059-xcf|hash=1854256158|valid=true
CST 2026-07-17 17:57:03.521  3148  3148 I A02900/R1Api24Probe: E1_CALLBACK_SAMPLE|round=10|sequence=60|producerTid=3311|consumerTid=3148|payload=r10-s060-xee|hash=532841413|valid=true
CST 2026-07-17 17:57:03.521  3148  3148 I A02900/R1Api24Probe: E1_CALLBACK_SAMPLE|round=10|sequence=61|producerTid=3311|consumerTid=3148|payload=r10-s061-x0d|hash=1780689560|valid=true
CST 2026-07-17 17:57:03.521  3148  3148 I A02900/R1Api24Probe: E1_CALLBACK_SAMPLE|round=10|sequence=62|producerTid=3311|consumerTid=3148|payload=r10-s062-x2c|hash=1065951010|valid=true
CST 2026-07-17 17:57:03.521  3148  3148 I A02900/R1Api24Probe: E1_CALLBACK_SAMPLE|round=10|sequence=63|producerTid=3311|consumerTid=3148|payload=r10-s063-x4b|hash=2209838692|valid=true
CST 2026-07-17 17:57:03.521  3148  3148 I A02900/R1Api24Probe: E1_CALLBACK_SAMPLE|round=10|sequence=64|producerTid=3311|consumerTid=3148|payload=r10-s064-x6a|hash=3800359638|valid=true
CST 2026-07-17 17:57:03.521  3148  3148 I A02900/R1Api24Probe: E1_CALLBACK_SAMPLE|round=10|sequence=65|producerTid=3311|consumerTid=3148|payload=r10-s065-x89|hash=115634795|valid=true
CST 2026-07-17 17:57:03.521  3148  3148 I A02900/R1Api24Probe: E1_CALLBACK_SAMPLE|round=10|sequence=66|producerTid=3311|consumerTid=3148|payload=r10-s066-xa8|hash=3283301936|valid=true
CST 2026-07-17 17:57:03.521  3148  3148 I A02900/R1Api24Probe: E1_CALLBACK_SAMPLE|round=10|sequence=67|producerTid=3311|consumerTid=3148|payload=r10-s067-xc7|hash=2135885500|valid=true
CST 2026-07-17 17:57:03.521  3148  3148 I A02900/R1Api24Probe: E1_CALLBACK_SAMPLE|round=10|sequence=68|producerTid=3311|consumerTid=3148|payload=r10-s068-xe6|hash=3453432676|valid=true
CST 2026-07-17 17:57:03.521  3148  3148 I A02900/R1Api24Probe: E1_CALLBACK_SAMPLE|round=10|sequence=69|producerTid=3311|consumerTid=3148|payload=r10-s069-x05|hash=2882652867|valid=true
CST 2026-07-17 17:57:03.521  3148  3148 I A02900/R1Api24Probe: E1_CALLBACK_SAMPLE|round=10|sequence=70|producerTid=3311|consumerTid=3148|payload=r10-s070-x24|hash=2351128940|valid=true
CST 2026-07-17 17:57:03.521  3148  3148 I A02900/R1Api24Probe: E1_CALLBACK_SAMPLE|round=10|sequence=71|producerTid=3311|consumerTid=3148|payload=r10-s071-x43|hash=1871312924|valid=true
CST 2026-07-17 17:57:03.521  3148  3148 I A02900/R1Api24Probe: E1_CALLBACK_SAMPLE|round=10|sequence=72|producerTid=3311|consumerTid=3148|payload=r10-s072-x62|hash=972085512|valid=true
CST 2026-07-17 17:57:03.521  3148  3148 I A02900/R1Api24Probe: E1_CALLBACK_SAMPLE|round=10|sequence=73|producerTid=3311|consumerTid=3148|payload=r10-s073-x81|hash=3101394836|valid=true
CST 2026-07-17 17:57:03.521  3148  3148 I A02900/R1Api24Probe: E1_CALLBACK_SAMPLE|round=10|sequence=74|producerTid=3311|consumerTid=3148|payload=r10-s074-xa0|hash=4242381287|valid=true
CST 2026-07-17 17:57:03.521  3148  3148 I A02900/R1Api24Probe: E1_CALLBACK_SAMPLE|round=10|sequence=75|producerTid=3311|consumerTid=3148|payload=r10-s075-xbf|hash=1307352777|valid=true
CST 2026-07-17 17:57:03.521  3148  3148 I A02900/R1Api24Probe: E1_CALLBACK_SAMPLE|round=10|sequence=76|producerTid=3311|consumerTid=3148|payload=r10-s076-xde|hash=1814948639|valid=true
CST 2026-07-17 17:57:03.521  3148  3148 I A02900/R1Api24Probe: E1_CALLBACK_SAMPLE|round=10|sequence=77|producerTid=3311|consumerTid=3148|payload=r10-s077-xfd|hash=1649092129|valid=true
CST 2026-07-17 17:57:03.521  3148  3148 I A02900/R1Api24Probe: E1_CALLBACK_SAMPLE|round=10|sequence=78|producerTid=3311|consumerTid=3148|payload=r10-s078-x1c|hash=2780371078|valid=true
CST 2026-07-17 17:57:03.521  3148  3148 I A02900/R1Api24Probe: E1_CALLBACK_SAMPLE|round=10|sequence=79|producerTid=3311|consumerTid=3148|payload=r10-s079-x3b|hash=1869888972|valid=true
CST 2026-07-17 17:57:03.522  3148  3148 I A02900/R1Api24Probe: E1_CALLBACK_SAMPLE|round=10|sequence=80|producerTid=3311|consumerTid=3148|payload=r10-s080-x5a|hash=42134859|valid=true
CST 2026-07-17 17:57:03.522  3148  3148 I A02900/R1Api24Probe: E1_CALLBACK_SAMPLE|round=10|sequence=81|producerTid=3311|consumerTid=3148|payload=r10-s081-x79|hash=2768698462|valid=true
CST 2026-07-17 17:57:03.522  3148  3148 I A02900/R1Api24Probe: E1_CALLBACK_SAMPLE|round=10|sequence=82|producerTid=3311|consumerTid=3148|payload=r10-s082-x98|hash=1107682298|valid=true
CST 2026-07-17 17:57:03.522  3148  3148 I A02900/R1Api24Probe: E1_CALLBACK_SAMPLE|round=10|sequence=83|producerTid=3311|consumerTid=3148|payload=r10-s083-xb7|hash=3006587127|valid=true
CST 2026-07-17 17:57:03.522  3148  3148 I A02900/R1Api24Probe: E1_CALLBACK_SAMPLE|round=10|sequence=84|producerTid=3311|consumerTid=3148|payload=r10-s084-xd6|hash=3424557163|valid=true
CST 2026-07-17 17:57:03.522  3148  3148 I A02900/R1Api24Probe: E1_CALLBACK_SAMPLE|round=10|sequence=85|producerTid=3311|consumerTid=3148|payload=r10-s085-xf5|hash=3719985203|valid=true
CST 2026-07-17 17:57:03.522  3148  3148 I A02900/R1Api24Probe: E1_CALLBACK_SAMPLE|round=10|sequence=86|producerTid=3311|consumerTid=3148|payload=r10-s086-x14|hash=2642350266|valid=true
CST 2026-07-17 17:57:03.522  3148  3148 I A02900/R1Api24Probe: E1_CALLBACK_SAMPLE|round=10|sequence=87|producerTid=3311|consumerTid=3148|payload=r10-s087-x33|hash=117901566|valid=true
CST 2026-07-17 17:57:03.522  3148  3148 I A02900/R1Api24Probe: E1_CALLBACK_SAMPLE|round=10|sequence=88|producerTid=3311|consumerTid=3148|payload=r10-s088-x52|hash=1548570982|valid=true
CST 2026-07-17 17:57:03.522  3148  3148 I A02900/R1Api24Probe: E1_CALLBACK_SAMPLE|round=10|sequence=89|producerTid=3311|consumerTid=3148|payload=r10-s089-x71|hash=3297438686|valid=true
CST 2026-07-17 17:57:03.522  3148  3148 I A02900/R1Api24Probe: E1_CALLBACK_SAMPLE|round=10|sequence=90|producerTid=3311|consumerTid=3148|payload=r10-s090-x90|hash=3409115181|valid=true
CST 2026-07-17 17:57:03.522  3148  3148 I A02900/R1Api24Probe: E1_CALLBACK_SAMPLE|round=10|sequence=91|producerTid=3311|consumerTid=3148|payload=r10-s091-xaf|hash=1000778120|valid=true
CST 2026-07-17 17:57:03.522  3148  3148 I A02900/R1Api24Probe: E1_CALLBACK_SAMPLE|round=10|sequence=92|producerTid=3311|consumerTid=3148|payload=r10-s092-xce|hash=2876364942|valid=true
CST 2026-07-17 17:57:03.522  3148  3148 I A02900/R1Api24Probe: E1_CALLBACK_SAMPLE|round=10|sequence=93|producerTid=3311|consumerTid=3148|payload=r10-s093-xed|hash=390008484|valid=true
CST 2026-07-17 17:57:03.522  3148  3148 I A02900/R1Api24Probe: E1_CALLBACK_SAMPLE|round=10|sequence=94|producerTid=3311|consumerTid=3148|payload=r10-s094-x0c|hash=3643983465|valid=true
CST 2026-07-17 17:57:03.522  3148  3148 I A02900/R1Api24Probe: E1_CALLBACK_SAMPLE|round=10|sequence=95|producerTid=3311|consumerTid=3148|payload=r10-s095-x2b|hash=3524926463|valid=true
CST 2026-07-17 17:57:03.522  3148  3148 I A02900/R1Api24Probe: E1_CALLBACK_SAMPLE|round=10|sequence=96|producerTid=3311|consumerTid=3148|payload=r10-s096-x4a|hash=3449118977|valid=true
CST 2026-07-17 17:57:03.522  3148  3148 I A02900/R1Api24Probe: E1_CALLBACK_SAMPLE|round=10|sequence=97|producerTid=3311|consumerTid=3148|payload=r10-s097-x69|hash=3159806132|valid=true
CST 2026-07-17 17:57:03.522  3148  3148 I A02900/R1Api24Probe: E1_CALLBACK_SAMPLE|round=10|sequence=98|producerTid=3311|consumerTid=3148|payload=r10-s098-x88|hash=3165223204|valid=true
CST 2026-07-17 17:57:03.522  3148  3148 I A02900/R1Api24Probe: E1_CALLBACK_SAMPLE|round=10|sequence=99|producerTid=3311|consumerTid=3148|payload=r10-s099-xa7|hash=1964524291|valid=true
CST 2026-07-17 17:57:03.522  3148  3148 I A02900/R1Api24Probe: E1_CALLBACK_SAMPLE|round=10|sequence=100|producerTid=3311|consumerTid=3148|payload=r10-s100-xc6|hash=2309049691|valid=true
CST 2026-07-17 17:57:03.524   644   650 I C02515/DISP: [InitBufferHandle:229] express init gbuffer id 28a00000042 ret 0 err 0 fd 8 222 222 pixel 4 size 197136 usage 2b
CST 2026-07-17 17:57:03.524   644   650 I C02515/DISP: [ExpressAllocMem:271] ExpressAllocMem requeset BufferHandle 8, width 222, heigt 222, format 20
CST 2026-07-17 17:57:03.529   644   650 I C02515/DISP: [ExpressFreeMem:317] freeMem bufferhandle gbuffer_id 28a00000042, width 222, heigt 222
CST 2026-07-17 17:57:03.530  2255  2277 I C02515/DISP: [ExpressFreeMem:317] freeMem bufferhandle gbuffer_id 28a00000041, width 108, heigt 108
CST 2026-07-17 17:57:03.536   795   795 E C01406/RSScreenManager: IsAllScreensPowerOff: screenPowerStatus_ is empty.
CST 2026-07-17 17:57:03.544  2255  2277 I C02515/DISP: [ExpressFreeMem:317] freeMem bufferhandle gbuffer_id 28a00000042, width 222, heigt 222
CST 2026-07-17 17:57:03.561  2255  2277 I C03900/HDS: [hds_drawable_descriptor.cpp-ProcessIcon:101]set pixelmap editable : 0 .
CST 2026-07-17 17:57:03.561   648  3105 W C02515/DISP: [SetLayerMaskInfo:495] <private> is not supported
CST 2026-07-17 17:57:03.561   648  3105 I C02515/DISP: [CommitComposeLayer:67] CommitComposeLayer! 10
CST 2026-07-17 17:57:03.561  2255  2277 E C02b61/PixelMap: set ashmem name failed
CST 2026-07-17 17:57:03.562  2255  2277 W A01b00/SCB: GraphicUtils --> combinePic from HdsIcon, bundleName: com.huawei.hms.huaweiid, iconSizeOfGrid: 64, hasBorder: true
CST 2026-07-17 17:57:03.562  2255  2277 I A01b00/SCB: IconResourceFwk --> getBundleIcon end param: com.huawei.hms.huaweiid, 64, true true
CST 2026-07-17 17:57:03.567  2255  2287 I C02b61/ImageCode: DoEncode:(224, 224) cost 4137 us
CST 2026-07-17 17:57:03.568  2255  2285 I C01631/GaussPD:  [0] [ADAPTER] [139900931275520] Not support binlog_default.writeLock file enable del monitor sysno = 25
CST 2026-07-17 17:57:03.568  2255  2285 I C01631/GaussPD:  [0] [ADAPTER] [139900931275520] Not support binlog_default.writeLock file enable del monitor sysno = 25
CST 2026-07-17 17:57:03.568  2255  2285 I C01631/GaussPD:  [0] [ADAPTER] [139900931275520] Not support binlog_default.writeLock file enable del monitor sysno = 25
CST 2026-07-17 17:57:03.568  2255  2285 I C01631/GaussPD:  [0] [ADAPTER] [139900931275520] Not support binlog_default.writeLock file enable del monitor sysno = 25
CST 2026-07-17 17:57:03.569  2255  2285 I C01631/GaussPD:  [0] [ADAPTER] [139900931275520] Not support binlog_default.writeIndex file enable del monitor sysno = 25
CST 2026-07-17 17:57:03.569  2255  2285 I C01631/GaussPD:  [0] [ADAPTER] [139900931275520] Not support binlog_default.writeIndex file enable del monitor sysno = 25
CST 2026-07-17 17:57:03.569  2255  2277 I A01a01/NC: NotificationConfigManager: update icon result: com.huawei.hms.huaweiid, 36266
CST 2026-07-17 17:57:03.569  2255  2277 I A01b00/SCB: IconResourceFwk --> getBundleIcon start param: com.huawei.hmos.fusionawareness, 64, true true
CST 2026-07-17 17:57:03.569  2255  2277 W A01b00/SCB: IconResourceUtils --> getIconResource from bms getBundleResourceInfo for com.huawei.hmos.fusionawareness 0
CST 2026-07-17 17:57:03.570   796   962 I C01120/BMS: icon rdb get resource icon start -n com.huawei.hmos.fusionawareness -i 0 -f 16
CST 2026-07-17 17:57:03.570   796   962 E C01650/StepResultSet: GoToRow:position[0] rowCount[0] rowPos_[-1]!
CST 2026-07-17 17:57:03.571  2255  2277 E C02b61/BufferSourceStream: buffer read finish, offset:991 ,dataSize991.
CST 2026-07-17 17:57:03.571  2255  2277 E C02b61/BufferSourceStream: buffer read fail.
CST 2026-07-17 17:57:03.572  2255  2277 E C02b61/PixelMap: set ashmem name failed
CST 2026-07-17 17:57:03.572  2255  2277 W A01b00/SCB: GraphicUtils --> com.huawei.hmos.fusionawareness - getHdsIcon, size: (51, 51), pixelFormat: 4, leftTopPixel is transparent: true, 0-0-0-0
CST 2026-07-17 17:57:03.572  2255  2277 E C03900/HDS: [hds_drawable_descriptor.cpp-GetOtherIconsInfo:395]Get icon by name from resource failed, iconName: icon_mask, isGlobalMask: 0, state: 9001004
CST 2026-07-17 17:57:03.572  2255  2277 W C03900/HDS: [hds_drawable_descriptor.cpp-ProcessIcon:91]Mask size {192, 192}, bundleName: com.huawei.hmos.fusionawareness
CST 2026-07-17 17:57:03.572  2255  2277 I C02b61/PostProc: initSLRFactor insert:217674640
CST 2026-07-17 17:57:03.573  2255  2277 I C02b61/PixelMap: PixelMap::scale SLR 170, srcSize: [192, 192], dstSize: [51, 51], cost: 0
CST 2026-07-17 17:57:03.573  3148  3148 I A02900/R1Api24Probe: E1_ROUND_RESULT|verdict=PASS|round=10|pid=3148|mainTid=3148|producerTid=3311|consumerTid=3148|buffers=100|callbacks=100|fdTransfers=1|bufferHashAggregate=3360330837|callbackHashAggregate=1760219668|fdPayloadHash=956208151|beforeFd=38|afterFd=38|beforeThreads=28|afterThreads=28|monotonicIncrease=false
CST 2026-07-17 17:57:03.574  3148  3148 I A02900/R1Api24Probe: E1_TSFN_FINALIZED|consumerTid=3148
CST 2026-07-17 17:57:03.584   644   650 I C02515/DISP: [InitBufferHandle:229] express init gbuffer id 28a00000043 ret 0 err 0 fd 8 51 51 pixel 4 size 10404 usage 2b
CST 2026-07-17 17:57:03.584   644   650 I C02515/DISP: [ExpressAllocMem:271] ExpressAllocMem requeset BufferHandle 8, width 51, heigt 51, format 20
CST 2026-07-17 17:57:03.589   644   650 I C02515/DISP: [ExpressFreeMem:317] freeMem bufferhandle gbuffer_id 28a00000043, width 51, heigt 51
CST 2026-07-17 17:57:03.602   644   650 I C02515/DISP: [InitBufferHandle:229] express init gbuffer id 28a00000044 ret 0 err 0 fd 8 222 222 pixel 4 size 197136 usage 2b
CST 2026-07-17 17:57:03.602   644   650 I C02515/DISP: [ExpressAllocMem:271] ExpressAllocMem requeset BufferHandle 8, width 222, heigt 222, format 20
CST 2026-07-17 17:57:03.607   644   650 I C02515/DISP: [ExpressFreeMem:317] freeMem bufferhandle gbuffer_id 28a00000044, width 222, heigt 222
CST 2026-07-17 17:57:03.608  2255  2277 I C02515/DISP: [ExpressFreeMem:317] freeMem bufferhandle gbuffer_id 28a00000043, width 51, heigt 51
CST 2026-07-17 17:57:03.623  2255  2277 I C02515/DISP: [ExpressFreeMem:317] freeMem bufferhandle gbuffer_id 28a00000044, width 222, heigt 222
CST 2026-07-17 17:57:03.627  3148  3148 I A02900/R1Api24Probe: E1_C_PROBE_RESULT|verdict=PASS|pid=3148|mainTid=3148|rounds=10|buffers=1000|callbacks=1000|fdTransfers=10|baselineFd=38|finalFd=38|baselineThreads=28|finalThreads=28|mechanism=napi_threadsafe_function|scope=C-only
CST 2026-07-17 17:57:03.636  2255  2277 I C03900/HDS: [hds_drawable_descriptor.cpp-ProcessIcon:101]set pixelmap editable : 0 .
CST 2026-07-17 17:57:03.636  2255  2277 E C02b61/PixelMap: set ashmem name failed
CST 2026-07-17 17:57:03.636  2255  2277 W A01b00/SCB: GraphicUtils --> combinePic from HdsIcon, bundleName: com.huawei.hmos.fusionawareness, iconSizeOfGrid: 64, hasBorder: true
CST 2026-07-17 17:57:03.636  2255  2277 I A01b00/SCB: IconResourceFwk --> getBundleIcon end param: com.huawei.hmos.fusionawareness, 64, true true
CST 2026-07-17 17:57:03.642  2255  2286 I C02b61/ImageCode: DoEncode:(224, 224) cost 4657 us
CST 2026-07-17 17:57:03.643  2255  2287 I C01631/GaussPD:  [0] [ADAPTER] [139900914473728] Not support binlog_default.writeLock file enable del monitor sysno = 25
CST 2026-07-17 17:57:03.643  2255  2287 I C01631/GaussPD:  [0] [ADAPTER] [139900914473728] Not support binlog_default.writeLock file enable del monitor sysno = 25
CST 2026-07-17 17:57:03.643  2255  2287 I C01631/GaussPD:  [0] [ADAPTER] [139900914473728] Not support binlog_default.writeLock file enable del monitor sysno = 25
CST 2026-07-17 17:57:03.643  2255  2287 I C01631/GaussPD:  [0] [ADAPTER] [139900914473728] Not support binlog_default.writeLock file enable del monitor sysno = 25
CST 2026-07-17 17:57:03.643  2255  2287 I C01631/GaussPD:  [0] [ADAPTER] [139900914473728] Not support binlog_default.writeIndex file enable del monitor sysno = 25
CST 2026-07-17 17:57:03.643  2255  2287 I C01631/GaussPD:  [0] [ADAPTER] [139900914473728] Not support binlog_default.writeIndex file enable del monitor sysno = 25
CST 2026-07-17 17:57:03.644  2255  2277 I A01a01/NC: NotificationConfigManager: update icon result: com.huawei.hmos.fusionawareness, 43974
CST 2026-07-17 17:57:03.644  2255  2277 I A01b00/SCB: IconResourceFwk --> getBundleIcon start param: com.ohos.inputmethodchoosedialog, 64, true true
CST 2026-07-17 17:57:03.644  2255  2277 W A01b00/SCB: IconResourceUtils --> getIconResource from bms getBundleResourceInfo for com.ohos.inputmethodchoosedialog 0
CST 2026-07-17 17:57:03.644   796   962 I C01120/BMS: icon rdb get resource icon start -n com.ohos.inputmethodchoosedialog -i 0 -f 16
CST 2026-07-17 17:57:03.644   796   962 E C01650/StepResultSet: GoToRow:position[0] rowCount[0] rowPos_[-1]!
CST 2026-07-17 17:57:03.646  2255  2277 I C02b61/ImageSource: CreatePixelMap success, id:1784282223645174,dSize:(0,0),srcSize: (114,114),dHdr:1,sHdr:1,memType: 2,cost 934 us
CST 2026-07-17 17:57:03.646  2255  2277 E C02b61/PixelMap: set ashmem name failed
CST 2026-07-17 17:57:03.646  2255  2277 W A01b00/SCB: GraphicUtils --> com.ohos.inputmethodchoosedialog - getHdsIcon, size: (114, 114), pixelFormat: 4, leftTopPixel is transparent: true, 0-0-0-0
CST 2026-07-17 17:57:03.646  2255  2277 E C03900/HDS: [hds_drawable_descriptor.cpp-GetOtherIconsInfo:395]Get icon by name from resource failed, iconName: icon_mask, isGlobalMask: 0, state: 9001004
CST 2026-07-17 17:57:03.646  2255  2277 W C03900/HDS: [hds_drawable_descriptor.cpp-ProcessIcon:91]Mask size {192, 192}, bundleName: com.ohos.inputmethodchoosedialog
CST 2026-07-17 17:57:03.648  2255  2471 I C02b61/PixelMap: PixelMap::scale SLR 174, srcSize: [192, 192], dstSize: [114, 114], cost: 1
CST 2026-07-17 17:57:03.659   644   650 I C02515/DISP: [InitBufferHandle:229] express init gbuffer id 28a00000045 ret 0 err 0 fd 8 114 114 pixel 4 size 51984 usage 2b
CST 2026-07-17 17:57:03.659   644   650 I C02515/DISP: [ExpressAllocMem:271] ExpressAllocMem requeset BufferHandle 8, width 114, heigt 114, format 20
CST 2026-07-17 17:57:03.659   795   795 E C01406/RSScreenManager: IsAllScreensPowerOff: screenPowerStatus_ is empty.
CST 2026-07-17 17:57:03.663   644   650 I C02515/DISP: [ExpressFreeMem:317] freeMem bufferhandle gbuffer_id 28a00000045, width 114, heigt 114
CST 2026-07-17 17:57:03.675   644   650 I C02515/DISP: [InitBufferHandle:229] express init gbuffer id 28a00000046 ret 0 err 0 fd 8 222 222 pixel 4 size 197136 usage 2b
CST 2026-07-17 17:57:03.675   644   650 I C02515/DISP: [ExpressAllocMem:271] ExpressAllocMem requeset BufferHandle 8, width 222, heigt 222, format 20
CST 2026-07-17 17:57:03.679   648  3105 W C02515/DISP: [SetLayerMaskInfo:495] <private> is not supported
CST 2026-07-17 17:57:03.679   648  3105 I C02515/DISP: [CommitComposeLayer:67] CommitComposeLayer! 10
CST 2026-07-17 17:57:03.680   644   650 I C02515/DISP: [ExpressFreeMem:317] freeMem bufferhandle gbuffer_id 28a00000046, width 222, heigt 222
CST 2026-07-17 17:57:03.686  2255  2471 I C02515/DISP: [ExpressFreeMem:317] freeMem bufferhandle gbuffer_id 28a00000045, width 114, heigt 114
CST 2026-07-17 17:57:03.704  2255  2471 I C02515/DISP: [ExpressFreeMem:317] freeMem bufferhandle gbuffer_id 28a00000046, width 222, heigt 222
CST 2026-07-17 17:57:03.716  2255  2471 I C03900/HDS: [hds_drawable_descriptor.cpp-ProcessIcon:101]set pixelmap editable : 0 .
CST 2026-07-17 17:57:03.717  2255  2471 E C02b61/PixelMap: set ashmem name failed
CST 2026-07-17 17:57:03.717  2255  2471 W A01b00/SCB: GraphicUtils --> combinePic from HdsIcon, bundleName: com.ohos.inputmethodchoosedialog, iconSizeOfGrid: 64, hasBorder: true
CST 2026-07-17 17:57:03.717  2255  2471 I A01b00/SCB: IconResourceFwk --> getBundleIcon end param: com.ohos.inputmethodchoosedialog, 64, true true
CST 2026-07-17 17:57:03.722  2255  2284 I C02b61/ImageCode: DoEncode:(224, 224) cost 4149 us
CST 2026-07-17 17:57:03.723  2255  2286 I C01631/GaussPD:  [0] [ADAPTER] [139900922874624] Not support binlog_default.writeLock file enable del monitor sysno = 25
CST 2026-07-17 17:57:03.723  2255  2286 I C01631/GaussPD:  [0] [ADAPTER] [139900922874624] Not support binlog_default.writeLock file enable del monitor sysno = 25
CST 2026-07-17 17:57:03.723  2255  2286 I C01631/GaussPD:  [0] [ADAPTER] [139900922874624] Not support binlog_default.writeLock file enable del monitor sysno = 25
CST 2026-07-17 17:57:03.723  2255  2286 I C01631/GaussPD:  [0] [ADAPTER] [139900922874624] Not support binlog_default.writeLock file enable del monitor sysno = 25
CST 2026-07-17 17:57:03.724  2255  2286 I C01631/GaussPD:  [0] [ADAPTER] [139900922874624] Not support binlog_default.writeIndex file enable del monitor sysno = 25
CST 2026-07-17 17:57:03.724  2255  2286 I C01631/GaussPD:  [0] [ADAPTER] [139900922874624] Not support binlog_default.writeIndex file enable del monitor sysno = 25
CST 2026-07-17 17:57:03.724  2255  2471 I A01a01/NC: NotificationConfigManager: update icon result: com.ohos.inputmethodchoosedialog, 38242
CST 2026-07-17 17:57:03.724  2255  2471 I A01b00/SCB: IconResourceFwk --> getBundleIcon start param: com.huawei.hms.mapservice, 64, true true
CST 2026-07-17 17:57:03.724  2255  2471 W A01b00/SCB: IconResourceUtils --> getIconResource from bms getBundleResourceInfo for com.huawei.hms.mapservice 0
CST 2026-07-17 17:57:03.725   796   962 I C01120/BMS: icon rdb get resource icon start -n com.huawei.hms.mapservice -i 0 -f 16
CST 2026-07-17 17:57:03.725   796   962 E C01650/StepResultSet: GoToRow:position[0] rowCount[0] rowPos_[-1]!
CST 2026-07-17 17:57:03.728  2255  2471 I C02b61/ImageSource: CreatePixelMap success, id:1784282223726062,dSize:(0,0),srcSize: (288,288),dHdr:1,sHdr:1,memType: 2,cost 2193 us
CST 2026-07-17 17:57:03.728  2255  2471 E C02b61/PixelMap: set ashmem name failed
CST 2026-07-17 17:57:03.728  2255  2471 W A01b00/SCB: GraphicUtils --> com.huawei.hms.mapservice - getHdsIcon, size: (288, 288), pixelFormat: 4, leftTopPixel is transparent: false, 255-170-0-255
CST 2026-07-17 17:57:03.728  2255  2471 E C03900/HDS: [hds_drawable_descriptor.cpp-GetOtherIconsInfo:395]Get icon by name from resource failed, iconName: icon_mask, isGlobalMask: 0, state: 9001004
CST 2026-07-17 17:57:03.729  2255  2471 W C03900/HDS: [hds_drawable_descriptor.cpp-ProcessIcon:91]Mask size {192, 192}, bundleName: com.huawei.hms.mapservice
CST 2026-07-17 17:57:03.742   644   650 I C02515/DISP: [InitBufferHandle:229] express init gbuffer id 28a00000047 ret 0 err 0 fd 8 288 288 pixel 4 size 331776 usage 2b
CST 2026-07-17 17:57:03.742   644   650 I C02515/DISP: [ExpressAllocMem:271] ExpressAllocMem requeset BufferHandle 8, width 288, heigt 288, format 20
CST 2026-07-17 17:57:03.747   644   650 I C02515/DISP: [ExpressFreeMem:317] freeMem bufferhandle gbuffer_id 28a00000047, width 288, heigt 288
CST 2026-07-17 17:57:03.758   644   650 I C02515/DISP: [InitBufferHandle:229] express init gbuffer id 28a00000048 ret 0 err 0 fd 8 222 222 pixel 4 size 197136 usage 2b
CST 2026-07-17 17:57:03.758   644   650 I C02515/DISP: [ExpressAllocMem:271] ExpressAllocMem requeset BufferHandle 8, width 222, heigt 222, format 20
CST 2026-07-17 17:57:03.762   644   650 I C02515/DISP: [ExpressFreeMem:317] freeMem bufferhandle gbuffer_id 28a00000048, width 222, heigt 222
CST 2026-07-17 17:57:03.765  2255  2471 I C02515/DISP: [ExpressFreeMem:317] freeMem bufferhandle gbuffer_id 28a00000047, width 288, heigt 288
CST 2026-07-17 17:57:03.779  2255  2471 I C02515/DISP: [ExpressFreeMem:317] freeMem bufferhandle gbuffer_id 28a00000048, width 222, heigt 222
CST 2026-07-17 17:57:03.792  2255  2471 I C03900/HDS: [hds_drawable_descriptor.cpp-ProcessIcon:101]set pixelmap editable : 0 .
CST 2026-07-17 17:57:03.792  2255  2471 E C02b61/PixelMap: set ashmem name failed
CST 2026-07-17 17:57:03.792  2255  2471 W A01b00/SCB: GraphicUtils --> combinePic from HdsIcon, bundleName: com.huawei.hms.mapservice, iconSizeOfGrid: 64, hasBorder: true
CST 2026-07-17 17:57:03.792  2255  2471 I A01b00/SCB: IconResourceFwk --> getBundleIcon end param: com.huawei.hms.mapservice, 64, true true
CST 2026-07-17 17:57:03.798  2255  2290 I C02d07/ProcessorProxy: end to take data from observer=ha_app_event, seq=1, size=30
CST 2026-07-17 17:57:03.798  2255  2290 I C04707/HaAppEvent: OnEvents, 30
CST 2026-07-17 17:57:03.798  2255  2285 I C02b61/ImageCode: DoEncode:(224, 224) cost 5070 us
CST 2026-07-17 17:57:03.799  2255  2290 I C02d07/EventMappingDao: delete 30 records, observerSeq=1, ret=0
CST 2026-07-17 17:57:03.799  2255  2284 I C01631/GaussPD:  [0] [ADAPTER] [139902111435520] Not support binlog_default.writeLock file enable del monitor sysno = 25
CST 2026-07-17 17:57:03.799  2255  2284 I C01631/GaussPD:  [0] [ADAPTER] [139902111435520] Not support binlog_default.writeLock file enable del monitor sysno = 25
CST 2026-07-17 17:57:03.799  2255  2290 I C02d07/EventDao: delete 30 records, ret=0
CST 2026-07-17 17:57:03.799  2255  2284 I C01631/GaussPD:  [0] [ADAPTER] [139902111435520] Not support binlog_default.writeLock file enable del monitor sysno = 25
CST 2026-07-17 17:57:03.800  2255  2290 I C02d07/Store: delete 0 params unused
CST 2026-07-17 17:57:03.800  2255  2284 I C01631/GaussPD:  [0] [ADAPTER] [139902111435520] Not support binlog_default.writeLock file enable del monitor sysno = 25
CST 2026-07-17 17:57:03.800  2255  2284 I C01631/GaussPD:  [0] [ADAPTER] [139902111435520] Not support binlog_default.writeIndex file enable del monitor sysno = 25
CST 2026-07-17 17:57:03.800  2255  2284 I C01631/GaussPD:  [0] [ADAPTER] [139902111435520] Not support binlog_default.writeIndex file enable del monitor sysno = 25
CST 2026-07-17 17:57:03.800  2255  2471 I A01a01/NC: NotificationConfigManager: update icon result: com.huawei.hms.mapservice, 49794
CST 2026-07-17 17:57:03.800  2255  2471 I A01b00/SCB: IconResourceFwk --> getBundleIcon start param: com.huawei.hmos.health.core, 64, true true
CST 2026-07-17 17:57:03.800  2255  2471 W A01b00/SCB: IconResourceUtils --> getIconResource from bms getBundleResourceInfo for com.huawei.hmos.health.core 0
CST 2026-07-17 17:57:03.801   796   962 I C01120/BMS: icon rdb get resource icon start -n com.huawei.hmos.health.core -i 0 -f 16
CST 2026-07-17 17:57:03.801   796   962 E C01650/StepResultSet: GoToRow:position[0] rowCount[0] rowPos_[-1]!
CST 2026-07-17 17:57:03.812  2255  2471 E C01707/CONCUR: [Interface] task 2471 apply qos failed, errno = 4
CST 2026-07-17 17:57:03.818  2255  2471 I C02b61/ImageSource: CreatePixelMap success, id:1784282223803602,dSize:(0,0),srcSize: (512,512),dHdr:1,sHdr:1,memType: 2,cost 14890 us
CST 2026-07-17 17:57:03.818  2255  2471 E C02b61/PixelMap: set ashmem name failed
CST 2026-07-17 17:57:03.818  2255  2471 W A01b00/SCB: GraphicUtils --> com.huawei.hmos.health.core - getHdsIcon, size: (512, 512), pixelFormat: 4, leftTopPixel is transparent: false, 46-161-255-254
CST 2026-07-17 17:57:03.819  2255  2471 E C03900/HDS: [hds_drawable_descriptor.cpp-GetOtherIconsInfo:395]Get icon by name from resource failed, iconName: icon_mask, isGlobalMask: 0, state: 9001004
CST 2026-07-17 17:57:03.821  2255  2471 W C03900/HDS: [hds_drawable_descriptor.cpp-ProcessIcon:91]Mask size {192, 192}, bundleName: com.huawei.hmos.health.core
CST 2026-07-17 17:57:03.833   644   650 I C02515/DISP: [InitBufferHandle:229] express init gbuffer id 28a00000049 ret 0 err 0 fd 8 512 512 pixel 4 size 1048576 usage 2b
CST 2026-07-17 17:57:03.833   644   650 I C02515/DISP: [ExpressAllocMem:271] ExpressAllocMem requeset BufferHandle 8, width 512, heigt 512, format 20
CST 2026-07-17 17:57:03.837   644   650 I C02515/DISP: [ExpressFreeMem:317] freeMem bufferhandle gbuffer_id 28a00000049, width 512, heigt 512
CST 2026-07-17 17:57:03.847  2255  2255 I A01b0a/GESTURE: aiBarViewData --> setIsHideByWeaken true
CST 2026-07-17 17:57:03.849   644   650 I C02515/DISP: [InitBufferHandle:229] express init gbuffer id 28a0000004a ret 0 err 0 fd 8 222 222 pixel 4 size 197136 usage 2b
CST 2026-07-17 17:57:03.849   644   650 I C02515/DISP: [ExpressAllocMem:271] ExpressAllocMem requeset BufferHandle 8, width 222, heigt 222, format 20
CST 2026-07-17 17:57:03.853   644   650 I C02515/DISP: [ExpressFreeMem:317] freeMem bufferhandle gbuffer_id 28a0000004a, width 222, heigt 222
CST 2026-07-17 17:57:03.857  2255  2255 I A01b0a/GESTURE: AIBarView --> checkShowAiBar. isShowingAiBar:true
CST 2026-07-17 17:57:03.858  2255  2255 I A01b0a/GESTURE: aiBarViewData --> powerMode:600 thermalLevel:1 isEnterDeliver:false
CST 2026-07-17 17:57:03.859  2255  2277 I C02515/DISP: [ExpressFreeMem:317] freeMem bufferhandle gbuffer_id 28a00000049, width 512, heigt 512
CST 2026-07-17 17:57:03.874   795   795 E C01406/RSScreenManager: IsAllScreensPowerOff: screenPowerStatus_ is empty.
CST 2026-07-17 17:57:03.875  2255  2277 I C02515/DISP: [ExpressFreeMem:317] freeMem bufferhandle gbuffer_id 28a0000004a, width 222, heigt 222
CST 2026-07-17 17:57:03.890   795   795 E C01406/RSScreenManager: IsAllScreensPowerOff: screenPowerStatus_ is empty.
CST 2026-07-17 17:57:03.891  2255  2277 I C03900/HDS: [hds_drawable_descriptor.cpp-ProcessIcon:101]set pixelmap editable : 0 .
CST 2026-07-17 17:57:03.891  2255  2277 E C02b61/PixelMap: set ashmem name failed
CST 2026-07-17 17:57:03.891  2255  2277 W A01b00/SCB: GraphicUtils --> combinePic from HdsIcon, bundleName: com.huawei.hmos.health.core, iconSizeOfGrid: 64, hasBorder: true
CST 2026-07-17 17:57:03.891  2255  2277 I A01b00/SCB: IconResourceFwk --> getBundleIcon end param: com.huawei.hmos.health.core, 64, true true
CST 2026-07-17 17:57:03.893   648  3105 W C02515/DISP: [SetLayerMaskInfo:495] <private> is not supported
CST 2026-07-17 17:57:03.893   648  3105 I C02515/DISP: [CommitComposeLayer:67] CommitComposeLayer! 10
CST 2026-07-17 17:57:03.900  2255  2287 I C02b61/ImageCode: DoEncode:(224, 224) cost 5654 us
CST 2026-07-17 17:57:03.902   313   562 E C01720/SmartGC: [a92ab1fc6dc1d2c, 18f153e, 27c0725] [ExitGCPauseSceneInner]ExitGCPauseSceneInner 62453 69228
CST 2026-07-17 17:57:03.902  2255  2285 I C01631/GaussPD:  [0] [ADAPTER] [139900931275520] Not support binlog_default.writeLock file enable del monitor sysno = 25
CST 2026-07-17 17:57:03.902  2255  2285 I C01631/GaussPD:  [0] [ADAPTER] [139900931275520] Not support binlog_default.writeLock file enable del monitor sysno = 25
CST 2026-07-17 17:57:03.902  2255  2285 I C01631/GaussPD:  [0] [ADAPTER] [139900931275520] Not support binlog_default.writeLock file enable del monitor sysno = 25
CST 2026-07-17 17:57:03.902  2255  2285 I C01631/GaussPD:  [0] [ADAPTER] [139900931275520] Not support binlog_default.writeLock file enable del monitor sysno = 25
CST 2026-07-17 17:57:03.902  2255  2285 I C01631/GaussPD:  [0] [ADAPTER] [139900931275520] Not support binlog_default.writeIndex file enable del monitor sysno = 25
CST 2026-07-17 17:57:03.902  2255  2285 I C01631/GaussPD:  [0] [ADAPTER] [139900931275520] Not support binlog_default.writeIndex file enable del monitor sysno = 25
CST 2026-07-17 17:57:03.903  2255  2277 I A01a01/NC: NotificationConfigManager: update icon result: com.huawei.hmos.health.core, 33162
CST 2026-07-17 17:57:03.903  2255  2277 I A01b00/SCB: IconResourceFwk --> getBundleIcon start param: com.ohos.medialibrary.medialibrarydata, 64, true true
CST 2026-07-17 17:57:03.903  2255  2277 W A01b00/SCB: IconResourceUtils --> getIconResource from bms getBundleResourceInfo for com.ohos.medialibrary.medialibrarydata 0
CST 2026-07-17 17:57:03.903   796   962 I C01120/BMS: icon rdb get resource icon start -n com.ohos.medialibrary.medialibrarydata -i 0 -f 16
CST 2026-07-17 17:57:03.904   796   962 E C01650/StepResultSet: GoToRow:position[0] rowCount[0] rowPos_[-1]!
CST 2026-07-17 17:57:03.905  2255  2277 I C02b61/ImageSource: CreatePixelMap success, id:1784282223904537,dSize:(0,0),srcSize: (114,114),dHdr:1,sHdr:1,memType: 2,cost 879 us
CST 2026-07-17 17:57:03.905  2255  2277 E C02b61/PixelMap: set ashmem name failed
CST 2026-07-17 17:57:03.905  2255  2277 W A01b00/SCB: GraphicUtils --> com.ohos.medialibrary.medialibrarydata - getHdsIcon, size: (114, 114), pixelFormat: 4, leftTopPixel is transparent: true, 0-0-0-0
CST 2026-07-17 17:57:03.906  2255  2277 E C03900/HDS: [hds_drawable_descriptor.cpp-GetOtherIconsInfo:395]Get icon by name from resource failed, iconName: icon_mask, isGlobalMask: 0, state: 9001004
CST 2026-07-17 17:57:03.906  2255  2277 W C03900/HDS: [hds_drawable_descriptor.cpp-ProcessIcon:91]Mask size {192, 192}, bundleName: com.ohos.medialibrary.medialibrarydata
CST 2026-07-17 17:57:03.907   795   795 E C01406/RSScreenManager: IsAllScreensPowerOff: screenPowerStatus_ is empty.
CST 2026-07-17 17:57:03.908  2255  2277 I C02b61/PixelMap: PixelMap::scale SLR 186, srcSize: [192, 192], dstSize: [114, 114], cost: 2
CST 2026-07-17 17:57:03.909   648  3105 W C02515/DISP: [SetLayerMaskInfo:495] <private> is not supported
CST 2026-07-17 17:57:03.910   648  3105 I C02515/DISP: [CommitComposeLayer:67] CommitComposeLayer! 10
CST 2026-07-17 17:57:03.926   644   650 I C02515/DISP: [InitBufferHandle:229] express init gbuffer id 28a0000004b ret 0 err 0 fd 8 114 114 pixel 4 size 51984 usage 2b
CST 2026-07-17 17:57:03.926   644   650 I C02515/DISP: [ExpressAllocMem:271] ExpressAllocMem requeset BufferHandle 8, width 114, heigt 114, format 20
CST 2026-07-17 17:57:03.926   795   795 E C01406/RSScreenManager: IsAllScreensPowerOff: screenPowerStatus_ is empty.
CST 2026-07-17 17:57:03.932   644   650 I C02515/DISP: [ExpressFreeMem:317] freeMem bufferhandle gbuffer_id 28a0000004b, width 114, heigt 114
CST 2026-07-17 17:57:03.932   648  3105 W C02515/DISP: [SetLayerMaskInfo:495] <private> is not supported
CST 2026-07-17 17:57:03.932   648  3105 I C02515/DISP: [CommitComposeLayer:67] CommitComposeLayer! 10
CST 2026-07-17 17:57:03.941   795   795 E C01406/RSScreenManager: IsAllScreensPowerOff: screenPowerStatus_ is empty.
CST 2026-07-17 17:57:03.943  2255  2276 I C03f00/ArkCompiler: [gc] IdleGCTrigger: post concurrent mark finished local remark
CST 2026-07-17 17:57:03.943  2255  2255 I C03f00/ArkCompiler: [gc] IdleGCTrigger: trigger local remark
CST 2026-07-17 17:57:03.951  2255  2255 E C01707/CONCUR: [Interface] task 2276 apply qos failed, errno = 4
CST 2026-07-17 17:57:03.951   648  3105 W C02515/DISP: [SetLayerMaskInfo:495] <private> is not supported
CST 2026-07-17 17:57:03.955   644   650 I C02515/DISP: [InitBufferHandle:229] express init gbuffer id 28a0000004c ret 0 err 0 fd 8 222 222 pixel 4 size 197136 usage 2b
CST 2026-07-17 17:57:03.955   644   650 I C02515/DISP: [ExpressAllocMem:271] ExpressAllocMem requeset BufferHandle 8, width 222, heigt 222, format 20
CST 2026-07-17 17:57:03.961   795   795 E C01406/RSScreenManager: IsAllScreensPowerOff: screenPowerStatus_ is empty.
CST 2026-07-17 17:57:03.961   644   650 I C02515/DISP: [ExpressFreeMem:317] freeMem bufferhandle gbuffer_id 28a0000004c, width 222, heigt 222
CST 2026-07-17 17:57:03.965  2255  2255 E C01707/CONCUR: [Interface] task 2275 apply qos failed, errno = 4
CST 2026-07-17 17:57:03.965   648  3105 I C02515/DISP: [CommitComposeLayer:67] CommitComposeLayer! 10
CST 2026-07-17 17:57:03.971  2255  2277 I C02515/DISP: [ExpressFreeMem:317] freeMem bufferhandle gbuffer_id 28a0000004b, width 114, heigt 114
CST 2026-07-17 17:57:03.975  2255  2255 E C01707/CONCUR: [Interface] task 2274 apply qos failed, errno = 4
CST 2026-07-17 17:57:03.975   648  3105 W C02515/DISP: [SetLayerMaskInfo:495] <private> is not supported
CST 2026-07-17 17:57:03.975   648  3105 I C02515/DISP: [CommitComposeLayer:67] CommitComposeLayer! 10
CST 2026-07-17 17:57:03.979   795   795 E C01406/RSScreenManager: IsAllScreensPowerOff: screenPowerStatus_ is empty.
CST 2026-07-17 17:57:03.986  2255  2277 I C02515/DISP: [ExpressFreeMem:317] freeMem bufferhandle gbuffer_id 28a0000004c, width 222, heigt 222
CST 2026-07-17 17:57:03.993  2255  2255 E C01707/CONCUR: [Interface] task 2276 apply qos failed, errno = 4
CST 2026-07-17 17:57:03.993  2255  2255 E C01707/CONCUR: [Interface] task 2275 apply qos failed, errno = 4
CST 2026-07-17 17:57:03.993  2255  2255 E C01707/CONCUR: [Interface] task 2274 apply qos failed, errno = 4
CST 2026-07-17 17:57:03.993  2255  2255 I C03f00/ArkCompiler: [gc] Has checked a long time gc
CST 2026-07-17 17:57:03.993  2255  2255 I C03f00/ArkCompiler: [gc]  [ HPP YoungGC ] 77.118 (89) -> 67.752 (79.25) MB, 49.63(+15.167)ms, GCReason: Idle time task, MarkReason: Idle time task
CST 2026-07-17 17:57:03.993  2255  2255 I C03f00/ArkCompiler: [gc] IsInBackground: 0; SensitiveStatus: 2; StartupStatus: 0; BundleName: com.ohos.sceneboard; Young: 5767168; Old: 50331648; TotalCommit83099648
CST 2026-07-17 17:57:03.993  2255  2255 I C03f00/ArkCompiler: [gc] /***************** GC Duration statistic: ****************/
CST 2026-07-17 17:57:03.993  2255  2255 I C03f00/ArkCompiler: [gc] TotalGC:                 49.63   ms
CST 2026-07-17 17:57:03.993  2255  2255 I C03f00/ArkCompiler: Initialize:              0       ms
CST 2026-07-17 17:57:03.993  2255  2255 I C03f00/ArkCompiler: Mark:                    1.607   ms
CST 2026-07-17 17:57:03.993  2255  2255 I C03f00/ArkCompiler: MarkRoots:               1.601   ms
CST 2026-07-17 17:57:03.993  2255  2255 I C03f00/ArkCompiler: ConcurrentMark pause:    15.167  ms
CST 2026-07-17 17:57:03.993  2255  2255 I C03f00/ArkCompiler: WaitConcurrentMarkFinish:0.002   ms
CST 2026-07-17 17:57:03.993  2255  2255 I C03f00/ArkCompiler: ReMark:                  1.606   ms
CST 2026-07-17 17:57:03.993  2255  2255 I C03f00/ArkCompiler: ProcessSharedGCRSetWorkList:0       ms
CST 2026-07-17 17:57:03.993  2255  2255 I C03f00/ArkCompiler: Sweep:                   0       ms
CST 2026-07-17 17:57:03.993  2255  2255 I C03f00/ArkCompiler: ClearNativeObject:       0       ms
CST 2026-07-17 17:57:03.993  2255  2255 I C03f00/ArkCompiler: Evacuate:                15.801  ms
CST 2026-07-17 17:57:03.993  2255  2255 I C03f00/ArkCompiler: UpdateReference:         5.166   ms
CST 2026-07-17 17:57:03.993  2255  2255 I C03f00/ArkCompiler: UpdateWeekRef:           0.672   ms
CST 2026-07-17 17:57:03.993  2255  2255 I C03f00/ArkCompiler: UpdateRoot:              2.94    ms
CST 2026-07-17 17:57:03.993  2255  2255 I C03f00/ArkCompiler: ProceeWorkload:          1.282   ms
CST 2026-07-17 17:57:03.993  2255  2255 I C03f00/ArkCompiler: EvacuateSpace:           10.48   ms
CST 2026-07-17 17:57:03.993  2255  2255 I C03f00/ArkCompiler: EvacuateRegion:          10.039  ms
CST 2026-07-17 17:57:03.993  2255  2255 I C03f00/ArkCompiler: WaitFinish:              0.263   ms
CST 2026-07-17 17:57:03.993  2255  2255 I C03f00/ArkCompiler: Finish:                  0.082   ms
CST 2026-07-17 17:57:03.993  2255  2255 I C03f00/ArkCompiler: [gc] /****************** GC Memory statistic: *****************/
CST 2026-07-17 17:57:03.993  2255  2255 I C03f00/ArkCompiler: [gc] AllSpaces        used: 69378.1KB     committed:   81152KB
CST 2026-07-17 17:57:03.993  2255  2255 I C03f00/ArkCompiler: ActiveSemiSpace  used: 5311.44KB     committed:    5632KB
CST 2026-07-17 17:57:03.993  2255  2255 I C03f00/ArkCompiler: OldSpace         used: 45175.6KB     committed:   49152KB
CST 2026-07-17 17:57:03.993  2255  2255 I C03f00/ArkCompiler: HugeObjectSpace  used:    6400KB     committed:    6400KB
CST 2026-07-17 17:57:03.993  2255  2255 I C03f00/ArkCompiler: NonMovableSpace  used: 6314.64KB     committed:   13568KB
CST 2026-07-17 17:57:03.993  2255  2255 I C03f00/ArkCompiler: AppSpawnSpace    used: 5920.37KB     committed:    6144KB
CST 2026-07-17 17:57:03.993  2255  2255 I C03f00/ArkCompiler: [gc] Anno memory usage size:  92.25   MB
CST 2026-07-17 17:57:03.993  2255  2255 I C03f00/ArkCompiler: Native memory usage size:4.1082  MB
CST 2026-07-17 17:57:03.993  2255  2255 I C03f00/ArkCompiler: NativeBindingSize:       4730.56 KB
CST 2026-07-17 17:57:03.993  2255  2255 I C03f00/ArkCompiler: NativeLimitSize:         69922   KB
CST 2026-07-17 17:57:03.993  2255  2255 I C03f00/ArkCompiler: ArrayBufferNativeSize:   0.823242KB
CST 2026-07-17 17:57:03.993  2255  2255 I C03f00/ArkCompiler: ChunkNativeSize:         208     KB
CST 2026-07-17 17:57:03.993  2255  2255 I C03f00/ArkCompiler: [gc] Young copied rate:       0.314361
CST 2026-07-17 17:57:03.993  2255  2255 I C03f00/ArkCompiler: Young promoted rate:     0.0833777
CST 2026-07-17 17:57:03.993  2255  2255 I C03f00/ArkCompiler: Young survival rate:     0.397738
CST 2026-07-17 17:57:03.993  2255  2255 I C03f00/ArkCompiler: [gc] /***************** GC summary statistic: *****************/
CST 2026-07-17 17:57:03.993  2255  2255 I C03f00/ArkCompiler: [gc] YoungGC occurs count     11      
CST 2026-07-17 17:57:03.993  2255  2255 I C03f00/ArkCompiler: YoungGC max pause:       305.033 ms
CST 2026-07-17 17:57:03.993  2255  2255 I C03f00/ArkCompiler: YoungGC min pause:       1.693   ms
CST 2026-07-17 17:57:03.993  2255  2255 I C03f00/ArkCompiler: YoungGC average pause:   43.2296 ms
CST 2026-07-17 17:57:03.993  2255  2255 I C03f00/ArkCompiler: Young average copied rate:0.452539
CST 2026-07-17 17:57:03.993  2255  2255 I C03f00/ArkCompiler: Young average promoted rate:0.204193
CST 2026-07-17 17:57:03.993  2255  2255 I C03f00/ArkCompiler: Young average survival rate:0.656732
CST 2026-07-17 17:57:03.995  2255  2255 I C02b87/NapiAudioVolumeManager: [Destructor]Decrease obj count
CST 2026-07-17 17:57:04.022   142   430 I C01800/SAMGR: NF SA:65962,914_50
CST 2026-07-17 17:57:04.031   795   795 E C01406/RSScreenManager: IsAllScreensPowerOff: screenPowerStatus_ is empty.
CST 2026-07-17 17:57:04.033  2255  2283 I C03f05/NAPI: taskpool:: A:3, R:0, I:3, O:0
CST 2026-07-17 17:57:04.033  2255  2285 I C03f05/NAPI: taskpool::Task PerformTask End: 2552754529, 17 17:56:35.922
CST 2026-07-17 17:57:04.033  2255  2285 I C03f05/NAPI: taskpool::Task PerformTask End: 2362732066, 17 17:56:35.926
CST 2026-07-17 17:57:04.033  2255  2285 I C03f05/NAPI: taskpool::Task PerformTask End: 2301853139, 17 17:56:36.475
CST 2026-07-17 17:57:04.033  2255  2285 I C03f05/NAPI: taskpool::Task PerformTask End: 2358901444, 17 17:56:36.780
CST 2026-07-17 17:57:04.033  2255  2285 I C03f05/NAPI: taskpool::Task PerformTask End: 2301524664, 17 17:56:37.954
CST 2026-07-17 17:57:04.033  2255  2285 I C03f05/NAPI: taskpool::Task PerformTask End: 2362732886, 17 17:56:37.955
CST 2026-07-17 17:57:04.033  2255  2285 I C03f05/NAPI: taskpool::Task PerformTask End: 2362734087, 17 17:56:37.956
CST 2026-07-17 17:57:04.033  2255  2285 I C03f05/NAPI: taskpool::Task PerformTask End: 2584375237, 17 17:56:37.956
CST 2026-07-17 17:57:04.033  2255  2285 I C03f05/NAPI: taskpool::Task PerformTask End: 2301851162, 17 17:56:43.921
CST 2026-07-17 17:57:04.033  2255  2285 I C03f05/NAPI: taskpool::Task PerformTask End: 2102572555, 17 17:56:43.923
CST 2026-07-17 17:57:04.033  2255  2285 I C03f05/NAPI: taskpool::Task PerformTask End: 2095345724, 17 17:56:43.927
CST 2026-07-17 17:57:04.033  2255  2285 I C03f05/NAPI: taskpool::Task PerformTask End: 2145153753, 17 17:56:43.927
CST 2026-07-17 17:57:04.033  2255  2285 I C03f05/NAPI: taskpool::Task PerformTask End: 2094572766, 17 17:56:43.930
CST 2026-07-17 17:57:04.033  2255  2285 I C03f05/NAPI: taskpool::Task PerformTask End: 2095347309, 17 17:56:43.930
CST 2026-07-17 17:57:04.033  2255  2285 I C03f05/NAPI: taskpool::Task PerformTask End: 2093825519, 17 17:56:43.932
CST 2026-07-17 17:57:04.033  2255  2285 I C03f05/NAPI: taskpool::Task PerformTask End: 2067372722, 17 17:56:43.952
CST 2026-07-17 17:57:04.033  2255  2285 I C03f05/NAPI: taskpool::Task PerformTask End: 2037185624, 17 17:56:43.966
CST 2026-07-17 17:57:04.033  2255  2285 I C03f05/NAPI: taskpool::Task PerformTask End: 2067373539, 17 17:56:44.012
CST 2026-07-17 17:57:04.033  2255  2285 I C03f05/NAPI: taskpool::Task PerformTask End: 2048378516, 17 17:56:44.013
CST 2026-07-17 17:57:04.033  2255  2285 I C03f05/NAPI: taskpool::Task PerformTask End: 2037162858, 17 17:56:44.013
CST 2026-07-17 17:57:04.033  2255  2285 I C03f05/NAPI: taskpool::Task PerformTask End: 900539641, 17 17:56:44.021
CST 2026-07-17 17:57:04.033  2255  2285 I C03f05/NAPI: taskpool::Task PerformTask End: 2301850363, 17 17:56:44.021
CST 2026-07-17 17:57:04.033  2255  2285 I C03f05/NAPI: taskpool::Task PerformTask End: 2069820944, 17 17:56:44.021
CST 2026-07-17 17:57:04.033  2255  2285 I C03f05/NAPI: taskpool::Task PerformTask End: 2067653873, 17 17:56:44.021
CST 2026-07-17 17:57:04.033  2255  2285 I C03f05/NAPI: taskpool::Task PerformTask End: 2048379685, 17 17:56:44.021
CST 2026-07-17 17:57:04.033  2255  2285 I C03f05/NAPI: taskpool::Task PerformTask End: 2037181655, 17 17:56:44.021
CST 2026-07-17 17:57:04.033  2255  2285 I C03f05/NAPI: taskpool::Task PerformTask End: 2037480134, 17 17:56:44.022
CST 2026-07-17 17:57:04.033  2255  2285 I C03f05/NAPI: taskpool::Task PerformTask End: 2295779296, 17 17:56:44.690
CST 2026-07-17 17:57:04.033  2255  2285 I C03f05/NAPI: taskpool::Task PerformTask End: 2045863852, 17 17:56:44.694
CST 2026-07-17 17:57:04.033  2255  2285 I C03f05/NAPI: taskpool::Task PerformTask End: 2143260237, 17 17:56:44.695
CST 2026-07-17 17:57:04.033  2255  2285 I C03f05/NAPI: taskpool::Task PerformTask End: 2143264238, 17 17:56:44.695
CST 2026-07-17 17:57:04.033  2255  2285 I C03f05/NAPI: taskpool::Task PerformTask End: 2067655487, 17 17:56:44.695
CST 2026-07-17 17:57:04.033  2255  2285 I C03f05/NAPI: taskpool::Task PerformTask End: 2069822177, 17 17:56:44.705
CST 2026-07-17 17:57:04.033  2255  2285 I C03f05/NAPI: taskpool::Task PerformTask End: 2143257844, 17 17:56:44.866
CST 2026-07-17 17:57:04.033  2255  2285 I C03f05/NAPI: taskpool::Task PerformTask End: 880059634, 17 17:56:44.867
CST 2026-07-17 17:57:04.033  2255  2285 I C03f05/NAPI: taskpool::Task PerformTask End: 2143257043, 17 17:56:44.867
CST 2026-07-17 17:57:04.033  2255  2285 I C03f05/NAPI: taskpool::Task PerformTask End: 2093825558, 17 17:56:44.995
CST 2026-07-17 17:57:04.033  2255  2285 I C03f05/NAPI: taskpool::Task PerformTask End: 880063240, 17 17:56:44.996
CST 2026-07-17 17:57:04.033  2255  2285 I C03f05/NAPI: taskpool::Task PerformTask End: 2102571397, 17 17:56:44.996
CST 2026-07-17 17:57:04.033  2255  2285 I C03f05/NAPI: taskpool::Task PerformTask End: 880062439, 17 17:56:44.996
CST 2026-07-17 17:57:04.033  2255  2285 I C03f05/NAPI: taskpool::Task PerformTask End: 2160259561, 17 17:56:45.063
CST 2026-07-17 17:57:04.033  2255  2285 I C03f05/NAPI: taskpool::Task PerformTask End: 2160260746, 17 17:56:45.063
CST 2026-07-17 17:57:04.033  2255  2285 I C03f05/NAPI: taskpool::Task PerformTask End: 904430363, 17 17:56:45.067
CST 2026-07-17 17:57:04.033  2255  2285 I C03f05/NAPI: taskpool::Task PerformTask End: 918639468, 17 17:56:45.203
CST 2026-07-17 17:57:04.033  2255  2285 I C03f05/NAPI: taskpool::Task PerformTask End: 2358898285, 17 17:56:45.203
CST 2026-07-17 17:57:04.033  2255  2285 I C03f05/NAPI: taskpool::Task PerformTask End: 2037163662, 17 17:56:45.207
CST 2026-07-17 17:57:04.033  2255  2285 I C03f05/NAPI: taskpool::Task PerformTask End: 871967871, 17 17:56:45.207
CST 2026-07-17 17:57:04.033  2255  2285 I C03f05/NAPI: taskpool::Task PerformTask End: 883311089, 17 17:56:45.208
CST 2026-07-17 17:57:04.033  2255  2285 I C03f05/NAPI: taskpool::Task PerformTask End: 889625712, 17 17:56:45.222
CST 2026-07-17 17:57:04.033  2255  2285 I C03f05/NAPI: taskpool::Task PerformTask End: 900544450, 17 17:56:45.225
CST 2026-07-17 17:57:04.033  2255  2285 I C03f05/NAPI: taskpool::Task PerformTask End: 885044403, 17 17:56:45.319
CST 2026-07-17 17:57:04.033  2255  2285 I C03f05/NAPI: taskpool::Task PerformTask End: 2067652724, 17 17:56:45.320
CST 2026-07-17 17:57:04.033  2255  2285 I C03f05/NAPI: taskpool::Task PerformTask End: 2041628325, 17 17:56:45.326
CST 2026-07-17 17:57:04.033  2255  2285 I C03f05/NAPI: taskpool::Task PerformTask End: 2145150214, 17 17:56:45.327
CST 2026-07-17 17:57:04.033  2255  2285 I C03f05/NAPI: taskpool::Task PerformTask End: 897691656, 17 17:56:45.346
CST 2026-07-17 17:57:04.033  2255  2285 I C03f05/NAPI: taskpool::Task PerformTask End: 2287656954, 17 17:56:45.347
CST 2026-07-17 17:57:04.033  2255  2285 I C03f05/NAPI: taskpool::Task PerformTask End: 2145153399, 17 17:56:45.381
CST 2026-07-17 17:57:04.033  2255  2285 I C03f05/NAPI: taskpool::Task PerformTask End: 883312283, 17 17:56:45.608
CST 2026-07-17 17:57:04.033  2255  2285 I C03f05/NAPI: taskpool::Task PerformTask End: 881906973, 17 17:56:45.609
CST 2026-07-17 17:57:04.033  2255  2285 I C03f05/NAPI: taskpool::Task PerformTask End: 883317484, 17 17:56:45.610
CST 2026-07-17 17:57:04.033  2255  2285 I C03f05/NAPI: taskpool::Task PerformTask End: 897694041, 17 17:56:45.611
CST 2026-07-17 17:57:04.033  2255  2285 I C03f05/NAPI: taskpool::Task PerformTask End: 881910158, 17 17:56:45.612
CST 2026-07-17 17:57:04.033  2255  2285 I C03f05/NAPI: taskpool::Task PerformTask End: 881910559, 17 17:56:45.612
CST 2026-07-17 17:57:04.033  2255  2285 I C03f05/NAPI: taskpool::Task PerformTask End: 2037475392, 17 17:56:45.612
CST 2026-07-17 17:57:04.033  2255  2285 I C03f05/NAPI: taskpool::Task PerformTask End: 2295777330, 17 17:56:45.656
CST 2026-07-17 17:57:04.033  2255  2285 I C03f05/NAPI: taskpool::Task PerformTask End: 2093509777, 17 17:56:45.658
CST 2026-07-17 17:57:04.033  2255  2285 I C03f05/NAPI: taskpool::Task PerformTask End: 812098836, 17 17:56:47.583
CST 2026-07-17 17:57:04.033  2255  2285 I C03f05/NAPI: taskpool::Task PerformTask End: 874129094, 17 17:56:51.438
CST 2026-07-17 17:57:04.033  2255  2285 I C03f05/NAPI: taskpool::Task PerformTask End: 2108663895, 17 17:56:51.500
CST 2026-07-17 17:57:04.033  2255  2285 I C03f05/NAPI: taskpool::Task PerformTask End: 867736712, 17 17:56:51.999
CST 2026-07-17 17:57:04.033  2255  2285 I C03f05/NAPI: taskpool::Task PerformTask End: 867737097, 17 17:56:52.033
CST 2026-07-17 17:57:04.033  2255  2285 I C03f05/NAPI: taskpool::Task PerformTask End: 2093506986, 17 17:56:52.236
CST 2026-07-17 17:57:04.033  2255  2285 I C03f05/NAPI: taskpool::Task PerformTask End: 2048379739, 17 17:56:52.311
CST 2026-07-17 17:57:04.033  2255  2285 I C03f05/NAPI: taskpool::Task PerformTask End: 2048380556, 17 17:56:52.331
CST 2026-07-17 17:57:04.033  2255  2285 I C03f05/NAPI: taskpool::Task PerformTask End: 900541277, 17 17:56:52.364
CST 2026-07-17 17:57:04.033  2255  2285 I C03f05/NAPI: taskpool::Task PerformTask End: 899400095, 17 17:56:52.422
CST 2026-07-17 17:57:04.033  2255  2285 I C03f05/NAPI: taskpool::Task PerformTask End: 858368496, 17 17:56:52.463
CST 2026-07-17 17:57:04.033  2255  2285 I C03f05/NAPI: taskpool::Task PerformTask End: 858369681, 17 17:56:52.485
CST 2026-07-17 17:57:04.033  2255  2285 I C03f05/NAPI: taskpool::Task PerformTask End: 2093508194, 17 17:56:52.607
CST 2026-07-17 17:57:04.033  2255  2285 I C03f05/NAPI: taskpool::Task PerformTask End: 2037168499, 17 17:56:52.716
CST 2026-07-17 17:57:04.033  2255  2285 I C03f05/NAPI: taskpool::Task PerformTask End: 2037181684, 17 17:56:52.748
CST 2026-07-17 17:57:04.033  2255  2285 I C03f05/NAPI: taskpool::Task PerformTask End: 2067373621, 17 17:56:52.763
CST 2026-07-17 17:57:04.033  2255  2285 I C03f05/NAPI: taskpool::Task PerformTask End: 886104598, 17 17:56:52.811
CST 2026-07-17 17:57:04.033  2255  2285 I C03f05/NAPI: taskpool::Task PerformTask End: 2364054695, 17 17:56:52.829
CST 2026-07-17 17:57:04.033  2255  2285 I C03f05/NAPI: taskpool::Task PerformTask End: 2145154248, 17 17:56:52.899
CST 2026-07-17 17:57:04.033  2255  2285 I C03f05/NAPI: taskpool::Task PerformTask End: 2094575657, 17 17:56:52.938
CST 2026-07-17 17:57:04.033  2255  2285 I C03f05/NAPI: taskpool::Task PerformTask End: 2102574234, 17 17:56:53.993
CST 2026-07-17 17:57:04.033  2255  2285 I C03f05/NAPI: taskpool::Task PerformTask End: 2108663883, 17 17:56:54.002
CST 2026-07-17 17:57:04.033  2255  2285 I C03f05/NAPI: taskpool::Task PerformTask End: 2067660323, 17 17:56:54.031, Unsuccessful
CST 2026-07-17 17:57:04.033  2255  2285 I C03f05/NAPI: taskpool::Task PerformTask End: 887179244, 17 17:56:54.031
CST 2026-07-17 17:57:04.033  2255  2285 I C03f05/NAPI: taskpool::Task PerformTask End: 812100063, 17 17:56:54.037
CST 2026-07-17 17:57:04.034  2255  2285 I C03f05/NAPI: taskpool::Task PerformTask End: 885046861, 17 17:56:54.040
CST 2026-07-17 17:57:04.034  2255  2285 I C03f05/NAPI: taskpool::Task PerformTask End: 874675454, 17 17:56:54.048
CST 2026-07-17 17:57:04.034  2255  2285 I C03f05/NAPI: taskpool::Task PerformTask End: 911288432, 17 17:56:54.057
CST 2026-07-17 17:57:04.034  2255  2285 I C03f05/NAPI: taskpool::Task PerformTask End: 2108665073, 17 17:56:54.064
CST 2026-07-17 17:57:04.034  2255  2285 I C03f05/NAPI: taskpool::Task PerformTask End: 802540706, 17 17:56:54.088
CST 2026-07-17 17:57:04.034  2255  2285 I C03f05/NAPI: taskpool::Task PerformTask End: 874133091, 17 17:56:54.097
CST 2026-07-17 17:57:04.034  2255  2285 I C03f05/NAPI: taskpool::Task PerformTask End: 918641924, 17 17:56:54.105
CST 2026-07-17 17:57:04.034  2255  2285 I C03f05/NAPI: taskpool::Task PerformTask End: 867736757, 17 17:56:54.109
CST 2026-07-17 17:57:04.034  2255  2285 I C03f05/NAPI: taskpool::Task PerformTask End: 802538326, 17 17:56:54.132
CST 2026-07-17 17:57:04.034  2255  2285 I C03f05/NAPI: taskpool::Task PerformTask End: 802541111, 17 17:56:54.143
CST 2026-07-17 17:57:04.034  2255  2285 I C03f05/NAPI: taskpool::Task PerformTask End: 899403320, 17 17:56:54.157
CST 2026-07-17 17:57:04.034  2255  2285 I C03f05/NAPI: taskpool::Task PerformTask End: 2040116430, 17 17:56:54.169
CST 2026-07-17 17:57:04.034  2255  2285 I C03f05/NAPI: taskpool::Task PerformTask End: 918639530, 17 17:56:54.204
CST 2026-07-17 17:57:04.034  2255  2285 I C03f05/NAPI: taskpool::Task PerformTask End: 887180057, 17 17:56:54.247
CST 2026-07-17 17:57:04.034  2255  2285 I C03f05/NAPI: taskpool::Task PerformTask End: 2040116443, 17 17:56:54.252
CST 2026-07-17 17:57:04.034  2255  2285 I C03f05/NAPI: taskpool::Task PerformTask End: 874678668, 17 17:56:54.264
CST 2026-07-17 17:57:04.034  2255  2285 I C03f05/NAPI: taskpool::Task PerformTask End: 897695293, 17 17:56:54.271
CST 2026-07-17 17:57:04.034  2255  2285 I C03f05/NAPI: taskpool::Task PerformTask End: 888214446, 17 17:56:54.374
CST 2026-07-17 17:57:04.034  2255  2285 I C03f05/NAPI: taskpool::Task PerformTask End: 888216847, 17 17:56:54.387
CST 2026-07-17 17:57:04.034  2255  2285 I C03f05/NAPI: taskpool::Task PerformTask End: 2093820832, 17 17:56:54.394
CST 2026-07-17 17:57:04.034  2255  2285 I C03f05/NAPI: taskpool::Task PerformTask End: 867733585, 17 17:56:54.400
CST 2026-07-17 17:57:04.034  2255  2285 I C03f05/NAPI: taskpool::Task PerformTask End: 888216450, 17 17:56:54.410
CST 2026-07-17 17:57:04.034  2255  2285 I C03f05/NAPI: taskpool::Task PerformTask End: 898139379, 17 17:56:54.444
CST 2026-07-17 17:57:04.034  2255  2285 I C03f05/NAPI: taskpool::Task PerformTask End: 2067367236, 17 17:56:54.452
CST 2026-07-17 17:57:04.034  2255  2285 I C03f05/NAPI: taskpool::Task PerformTask End: 874679093, 17 17:56:54.457
CST 2026-07-17 17:57:04.034  2255  2285 I C03f05/NAPI: taskpool::Task PerformTask End: 888215686, 17 17:56:54.465
CST 2026-07-17 17:57:04.034  2255  2285 I C03f05/NAPI: taskpool::Task PerformTask End: 888215271, 17 17:56:54.472
CST 2026-07-17 17:57:04.034  2255  2285 I C03f05/NAPI: taskpool::Task PerformTask End: 900542520, 17 17:56:54.479
CST 2026-07-17 17:57:04.034  2255  2285 I C03f05/NAPI: taskpool::Task PerformTask End: 888214057, 17 17:56:54.486
CST 2026-07-17 17:57:04.034  2255  2285 I C03f05/NAPI: taskpool::Task PerformTask End: 888218458, 17 17:56:54.501
CST 2026-07-17 17:57:04.034  2255  2285 I C03f05/NAPI: taskpool::Task PerformTask End: 888220443, 17 17:56:54.506
CST 2026-07-17 17:57:04.034  2255  2285 I C03f05/NAPI: taskpool::Task PerformTask End: 888217660, 17 17:56:54.520
CST 2026-07-17 17:57:04.034  2255  2285 I C03f05/NAPI: taskpool::Task PerformTask End: 888219245, 17 17:56:54.549
CST 2026-07-17 17:57:04.034  2255  2285 I C03f05/NAPI: taskpool::Task PerformTask End: 888219662, 17 17:56:54.553
CST 2026-07-17 17:57:04.034  2255  2285 I C03f05/NAPI: taskpool::Task PerformTask End: 801040527, 17 17:56:54.556
CST 2026-07-17 17:57:04.034  2255  2285 I C03f05/NAPI: taskpool::Task PerformTask End: 801042080, 17 17:56:54.561
CST 2026-07-17 17:57:04.034  2255  2285 I C03f05/NAPI: taskpool::Task PerformTask End: 801039297, 17 17:56:54.564
CST 2026-07-17 17:57:04.034  2255  2285 I C03f05/NAPI: taskpool::Task PerformTask End: 801041330, 17 17:56:54.569
CST 2026-07-17 17:57:04.034  2255  2285 I C03f05/NAPI: taskpool::Task PerformTask End: 801042483, 17 17:56:54.807
CST 2026-07-17 17:57:04.034  2255  2285 I C03f05/NAPI: taskpool::Task PerformTask End: 801043684, 17 17:56:54.819
CST 2026-07-17 17:57:04.034  2255  2285 I C03f05/NAPI: taskpool::Task PerformTask End: 801045685, 17 17:56:54.826
CST 2026-07-17 17:57:04.034  2255  2285 I C03f05/NAPI: taskpool::Task PerformTask End: 801043302, 17 17:56:54.848
CST 2026-07-17 17:57:04.034  2255  2285 I C03f05/NAPI: taskpool::Task PerformTask End: 885046405, 17 17:56:54.901
CST 2026-07-17 17:57:04.034  2255  2285 I C03f05/NAPI: taskpool::Task PerformTask End: 2044779416, 17 17:56:56.022
CST 2026-07-17 17:57:04.034  2255  2285 I C03f05/NAPI: taskpool::Task PerformTask End: 2301520009, 17 17:56:56.084
CST 2026-07-17 17:57:04.034  2255  2285 I C03f05/NAPI: taskpool::Task PerformTask End: 2097488762, 17 17:56:56.085
CST 2026-07-17 17:57:04.034  2255  2285 I C03f05/NAPI: taskpool::Task PerformTask End: 2080120987, 17 17:56:57.111
CST 2026-07-17 17:57:04.034  2255  2285 I C03f05/NAPI: taskpool::Task PerformTask End: 2078962546, 17 17:56:57.111
CST 2026-07-17 17:57:04.034  2255  2285 I C03f05/NAPI: taskpool::Task PerformTask End: 2080122188, 17 17:56:57.111
CST 2026-07-17 17:57:04.034  2255  2285 I C03f05/NAPI: taskpool::Task PerformTask End: 898138990, 17 17:56:57.114
CST 2026-07-17 17:57:04.034  2255  2285 I C03f05/NAPI: taskpool::Task PerformTask End: 2102571085, 17 17:56:57.114
CST 2026-07-17 17:57:04.034  2255  2285 I C03f05/NAPI: taskpool::Task PerformTask End: 2078960977, 17 17:56:57.114
CST 2026-07-17 17:57:04.034  2255  2285 I C03f05/NAPI: taskpool::Task PerformTask End: 2078951571, 17 17:56:57.114
CST 2026-07-17 17:57:04.034  2255  2285 I C03f05/NAPI: taskpool::Task PerformTask End: 926543156, 17 17:56:57.133
CST 2026-07-17 17:57:04.034  2255  2285 I C03f05/NAPI: taskpool::Task PerformTask End: 874677509, 17 17:56:57.133
CST 2026-07-17 17:57:04.034  2255  2285 I C03f05/NAPI: taskpool::Task PerformTask End: 2080127407, 17 17:56:57.133
CST 2026-07-17 17:57:04.034  2255  2285 I C03f05/NAPI: taskpool::Task PerformTask End: 2080127008, 17 17:56:57.135
CST 2026-07-17 17:57:04.034  2255  2285 I C03f05/NAPI: taskpool::Task PerformTask End: 887079494, 17 17:56:57.405
CST 2026-07-17 17:57:04.034  2255  2285 I C03f05/NAPI: taskpool::Task PerformTask End: 2102794279, 17 17:56:57.412
CST 2026-07-17 17:57:04.034  2255  2285 I C03f05/NAPI: taskpool::Task PerformTask End: 2080125832, 17 17:56:57.811
CST 2026-07-17 17:57:04.034  2255  2285 I C03f05/NAPI: taskpool::Task PerformTask End: 2078965385, 17 17:56:57.811
CST 2026-07-17 17:57:04.034  2255  2285 I C03f05/NAPI: taskpool::Task PerformTask End: 873703162, 17 17:57:01.913
CST 2026-07-17 17:57:04.034  2255  2285 I C03f05/NAPI: taskpool::Task PerformTask End: 2097489979, 17 17:57:01.917
CST 2026-07-17 17:57:04.036  2255  2277 I C03900/HDS: [hds_drawable_descriptor.cpp-ProcessIcon:101]set pixelmap editable : 0 .
CST 2026-07-17 17:57:04.036   648  3105 W C02515/DISP: [SetLayerMaskInfo:495] <private> is not supported
CST 2026-07-17 17:57:04.036  2255  2277 E C02b61/PixelMap: set ashmem name failed
CST 2026-07-17 17:57:04.037   648  1084 I C02515/DISP: [CommitComposeLayer:67] CommitComposeLayer! 10
CST 2026-07-17 17:57:04.037  2255  2277 W A01b00/SCB: GraphicUtils --> combinePic from HdsIcon, bundleName: com.ohos.medialibrary.medialibrarydata, iconSizeOfGrid: 64, hasBorder: true
CST 2026-07-17 17:57:04.037  2255  2277 I A01b00/SCB: IconResourceFwk --> getBundleIcon end param: com.ohos.medialibrary.medialibrarydata, 64, true true
CST 2026-07-17 17:57:04.043  2255  2286 I C02b61/ImageCode: DoEncode:(224, 224) cost 5424 us
CST 2026-07-17 17:57:04.045  2255  2287 I C01631/GaussPD:  [0] [ADAPTER] [139900914473728] Not support binlog_default.writeLock file enable del monitor sysno = 25
CST 2026-07-17 17:57:04.045  2255  2287 I C01631/GaussPD:  [0] [ADAPTER] [139900914473728] Not support binlog_default.writeLock file enable del monitor sysno = 25
CST 2026-07-17 17:57:04.045  2255  2287 I C01631/GaussPD:  [0] [ADAPTER] [139900914473728] Not support binlog_default.writeLock file enable del monitor sysno = 25
CST 2026-07-17 17:57:04.045  2255  2287 I C01631/GaussPD:  [0] [ADAPTER] [139900914473728] Not support binlog_default.writeLock file enable del monitor sysno = 25
CST 2026-07-17 17:57:04.045  2255  2287 I C01631/GaussPD:  [0] [ADAPTER] [139900914473728] Not support binlog_default.writeIndex file enable del monitor sysno = 25
CST 2026-07-17 17:57:04.046   648  1084 W C02515/DISP: [SetLayerMaskInfo:495] <private> is not supported
CST 2026-07-17 17:57:04.046  2255  2287 I C01631/GaussPD:  [0] [ADAPTER] [139900914473728] Not support binlog_default.writeIndex file enable del monitor sysno = 25
CST 2026-07-17 17:57:04.046  2255  2277 I A01a01/NC: NotificationConfigManager: update icon result: com.ohos.medialibrary.medialibrarydata, 38242
CST 2026-07-17 17:57:04.046  2255  2277 I A01b00/SCB: IconResourceFwk --> getBundleIcon start param: com.huawei.hms.musicservice, 64, true true
CST 2026-07-17 17:57:04.046   795   795 E C01406/RSScreenManager: IsAllScreensPowerOff: screenPowerStatus_ is empty.
CST 2026-07-17 17:57:04.046  2255  2277 W A01b00/SCB: IconResourceUtils --> getIconResource from bms getBundleResourceInfo for com.huawei.hms.musicservice 0
CST 2026-07-17 17:57:04.046   648  3105 I C02515/DISP: [CommitComposeLayer:67] CommitComposeLayer! 10
CST 2026-07-17 17:57:04.049   796   962 I C01120/BMS: icon rdb get resource icon start -n com.huawei.hms.musicservice -i 0 -f 16
CST 2026-07-17 17:57:04.049   796   962 E C01650/StepResultSet: GoToRow:position[0] rowCount[0] rowPos_[-1]!
CST 2026-07-17 17:57:04.062   795   795 E C01406/RSScreenManager: IsAllScreensPowerOff: screenPowerStatus_ is empty.
CST 2026-07-17 17:57:04.066  2255  2277 E C01707/CONCUR: [Interface] task 2277 apply qos failed, errno = 4
CST 2026-07-17 17:57:04.066   648  3105 W C02515/DISP: [SetLayerMaskInfo:495] <private> is not supported
CST 2026-07-17 17:57:04.066   648  3105 I C02515/DISP: [CommitComposeLayer:67] CommitComposeLayer! 10
CST 2026-07-17 17:57:04.078  2255  2277 I C02b61/ImageSource: CreatePixelMap success, id:1784282224056168,dSize:(0,0),srcSize: (512,512),dHdr:1,sHdr:1,memType: 2,cost 22070 us
CST 2026-07-17 17:57:04.078  2255  2277 E C02b61/PixelMap: set ashmem name failed
CST 2026-07-17 17:57:04.079  2255  2277 W A01b00/SCB: GraphicUtils --> com.huawei.hms.musicservice - getHdsIcon, size: (512, 512), pixelFormat: 4, leftTopPixel is transparent: false, 107-67-255-254
CST 2026-07-17 17:57:04.079  2255  2277 E C03900/HDS: [hds_drawable_descriptor.cpp-GetOtherIconsInfo:395]Get icon by name from resource failed, iconName: icon_mask, isGlobalMask: 0, state: 9001004
CST 2026-07-17 17:57:04.080   648  3105 W C02515/DISP: [SetLayerMaskInfo:495] <private> is not supported
CST 2026-07-17 17:57:04.081   795   795 E C01406/RSScreenManager: IsAllScreensPowerOff: screenPowerStatus_ is empty.
CST 2026-07-17 17:57:04.082   648  3105 I C02515/DISP: [CommitComposeLayer:67] CommitComposeLayer! 10
CST 2026-07-17 17:57:04.083  2255  2277 W C03900/HDS: [hds_drawable_descriptor.cpp-ProcessIcon:91]Mask size {192, 192}, bundleName: com.huawei.hms.musicservice
CST 2026-07-17 17:57:04.099   648  3105 W C02515/DISP: [SetLayerMaskInfo:495] <private> is not supported
CST 2026-07-17 17:57:04.099   648  1084 I C02515/DISP: [CommitComposeLayer:67] CommitComposeLayer! 10
CST 2026-07-17 17:57:04.100   795   795 E C01406/RSScreenManager: IsAllScreensPowerOff: screenPowerStatus_ is empty.
CST 2026-07-17 17:57:04.101   644   650 I C02515/DISP: [InitBufferHandle:229] express init gbuffer id 28a0000004d ret 0 err 0 fd 8 512 512 pixel 4 size 1048576 usage 2b
CST 2026-07-17 17:57:04.101   644   650 I C02515/DISP: [ExpressAllocMem:271] ExpressAllocMem requeset BufferHandle 8, width 512, heigt 512, format 20
CST 2026-07-17 17:57:04.104   644   650 I C02515/DISP: [ExpressFreeMem:317] freeMem bufferhandle gbuffer_id 28a0000004d, width 512, heigt 512
CST 2026-07-17 17:57:04.121   648  1084 W C02515/DISP: [SetLayerMaskInfo:495] <private> is not supported
CST 2026-07-17 17:57:04.122   648  1084 I C02515/DISP: [CommitComposeLayer:67] CommitComposeLayer! 10
CST 2026-07-17 17:57:04.122   795   795 E C01406/RSScreenManager: IsAllScreensPowerOff: screenPowerStatus_ is empty.
CST 2026-07-17 17:57:04.123  2255  2255 W A01c06/ICON: AppIconWeatherModel --> initWeatherListener, retryTimes: 4
CST 2026-07-17 17:57:04.124   503  1340 E C01707/CONCUR: [Interface] task 1340 apply qos failed, errno = 4
CST 2026-07-17 17:57:04.124   503  1340 E C01611/QosManager: QosManager: Failed to set thread QoS to QOS_USER_INTERACTIVE, ret: -1
CST 2026-07-17 17:57:04.124   644   650 I C02515/DISP: [InitBufferHandle:229] express init gbuffer id 28a0000004e ret 0 err 0 fd 8 222 222 pixel 4 size 197136 usage 2b
CST 2026-07-17 17:57:04.124   644   650 I C02515/DISP: [ExpressAllocMem:271] ExpressAllocMem requeset BufferHandle 8, width 222, heigt 222, format 20
CST 2026-07-17 17:57:04.132   796   962 W C01123/BMSCommon: bundle not exist -n com.huawei.hmsapp.totemweather -u 100 -i 0 -f 32
CST 2026-07-17 17:57:04.132   796   962 W C01121/BMSQuery: GetBundleInfo failed -n com.huawei.hmsapp.totemweather -u 100
CST 2026-07-17 17:57:04.132   503  1340 E C01651/BundleMgrProxy: GetBundleInfoFromBMS: GetBundleInfo failed!bundleName is com.huawei.hmsapp.totemweather, userId is 100
CST 2026-07-17 17:57:04.132   503  1340 E C01651/DataProviderConfig: GetFromProxyData: Get bundleInfo failed! bundleName:com.huawei.hmsapp.totemweather, userId:100, visitedId:100, uri:******icIconInfo
CST 2026-07-17 17:57:04.133   503  1340 E C01651/DataShareServiceImpl: GetBMSAndMetaDataStatus: CalledInfo failed! token:0x20087fab,ret:1001,uri:******icIconInfo
CST 2026-07-17 17:57:04.133   503  1340 E C01651/DataShareServiceImpl: GetSilentProxyStatus: BMS or metaData not ready to complete, token:0x20087fab, uri:******icIconInfo
CST 2026-07-17 17:57:04.133  2255  2255 E A01c06/ICON: AppIconWeatherModel --> get weather info failed, code: 15700010, message: The DataShareHelper is not initialized successfully.
CST 2026-07-17 17:57:04.139   644   650 I C02515/DISP: [ExpressFreeMem:317] freeMem bufferhandle gbuffer_id 28a0000004e, width 222, heigt 222
CST 2026-07-17 17:57:04.145   648  1084 W C02515/DISP: [SetLayerMaskInfo:495] <private> is not supported
CST 2026-07-17 17:57:04.145   648  3105 I C02515/DISP: [CommitComposeLayer:67] CommitComposeLayer! 10
CST 2026-07-17 17:57:04.145   795   795 E C01406/RSScreenManager: IsAllScreensPowerOff: screenPowerStatus_ is empty.
CST 2026-07-17 17:57:04.149  2255  2277 I C02515/DISP: [ExpressFreeMem:317] freeMem bufferhandle gbuffer_id 28a0000004d, width 512, heigt 512
CST 2026-07-17 17:57:04.167   648  3105 W C02515/DISP: [SetLayerMaskInfo:495] <private> is not supported
CST 2026-07-17 17:57:04.167   648  1084 I C02515/DISP: [CommitComposeLayer:67] CommitComposeLayer! 10
CST 2026-07-17 17:57:04.168   795   795 E C01406/RSScreenManager: IsAllScreensPowerOff: screenPowerStatus_ is empty.
CST 2026-07-17 17:57:04.171  2255  2277 I C02515/DISP: [ExpressFreeMem:317] freeMem bufferhandle gbuffer_id 28a0000004e, width 222, heigt 222
CST 2026-07-17 17:57:04.189  2255  2277 I C03900/HDS: [hds_drawable_descriptor.cpp-ProcessIcon:101]set pixelmap editable : 0 .
CST 2026-07-17 17:57:04.189  2255  2277 E C02b61/PixelMap: set ashmem name failed
CST 2026-07-17 17:57:04.189  2255  2277 W A01b00/SCB: GraphicUtils --> combinePic from HdsIcon, bundleName: com.huawei.hms.musicservice, iconSizeOfGrid: 64, hasBorder: true
CST 2026-07-17 17:57:04.189  2255  2277 I A01b00/SCB: IconResourceFwk --> getBundleIcon end param: com.huawei.hms.musicservice, 64, true true
CST 2026-07-17 17:57:04.190   648  1084 W C02515/DISP: [SetLayerMaskInfo:495] <private> is not supported
CST 2026-07-17 17:57:04.191   648  1084 I C02515/DISP: [CommitComposeLayer:67] CommitComposeLayer! 10
CST 2026-07-17 17:57:04.199  2255  2285 I C02b61/ImageCode: DoEncode:(224, 224) cost 8442 us
CST 2026-07-17 17:57:04.201  2255  2284 I C01631/GaussPD:  [0] [ADAPTER] [139902111435520] Not support binlog_default.writeLock file enable del monitor sysno = 25
CST 2026-07-17 17:57:04.201  2255  2284 I C01631/GaussPD:  [0] [ADAPTER] [139902111435520] Not support binlog_default.writeLock file enable del monitor sysno = 25
CST 2026-07-17 17:57:04.201  2255  2284 I C01631/GaussPD:  [0] [ADAPTER] [139902111435520] Not support binlog_default.writeLock file enable del monitor sysno = 25
CST 2026-07-17 17:57:04.201  2255  2284 I C01631/GaussPD:  [0] [ADAPTER] [139902111435520] Not support binlog_default.writeLock file enable del monitor sysno = 25
CST 2026-07-17 17:57:04.201  2255  2284 I C01631/GaussPD:  [0] [ADAPTER] [139902111435520] Not support binlog_default.writeIndex file enable del monitor sysno = 25
CST 2026-07-17 17:57:04.202  2255  2284 I C01631/GaussPD:  [0] [ADAPTER] [139902111435520] Not support binlog_default.writeIndex file enable del monitor sysno = 25
CST 2026-07-17 17:57:04.202  2255  2277 I A01a01/NC: NotificationConfigManager: update icon result: com.huawei.hms.musicservice, 53026
CST 2026-07-17 17:57:04.202  2255  2277 I A01b00/SCB: IconResourceFwk --> getBundleIcon start param: com.huawei.hmos.hipreview, 64, true true
CST 2026-07-17 17:57:04.202  2255  2277 W A01b00/SCB: IconResourceUtils --> getIconResource from bms getBundleResourceInfo for com.huawei.hmos.hipreview 0
CST 2026-07-17 17:57:04.204   796   962 I C01120/BMS: icon rdb get resource icon start -n com.huawei.hmos.hipreview -i 0 -f 16
CST 2026-07-17 17:57:04.204   796   962 E C01650/StepResultSet: GoToRow:position[0] rowCount[0] rowPos_[-1]!
CST 2026-07-17 17:57:04.211   795   795 E C01406/RSScreenManager: IsAllScreensPowerOff: screenPowerStatus_ is empty.
CST 2026-07-17 17:57:04.212   648  1084 W C02515/DISP: [SetLayerMaskInfo:495] <private> is not supported
CST 2026-07-17 17:57:04.212   648  1084 I C02515/DISP: [CommitComposeLayer:67] CommitComposeLayer! 10
CST 2026-07-17 17:57:04.216  2255  2277 I C02b61/ImageSource: CreatePixelMap success, id:1784282224208100,dSize:(0,0),srcSize: (384,384),dHdr:1,sHdr:1,memType: 2,cost 7927 us
CST 2026-07-17 17:57:04.216  2255  2277 E C02b61/PixelMap: set ashmem name failed
CST 2026-07-17 17:57:04.217  2255  2277 W A01b00/SCB: GraphicUtils --> com.huawei.hmos.hipreview - getHdsIcon, size: (384, 384), pixelFormat: 4, leftTopPixel is transparent: true, 0-0-0-0
CST 2026-07-17 17:57:04.217  2255  2277 E C03900/HDS: [hds_drawable_descriptor.cpp-GetOtherIconsInfo:395]Get icon by name from resource failed, iconName: icon_mask, isGlobalMask: 0, state: 9001004
CST 2026-07-17 17:57:04.219  2255  2277 W C03900/HDS: [hds_drawable_descriptor.cpp-ProcessIcon:91]Mask size {192, 192}, bundleName: com.huawei.hmos.hipreview
CST 2026-07-17 17:57:04.222   142   430 I C01800/SAMGR: NF SA:65962,914_51
CST 2026-07-17 17:57:04.234   648  1084 W C02515/DISP: [SetLayerMaskInfo:495] <private> is not supported
CST 2026-07-17 17:57:04.234   648  1084 I C02515/DISP: [CommitComposeLayer:67] CommitComposeLayer! 10
CST 2026-07-17 17:57:04.236   644   650 I C02515/DISP: [InitBufferHandle:229] express init gbuffer id 28a0000004f ret 0 err 0 fd 8 384 384 pixel 4 size 589824 usage 2b
CST 2026-07-17 17:57:04.236   644   650 I C02515/DISP: [ExpressAllocMem:271] ExpressAllocMem requeset BufferHandle 8, width 384, heigt 384, format 20
CST 2026-07-17 17:57:04.236   795   795 E C01406/RSScreenManager: IsAllScreensPowerOff: screenPowerStatus_ is empty.
CST 2026-07-17 17:57:04.243   644   650 I C02515/DISP: [ExpressFreeMem:317] freeMem bufferhandle gbuffer_id 28a0000004f, width 384, heigt 384
CST 2026-07-17 17:57:04.256   795   886 E C02515/DGLES: [d_eglSwapBuffers_special@egl_gpu.cpp:729] thread output size 994810 speed 958k/s API_num 9280
CST 2026-07-17 17:57:04.261   644   650 I C02515/DISP: [InitBufferHandle:229] express init gbuffer id 28a00000050 ret 0 err 0 fd 8 222 222 pixel 4 size 197136 usage 2b
CST 2026-07-17 17:57:04.261   644   650 I C02515/DISP: [ExpressAllocMem:271] ExpressAllocMem requeset BufferHandle 8, width 222, heigt 222, format 20
CST 2026-07-17 17:57:04.261   648  1084 W C02515/DISP: [SetLayerMaskInfo:495] <private> is not supported
CST 2026-07-17 17:57:04.267   644   650 I C02515/DISP: [ExpressFreeMem:317] freeMem bufferhandle gbuffer_id 28a00000050, width 222, heigt 222
CST 2026-07-17 17:57:04.267   648  1084 I C02515/DISP: [CommitComposeLayer:67] CommitComposeLayer! 10
CST 2026-07-17 17:57:04.271  2255  2277 I C02b61/PostProc: initSLRFactor insert:-271846257
CST 2026-07-17 17:57:04.275  2255  2277 I C02515/DISP: [ExpressFreeMem:317] freeMem bufferhandle gbuffer_id 28a0000004f, width 384, heigt 384
CST 2026-07-17 17:57:04.288  2776  3193 E C02e00/UPDATE_SA: [hap_connection.cpp(50)]GetHapRemoteObject, remoteObj is nullptr, bundle com.huawei.hmos.ouc
CST 2026-07-17 17:57:04.288  2776  3193 I C01352/ExtMgr: [extension_manager_client.cpp134]name:com.huawei.hmos.ouc ServiceExtAbility, userId:-1.
CST 2026-07-17 17:57:04.288   796   962 I C01342/ServiceExt: [ABMS5529]element: com.huawei.hmos.ouc/ServiceExtAbility
CST 2026-07-17 17:57:04.288   796   962 W C01123/BMSCommon: bundle not exist -n com.huawei.hmos.ouc -u 100 -i 0 -f 0
CST 2026-07-17 17:57:04.288   796   962 W C01336/AMS: [start_ability_utils.cpp76]failed: com.huawei.hmos.ouc
CST 2026-07-17 17:57:04.288   796   962 W C01336/AMS: [crowd_test_interceptor.cpp54]GetAppInfo failed
CST 2026-07-17 17:57:04.289   796   962 W C01120/BMS: app_control_manager.cpp:GetAppRunningControlRule:397 getAppId failed,-n:com.huawei.hmos.ouc
CST 2026-07-17 17:57:04.289   796   962 W C01123/BMSCommon: uid(6666) invalid
CST 2026-07-17 17:57:04.289   796   962 I C01336/AMS: [start_ability_utils.cpp54]appIndex:-1
CST 2026-07-17 17:57:04.289   796   962 W C01123/BMSCommon: bundle not exist -n com.huawei.hmos.ouc -u 100 -i 0 -f 1062
CST 2026-07-17 17:57:04.289   796   962 I C01121/BMSQuery: ExplicitQueryAbility no match -n com.huawei.hmos.ouc -a ServiceExtAbility -u 100 -i 0
CST 2026-07-17 17:57:04.289   796   962 W C01120/BMS: query abilitys_ext code 8521480
CST 2026-07-17 17:57:04.289   796   962 W C01123/BMSCommon: bundle not exist -n com.huawei.hmos.ouc -u 100 -i 0 -f 1062
CST 2026-07-17 17:57:04.289   796   962 W C01121/BMSQuery: bundle_data_mgr.cpp:ExplicitQueryExtensionInfo:7239 ExplicitQueryExtensionInfo failed
CST 2026-07-17 17:57:04.289   796   962 I C01121/BMSQuery: ExplicitQueryExtension size:0 -n com.huawei.hmos.ouc -e ServiceExtAbility -u 100 -i 0
CST 2026-07-17 17:57:04.289   796   962 W C01121/BMSQuery: bundle_data_mgr.cpp:GetCloneAppIndexes:2463 no bundleName com.huawei.hmos.ouc found
CST 2026-07-17 17:57:04.289   796   962 W C01121/BMSQuery: bundle_mgr_host_impl.cpp:QueryExtensionAbilityInfos:3425 no valid extension info can be inquired
CST 2026-07-17 17:57:04.289   796   962 E C01336/AMS: [start_ability_utils.cpp290]extensionInfo empty
CST 2026-07-17 17:57:04.289   796   962 E C01342/ServiceExt: [ABMS5868]generate request error
CST 2026-07-17 17:57:04.290  2776  3193 E C02e00/UPDATE_SA: [hap_connection.cpp(82)]HapConnection call interface failed, ret 2097152
CST 2026-07-17 17:57:04.290  2776  3193 E C02e00/UPDATE_SA: [ouc_hap_connection.cpp(72)]SendRemoteRequest, can not connect to ouc
CST 2026-07-17 17:57:04.290  2255  2277 I C02515/DISP: [ExpressFreeMem:317] freeMem bufferhandle gbuffer_id 28a00000050, width 222, heigt 222
CST 2026-07-17 17:57:04.303  2255  2277 I C03900/HDS: [hds_drawable_descriptor.cpp-ProcessIcon:101]set pixelmap editable : 0 .
CST 2026-07-17 17:57:04.303  2255  2277 E C02b61/PixelMap: set ashmem name failed
CST 2026-07-17 17:57:04.303  2255  2277 W A01b00/SCB: GraphicUtils --> combinePic from HdsIcon, bundleName: com.huawei.hmos.hipreview, iconSizeOfGrid: 64, hasBorder: true
CST 2026-07-17 17:57:04.303  2255  2277 I A01b00/SCB: IconResourceFwk --> getBundleIcon end param: com.huawei.hmos.hipreview, 64, true true
CST 2026-07-17 17:57:04.309  2255  2287 I C02b61/ImageCode: DoEncode:(224, 224) cost 4401 us
CST 2026-07-17 17:57:04.310  2255  2285 I C01631/GaussPD:  [0] [ADAPTER] [139900931275520] Not support binlog_default.writeLock file enable del monitor sysno = 25
CST 2026-07-17 17:57:04.310  2255  2285 I C01631/GaussPD:  [0] [ADAPTER] [139900931275520] Not support binlog_default.writeLock file enable del monitor sysno = 25
CST 2026-07-17 17:57:04.310  2255  2285 I C01631/GaussPD:  [0] [ADAPTER] [139900931275520] Not support binlog_default.writeLock file enable del monitor sysno = 25
CST 2026-07-17 17:57:04.310  2255  2285 I C01631/GaussPD:  [0] [ADAPTER] [139900931275520] Not support binlog_default.writeLock file enable del monitor sysno = 25
CST 2026-07-17 17:57:04.310  2255  2285 I C01631/GaussPD:  [0] [ADAPTER] [139900931275520] Not support binlog_default.writeIndex file enable del monitor sysno = 25
CST 2026-07-17 17:57:04.310  2255  2285 I C01631/GaussPD:  [0] [ADAPTER] [139900931275520] Not support binlog_default.writeIndex file enable del monitor sysno = 25
CST 2026-07-17 17:57:04.310  2255  2277 I A01a01/NC: NotificationConfigManager: update icon result: com.huawei.hmos.hipreview, 35566
CST 2026-07-17 17:57:04.310  2255  2277 I A01b00/SCB: IconResourceFwk --> getBundleIcon start param: com.ohos.notificationdialog, 64, true true
CST 2026-07-17 17:57:04.310  2255  2277 W A01b00/SCB: IconResourceUtils --> getIconResource from bms getBundleResourceInfo for com.ohos.notificationdialog 0
CST 2026-07-17 17:57:04.311   796   962 I C01120/BMS: icon rdb get resource icon start -n com.ohos.notificationdialog -i 0 -f 16
CST 2026-07-17 17:57:04.311   796   962 E C01650/StepResultSet: GoToRow:position[0] rowCount[0] rowPos_[-1]!
CST 2026-07-17 17:57:04.312  2255  2277 I C02b61/ImageSource: CreatePixelMap success, id:1784282224311748,dSize:(0,0),srcSize: (114,114),dHdr:1,sHdr:1,memType: 2,cost 589 us
CST 2026-07-17 17:57:04.312  2255  2277 E C02b61/PixelMap: set ashmem name failed
CST 2026-07-17 17:57:04.312  2255  2277 W A01b00/SCB: GraphicUtils --> com.ohos.notificationdialog - getHdsIcon, size: (114, 114), pixelFormat: 4, leftTopPixel is transparent: true, 0-0-0-0
CST 2026-07-17 17:57:04.312  2255  2277 E C03900/HDS: [hds_drawable_descriptor.cpp-GetOtherIconsInfo:395]Get icon by name from resource failed, iconName: icon_mask, isGlobalMask: 0, state: 9001004
CST 2026-07-17 17:57:04.312  2255  2277 W C03900/HDS: [hds_drawable_descriptor.cpp-ProcessIcon:91]Mask size {192, 192}, bundleName: com.ohos.notificationdialog
CST 2026-07-17 17:57:04.314  2255  2277 I C02b61/PixelMap: PixelMap::scale SLR 198, srcSize: [192, 192], dstSize: [114, 114], cost: 0
CST 2026-07-17 17:57:04.324   644   650 I C02515/DISP: [InitBufferHandle:229] express init gbuffer id 28a00000051 ret 0 err 0 fd 8 114 114 pixel 4 size 51984 usage 2b
CST 2026-07-17 17:57:04.324   644   650 I C02515/DISP: [ExpressAllocMem:271] ExpressAllocMem requeset BufferHandle 8, width 114, heigt 114, format 20
CST 2026-07-17 17:57:04.328   644   650 I C02515/DISP: [ExpressFreeMem:317] freeMem bufferhandle gbuffer_id 28a00000051, width 114, heigt 114
CST 2026-07-17 17:57:04.339   644   650 I C02515/DISP: [InitBufferHandle:229] express init gbuffer id 28a00000052 ret 0 err 0 fd 8 222 222 pixel 4 size 197136 usage 2b
CST 2026-07-17 17:57:04.339   644   650 I C02515/DISP: [ExpressAllocMem:271] ExpressAllocMem requeset BufferHandle 8, width 222, heigt 222, format 20
CST 2026-07-17 17:57:04.343   644   650 I C02515/DISP: [ExpressFreeMem:317] freeMem bufferhandle gbuffer_id 28a00000052, width 222, heigt 222
CST 2026-07-17 17:57:04.344  2255  2277 I C02515/DISP: [ExpressFreeMem:317] freeMem bufferhandle gbuffer_id 28a00000051, width 114, heigt 114
CST 2026-07-17 17:57:04.358   143   183 I C02c03/PARAM_WATCHER: SendLocalChange start keyPrefix persist.samgr.perf.ondemand remoteWatcherId 1
CST 2026-07-17 17:57:04.358   143   183 I C02c03/PARAM_WATCHER: [watcher_manager.cpp:187]Add watcher persist.samgr.perf.ondemand remoteWatcherId: 1 groupId 117 success
CST 2026-07-17 17:57:04.358   142   154 I C02c03/PARAM_WATCHER: Add watcher keyPrefix persist.samgr.perf.ondemand remoteWatcherId 1 success
CST 2026-07-17 17:57:04.358   142   430 I C01800/SAMGR: DoLoadForPerf spend 0ms
CST 2026-07-17 17:57:04.358  2255  2277 I C02515/DISP: [ExpressFreeMem:317] freeMem bufferhandle gbuffer_id 28a00000052, width 222, heigt 222
CST 2026-07-17 17:57:04.366   138   162 I C04301/StorageDaemon: [StorageRadarThd:169] Storage statistic thread start.
CST 2026-07-17 17:57:04.366   138   162 I C04301/StorageCommonUtils: [CreateStatisticFile:46] File exist filePath:/data/service/el1/public/storage_daemon/radar/StorageStatisticFile.json
CST 2026-07-17 17:57:04.366   138   162 I C04301/StorageCommonUtils: [ReadStatisticFile:158] Statistic file is empty.
CST 2026-07-17 17:57:04.369   143   182 I C02c03/PARAM_WATCHER: [watcher_manager.cpp:303]add key persist.samgr.perf.ondemand groupId 117 success
CST 2026-07-17 17:57:04.372  2255  2277 I C03900/HDS: [hds_drawable_descriptor.cpp-ProcessIcon:101]set pixelmap editable : 0 .
CST 2026-07-17 17:57:04.372  2255  2277 E C02b61/PixelMap: set ashmem name failed
CST 2026-07-17 17:57:04.372  2255  2277 W A01b00/SCB: GraphicUtils --> combinePic from HdsIcon, bundleName: com.ohos.notificationdialog, iconSizeOfGrid: 64, hasBorder: true
CST 2026-07-17 17:57:04.372  2255  2277 I A01b00/SCB: IconResourceFwk --> getBundleIcon end param: com.ohos.notificationdialog, 64, true true
CST 2026-07-17 17:57:04.375   583   583 E C02c11/APPSPAWN: [appspawn_kickdog.c:29]open /sys/kernel/hungtask/userlist fail,errno:2
CST 2026-07-17 17:57:04.377  2255  2286 I C02b61/ImageCode: DoEncode:(224, 224) cost 4172 us
CST 2026-07-17 17:57:04.378  2255  2287 I C01631/GaussPD:  [0] [ADAPTER] [139900914473728] Not support binlog_default.writeLock file enable del monitor sysno = 25
CST 2026-07-17 17:57:04.378  2255  2287 I C01631/GaussPD:  [0] [ADAPTER] [139900914473728] Not support binlog_default.writeLock file enable del monitor sysno = 25
CST 2026-07-17 17:57:04.378  2255  2287 I C01631/GaussPD:  [0] [ADAPTER] [139900914473728] Not support binlog_default.writeLock file enable del monitor sysno = 25
CST 2026-07-17 17:57:04.379  2255  2287 I C01631/GaussPD:  [0] [ADAPTER] [139900914473728] Not support binlog_default.writeLock file enable del monitor sysno = 25
CST 2026-07-17 17:57:04.379  2255  2287 I C01631/GaussPD:  [0] [ADAPTER] [139900914473728] Not support binlog_default.writeIndex file enable del monitor sysno = 25
CST 2026-07-17 17:57:04.379  2255  2287 I C01631/GaussPD:  [0] [ADAPTER] [139900914473728] Not support binlog_default.writeIndex file enable del monitor sysno = 25
CST 2026-07-17 17:57:04.379  2255  2277 I A01a01/NC: NotificationConfigManager: update icon result: com.ohos.notificationdialog, 38242
CST 2026-07-17 17:57:04.379  2255  2277 I A01b00/SCB: IconResourceFwk --> getBundleIcon start param: com.huawei.hms.pushservice, 64, true true
CST 2026-07-17 17:57:04.379  2255  2277 W A01b00/SCB: IconResourceUtils --> getIconResource from bms getBundleResourceInfo for com.huawei.hms.pushservice 0
CST 2026-07-17 17:57:04.380   796   962 I C01120/BMS: icon rdb get resource icon start -n com.huawei.hms.pushservice -i 0 -f 16
CST 2026-07-17 17:57:04.380   796   962 E C01650/StepResultSet: GoToRow:position[0] rowCount[0] rowPos_[-1]!
CST 2026-07-17 17:57:04.381  2255  2277 I C02b61/ImageSource: CreatePixelMap success, id:1784282224380635,dSize:(0,0),srcSize: (288,288),dHdr:1,sHdr:1,memType: 2,cost 972 us
CST 2026-07-17 17:57:04.381  2255  2277 E C02b61/PixelMap: set ashmem name failed
CST 2026-07-17 17:57:04.382  2255  2277 W A01b00/SCB: GraphicUtils --> com.huawei.hms.pushservice - getHdsIcon, size: (288, 288), pixelFormat: 4, leftTopPixel is transparent: true, 0-0-0-0
CST 2026-07-17 17:57:04.382  2255  2277 E C03900/HDS: [hds_drawable_descriptor.cpp-GetOtherIconsInfo:395]Get icon by name from resource failed, iconName: icon_mask, isGlobalMask: 0, state: 9001004
CST 2026-07-17 17:57:04.383  2255  2277 W C03900/HDS: [hds_drawable_descriptor.cpp-ProcessIcon:91]Mask size {192, 192}, bundleName: com.huawei.hms.pushservice
CST 2026-07-17 17:57:04.397   644   650 I C02515/DISP: [InitBufferHandle:229] express init gbuffer id 28a00000053 ret 0 err 0 fd 8 288 288 pixel 4 size 331776 usage 2b
CST 2026-07-17 17:57:04.397   644   650 I C02515/DISP: [ExpressAllocMem:271] ExpressAllocMem requeset BufferHandle 8, width 288, heigt 288, format 20
CST 2026-07-17 17:57:04.402   644   650 I C02515/DISP: [ExpressFreeMem:317] freeMem bufferhandle gbuffer_id 28a00000053, width 288, heigt 288
CST 2026-07-17 17:57:04.413   644   650 I C02515/DISP: [InitBufferHandle:229] express init gbuffer id 28a00000054 ret 0 err 0 fd 8 222 222 pixel 4 size 197136 usage 2b
CST 2026-07-17 17:57:04.413   644   650 I C02515/DISP: [ExpressAllocMem:271] ExpressAllocMem requeset BufferHandle 8, width 222, heigt 222, format 20
CST 2026-07-17 17:57:04.417   644   650 I C02515/DISP: [ExpressFreeMem:317] freeMem bufferhandle gbuffer_id 28a00000054, width 222, heigt 222
CST 2026-07-17 17:57:04.422  2255  2471 I C02515/DISP: [ExpressFreeMem:317] freeMem bufferhandle gbuffer_id 28a00000053, width 288, heigt 288
CST 2026-07-17 17:57:04.423   142   430 I C01800/SAMGR: NF SA:65962,914_52
CST 2026-07-17 17:57:04.445  2255  2471 I C02515/DISP: [ExpressFreeMem:317] freeMem bufferhandle gbuffer_id 28a00000054, width 222, heigt 222
CST 2026-07-17 17:57:04.458  2255  2471 I C03900/HDS: [hds_drawable_descriptor.cpp-ProcessIcon:101]set pixelmap editable : 0 .
CST 2026-07-17 17:57:04.458  2255  2471 E C02b61/PixelMap: set ashmem name failed
CST 2026-07-17 17:57:04.458  2255  2471 W A01b00/SCB: GraphicUtils --> combinePic from HdsIcon, bundleName: com.huawei.hms.pushservice, iconSizeOfGrid: 64, hasBorder: true
CST 2026-07-17 17:57:04.458  2255  2471 I A01b00/SCB: IconResourceFwk --> getBundleIcon end param: com.huawei.hms.pushservice, 64, true true
CST 2026-07-17 17:57:04.463  2255  2284 I C02b61/ImageCode: DoEncode:(224, 224) cost 4702 us
CST 2026-07-17 17:57:04.464  2255  2286 I C01631/GaussPD:  [0] [ADAPTER] [139900922874624] Not support binlog_default.writeLock file enable del monitor sysno = 25
CST 2026-07-17 17:57:04.465  2255  2286 I C01631/GaussPD:  [0] [ADAPTER] [139900922874624] Not support binlog_default.writeLock file enable del monitor sysno = 25
CST 2026-07-17 17:57:04.465  2255  2286 I C01631/GaussPD:  [0] [ADAPTER] [139900922874624] Not support binlog_default.writeLock file enable del monitor sysno = 25
CST 2026-07-17 17:57:04.465  2255  2286 I C01631/GaussPD:  [0] [ADAPTER] [139900922874624] Not support binlog_default.writeLock file enable del monitor sysno = 25
CST 2026-07-17 17:57:04.465  2255  2286 I C01631/GaussPD:  [0] [ADAPTER] [139900922874624] Not support binlog_default.writeIndex file enable del monitor sysno = 25
CST 2026-07-17 17:57:04.465  2255  2286 I C01631/GaussPD:  [0] [ADAPTER] [139900922874624] Not support binlog_default.writeIndex file enable del monitor sysno = 25
CST 2026-07-17 17:57:04.465  2255  2471 I A01a01/NC: NotificationConfigManager: update icon result: com.huawei.hms.pushservice, 41210
CST 2026-07-17 17:57:04.465  2255  2471 I A01b00/SCB: IconResourceFwk --> getBundleIcon start param: com.huawei.hmos.inputmethod, 64, true true
CST 2026-07-17 17:57:04.465  2255  2471 W A01b00/SCB: IconResourceUtils --> getIconResource from bms getBundleResourceInfo for com.huawei.hmos.inputmethod 0
CST 2026-07-17 17:57:04.466   796   962 I C01120/BMS: icon rdb get resource icon start -n com.huawei.hmos.inputmethod -i 0 -f 16
CST 2026-07-17 17:57:04.466   796   962 E C01650/StepResultSet: GoToRow:position[0] rowCount[0] rowPos_[-1]!
CST 2026-07-17 17:57:04.477  2255  2471 E C01707/CONCUR: [Interface] task 2471 apply qos failed, errno = 4
CST 2026-07-17 17:57:04.483  2255  2471 I C02b61/ImageSource: CreatePixelMap success, id:1784282224468737,dSize:(0,0),srcSize: (512,512),dHdr:1,sHdr:1,memType: 2,cost 14149 us
CST 2026-07-17 17:57:04.483  2255  2471 E C02b61/PixelMap: set ashmem name failed
CST 2026-07-17 17:57:04.483  2255  2471 W A01b00/SCB: GraphicUtils --> com.huawei.hmos.inputmethod - getHdsIcon, size: (512, 512), pixelFormat: 4, leftTopPixel is transparent: true, 0-0-0-0
CST 2026-07-17 17:57:04.483  2255  2471 E C03900/HDS: [hds_drawable_descriptor.cpp-GetOtherIconsInfo:395]Get icon by name from resource failed, iconName: icon_mask, isGlobalMask: 0, state: 9001004
CST 2026-07-17 17:57:04.486  2255  2471 W C03900/HDS: [hds_drawable_descriptor.cpp-ProcessIcon:91]Mask size {192, 192}, bundleName: com.huawei.hmos.inputmethod
CST 2026-07-17 17:57:04.487  2065  2099 E C02a04/UsbService: OnStart call initUsbd failed
CST 2026-07-17 17:57:04.487   143   183 I C02c03/PARAM_WATCHER: [watcher_manager.cpp:72]Add remote watcher remoteWatcherId 46 2065 success
CST 2026-07-17 17:57:04.488   143   183 I C02c03/PARAM_WATCHER: SendLocalChange start keyPrefix persist.edm.usb_serial_disable remoteWatcherId 46
CST 2026-07-17 17:57:04.488   143   183 I C02c03/PARAM_WATCHER: [watcher_manager.cpp:187]Add watcher persist.edm.usb_serial_disable remoteWatcherId: 46 groupId 118 success
CST 2026-07-17 17:57:04.488  2065  2099 I C02c03/PARAM_WATCHER: Add watcher keyPrefix persist.edm.usb_serial_disable remoteWatcherId 46 success
CST 2026-07-17 17:57:04.488  2065  2099 I C02a04/UsbService: UsbPortManager::QueryPort start
CST 2026-07-17 17:57:04.488  2065  2099 E C02a04/UsbService: UsbPortManager::QueryPort usbPortInterface_ is nullptr
CST 2026-07-17 17:57:04.488  2065  2099 E C02a04/UsbService: UsbPortManager::QueryPort false
CST 2026-07-17 17:57:04.488  2065  2099 I C02a04/UsbService: AddSupportedMode:: Enter
CST 2026-07-17 17:57:04.488  2065  2099 I C02a04/UsbService: AddSupportedMode:: successed
CST 2026-07-17 17:57:04.488  2065  2099 I C02a04/UsbService: reset to new instance
CST 2026-07-17 17:57:04.488  2065  2099 I C02a04/UsbService: init: window action=0,0
CST 2026-07-17 17:57:04.488  2065  2099 I C02a04/UsbService: subscriber app/bundle remove event and uid/user remove event
CST 2026-07-17 17:57:04.489   142   430 I C01800/SAMGR: SubscribeSA:3299,2065_134_1
CST 2026-07-17 17:57:04.489   142   430 I C01800/SAMGR: NotifyAddSA:3299,2065_1
CST 2026-07-17 17:57:04.490   796  1470 I C01202/Subscriber: Subscribe (userId = -1, subId = 2065_1018_-1_508_69816, ffrtCost 0 ms, taskCost 0 ms)
CST 2026-07-17 17:57:04.490   796  1470 I C01202/Sticky: publish usual.event.DATA_SHARE_READY
CST 2026-07-17 17:57:04.490   796  1487 I C01202/Unordered: Pid 503 publish usual.event.DATA_SHARE_READY to -1 end(1,1,0,0)
CST 2026-07-17 17:57:04.491   347  1082 E C015b5/NetMgrEnhanced: GetDefaultFileVersion fileName:etc/communication/netmanager_enhanced/chr/traffic_app_config.json
CST 2026-07-17 17:57:04.491  2065  3316 I C02a04/UsbService: check dialog, times=0,res=1
CST 2026-07-17 17:57:04.491   347  1082 E C015b5/NetMgrEnhanced: GetUpdateFileVersion fileName:etc/communication/netmanager_enhanced/chr/traffic_app_config.json
CST 2026-07-17 17:57:04.491   347  1082 E C015b5/NetMgrEnhanced: get cJson obj from str failed!
CST 2026-07-17 17:57:04.491   347  1082 E C015b5/NetMgrEnhanced: GetConfigContent defaultVer:20251030103000, updateVer:!
CST 2026-07-17 17:57:04.492  2065  3316 I C02a04/UsbService: dialog check end
CST 2026-07-17 17:57:04.492   347  1082 I C015b5/NetMgrEnhanced: TrafficStatistics bundleName=com.tencent.wechat - uid=-1
CST 2026-07-17 17:57:04.492  2065  3317 I C02a04/UsbService: OnReceiveEvent wantAction usual.event.DATA_SHARE_READY
CST 2026-07-17 17:57:04.492  2065  3317 I C02a04/UsbService: OnReceiveEvent: COMMON_EVENT_DATA_SHARE_READY action is start!
CST 2026-07-17 17:57:04.492  2065  3317 I C02a04/UsbService: CreateDataShareHelper start!
CST 2026-07-17 17:57:04.492   142   430 I C01800/SAMGR: NF SA:4201,2065_1
CST 2026-07-17 17:57:04.492   142   430 I C01800/SAMGR: NF SA:4201,2065_2
CST 2026-07-17 17:57:04.492  2065  3317 E C057c2/IPCObjectProxy: PrintErrorDetailedInfo: failed, handle:0 error:7 desc:*.accessToken proxy:12432496 time:69818750909
CST 2026-07-17 17:57:04.492   347  1082 I C015b5/NetMgrEnhanced: TrafficStatistics bundleName=com.ss.hm.ugc.aweme - uid=-1
CST 2026-07-17 17:57:04.492   347  1082 I C015b5/NetMgrEnhanced: TrafficStatistics bundleName=com.dragon.read.next - uid=-1
CST 2026-07-17 17:57:04.492   347  1082 I C015b5/NetMgrEnhanced: TrafficStatistics bundleName=com.ss.hm.article.news - uid=-1
CST 2026-07-17 17:57:04.493   347  1082 I C015b5/NetMgrEnhanced: TrafficStatistics bundleName=com.phoenix.read.next - uid=-1
CST 2026-07-17 17:57:04.493   143   182 I C02c03/PARAM_WATCHER: [watcher_manager.cpp:303]add key persist.edm.usb_serial_disable groupId 118 success
CST 2026-07-17 17:57:04.493   347  1082 I C015b5/NetMgrEnhanced: TrafficStatistics bundleName=com.kuaishou.hmapp - uid=-1
CST 2026-07-17 17:57:04.493   347  1082 I C015b5/NetMgrEnhanced: TrafficStatistics bundleName=com.tencent.tmgp.sgame.hw - uid=-1
CST 2026-07-17 17:57:04.493   347  1082 I C015b5/NetMgrEnhanced: TrafficStatistics bundleName=yylx.danmaku.bili - uid=-1
CST 2026-07-17 17:57:04.493   347  1082 I C015b5/NetMgrEnhanced: TrafficStatistics bundleName=com.xingin.xhs_hos - uid=-1
CST 2026-07-17 17:57:04.493   347  1082 I C015b5/NetMgrEnhanced: TrafficStatistics bundleName=com.baidu.baiduapp - uid=-1
CST 2026-07-17 17:57:04.493   347  1082 I C015b5/NetMgrEnhanced: TrafficStatistics bundleName=com.taobao.taobao4hmos - uid=-1
CST 2026-07-17 17:57:04.494   347  1082 I C015b5/NetMgrEnhanced: TrafficStatistics bundleName=com.tencent.videohm - uid=-1
CST 2026-07-17 17:57:04.494   347  1082 I C015b5/NetMgrEnhanced: TrafficStatistics bundleName=com.amap.hmapp - uid=-1
CST 2026-07-17 17:57:04.494   347  1082 I C015b5/NetMgrEnhanced: TrafficStatistics bundleName=com.kuaishou.hmnebula - uid=-1
CST 2026-07-17 17:57:04.494   347  1082 I C015b5/NetMgrEnhanced: TrafficStatistics bundleName=com.tencent.tmgp.pubgmhd.hw - uid=-1
CST 2026-07-17 17:57:04.494   347  1082 I C015b5/NetMgrEnhanced: TrafficStatistics bundleName=com.huawei.hmos.browser - uid=20020021
CST 2026-07-17 17:57:04.494   347  1082 I C015b5/NetMgrEnhanced: TrafficStatistics bundleName=com.alipay.mobile.client - uid=-1
CST 2026-07-17 17:57:04.495   347  1082 I C015b5/NetMgrEnhanced: TrafficStatistics bundleName=com.qiyi.video.hmy - uid=-1
CST 2026-07-17 17:57:04.495   347  1082 I C015b5/NetMgrEnhanced: TrafficStatistics bundleName=com.xunmeng.pinduoduo.hos - uid=-1
CST 2026-07-17 17:57:04.495   347  1082 I C015b5/NetMgrEnhanced: TrafficStatistics bundleName=com.tencent.mqq - uid=-1
CST 2026-07-17 17:57:04.495   347  1082 I C015b5/NetMgrEnhanced: TrafficStatistics bundleName=com.youku.next - uid=-1
CST 2026-07-17 17:57:04.495   347  1082 I C015b5/NetMgrEnhanced: TrafficStatistics bundleName=com.qimao.novel - uid=-1
CST 2026-07-17 17:57:04.495   347  1082 I C015b5/NetMgrEnhanced: TrafficStatistics bundleName=com.quark.ohosbrowser - uid=-1
CST 2026-07-17 17:57:04.495   347  1082 I C015b5/NetMgrEnhanced: TrafficStatistics bundleName=com.ss.hm.article.lite - uid=-1
CST 2026-07-17 17:57:04.496   347  1082 I C015b5/NetMgrEnhanced: TrafficStatistics bundleName=com.happyelements.OhosAnimal - uid=-1
CST 2026-07-17 17:57:04.496   347  1082 I C015b5/NetMgrEnhanced: TrafficStatistics bundleName=com.uc.mobile - uid=-1
CST 2026-07-17 17:57:04.496   347  1082 I C015b5/NetMgrEnhanced: TrafficStatistics bundleName=com.sina.weibo.stage - uid=-1
CST 2026-07-17 17:57:04.496   347  1082 I C015b5/NetMgrEnhanced: TrafficStatistics bundleName=com.jd.hm.mall - uid=-1
CST 2026-07-17 17:57:04.496   347  1082 I C015b5/NetMgrEnhanced: TrafficStatistics bundleName=com.huawei.hmsapp.himovie - uid=-1
CST 2026-07-17 17:57:04.496   347  1082 I C015b5/NetMgrEnhanced: TrafficStatistics bundleName=com.huawei.hmsapp.appgallery - uid=20020010
CST 2026-07-17 17:57:04.497   347  1082 I C015b5/NetMgrEnhanced: TrafficStatistics bundleName=com.sankuai.hmeituan - uid=-1
CST 2026-07-17 17:57:04.497   347  1082 I C015b5/NetMgrEnhanced: TrafficStatistics bundleName=com.tencent.wework.hmos - uid=-1
CST 2026-07-17 17:57:04.497   347  1082 I C015b5/NetMgrEnhanced: TrafficStatistics bundleName=com.dingtalk.hmos - uid=-1
CST 2026-07-17 17:57:04.497   347  1082 I C015b5/NetMgrEnhanced: TrafficStatistics bundleName=com.ximalaya.ting.xmharmony - uid=-1
CST 2026-07-17 17:57:04.497   347  1082 I C015b5/NetMgrEnhanced: TrafficStatistics bundleName=com.xs.fm.next - uid=-1
CST 2026-07-17 17:57:04.497   347  1082 I C015b5/NetMgrEnhanced: TrafficStatistics bundleName=com.tencent.hm.qqmusic - uid=-1
CST 2026-07-17 17:57:04.497  2065  2099 I C02a05/Usbd: clean: 0/0
CST 2026-07-17 17:57:04.497  2065  2099 I C02a04/UsbService: reset to new instance
CST 2026-07-17 17:57:04.497   347  1082 I C015b5/NetMgrEnhanced: TrafficStatistics bundleName=com.baidu.hmmap - uid=-1
CST 2026-07-17 17:57:04.498  2065  2099 W C01650/RdbStoreManager: IsConfigInvalidChanged:no bundleName
CST 2026-07-17 17:57:04.498   347  1082 I C015b5/NetMgrEnhanced: TrafficStatistics bundleName=com.zhihu.hmos - uid=-1
CST 2026-07-17 17:57:04.498  2065  2099 E C01650/SilentProxy: IsSupportSilentFromService:GetRdbService failed, err is 27394049.
CST 2026-07-17 17:57:04.498  2065  2099 I C01630/DistributedDB: [Logger] init
CST 2026-07-17 17:57:04.498  2065  2099 I C01630/DistributedDB: [TimeHelper] init
CST 2026-07-17 17:57:04.499  2065  2099 I C01650/Config: Log:Error(283) recovered 5 frames from WAL file /dat***/ser***/e**/pub***/usb***ice/usb***.db-wal 
CST 2026-07-17 17:57:04.500  2065  2099 I C01650/ConnectionPool: Create:code:0 app[:] area[el1] cfg[0,0,0,0,1,0,0]usb***.db:<DB,0xc8fef,4096,100660><DWR,0xc8ff0,12288,100660><SHM,0xc8ff2,32768,100660><WAL,0xc8ff1,20632,100660>, pathSize:48
CST 2026-07-17 17:57:04.501  2065  2099 I C02a04/UsbService: GetRdbStore success :0
CST 2026-07-17 17:57:04.501  2065  2099 I C02a04/UsbService: no row change: 0
CST 2026-07-17 17:57:04.501  2065  2099 E C02a04/UsbService: failed: delete(uid=0, expr<1784282224): -4
CST 2026-07-17 17:57:04.501  2065  2099 E C02a04/UsbService: delete expired record with uid(0) failed: -4
CST 2026-07-17 17:57:04.501  2065  2099 E C02a05/Usbd: clean expired usb right failed: -4
CST 2026-07-17 17:57:04.501   142   430 I C01800/SAMGR: SubscribeSA:4201,2065_2_2
CST 2026-07-17 17:57:04.501   142   430 I C01800/SAMGR: NF SA:4201,2065_3
CST 2026-07-17 17:57:04.501  2065  2099 I C01810/SAFWK: AddSaListener SA:1909,listenerSA:4201,size:1
CST 2026-07-17 17:57:04.501   142   430 I C01800/SAMGR: SubscribeSA:1909,2065_21_3
CST 2026-07-17 17:57:04.501   142   430 I C01800/SAMGR: NotifyAddSA:1909,2065_3
CST 2026-07-17 17:57:04.502  2065  2098 I C01810/SAFWK: NotifyListener SA:1909,listenerSA:4201,code:1
CST 2026-07-17 17:57:04.502  2065  2098 I C02a04/UsbService: OnAddSystemAbility systemAbilityId:1909
CST 2026-07-17 17:57:04.502  2065  2098 W C02699/MM: NotifyProcessStatus mini system not enable, pid:2065
CST 2026-07-17 17:57:04.502  2065  2098 W C02699/MM: SetCritical mini system not enable, pid:2065
CST 2026-07-17 17:57:04.502  2065  2098 I C01810/SAFWK: FindNotifyListeners SA:1909,size:1,code:1,spend:0ms
CST 2026-07-17 17:57:04.503   644   650 I C02515/DISP: [InitBufferHandle:229] express init gbuffer id 28a00000055 ret 0 err 0 fd 8 512 512 pixel 4 size 1048576 usage 2b
CST 2026-07-17 17:57:04.503   644   650 I C02515/DISP: [ExpressAllocMem:271] ExpressAllocMem requeset BufferHandle 8, width 512, heigt 512, format 20
CST 2026-07-17 17:57:04.505   142   430 I C01800/SAMGR: insert SA:4201_141
CST 2026-07-17 17:57:04.505   142   430 W C01800/SAMGR: rm task 4201 NF
CST 2026-07-17 17:57:04.505   142   430 I C01800/SAMGR: Scheduler SA:4201 handle load suc event
CST 2026-07-17 17:57:04.505   142   430 I C01800/SAMGR: Scheduler SA:4201 loaded
CST 2026-07-17 17:57:04.505   142   154 I C01800/SAMGR: FindSaNotify SA:4201,3_107
CST 2026-07-17 17:57:04.505   142   154 I C01800/SAMGR: SendSaAddedMsg notify SA:4201
CST 2026-07-17 17:57:04.505  2065  2099 I C01810/SAFWK: Publish SA:4201 result:0,spend:4ms
CST 2026-07-17 17:57:04.505  2065  2099 I C02a04/UsbService: UnLoadSelf enter,type=[0],unloadSelfTimerId_=[4294967295]
CST 2026-07-17 17:57:04.505  2065  2099 I C02a04/UsbService: list size 0
CST 2026-07-17 17:57:04.505   229   570 I C01810/SAFWK: NotifyListener SA:4201,listenerSA:3009,code:1
CST 2026-07-17 17:57:04.505  2065  2098 I C02a04/UsbService: OnAddSystemAbility ID = 4201
CST 2026-07-17 17:57:04.505   229   570 I C02b87/AudioPolicyServer: [OnAddSystemAbility]SA Id is :4201
CST 2026-07-17 17:57:04.505   229   570 I C02b87/AudioUsbManager: [Init]Entry. DETECT_SOUNDBOX=false
CST 2026-07-17 17:57:04.506  2065  2099 I C02a04/UsbService: hasActiveDevices=[0],isGadgetConnected=[0]
CST 2026-07-17 17:57:04.506  2065  2099 W C02699/MM: SetCritical mini system not enable, pid:2065
CST 2026-07-17 17:57:04.506  2065  2099 I C02a04/UsbService: UnLoadSelf exit,unloadSelfTimerId_=[2]
CST 2026-07-17 17:57:04.506  2065  2099 I C02a04/UsbService: CreateDataShareHelper start!
CST 2026-07-17 17:57:04.506  2065  2099 I C02a04/UsbService: CreateDataShareHelper: systemAbilityId = 4201
CST 2026-07-17 17:57:04.506   229   570 I C02a03/UsbSrvClient: Connect UsbService ok.
CST 2026-07-17 17:57:04.506  2065  2098 I C02a04/UsbService: list size 0
CST 2026-07-17 17:57:04.506   229   570 I C02a03/UsbSrvClient: GetDevices deviceList size = 0!
CST 2026-07-17 17:57:04.506   229   570 I C02b87/AudioPolicyServer: [OnAddSystemAbility]done systemAbilityId: [4201] cost 0 ms
CST 2026-07-17 17:57:04.506   229   570 I C01810/SAFWK: FindNotifyListeners SA:4201,size:1,code:1,spend:0ms
CST 2026-07-17 17:57:04.506   142   430 I C01800/SAMGR: SubscribeSA:1301,2065_65_4
CST 2026-07-17 17:57:04.506   142   430 I C01800/SAMGR: NotifyAddSA:1301,2065_4
CST 2026-07-17 17:57:04.506  1895  2008 I C0430a/file_monitor_service: [MainMissionStatus:197]CanExit
CST 2026-07-17 17:57:04.506  1895  2008 I C0430a/file_monitor_service: [MainMissionStatus:203]SecondaryScanner idle
CST 2026-07-17 17:57:04.506   347  1082 I C015b5/NetMgrEnhanced: TrafficStatistics bundleName=com.kugou.hmmusic - uid=-1
CST 2026-07-17 17:57:04.507   347  1082 I C015b5/NetMgrEnhanced: TrafficStatistics bundleName=com.tencent.hm.news - uid=-1
CST 2026-07-17 17:57:04.507   347  1082 I C015b5/NetMgrEnhanced: TrafficStatistics bundleName=com.huawei.hmos.hiwrite - uid=-1
CST 2026-07-17 17:57:04.507   347  1082 I C015b5/NetMgrEnhanced: TrafficStatistics bundleName=com.huawei.hmsapp.music - uid=-1
CST 2026-07-17 17:57:04.507   347  1082 I C015b5/NetMgrEnhanced: TrafficStatistics bundleName=com.huawei.hmos.outerhome - uid=-1
CST 2026-07-17 17:57:04.507   347  1082 I C015b5/NetMgrEnhanced: TrafficStatistics bundleName=com.mgtv.phone - uid=-1
CST 2026-07-17 17:57:04.507   347  1082 I C015b5/NetMgrEnhanced: TrafficStatistics bundleName=com.taobao.idlefish4ohos - uid=-1
CST 2026-07-17 17:57:04.507   347  1082 I C015b5/NetMgrEnhanced: TrafficStatistics bundleName=com.huawei.hmos.calendar - uid=20020019
CST 2026-07-17 17:57:04.507   347  1082 I C015b5/NetMgrEnhanced: TrafficStatistics bundleName=com.qidian.reader - uid=-1
CST 2026-07-17 17:57:04.508   347  1082 I C015b5/NetMgrEnhanced: TrafficStatistics bundleName=com.eastmoney.hmn.berlin - uid=-1
CST 2026-07-17 17:57:04.508   347  1082 I C015b5/NetMgrEnhanced: TrafficStatistics bundleName=com.huawei.hmos.notepad - uid=-1
CST 2026-07-17 17:57:04.508   347  1082 I C015b5/NetMgrEnhanced: TrafficStatistics bundleName=com.luna.hm.music - uid=-1
CST 2026-07-17 17:57:04.508   347  1082 I C015b5/NetMgrEnhanced: TrafficStatistics bundleName=com.baidu.netdisk.hmos - uid=-1
CST 2026-07-17 17:57:04.508   644   650 I C02515/DISP: [ExpressFreeMem:317] freeMem bufferhandle gbuffer_id 28a00000055, width 512, heigt 512
CST 2026-07-17 17:57:04.508   348   439 I C01f0b/ConnCure: ProcessTransitionToHicure
CST 2026-07-17 17:57:04.508   348   439 I C01f0b/ConnCure: cachedPackageName_: cn.alfadb.netbird.r1probe
CST 2026-07-17 17:57:04.508   348   439 W C01f04/MultiSimontroller: [GetSimAccountInfo-(multi_sim_controller.cpp:1141)] slotId 0 is invalid
CST 2026-07-17 17:57:04.508   348   439 E C01f04/TelephonySubsystem: GetSimAccountInfo fail!
CST 2026-07-17 17:57:04.509   348   439 E C01f04/TelephonySubsystem: simId  is invalid
CST 2026-07-17 17:57:04.509   348   439 E C01f04/MultiSimontroller: failed by nullptr
CST 2026-07-17 17:57:04.509   348   439 E C01f04/TelephonySubsystem: slotId is invalid by vec.size(), slotId = -1
CST 2026-07-17 17:57:04.509   348   439 E C01f04/TelephonySubsystem: simStateManager is null!
CST 2026-07-17 17:57:04.509   348   439 I C01f0b/ConnCure: IsTestSimCard: -1, 
CST 2026-07-17 17:57:04.509   348   439 E C01f0b/ConnCure: getSimOperator error
CST 2026-07-17 17:57:04.509   348   439 I C01f0b/ConnCure: get isInPunishTime_: 0
CST 2026-07-17 17:57:04.509   348   439 I C01f0b/ConnCure: not support vsim service
CST 2026-07-17 17:57:04.509   348   439 I C01f0b/ConnCure: airplane mode is 0
CST 2026-07-17 17:57:04.509   348   439 E C01f04/MultiSimontroller: failed by nullptr
CST 2026-07-17 17:57:04.509   348   439 E C01f0b/ConnCure: phoneStates_ not find slotid=-1
CST 2026-07-17 17:57:04.509   348   439 I C01f0b/ConnCure: canPerformConnCure: network is not in service.
CST 2026-07-17 17:57:04.509   347  1082 I C015b5/NetMgrEnhanced: TrafficStatistics bundleName=cn.xuexi.qg4ohos - uid=-1
CST 2026-07-17 17:57:04.509   347  1082 I C015b5/NetMgrEnhanced: TrafficStatistics bundleName=com.huawei.hmos.health - uid=-1
CST 2026-07-17 17:57:04.510   347  1082 I C015b5/NetMgrEnhanced: TrafficStatistics bundleName=com.huawei.hmos.audioexpapp - uid=-1
CST 2026-07-17 17:57:04.510   347  1082 I C015b5/NetMgrEnhanced: TrafficStatistics bundleName=com.hm.cat.readall - uid=-1
CST 2026-07-17 17:57:04.510   347  1082 I C015b5/NetMgrEnhanced: TrafficStatistics bundleName=com.tencent.HKiHan - uid=-1
CST 2026-07-17 17:57:04.510   347  1082 I C015b5/NetMgrEnhanced: TrafficStatistics bundleName=com.duowan.hyhos - uid=-1
CST 2026-07-17 17:57:04.510   503  1340 E C01707/CONCUR: [Interface] task 1340 apply qos failed, errno = 4
CST 2026-07-17 17:57:04.510   503  1340 E C01611/QosManager: QosManager: Failed to set thread QoS to QOS_USER_INTERACTIVE, ret: -1
CST 2026-07-17 17:57:04.510   347  1082 I C015b5/NetMgrEnhanced: TrafficStatistics bundleName=com.minitech.miniworld.hm - uid=-1
CST 2026-07-17 17:57:04.510   347  1082 I C015b5/NetMgrEnhanced: TrafficStatistics bundleName=com.dzhmy.hmjc - uid=-1
CST 2026-07-17 17:57:04.510   347  1082 I C015b5/NetMgrEnhanced: TrafficStatistics bundleName=com.qqgame.hlddz.huawei - uid=-1
CST 2026-07-17 17:57:04.510   347  1082 I C015b5/NetMgrEnhanced: TrafficStatistics bundleName=com.baidu.baidulite - uid=-1
CST 2026-07-17 17:57:04.511   347  1082 I C015b5/NetMgrEnhanced: TrafficStatistics bundleName=com.larus.nova.hm - uid=-1
CST 2026-07-17 17:57:04.511   137   187 I C04300/StorageManager: [GetSizeOfPath:194] StorageStatusManager::GetSizeOfPath path is /data, type is total space, size is 6122831872.
CST 2026-07-17 17:57:04.511   137   187 I C04300/StorageManager: [GetSizeOfPath:194] StorageStatusManager::GetSizeOfPath path is /, type is total space, size is 3542675456.
CST 2026-07-17 17:57:04.511   137   187 E C04300/StorageManager: [GetTotalSize:78] StorageTotalStatusService::GetTotalSize success, roundSize=16000000000, (/data)totalDataSize=6122831872, (/)totalRootSize=3542675456
CST 2026-07-17 17:57:04.511   137   187 I C04300/StorageManager: [GetSizeOfPath:194] StorageStatusManager::GetSizeOfPath path is /data, type is free space, size is 4808077312.
CST 2026-07-17 17:57:04.511   137   187 E C04300/StorageManager: [GetFreeSize:90] StorageTotalStatusService::GetFreeSize success, (/data)freeSize=4808077312
CST 2026-07-17 17:57:04.511   137   187 I C04300/StorageManager: [MonitorAndManageStorage:156] clean_l, size=786432000, clean_m, size=800000000, clean_h, size=1600000000
CST 2026-07-17 17:57:04.511   137   187 I C04300/StorageManager: [MonitorAndManageStorage:165] notify_l, size=524288000, notify_m, size=2147483648, notify_h, size=1600000000
CST 2026-07-17 17:57:04.511   347  1082 I C015b5/NetMgrEnhanced: TrafficStatistics bundleName=com.huawei.hmos.remotecontroller - uid=-1
CST 2026-07-17 17:57:04.511   347  1082 I C015b5/NetMgrEnhanced: TrafficStatistics bundleName=com.yuewen.qqreaderhm - uid=-1
CST 2026-07-17 17:57:04.511   348   439 I C01f0b/ConnCure: IsSystemCheck, ret:0
CST 2026-07-17 17:57:04.511   347  1082 I C015b5/NetMgrEnhanced: TrafficStatistics bundleName=com.tencent.tmgp.dfmexper.hw - uid=-1
CST 2026-07-17 17:57:04.511   348   439 I C01f0b/ConnCure: IsUserDataEnabled: 1
CST 2026-07-17 17:57:04.511   348   439 I C01f0b/ConnCure: IsCaredApp:1, isAllowed:1, isDataEnabled:1
CST 2026-07-17 17:57:04.511   347  1082 I C015b5/NetMgrEnhanced: TrafficStatistics bundleName=com.iflytek.inputmethod.iFlytekInputIME - uid=-1
CST 2026-07-17 17:57:04.511   348   439 I C01f0b/ConnCure: IsUserDataEnabled: 1
CST 2026-07-17 17:57:04.511   348   439 W C01f04/MultiSimontroller: [GetSimAccountInfo-(multi_sim_controller.cpp:1141)] slotId 0 is invalid
CST 2026-07-17 17:57:04.511   348   439 E C01f04/TelephonySubsystem: GetSimAccountInfo fail!
CST 2026-07-17 17:57:04.511   348   439 W C01f04/MultiSimontroller: [GetSimAccountInfo-(multi_sim_controller.cpp:1141)] slotId 1 is invalid
CST 2026-07-17 17:57:04.511   348   439 E C01f04/TelephonySubsystem: GetSimAccountInfo fail!
CST 2026-07-17 17:57:04.511   348   439 E C01f0b/ConnCure: phoneStates_ find: slotId=0, callState=-1
CST 2026-07-17 17:57:04.511   348   439 E C01f0b/ConnCure: phoneStates_ find: slotId=1, callState=-1
CST 2026-07-17 17:57:04.511   348   439 I C01f0b/ConnCure: mainCallState: -1, slaveCallState: -1
CST 2026-07-17 17:57:04.511   347  1082 I C015b5/NetMgrEnhanced: TrafficStatistics bundleName=com.kiloo.subwaysurf.huaweihm - uid=-1
CST 2026-07-17 17:57:04.511   347  1082 I C015b5/NetMgrEnhanced: TrafficStatistics bundleName=com.chinarailway.ticketingHM - uid=-1
CST 2026-07-17 17:57:04.512   347  1082 I C015b5/NetMgrEnhanced: TrafficStatistics bundleName=com.feiyu.luobo4.hm.huawei - uid=-1
CST 2026-07-17 17:57:04.512   347  1082 I C015b5/NetMgrEnhanced: TrafficStatistics bundleName=com.shuqi.hmos - uid=-1
CST 2026-07-17 17:57:04.512   347  1082 I C015b5/NetMgrEnhanced: TrafficStatistics bundleName=com.tencent.meeting.app - uid=-1
CST 2026-07-17 17:57:04.512   347  1082 I C015b5/NetMgrEnhanced: TrafficStatistics bundleName=com.ctrip.harmonynext - uid=-1
CST 2026-07-17 17:57:04.512   347  1082 I C015b5/NetMgrEnhanced: TrafficStatistics bundleName=com.huawei.hmos.ailife - uid=-1
CST 2026-07-17 17:57:04.512   347  1082 I C015b5/NetMgrEnhanced: TrafficStatistics bundleName=com.sdu.didi.hmos.psnger - uid=-1
CST 2026-07-17 17:57:04.512   347  1082 I C015b5/NetMgrEnhanced: TrafficStatistics bundleName=com.sdu.didi.gsui.hmos - uid=-1
CST 2026-07-17 17:57:04.512   347  1082 I C015b5/NetMgrEnhanced: TrafficStatistics bundleName=com.huawei.hmos.hinote - uid=-1
CST 2026-07-17 17:57:04.513   347  1082 I C015b5/NetMgrEnhanced: TrafficStatistics bundleName=cn.jj.TKLobby - uid=-1
CST 2026-07-17 17:57:04.513   347  1082 I C015b5/NetMgrEnhanced: TrafficStatistics bundleName=com.huawei.hmsapp.intelligent - uid=20020014
CST 2026-07-17 17:57:04.513   347  1082 I C015b5/NetMgrEnhanced: TrafficStatistics bundleName=com.vip.hosapp - uid=-1
CST 2026-07-17 17:57:04.513   347  1082 I C015b5/NetMgrEnhanced: TrafficStatistics bundleName=com.tencent.qqgame.xq.hw - uid=-1
CST 2026-07-17 17:57:04.513   347  1082 I C015b5/NetMgrEnhanced: TrafficStatistics bundleName=com.sankuai.dianping - uid=-1
CST 2026-07-17 17:57:04.513   347  1082 I C015b5/NetMgrEnhanced: TrafficStatistics bundleName=com.huawei.hmsapp.thememanager - uid=-1
CST 2026-07-17 17:57:04.513   347  1082 I C015b5/NetMgrEnhanced: TrafficStatistics bundleName=cn.wps.office.hap - uid=-1
CST 2026-07-17 17:57:04.513   347  1082 I C015b5/NetMgrEnhanced: TrafficStatistics bundleName=com.lalamove.huolala.driverhar - uid=-1
CST 2026-07-17 17:57:04.514   347  1082 I C015b5/NetMgrEnhanced: TrafficStatistics bundleName=com.huawei.it.welink - uid=-1
CST 2026-07-17 17:57:04.514   347  1082 I C015b5/NetMgrEnhanced: TrafficStatistics bundleName=com.ezviz.videogo - uid=-1
CST 2026-07-17 17:57:04.514   347  1082 I C015b5/NetMgrEnhanced: TrafficStatistics bundleName=com.jjwxc.jjharmony.reader - uid=-1
CST 2026-07-17 17:57:04.514   347  1082 I C015b5/NetMgrEnhanced: TrafficStatistics bundleName=com.huawei.hmos.maps.app - uid=-1
CST 2026-07-17 17:57:04.514   347  1082 I C015b5/NetMgrEnhanced: TrafficStatistics bundleName=com.ss.dcar.auto - uid=-1
CST 2026-07-17 17:57:04.514   347  1082 I C015b5/NetMgrEnhanced: TrafficStatistics bundleName=com.xunlei.thunder - uid=-1
CST 2026-07-17 17:57:04.514   347  1082 I C015b5/NetMgrEnhanced: TrafficStatistics bundleName=com.huawei.hmos.hipreview - uid=20020039
CST 2026-07-17 17:57:04.514   347  1082 I C015b5/NetMgrEnhanced: TrafficStatistics bundleName=cn.wps.mobileoffice.hap - uid=-1
CST 2026-07-17 17:57:04.514   347  1082 I C015b5/NetMgrEnhanced: TrafficStatistics bundleName=com.tencent.peng.hw - uid=-1
CST 2026-07-17 17:57:04.515   347  1082 I C015b5/NetMgrEnhanced: TrafficStatistics bundleName=com.byd.hauto - uid=-1
CST 2026-07-17 17:57:04.515   347  1082 I C015b5/NetMgrEnhanced: TrafficStatistics bundleName=com.huawei.hmos.myhuawei - uid=-1
CST 2026-07-17 17:57:04.515   347  1082 I C015b5/NetMgrEnhanced: TrafficStatistics bundleName=com.ss.feishu - uid=-1
CST 2026-07-17 17:57:04.515   347  1082 I C015b5/NetMgrEnhanced: TrafficStatistics bundleName=com.tmri.app.harmony12123 - uid=-1
CST 2026-07-17 17:57:04.515   347  1082 I C015b5/NetMgrEnhanced: TrafficStatistics bundleName=com.dewu.hos - uid=-1
CST 2026-07-17 17:57:04.515   347  1082 I C015b5/NetMgrEnhanced: TrafficStatistics bundleName=com.baidu.haokanapp - uid=-1
CST 2026-07-17 17:57:04.515   347  1082 I C015b5/NetMgrEnhanced: TrafficStatistics bundleName=com.huawei.hmos.clouddrive - uid=-1
CST 2026-07-17 17:57:04.516   347  1082 I C015b5/NetMgrEnhanced: TrafficStatistics bundleName=com.hos.moonshot.kimichat - uid=-1
CST 2026-07-17 17:57:04.516   347  1082 I C015b5/NetMgrEnhanced: TrafficStatistics bundleName=com.xiyu.xingye - uid=-1
CST 2026-07-17 17:57:04.516   347  1082 I C015b5/NetMgrEnhanced: TrafficStatistics bundleName=com.baidu.yiyan - uid=-1
CST 2026-07-17 17:57:04.516   347  1082 I C015b5/NetMgrEnhanced: TrafficStatistics bundleName=com.aliyun.tongyi4ohos - uid=-1
CST 2026-07-17 17:57:04.516   347  1082 I C015b5/NetMgrEnhanced: TrafficStatistics bundleName=com.zhipuai.qingyan.glm - uid=-1
CST 2026-07-17 17:57:04.516   347  1082 I C015b5/NetMgrEnhanced: TrafficStatistics bundleName=com.iflytek.sparkapp - uid=-1
CST 2026-07-17 17:57:04.524   503  1776 E C01707/CONCUR: [Interface] task 1776 apply qos failed, errno = 4
CST 2026-07-17 17:57:04.524   503  1776 E C01611/QosManager: QosManager: Failed to set thread QoS to QOS_USER_INTERACTIVE, ret: -1
CST 2026-07-17 17:57:04.524   503  1776 E C05a01/ATM: [GetHapTokenInfo]TokenID =671253746 is invalid
CST 2026-07-17 17:57:04.525   717  2115 I C02986/DisplayPowerBrightness: lux=[0/69119, 0/69265, 0/69411, 0/69557, 0/69703, 0/69851, ], bDelta=5.000000, dDelta=1.000000, size=52
CST 2026-07-17 17:57:04.525   347  1082 I C015b5/NetMgrEnhanced: TrafficStatistics bundleName=com.singularity.tiangong_ohos - uid=-1
CST 2026-07-17 17:57:04.525   347  1082 I C015b5/NetMgrEnhanced: TrafficStatistics bundleName=com.qihoo.namiso.h - uid=-1
CST 2026-07-17 17:57:04.525   347  1082 I C015b5/NetMgrEnhanced: TrafficStatistics bundleName=com.kuaiduizuoye.hm - uid=-1
CST 2026-07-17 17:57:04.525   347  1082 I C015b5/NetMgrEnhanced: TrafficStatistics bundleName=com.kanyun.hos.leo - uid=-1
CST 2026-07-17 17:57:04.525   347  1082 I C015b5/NetMgrEnhanced: TrafficStatistics bundleName=com.oqzhns.mpveuyhm - uid=-1
CST 2026-07-17 17:57:04.525   347  1082 I C015b5/NetMgrEnhanced: TrafficStatistics bundleName=com.hlg.daydaytobusiness.hm - uid=-1
CST 2026-07-17 17:57:04.525   347  1082 I C015b5/NetMgrEnhanced: TrafficStatistics bundleName=com.kiri.remy - uid=-1
CST 2026-07-17 17:57:04.525   347  1082 I C015b5/NetMgrEnhanced: num: 5
CST 2026-07-17 17:57:04.525   347  1082 I C015b5/NetMgrEnhanced: NetlinkInit start
CST 2026-07-17 17:57:04.526   347  1082 E C015b5/NetMgrEnhanced: NetlinkInitCant:create netlink socket,error:Protocol not supported
CST 2026-07-17 17:57:04.526   347  1082 E C015b5/NetMgrEnhanced: SendDataToKernel:socket open fail
CST 2026-07-17 17:57:04.526   347  1082 I C015b5/NetMgrEnhanced: TrafficStatistics SendDataToKernel ret=-1
CST 2026-07-17 17:57:04.526   347  1082 E C015b5/NetMgrEnhanced: TrafficStatistics Send request to kernel failed.
CST 2026-07-17 17:57:04.527   644   650 I C02515/DISP: [InitBufferHandle:229] express init gbuffer id 28a00000056 ret 0 err 0 fd 8 222 222 pixel 4 size 197136 usage 2b
CST 2026-07-17 17:57:04.527   644   650 I C02515/DISP: [ExpressAllocMem:271] ExpressAllocMem requeset BufferHandle 8, width 222, heigt 222, format 20
CST 2026-07-17 17:57:04.533   644   650 I C02515/DISP: [ExpressFreeMem:317] freeMem bufferhandle gbuffer_id 28a00000056, width 222, heigt 222
CST 2026-07-17 17:57:04.537  2065  2099 E C057c6/BinderInvoker: GetDetailedErrorInfo: HMB_GET_DETAILED_ERROR failed, error:-22
CST 2026-07-17 17:57:04.537  2065  2099 E C057c2/IPCObjectProxy: PrintErrorDetailedInfo: failed, handle:2 error:29201 desc:*.IKvStoreDataService proxy:10686048 time:69863517073
CST 2026-07-17 17:57:04.537  2065  2099 W C01651/ikvstore_data_service: RegisterClientDeathObserver: failed during IPC. errCode 29201
CST 2026-07-17 17:57:04.537  2065  2098 I C01651/data_share_manager_impl: operator(): RecoverObs start
CST 2026-07-17 17:57:04.537  2065  2098 E C057c6/BinderInvoker: GetDetailedErrorInfo: HMB_GET_DETAILED_ERROR failed, error:-22
CST 2026-07-17 17:57:04.537  2065  2098 E C057c2/IPCObjectProxy: PrintErrorDetailedInfo: failed, handle:4 error:29201 desc:*.IDataShareService proxy:11214880 time:69863748860
CST 2026-07-17 17:57:04.537  2065  2098 E C01651/data_share_service_proxy: SubscribeProxyData: SubscribeRdbData fail to sendRequest. err: 29201
CST 2026-07-17 17:57:04.543  2255  2471 I C02515/DISP: [ExpressFreeMem:317] freeMem bufferhandle gbuffer_id 28a00000055, width 512, heigt 512
CST 2026-07-17 17:57:04.550   503  1776 E C01707/CONCUR: [Interface] task 1776 apply qos failed, errno = 4
CST 2026-07-17 17:57:04.550   503  1776 E C01611/QosManager: QosManager: Failed to set thread QoS to QOS_USER_INTERACTIVE, ret: -1
CST 2026-07-17 17:57:04.551  2065  2099 I C02a04/UsbService: CreateDataShareHelper start!
CST 2026-07-17 17:57:04.551  2065  2099 I C02a04/UsbService: CreateDataShareHelper: systemAbilityId = 4201
CST 2026-07-17 17:57:04.555  2255  2471 I C02515/DISP: [ExpressFreeMem:317] freeMem bufferhandle gbuffer_id 28a00000056, width 222, heigt 222
CST 2026-07-17 17:57:04.556   503  1776 E C01707/CONCUR: [Interface] task 1776 apply qos failed, errno = 4
CST 2026-07-17 17:57:04.556   503  1776 E C01611/QosManager: QosManager: Failed to set thread QoS to QOS_USER_INTERACTIVE, ret: -1
CST 2026-07-17 17:57:04.557  2065  2099 E C02a04/UsbService: UsbDeviceManager::usbDeviceInterface_ is nullptr
CST 2026-07-17 17:57:04.557  2065  2099 E C02a04/UsbService: InitSettingsDataHdcStatus: function is get failed!
CST 2026-07-17 17:57:04.557  2065  2099 I C02a04/UsbService: datashareHelper_ is here Release!
CST 2026-07-17 17:57:04.557  2065  2099 E C02a04/UsbService: OnStart and add system ability success
CST 2026-07-17 17:57:04.557  2065  2099 I C01810/SAFWK: Start OnStart-SA:4201 finished, spend:35283 ms
CST 2026-07-17 17:57:04.557  2065  2099 I C01810/SAFWK: StartSystemAbilityTask usb_service SA:4201 init finished, 36152 ms
CST 2026-07-17 17:57:04.557  2065  2065 I C01810/SAFWK: start tasks proc:usb_service end,spend 35304ms
CST 2026-07-17 17:57:04.557  2065  2065 I C01810/SAFWK: IsConfigUnused unusedCfgMap_ size:0
CST 2026-07-17 17:57:04.597  2255  2471 I C03900/HDS: [hds_drawable_descriptor.cpp-ProcessIcon:101]set pixelmap editable : 0 .
CST 2026-07-17 17:57:04.597  2255  2471 E C02b61/PixelMap: set ashmem name failed
CST 2026-07-17 17:57:04.597  2255  2471 W A01b00/SCB: GraphicUtils --> combinePic from HdsIcon, bundleName: com.huawei.hmos.inputmethod, iconSizeOfGrid: 64, hasBorder: true
CST 2026-07-17 17:57:04.597  2255  2471 I A01b00/SCB: IconResourceFwk --> getBundleIcon end param: com.huawei.hmos.inputmethod, 64, true true
CST 2026-07-17 17:57:04.602  2255  2285 I C02b61/ImageCode: DoEncode:(224, 224) cost 3742 us
CST 2026-07-17 17:57:04.603  2255  2284 I C01631/GaussPD:  [0] [ADAPTER] [139902111435520] Not support binlog_default.writeLock file enable del monitor sysno = 25
CST 2026-07-17 17:57:04.603  2255  2284 I C01631/GaussPD:  [0] [ADAPTER] [139902111435520] Not support binlog_default.writeLock file enable del monitor sysno = 25
CST 2026-07-17 17:57:04.603  2255  2284 I C01631/GaussPD:  [0] [ADAPTER] [139902111435520] Not support binlog_default.writeLock file enable del monitor sysno = 25
CST 2026-07-17 17:57:04.603  2255  2284 I C01631/GaussPD:  [0] [ADAPTER] [139902111435520] Not support binlog_default.writeLock file enable del monitor sysno = 25
CST 2026-07-17 17:57:04.603  2255  2284 I C01631/GaussPD:  [0] [ADAPTER] [139902111435520] Not support binlog_default.writeIndex file enable del monitor sysno = 25
CST 2026-07-17 17:57:04.603  2255  2284 I C01631/GaussPD:  [0] [ADAPTER] [139902111435520] Not support binlog_default.writeIndex file enable del monitor sysno = 25
CST 2026-07-17 17:57:04.603  2255  2471 I A01a01/NC: NotificationConfigManager: update icon result: com.huawei.hmos.inputmethod, 24626
CST 2026-07-17 17:57:04.603  2255  2471 I A01b00/SCB: IconResourceFwk --> getBundleIcon start param: com.ohos.pasteboarddialog, 64, true true
CST 2026-07-17 17:57:04.603  2255  2471 W A01b00/SCB: IconResourceUtils --> getIconResource from bms getBundleResourceInfo for com.ohos.pasteboarddialog 0
CST 2026-07-17 17:57:04.604   796   796 I C01120/BMS: icon rdb get resource icon start -n com.ohos.pasteboarddialog -i 0 -f 16
CST 2026-07-17 17:57:04.604   796   796 E C01650/StepResultSet: GoToRow:position[0] rowCount[0] rowPos_[-1]!
CST 2026-07-17 17:57:04.605  2255  2471 I C02b61/ImageSource: CreatePixelMap success, id:1784282224604627,dSize:(0,0),srcSize: (114,114),dHdr:1,sHdr:1,memType: 2,cost 581 us
CST 2026-07-17 17:57:04.605  2255  2471 E C02b61/PixelMap: set ashmem name failed
CST 2026-07-17 17:57:04.605  2255  2471 W A01b00/SCB: GraphicUtils --> com.ohos.pasteboarddialog - getHdsIcon, size: (114, 114), pixelFormat: 4, leftTopPixel is transparent: true, 0-0-0-0
CST 2026-07-17 17:57:04.605  2255  2471 E C03900/HDS: [hds_drawable_descriptor.cpp-GetOtherIconsInfo:395]Get icon by name from resource failed, iconName: icon_mask, isGlobalMask: 0, state: 9001004
CST 2026-07-17 17:57:04.605  2255  2471 W C03900/HDS: [hds_drawable_descriptor.cpp-ProcessIcon:91]Mask size {192, 192}, bundleName: com.ohos.pasteboarddialog
CST 2026-07-17 17:57:04.606  2255  2277 I C02b61/PixelMap: PixelMap::scale SLR 210, srcSize: [192, 192], dstSize: [114, 114], cost: 1
CST 2026-07-17 17:57:04.617   644   650 I C02515/DISP: [InitBufferHandle:229] express init gbuffer id 28a00000057 ret 0 err 0 fd 8 114 114 pixel 4 size 51984 usage 2b
CST 2026-07-17 17:57:04.617   644   650 I C02515/DISP: [ExpressAllocMem:271] ExpressAllocMem requeset BufferHandle 8, width 114, heigt 114, format 20
CST 2026-07-17 17:57:04.622   644   650 I C02515/DISP: [ExpressFreeMem:317] freeMem bufferhandle gbuffer_id 28a00000057, width 114, heigt 114
CST 2026-07-17 17:57:04.623   142   430 I C01800/SAMGR: NF SA:65962,914_53
CST 2026-07-17 17:57:04.633   644   650 I C02515/DISP: [InitBufferHandle:229] express init gbuffer id 28a00000058 ret 0 err 0 fd 8 222 222 pixel 4 size 197136 usage 2b
CST 2026-07-17 17:57:04.633   644   650 I C02515/DISP: [ExpressAllocMem:271] ExpressAllocMem requeset BufferHandle 8, width 222, heigt 222, format 20
CST 2026-07-17 17:57:04.639   644   650 I C02515/DISP: [ExpressFreeMem:317] freeMem bufferhandle gbuffer_id 28a00000058, width 222, heigt 222
CST 2026-07-17 17:57:04.640  2255  2277 I C02515/DISP: [ExpressFreeMem:317] freeMem bufferhandle gbuffer_id 28a00000057, width 114, heigt 114
CST 2026-07-17 17:57:04.656  2255  2277 I C02515/DISP: [ExpressFreeMem:317] freeMem bufferhandle gbuffer_id 28a00000058, width 222, heigt 222
CST 2026-07-17 17:57:04.672  2255  2277 I C03900/HDS: [hds_drawable_descriptor.cpp-ProcessIcon:101]set pixelmap editable : 0 .
CST 2026-07-17 17:57:04.672  2255  2277 E C02b61/PixelMap: set ashmem name failed
CST 2026-07-17 17:57:04.672  2255  2277 W A01b00/SCB: GraphicUtils --> combinePic from HdsIcon, bundleName: com.ohos.pasteboarddialog, iconSizeOfGrid: 64, hasBorder: true
CST 2026-07-17 17:57:04.672  2255  2277 I A01b00/SCB: IconResourceFwk --> getBundleIcon end param: com.ohos.pasteboarddialog, 64, true true
CST 2026-07-17 17:57:04.678  2255  2287 I C02b61/ImageCode: DoEncode:(224, 224) cost 4414 us
CST 2026-07-17 17:57:04.679  2255  2285 I C01631/GaussPD:  [0] [ADAPTER] [139900931275520] Not support binlog_default.writeLock file enable del monitor sysno = 25
CST 2026-07-17 17:57:04.679  2255  2285 I C01631/GaussPD:  [0] [ADAPTER] [139900931275520] Not support binlog_default.writeLock file enable del monitor sysno = 25
CST 2026-07-17 17:57:04.679  2255  2285 I C01631/GaussPD:  [0] [ADAPTER] [139900931275520] Not support binlog_default.writeLock file enable del monitor sysno = 25
CST 2026-07-17 17:57:04.679  2255  2285 I C01631/GaussPD:  [0] [ADAPTER] [139900931275520] Not support binlog_default.writeLock file enable del monitor sysno = 25
CST 2026-07-17 17:57:04.679  2255  2285 I C01631/GaussPD:  [0] [ADAPTER] [139900931275520] Not support binlog_default.writeIndex file enable del monitor sysno = 25
CST 2026-07-17 17:57:04.680  2255  2285 I C01631/GaussPD:  [0] [ADAPTER] [139900931275520] Not support binlog_default.writeIndex file enable del monitor sysno = 25
CST 2026-07-17 17:57:04.680  2255  2277 I A01a01/NC: NotificationConfigManager: update icon result: com.ohos.pasteboarddialog, 38242
CST 2026-07-17 17:57:04.680  2255  2277 I A01b00/SCB: IconResourceFwk --> getBundleIcon start param: com.huawei.hms.scanservice, 64, true true
CST 2026-07-17 17:57:04.680  2255  2277 W A01b00/SCB: IconResourceUtils --> getIconResource from bms getBundleResourceInfo for com.huawei.hms.scanservice 0
CST 2026-07-17 17:57:04.680   796   796 I C01120/BMS: icon rdb get resource icon start -n com.huawei.hms.scanservice -i 0 -f 16
CST 2026-07-17 17:57:04.681   796   796 E C01650/StepResultSet: GoToRow:position[0] rowCount[0] rowPos_[-1]!
CST 2026-07-17 17:57:04.682  2255  2277 I C02b61/ImageSource: CreatePixelMap success, id:1784282224681540,dSize:(0,0),srcSize: (114,114),dHdr:1,sHdr:1,memType: 2,cost 604 us
CST 2026-07-17 17:57:04.682  2255  2277 E C02b61/PixelMap: set ashmem name failed
CST 2026-07-17 17:57:04.682  2255  2277 W A01b00/SCB: GraphicUtils --> com.huawei.hms.scanservice - getHdsIcon, size: (114, 114), pixelFormat: 4, leftTopPixel is transparent: true, 0-0-0-0
CST 2026-07-17 17:57:04.682  2255  2277 E C03900/HDS: [hds_drawable_descriptor.cpp-GetOtherIconsInfo:395]Get icon by name from resource failed, iconName: icon_mask, isGlobalMask: 0, state: 9001004
CST 2026-07-17 17:57:04.682  2255  2277 W C03900/HDS: [hds_drawable_descriptor.cpp-ProcessIcon:91]Mask size {192, 192}, bundleName: com.huawei.hms.scanservice
CST 2026-07-17 17:57:04.684  2255  2471 I C02b61/PixelMap: PixelMap::scale SLR 214, srcSize: [192, 192], dstSize: [114, 114], cost: 1
CST 2026-07-17 17:57:04.692  2065  3317 I C02a04/UsbService: CreateDataShareHelper: systemAbilityId = 4201
CST 2026-07-17 17:57:04.695   644   650 I C02515/DISP: [InitBufferHandle:229] express init gbuffer id 28a00000059 ret 0 err 0 fd 8 114 114 pixel 4 size 51984 usage 2b
CST 2026-07-17 17:57:04.695   644   650 I C02515/DISP: [ExpressAllocMem:271] ExpressAllocMem requeset BufferHandle 8, width 114, heigt 114, format 20
CST 2026-07-17 17:57:04.697   503  1776 E C01707/CONCUR: [Interface] task 1776 apply qos failed, errno = 4
CST 2026-07-17 17:57:04.697   503  1776 E C01611/QosManager: QosManager: Failed to set thread QoS to QOS_USER_INTERACTIVE, ret: -1
CST 2026-07-17 17:57:04.698  2065  3317 I C02a04/UsbService: CreateDataShareHelper start!
CST 2026-07-17 17:57:04.698  2065  3317 I C02a04/UsbService: CreateDataShareHelper: systemAbilityId = 4201
CST 2026-07-17 17:57:04.701   644   650 I C02515/DISP: [ExpressFreeMem:317] freeMem bufferhandle gbuffer_id 28a00000059, width 114, heigt 114
CST 2026-07-17 17:57:04.710   503  1776 E C01707/CONCUR: [Interface] task 1776 apply qos failed, errno = 4
CST 2026-07-17 17:57:04.710   503  1776 E C01611/QosManager: QosManager: Failed to set thread QoS to QOS_USER_INTERACTIVE, ret: -1
CST 2026-07-17 17:57:04.710  2065  3317 E C02a04/UsbService: UsbDeviceManager::usbDeviceInterface_ is nullptr
CST 2026-07-17 17:57:04.710  2065  3317 E C02a04/UsbService: InitSettingsDataHdcStatus: function is get failed!
CST 2026-07-17 17:57:04.710  2065  3317 I C02a04/UsbService: datashareHelper_ is here Release!
CST 2026-07-17 17:57:04.724   644   650 I C02515/DISP: [InitBufferHandle:229] express init gbuffer id 28a0000005a ret 0 err 0 fd 8 222 222 pixel 4 size 197136 usage 2b
CST 2026-07-17 17:57:04.724   644   650 I C02515/DISP: [ExpressAllocMem:271] ExpressAllocMem requeset BufferHandle 8, width 222, heigt 222, format 20
CST 2026-07-17 17:57:04.728   644   650 I C02515/DISP: [ExpressFreeMem:317] freeMem bufferhandle gbuffer_id 28a0000005a, width 222, heigt 222
CST 2026-07-17 17:57:04.728  3323  3323 W C02c02/PARAM: Selinux check name persist.init.debug.loglevel in u:object_r:startup_init_param:s0 [3323 2000 2000] failed
CST 2026-07-17 17:57:04.728  3323  3323 W C02c02/PARAM: Selinux check name persist.init.debug.loglevel in u:object_r:startup_init_param:s0 [3323 2000 2000] failed
CST 2026-07-17 17:57:04.728  3323  3323 W C02c02/PARAM: SystemReadParam failed!name is:persist.init.debug.loglevel,err:1002
CST 2026-07-17 17:57:04.729  2255  2471 I C02515/DISP: [ExpressFreeMem:317] freeMem bufferhandle gbuffer_id 28a00000059, width 114, heigt 114
CST 2026-07-17 17:57:04.735  3323  3323 W C02c02/PARAM: Selinux check name persist.init.debug.loglevel in u:object_r:startup_init_param:s0 [3323 2000 2000] failed
CST 2026-07-17 17:57:04.735  3323  3323 W C02c02/PARAM: Selinux check name persist.init.debug.loglevel in u:object_r:startup_init_param:s0 [3323 2000 2000] failed
CST 2026-07-17 17:57:04.735  3323  3323 W C02c02/PARAM: SystemReadParam failed!name is:persist.init.debug.loglevel,err:1002
CST 2026-07-17 17:57:04.745  2255  2471 I C02515/DISP: [ExpressFreeMem:317] freeMem bufferhandle gbuffer_id 28a0000005a, width 222, heigt 222
CST 2026-07-17 17:57:04.761  2255  2471 I C03900/HDS: [hds_drawable_descriptor.cpp-ProcessIcon:101]set pixelmap editable : 0 .
CST 2026-07-17 17:57:04.761  2255  2471 E C02b61/PixelMap: set ashmem name failed
CST 2026-07-17 17:57:04.761  2255  2471 W A01b00/SCB: GraphicUtils --> combinePic from HdsIcon, bundleName: com.huawei.hms.scanservice, iconSizeOfGrid: 64, hasBorder: true
CST 2026-07-17 17:57:04.761  2255  2471 I A01b00/SCB: IconResourceFwk --> getBundleIcon end param: com.huawei.hms.scanservice, 64, true true
CST 2026-07-17 17:57:04.767  2255  2286 I C02b61/ImageCode: DoEncode:(224, 224) cost 5148 us
CST 2026-07-17 17:57:04.768  2255  2287 I C01631/GaussPD:  [0] [ADAPTER] [139900914473728] Not support binlog_default.writeLock file enable del monitor sysno = 25
CST 2026-07-17 17:57:04.769  2255  2287 I C01631/GaussPD:  [0] [ADAPTER] [139900914473728] Not support binlog_default.writeLock file enable del monitor sysno = 25
CST 2026-07-17 17:57:04.769  2255  2287 I C01631/GaussPD:  [0] [ADAPTER] [139900914473728] Not support binlog_default.writeLock file enable del monitor sysno = 25
CST 2026-07-17 17:57:04.769  2255  2287 I C01631/GaussPD:  [0] [ADAPTER] [139900914473728] Not support binlog_default.writeLock file enable del monitor sysno = 25
CST 2026-07-17 17:57:04.769  2255  2287 I C01631/GaussPD:  [0] [ADAPTER] [139900914473728] Not support binlog_default.writeIndex file enable del monitor sysno = 25
CST 2026-07-17 17:57:04.769  2255  2287 I C01631/GaussPD:  [0] [ADAPTER] [139900914473728] Not support binlog_default.writeIndex file enable del monitor sysno = 25
CST 2026-07-17 17:57:04.769  2255  2471 I A01a01/NC: NotificationConfigManager: update icon result: com.huawei.hms.scanservice, 38242
CST 2026-07-17 17:57:04.769  2255  2471 I A01b00/SCB: IconResourceFwk --> getBundleIcon start param: com.huawei.hmos.instantshare, 64, true true
CST 2026-07-17 17:57:04.770  2255  2471 W A01b00/SCB: IconResourceUtils --> getIconResource from bms getBundleResourceInfo for com.huawei.hmos.instantshare 0
CST 2026-07-17 17:57:04.771   796   796 I C01120/BMS: icon rdb get resource icon start -n com.huawei.hmos.instantshare -i 0 -f 16
CST 2026-07-17 17:57:04.771   796   796 E C01650/StepResultSet: GoToRow:position[0] rowCount[0] rowPos_[-1]!
CST 2026-07-17 17:57:04.786  2255  2471 E C01707/CONCUR: [Interface] task 2471 apply qos failed, errno = 4
CST 2026-07-17 17:57:04.791  2255  2471 I C02b61/ImageSource: CreatePixelMap success, id:1784282224774266,dSize:(0,0),srcSize: (512,512),dHdr:1,sHdr:1,memType: 2,cost 16841 us
CST 2026-07-17 17:57:04.791  2255  2471 E C02b61/PixelMap: set ashmem name failed
CST 2026-07-17 17:57:04.797  2255  2471 E C01707/CONCUR: [Interface] task 2471 apply qos failed, errno = 4
CST 2026-07-17 17:57:04.802  2255  2471 E C02b61/PixelMap: set ashmem name failed
CST 2026-07-17 17:57:04.804  2255  2471 I C02b61/ImageSource: CreatePixelMap success, id:1784282224803417,dSize:(0,0),srcSize: (192,192),dHdr:1,sHdr:1,memType: 2,cost 1101 us
CST 2026-07-17 17:57:04.804  2255  2471 E C02b61/PixelMap: set ashmem name failed
CST 2026-07-17 17:57:04.810  2255  2471 W A01b00/SCB: GraphicUtils --> com.huawei.hmos.instantshare - getHdsIcon, size: (512, 512), pixelFormat: 4, leftTopPixel is transparent: true, 0-0-0-0
CST 2026-07-17 17:57:04.810  2255  2471 E C03900/HDS: [hds_drawable_descriptor.cpp-GetOtherIconsInfo:395]Get icon by name from resource failed, iconName: icon_mask, isGlobalMask: 0, state: 9001004
CST 2026-07-17 17:57:04.812  2255  2471 W C03900/HDS: [hds_drawable_descriptor.cpp-ProcessIcon:91]Mask size {192, 192}, bundleName: com.huawei.hmos.instantshare
CST 2026-07-17 17:57:04.823   142   430 I C01800/SAMGR: NF SA:65962,914_54
CST 2026-07-17 17:57:04.826   644   650 I C02515/DISP: [InitBufferHandle:229] express init gbuffer id 28a0000005b ret 0 err 0 fd 8 512 512 pixel 4 size 1048576 usage 2b
CST 2026-07-17 17:57:04.826   644   650 I C02515/DISP: [ExpressAllocMem:271] ExpressAllocMem requeset BufferHandle 8, width 512, heigt 512, format 20
CST 2026-07-17 17:57:04.830   644   650 I C02515/DISP: [ExpressFreeMem:317] freeMem bufferhandle gbuffer_id 28a0000005b, width 512, heigt 512
CST 2026-07-17 17:57:04.834  2255  2255 I A01b01/HOME: PageDesktopViewModel --> cards num: 0, threshold:7
CST 2026-07-17 17:57:04.843   644   650 I C02515/DISP: [InitBufferHandle:229] express init gbuffer id 28a0000005c ret 0 err 0 fd 8 222 222 pixel 4 size 197136 usage 2b
CST 2026-07-17 17:57:04.843   644   650 I C02515/DISP: [ExpressAllocMem:271] ExpressAllocMem requeset BufferHandle 8, width 222, heigt 222, format 20
CST 2026-07-17 17:57:04.848   644   650 I C02515/DISP: [ExpressFreeMem:317] freeMem bufferhandle gbuffer_id 28a0000005c, width 222, heigt 222
CST 2026-07-17 17:57:04.852  2255  2277 I C02515/DISP: [ExpressFreeMem:317] freeMem bufferhandle gbuffer_id 28a0000005b, width 512, heigt 512
CST 2026-07-17 17:57:04.868  2255  2277 I C02515/DISP: [ExpressFreeMem:317] freeMem bufferhandle gbuffer_id 28a0000005c, width 222, heigt 222
CST 2026-07-17 17:57:04.882  2255  2277 I C03900/HDS: [hds_drawable_descriptor.cpp-ProcessIcon:101]set pixelmap editable : 0 .
CST 2026-07-17 17:57:04.882  2255  2277 E C02b61/PixelMap: set ashmem name failed
CST 2026-07-17 17:57:04.883  2255  2277 W A01b00/SCB: GraphicUtils --> combinePic from HdsIcon, bundleName: com.huawei.hmos.instantshare, iconSizeOfGrid: 64, hasBorder: true
CST 2026-07-17 17:57:04.883  2255  2277 I A01b00/SCB: IconResourceFwk --> getBundleIcon end param: com.huawei.hmos.instantshare, 64, true true
CST 2026-07-17 17:57:04.888  2255  2284 I C02b61/ImageCode: DoEncode:(224, 224) cost 3952 us
CST 2026-07-17 17:57:04.889  2255  2286 I C01631/GaussPD:  [0] [ADAPTER] [139900922874624] Not support binlog_default.writeLock file enable del monitor sysno = 25
CST 2026-07-17 17:57:04.889  2255  2286 I C01631/GaussPD:  [0] [ADAPTER] [139900922874624] Not support binlog_default.writeLock file enable del monitor sysno = 25
CST 2026-07-17 17:57:04.889  2255  2286 I C01631/GaussPD:  [0] [ADAPTER] [139900922874624] Not support binlog_default.writeLock file enable del monitor sysno = 25
CST 2026-07-17 17:57:04.889  2255  2286 I C01631/GaussPD:  [0] [ADAPTER] [139900922874624] Not support binlog_default.writeLock file enable del monitor sysno = 25
CST 2026-07-17 17:57:04.889  2255  2286 I C01631/GaussPD:  [0] [ADAPTER] [139900922874624] Not support binlog_default.writeIndex file enable del monitor sysno = 25
CST 2026-07-17 17:57:04.889  2255  2286 I C01631/GaussPD:  [0] [ADAPTER] [139900922874624] Not support binlog_default.writeIndex file enable del monitor sysno = 25
CST 2026-07-17 17:57:04.889  2255  2277 I A01a01/NC: NotificationConfigManager: update icon result: com.huawei.hmos.instantshare, 29334
CST 2026-07-17 17:57:04.889  2255  2277 I A01b00/SCB: IconResourceFwk --> getBundleIcon start param: com.ohos.permissionmanager, 64, true true
CST 2026-07-17 17:57:04.889  2255  2277 W A01b00/SCB: IconResourceUtils --> getIconResource from bms getBundleResourceInfo for com.ohos.permissionmanager 0
CST 2026-07-17 17:57:04.890   796   796 I C01120/BMS: icon rdb get resource icon start -n com.ohos.permissionmanager -i 0 -f 16
CST 2026-07-17 17:57:04.890   796   796 E C01650/StepResultSet: GoToRow:position[0] rowCount[0] rowPos_[-1]!
CST 2026-07-17 17:57:04.893  2255  2277 I C02b61/ImageSource: CreatePixelMap success, id:1784282224891595,dSize:(0,0),srcSize: (256,256),dHdr:1,sHdr:1,memType: 2,cost 1956 us
CST 2026-07-17 17:57:04.893  2255  2277 E C02b61/PixelMap: set ashmem name failed
CST 2026-07-17 17:57:04.893  2255  2277 W A01b00/SCB: GraphicUtils --> com.ohos.permissionmanager - getHdsIcon, size: (256, 256), pixelFormat: 4, leftTopPixel is transparent: true, 0-0-0-0
CST 2026-07-17 17:57:04.894  2255  2277 E C03900/HDS: [hds_drawable_descriptor.cpp-GetOtherIconsInfo:395]Get icon by name from resource failed, iconName: icon_mask, isGlobalMask: 0, state: 9001004
CST 2026-07-17 17:57:04.894  2255  2277 W C03900/HDS: [hds_drawable_descriptor.cpp-ProcessIcon:91]Mask size {192, 192}, bundleName: com.ohos.permissionmanager
CST 2026-07-17 17:57:04.907   644   650 I C02515/DISP: [InitBufferHandle:229] express init gbuffer id 28a0000005d ret 0 err 0 fd 8 256 256 pixel 4 size 262144 usage 2b
CST 2026-07-17 17:57:04.907   644   650 I C02515/DISP: [ExpressAllocMem:271] ExpressAllocMem requeset BufferHandle 8, width 256, heigt 256, format 20
CST 2026-07-17 17:57:04.911   644   650 I C02515/DISP: [ExpressFreeMem:317] freeMem bufferhandle gbuffer_id 28a0000005d, width 256, heigt 256
CST 2026-07-17 17:57:04.923   644   650 I C02515/DISP: [InitBufferHandle:229] express init gbuffer id 28a0000005e ret 0 err 0 fd 8 222 222 pixel 4 size 197136 usage 2b
CST 2026-07-17 17:57:04.923   644   650 I C02515/DISP: [ExpressAllocMem:271] ExpressAllocMem requeset BufferHandle 8, width 222, heigt 222, format 20
CST 2026-07-17 17:57:04.928   644   650 I C02515/DISP: [ExpressFreeMem:317] freeMem bufferhandle gbuffer_id 28a0000005e, width 222, heigt 222
CST 2026-07-17 17:57:04.928  2255  2277 I C02b61/PostProc: initSLRFactor insert:-1744752316
CST 2026-07-17 17:57:04.931  2255  2277 I C02515/DISP: [ExpressFreeMem:317] freeMem bufferhandle gbuffer_id 28a0000005d, width 256, heigt 256
CST 2026-07-17 17:57:04.945  2255  2277 I C02515/DISP: [ExpressFreeMem:317] freeMem bufferhandle gbuffer_id 28a0000005e, width 222, heigt 222
CST 2026-07-17 17:57:04.957  2255  2277 I C03900/HDS: [hds_drawable_descriptor.cpp-ProcessIcon:101]set pixelmap editable : 0 .
CST 2026-07-17 17:57:04.958  2255  2277 E C02b61/PixelMap: set ashmem name failed
CST 2026-07-17 17:57:04.958  2255  2277 W A01b00/SCB: GraphicUtils --> combinePic from HdsIcon, bundleName: com.ohos.permissionmanager, iconSizeOfGrid: 64, hasBorder: true
CST 2026-07-17 17:57:04.958  2255  2277 I A01b00/SCB: IconResourceFwk --> getBundleIcon end param: com.ohos.permissionmanager, 64, true true
CST 2026-07-17 17:57:04.963  2255  2285 I C02b61/ImageCode: DoEncode:(224, 224) cost 4408 us
CST 2026-07-17 17:57:04.964  2255  2284 I C01631/GaussPD:  [0] [ADAPTER] [139902111435520] Not support binlog_default.writeLock file enable del monitor sysno = 25
CST 2026-07-17 17:57:04.964  2255  2284 I C01631/GaussPD:  [0] [ADAPTER] [139902111435520] Not support binlog_default.writeLock file enable del monitor sysno = 25
CST 2026-07-17 17:57:04.964  2255  2284 I C01631/GaussPD:  [0] [ADAPTER] [139902111435520] Not support binlog_default.writeLock file enable del monitor sysno = 25
CST 2026-07-17 17:57:04.965  2255  2284 I C01631/GaussPD:  [0] [ADAPTER] [139902111435520] Not support binlog_default.writeLock file enable del monitor sysno = 25
CST 2026-07-17 17:57:04.965  2255  2284 I C01631/GaussPD:  [0] [ADAPTER] [139902111435520] Not support binlog_default.writeIndex file enable del monitor sysno = 25
CST 2026-07-17 17:57:04.965  2255  2284 I C01631/GaussPD:  [0] [ADAPTER] [139902111435520] Not support binlog_default.writeIndex file enable del monitor sysno = 25
CST 2026-07-17 17:57:04.965  2255  2277 I A01a01/NC: NotificationConfigManager: update icon result: com.ohos.permissionmanager, 38698
CST 2026-07-17 17:57:04.965  2255  2277 I A01b00/SCB: IconResourceFwk --> getBundleIcon start param: com.huawei.hmsapp.appgallery, 64, true true
CST 2026-07-17 17:57:04.965  2255  2277 W A01b00/SCB: IconResourceUtils --> getIconResource from bms getBundleResourceInfo for com.huawei.hmsapp.appgallery 0
CST 2026-07-17 17:57:04.966   796   796 I C01120/BMS: icon rdb get resource icon start -n com.huawei.hmsapp.appgallery -i 0 -f 16
CST 2026-07-17 17:57:04.966   796   796 E C01650/StepResultSet: GoToRow:position[0] rowCount[0] rowPos_[-1]!
CST 2026-07-17 17:57:04.977  2255  2277 E C01707/CONCUR: [Interface] task 2277 apply qos failed, errno = 4
CST 2026-07-17 17:57:04.982  2255  2277 I C02b61/ImageSource: CreatePixelMap success, id:1784282224968515,dSize:(0,0),srcSize: (512,512),dHdr:1,sHdr:1,memType: 2,cost 13570 us
CST 2026-07-17 17:57:04.982  2255  2277 E C02b61/PixelMap: set ashmem name failed
CST 2026-07-17 17:57:04.988  2255  2277 E C01707/CONCUR: [Interface] task 2277 apply qos failed, errno = 4
CST 2026-07-17 17:57:04.988   168   168 I C02d10/DailyController: UpdateCacheAndDb: event first exceeds threshold=20, domain=IMAGE_FWK_UE, name=DECODED_IMAGE_TYPE_STATISTICS
CST 2026-07-17 17:57:04.991  2255  2277 E C02b61/PixelMap: set ashmem name failed
CST 2026-07-17 17:57:04.993  2255  2277 I C02b61/ImageSource: CreatePixelMap success, id:1784282224992198,dSize:(0,0),srcSize: (192,192),dHdr:1,sHdr:1,memType: 2,cost 881 us
CST 2026-07-17 17:57:04.993  2255  2277 E C02b61/PixelMap: set ashmem name failed
CST 2026-07-17 17:57:05.000   488   496 W C01c42/TimeService: uid:1096 id:1009796088 wk:0
CST 2026-07-17 17:57:05.000   488   496 W C01c42/TimeService: id:1009796088 we:75326
CST 2026-07-17 17:57:05.000   488   496 W C01c42/TimeService: t3 75326
CST 2026-07-17 17:57:05.008  2255  2277 W A01b00/SCB: GraphicUtils --> com.huawei.hmsapp.appgallery - getHdsIcon, size: (512, 512), pixelFormat: 4, leftTopPixel is transparent: true, 0-0-0-0
CST 2026-07-17 17:57:05.008  2255  2277 E C03900/HDS: [hds_drawable_descriptor.cpp-GetOtherIconsInfo:395]Get icon by name from resource failed, iconName: icon_mask, isGlobalMask: 0, state: 9001004
CST 2026-07-17 17:57:05.012  2255  2277 W C03900/HDS: [hds_drawable_descriptor.cpp-ProcessIcon:91]Mask size {192, 192}, bundleName: com.huawei.hmsapp.appgallery
CST 2026-07-17 17:57:05.024   142   430 I C01800/SAMGR: NF SA:65962,914_55
CST 2026-07-17 17:57:05.025   644   650 I C02515/DISP: [InitBufferHandle:229] express init gbuffer id 28a0000005f ret 0 err 0 fd 8 512 512 pixel 4 size 1048576 usage 2b
CST 2026-07-17 17:57:05.025   644   650 I C02515/DISP: [ExpressAllocMem:271] ExpressAllocMem requeset BufferHandle 8, width 512, heigt 512, format 20
CST 2026-07-17 17:57:05.029   644   650 I C02515/DISP: [ExpressFreeMem:317] freeMem bufferhandle gbuffer_id 28a0000005f, width 512, heigt 512
CST 2026-07-17 17:57:05.041   644   650 I C02515/DISP: [InitBufferHandle:229] express init gbuffer id 28a00000060 ret 0 err 0 fd 8 222 222 pixel 4 size 197136 usage 2b
CST 2026-07-17 17:57:05.041   644   650 I C02515/DISP: [ExpressAllocMem:271] ExpressAllocMem requeset BufferHandle 8, width 222, heigt 222, format 20
CST 2026-07-17 17:57:05.046   644   650 I C02515/DISP: [ExpressFreeMem:317] freeMem bufferhandle gbuffer_id 28a00000060, width 222, heigt 222
CST 2026-07-17 17:57:05.049  2255  2471 I C02515/DISP: [ExpressFreeMem:317] freeMem bufferhandle gbuffer_id 28a0000005f, width 512, heigt 512
CST 2026-07-17 17:57:05.064  2255  2471 I C02515/DISP: [ExpressFreeMem:317] freeMem bufferhandle gbuffer_id 28a00000060, width 222, heigt 222
CST 2026-07-17 17:57:05.077  2255  2471 I C03900/HDS: [hds_drawable_descriptor.cpp-ProcessIcon:101]set pixelmap editable : 0 .
CST 2026-07-17 17:57:05.077  2255  2471 E C02b61/PixelMap: set ashmem name failed
CST 2026-07-17 17:57:05.078  2255  2471 W A01b00/SCB: GraphicUtils --> combinePic from HdsIcon, bundleName: com.huawei.hmsapp.appgallery, iconSizeOfGrid: 64, hasBorder: true
CST 2026-07-17 17:57:05.078  2255  2471 I A01b00/SCB: IconResourceFwk --> getBundleIcon end param: com.huawei.hmsapp.appgallery, 64, true true
CST 2026-07-17 17:57:05.083  2255  2287 I C02b61/ImageCode: DoEncode:(224, 224) cost 4662 us
CST 2026-07-17 17:57:05.084  2255  2285 I C01631/GaussPD:  [0] [ADAPTER] [139900931275520] Not support binlog_default.writeLock file enable del monitor sysno = 25
CST 2026-07-17 17:57:05.084  2255  2285 I C01631/GaussPD:  [0] [ADAPTER] [139900931275520] Not support binlog_default.writeLock file enable del monitor sysno = 25
CST 2026-07-17 17:57:05.085  2255  2285 I C01631/GaussPD:  [0] [ADAPTER] [139900931275520] Not support binlog_default.writeLock file enable del monitor sysno = 25
CST 2026-07-17 17:57:05.085  2255  2285 I C01631/GaussPD:  [0] [ADAPTER] [139900931275520] Not support binlog_default.writeLock file enable del monitor sysno = 25
CST 2026-07-17 17:57:05.085  2255  2285 I C01631/GaussPD:  [0] [ADAPTER] [139900931275520] Not support binlog_default.writeIndex file enable del monitor sysno = 25
CST 2026-07-17 17:57:05.085  2255  2285 I C01631/GaussPD:  [0] [ADAPTER] [139900931275520] Not support binlog_default.writeIndex file enable del monitor sysno = 25
CST 2026-07-17 17:57:05.085  2255  2471 I A01a01/NC: NotificationConfigManager: update icon result: com.huawei.hmsapp.appgallery, 40770
CST 2026-07-17 17:57:05.085  2255  2471 I A01b00/SCB: IconResourceFwk --> getBundleIcon start param: com.huawei.hmos.location, 64, true true
CST 2026-07-17 17:57:05.085  2255  2471 W A01b00/SCB: IconResourceUtils --> getIconResource from bms getBundleResourceInfo for com.huawei.hmos.location 0
CST 2026-07-17 17:57:05.086   796   796 I C01120/BMS: icon rdb get resource icon start -n com.huawei.hmos.location -i 0 -f 16
CST 2026-07-17 17:57:05.086   796   796 E C01650/StepResultSet: GoToRow:position[0] rowCount[0] rowPos_[-1]!
CST 2026-07-17 17:57:05.097  2255  2471 E C01707/CONCUR: [Interface] task 2471 apply qos failed, errno = 4
CST 2026-07-17 17:57:05.101  2255  2471 I C02b61/ImageSource: CreatePixelMap success, id:1784282225087892,dSize:(0,0),srcSize: (512,512),dHdr:1,sHdr:1,memType: 2,cost 13795 us
CST 2026-07-17 17:57:05.101  2255  2471 E C02b61/PixelMap: set ashmem name failed
CST 2026-07-17 17:57:05.107  2255  2471 E C01707/CONCUR: [Interface] task 2471 apply qos failed, errno = 4
CST 2026-07-17 17:57:05.111  2255  2471 I C02b61/ImageSource: CreatePixelMap success, id:1784282225101919,dSize:(0,0),srcSize: (512,512),dHdr:1,sHdr:1,memType: 2,cost 9915 us
CST 2026-07-17 17:57:05.111  2255  2471 E C02b61/PixelMap: set ashmem name failed
CST 2026-07-17 17:57:05.113  2255  2471 I C02b61/ImageSource: CreatePixelMap success, id:1784282225112749,dSize:(0,0),srcSize: (192,192),dHdr:1,sHdr:1,memType: 2,cost 960 us
CST 2026-07-17 17:57:05.113  2255  2471 E C02b61/PixelMap: set ashmem name failed
CST 2026-07-17 17:57:05.121  2255  2471 W A01b00/SCB: GraphicUtils --> com.huawei.hmos.location - getHdsIcon, size: (512, 512), pixelFormat: 4, leftTopPixel is transparent: true, 0-0-0-0
CST 2026-07-17 17:57:05.121  2255  2471 E C03900/HDS: [hds_drawable_descriptor.cpp-GetOtherIconsInfo:395]Get icon by name from resource failed, iconName: icon_mask, isGlobalMask: 0, state: 9001004
CST 2026-07-17 17:57:05.123  2255  2471 W C03900/HDS: [hds_drawable_descriptor.cpp-ProcessIcon:91]Mask size {192, 192}, bundleName: com.huawei.hmos.location
CST 2026-07-17 17:57:05.133  2255  2255 W A01c06/ICON: AppIconWeatherModel --> initWeatherListener, retryTimes: 4
CST 2026-07-17 17:57:05.135   644   650 I C02515/DISP: [InitBufferHandle:229] express init gbuffer id 28a00000061 ret 0 err 0 fd 8 512 512 pixel 4 size 1048576 usage 2b
CST 2026-07-17 17:57:05.135   644   650 I C02515/DISP: [ExpressAllocMem:271] ExpressAllocMem requeset BufferHandle 8, width 512, heigt 512, format 20
CST 2026-07-17 17:57:05.137   503  1776 E C01707/CONCUR: [Interface] task 1776 apply qos failed, errno = 4
CST 2026-07-17 17:57:05.137   503  1776 E C01611/QosManager: QosManager: Failed to set thread QoS to QOS_USER_INTERACTIVE, ret: -1
CST 2026-07-17 17:57:05.137   796   796 W C01123/BMSCommon: bundle not exist -n com.huawei.hmsapp.totemweather -u 100 -i 0 -f 32
CST 2026-07-17 17:57:05.137   796   796 W C01121/BMSQuery: GetBundleInfo failed -n com.huawei.hmsapp.totemweather -u 100
CST 2026-07-17 17:57:05.137   503  1776 E C01651/BundleMgrProxy: GetBundleInfoFromBMS: GetBundleInfo failed!bundleName is com.huawei.hmsapp.totemweather, userId is 100
CST 2026-07-17 17:57:05.137   503  1776 E C01651/DataProviderConfig: GetFromProxyData: Get bundleInfo failed! bundleName:com.huawei.hmsapp.totemweather, userId:100, visitedId:100, uri:******icIconInfo
CST 2026-07-17 17:57:05.137   503  1776 E C01651/DataShareServiceImpl: GetBMSAndMetaDataStatus: CalledInfo failed! token:0x20087fab,ret:1001,uri:******icIconInfo
CST 2026-07-17 17:57:05.137   503  1776 E C01651/DataShareServiceImpl: GetSilentProxyStatus: BMS or metaData not ready to complete, token:0x20087fab, uri:******icIconInfo
CST 2026-07-17 17:57:05.137  2255  2255 E A01c06/ICON: AppIconWeatherModel --> get weather info failed, code: 15700010, message: The DataShareHelper is not initialized successfully.
CST 2026-07-17 17:57:05.145   644   650 I C02515/DISP: [ExpressFreeMem:317] freeMem bufferhandle gbuffer_id 28a00000061, width 512, heigt 512
CST 2026-07-17 17:57:05.156   644   650 I C02515/DISP: [InitBufferHandle:229] express init gbuffer id 28a00000062 ret 0 err 0 fd 8 222 222 pixel 4 size 197136 usage 2b
CST 2026-07-17 17:57:05.156   644   650 I C02515/DISP: [ExpressAllocMem:271] ExpressAllocMem requeset BufferHandle 8, width 222, heigt 222, format 20
CST 2026-07-17 17:57:05.160   644   650 I C02515/DISP: [ExpressFreeMem:317] freeMem bufferhandle gbuffer_id 28a00000062, width 222, heigt 222
CST 2026-07-17 17:57:05.163  2255  2277 I C02515/DISP: [ExpressFreeMem:317] freeMem bufferhandle gbuffer_id 28a00000061, width 512, heigt 512
CST 2026-07-17 17:57:05.178  2255  2277 I C02515/DISP: [ExpressFreeMem:317] freeMem bufferhandle gbuffer_id 28a00000062, width 222, heigt 222
CST 2026-07-17 17:57:05.191  2255  2277 I C03900/HDS: [hds_drawable_descriptor.cpp-ProcessIcon:101]set pixelmap editable : 0 .
CST 2026-07-17 17:57:05.191  2255  2277 E C02b61/PixelMap: set ashmem name failed
CST 2026-07-17 17:57:05.192  2255  2277 W A01b00/SCB: GraphicUtils --> combinePic from HdsIcon, bundleName: com.huawei.hmos.location, iconSizeOfGrid: 64, hasBorder: true
CST 2026-07-17 17:57:05.192  2255  2277 I A01b00/SCB: IconResourceFwk --> getBundleIcon end param: com.huawei.hmos.location, 64, true true
CST 2026-07-17 17:57:05.196  2255  2284 I C02b61/ImageCode: DoEncode:(224, 224) cost 3567 us
CST 2026-07-17 17:57:05.197  2255  2286 I C01631/GaussPD:  [0] [ADAPTER] [139900922874624] Not support binlog_default.writeLock file enable del monitor sysno = 25
CST 2026-07-17 17:57:05.197  2255  2286 I C01631/GaussPD:  [0] [ADAPTER] [139900922874624] Not support binlog_default.writeLock file enable del monitor sysno = 25
CST 2026-07-17 17:57:05.197  2255  2286 I C01631/GaussPD:  [0] [ADAPTER] [139900922874624] Not support binlog_default.writeLock file enable del monitor sysno = 25
CST 2026-07-17 17:57:05.197  2255  2286 I C01631/GaussPD:  [0] [ADAPTER] [139900922874624] Not support binlog_default.writeLock file enable del monitor sysno = 25
CST 2026-07-17 17:57:05.197  2255  2286 I C01631/GaussPD:  [0] [ADAPTER] [139900922874624] Not support binlog_default.writeIndex file enable del monitor sysno = 25
CST 2026-07-17 17:57:05.197  2255  2286 I C01631/GaussPD:  [0] [ADAPTER] [139900922874624] Not support binlog_default.writeIndex file enable del monitor sysno = 25
CST 2026-07-17 17:57:05.198  2255  2277 I A01a01/NC: NotificationConfigManager: update icon result: com.huawei.hmos.location, 21906
CST 2026-07-17 17:57:05.198  2255  2277 I A01b00/SCB: IconResourceFwk --> getBundleIcon start param: com.ohos.powerdialog, 64, true true
CST 2026-07-17 17:57:05.198  2255  2277 W A01b00/SCB: IconResourceUtils --> getIconResource from bms getBundleResourceInfo for com.ohos.powerdialog 0
CST 2026-07-17 17:57:05.198   796   796 I C01120/BMS: icon rdb get resource icon start -n com.ohos.powerdialog -i 0 -f 16
CST 2026-07-17 17:57:05.198   796   796 E C01650/StepResultSet: GoToRow:position[0] rowCount[0] rowPos_[-1]!
CST 2026-07-17 17:57:05.199  2255  2277 I C02b61/ImageSource: CreatePixelMap success, id:1784282225199049,dSize:(0,0),srcSize: (114,114),dHdr:1,sHdr:1,memType: 2,cost 543 us
CST 2026-07-17 17:57:05.199  2255  2277 E C02b61/PixelMap: set ashmem name failed
CST 2026-07-17 17:57:05.199  2255  2277 W A01b00/SCB: GraphicUtils --> com.ohos.powerdialog - getHdsIcon, size: (114, 114), pixelFormat: 4, leftTopPixel is transparent: true, 0-0-0-0
CST 2026-07-17 17:57:05.200  2255  2277 E C03900/HDS: [hds_drawable_descriptor.cpp-GetOtherIconsInfo:395]Get icon by name from resource failed, iconName: icon_mask, isGlobalMask: 0, state: 9001004
CST 2026-07-17 17:57:05.200  2255  2277 W C03900/HDS: [hds_drawable_descriptor.cpp-ProcessIcon:91]Mask size {192, 192}, bundleName: com.ohos.powerdialog
CST 2026-07-17 17:57:05.201  2255  2471 I C02b61/PixelMap: PixelMap::scale SLR 243, srcSize: [192, 192], dstSize: [114, 114], cost: 0
CST 2026-07-17 17:57:05.211   644   650 I C02515/DISP: [InitBufferHandle:229] express init gbuffer id 28a00000063 ret 0 err 0 fd 8 114 114 pixel 4 size 51984 usage 2b
CST 2026-07-17 17:57:05.211   644   650 I C02515/DISP: [ExpressAllocMem:271] ExpressAllocMem requeset BufferHandle 8, width 114, heigt 114, format 20
CST 2026-07-17 17:57:05.216   644   650 I C02515/DISP: [ExpressFreeMem:317] freeMem bufferhandle gbuffer_id 28a00000063, width 114, heigt 114
CST 2026-07-17 17:57:05.226   644   650 I C02515/DISP: [InitBufferHandle:229] express init gbuffer id 28a00000064 ret 0 err 0 fd 8 222 222 pixel 4 size 197136 usage 2b
CST 2026-07-17 17:57:05.226   644   650 I C02515/DISP: [ExpressAllocMem:271] ExpressAllocMem requeset BufferHandle 8, width 222, heigt 222, format 20
CST 2026-07-17 17:57:05.226   142   430 I C01800/SAMGR: NF SA:65962,914_56
CST 2026-07-17 17:57:05.227   914  1030 E C01810/SA_CLIENT: GetSaWrap SA:65962 not start
CST 2026-07-17 17:57:05.227   914  1030 I C01409/APS_MANAGER: request system service object is not ready yet!
CST 2026-07-17 17:57:05.231   644   650 I C02515/DISP: [ExpressFreeMem:317] freeMem bufferhandle gbuffer_id 28a00000064, width 222, heigt 222
CST 2026-07-17 17:57:05.231  2255  2471 I C02515/DISP: [ExpressFreeMem:317] freeMem bufferhandle gbuffer_id 28a00000063, width 114, heigt 114
CST 2026-07-17 17:57:05.245  2255  2471 I C02515/DISP: [ExpressFreeMem:317] freeMem bufferhandle gbuffer_id 28a00000064, width 222, heigt 222
CST 2026-07-17 17:57:05.258  2255  2471 I C03900/HDS: [hds_drawable_descriptor.cpp-ProcessIcon:101]set pixelmap editable : 0 .
CST 2026-07-17 17:57:05.258  2255  2471 E C02b61/PixelMap: set ashmem name failed
CST 2026-07-17 17:57:05.258  2255  2471 W A01b00/SCB: GraphicUtils --> combinePic from HdsIcon, bundleName: com.ohos.powerdialog, iconSizeOfGrid: 64, hasBorder: true
CST 2026-07-17 17:57:05.258  2255  2471 I A01b00/SCB: IconResourceFwk --> getBundleIcon end param: com.ohos.powerdialog, 64, true true
CST 2026-07-17 17:57:05.263  2255  2285 I C02b61/ImageCode: DoEncode:(224, 224) cost 4283 us
CST 2026-07-17 17:57:05.264  2255  2284 I C01631/GaussPD:  [0] [ADAPTER] [139902111435520] Not support binlog_default.writeLock file enable del monitor sysno = 25
CST 2026-07-17 17:57:05.264  2255  2284 I C01631/GaussPD:  [0] [ADAPTER] [139902111435520] Not support binlog_default.writeLock file enable del monitor sysno = 25
CST 2026-07-17 17:57:05.264  2255  2284 I C01631/GaussPD:  [0] [ADAPTER] [139902111435520] Not support binlog_default.writeLock file enable del monitor sysno = 25
CST 2026-07-17 17:57:05.265  2255  2284 I C01631/GaussPD:  [0] [ADAPTER] [139902111435520] Not support binlog_default.writeLock file enable del monitor sysno = 25
CST 2026-07-17 17:57:05.265  2255  2284 I C01631/GaussPD:  [0] [ADAPTER] [139902111435520] Not support binlog_default.writeIndex file enable del monitor sysno = 25
CST 2026-07-17 17:57:05.265  2255  2284 I C01631/GaussPD:  [0] [ADAPTER] [139902111435520] Not support binlog_default.writeIndex file enable del monitor sysno = 25
CST 2026-07-17 17:57:05.265  2255  2471 I A01a01/NC: NotificationConfigManager: update icon result: com.ohos.powerdialog, 38242
CST 2026-07-17 17:57:05.265  2255  2471 I A01b00/SCB: IconResourceFwk --> getBundleIcon start param: com.huawei.hmsapp.hiai, 64, true true
CST 2026-07-17 17:57:05.265  2255  2471 W A01b00/SCB: IconResourceUtils --> getIconResource from bms getBundleResourceInfo for com.huawei.hmsapp.hiai 0
CST 2026-07-17 17:57:05.266   796   796 I C01120/BMS: icon rdb get resource icon start -n com.huawei.hmsapp.hiai -i 0 -f 16
CST 2026-07-17 17:57:05.267   796   796 E C01650/StepResultSet: GoToRow:position[0] rowCount[0] rowPos_[-1]!
CST 2026-07-17 17:57:05.271   168  1365 I C02d10/CpuCollector: CalculateProcessCpuStatInfos: startTime=1784282215269, endTime=1784282225271, startBootTime=60595, endBootTime=70598, period=10003, isNeedUpdate=1
CST 2026-07-17 17:57:05.271   168  1365 W C02d10/UCollectUtil-CpuCalculator: CalculateCpuLoad: invalid num of max cpu load unit
CST 2026-07-17 17:57:05.271   168  1365 W C02d10/UCollectUtil-CpuCalculator: CalculateCpuLoad: invalid num of max cpu load unit
CST 2026-07-17 17:57:05.271   168  1365 W C02d10/UCollectUtil-CpuCalculator: CalculateCpuLoad: invalid num of max cpu load unit
CST 2026-07-17 17:57:05.271   168  1365 W C02d10/UCollectUtil-CpuCalculator: CalculateCpuLoad: invalid num of max cpu load unit
CST 2026-07-17 17:57:05.271   168  1365 W C02d10/UCollectUtil-CpuCalculator: CalculateCpuLoad: invalid num of max cpu load unit
CST 2026-07-17 17:57:05.271   168  1365 W C02d10/UCollectUtil-CpuCalculator: CalculateCpuLoad: invalid num of max cpu load unit
CST 2026-07-17 17:57:05.271   168  1365 W C02d10/UCollectUtil-CpuCalculator: CalculateCpuLoad: invalid num of max cpu load unit
CST 2026-07-17 17:57:05.271   168  1365 W C02d10/UCollectUtil-CpuCalculator: CalculateCpuLoad: invalid num of max cpu load unit
CST 2026-07-17 17:57:05.271   168  1365 W C02d10/UCollectUtil-CpuCalculator: CalculateCpuLoad: invalid num of max cpu load unit
CST 2026-07-17 17:57:05.271   168  1365 W C02d10/UCollectUtil-CpuCalculator: CalculateCpuLoad: invalid num of max cpu load unit
CST 2026-07-17 17:57:05.271   168  1365 W C02d10/UCollectUtil-CpuCalculator: CalculateCpuLoad: invalid num of max cpu load unit
CST 2026-07-17 17:57:05.271   168  1365 W C02d10/UCollectUtil-CpuCalculator: CalculateCpuLoad: invalid num of max cpu load unit
CST 2026-07-17 17:57:05.271   168  1365 W C02d10/UCollectUtil-CpuCalculator: CalculateCpuLoad: invalid num of max cpu load unit
CST 2026-07-17 17:57:05.271   168  1365 W C02d10/UCollectUtil-CpuCalculator: CalculateCpuLoad: invalid num of max cpu load unit
CST 2026-07-17 17:57:05.271   168  1365 W C02d10/UCollectUtil-CpuCalculator: CalculateCpuLoad: invalid num of max cpu load unit
CST 2026-07-17 17:57:05.271   168  1365 W C02d10/UCollectUtil-CpuCalculator: CalculateCpuLoad: invalid num of max cpu load unit
CST 2026-07-17 17:57:05.271   168  1365 W C02d10/UCollectUtil-CpuCalculator: CalculateCpuLoad: invalid num of max cpu load unit
CST 2026-07-17 17:57:05.271   168  1365 W C02d10/UCollectUtil-CpuCalculator: CalculateCpuLoad: invalid num of max cpu load unit
CST 2026-07-17 17:57:05.271   168  1365 W C02d10/UCollectUtil-CpuCalculator: CalculateCpuLoad: invalid num of max cpu load unit
CST 2026-07-17 17:57:05.271   168  1365 W C02d10/UCollectUtil-CpuCalculator: CalculateCpuLoad: invalid num of max cpu load unit
CST 2026-07-17 17:57:05.271   168  1365 W C02d10/UCollectUtil-CpuCalculator: CalculateCpuLoad: invalid num of max cpu load unit
CST 2026-07-17 17:57:05.271   168  1365 W C02d10/UCollectUtil-CpuCalculator: CalculateCpuLoad: invalid num of max cpu load unit
CST 2026-07-17 17:57:05.272   168  1365 W C02d10/UCollectUtil-CpuCalculator: CalculateCpuLoad: invalid num of max cpu load unit
CST 2026-07-17 17:57:05.272   168  1365 W C02d10/UCollectUtil-CpuCalculator: CalculateCpuLoad: invalid num of max cpu load unit
CST 2026-07-17 17:57:05.272   168  1365 W C02d10/UCollectUtil-CpuCalculator: CalculateCpuLoad: invalid num of max cpu load unit
CST 2026-07-17 17:57:05.272   168  1365 W C02d10/UCollectUtil-CpuCalculator: CalculateCpuLoad: invalid num of max cpu load unit
CST 2026-07-17 17:57:05.272   168  1365 W C02d10/UCollectUtil-CpuCalculator: CalculateCpuLoad: invalid num of max cpu load unit
CST 2026-07-17 17:57:05.272   168  1365 W C02d10/UCollectUtil-CpuCalculator: CalculateCpuLoad: invalid num of max cpu load unit
CST 2026-07-17 17:57:05.272   168  1365 W C02d10/UCollectUtil-CpuCalculator: CalculateCpuLoad: invalid num of max cpu load unit
CST 2026-07-17 17:57:05.272   168  1365 W C02d10/UCollectUtil-CpuCalculator: CalculateCpuLoad: invalid num of max cpu load unit
CST 2026-07-17 17:57:05.272   168  1365 W C02d10/UCollectUtil-CpuCalculator: CalculateCpuLoad: invalid num of max cpu load unit
CST 2026-07-17 17:57:05.272   168  1365 W C02d10/UCollectUtil-CpuCalculator: CalculateCpuLoad: invalid num of max cpu load unit
CST 2026-07-17 17:57:05.272   168  1365 W C02d10/UCollectUtil-CpuCalculator: CalculateCpuLoad: invalid num of max cpu load unit
CST 2026-07-17 17:57:05.272   168  1365 W C02d10/UCollectUtil-CpuCalculator: CalculateCpuLoad: invalid num of max cpu load unit
CST 2026-07-17 17:57:05.272   168  1365 W C02d10/UCollectUtil-CpuCalculator: CalculateCpuLoad: invalid num of max cpu load unit
CST 2026-07-17 17:57:05.272   168  1365 W C02d10/UCollectUtil-CpuCalculator: CalculateCpuLoad: invalid num of max cpu load unit
CST 2026-07-17 17:57:05.272   168  1365 W C02d10/UCollectUtil-CpuCalculator: CalculateCpuLoad: invalid num of max cpu load unit
CST 2026-07-17 17:57:05.272   168  1365 W C02d10/UCollectUtil-CpuCalculator: CalculateCpuLoad: invalid num of max cpu load unit
CST 2026-07-17 17:57:05.272   168  1365 W C02d10/UCollectUtil-CpuCalculator: CalculateCpuLoad: invalid num of max cpu load unit
CST 2026-07-17 17:57:05.272   168  1365 W C02d10/UCollectUtil-CpuCalculator: CalculateCpuLoad: invalid num of max cpu load unit
CST 2026-07-17 17:57:05.272   168  1365 W C02d10/UCollectUtil-CpuCalculator: CalculateCpuLoad: invalid num of max cpu load unit
CST 2026-07-17 17:57:05.272   168  1365 W C02d10/UCollectUtil-CpuCalculator: CalculateCpuLoad: invalid num of max cpu load unit
CST 2026-07-17 17:57:05.272   168  1365 W C02d10/UCollectUtil-CpuCalculator: CalculateCpuLoad: invalid num of max cpu load unit
CST 2026-07-17 17:57:05.272   168  1365 W C02d10/UCollectUtil-CpuCalculator: CalculateCpuLoad: invalid num of max cpu load unit
CST 2026-07-17 17:57:05.272   168  1365 W C02d10/UCollectUtil-CpuCalculator: CalculateCpuLoad: invalid num of max cpu load unit
CST 2026-07-17 17:57:05.272   168  1365 W C02d10/UCollectUtil-CpuCalculator: CalculateCpuLoad: invalid num of max cpu load unit
CST 2026-07-17 17:57:05.272   168  1365 W C02d10/UCollectUtil-CpuCalculator: CalculateCpuLoad: invalid num of max cpu load unit
CST 2026-07-17 17:57:05.272   168  1365 W C02d10/UCollectUtil-CpuCalculator: CalculateCpuLoad: invalid num of max cpu load unit
CST 2026-07-17 17:57:05.272   168  1365 W C02d10/UCollectUtil-CpuCalculator: CalculateCpuLoad: invalid num of max cpu load unit
CST 2026-07-17 17:57:05.272   168  1365 W C02d10/UCollectUtil-CpuCalculator: CalculateCpuLoad: invalid num of max cpu load unit
CST 2026-07-17 17:57:05.272   168  1365 W C02d10/UCollectUtil-CpuCalculator: CalculateCpuLoad: invalid num of max cpu load unit
CST 2026-07-17 17:57:05.272   168  1365 W C02d10/UCollectUtil-CpuCalculator: CalculateCpuLoad: invalid num of max cpu load unit
CST 2026-07-17 17:57:05.272   168  1365 W C02d10/UCollectUtil-CpuCalculator: CalculateCpuLoad: invalid num of max cpu load unit
CST 2026-07-17 17:57:05.272   168  1365 W C02d10/UCollectUtil-CpuCalculator: CalculateCpuLoad: invalid num of max cpu load unit
CST 2026-07-17 17:57:05.272   168  1365 W C02d10/UCollectUtil-CpuCalculator: CalculateCpuLoad: invalid num of max cpu load unit
CST 2026-07-17 17:57:05.272   168  1365 W C02d10/UCollectUtil-CpuCalculator: CalculateCpuLoad: invalid num of max cpu load unit
CST 2026-07-17 17:57:05.272   168  1365 W C02d10/UCollectUtil-CpuCalculator: CalculateCpuLoad: invalid num of max cpu load unit
CST 2026-07-17 17:57:05.272   168  1365 W C02d10/UCollectUtil-CpuCalculator: CalculateCpuLoad: invalid num of max cpu load unit
CST 2026-07-17 17:57:05.272   168  1365 W C02d10/UCollectUtil-CpuCalculator: CalculateCpuLoad: invalid num of max cpu load unit
CST 2026-07-17 17:57:05.272   168  1365 W C02d10/UCollectUtil-CpuCalculator: CalculateCpuLoad: invalid num of max cpu load unit
CST 2026-07-17 17:57:05.272   168  1365 W C02d10/UCollectUtil-CpuCalculator: CalculateCpuLoad: invalid num of max cpu load unit
CST 2026-07-17 17:57:05.272   168  1365 W C02d10/UCollectUtil-CpuCalculator: CalculateCpuLoad: invalid num of max cpu load unit
CST 2026-07-17 17:57:05.272   168  1365 W C02d10/UCollectUtil-CpuCalculator: CalculateCpuLoad: invalid num of max cpu load unit
CST 2026-07-17 17:57:05.272   168  1365 W C02d10/UCollectUtil-CpuCalculator: CalculateCpuLoad: invalid num of max cpu load unit
CST 2026-07-17 17:57:05.272   168  1365 W C02d10/UCollectUtil-CpuCalculator: CalculateCpuLoad: invalid num of max cpu load unit
CST 2026-07-17 17:57:05.272   168  1365 W C02d10/UCollectUtil-CpuCalculator: CalculateCpuLoad: invalid num of max cpu load unit
CST 2026-07-17 17:57:05.272   168  1365 W C02d10/UCollectUtil-CpuCalculator: CalculateCpuLoad: invalid num of max cpu load unit
CST 2026-07-17 17:57:05.272   168  1365 W C02d10/UCollectUtil-CpuCalculator: CalculateCpuLoad: invalid num of max cpu load unit
CST 2026-07-17 17:57:05.272   168  1365 W C02d10/UCollectUtil-CpuCalculator: CalculateCpuLoad: invalid num of max cpu load unit
CST 2026-07-17 17:57:05.272   168  1365 W C02d10/UCollectUtil-CpuCalculator: CalculateCpuLoad: invalid num of max cpu load unit
CST 2026-07-17 17:57:05.272   168  1365 W C02d10/UCollectUtil-CpuCalculator: CalculateCpuLoad: invalid num of max cpu load unit
CST 2026-07-17 17:57:05.272   168  1365 W C02d10/UCollectUtil-CpuCalculator: CalculateCpuLoad: invalid num of max cpu load unit
CST 2026-07-17 17:57:05.272   168  1365 W C02d10/UCollectUtil-CpuCalculator: CalculateCpuLoad: invalid num of max cpu load unit
CST 2026-07-17 17:57:05.272   168  1365 W C02d10/UCollectUtil-CpuCalculator: CalculateCpuLoad: invalid num of max cpu load unit
CST 2026-07-17 17:57:05.272   168  1365 W C02d10/UCollectUtil-CpuCalculator: CalculateCpuLoad: invalid num of max cpu load unit
CST 2026-07-17 17:57:05.272   168  1365 W C02d10/UCollectUtil-CpuCalculator: CalculateCpuLoad: invalid num of max cpu load unit
CST 2026-07-17 17:57:05.272   168  1365 W C02d10/UCollectUtil-CpuCalculator: CalculateCpuLoad: invalid num of max cpu load unit
CST 2026-07-17 17:57:05.272   168  1365 W C02d10/UCollectUtil-CpuCalculator: CalculateCpuLoad: invalid num of max cpu load unit
CST 2026-07-17 17:57:05.272   168  1365 W C02d10/UCollectUtil-CpuCalculator: CalculateCpuLoad: invalid num of max cpu load unit
CST 2026-07-17 17:57:05.272   168  1365 W C02d10/UCollectUtil-CpuCalculator: CalculateCpuLoad: invalid num of max cpu load unit
CST 2026-07-17 17:57:05.272   168  1365 W C02d10/UCollectUtil-CpuCalculator: CalculateCpuLoad: invalid num of max cpu load unit
CST 2026-07-17 17:57:05.272   168  1365 W C02d10/UCollectUtil-CpuCalculator: CalculateCpuLoad: invalid num of max cpu load unit
CST 2026-07-17 17:57:05.272   168  1365 W C02d10/UCollectUtil-CpuCalculator: CalculateCpuLoad: invalid num of max cpu load unit
CST 2026-07-17 17:57:05.272   168  1365 W C02d10/UCollectUtil-CpuCalculator: CalculateCpuLoad: invalid num of max cpu load unit
CST 2026-07-17 17:57:05.272   168  1365 W C02d10/UCollectUtil-CpuCalculator: CalculateCpuLoad: invalid num of max cpu load unit
CST 2026-07-17 17:57:05.272   168  1365 W C02d10/UCollectUtil-CpuCalculator: CalculateCpuLoad: invalid num of max cpu load unit
CST 2026-07-17 17:57:05.272   168  1365 W C02d10/UCollectUtil-CpuCalculator: CalculateCpuLoad: invalid num of max cpu load unit
CST 2026-07-17 17:57:05.272   168  1365 W C02d10/UCollectUtil-CpuCalculator: CalculateCpuLoad: invalid num of max cpu load unit
CST 2026-07-17 17:57:05.272   168  1365 W C02d10/UCollectUtil-CpuCalculator: CalculateCpuLoad: invalid num of max cpu load unit
CST 2026-07-17 17:57:05.272   168  1365 W C02d10/UCollectUtil-CpuCalculator: CalculateCpuLoad: invalid num of max cpu load unit
CST 2026-07-17 17:57:05.272   168  1365 W C02d10/UCollectUtil-CpuCalculator: CalculateCpuLoad: invalid num of max cpu load unit
CST 2026-07-17 17:57:05.272   168  1365 W C02d10/UCollectUtil-CpuCalculator: CalculateCpuLoad: invalid num of max cpu load unit
CST 2026-07-17 17:57:05.272   168  1365 W C02d10/UCollectUtil-CpuCalculator: CalculateCpuLoad: invalid num of max cpu load unit
CST 2026-07-17 17:57:05.272   168  1365 W C02d10/UCollectUtil-CpuCalculator: CalculateCpuLoad: invalid num of max cpu load unit
CST 2026-07-17 17:57:05.272   168  1365 W C02d10/UCollectUtil-CpuCalculator: CalculateCpuLoad: invalid num of max cpu load unit
CST 2026-07-17 17:57:05.272   168  1365 W C02d10/UCollectUtil-CpuCalculator: CalculateCpuLoad: invalid num of max cpu load unit
CST 2026-07-17 17:57:05.272   168  1365 W C02d10/UCollectUtil-CpuCalculator: CalculateCpuLoad: invalid num of max cpu load unit
CST 2026-07-17 17:57:05.272   168  1365 W C02d10/UCollectUtil-CpuCalculator: CalculateCpuLoad: invalid num of max cpu load unit
CST 2026-07-17 17:57:05.272   168  1365 W C02d10/UCollectUtil-CpuCalculator: CalculateCpuLoad: invalid num of max cpu load unit
CST 2026-07-17 17:57:05.272   168  1365 W C02d10/UCollectUtil-CpuCalculator: CalculateCpuLoad: invalid num of max cpu load unit
CST 2026-07-17 17:57:05.272   168  1365 W C02d10/UCollectUtil-CpuCalculator: CalculateCpuLoad: invalid num of max cpu load unit
CST 2026-07-17 17:57:05.272   168  1365 W C02d10/UCollectUtil-CpuCalculator: CalculateCpuLoad: invalid num of max cpu load unit
CST 2026-07-17 17:57:05.272   168  1365 W C02d10/UCollectUtil-CpuCalculator: CalculateCpuLoad: invalid num of max cpu load unit
CST 2026-07-17 17:57:05.272   168  1365 W C02d10/UCollectUtil-CpuCalculator: CalculateCpuLoad: invalid num of max cpu load unit
CST 2026-07-17 17:57:05.272   168  1365 W C02d10/UCollectUtil-CpuCalculator: CalculateCpuLoad: invalid num of max cpu load unit
CST 2026-07-17 17:57:05.272   168  1365 W C02d10/UCollectUtil-CpuCalculator: CalculateCpuLoad: invalid num of max cpu load unit
CST 2026-07-17 17:57:05.272   168  1365 W C02d10/UCollectUtil-CpuCalculator: CalculateCpuLoad: invalid num of max cpu load unit
CST 2026-07-17 17:57:05.272   168  1365 W C02d10/UCollectUtil-CpuCalculator: CalculateCpuLoad: invalid num of max cpu load unit
CST 2026-07-17 17:57:05.272   168  1365 W C02d10/UCollectUtil-CpuCalculator: CalculateCpuLoad: invalid num of max cpu load unit
CST 2026-07-17 17:57:05.272   168  1365 W C02d10/UCollectUtil-CpuCalculator: CalculateCpuLoad: invalid num of max cpu load unit
CST 2026-07-17 17:57:05.272   168  1365 W C02d10/UCollectUtil-CpuCalculator: CalculateCpuLoad: invalid num of max cpu load unit
CST 2026-07-17 17:57:05.272   168  1365 W C02d10/UCollectUtil-CpuCalculator: CalculateCpuLoad: invalid num of max cpu load unit
CST 2026-07-17 17:57:05.272   168  1365 W C02d10/UCollectUtil-CpuCalculator: CalculateCpuLoad: invalid num of max cpu load unit
CST 2026-07-17 17:57:05.272   168  1365 W C02d10/UCollectUtil-CpuCalculator: CalculateCpuLoad: invalid num of max cpu load unit
CST 2026-07-17 17:57:05.272   168  1365 W C02d10/UCollectUtil-CpuCalculator: CalculateCpuLoad: invalid num of max cpu load unit
CST 2026-07-17 17:57:05.272   168  1365 W C02d10/UCollectUtil-CpuCalculator: CalculateCpuLoad: invalid num of max cpu load unit
CST 2026-07-17 17:57:05.272   168  1365 W C02d10/UCollectUtil-CpuCalculator: CalculateCpuLoad: invalid num of max cpu load unit
CST 2026-07-17 17:57:05.272   168  1365 W C02d10/UCollectUtil-CpuCalculator: CalculateCpuLoad: invalid num of max cpu load unit
CST 2026-07-17 17:57:05.272   168  1365 W C02d10/UCollectUtil-CpuCalculator: CalculateCpuLoad: invalid num of max cpu load unit
CST 2026-07-17 17:57:05.272   168  1365 W C02d10/UCollectUtil-CpuCalculator: CalculateCpuLoad: invalid num of max cpu load unit
CST 2026-07-17 17:57:05.272   168  1365 W C02d10/UCollectUtil-CpuCalculator: CalculateCpuLoad: invalid num of max cpu load unit
CST 2026-07-17 17:57:05.272   168  1365 W C02d10/UCollectUtil-CpuCalculator: CalculateCpuLoad: invalid num of max cpu load unit
CST 2026-07-17 17:57:05.272   168  1365 W C02d10/UCollectUtil-CpuCalculator: CalculateCpuLoad: invalid num of max cpu load unit
CST 2026-07-17 17:57:05.272   168  1365 W C02d10/UCollectUtil-CpuCalculator: CalculateCpuLoad: invalid num of max cpu load unit
CST 2026-07-17 17:57:05.272   168  1365 W C02d10/UCollectUtil-CpuCalculator: CalculateCpuLoad: invalid num of max cpu load unit
CST 2026-07-17 17:57:05.272   168  1365 W C02d10/UCollectUtil-CpuCalculator: CalculateCpuLoad: invalid num of max cpu load unit
CST 2026-07-17 17:57:05.272   168  1365 W C02d10/UCollectUtil-CpuCalculator: CalculateCpuLoad: invalid num of max cpu load unit
CST 2026-07-17 17:57:05.272   168  1365 W C02d10/UCollectUtil-CpuCalculator: CalculateCpuLoad: invalid num of max cpu load unit
CST 2026-07-17 17:57:05.272   168  1365 W C02d10/UCollectUtil-CpuCalculator: CalculateCpuLoad: invalid num of max cpu load unit
CST 2026-07-17 17:57:05.272   168  1365 W C02d10/UCollectUtil-CpuCalculator: CalculateCpuLoad: invalid num of max cpu load unit
CST 2026-07-17 17:57:05.272   168  1365 W C02d10/UCollectUtil-CpuCalculator: CalculateCpuLoad: invalid num of max cpu load unit
CST 2026-07-17 17:57:05.272   168  1365 W C02d10/UCollectUtil-CpuCalculator: CalculateCpuLoad: invalid num of max cpu load unit
CST 2026-07-17 17:57:05.272   168  1365 W C02d10/UCollectUtil-CpuCalculator: CalculateCpuLoad: invalid num of max cpu load unit
CST 2026-07-17 17:57:05.272   168  1365 W C02d10/UCollectUtil-CpuCalculator: CalculateCpuLoad: invalid num of max cpu load unit
CST 2026-07-17 17:57:05.272   168  1365 W C02d10/UCollectUtil-CpuCalculator: CalculateCpuLoad: invalid num of max cpu load unit
CST 2026-07-17 17:57:05.272   168  1365 W C02d10/UCollectUtil-CpuCalculator: CalculateCpuLoad: invalid num of max cpu load unit
CST 2026-07-17 17:57:05.272   168  1365 W C02d10/UCollectUtil-CpuCalculator: CalculateCpuLoad: invalid num of max cpu load unit
CST 2026-07-17 17:57:05.272   168  1365 W C02d10/UCollectUtil-CpuCalculator: CalculateCpuLoad: invalid num of max cpu load unit
CST 2026-07-17 17:57:05.272   168  1365 W C02d10/UCollectUtil-CpuCalculator: CalculateCpuLoad: invalid num of max cpu load unit
CST 2026-07-17 17:57:05.272   168  1365 W C02d10/UCollectUtil-CpuCalculator: CalculateCpuLoad: invalid num of max cpu load unit
CST 2026-07-17 17:57:05.272   168  1365 W C02d10/UCollectUtil-CpuCalculator: CalculateCpuLoad: invalid num of max cpu load unit
CST 2026-07-17 17:57:05.272   168  1365 W C02d10/UCollectUtil-CpuCalculator: CalculateCpuLoad: invalid num of max cpu load unit
CST 2026-07-17 17:57:05.272   168  1365 W C02d10/UCollectUtil-CpuCalculator: CalculateCpuLoad: invalid num of max cpu load unit
CST 2026-07-17 17:57:05.272   168  1365 W C02d10/UCollectUtil-CpuCalculator: CalculateCpuLoad: invalid num of max cpu load unit
CST 2026-07-17 17:57:05.272   168  1365 W C02d10/UCollectUtil-CpuCalculator: CalculateCpuLoad: invalid num of max cpu load unit
CST 2026-07-17 17:57:05.272   168  1365 W C02d10/UCollectUtil-CpuCalculator: CalculateCpuLoad: invalid num of max cpu load unit
CST 2026-07-17 17:57:05.272   168  1365 W C02d10/UCollectUtil-CpuCalculator: CalculateCpuLoad: invalid num of max cpu load unit
CST 2026-07-17 17:57:05.272   168  1365 W C02d10/UCollectUtil-CpuCalculator: CalculateCpuLoad: invalid num of max cpu load unit
CST 2026-07-17 17:57:05.272   168  1365 W C02d10/UCollectUtil-CpuCalculator: CalculateCpuLoad: invalid num of max cpu load unit
CST 2026-07-17 17:57:05.272   168  1365 W C02d10/UCollectUtil-CpuCalculator: CalculateCpuLoad: invalid num of max cpu load unit
CST 2026-07-17 17:57:05.272   168  1365 W C02d10/UCollectUtil-CpuCalculator: CalculateCpuLoad: invalid num of max cpu load unit
CST 2026-07-17 17:57:05.272   168  1365 W C02d10/UCollectUtil-CpuCalculator: CalculateCpuLoad: invalid num of max cpu load unit
CST 2026-07-17 17:57:05.272   168  1365 W C02d10/UCollectUtil-CpuCalculator: CalculateCpuLoad: invalid num of max cpu load unit
CST 2026-07-17 17:57:05.272   168  1365 W C02d10/UCollectUtil-CpuCalculator: CalculateCpuLoad: invalid num of max cpu load unit
CST 2026-07-17 17:57:05.272   168  1365 W C02d10/UCollectUtil-CpuCalculator: CalculateCpuLoad: invalid num of max cpu load unit
CST 2026-07-17 17:57:05.272   168  1365 W C02d10/UCollectUtil-CpuCalculator: CalculateCpuLoad: invalid num of max cpu load unit
CST 2026-07-17 17:57:05.272   168  1365 W C02d10/UCollectUtil-CpuCalculator: CalculateCpuLoad: invalid num of max cpu load unit
CST 2026-07-17 17:57:05.272   168  1365 W C02d10/UCollectUtil-CpuCalculator: CalculateCpuLoad: invalid num of max cpu load unit
CST 2026-07-17 17:57:05.272   168  1365 W C02d10/UCollectUtil-CpuCalculator: CalculateCpuLoad: invalid num of max cpu load unit
CST 2026-07-17 17:57:05.272   168  1365 W C02d10/UCollectUtil-CpuCalculator: CalculateCpuLoad: invalid num of max cpu load unit
CST 2026-07-17 17:57:05.272   168  1365 W C02d10/UCollectUtil-CpuCalculator: CalculateCpuLoad: invalid num of max cpu load unit
CST 2026-07-17 17:57:05.272   168  1365 W C02d10/UCollectUtil-CpuCalculator: CalculateCpuLoad: invalid num of max cpu load unit
CST 2026-07-17 17:57:05.272   168  1365 W C02d10/UCollectUtil-CpuCalculator: CalculateCpuLoad: invalid num of max cpu load unit
CST 2026-07-17 17:57:05.272   168  1365 W C02d10/UCollectUtil-CpuCalculator: CalculateCpuLoad: invalid num of max cpu load unit
CST 2026-07-17 17:57:05.272   168  1365 W C02d10/UCollectUtil-CpuCalculator: CalculateCpuLoad: invalid num of max cpu load unit
CST 2026-07-17 17:57:05.272   168  1365 W C02d10/UCollectUtil-CpuCalculator: CalculateCpuLoad: invalid num of max cpu load unit
CST 2026-07-17 17:57:05.272   168  1365 W C02d10/UCollectUtil-CpuCalculator: CalculateCpuLoad: invalid num of max cpu load unit
CST 2026-07-17 17:57:05.272   168  1365 W C02d10/UCollectUtil-CpuCalculator: CalculateCpuLoad: invalid num of max cpu load unit
CST 2026-07-17 17:57:05.272   168  1365 W C02d10/UCollectUtil-CpuCalculator: CalculateCpuLoad: invalid num of max cpu load unit
CST 2026-07-17 17:57:05.272   168  1365 W C02d10/UCollectUtil-CpuCalculator: CalculateCpuLoad: invalid num of max cpu load unit
CST 2026-07-17 17:57:05.272   168  1365 W C02d10/UCollectUtil-CpuCalculator: CalculateCpuLoad: invalid num of max cpu load unit
CST 2026-07-17 17:57:05.272   168  1365 W C02d10/UCollectUtil-CpuCalculator: CalculateCpuLoad: invalid num of max cpu load unit
CST 2026-07-17 17:57:05.272   168  1365 W C02d10/UCollectUtil-CpuCalculator: CalculateCpuLoad: invalid num of max cpu load unit
CST 2026-07-17 17:57:05.272   168  1365 W C02d10/UCollectUtil-CpuCalculator: CalculateCpuLoad: invalid num of max cpu load unit
CST 2026-07-17 17:57:05.272   168  1365 W C02d10/UCollectUtil-CpuCalculator: CalculateCpuLoad: invalid num of max cpu load unit
CST 2026-07-17 17:57:05.272   168  1365 W C02d10/UCollectUtil-CpuCalculator: CalculateCpuLoad: invalid num of max cpu load unit
CST 2026-07-17 17:57:05.272   168  1365 W C02d10/UCollectUtil-CpuCalculator: CalculateCpuLoad: invalid num of max cpu load unit
CST 2026-07-17 17:57:05.272   168  1365 W C02d10/UCollectUtil-CpuCalculator: CalculateCpuLoad: invalid num of max cpu load unit
CST 2026-07-17 17:57:05.272   168  1365 W C02d10/UCollectUtil-CpuCalculator: CalculateCpuLoad: invalid num of max cpu load unit
CST 2026-07-17 17:57:05.272   168  1365 W C02d10/UCollectUtil-CpuCalculator: CalculateCpuLoad: invalid num of max cpu load unit
CST 2026-07-17 17:57:05.272   168  1365 W C02d10/UCollectUtil-CpuCalculator: CalculateCpuLoad: invalid num of max cpu load unit
CST 2026-07-17 17:57:05.272   168  1365 W C02d10/UCollectUtil-CpuCalculator: CalculateCpuLoad: invalid num of max cpu load unit
CST 2026-07-17 17:57:05.273   168  1365 W C02d10/UCollectUtil-CpuCalculator: CalculateCpuLoad: invalid num of max cpu load unit
CST 2026-07-17 17:57:05.273   168  1365 W C02d10/UCollectUtil-CpuCalculator: CalculateCpuLoad: invalid num of max cpu load unit
CST 2026-07-17 17:57:05.273   168  1365 W C02d10/UCollectUtil-CpuCalculator: CalculateCpuLoad: invalid num of max cpu load unit
CST 2026-07-17 17:57:05.273   168  1365 W C02d10/UCollectUtil-CpuCalculator: CalculateCpuLoad: invalid num of max cpu load unit
CST 2026-07-17 17:57:05.273   168  1365 W C02d10/UCollectUtil-CpuCalculator: CalculateCpuLoad: invalid num of max cpu load unit
CST 2026-07-17 17:57:05.273   168  1365 W C02d10/UCollectUtil-CpuCalculator: CalculateCpuLoad: invalid num of max cpu load unit
CST 2026-07-17 17:57:05.273   168  1365 W C02d10/UCollectUtil-CpuCalculator: CalculateCpuLoad: invalid num of max cpu load unit
CST 2026-07-17 17:57:05.273   168  1365 W C02d10/UCollectUtil-CpuCalculator: CalculateCpuLoad: invalid num of max cpu load unit
CST 2026-07-17 17:57:05.273   168  1365 W C02d10/UCollectUtil-CpuCalculator: CalculateCpuLoad: invalid num of max cpu load unit
CST 2026-07-17 17:57:05.273   168  1365 W C02d10/UCollectUtil-CpuCalculator: CalculateCpuLoad: invalid num of max cpu load unit
CST 2026-07-17 17:57:05.273   168  1365 W C02d10/UCollectUtil-CpuCalculator: CalculateCpuLoad: invalid num of max cpu load unit
CST 2026-07-17 17:57:05.273   168  1365 W C02d10/UCollectUtil-CpuCalculator: CalculateCpuLoad: invalid num of max cpu load unit
CST 2026-07-17 17:57:05.273   168  1365 W C02d10/UCollectUtil-CpuCalculator: CalculateCpuLoad: invalid num of max cpu load unit
CST 2026-07-17 17:57:05.273   168  1365 W C02d10/UCollectUtil-CpuCalculator: CalculateCpuLoad: invalid num of max cpu load unit
CST 2026-07-17 17:57:05.273   168  1365 W C02d10/UCollectUtil-CpuCalculator: CalculateCpuLoad: invalid num of max cpu load unit
CST 2026-07-17 17:57:05.273   168  1365 W C02d10/UCollectUtil-CpuCalculator: CalculateCpuLoad: invalid num of max cpu load unit
CST 2026-07-17 17:57:05.273   168  1365 W C02d10/UCollectUtil-CpuCalculator: CalculateCpuLoad: invalid num of max cpu load unit
CST 2026-07-17 17:57:05.273   168  1365 W C02d10/UCollectUtil-CpuCalculator: CalculateCpuLoad: invalid num of max cpu load unit
CST 2026-07-17 17:57:05.273   168  1365 W C02d10/UCollectUtil-CpuCalculator: CalculateCpuLoad: invalid num of max cpu load unit
CST 2026-07-17 17:57:05.273   168  1365 W C02d10/UCollectUtil-CpuCalculator: CalculateCpuLoad: invalid num of max cpu load unit
CST 2026-07-17 17:57:05.273   168  1365 W C02d10/UCollectUtil-CpuCalculator: CalculateCpuLoad: invalid num of max cpu load unit
CST 2026-07-17 17:57:05.273   168  1365 W C02d10/UCollectUtil-CpuCalculator: CalculateCpuLoad: invalid num of max cpu load unit
CST 2026-07-17 17:57:05.273   168  1365 W C02d10/UCollectUtil-CpuCalculator: CalculateCpuLoad: invalid num of max cpu load unit
CST 2026-07-17 17:57:05.273   168  1365 W C02d10/UCollectUtil-CpuCalculator: CalculateCpuLoad: invalid num of max cpu load unit
CST 2026-07-17 17:57:05.273  2255  2471 I C02b61/ImageSource: CreatePixelMap success, id:1784282225270019,dSize:(0,0),srcSize: (322,322),dHdr:1,sHdr:1,memType: 2,cost 3448 us
CST 2026-07-17 17:57:05.273   168  1365 W C02d10/UCollectUtil-CpuCalculator: CalculateCpuLoad: invalid num of max cpu load unit
CST 2026-07-17 17:57:05.273  2255  2471 E C02b61/PixelMap: set ashmem name failed
CST 2026-07-17 17:57:05.273   168  1365 W C02d10/UCollectUtil-CpuCalculator: CalculateCpuLoad: invalid num of max cpu load unit
CST 2026-07-17 17:57:05.273   168  1365 W C02d10/UCollectUtil-CpuCalculator: CalculateCpuLoad: invalid num of max cpu load unit
CST 2026-07-17 17:57:05.273   168  1365 W C02d10/UCollectUtil-CpuCalculator: CalculateCpuLoad: invalid num of max cpu load unit
CST 2026-07-17 17:57:05.273   168  1365 W C02d10/UCollectUtil-CpuCalculator: CalculateCpuLoad: invalid num of max cpu load unit
CST 2026-07-17 17:57:05.273   168  1365 W C02d10/UCollectUtil-CpuCalculator: CalculateCpuLoad: invalid num of max cpu load unit
CST 2026-07-17 17:57:05.273   168  1365 W C02d10/UCollectUtil-CpuCalculator: CalculateCpuLoad: invalid num of max cpu load unit
CST 2026-07-17 17:57:05.273   168  1365 W C02d10/UCollectUtil-CpuCalculator: CalculateCpuLoad: invalid num of max cpu load unit
CST 2026-07-17 17:57:05.273   168  1365 W C02d10/UCollectUtil-CpuCalculator: CalculateCpuLoad: invalid num of max cpu load unit
CST 2026-07-17 17:57:05.273   168  1365 W C02d10/UCollectUtil-CpuCalculator: CalculateCpuLoad: invalid num of max cpu load unit
CST 2026-07-17 17:57:05.273  2255  2471 W A01b00/SCB: GraphicUtils --> com.huawei.hmsapp.hiai - getHdsIcon, size: (322, 322), pixelFormat: 4, leftTopPixel is transparent: true, 0-0-0-0
CST 2026-07-17 17:57:05.273   168  1365 W C02d10/UCollectUtil-CpuCalculator: CalculateCpuLoad: invalid num of max cpu load unit
CST 2026-07-17 17:57:05.273   168  1365 W C02d10/UCollectUtil-CpuCalculator: CalculateCpuLoad: invalid num of max cpu load unit
CST 2026-07-17 17:57:05.273   168  1365 W C02d10/UCollectUtil-CpuCalculator: CalculateCpuLoad: invalid num of max cpu load unit
CST 2026-07-17 17:57:05.273   168  1365 W C02d10/UCollectUtil-CpuCalculator: CalculateCpuLoad: invalid num of max cpu load unit
CST 2026-07-17 17:57:05.273   168  1365 W C02d10/UCollectUtil-CpuCalculator: CalculateCpuLoad: invalid num of max cpu load unit
CST 2026-07-17 17:57:05.273   168  1365 W C02d10/UCollectUtil-CpuCalculator: CalculateCpuLoad: invalid num of max cpu load unit
CST 2026-07-17 17:57:05.273   168  1365 W C02d10/UCollectUtil-CpuCalculator: CalculateCpuLoad: invalid num of max cpu load unit
CST 2026-07-17 17:57:05.273   168  1365 W C02d10/UCollectUtil-CpuCalculator: CalculateCpuLoad: invalid num of max cpu load unit
CST 2026-07-17 17:57:05.273   168  1365 W C02d10/UCollectUtil-CpuCalculator: CalculateCpuLoad: invalid num of max cpu load unit
CST 2026-07-17 17:57:05.273  2255  2471 E C03900/HDS: [hds_drawable_descriptor.cpp-GetOtherIconsInfo:395]Get icon by name from resource failed, iconName: icon_mask, isGlobalMask: 0, state: 9001004
CST 2026-07-17 17:57:05.273   168  1365 W C02d10/UCollectUtil-CpuCalculator: CalculateCpuLoad: invalid num of max cpu load unit
CST 2026-07-17 17:57:05.273   168  1365 W C02d10/UCollectUtil-CpuCalculator: CalculateCpuLoad: invalid num of max cpu load unit
CST 2026-07-17 17:57:05.273   168  1365 W C02d10/UCollectUtil-CpuCalculator: CalculateCpuLoad: invalid num of max cpu load unit
CST 2026-07-17 17:57:05.273   168  1365 W C02d10/UCollectUtil-CpuCalculator: CalculateCpuLoad: invalid num of max cpu load unit
CST 2026-07-17 17:57:05.273   168  1365 W C02d10/UCollectUtil-CpuCalculator: CalculateCpuLoad: invalid num of max cpu load unit
CST 2026-07-17 17:57:05.273   168  1365 W C02d10/UCollectUtil-CpuCalculator: CalculateCpuLoad: invalid num of max cpu load unit
CST 2026-07-17 17:57:05.273   168  1365 W C02d10/UCollectUtil-CpuCalculator: CalculateCpuLoad: invalid num of max cpu load unit
CST 2026-07-17 17:57:05.273   168  1365 W C02d10/UCollectUtil-CpuCalculator: CalculateCpuLoad: invalid num of max cpu load unit
CST 2026-07-17 17:57:05.273   168  1365 W C02d10/UCollectUtil-CpuCalculator: CalculateCpuLoad: invalid num of max cpu load unit
CST 2026-07-17 17:57:05.273   168  1365 W C02d10/UCollectUtil-CpuCalculator: CalculateCpuLoad: invalid num of max cpu load unit
CST 2026-07-17 17:57:05.273   168  1365 W C02d10/UCollectUtil-CpuCalculator: CalculateCpuLoad: invalid num of max cpu load unit
CST 2026-07-17 17:57:05.273   168  1365 W C02d10/UCollectUtil-CpuCalculator: CalculateCpuLoad: invalid num of max cpu load unit
CST 2026-07-17 17:57:05.274   168  1365 W C02d10/UCollectUtil-CpuCalculator: CalculateCpuLoad: invalid num of max cpu load unit
CST 2026-07-17 17:57:05.275  2255  2471 W C03900/HDS: [hds_drawable_descriptor.cpp-ProcessIcon:91]Mask size {192, 192}, bundleName: com.huawei.hmsapp.hiai
CST 2026-07-17 17:57:05.287   644   650 I C02515/DISP: [InitBufferHandle:229] express init gbuffer id 28a00000065 ret 0 err 0 fd 8 322 322 pixel 4 size 414736 usage 2b
CST 2026-07-17 17:57:05.287   644   650 I C02515/DISP: [ExpressAllocMem:271] ExpressAllocMem requeset BufferHandle 8, width 322, heigt 322, format 20
CST 2026-07-17 17:57:05.290  2776  3193 E C02e00/UPDATE_SA: [hap_connection.cpp(50)]GetHapRemoteObject, remoteObj is nullptr, bundle com.huawei.hmos.ouc
CST 2026-07-17 17:57:05.290  2776  3193 I C01352/ExtMgr: [extension_manager_client.cpp134]name:com.huawei.hmos.ouc ServiceExtAbility, userId:-1.
CST 2026-07-17 17:57:05.290   796   796 I C01342/ServiceExt: [ABMS5529]element: com.huawei.hmos.ouc/ServiceExtAbility
CST 2026-07-17 17:57:05.290   796   796 W C01123/BMSCommon: bundle not exist -n com.huawei.hmos.ouc -u 100 -i 0 -f 0
CST 2026-07-17 17:57:05.290   796   796 W C01336/AMS: [start_ability_utils.cpp76]failed: com.huawei.hmos.ouc
CST 2026-07-17 17:57:05.290   796   796 W C01336/AMS: [crowd_test_interceptor.cpp54]GetAppInfo failed
CST 2026-07-17 17:57:05.290   796   796 W C01120/BMS: app_control_manager.cpp:GetAppRunningControlRule:397 getAppId failed,-n:com.huawei.hmos.ouc
CST 2026-07-17 17:57:05.291   796   796 W C01123/BMSCommon: uid(6666) invalid
CST 2026-07-17 17:57:05.291   796   796 I C01336/AMS: [start_ability_utils.cpp54]appIndex:-1
CST 2026-07-17 17:57:05.291   796   796 W C01123/BMSCommon: bundle not exist -n com.huawei.hmos.ouc -u 100 -i 0 -f 1062
CST 2026-07-17 17:57:05.291   796   796 I C01121/BMSQuery: ExplicitQueryAbility no match -n com.huawei.hmos.ouc -a ServiceExtAbility -u 100 -i 0
CST 2026-07-17 17:57:05.291   796   796 W C01120/BMS: query abilitys_ext code 8521480
CST 2026-07-17 17:57:05.291   796   796 W C01123/BMSCommon: bundle not exist -n com.huawei.hmos.ouc -u 100 -i 0 -f 1062
CST 2026-07-17 17:57:05.291   796   796 W C01121/BMSQuery: bundle_data_mgr.cpp:ExplicitQueryExtensionInfo:7239 ExplicitQueryExtensionInfo failed
CST 2026-07-17 17:57:05.291   796   796 I C01121/BMSQuery: ExplicitQueryExtension size:0 -n com.huawei.hmos.ouc -e ServiceExtAbility -u 100 -i 0
CST 2026-07-17 17:57:05.291   796   796 W C01121/BMSQuery: bundle_data_mgr.cpp:GetCloneAppIndexes:2463 no bundleName com.huawei.hmos.ouc found
CST 2026-07-17 17:57:05.291   796   796 W C01121/BMSQuery: bundle_mgr_host_impl.cpp:QueryExtensionAbilityInfos:3425 no valid extension info can be inquired
CST 2026-07-17 17:57:05.291   796   796 E C01336/AMS: [start_ability_utils.cpp290]extensionInfo empty
CST 2026-07-17 17:57:05.291   796   796 E C01342/ServiceExt: [ABMS5868]generate request error
CST 2026-07-17 17:57:05.291  2776  3193 E C02e00/UPDATE_SA: [hap_connection.cpp(82)]HapConnection call interface failed, ret 2097152
CST 2026-07-17 17:57:05.291  2776  3193 E C02e00/UPDATE_SA: [ouc_hap_connection.cpp(72)]SendRemoteRequest, can not connect to ouc
CST 2026-07-17 17:57:05.292   644   650 I C02515/DISP: [ExpressFreeMem:317] freeMem bufferhandle gbuffer_id 28a00000065, width 322, heigt 322
CST 2026-07-17 17:57:05.302   644   650 I C02515/DISP: [InitBufferHandle:229] express init gbuffer id 28a00000066 ret 0 err 0 fd 8 222 222 pixel 4 size 197136 usage 2b
CST 2026-07-17 17:57:05.302   644   650 I C02515/DISP: [ExpressAllocMem:271] ExpressAllocMem requeset BufferHandle 8, width 222, heigt 222, format 20
CST 2026-07-17 17:57:05.307   644   650 I C02515/DISP: [ExpressFreeMem:317] freeMem bufferhandle gbuffer_id 28a00000066, width 222, heigt 222
CST 2026-07-17 17:57:05.307  2255  2471 I C02b61/PostProc: initSLRFactor insert:-531538152
CST 2026-07-17 17:57:05.310  2255  2277 I C02515/DISP: [ExpressFreeMem:317] freeMem bufferhandle gbuffer_id 28a00000065, width 322, heigt 322
CST 2026-07-17 17:57:05.324  2255  2277 I C02515/DISP: [ExpressFreeMem:317] freeMem bufferhandle gbuffer_id 28a00000066, width 222, heigt 222
CST 2026-07-17 17:57:05.334   796  2485 I C01120/BMS: execute begin shortcut_info
CST 2026-07-17 17:57:05.336  2255  2277 I C03900/HDS: [hds_drawable_descriptor.cpp-ProcessIcon:101]set pixelmap editable : 0 .
CST 2026-07-17 17:57:05.337  2255  2277 E C02b61/PixelMap: set ashmem name failed
CST 2026-07-17 17:57:05.337  2255  2277 W A01b00/SCB: GraphicUtils --> combinePic from HdsIcon, bundleName: com.huawei.hmsapp.hiai, iconSizeOfGrid: 64, hasBorder: true
CST 2026-07-17 17:57:05.337  2255  2277 I A01b00/SCB: IconResourceFwk --> getBundleIcon end param: com.huawei.hmsapp.hiai, 64, true true
CST 2026-07-17 17:57:05.344  2255  2287 I C02b61/ImageCode: DoEncode:(224, 224) cost 6231 us
CST 2026-07-17 17:57:05.345  2255  2285 I C01631/GaussPD:  [0] [ADAPTER] [139900931275520] Not support binlog_default.writeLock file enable del monitor sysno = 25
CST 2026-07-17 17:57:05.345  2255  2285 I C01631/GaussPD:  [0] [ADAPTER] [139900931275520] Not support binlog_default.writeLock file enable del monitor sysno = 25
CST 2026-07-17 17:57:05.345  2255  2285 I C01631/GaussPD:  [0] [ADAPTER] [139900931275520] Not support binlog_default.writeLock file enable del monitor sysno = 25
CST 2026-07-17 17:57:05.346  2255  2285 I C01631/GaussPD:  [0] [ADAPTER] [139900931275520] Not support binlog_default.writeLock file enable del monitor sysno = 25
CST 2026-07-17 17:57:05.346  2255  2285 I C01631/GaussPD:  [0] [ADAPTER] [139900931275520] Not support binlog_default.writeIndex file enable del monitor sysno = 25
CST 2026-07-17 17:57:05.346  2255  2285 I C01631/GaussPD:  [0] [ADAPTER] [139900931275520] Not support binlog_default.writeIndex file enable del monitor sysno = 25
CST 2026-07-17 17:57:05.346  2255  2277 I A01a01/NC: NotificationConfigManager: update icon result: com.huawei.hmsapp.hiai, 82886
CST 2026-07-17 17:57:05.346  2255  2277 I A01b00/SCB: IconResourceFwk --> getBundleIcon start param: com.huawei.hmos.mediacontroller, 64, true true
CST 2026-07-17 17:57:05.346  2255  2277 W A01b00/SCB: IconResourceUtils --> getIconResource from bms getBundleResourceInfo for com.huawei.hmos.mediacontroller 0
CST 2026-07-17 17:57:05.347   796   796 I C01120/BMS: icon rdb get resource icon start -n com.huawei.hmos.mediacontroller -i 0 -f 16
CST 2026-07-17 17:57:05.347   796   796 E C01650/StepResultSet: GoToRow:position[0] rowCount[0] rowPos_[-1]!
CST 2026-07-17 17:57:05.348  2255  2277 I C02b61/ImageSource: CreatePixelMap success, id:1784282225347789,dSize:(0,0),srcSize: (114,114),dHdr:1,sHdr:1,memType: 2,cost 565 us
CST 2026-07-17 17:57:05.348  2255  2277 E C02b61/PixelMap: set ashmem name failed
CST 2026-07-17 17:57:05.348  2255  2277 W A01b00/SCB: GraphicUtils --> com.huawei.hmos.mediacontroller - getHdsIcon, size: (114, 114), pixelFormat: 4, leftTopPixel is transparent: true, 0-0-0-0
CST 2026-07-17 17:57:05.348  2255  2277 E C03900/HDS: [hds_drawable_descriptor.cpp-GetOtherIconsInfo:395]Get icon by name from resource failed, iconName: icon_mask, isGlobalMask: 0, state: 9001004
CST 2026-07-17 17:57:05.348  2255  2277 W C03900/HDS: [hds_drawable_descriptor.cpp-ProcessIcon:91]Mask size {192, 192}, bundleName: com.huawei.hmos.mediacontroller
CST 2026-07-17 17:57:05.350  2255  2471 I C02b61/PixelMap: PixelMap::scale SLR 251, srcSize: [192, 192], dstSize: [114, 114], cost: 0
CST 2026-07-17 17:57:05.379   644   650 I C02515/DISP: [InitBufferHandle:229] express init gbuffer id 28a00000067 ret 0 err 0 fd 8 114 114 pixel 4 size 51984 usage 2b
CST 2026-07-17 17:57:05.379   644   650 I C02515/DISP: [ExpressAllocMem:271] ExpressAllocMem requeset BufferHandle 8, width 114, heigt 114, format 20
CST 2026-07-17 17:57:05.384   644   650 I C02515/DISP: [ExpressFreeMem:317] freeMem bufferhandle gbuffer_id 28a00000067, width 114, heigt 114
CST 2026-07-17 17:57:05.394   644   650 I C02515/DISP: [InitBufferHandle:229] express init gbuffer id 28a00000068 ret 0 err 0 fd 8 222 222 pixel 4 size 197136 usage 2b
CST 2026-07-17 17:57:05.394   644   650 I C02515/DISP: [ExpressAllocMem:271] ExpressAllocMem requeset BufferHandle 8, width 222, heigt 222, format 20
CST 2026-07-17 17:57:05.399   644   650 I C02515/DISP: [ExpressFreeMem:317] freeMem bufferhandle gbuffer_id 28a00000068, width 222, heigt 222
CST 2026-07-17 17:57:05.399  2255  2471 I C02515/DISP: [ExpressFreeMem:317] freeMem bufferhandle gbuffer_id 28a00000067, width 114, heigt 114
CST 2026-07-17 17:57:05.416  2255  2471 I C02515/DISP: [ExpressFreeMem:317] freeMem bufferhandle gbuffer_id 28a00000068, width 222, heigt 222
CST 2026-07-17 17:57:05.428  2255  2471 I C03900/HDS: [hds_drawable_descriptor.cpp-ProcessIcon:101]set pixelmap editable : 0 .
CST 2026-07-17 17:57:05.429  2255  2471 E C02b61/PixelMap: set ashmem name failed
CST 2026-07-17 17:57:05.429  2255  2471 W A01b00/SCB: GraphicUtils --> combinePic from HdsIcon, bundleName: com.huawei.hmos.mediacontroller, iconSizeOfGrid: 64, hasBorder: true
CST 2026-07-17 17:57:05.429  2255  2471 I A01b00/SCB: IconResourceFwk --> getBundleIcon end param: com.huawei.hmos.mediacontroller, 64, true true
CST 2026-07-17 17:57:05.436  2255  2286 I C02b61/ImageCode: DoEncode:(224, 224) cost 5772 us
CST 2026-07-17 17:57:05.437  2255  2287 I C01631/GaussPD:  [0] [ADAPTER] [139900914473728] Not support binlog_default.writeLock file enable del monitor sysno = 25
CST 2026-07-17 17:57:05.437  2255  2287 I C01631/GaussPD:  [0] [ADAPTER] [139900914473728] Not support binlog_default.writeLock file enable del monitor sysno = 25
CST 2026-07-17 17:57:05.437  2255  2287 I C01631/GaussPD:  [0] [ADAPTER] [139900914473728] Not support binlog_default.writeLock file enable del monitor sysno = 25
CST 2026-07-17 17:57:05.437  2255  2287 I C01631/GaussPD:  [0] [ADAPTER] [139900914473728] Not support binlog_default.writeLock file enable del monitor sysno = 25
CST 2026-07-17 17:57:05.437  2255  2287 I C01631/GaussPD:  [0] [ADAPTER] [139900914473728] Not support binlog_default.writeIndex file enable del monitor sysno = 25
CST 2026-07-17 17:57:05.438  2255  2287 I C01631/GaussPD:  [0] [ADAPTER] [139900914473728] Not support binlog_default.writeIndex file enable del monitor sysno = 25
CST 2026-07-17 17:57:05.438  2255  2471 I A01a01/NC: NotificationConfigManager: update icon result: com.huawei.hmos.mediacontroller, 38242
CST 2026-07-17 17:57:05.438  2255  2471 I A01b00/SCB: IconResourceFwk --> getBundleIcon start param: com.ohos.ringtonelibrary.ringtonelibrarydata, 64, true true
CST 2026-07-17 17:57:05.438  2255  2471 W A01b00/SCB: IconResourceUtils --> getIconResource from bms getBundleResourceInfo for com.ohos.ringtonelibrary.ringtonelibrarydata 0
CST 2026-07-17 17:57:05.438   796   796 I C01120/BMS: icon rdb get resource icon start -n com.ohos.ringtonelibrary.ringtonelibrarydata -i 0 -f 16
CST 2026-07-17 17:57:05.439   796   796 E C01650/StepResultSet: GoToRow:position[0] rowCount[0] rowPos_[-1]!
CST 2026-07-17 17:57:05.440   461   461 I C02230/MovementManager: in CheckSubscribeInfo, Type 0,subscribe info is empty
CST 2026-07-17 17:57:05.440  2255  2471 I C02b61/ImageSource: CreatePixelMap success, id:1784282225439360,dSize:(0,0),srcSize: (114,114),dHdr:1,sHdr:1,memType: 2,cost 626 us
CST 2026-07-17 17:57:05.440  2255  2471 E C02b61/PixelMap: set ashmem name failed
CST 2026-07-17 17:57:05.440   461   461 I C02230/MovementManager: in SaveSubscribeInfo, Save type:0, event:3, packageName:locationhub
CST 2026-07-17 17:57:05.440  2255  2471 W A01b00/SCB: GraphicUtils --> com.ohos.ringtonelibrary.ringtonelibrarydata - getHdsIcon, size: (114, 114), pixelFormat: 4, leftTopPixel is transparent: true, 0-0-0-0
CST 2026-07-17 17:57:05.440   461   461 I C02230/MovementClientImpl: in EnableMsdpImpl, Enter type is 0, event is 3, interval is 200000000000
CST 2026-07-17 17:57:05.440   461   461 E C02230/MovementClientImpl: in GetAlgorithmInfo, Unsupport algorithm 0
CST 2026-07-17 17:57:05.440   461   461 E C02230/MovementClientImpl: in EnableMsdpImpl, Not support device
CST 2026-07-17 17:57:05.440   461   461 E C02230/MovementManager: in Subscribe, Failed to enable, ret is 60817420
CST 2026-07-17 17:57:05.440  2255  2471 E C03900/HDS: [hds_drawable_descriptor.cpp-GetOtherIconsInfo:395]Get icon by name from resource failed, iconName: icon_mask, isGlobalMask: 0, state: 9001004
CST 2026-07-17 17:57:05.440  2255  2471 W C03900/HDS: [hds_drawable_descriptor.cpp-ProcessIcon:91]Mask size {192, 192}, bundleName: com.ohos.ringtonelibrary.ringtonelibrarydata
CST 2026-07-17 17:57:05.440   461   461 E C02230/MovementService: in Subscribe, Failed to subscribe
CST 2026-07-17 17:57:05.440   197   210 E C02230/IMovementIdl: Read result failed, code is: 1.
CST 2026-07-17 17:57:05.440   197   210 E C02230/MovementClient: in SubscribeCallback, Subscribe failed, ret is 60817420.
CST 2026-07-17 17:57:05.440   197   210 E C02230/MovementClient: in SubscribeCallback, SubscribeCallback failed, ret is 60817420.
CST 2026-07-17 17:57:05.441   168   168 I C02d10/DailyController: UpdateCacheAndDb: event first exceeds threshold=100, domain=IMAGE_FWK_UE, name=DECODE_INFORMATION
CST 2026-07-17 17:57:05.441   197   210 I C02300/Parking: Register MotionStatusCallback errorCode = 60817420
CST 2026-07-17 17:57:05.441   197   210 I C02300/Parking: Post Delayed Task Register VehicleStateCallback
CST 2026-07-17 17:57:05.442  2255  2277 I C02b61/PixelMap: PixelMap::scale SLR 255, srcSize: [192, 192], dstSize: [114, 114], cost: 1
CST 2026-07-17 17:57:05.453   644   650 I C02515/DISP: [InitBufferHandle:229] express init gbuffer id 28a00000069 ret 0 err 0 fd 8 114 114 pixel 4 size 51984 usage 2b
CST 2026-07-17 17:57:05.453   644   650 I C02515/DISP: [ExpressAllocMem:271] ExpressAllocMem requeset BufferHandle 8, width 114, heigt 114, format 20
CST 2026-07-17 17:57:05.458   644   650 I C02515/DISP: [ExpressFreeMem:317] freeMem bufferhandle gbuffer_id 28a00000069, width 114, heigt 114
CST 2026-07-17 17:57:05.468   644   650 I C02515/DISP: [InitBufferHandle:229] express init gbuffer id 28a0000006a ret 0 err 0 fd 8 222 222 pixel 4 size 197136 usage 2b
CST 2026-07-17 17:57:05.468   644   650 I C02515/DISP: [ExpressAllocMem:271] ExpressAllocMem requeset BufferHandle 8, width 222, heigt 222, format 20
CST 2026-07-17 17:57:05.473   644   650 I C02515/DISP: [ExpressFreeMem:317] freeMem bufferhandle gbuffer_id 28a0000006a, width 222, heigt 222
CST 2026-07-17 17:57:05.474  2255  2277 I C02515/DISP: [ExpressFreeMem:317] freeMem bufferhandle gbuffer_id 28a00000069, width 114, heigt 114
CST 2026-07-17 17:57:05.487  2255  2277 I C02515/DISP: [ExpressFreeMem:317] freeMem bufferhandle gbuffer_id 28a0000006a, width 222, heigt 222
CST 2026-07-17 17:57:05.500  2255  2277 I C03900/HDS: [hds_drawable_descriptor.cpp-ProcessIcon:101]set pixelmap editable : 0 .
CST 2026-07-17 17:57:05.500  2255  2277 E C02b61/PixelMap: set ashmem name failed
CST 2026-07-17 17:57:05.501  2255  2277 W A01b00/SCB: GraphicUtils --> combinePic from HdsIcon, bundleName: com.ohos.ringtonelibrary.ringtonelibrarydata, iconSizeOfGrid: 64, hasBorder: true
CST 2026-07-17 17:57:05.501  2255  2277 I A01b00/SCB: IconResourceFwk --> getBundleIcon end param: com.ohos.ringtonelibrary.ringtonelibrarydata, 64, true true
CST 2026-07-17 17:57:05.505  2255  2284 I C02b61/ImageCode: DoEncode:(224, 224) cost 4188 us
CST 2026-07-17 17:57:05.506  1895  2008 I C0430a/file_monitor_service: [MainMissionStatus:197]CanExit
CST 2026-07-17 17:57:05.507  1895  2008 I C0430a/file_monitor_service: [MainMissionStatus:203]SecondaryScanner idle
CST 2026-07-17 17:57:05.507  2255  2286 I C01631/GaussPD:  [0] [ADAPTER] [139900922874624] Not support binlog_default.writeLock file enable del monitor sysno = 25
CST 2026-07-17 17:57:05.507  2255  2286 I C01631/GaussPD:  [0] [ADAPTER] [139900922874624] Not support binlog_default.writeLock file enable del monitor sysno = 25
CST 2026-07-17 17:57:05.507  2255  2286 I C01631/GaussPD:  [0] [ADAPTER] [139900922874624] Not support binlog_default.writeLock file enable del monitor sysno = 25
CST 2026-07-17 17:57:05.507  2255  2286 I C01631/GaussPD:  [0] [ADAPTER] [139900922874624] Not support binlog_default.writeLock file enable del monitor sysno = 25
CST 2026-07-17 17:57:05.507  2255  2286 I C01631/GaussPD:  [0] [ADAPTER] [139900922874624] Not support binlog_default.writeIndex file enable del monitor sysno = 25
CST 2026-07-17 17:57:05.507  2255  2286 I C01631/GaussPD:  [0] [ADAPTER] [139900922874624] Not support binlog_default.writeIndex file enable del monitor sysno = 25
CST 2026-07-17 17:57:05.507  2255  2277 I A01a01/NC: NotificationConfigManager: update icon result: com.ohos.ringtonelibrary.ringtonelibrarydata, 38242
CST 2026-07-17 17:57:05.508  2255  2277 I A01b00/SCB: IconResourceFwk --> getBundleIcon start param: com.huawei.hmsapp.intelligent, 64, true true
CST 2026-07-17 17:57:05.508  2255  2277 W A01b00/SCB: IconResourceUtils --> getIconResource from bms getBundleResourceInfo for com.huawei.hmsapp.intelligent 0
CST 2026-07-17 17:57:05.508   796   796 I C01120/BMS: icon rdb get resource icon start -n com.huawei.hmsapp.intelligent -i 0 -f 16
CST 2026-07-17 17:57:05.508   796   796 E C01650/StepResultSet: GoToRow:position[0] rowCount[0] rowPos_[-1]!
CST 2026-07-17 17:57:05.509  2255  2277 E C02b61/BufferSourceStream: buffer read finish, offset:2181 ,dataSize2181.
CST 2026-07-17 17:57:05.509  2255  2277 E C02b61/BufferSourceStream: buffer read fail.
CST 2026-07-17 17:57:05.529  2255  2277 E C02b61/PixelMap: set ashmem name failed
CST 2026-07-17 17:57:05.529  2255  2277 E C02b61/BufferSourceStream: buffer read finish, offset:308 ,dataSize308.
CST 2026-07-17 17:57:05.529  2255  2277 E C02b61/BufferSourceStream: buffer read fail.
CST 2026-07-17 17:57:05.545  2255  2277 E C02b61/PixelMap: set ashmem name failed
CST 2026-07-17 17:57:05.547  2255  2277 I C02b61/ImageSource: CreatePixelMap success, id:1784282225546502,dSize:(0,0),srcSize: (192,192),dHdr:1,sHdr:1,memType: 2,cost 935 us
CST 2026-07-17 17:57:05.547  2255  2277 E C02b61/PixelMap: set ashmem name failed
CST 2026-07-17 17:57:05.577  2255  2277 W A01b00/SCB: GraphicUtils --> com.huawei.hmsapp.intelligent - getHdsIcon, size: (1024, 1024), pixelFormat: 4, leftTopPixel is transparent: true, 0-0-0-0
CST 2026-07-17 17:57:05.577  2255  2277 E C03900/HDS: [hds_drawable_descriptor.cpp-GetOtherIconsInfo:395]Get icon by name from resource failed, iconName: icon_mask, isGlobalMask: 0, state: 9001004
CST 2026-07-17 17:57:05.592  2255  2277 W C03900/HDS: [hds_drawable_descriptor.cpp-ProcessIcon:91]Mask size {192, 192}, bundleName: com.huawei.hmsapp.intelligent
CST 2026-07-17 17:57:05.623   644   650 I C02515/DISP: [InitBufferHandle:229] express init gbuffer id 28a0000006b ret 0 err 0 fd 8 1024 1024 pixel 4 size 4194304 usage 2b
CST 2026-07-17 17:57:05.623   644   650 I C02515/DISP: [ExpressAllocMem:271] ExpressAllocMem requeset BufferHandle 8, width 1024, heigt 1024, format 20
CST 2026-07-17 17:57:05.628   644   650 I C02515/DISP: [ExpressFreeMem:317] freeMem bufferhandle gbuffer_id 28a0000006b, width 1024, heigt 1024
CST 2026-07-17 17:57:05.644   644   650 I C02515/DISP: [InitBufferHandle:229] express init gbuffer id 28a0000006c ret 0 err 0 fd 8 222 222 pixel 4 size 197136 usage 2b
CST 2026-07-17 17:57:05.644   644   650 I C02515/DISP: [ExpressAllocMem:271] ExpressAllocMem requeset BufferHandle 8, width 222, heigt 222, format 20
CST 2026-07-17 17:57:05.648   644   650 I C02515/DISP: [ExpressFreeMem:317] freeMem bufferhandle gbuffer_id 28a0000006c, width 222, heigt 222
CST 2026-07-17 17:57:05.649  2255  2277 I C02b61/PostProc: initSLRFactor insert:-674522033
CST 2026-07-17 17:57:05.656  2255  2471 I C02515/DISP: [ExpressFreeMem:317] freeMem bufferhandle gbuffer_id 28a0000006b, width 1024, heigt 1024
CST 2026-07-17 17:57:05.673  2255  2471 I C02515/DISP: [ExpressFreeMem:317] freeMem bufferhandle gbuffer_id 28a0000006c, width 222, heigt 222
CST 2026-07-17 17:57:05.686  2255  2471 I C03900/HDS: [hds_drawable_descriptor.cpp-ProcessIcon:101]set pixelmap editable : 0 .
CST 2026-07-17 17:57:05.687  2255  2471 E C02b61/PixelMap: set ashmem name failed
CST 2026-07-17 17:57:05.687  2255  2471 W A01b00/SCB: GraphicUtils --> combinePic from HdsIcon, bundleName: com.huawei.hmsapp.intelligent, iconSizeOfGrid: 64, hasBorder: true
CST 2026-07-17 17:57:05.687  2255  2471 I A01b00/SCB: IconResourceFwk --> getBundleIcon end param: com.huawei.hmsapp.intelligent, 64, true true
CST 2026-07-17 17:57:05.691  2255  2285 I C02b61/ImageCode: DoEncode:(224, 224) cost 3338 us
CST 2026-07-17 17:57:05.692  2255  2284 I C01631/GaussPD:  [0] [ADAPTER] [139902111435520] Not support binlog_default.writeLock file enable del monitor sysno = 25
CST 2026-07-17 17:57:05.692  2255  2284 I C01631/GaussPD:  [0] [ADAPTER] [139902111435520] Not support binlog_default.writeLock file enable del monitor sysno = 25
CST 2026-07-17 17:57:05.692  2255  2284 I C01631/GaussPD:  [0] [ADAPTER] [139902111435520] Not support binlog_default.writeLock file enable del monitor sysno = 25
CST 2026-07-17 17:57:05.693  2255  2284 I C01631/GaussPD:  [0] [ADAPTER] [139902111435520] Not support binlog_default.writeLock file enable del monitor sysno = 25
CST 2026-07-17 17:57:05.693  2255  2284 I C01631/GaussPD:  [0] [ADAPTER] [139902111435520] Not support binlog_default.writeIndex file enable del monitor sysno = 25
CST 2026-07-17 17:57:05.693  2255  2284 I C01631/GaussPD:  [0] [ADAPTER] [139902111435520] Not support binlog_default.writeIndex file enable del monitor sysno = 25
CST 2026-07-17 17:57:05.693  2255  2471 I A01a01/NC: NotificationConfigManager: update icon result: com.huawei.hmsapp.intelligent, 19810
CST 2026-07-17 17:57:05.693  2255  2471 I A01b00/SCB: IconResourceFwk --> getBundleIcon start param: com.ohos.sceneboard, 64, true true
CST 2026-07-17 17:57:05.693  2255  2471 W A01b00/SCB: IconResourceUtils --> getIconResource from bms getBundleResourceInfo for com.ohos.sceneboard 0
CST 2026-07-17 17:57:05.693   796   796 I C01120/BMS: icon rdb get resource icon start -n com.ohos.sceneboard -i 0 -f 16
CST 2026-07-17 17:57:05.694   796   796 E C01650/StepResultSet: GoToRow:position[0] rowCount[0] rowPos_[-1]!
CST 2026-07-17 17:57:05.694  2255  2471 E C02b61/BufferSourceStream: buffer read finish, offset:6987 ,dataSize6987.
CST 2026-07-17 17:57:05.694  2255  2471 E C02b61/BufferSourceStream: buffer read fail.
CST 2026-07-17 17:57:05.704  2255  2471 E C02b61/PixelMap: set ashmem name failed
CST 2026-07-17 17:57:05.704  2255  2471 W A01b00/SCB: GraphicUtils --> com.ohos.sceneboard - getHdsIcon, size: (192, 192), pixelFormat: 4, leftTopPixel is transparent: false, 244-121-44-255
CST 2026-07-17 17:57:05.704  2255  2471 E C03900/HDS: [hds_drawable_descriptor.cpp-GetOtherIconsInfo:395]Get icon by name from resource failed, iconName: icon_mask, isGlobalMask: 0, state: 9001004
CST 2026-07-17 17:57:05.705  2255  2471 W C03900/HDS: [hds_drawable_descriptor.cpp-ProcessIcon:91]Mask size {192, 192}, bundleName: com.ohos.sceneboard
CST 2026-07-17 17:57:05.715   644   650 I C02515/DISP: [InitBufferHandle:229] express init gbuffer id 28a0000006d ret 0 err 0 fd 8 192 192 pixel 4 size 147456 usage 2b
CST 2026-07-17 17:57:05.715   644   650 I C02515/DISP: [ExpressAllocMem:271] ExpressAllocMem requeset BufferHandle 8, width 192, heigt 192, format 20
CST 2026-07-17 17:57:05.720   644   650 I C02515/DISP: [ExpressFreeMem:317] freeMem bufferhandle gbuffer_id 28a0000006d, width 192, heigt 192
CST 2026-07-17 17:57:05.730   644   650 I C02515/DISP: [InitBufferHandle:229] express init gbuffer id 28a0000006e ret 0 err 0 fd 8 222 222 pixel 4 size 197136 usage 2b
CST 2026-07-17 17:57:05.730   644   650 I C02515/DISP: [ExpressAllocMem:271] ExpressAllocMem requeset BufferHandle 8, width 222, heigt 222, format 20
CST 2026-07-17 17:57:05.735   644   650 I C02515/DISP: [ExpressFreeMem:317] freeMem bufferhandle gbuffer_id 28a0000006e, width 222, heigt 222
CST 2026-07-17 17:57:05.735  2255  2471 I C02515/DISP: [ExpressFreeMem:317] freeMem bufferhandle gbuffer_id 28a0000006d, width 192, heigt 192
CST 2026-07-17 17:57:05.750  2255  2471 I C02515/DISP: [ExpressFreeMem:317] freeMem bufferhandle gbuffer_id 28a0000006e, width 222, heigt 222
CST 2026-07-17 17:57:05.762  2255  2471 I C03900/HDS: [hds_drawable_descriptor.cpp-ProcessIcon:101]set pixelmap editable : 0 .
CST 2026-07-17 17:57:05.763  2255  2471 E C02b61/PixelMap: set ashmem name failed
CST 2026-07-17 17:57:05.763  2255  2471 W A01b00/SCB: GraphicUtils --> combinePic from HdsIcon, bundleName: com.ohos.sceneboard, iconSizeOfGrid: 64, hasBorder: true
CST 2026-07-17 17:57:05.763  2255  2471 I A01b00/SCB: IconResourceFwk --> getBundleIcon end param: com.ohos.sceneboard, 64, true true
CST 2026-07-17 17:57:05.768  2255  2287 I C02b61/ImageCode: DoEncode:(224, 224) cost 4041 us
CST 2026-07-17 17:57:05.769  2255  2285 I C01631/GaussPD:  [0] [ADAPTER] [139900931275520] Not support binlog_default.writeLock file enable del monitor sysno = 25
CST 2026-07-17 17:57:05.769  2255  2285 I C01631/GaussPD:  [0] [ADAPTER] [139900931275520] Not support binlog_default.writeLock file enable del monitor sysno = 25
CST 2026-07-17 17:57:05.769  2255  2285 I C01631/GaussPD:  [0] [ADAPTER] [139900931275520] Not support binlog_default.writeLock file enable del monitor sysno = 25
CST 2026-07-17 17:57:05.769  2255  2285 I C01631/GaussPD:  [0] [ADAPTER] [139900931275520] Not support binlog_default.writeLock file enable del monitor sysno = 25
CST 2026-07-17 17:57:05.769  2255  2285 I C01631/GaussPD:  [0] [ADAPTER] [139900931275520] Not support binlog_default.writeIndex file enable del monitor sysno = 25
CST 2026-07-17 17:57:05.769  2255  2285 I C01631/GaussPD:  [0] [ADAPTER] [139900931275520] Not support binlog_default.writeIndex file enable del monitor sysno = 25
CST 2026-07-17 17:57:05.769  2255  2471 I A01a01/NC: NotificationConfigManager: update icon result: com.ohos.sceneboard, 36102
CST 2026-07-17 17:57:05.769  2255  2471 I A01b00/SCB: IconResourceFwk --> getBundleIcon start param: com.huawei.hmos.parentcontrol, 64, true true
CST 2026-07-17 17:57:05.769  2255  2471 W A01b00/SCB: IconResourceUtils --> getIconResource from bms getBundleResourceInfo for com.huawei.hmos.parentcontrol 0
CST 2026-07-17 17:57:05.770   796   796 I C01120/BMS: icon rdb get resource icon start -n com.huawei.hmos.parentcontrol -i 0 -f 16
CST 2026-07-17 17:57:05.770   796   796 E C01650/StepResultSet: GoToRow:position[0] rowCount[0] rowPos_[-1]!
CST 2026-07-17 17:57:05.772  2255  2471 I C02b61/ImageSource: CreatePixelMap success, id:1784282225771123,dSize:(0,0),srcSize: (220,220),dHdr:1,sHdr:1,memType: 2,cost 1252 us
CST 2026-07-17 17:57:05.772  2255  2471 E C02b61/PixelMap: set ashmem name failed
CST 2026-07-17 17:57:05.772  2255  2471 W A01b00/SCB: GraphicUtils --> com.huawei.hmos.parentcontrol - getHdsIcon, size: (220, 220), pixelFormat: 4, leftTopPixel is transparent: true, 0-0-0-0
CST 2026-07-17 17:57:05.772  2255  2471 E C03900/HDS: [hds_drawable_descriptor.cpp-GetOtherIconsInfo:395]Get icon by name from resource failed, iconName: icon_mask, isGlobalMask: 0, state: 9001004
CST 2026-07-17 17:57:05.773  2255  2471 W C03900/HDS: [hds_drawable_descriptor.cpp-ProcessIcon:91]Mask size {192, 192}, bundleName: com.huawei.hmos.parentcontrol
CST 2026-07-17 17:57:05.785   644   650 I C02515/DISP: [InitBufferHandle:229] express init gbuffer id 28a0000006f ret 0 err 0 fd 8 220 220 pixel 4 size 193600 usage 2b
CST 2026-07-17 17:57:05.785   644   650 I C02515/DISP: [ExpressAllocMem:271] ExpressAllocMem requeset BufferHandle 8, width 220, heigt 220, format 20
CST 2026-07-17 17:57:05.789   644   650 I C02515/DISP: [ExpressFreeMem:317] freeMem bufferhandle gbuffer_id 28a0000006f, width 220, heigt 220
CST 2026-07-17 17:57:05.800   644   650 I C02515/DISP: [InitBufferHandle:229] express init gbuffer id 28a00000070 ret 0 err 0 fd 8 222 222 pixel 4 size 197136 usage 2b
CST 2026-07-17 17:57:05.800   644   650 I C02515/DISP: [ExpressAllocMem:271] ExpressAllocMem requeset BufferHandle 8, width 222, heigt 222, format 20
CST 2026-07-17 17:57:05.804   644   650 I C02515/DISP: [ExpressFreeMem:317] freeMem bufferhandle gbuffer_id 28a00000070, width 222, heigt 222
CST 2026-07-17 17:57:05.805  2255  2471 I C02515/DISP: [ExpressFreeMem:317] freeMem bufferhandle gbuffer_id 28a0000006f, width 220, heigt 220
CST 2026-07-17 17:57:05.819  2255  2471 I C02515/DISP: [ExpressFreeMem:317] freeMem bufferhandle gbuffer_id 28a00000070, width 222, heigt 222
CST 2026-07-17 17:57:05.831  2255  2471 I C03900/HDS: [hds_drawable_descriptor.cpp-ProcessIcon:101]set pixelmap editable : 0 .
CST 2026-07-17 17:57:05.831  2255  2471 E C02b61/PixelMap: set ashmem name failed
CST 2026-07-17 17:57:05.832  2255  2471 W A01b00/SCB: GraphicUtils --> combinePic from HdsIcon, bundleName: com.huawei.hmos.parentcontrol, iconSizeOfGrid: 64, hasBorder: true
CST 2026-07-17 17:57:05.832  2255  2471 I A01b00/SCB: IconResourceFwk --> getBundleIcon end param: com.huawei.hmos.parentcontrol, 64, true true
CST 2026-07-17 17:57:05.836  2255  2286 I C02b61/ImageCode: DoEncode:(224, 224) cost 3513 us
CST 2026-07-17 17:57:05.837  2255  2287 I C01631/GaussPD:  [0] [ADAPTER] [139900914473728] Not support binlog_default.writeLock file enable del monitor sysno = 25
CST 2026-07-17 17:57:05.837  2255  2287 I C01631/GaussPD:  [0] [ADAPTER] [139900914473728] Not support binlog_default.writeLock file enable del monitor sysno = 25
CST 2026-07-17 17:57:05.837  2255  2287 I C01631/GaussPD:  [0] [ADAPTER] [139900914473728] Not support binlog_default.writeLock file enable del monitor sysno = 25
CST 2026-07-17 17:57:05.837  2255  2287 I C01631/GaussPD:  [0] [ADAPTER] [139900914473728] Not support binlog_default.writeLock file enable del monitor sysno = 25
CST 2026-07-17 17:57:05.837  2255  2287 I C01631/GaussPD:  [0] [ADAPTER] [139900914473728] Not support binlog_default.writeIndex file enable del monitor sysno = 25
CST 2026-07-17 17:57:05.837  2255  2287 I C01631/GaussPD:  [0] [ADAPTER] [139900914473728] Not support binlog_default.writeIndex file enable del monitor sysno = 25
CST 2026-07-17 17:57:05.837  2255  2471 I A01a01/NC: NotificationConfigManager: update icon result: com.huawei.hmos.parentcontrol, 22058
CST 2026-07-17 17:57:05.837  2255  2471 I A01b00/SCB: IconResourceFwk --> getBundleIcon start param: com.huawei.hmsapp.samplemanagement, 64, true true
CST 2026-07-17 17:57:05.837  2255  2471 W A01b00/SCB: IconResourceUtils --> getIconResource from bms getBundleResourceInfo for com.huawei.hmsapp.samplemanagement 0
CST 2026-07-17 17:57:05.838   796   796 I C01120/BMS: icon rdb get resource icon start -n com.huawei.hmsapp.samplemanagement -i 0 -f 16
CST 2026-07-17 17:57:05.838   796   796 E C01650/StepResultSet: GoToRow:position[0] rowCount[0] rowPos_[-1]!
CST 2026-07-17 17:57:05.840  2255  2471 I C02b61/ImageSource: CreatePixelMap success, id:1784282225839030,dSize:(0,0),srcSize: (288,288),dHdr:1,sHdr:1,memType: 2,cost 1645 us
CST 2026-07-17 17:57:05.840  2255  2471 E C02b61/PixelMap: set ashmem name failed
CST 2026-07-17 17:57:05.843  2255  2471 I C02b61/ImageSource: CreatePixelMap success, id:1784282225840874,dSize:(0,0),srcSize: (288,288),dHdr:1,sHdr:1,memType: 2,cost 2103 us
CST 2026-07-17 17:57:05.843  2255  2471 E C02b61/PixelMap: set ashmem name failed
CST 2026-07-17 17:57:05.844  2255  2471 I C02b61/ImageSource: CreatePixelMap success, id:1784282225843691,dSize:(0,0),srcSize: (192,192),dHdr:1,sHdr:1,memType: 2,cost 912 us
CST 2026-07-17 17:57:05.844  2255  2471 E C02b61/PixelMap: set ashmem name failed
CST 2026-07-17 17:57:05.846  2255  2471 W A01b00/SCB: GraphicUtils --> com.huawei.hmsapp.samplemanagement - getHdsIcon, size: (192, 192), pixelFormat: 4, leftTopPixel is transparent: true, 0-0-0-0
CST 2026-07-17 17:57:05.846  2255  2471 E C03900/HDS: [hds_drawable_descriptor.cpp-GetOtherIconsInfo:395]Get icon by name from resource failed, iconName: icon_mask, isGlobalMask: 0, state: 9001004
CST 2026-07-17 17:57:05.846  2255  2471 W C03900/HDS: [hds_drawable_descriptor.cpp-ProcessIcon:91]Mask size {192, 192}, bundleName: com.huawei.hmsapp.samplemanagement
CST 2026-07-17 17:57:05.857   644   650 I C02515/DISP: [InitBufferHandle:229] express init gbuffer id 28a00000071 ret 0 err 0 fd 8 192 192 pixel 4 size 147456 usage 2b
CST 2026-07-17 17:57:05.857   644   650 I C02515/DISP: [ExpressAllocMem:271] ExpressAllocMem requeset BufferHandle 8, width 192, heigt 192, format 20
CST 2026-07-17 17:57:05.862   644   650 I C02515/DISP: [ExpressFreeMem:317] freeMem bufferhandle gbuffer_id 28a00000071, width 192, heigt 192
CST 2026-07-17 17:57:05.873   644   650 I C02515/DISP: [InitBufferHandle:229] express init gbuffer id 28a00000072 ret 0 err 0 fd 8 222 222 pixel 4 size 197136 usage 2b
CST 2026-07-17 17:57:05.873   644   650 I C02515/DISP: [ExpressAllocMem:271] ExpressAllocMem requeset BufferHandle 8, width 222, heigt 222, format 20
CST 2026-07-17 17:57:05.877   644   650 I C02515/DISP: [ExpressFreeMem:317] freeMem bufferhandle gbuffer_id 28a00000072, width 222, heigt 222
CST 2026-07-17 17:57:05.878  2255  2471 I C02515/DISP: [ExpressFreeMem:317] freeMem bufferhandle gbuffer_id 28a00000071, width 192, heigt 192
CST 2026-07-17 17:57:05.892  2255  2471 I C02515/DISP: [ExpressFreeMem:317] freeMem bufferhandle gbuffer_id 28a00000072, width 222, heigt 222
CST 2026-07-17 17:57:05.905  2255  2471 I C03900/HDS: [hds_drawable_descriptor.cpp-ProcessIcon:101]set pixelmap editable : 0 .
CST 2026-07-17 17:57:05.905  2255  2471 E C02b61/PixelMap: set ashmem name failed
CST 2026-07-17 17:57:05.906  2255  2471 W A01b00/SCB: GraphicUtils --> combinePic from HdsIcon, bundleName: com.huawei.hmsapp.samplemanagement, iconSizeOfGrid: 64, hasBorder: true
CST 2026-07-17 17:57:05.906  2255  2471 I A01b00/SCB: IconResourceFwk --> getBundleIcon end param: com.huawei.hmsapp.samplemanagement, 64, true true
CST 2026-07-17 17:57:05.910  2255  2284 I C02b61/ImageCode: DoEncode:(224, 224) cost 4083 us
CST 2026-07-17 17:57:05.912  2255  2286 I C01631/GaussPD:  [0] [ADAPTER] [139900922874624] Not support binlog_default.writeLock file enable del monitor sysno = 25
CST 2026-07-17 17:57:05.912  2255  2286 I C01631/GaussPD:  [0] [ADAPTER] [139900922874624] Not support binlog_default.writeLock file enable del monitor sysno = 25
CST 2026-07-17 17:57:05.912  2255  2286 I C01631/GaussPD:  [0] [ADAPTER] [139900922874624] Not support binlog_default.writeLock file enable del monitor sysno = 25
CST 2026-07-17 17:57:05.912  2255  2286 I C01631/GaussPD:  [0] [ADAPTER] [139900922874624] Not support binlog_default.writeLock file enable del monitor sysno = 25
CST 2026-07-17 17:57:05.912  2255  2286 I C01631/GaussPD:  [0] [ADAPTER] [139900922874624] Not support binlog_default.writeIndex file enable del monitor sysno = 25
CST 2026-07-17 17:57:05.912  2255  2286 I C01631/GaussPD:  [0] [ADAPTER] [139900922874624] Not support binlog_default.writeIndex file enable del monitor sysno = 25
CST 2026-07-17 17:57:05.912  2255  2471 I A01a01/NC: NotificationConfigManager: update icon result: com.huawei.hmsapp.samplemanagement, 38366
CST 2026-07-17 17:57:05.912  2255  2471 I A01b00/SCB: IconResourceFwk --> getBundleIcon start param: com.ohos.settingsdata, 64, true true
CST 2026-07-17 17:57:05.912  2255  2471 W A01b00/SCB: IconResourceUtils --> getIconResource from bms getBundleResourceInfo for com.ohos.settingsdata 0
CST 2026-07-17 17:57:05.913   796   796 I C01120/BMS: icon rdb get resource icon start -n com.ohos.settingsdata -i 0 -f 16
CST 2026-07-17 17:57:05.913   796   796 E C01650/StepResultSet: GoToRow:position[0] rowCount[0] rowPos_[-1]!
CST 2026-07-17 17:57:05.914  2255  2471 I C02b61/ImageSource: CreatePixelMap success, id:1784282225913974,dSize:(0,0),srcSize: (114,114),dHdr:1,sHdr:1,memType: 2,cost 556 us
CST 2026-07-17 17:57:05.914  2255  2471 E C02b61/PixelMap: set ashmem name failed
CST 2026-07-17 17:57:05.914  2255  2471 W A01b00/SCB: GraphicUtils --> com.ohos.settingsdata - getHdsIcon, size: (114, 114), pixelFormat: 4, leftTopPixel is transparent: true, 0-0-0-0
CST 2026-07-17 17:57:05.914  2255  2471 E C03900/HDS: [hds_drawable_descriptor.cpp-GetOtherIconsInfo:395]Get icon by name from resource failed, iconName: icon_mask, isGlobalMask: 0, state: 9001004
CST 2026-07-17 17:57:05.915  2255  2471 W C03900/HDS: [hds_drawable_descriptor.cpp-ProcessIcon:91]Mask size {192, 192}, bundleName: com.ohos.settingsdata
CST 2026-07-17 17:57:05.916  2255  2277 I C02b61/PixelMap: PixelMap::scale SLR 281, srcSize: [192, 192], dstSize: [114, 114], cost: 1
CST 2026-07-17 17:57:05.926   644   650 I C02515/DISP: [InitBufferHandle:229] express init gbuffer id 28a00000073 ret 0 err 0 fd 8 114 114 pixel 4 size 51984 usage 2b
CST 2026-07-17 17:57:05.926   644   650 I C02515/DISP: [ExpressAllocMem:271] ExpressAllocMem requeset BufferHandle 8, width 114, heigt 114, format 20
CST 2026-07-17 17:57:05.931   644   650 I C02515/DISP: [ExpressFreeMem:317] freeMem bufferhandle gbuffer_id 28a00000073, width 114, heigt 114
CST 2026-07-17 17:57:05.942   644   650 I C02515/DISP: [InitBufferHandle:229] express init gbuffer id 28a00000074 ret 0 err 0 fd 8 222 222 pixel 4 size 197136 usage 2b
CST 2026-07-17 17:57:05.942   644   650 I C02515/DISP: [ExpressAllocMem:271] ExpressAllocMem requeset BufferHandle 8, width 222, heigt 222, format 20
CST 2026-07-17 17:57:05.946   644   650 I C02515/DISP: [ExpressFreeMem:317] freeMem bufferhandle gbuffer_id 28a00000074, width 222, heigt 222
CST 2026-07-17 17:57:05.947  2255  2277 I C02515/DISP: [ExpressFreeMem:317] freeMem bufferhandle gbuffer_id 28a00000073, width 114, heigt 114
CST 2026-07-17 17:57:05.961  2255  2277 I C02515/DISP: [ExpressFreeMem:317] freeMem bufferhandle gbuffer_id 28a00000074, width 222, heigt 222
CST 2026-07-17 17:57:05.974  2255  2277 I C03900/HDS: [hds_drawable_descriptor.cpp-ProcessIcon:101]set pixelmap editable : 0 .
CST 2026-07-17 17:57:05.975  2255  2277 E C02b61/PixelMap: set ashmem name failed
CST 2026-07-17 17:57:05.975  2255  2277 W A01b00/SCB: GraphicUtils --> combinePic from HdsIcon, bundleName: com.ohos.settingsdata, iconSizeOfGrid: 64, hasBorder: true
CST 2026-07-17 17:57:05.975  2255  2277 I A01b00/SCB: IconResourceFwk --> getBundleIcon end param: com.ohos.settingsdata, 64, true true
CST 2026-07-17 17:57:05.980  2255  2285 I C02b61/ImageCode: DoEncode:(224, 224) cost 4254 us
CST 2026-07-17 17:57:05.981  2255  2284 I C01631/GaussPD:  [0] [ADAPTER] [139902111435520] Not support binlog_default.writeLock file enable del monitor sysno = 25
CST 2026-07-17 17:57:05.981  2255  2284 I C01631/GaussPD:  [0] [ADAPTER] [139902111435520] Not support binlog_default.writeLock file enable del monitor sysno = 25
CST 2026-07-17 17:57:05.981  2255  2284 I C01631/GaussPD:  [0] [ADAPTER] [139902111435520] Not support binlog_default.writeLock file enable del monitor sysno = 25
CST 2026-07-17 17:57:05.981  2255  2284 I C01631/GaussPD:  [0] [ADAPTER] [139902111435520] Not support binlog_default.writeLock file enable del monitor sysno = 25
CST 2026-07-17 17:57:05.982  2255  2284 I C01631/GaussPD:  [0] [ADAPTER] [139902111435520] Not support binlog_default.writeIndex file enable del monitor sysno = 25
CST 2026-07-17 17:57:05.982  2255  2284 I C01631/GaussPD:  [0] [ADAPTER] [139902111435520] Not support binlog_default.writeIndex file enable del monitor sysno = 25
CST 2026-07-17 17:57:05.982  2255  2277 I A01a01/NC: NotificationConfigManager: update icon result: com.ohos.settingsdata, 38242
CST 2026-07-17 17:57:05.982  2255  2277 I A01b00/SCB: IconResourceFwk --> getBundleIcon start param: com.huawei.hmos.photos, 64, true true
CST 2026-07-17 17:57:05.982  2255  2277 W A01b00/SCB: IconResourceUtils --> getIconResource from bms getBundleResourceInfo for com.huawei.hmos.photos 0
CST 2026-07-17 17:57:05.983   796   796 I C01120/BMS: icon rdb get resource icon start -n com.huawei.hmos.photos -i 0 -f 16
CST 2026-07-17 17:57:05.983   796   796 E C01650/StepResultSet: GoToRow:position[0] rowCount[0] rowPos_[-1]!
CST 2026-07-17 17:57:05.986  2255  2277 I C02b61/ImageSource: CreatePixelMap success, id:1784282225984619,dSize:(0,0),srcSize: (288,288),dHdr:1,sHdr:1,memType: 2,cost 1935 us
CST 2026-07-17 17:57:05.986  2255  2277 E C02b61/PixelMap: set ashmem name failed
CST 2026-07-17 17:57:05.988  2255  2277 E C02b61/PixelMap: set ashmem name failed
CST 2026-07-17 17:57:05.990  2255  2277 I C02b61/ImageSource: CreatePixelMap success, id:1784282225988941,dSize:(0,0),srcSize: (192,192),dHdr:1,sHdr:1,memType: 2,cost 944 us
CST 2026-07-17 17:57:05.990  2255  2277 E C02b61/PixelMap: set ashmem name failed
CST 2026-07-17 17:57:05.991  2255  2277 W A01b00/SCB: GraphicUtils --> com.huawei.hmos.photos - getHdsIcon, size: (192, 192), pixelFormat: 4, leftTopPixel is transparent: true, 0-0-0-0
CST 2026-07-17 17:57:05.991  2255  2277 E C03900/HDS: [hds_drawable_descriptor.cpp-GetOtherIconsInfo:395]Get icon by name from resource failed, iconName: icon_mask, isGlobalMask: 0, state: 9001004
CST 2026-07-17 17:57:05.992  2255  2277 W C03900/HDS: [hds_drawable_descriptor.cpp-ProcessIcon:91]Mask size {192, 192}, bundleName: com.huawei.hmos.photos
CST 2026-07-17 17:57:06.003   644   650 I C02515/DISP: [InitBufferHandle:229] express init gbuffer id 28a00000075 ret 0 err 0 fd 8 192 192 pixel 4 size 147456 usage 2b
CST 2026-07-17 17:57:06.003   644   650 I C02515/DISP: [ExpressAllocMem:271] ExpressAllocMem requeset BufferHandle 8, width 192, heigt 192, format 20
CST 2026-07-17 17:57:06.007   644   650 I C02515/DISP: [ExpressFreeMem:317] freeMem bufferhandle gbuffer_id 28a00000075, width 192, heigt 192
CST 2026-07-17 17:57:06.018   644   650 I C02515/DISP: [InitBufferHandle:229] express init gbuffer id 28a00000076 ret 0 err 0 fd 8 222 222 pixel 4 size 197136 usage 2b
CST 2026-07-17 17:57:06.018   644   650 I C02515/DISP: [ExpressAllocMem:271] ExpressAllocMem requeset BufferHandle 8, width 222, heigt 222, format 20
CST 2026-07-17 17:57:06.023   644   650 I C02515/DISP: [ExpressFreeMem:317] freeMem bufferhandle gbuffer_id 28a00000076, width 222, heigt 222
CST 2026-07-17 17:57:06.024  2255  2277 I C02515/DISP: [ExpressFreeMem:317] freeMem bufferhandle gbuffer_id 28a00000075, width 192, heigt 192
CST 2026-07-17 17:57:06.025   168  1367 E C02d66/XPerf: [InquiryOhImpl::ExtractStringValue] Canonical FilePath: /sys/class/ithermal/lpm/lpm_freq failed.
CST 2026-07-17 17:57:06.025   168  1367 E C02d66/XPerf: [InquiryOhImpl::ExtractStringValue] Canonical FilePath: /sys/class/power_supply/Battery/status failed.
CST 2026-07-17 17:57:06.038  2255  2277 I C02515/DISP: [ExpressFreeMem:317] freeMem bufferhandle gbuffer_id 28a00000076, width 222, heigt 222
CST 2026-07-17 17:57:06.051  2255  2277 I C03900/HDS: [hds_drawable_descriptor.cpp-ProcessIcon:101]set pixelmap editable : 0 .
CST 2026-07-17 17:57:06.051  2255  2277 E C02b61/PixelMap: set ashmem name failed
CST 2026-07-17 17:57:06.051  2255  2277 W A01b00/SCB: GraphicUtils --> combinePic from HdsIcon, bundleName: com.huawei.hmos.photos, iconSizeOfGrid: 64, hasBorder: true
CST 2026-07-17 17:57:06.051  2255  2277 I A01b00/SCB: IconResourceFwk --> getBundleIcon end param: com.huawei.hmos.photos, 64, true true
CST 2026-07-17 17:57:06.058  2255  2287 I C02b61/ImageCode: DoEncode:(224, 224) cost 5652 us
CST 2026-07-17 17:57:06.059  2255  2285 I C01631/GaussPD:  [0] [ADAPTER] [139900931275520] Not support binlog_default.writeLock file enable del monitor sysno = 25
CST 2026-07-17 17:57:06.059  2255  2285 I C01631/GaussPD:  [0] [ADAPTER] [139900931275520] Not support binlog_default.writeLock file enable del monitor sysno = 25
CST 2026-07-17 17:57:06.059  2255  2285 I C01631/GaussPD:  [0] [ADAPTER] [139900931275520] Not support binlog_default.writeLock file enable del monitor sysno = 25
CST 2026-07-17 17:57:06.060  2255  2285 I C01631/GaussPD:  [0] [ADAPTER] [139900931275520] Not support binlog_default.writeLock file enable del monitor sysno = 25
CST 2026-07-17 17:57:06.060  2255  2285 I C01631/GaussPD:  [0] [ADAPTER] [139900931275520] Not support binlog_default.writeIndex file enable del monitor sysno = 25
CST 2026-07-17 17:57:06.060  2255  2285 I C01631/GaussPD:  [0] [ADAPTER] [139900931275520] Not support binlog_default.writeIndex file enable del monitor sysno = 25
CST 2026-07-17 17:57:06.060  2255  2277 I A01a01/NC: NotificationConfigManager: update icon result: com.huawei.hmos.photos, 60878
CST 2026-07-17 17:57:06.060  2255  2277 I A01b00/SCB: IconResourceFwk --> getBundleIcon start param: com.huawei.msdp.antimisoperation, 64, true true
CST 2026-07-17 17:57:06.060  2255  2277 W A01b00/SCB: IconResourceUtils --> getIconResource from bms getBundleResourceInfo for com.huawei.msdp.antimisoperation 0
CST 2026-07-17 17:57:06.061   796   796 I C01120/BMS: icon rdb get resource icon start -n com.huawei.msdp.antimisoperation -i 0 -f 16
CST 2026-07-17 17:57:06.061   796   796 E C01650/StepResultSet: GoToRow:position[0] rowCount[0] rowPos_[-1]!
CST 2026-07-17 17:57:06.065  2255  2277 I C02b61/ImageSource: CreatePixelMap success, id:1784282226064096,dSize:(0,0),srcSize: (288,288),dHdr:1,sHdr:1,memType: 2,cost 1592 us
CST 2026-07-17 17:57:06.066  2255  2277 E C02b61/PixelMap: set ashmem name failed
CST 2026-07-17 17:57:06.068  2255  2277 I C02b61/ImageSource: CreatePixelMap success, id:1784282226066116,dSize:(0,0),srcSize: (288,288),dHdr:1,sHdr:1,memType: 2,cost 2280 us
CST 2026-07-17 17:57:06.068  2255  2277 E C02b61/PixelMap: set ashmem name failed
CST 2026-07-17 17:57:06.070  2255  2277 I C02b61/ImageSource: CreatePixelMap success, id:1784282226069397,dSize:(0,0),srcSize: (192,192),dHdr:1,sHdr:1,memType: 2,cost 884 us
CST 2026-07-17 17:57:06.070  2255  2277 E C02b61/PixelMap: set ashmem name failed
CST 2026-07-17 17:57:06.072  2255  2277 W A01b00/SCB: GraphicUtils --> com.huawei.msdp.antimisoperation - getHdsIcon, size: (192, 192), pixelFormat: 4, leftTopPixel is transparent: true, 0-0-0-0
CST 2026-07-17 17:57:06.072  2255  2277 E C03900/HDS: [hds_drawable_descriptor.cpp-GetOtherIconsInfo:395]Get icon by name from resource failed, iconName: icon_mask, isGlobalMask: 0, state: 9001004
CST 2026-07-17 17:57:06.072  2255  2277 W C03900/HDS: [hds_drawable_descriptor.cpp-ProcessIcon:91]Mask size {192, 192}, bundleName: com.huawei.msdp.antimisoperation
CST 2026-07-17 17:57:06.083   644   650 I C02515/DISP: [InitBufferHandle:229] express init gbuffer id 28a00000077 ret 0 err 0 fd 8 192 192 pixel 4 size 147456 usage 2b
CST 2026-07-17 17:57:06.083   644   650 I C02515/DISP: [ExpressAllocMem:271] ExpressAllocMem requeset BufferHandle 8, width 192, heigt 192, format 20
CST 2026-07-17 17:57:06.088   644   650 I C02515/DISP: [ExpressFreeMem:317] freeMem bufferhandle gbuffer_id 28a00000077, width 192, heigt 192
CST 2026-07-17 17:57:06.099   644   650 I C02515/DISP: [InitBufferHandle:229] express init gbuffer id 28a00000078 ret 0 err 0 fd 8 222 222 pixel 4 size 197136 usage 2b
CST 2026-07-17 17:57:06.099   644   650 I C02515/DISP: [ExpressAllocMem:271] ExpressAllocMem requeset BufferHandle 8, width 222, heigt 222, format 20
CST 2026-07-17 17:57:06.103   644   650 I C02515/DISP: [ExpressFreeMem:317] freeMem bufferhandle gbuffer_id 28a00000078, width 222, heigt 222
CST 2026-07-17 17:57:06.104  2255  2277 I C02515/DISP: [ExpressFreeMem:317] freeMem bufferhandle gbuffer_id 28a00000077, width 192, heigt 192
CST 2026-07-17 17:57:06.119  2255  2277 I C02515/DISP: [ExpressFreeMem:317] freeMem bufferhandle gbuffer_id 28a00000078, width 222, heigt 222
CST 2026-07-17 17:57:06.131  2255  2277 I C03900/HDS: [hds_drawable_descriptor.cpp-ProcessIcon:101]set pixelmap editable : 0 .
CST 2026-07-17 17:57:06.132  2255  2277 E C02b61/PixelMap: set ashmem name failed
CST 2026-07-17 17:57:06.132  2255  2277 W A01b00/SCB: GraphicUtils --> combinePic from HdsIcon, bundleName: com.huawei.msdp.antimisoperation, iconSizeOfGrid: 64, hasBorder: true
CST 2026-07-17 17:57:06.132  2255  2277 I A01b00/SCB: IconResourceFwk --> getBundleIcon end param: com.huawei.msdp.antimisoperation, 64, true true
CST 2026-07-17 17:57:06.137  2255  2286 I C02b61/ImageCode: DoEncode:(224, 224) cost 4583 us
CST 2026-07-17 17:57:06.138  2255  2287 I C01631/GaussPD:  [0] [ADAPTER] [139900914473728] Not support binlog_default.writeLock file enable del monitor sysno = 25
CST 2026-07-17 17:57:06.138  2255  2287 I C01631/GaussPD:  [0] [ADAPTER] [139900914473728] Not support binlog_default.writeLock file enable del monitor sysno = 25
CST 2026-07-17 17:57:06.138  2255  2255 W A01c06/ICON: AppIconWeatherModel --> initWeatherListener, retryTimes: 4
CST 2026-07-17 17:57:06.138  2255  2287 I C01631/GaussPD:  [0] [ADAPTER] [139900914473728] Not support binlog_default.writeLock file enable del monitor sysno = 25
CST 2026-07-17 17:57:06.139  2255  2287 I C01631/GaussPD:  [0] [ADAPTER] [139900914473728] Not support binlog_default.writeLock file enable del monitor sysno = 25
CST 2026-07-17 17:57:06.139  2255  2287 I C01631/GaussPD:  [0] [ADAPTER] [139900914473728] Not support binlog_default.writeIndex file enable del monitor sysno = 25
CST 2026-07-17 17:57:06.139  2255  2287 I C01631/GaussPD:  [0] [ADAPTER] [139900914473728] Not support binlog_default.writeIndex file enable del monitor sysno = 25
CST 2026-07-17 17:57:06.139  2255  2287 I C01631/GaussPD:  [0] [ADAPTER] [139900914473728] Not support binlog_default.00001 file enable del monitor sysno = 25
CST 2026-07-17 17:57:06.139  2255  2287 I C01631/GaussPD:  [0] [ADAPTER] [139900914473728] Not support binlog_default.writeIndex file enable del monitor sysno = 25
CST 2026-07-17 17:57:06.139  2255  2287 I C01631/GaussPD:  [0] [ADAPTER] [139900914473728] Not support binlog_default.writeIndex file enable del monitor sysno = 25
CST 2026-07-17 17:57:06.139  2255  2287 I C01631/GaussPD:  [0] [STORAGE] [139900914473728] |Binlog||BinlogNotifyOnFull| current log file count is: 2
CST 2026-07-17 17:57:06.139  2255  3313 I C01650/RdbStoreImpl: operator():task start: binlog replay for /***/el1/***/App***.db
CST 2026-07-17 17:57:06.140  2255  3313 I C01650/SqliteConnection: CreateSlaveConnection:slave cfg:[0,1,0,0,1,0,0]App***.db:<DB,0xc8f9c,2351104,100660><DWR,0xc8f9d,12288,100660><SHM,0xc8f9f,32768,100660><WAL,0xc8f9e,20632,100660> master:<DB,0xc8f98,2338816,100660><DWR,0xc8f99,12288,100660><SHM,0xc8f9b,32768,100660><WAL,0xc8f9a,0,100660>,[1,0,0,0,1]
CST 2026-07-17 17:57:06.140  2255  3313 I C01650/SqliteConnection: SetBinlog:binlog: open /***/el1/***/App***.db
CST 2026-07-17 17:57:06.141  2255  3313 I C01631/GaussPD:  [0] [ADAPTER] [139900687346432] Not support binlog_default.readLock file enable del monitor sysno = 25
CST 2026-07-17 17:57:06.141  2255  3313 I C01631/GaussPD:  [0] [ADAPTER] [139900687346432] Not support binlog_default.readIndex file enable del monitor sysno = 25
CST 2026-07-17 17:57:06.141  2255  3313 I C01631/GaussPD:  [0] [ADAPTER] [139900687346432] Not support binlog_default.writeIndex file enable del monitor sysno = 25
CST 2026-07-17 17:57:06.145  2255  2277 I A01a01/NC: NotificationConfigManager: update icon result: com.huawei.msdp.antimisoperation, 43202
CST 2026-07-17 17:57:06.145  2255  2277 I A01b00/SCB: IconResourceFwk --> getBundleIcon start param: com.ohos.useriam.authwidget, 64, true true
CST 2026-07-17 17:57:06.145  2255  3313 I C01631/GaussPD:  [0] [ADAPTER] [139900687346432] Not support binlog_default.readIndex file enable del monitor sysno = 25
CST 2026-07-17 17:57:06.145  2255  2277 W A01b00/SCB: IconResourceUtils --> getIconResource from bms getBundleResourceInfo for com.ohos.useriam.authwidget 0
CST 2026-07-17 17:57:06.146   796   796 I C01120/BMS: icon rdb get resource icon start -n com.ohos.useriam.authwidget -i 0 -f 16
CST 2026-07-17 17:57:06.146   796   796 E C01650/StepResultSet: GoToRow:position[0] rowCount[0] rowPos_[-1]!
CST 2026-07-17 17:57:06.147  2255  2277 I C02b61/ImageSource: CreatePixelMap success, id:1784282226147038,dSize:(0,0),srcSize: (114,114),dHdr:1,sHdr:1,memType: 2,cost 626 us
CST 2026-07-17 17:57:06.147  2255  2277 E C02b61/PixelMap: set ashmem name failed
CST 2026-07-17 17:57:06.148  2255  2277 W A01b00/SCB: GraphicUtils --> com.ohos.useriam.authwidget - getHdsIcon, size: (114, 114), pixelFormat: 4, leftTopPixel is transparent: true, 0-0-0-0
CST 2026-07-17 17:57:06.148  2255  2277 E C03900/HDS: [hds_drawable_descriptor.cpp-GetOtherIconsInfo:395]Get icon by name from resource failed, iconName: icon_mask, isGlobalMask: 0, state: 9001004
CST 2026-07-17 17:57:06.148  2255  2277 W C03900/HDS: [hds_drawable_descriptor.cpp-ProcessIcon:91]Mask size {192, 192}, bundleName: com.ohos.useriam.authwidget
CST 2026-07-17 17:57:06.148   503  1776 E C01707/CONCUR: [Interface] task 1776 apply qos failed, errno = 4
CST 2026-07-17 17:57:06.148   503  1776 E C01611/QosManager: QosManager: Failed to set thread QoS to QOS_USER_INTERACTIVE, ret: -1
CST 2026-07-17 17:57:06.149   796   796 W C01123/BMSCommon: bundle not exist -n com.huawei.hmsapp.totemweather -u 100 -i 0 -f 32
CST 2026-07-17 17:57:06.149   796   796 W C01121/BMSQuery: GetBundleInfo failed -n com.huawei.hmsapp.totemweather -u 100
CST 2026-07-17 17:57:06.149   503  1776 E C01651/BundleMgrProxy: GetBundleInfoFromBMS: GetBundleInfo failed!bundleName is com.huawei.hmsapp.totemweather, userId is 100
CST 2026-07-17 17:57:06.149   503  1776 E C01651/DataProviderConfig: GetFromProxyData: Get bundleInfo failed! bundleName:com.huawei.hmsapp.totemweather, userId:100, visitedId:100, uri:******icIconInfo
CST 2026-07-17 17:57:06.149   503  1776 E C01651/DataShareServiceImpl: GetBMSAndMetaDataStatus: CalledInfo failed! token:0x20087fab,ret:1001,uri:******icIconInfo
CST 2026-07-17 17:57:06.149   503  1776 E C01651/DataShareServiceImpl: GetSilentProxyStatus: BMS or metaData not ready to complete, token:0x20087fab, uri:******icIconInfo
CST 2026-07-17 17:57:06.150  2255  2471 I C02b61/PixelMap: PixelMap::scale SLR 299, srcSize: [192, 192], dstSize: [114, 114], cost: 1
CST 2026-07-17 17:57:06.150  2255  2255 E A01c06/ICON: AppIconWeatherModel --> get weather info failed, code: 15700010, message: The DataShareHelper is not initialized successfully.
CST 2026-07-17 17:57:06.151  2255  3313 I C01631/GaussPD:  [0] [ADAPTER] [139900687346432] Not support binlog_default.readIndex file enable del monitor sysno = 25
CST 2026-07-17 17:57:06.154  2255  3313 I C01631/GaussPD:  [0] [ADAPTER] [139900687346432] Not support binlog_default.readIndex file enable del monitor sysno = 25
CST 2026-07-17 17:57:06.158   644   650 I C02515/DISP: [InitBufferHandle:229] express init gbuffer id 28a00000079 ret 0 err 0 fd 8 114 114 pixel 4 size 51984 usage 2b
CST 2026-07-17 17:57:06.158   644   650 I C02515/DISP: [ExpressAllocMem:271] ExpressAllocMem requeset BufferHandle 8, width 114, heigt 114, format 20
CST 2026-07-17 17:57:06.159  2255  3313 I C01631/GaussPD:  [0] [ADAPTER] [139900687346432] Not support binlog_default.readIndex file enable del monitor sysno = 25
CST 2026-07-17 17:57:06.163  2255  3313 I C01631/GaussPD:  [0] [ADAPTER] [139900687346432] Not support binlog_default.readIndex file enable del monitor sysno = 25
CST 2026-07-17 17:57:06.163   644   650 I C02515/DISP: [ExpressFreeMem:317] freeMem bufferhandle gbuffer_id 28a00000079, width 114, heigt 114
CST 2026-07-17 17:57:06.168  2255  3313 I C01631/GaussPD:  [0] [ADAPTER] [139900687346432] Not support binlog_default.readIndex file enable del monitor sysno = 25
CST 2026-07-17 17:57:06.172  2255  3313 I C01631/GaussPD:  [0] [ADAPTER] [139900687346432] Not support binlog_default.readIndex file enable del monitor sysno = 25
CST 2026-07-17 17:57:06.175   644   650 I C02515/DISP: [InitBufferHandle:229] express init gbuffer id 28a0000007a ret 0 err 0 fd 8 222 222 pixel 4 size 197136 usage 2b
CST 2026-07-17 17:57:06.175   644   650 I C02515/DISP: [ExpressAllocMem:271] ExpressAllocMem requeset BufferHandle 8, width 222, heigt 222, format 20
CST 2026-07-17 17:57:06.177  2255  3313 I C01631/GaussPD:  [0] [ADAPTER] [139900687346432] Not support binlog_default.readIndex file enable del monitor sysno = 25
CST 2026-07-17 17:57:06.180   644   650 I C02515/DISP: [ExpressFreeMem:317] freeMem bufferhandle gbuffer_id 28a0000007a, width 222, heigt 222
CST 2026-07-17 17:57:06.181  2255  2471 I C02515/DISP: [ExpressFreeMem:317] freeMem bufferhandle gbuffer_id 28a00000079, width 114, heigt 114
CST 2026-07-17 17:57:06.182  2255  3313 I C01631/GaussPD:  [0] [ADAPTER] [139900687346432] Not support binlog_default.readIndex file enable del monitor sysno = 25
CST 2026-07-17 17:57:06.196  2255  2471 I C02515/DISP: [ExpressFreeMem:317] freeMem bufferhandle gbuffer_id 28a0000007a, width 222, heigt 222
CST 2026-07-17 17:57:06.209  2255  2471 I C03900/HDS: [hds_drawable_descriptor.cpp-ProcessIcon:101]set pixelmap editable : 0 .
CST 2026-07-17 17:57:06.210  2255  2471 E C02b61/PixelMap: set ashmem name failed
CST 2026-07-17 17:57:06.210  2255  2471 W A01b00/SCB: GraphicUtils --> combinePic from HdsIcon, bundleName: com.ohos.useriam.authwidget, iconSizeOfGrid: 64, hasBorder: true
CST 2026-07-17 17:57:06.210  2255  2471 I A01b00/SCB: IconResourceFwk --> getBundleIcon end param: com.ohos.useriam.authwidget, 64, true true
CST 2026-07-17 17:57:06.210  2255  3313 I C01631/GaussPD:  [0] [ADAPTER] [139900687346432] Not support binlog_default.readIndex file enable del monitor sysno = 25
CST 2026-07-17 17:57:06.213  2255  3313 I C01631/GaussPD:  [0] [ADAPTER] [139900687346432] Not support binlog_default.readIndex file enable del monitor sysno = 25
CST 2026-07-17 17:57:06.215  2255  2285 I C02b61/ImageCode: DoEncode:(224, 224) cost 4384 us
CST 2026-07-17 17:57:06.217  2255  2284 I C01631/GaussPD:  [0] [ADAPTER] [139902111435520] Not support binlog_default.writeLock file enable del monitor sysno = 25
CST 2026-07-17 17:57:06.217  2255  2284 I C01631/GaussPD:  [0] [ADAPTER] [139902111435520] Not support binlog_default.writeLock file enable del monitor sysno = 25
CST 2026-07-17 17:57:06.217  2255  2284 I C01631/GaussPD:  [0] [ADAPTER] [139902111435520] Not support binlog_default.writeLock file enable del monitor sysno = 25
CST 2026-07-17 17:57:06.218  2255  2284 I C01631/GaussPD:  [0] [ADAPTER] [139902111435520] Not support binlog_default.writeLock file enable del monitor sysno = 25
CST 2026-07-17 17:57:06.218  2255  2284 I C01631/GaussPD:  [0] [ADAPTER] [139902111435520] Not support binlog_default.writeIndex file enable del monitor sysno = 25
CST 2026-07-17 17:57:06.218  2255  2284 I C01631/GaussPD:  [0] [ADAPTER] [139902111435520] Not support binlog_default.writeIndex file enable del monitor sysno = 25
CST 2026-07-17 17:57:06.218  2255  2471 I A01a01/NC: NotificationConfigManager: update icon result: com.ohos.useriam.authwidget, 38242
CST 2026-07-17 17:57:06.218  2255  2471 I A01b00/SCB: IconResourceFwk --> getBundleIcon start param: com.huawei.hmos.projectmenu, 64, true true
CST 2026-07-17 17:57:06.218  2255  2471 W A01b00/SCB: IconResourceUtils --> getIconResource from bms getBundleResourceInfo for com.huawei.hmos.projectmenu 0
CST 2026-07-17 17:57:06.218  2255  3313 I C01631/GaussPD:  [0] [ADAPTER] [139900687346432] Not support binlog_default.readIndex file enable del monitor sysno = 25
CST 2026-07-17 17:57:06.219   796   796 I C01120/BMS: icon rdb get resource icon start -n com.huawei.hmos.projectmenu -i 0 -f 16
CST 2026-07-17 17:57:06.219   796   796 E C01650/StepResultSet: GoToRow:position[0] rowCount[0] rowPos_[-1]!
CST 2026-07-17 17:57:06.220  2255  2471 I C02b61/ImageSource: CreatePixelMap success, id:1784282226219692,dSize:(0,0),srcSize: (114,114),dHdr:1,sHdr:1,memType: 2,cost 646 us
CST 2026-07-17 17:57:06.220  2255  2471 E C02b61/PixelMap: set ashmem name failed
CST 2026-07-17 17:57:06.221  2255  2471 W A01b00/SCB: GraphicUtils --> com.huawei.hmos.projectmenu - getHdsIcon, size: (114, 114), pixelFormat: 4, leftTopPixel is transparent: true, 0-0-0-0
CST 2026-07-17 17:57:06.221  2255  2471 E C03900/HDS: [hds_drawable_descriptor.cpp-GetOtherIconsInfo:395]Get icon by name from resource failed, iconName: icon_mask, isGlobalMask: 0, state: 9001004
CST 2026-07-17 17:57:06.221  2255  2471 W C03900/HDS: [hds_drawable_descriptor.cpp-ProcessIcon:91]Mask size {192, 192}, bundleName: com.huawei.hmos.projectmenu
CST 2026-07-17 17:57:06.221  2255  3313 I C01631/GaussPD:  [0] [ADAPTER] [139900687346432] Not support binlog_default.readIndex file enable del monitor sysno = 25
CST 2026-07-17 17:57:06.222  2255  2277 I C02b61/PixelMap: PixelMap::scale SLR 303, srcSize: [192, 192], dstSize: [114, 114], cost: 1
CST 2026-07-17 17:57:06.224  2255  3313 I C01631/GaussPD:  [0] [ADAPTER] [139900687346432] Not support binlog_default.readIndex file enable del monitor sysno = 25
CST 2026-07-17 17:57:06.228  2255  3313 I C01631/GaussPD:  [0] [ADAPTER] [139900687346432] Not support binlog_default.readIndex file enable del monitor sysno = 25
CST 2026-07-17 17:57:06.234  2255  3313 I C01631/GaussPD:  [0] [ADAPTER] [139900687346432] Not support binlog_default.readIndex file enable del monitor sysno = 25
CST 2026-07-17 17:57:06.234   644   650 I C02515/DISP: [InitBufferHandle:229] express init gbuffer id 28a0000007b ret 0 err 0 fd 8 114 114 pixel 4 size 51984 usage 2b
CST 2026-07-17 17:57:06.234   644   650 I C02515/DISP: [ExpressAllocMem:271] ExpressAllocMem requeset BufferHandle 8, width 114, heigt 114, format 20
CST 2026-07-17 17:57:06.237  2255  3313 I C01631/GaussPD:  [0] [ADAPTER] [139900687346432] Not support binlog_default.readIndex file enable del monitor sysno = 25
CST 2026-07-17 17:57:06.239   644   650 I C02515/DISP: [ExpressFreeMem:317] freeMem bufferhandle gbuffer_id 28a0000007b, width 114, heigt 114
CST 2026-07-17 17:57:06.241  2255  3313 I C01631/GaussPD:  [0] [ADAPTER] [139900687346432] Not support binlog_default.readIndex file enable del monitor sysno = 25
CST 2026-07-17 17:57:06.245  2255  3313 I C01631/GaussPD:  [0] [ADAPTER] [139900687346432] Not support binlog_default.readIndex file enable del monitor sysno = 25
CST 2026-07-17 17:57:06.248  2255  3313 I C01631/GaussPD:  [0] [ADAPTER] [139900687346432] Not support binlog_default.readIndex file enable del monitor sysno = 25
CST 2026-07-17 17:57:06.251   644   650 I C02515/DISP: [InitBufferHandle:229] express init gbuffer id 28a0000007c ret 0 err 0 fd 8 222 222 pixel 4 size 197136 usage 2b
CST 2026-07-17 17:57:06.251   644   650 I C02515/DISP: [ExpressAllocMem:271] ExpressAllocMem requeset BufferHandle 8, width 222, heigt 222, format 20
CST 2026-07-17 17:57:06.251  2255  3313 I C01631/GaussPD:  [0] [ADAPTER] [139900687346432] Not support binlog_default.readIndex file enable del monitor sysno = 25
CST 2026-07-17 17:57:06.253   449   908 I C0430a/file_monitor_service: [TimedTask:47]Perf stat changed, 1 to 0
CST 2026-07-17 17:57:06.253   449   584 I C0430a/file_monitor_service: [OnEvent:1081]OnEvent Scanner: 128, data code: 0
CST 2026-07-17 17:57:06.253   449   584 I C0430a/file_monitor_service: [ProcessEvent:97]FileMonitor didn't subcribe event(128), pass.
CST 2026-07-17 17:57:06.253   449   584 I C0430a/file_monitor_service: [ProcessEvent:97]PowerListener didn't subcribe event(128), pass.
CST 2026-07-17 17:57:06.255  2255  3313 I C01631/GaussPD:  [0] [ADAPTER] [139900687346432] Not support binlog_default.readIndex file enable del monitor sysno = 25
CST 2026-07-17 17:57:06.255   644   650 I C02515/DISP: [ExpressFreeMem:317] freeMem bufferhandle gbuffer_id 28a0000007c, width 222, heigt 222
CST 2026-07-17 17:57:06.256  2255  2277 I C02515/DISP: [ExpressFreeMem:317] freeMem bufferhandle gbuffer_id 28a0000007b, width 114, heigt 114
CST 2026-07-17 17:57:06.273  2255  2277 I C02515/DISP: [ExpressFreeMem:317] freeMem bufferhandle gbuffer_id 28a0000007c, width 222, heigt 222
CST 2026-07-17 17:57:06.294   170   603 E C02510/devsvc_manager_stub: StubGetService service hmi_service not found
CST 2026-07-17 17:57:06.294   168   332 E C02510/hdi_servmgr_client: get hdi service hmi_service failed, -1
CST 2026-07-17 17:57:06.294   168   332 E C02510/hmi_interface_proxy: Get:get remote object failed!
CST 2026-07-17 17:57:06.294   168   332 I C02d19/CHR_SERVICE: [HmiClient][modem_log_client]GetService: hmiInterface is nullptr.
CST 2026-07-17 17:57:06.294   168   332 I C02d19/CHR_SERVICE: [HmiClient][modem_log_client]TryGetServiceDelayed: retryCount=14, delayed=4000.
CST 2026-07-17 17:57:06.442   267   287 E C02699/MM: WriteToFile file path(/proc/shader_load_level) cannot be canonicalized
CST 2026-07-17 17:57:06.473  2527  2527 I C02500/Qemud: Guest heartbeat success.
CST 2026-07-17 17:57:07.355   348   654 I C01f04/TelephonySubsystem: reboot detect retry remain 1
CST 2026-07-17 17:57:07.355   348   654 W C01f04/MultiSimontroller: [GetSimAccountInfo-(multi_sim_controller.cpp:1141)] slotId 0 is invalid
CST 2026-07-17 17:57:07.355   348   654 E C01f04/TelephonySubsystem: GetSimAccountInfo fail!
CST 2026-07-17 17:57:07.355   170   603 E C02510/devsvc_manager_stub: StubGetService service ril_ext not found
CST 2026-07-17 17:57:07.356   168   330 E C02510/hdi_servmgr_client: get hdi service ril_ext failed, -1
CST 2026-07-17 17:57:07.356   168   330 I C02d19/CHR_SERVICE: RilRadioRadarTunnel, ConnectRilAdapterService chrRadio_ is nullptr!
CST 2026-07-17 17:57:07.356   170   603 E C02510/devsvc_manager_stub: StubGetService service hmi_service not found
CST 2026-07-17 17:57:07.356   168   330 E C02510/hdi_servmgr_client: get hdi service hmi_service failed, -1
CST 2026-07-17 17:57:07.356   168   330 E C02510/hmi_interface_proxy: Get:get remote object failed!
CST 2026-07-17 17:57:07.356   168   330 I C02d19/CHR_SERVICE: [HmiClient][chr_client]GetService: hmiInterface is nullptr.
CST 2026-07-17 17:57:07.356   168   330 I C02d19/CHR_SERVICE: [HmiClient][chr_client]TryGetServiceDelayed: retryCount=11, delayed=4000.
CST 2026-07-17 17:57:07.357  2255  2277 I C03900/HDS: [hds_drawable_descriptor.cpp-ProcessIcon:101]set pixelmap editable : 0 .
CST 2026-07-17 17:57:07.357  2255  2277 E C02b61/PixelMap: set ashmem name failed
CST 2026-07-17 17:57:07.357  2255  2277 W A01b00/SCB: GraphicUtils --> combinePic from HdsIcon, bundleName: com.huawei.hmos.projectmenu, iconSizeOfGrid: 64, hasBorder: true
CST 2026-07-17 17:57:07.357  2255  2277 I A01b00/SCB: IconResourceFwk --> getBundleIcon end param: com.huawei.hmos.projectmenu, 64, true true
CST 2026-07-17 17:57:07.358  2776  3193 E C02e00/UPDATE_SA: [hap_connection.cpp(50)]GetHapRemoteObject, remoteObj is nullptr, bundle com.huawei.hmos.ouc
CST 2026-07-17 17:57:07.358  2776  3193 I C01352/ExtMgr: [extension_manager_client.cpp134]name:com.huawei.hmos.ouc ServiceExtAbility, userId:-1.
CST 2026-07-17 17:57:07.358  1895  2008 I C0430a/file_monitor_service: [MainMissionStatus:197]CanExit
CST 2026-07-17 17:57:07.358  1895  2008 I C0430a/file_monitor_service: [MainMissionStatus:203]SecondaryScanner idle
CST 2026-07-17 17:57:07.359  2255  3313 I C01631/GaussPD:  [0] [ADAPTER] [139900687346432] Not support binlog_default.readIndex file enable del monitor sysno = 25
CST 2026-07-17 17:57:07.359   267   297 I C02699/MM: CheckProcessLoadingCompleted check process[pid=2680,uid=20020010,name=AppGalleryService] : not loading Completed,beforePrio=100 , set prio=100!
CST 2026-07-17 17:57:07.360   796   796 I C01342/ServiceExt: [ABMS5529]element: com.huawei.hmos.ouc/ServiceExtAbility
CST 2026-07-17 17:57:07.360   796   796 W C01123/BMSCommon: bundle not exist -n com.huawei.hmos.ouc -u 100 -i 0 -f 0
CST 2026-07-17 17:57:07.360   796   796 W C01336/AMS: [start_ability_utils.cpp76]failed: com.huawei.hmos.ouc
CST 2026-07-17 17:57:07.360   796   796 W C01336/AMS: [crowd_test_interceptor.cpp54]GetAppInfo failed
CST 2026-07-17 17:57:07.360   796   796 W C01120/BMS: app_control_manager.cpp:GetAppRunningControlRule:397 getAppId failed,-n:com.huawei.hmos.ouc
CST 2026-07-17 17:57:07.360   796   796 W C01123/BMSCommon: uid(6666) invalid
CST 2026-07-17 17:57:07.360   796   796 I C01336/AMS: [start_ability_utils.cpp54]appIndex:-1
CST 2026-07-17 17:57:07.361   796   796 W C01123/BMSCommon: bundle not exist -n com.huawei.hmos.ouc -u 100 -i 0 -f 1062
CST 2026-07-17 17:57:07.361   796   796 I C01121/BMSQuery: ExplicitQueryAbility no match -n com.huawei.hmos.ouc -a ServiceExtAbility -u 100 -i 0
CST 2026-07-17 17:57:07.361   796   796 W C01120/BMS: query abilitys_ext code 8521480
CST 2026-07-17 17:57:07.361   796   796 W C01123/BMSCommon: bundle not exist -n com.huawei.hmos.ouc -u 100 -i 0 -f 1062
CST 2026-07-17 17:57:07.361   796   796 W C01121/BMSQuery: bundle_data_mgr.cpp:ExplicitQueryExtensionInfo:7239 ExplicitQueryExtensionInfo failed
CST 2026-07-17 17:57:07.361   796   796 I C01121/BMSQuery: ExplicitQueryExtension size:0 -n com.huawei.hmos.ouc -e ServiceExtAbility -u 100 -i 0
CST 2026-07-17 17:57:07.361   796   796 W C01121/BMSQuery: bundle_data_mgr.cpp:GetCloneAppIndexes:2463 no bundleName com.huawei.hmos.ouc found
CST 2026-07-17 17:57:07.361   796   796 W C01121/BMSQuery: bundle_mgr_host_impl.cpp:QueryExtensionAbilityInfos:3425 no valid extension info can be inquired
CST 2026-07-17 17:57:07.361   796   796 E C01336/AMS: [start_ability_utils.cpp290]extensionInfo empty
CST 2026-07-17 17:57:07.361   796   796 E C01342/ServiceExt: [ABMS5868]generate request error
CST 2026-07-17 17:57:07.361  2776  3193 E C02e00/UPDATE_SA: [hap_connection.cpp(82)]HapConnection call interface failed, ret 2097152
CST 2026-07-17 17:57:07.361  2776  3193 E C02e00/UPDATE_SA: [ouc_hap_connection.cpp(72)]SendRemoteRequest, can not connect to ouc
CST 2026-07-17 17:57:07.361  2776  3193 E C02e00/UPDATE_SA: [ouc_hap_connection.cpp(279)]SendMessage request failed, code: 5
CST 2026-07-17 17:57:07.362   267   289 E C02699/MM: WriteToFile file path(/dev/memcg/memory.swap_full_ratio) cannot be canonicalized
CST 2026-07-17 17:57:07.362   717   763 I C02986/DisplayPowerBrightness: lux=[0/71169, 0/71317, 0/71463, 0/71611, 0/71757, 0/72688, ], bDelta=5.000000, dDelta=1.000000, size=50
CST 2026-07-17 17:57:07.362  2255  3313 I C01631/GaussPD:  [0] [ADAPTER] [139900687346432] Not support binlog_default.readIndex file enable del monitor sysno = 25
CST 2026-07-17 17:57:07.362   267   289 I C02699/MM: WriteReclaimRatioToKernel zram_wm_ratio = 10, swap_full_ratio = 95
CST 2026-07-17 17:57:07.362   267   289 I C02699/MM: WriteSoftLimitValueToKernel 10737418240
CST 2026-07-17 17:57:07.362   267   289 E C02699/MM: WriteToFile file path(/dev/memcg/memory.force_soft_limit_reclaim) cannot be canonicalized
CST 2026-07-17 17:57:07.362   267   289 E C02699/MM: WriteToFile file path(/dev/memcg/memory.force_soft_limit_reclaim) cannot be canonicalized
CST 2026-07-17 17:57:07.362   267   289 E C02699/MM: WriteToFile file path(/dev/memcg/memory.force_soft_limit_reclaim) cannot be canonicalized
CST 2026-07-17 17:57:07.362   267   289 I C02699/MM: WriteSoftLimitValueToKernel 21474836480
CST 2026-07-17 17:57:07.363  2255  2287 I C02b61/ImageCode: DoEncode:(224, 224) cost 5216 us
CST 2026-07-17 17:57:07.363   142   430 I C01800/SAMGR: SubscribeSA:1901,267_27_13
CST 2026-07-17 17:57:07.363   142   430 I C01800/SAMGR: NotifyAddSA:1901,267_13
CST 2026-07-17 17:57:07.363   267   289 I C02699/MM: RealRootRclaim SystemloadLevel = 0
CST 2026-07-17 17:57:07.364   267   289 E C02699/MM: WriteToFile file path(/dev/cgroup/memory.force_shrink_all) cannot be canonicalized
CST 2026-07-17 17:57:07.364   267   289 I C02699/MM: RootReclaim ROOT Memcg =/dev/cgroup/memory.force_shrink_all ratioStr=30 go to force_shrink_all, ret=0
CST 2026-07-17 17:57:07.364   267   289 E C02699/MM: WriteToFile file path(/dev/cgroup/memory.force_shrink_all) cannot be canonicalized
CST 2026-07-17 17:57:07.364   267   289 I C02699/MM: RootReclaim ROOT Memcg =/dev/cgroup/memory.force_shrink_all ratioStr=30 go to force_shrink_all, ret=0
CST 2026-07-17 17:57:07.364   267   289 E C02699/MM: WriteToFile file path(/dev/cgroup/memory.force_shrink_all) cannot be canonicalized
CST 2026-07-17 17:57:07.364   267   289 I C02699/MM: RootReclaim ROOT Memcg =/dev/cgroup/memory.force_shrink_all ratioStr=30 go to force_shrink_all, ret=0
CST 2026-07-17 17:57:07.364  2255  2285 I C01631/GaussPD:  [0] [ADAPTER] [139900931275520] Not support binlog_default.writeLock file enable del monitor sysno = 25
CST 2026-07-17 17:57:07.364  2255  2285 I C01631/GaussPD:  [0] [ADAPTER] [139900931275520] Not support binlog_default.writeLock file enable del monitor sysno = 25
CST 2026-07-17 17:57:07.364  2255  2285 I C01631/GaussPD:  [0] [ADAPTER] [139900931275520] Not support binlog_default.writeLock file enable del monitor sysno = 25
CST 2026-07-17 17:57:07.365  2255  2255 W A01c06/ICON: AppIconWeatherModel --> initWeatherListener, retryTimes: 4
CST 2026-07-17 17:57:07.365  3210  3222 I C02f07/S_COLLCTOR: [operator()]Unload security collector manager SA begin.
CST 2026-07-17 17:57:07.367   142   424 I C01800/SAMGR: Scheduler SA:3525 unload start 3210,0_1_2
CST 2026-07-17 17:57:07.367   142   424 I C01800/SAMGR: Scheduler SA:3525 proc delay unload event
CST 2026-07-17 17:57:07.367   142   424 I C01800/SAMGR: IdleSA:3525
CST 2026-07-17 17:57:07.367  3210  3222 I C01810/SAFWK: Idle-SA:3525
CST 2026-07-17 17:57:07.367  3210  3222 I C01810/SAFWK: OnIdle-SA:3525 end,spend:1ms
CST 2026-07-17 17:57:07.367  3210  3222 I C01810/SAFWK: IdleSaInner suc to Idle SA:3525,delayTime:0,spend:1ms
CST 2026-07-17 17:57:07.367   142   424 I C01800/SAMGR: Scheduler SA:3525 agree unload
CST 2026-07-17 17:57:07.367   142   424 I C01800/SAMGR: Scheduler SA:3525 unloadable
CST 2026-07-17 17:57:07.368  2255  3313 I C01631/GaussPD:  [0] [ADAPTER] [139900687346432] Not support binlog_default.readIndex file enable del monitor sysno = 25
CST 2026-07-17 17:57:07.368  3210  3222 I C02f07/S_COLLCTOR: [operator()]Unload security collector manager SA end.
CST 2026-07-17 17:57:07.369  2255  3313 I C01631/GaussPD:  [0] [ADAPTER] [139900687346432] Not support binlog_default.00001 file enable del monitor sysno = 25
CST 2026-07-17 17:57:07.371  2255  3313 I C01631/GaussPD:  [0] [ADAPTER] [139900687346432] Not support binlog_default.00000 file enable del monitor sysno = 25
CST 2026-07-17 17:57:07.371  2255  3313 I C01631/GaussPD:  [0] [ADAPTER] [139900687346432] Not support binlog_default.readIndex file enable del monitor sysno = 25
CST 2026-07-17 17:57:07.372  2255  3313 I C01631/GaussPD:  [0] [ADAPTER] [139900687346432] Not support binlog_default.00001 file enable del monitor sysno = 25
CST 2026-07-17 17:57:07.375  2255  3313 I C01631/GaussPD:  [0] [ADAPTER] [139900687346432] Not support binlog_default.00000 file enable del monitor sysno = 25
CST 2026-07-17 17:57:07.375  2255  3313 I C01631/GaussPD:  [0] [ADAPTER] [139900687346432] Not support binlog_default.readIndex file enable del monitor sysno = 25
CST 2026-07-17 17:57:07.376  2255  3313 I C01631/GaussPD:  [0] [ADAPTER] [139900687346432] Not support binlog_default.00001 file enable del monitor sysno = 25
CST 2026-07-17 17:57:07.376   142   154 I C01800/SAMGR: Scheduler proc:security_collector unload all SA
CST 2026-07-17 17:57:07.376   142   154 I C01800/SAMGR: Scheduler SA:3525 unload start
CST 2026-07-17 17:57:07.376   142   154 I C01800/SAMGR: StopSA:3525
CST 2026-07-17 17:57:07.376  3210  3214 I C01810/SAFWK: StopSa recv stop SA:3525 req
CST 2026-07-17 17:57:07.377   142   154 I C01800/SAMGR: Scheduler SA:3525 unloading
CST 2026-07-17 17:57:07.377   142   154 I C01800/SAMGR: Scheduler proc:security_collector state 1 to 2
CST 2026-07-17 17:57:07.377   142   154 I C01800/SAMGR: Scheduler proc:security_collector stopping
CST 2026-07-17 17:57:07.377  3210  3214 I C01810/SAFWK: StopSaInner suc to stop SA:3525,eventLen:57,spend:0ms
CST 2026-07-17 17:57:07.377   503  1776 E C01707/CONCUR: [Interface] task 1776 apply qos failed, errno = 4
CST 2026-07-17 17:57:07.377   503  1776 E C01611/QosManager: QosManager: Failed to set thread QoS to QOS_USER_INTERACTIVE, ret: -1
CST 2026-07-17 17:57:07.377  2255  2285 I C01631/GaussPD:  [0] [ADAPTER] [139900931275520] Not support binlog_default.writeLock file enable del monitor sysno = 25
CST 2026-07-17 17:57:07.377   142   424 I C01800/SAMGR: NF SA:65962,914_57
CST 2026-07-17 17:57:07.377  2255  2285 I C01631/GaussPD:  [0] [ADAPTER] [139900931275520] Not support binlog_default.writeIndex file enable del monitor sysno = 25
CST 2026-07-17 17:57:07.379  2255  2285 I C01631/GaussPD:  [0] [ADAPTER] [139900931275520] Not support binlog_default.writeIndex file enable del monitor sysno = 25
CST 2026-07-17 17:57:07.379   313   393 I C01727/SceneRecognizeExt: [a92ab1fc6dc1d2c, 3fc5d, 2c0e648] [ReportExitUserInteractionSceneInner]report exit user interaction scene
CST 2026-07-17 17:57:07.379  2255  2277 I A01a01/NC: NotificationConfigManager: update icon result: com.huawei.hmos.projectmenu, 38242
CST 2026-07-17 17:57:07.379  2255  2277 I A01b00/SCB: IconResourceFwk --> getBundleIcon start param: com.huawei.msdp.hmringgenerator, 64, true true
CST 2026-07-17 17:57:07.379  2255  2277 W A01b00/SCB: IconResourceUtils --> getIconResource from bms getBundleResourceInfo for com.huawei.msdp.hmringgenerator 0
CST 2026-07-17 17:57:07.379   796   962 I C01120/BMS: icon rdb get resource icon start -n com.huawei.msdp.hmringgenerator -i 0 -f 16
CST 2026-07-17 17:57:07.380   313   384 W C01718/StandbyService: [LoadProbabilityByWeekType:102] unexpected long standby probability table length.
CST 2026-07-17 17:57:07.380   313   384 W C01718/StandbyService: [LoadProbability:79] meet error when load slp Proba Times of weekday type
CST 2026-07-17 17:57:07.380   313   384 E C01718/StandbyService: [LoadModel:190] can't get probability or ambient probability of device long standby's stable.
CST 2026-07-17 17:57:07.380   313   384 W C01718/StandbyService: [LoadModelFirstUnlock:693] can't load model
CST 2026-07-17 17:57:07.380   796   962 E C01650/StepResultSet: GoToRow:position[0] rowCount[0] rowPos_[-1]!
CST 2026-07-17 17:57:07.380   796   796 W C01123/BMSCommon: bundle not exist -n com.huawei.hmsapp.totemweather -u 100 -i 0 -f 32
CST 2026-07-17 17:57:07.380   796   796 W C01121/BMSQuery: GetBundleInfo failed -n com.huawei.hmsapp.totemweather -u 100
CST 2026-07-17 17:57:07.380   503  1776 E C01651/BundleMgrProxy: GetBundleInfoFromBMS: GetBundleInfo failed!bundleName is com.huawei.hmsapp.totemweather, userId is 100
CST 2026-07-17 17:57:07.380   503  1776 E C01651/DataProviderConfig: GetFromProxyData: Get bundleInfo failed! bundleName:com.huawei.hmsapp.totemweather, userId:100, visitedId:100, uri:******icIconInfo
CST 2026-07-17 17:57:07.380   503  1776 E C01651/DataShareServiceImpl: GetBMSAndMetaDataStatus: CalledInfo failed! token:0x20087fab,ret:1001,uri:******icIconInfo
CST 2026-07-17 17:57:07.380   503  1776 E C01651/DataShareServiceImpl: GetSilentProxyStatus: BMS or metaData not ready to complete, token:0x20087fab, uri:******icIconInfo
CST 2026-07-17 17:57:07.380  2255  2255 E A01c06/ICON: AppIconWeatherModel --> get weather info failed, code: 15700010, message: The DataShareHelper is not initialized successfully.
CST 2026-07-17 17:57:07.380  2255  3313 I C01631/GaussPD:  [0] [ADAPTER] [139900687346432] Not support binlog_default.00000 file enable del monitor sysno = 25
CST 2026-07-17 17:57:07.380  2255  3313 I C01631/GaussPD:  [0] [ADAPTER] [139900687346432] Not support binlog_default.readIndex file enable del monitor sysno = 25
CST 2026-07-17 17:57:07.381  2255  2277 I C02b61/ImageSource: CreatePixelMap success, id:1784282227380461,dSize:(0,0),srcSize: (114,114),dHdr:1,sHdr:1,memType: 2,cost 711 us
CST 2026-07-17 17:57:07.381  2255  2277 E C02b61/PixelMap: set ashmem name failed
CST 2026-07-17 17:57:07.381  2255  2277 W A01b00/SCB: GraphicUtils --> com.huawei.msdp.hmringgenerator - getHdsIcon, size: (114, 114), pixelFormat: 4, leftTopPixel is transparent: true, 0-0-0-0
CST 2026-07-17 17:57:07.381  2255  3313 I C01631/GaussPD:  [0] [ADAPTER] [139900687346432] Not support binlog_default.00001 file enable del monitor sysno = 25
CST 2026-07-17 17:57:07.381  2255  2277 E C03900/HDS: [hds_drawable_descriptor.cpp-GetOtherIconsInfo:395]Get icon by name from resource failed, iconName: icon_mask, isGlobalMask: 0, state: 9001004
CST 2026-07-17 17:57:07.381  2255  2277 W C03900/HDS: [hds_drawable_descriptor.cpp-ProcessIcon:91]Mask size {192, 192}, bundleName: com.huawei.msdp.hmringgenerator
CST 2026-07-17 17:57:07.384  2255  2471 I C02b61/PixelMap: PixelMap::scale SLR 307, srcSize: [192, 192], dstSize: [114, 114], cost: 2
CST 2026-07-17 17:57:07.384  2255  3313 I C01631/GaussPD:  [0] [ADAPTER] [139900687346432] Not support binlog_default.00000 file enable del monitor sysno = 25
CST 2026-07-17 17:57:07.384  2255  3313 I C01631/GaussPD:  [0] [ADAPTER] [139900687346432] Not support binlog_default.readIndex file enable del monitor sysno = 25
CST 2026-07-17 17:57:07.385  2255  3313 I C01631/GaussPD:  [0] [ADAPTER] [139900687346432] Not support binlog_default.00001 file enable del monitor sysno = 25
CST 2026-07-17 17:57:07.385  3329  3329 W C02c02/PARAM: Selinux check name persist.init.debug.loglevel in u:object_r:startup_init_param:s0 [3329 2000 2000] failed
CST 2026-07-17 17:57:07.385  3329  3329 W C02c02/PARAM: Selinux check name persist.init.debug.loglevel in u:object_r:startup_init_param:s0 [3329 2000 2000] failed
CST 2026-07-17 17:57:07.385  3329  3329 W C02c02/PARAM: SystemReadParam failed!name is:persist.init.debug.loglevel,err:1002
CST 2026-07-17 17:57:07.387  3210  3332 I C01810/SAFWK: Stop-SA:3525
CST 2026-07-17 17:57:07.387  3210  3332 I C01810/SAFWK: Stop OnStop-SA:3525 finished,spend:0ms
CST 2026-07-17 17:57:07.388  2255  3313 I C01631/GaussPD:  [0] [ADAPTER] [139900687346432] Not support binlog_default.00000 file enable del monitor sysno = 25
CST 2026-07-17 17:57:07.388  2255  3313 I C01631/GaussPD:  [0] [ADAPTER] [139900687346432] Not support binlog_default.readIndex file enable del monitor sysno = 25
CST 2026-07-17 17:57:07.389  2255  3313 I C01631/GaussPD:  [0] [ADAPTER] [139900687346432] Not support binlog_default.00001 file enable del monitor sysno = 25
CST 2026-07-17 17:57:07.392  3336  3336 W C02c02/PARAM: Selinux check name persist.init.debug.loglevel in u:object_r:startup_init_param:s0 [3336 2000 2000] failed
CST 2026-07-17 17:57:07.392  3336  3336 W C02c02/PARAM: Selinux check name persist.init.debug.loglevel in u:object_r:startup_init_param:s0 [3336 2000 2000] failed
CST 2026-07-17 17:57:07.392  3336  3336 W C02c02/PARAM: SystemReadParam failed!name is:persist.init.debug.loglevel,err:1002
CST 2026-07-17 17:57:07.392  2255  3313 I C01631/GaussPD:  [0] [ADAPTER] [139900687346432] Not support binlog_default.00000 file enable del monitor sysno = 25
CST 2026-07-17 17:57:07.392  2255  3313 I C01631/GaussPD:  [0] [ADAPTER] [139900687346432] Not support binlog_default.readIndex file enable del monitor sysno = 25
CST 2026-07-17 17:57:07.393  2255  3313 I C01631/GaussPD:  [0] [ADAPTER] [139900687346432] Not support binlog_default.00001 file enable del monitor sysno = 25
CST 2026-07-17 17:57:07.394   142   424 I C01800/SAMGR: rm SA:3525_140
CST 2026-07-17 17:57:07.394   142   424 I C01800/SAMGR: Scheduler SA:3525 handle unload suc event
CST 2026-07-17 17:57:07.394   142   424 I C01800/SAMGR: Scheduler SA:3525 not loaded
CST 2026-07-17 17:57:07.394   142   157 I C01800/SAMGR: FindSaNotify SA:3525,4_107
CST 2026-07-17 17:57:07.394   142   154 I C01800/SAMGR: Scheduler proc:security_collector,SA num:1,notloaded num:1
CST 2026-07-17 17:57:07.394  3210  3332 I C01810/SAFWK: Stop suc to rm SA:3525,spend:7ms
CST 2026-07-17 17:57:07.397  3336  3336 W C02c02/PARAM: Selinux check name persist.init.debug.loglevel in u:object_r:startup_init_param:s0 [3336 2000 2000] failed
CST 2026-07-17 17:57:07.397  3336  3336 W C02c02/PARAM: Selinux check name persist.init.debug.loglevel in u:object_r:startup_init_param:s0 [3336 2000 2000] failed
CST 2026-07-17 17:57:07.397  3336  3336 W C02c02/PARAM: SystemReadParam failed!name is:persist.init.debug.loglevel,err:1002
CST 2026-07-17 17:57:07.403   644   650 I C02515/DISP: [InitBufferHandle:229] express init gbuffer id 28a0000007d ret 0 err 0 fd 8 114 114 pixel 4 size 51984 usage 2b
CST 2026-07-17 17:57:07.403   644   650 I C02515/DISP: [ExpressAllocMem:271] ExpressAllocMem requeset BufferHandle 8, width 114, heigt 114, format 20
CST 2026-07-17 17:57:07.408  3334  3334 W C02c02/PARAM: Selinux check name persist.init.debug.loglevel in u:object_r:startup_init_param:s0 [3334 2000 2000] failed
CST 2026-07-17 17:57:07.408  3335  3335 W C02c02/PARAM: Selinux check name persist.init.debug.loglevel in u:object_r:startup_init_param:s0 [3335 2000 2000] failed
CST 2026-07-17 17:57:07.408  3335  3335 W C02c02/PARAM: Selinux check name persist.init.debug.loglevel in u:object_r:startup_init_param:s0 [3335 2000 2000] failed
CST 2026-07-17 17:57:07.408  3335  3335 W C02c02/PARAM: SystemReadParam failed!name is:persist.init.debug.loglevel,err:1002
CST 2026-07-17 17:57:07.408  3334  3334 W C02c02/PARAM: Selinux check name persist.init.debug.loglevel in u:object_r:startup_init_param:s0 [3334 2000 2000] failed
CST 2026-07-17 17:57:07.408  3334  3334 W C02c02/PARAM: SystemReadParam failed!name is:persist.init.debug.loglevel,err:1002
CST 2026-07-17 17:57:07.408   644   650 I C02515/DISP: [ExpressFreeMem:317] freeMem bufferhandle gbuffer_id 28a0000007d, width 114, heigt 114
CST 2026-07-17 17:57:07.415   142   430 I C057c2/IPCObjectProxy: hd:592 ct:1 D:*.ISystemAbilityStatusChange
CST 2026-07-17 17:57:07.415   142   424 I C057c2/IPCObjectProxy: hd:593 ct:1 D:*.accessToken
CST 2026-07-17 17:57:07.415   142   424 I C01800/SAMGR: rm DeadProc:security_collector,72
CST 2026-07-17 17:57:07.415   142   430 I C01800/SAMGR: rm SAListener 3210,26
CST 2026-07-17 17:57:07.418   681  1792 I C057c2/IPCObjectProxy: hd:15 ct:1 D:
CST 2026-07-17 17:57:07.418   681  1792 I C02700/SensorService: in ProcessDeathObserver, pid is 3210
CST 2026-07-17 17:57:07.418   681  1792 W C02700/StreamServer: in DelSession, Pid session not exist
CST 2026-07-17 17:57:07.418   681  1792 E C02700/ClientInfo: in DelActiveInfoCBPid, Pid is not exists
CST 2026-07-17 17:57:07.418   681  1792 I C02700/ClientInfo: in DestroyAppThreadInfo, Done, pid:3210
CST 2026-07-17 17:57:07.419  2255  3313 I C01631/GaussPD:  [0] [ADAPTER] [139900687346432] Not support binlog_default.00000 file enable del monitor sysno = 25
CST 2026-07-17 17:57:07.419  2255  3313 I C01631/GaussPD:  [0] [ADAPTER] [139900687346432] Not support binlog_default.readIndex file enable del monitor sysno = 25
CST 2026-07-17 17:57:07.419  2255  3313 I C01631/GaussPD:  [0] [ADAPTER] [139900687346432] Not support binlog_default.00001 file enable del monitor sysno = 25
CST 2026-07-17 17:57:07.420  3333  3333 W C02c02/PARAM: Selinux check name persist.init.debug.loglevel in u:object_r:startup_init_param:s0 [3333 2000 2000] failed
CST 2026-07-17 17:57:07.420  3333  3333 W C02c02/PARAM: Selinux check name persist.init.debug.loglevel in u:object_r:startup_init_param:s0 [3333 2000 2000] failed
CST 2026-07-17 17:57:07.420  3333  3333 W C02c02/PARAM: SystemReadParam failed!name is:persist.init.debug.loglevel,err:1002
CST 2026-07-17 17:57:07.426   142   154 I C02c02/PARAM: SystemSetParameter name ohos.ctl.stop id:67 ret:0
CST 2026-07-17 17:57:07.429  2255  3313 I C01631/GaussPD:  [0] [ADAPTER] [139900687346432] Not support binlog_default.00000 file enable del monitor sysno = 25
CST 2026-07-17 17:57:07.429  2255  3313 I C01631/GaussPD:  [0] [ADAPTER] [139900687346432] Not support binlog_default.readIndex file enable del monitor sysno = 25
CST 2026-07-17 17:57:07.430  2255  3313 I C01631/GaussPD:  [0] [ADAPTER] [139900687346432] Not support binlog_default.00001 file enable del monitor sysno = 25
CST 2026-07-17 17:57:07.433   142   154 I C01800/SAMGR: Scheduler proc:security_collector kill pid:3210,3521_0_32ms
CST 2026-07-17 17:57:07.433   142   424 I C01800/SAMGR: Scheduler proc:security_collector handle stopped event
CST 2026-07-17 17:57:07.433   142   424 I C01800/SAMGR: Scheduler proc:security_collector state 2 to 0
CST 2026-07-17 17:57:07.433   142   424 I C01800/SAMGR: Scheduler proc:security_collector stopped
CST 2026-07-17 17:57:07.433   142   424 I C01800/SAMGR: remove onDemandSA. proc:security_collector, size:26
CST 2026-07-17 17:57:07.433   142   424 I C01800/SAMGR: Scheduler SA:3525 state current 0 is same as next 0
CST 2026-07-17 17:57:07.433   313   372 I C01810/SA_CLIENT: onProcStop,pid:3210
CST 2026-07-17 17:57:07.436   644   650 I C02515/DISP: [InitBufferHandle:229] express init gbuffer id 28a0000007e ret 0 err 0 fd 8 222 222 pixel 4 size 197136 usage 2b
CST 2026-07-17 17:57:07.436   644   650 I C02515/DISP: [ExpressAllocMem:271] ExpressAllocMem requeset BufferHandle 8, width 222, heigt 222, format 20
CST 2026-07-17 17:57:07.436  2255  3313 I C01631/GaussPD:  [0] [ADAPTER] [139900687346432] Not support binlog_default.00000 file enable del monitor sysno = 25
CST 2026-07-17 17:57:07.436  2255  3313 I C01631/GaussPD:  [0] [ADAPTER] [139900687346432] Not support binlog_default.readIndex file enable del monitor sysno = 25
CST 2026-07-17 17:57:07.437  2255  3313 I C01631/GaussPD:  [0] [ADAPTER] [139900687346432] Not support binlog_default.00001 file enable del monitor sysno = 25
CST 2026-07-17 17:57:07.440  2255  3313 I C01631/GaussPD:  [0] [ADAPTER] [139900687346432] Not support binlog_default.00000 file enable del monitor sysno = 25
CST 2026-07-17 17:57:07.440  2255  3313 I C01631/GaussPD:  [0] [ADAPTER] [139900687346432] Not support binlog_default.readIndex file enable del monitor sysno = 25
CST 2026-07-17 17:57:07.442  2255  3313 I C01631/GaussPD:  [0] [ADAPTER] [139900687346432] Not support binlog_default.00001 file enable del monitor sysno = 25
CST 2026-07-17 17:57:07.443   644   650 I C02515/DISP: [ExpressFreeMem:317] freeMem bufferhandle gbuffer_id 28a0000007e, width 222, heigt 222
CST 2026-07-17 17:57:07.448  3339  3339 W C02c02/PARAM: Selinux check name persist.init.debug.loglevel in u:object_r:startup_init_param:s0 [3339 2000 2000] failed
CST 2026-07-17 17:57:07.448  3339  3339 W C02c02/PARAM: Selinux check name persist.init.debug.loglevel in u:object_r:startup_init_param:s0 [3339 2000 2000] failed
CST 2026-07-17 17:57:07.448  3339  3339 W C02c02/PARAM: SystemReadParam failed!name is:persist.init.debug.loglevel,err:1002
CST 2026-07-17 17:57:07.451  3340  3340 W C02c02/PARAM: Selinux check name persist.init.debug.loglevel in u:object_r:startup_init_param:s0 [3340 2000 2000] failed
CST 2026-07-17 17:57:07.451  3340  3340 W C02c02/PARAM: Selinux check name persist.init.debug.loglevel in u:object_r:startup_init_param:s0 [3340 2000 2000] failed
CST 2026-07-17 17:57:07.451  3340  3340 W C02c02/PARAM: SystemReadParam failed!name is:persist.init.debug.loglevel,err:1002
CST 2026-07-17 17:57:07.452  2255  2471 I C02515/DISP: [ExpressFreeMem:317] freeMem bufferhandle gbuffer_id 28a0000007d, width 114, heigt 114
CST 2026-07-17 17:57:07.457  2255  3313 I C01631/GaussPD:  [0] [ADAPTER] [139900687346432] Not support binlog_default.00000 file enable del monitor sysno = 25
CST 2026-07-17 17:57:07.457  2255  3313 I C01631/GaussPD:  [0] [ADAPTER] [139900687346432] Not support binlog_default.readIndex file enable del monitor sysno = 25
CST 2026-07-17 17:57:07.458  2255  3313 I C01631/GaussPD:  [0] [ADAPTER] [139900687346432] Not support binlog_default.00001 file enable del monitor sysno = 25
CST 2026-07-17 17:57:07.470   616   770 W C02943/ThermalHdi: Read node failed, title = brightness
CST 2026-07-17 17:57:07.470   616   770 W C02943/ThermalHdi: Read node failed, title = 
CST 2026-07-17 17:57:07.470   616   770 W C02943/ThermalHdi: Read node failed, title = 
CST 2026-07-17 17:57:07.470   616   770 W C02943/ThermalHdi: Read node failed, title = 
CST 2026-07-17 17:57:07.470   616   770 W C02943/ThermalHdi: Read node failed, title = 
CST 2026-07-17 17:57:07.470   616   770 W C02943/ThermalHdi: Read node failed, title = 
CST 2026-07-17 17:57:07.470   616   770 W C02943/ThermalHdi: Read node failed, title = 
CST 2026-07-17 17:57:07.470   616   770 W C02943/ThermalHdi: Read node failed, title = 
CST 2026-07-17 17:57:07.470   616   770 W C02943/ThermalHdi: Read node failed, title = 
CST 2026-07-17 17:57:07.470   616   770 W C02943/ThermalHdi: Read node failed, title = 
CST 2026-07-17 17:57:07.470   616   770 W C02943/ThermalHdi: Read node failed, title = 
CST 2026-07-17 17:57:07.470   616   770 W C02943/ThermalHdi: Read node failed, title = 
CST 2026-07-17 17:57:07.470   616   770 W C02943/ThermalHdi: Read node failed, title = 
CST 2026-07-17 17:57:07.470   616   770 W C02943/ThermalHdi: Read node failed, title = 
CST 2026-07-17 17:57:07.470   616   770 W C02943/ThermalHdi: Read node failed, title = 
CST 2026-07-17 17:57:07.470   616   770 W C02943/ThermalHdi: Read node failed, title = 
CST 2026-07-17 17:57:07.470   616   770 W C02943/ThermalHdi: Read node failed, title = 
CST 2026-07-17 17:57:07.470   616   770 W C02943/ThermalHdi: Read node failed, title = 
CST 2026-07-17 17:57:07.470   616   770 W C02943/ThermalHdi: Read node failed, title = 
CST 2026-07-17 17:57:07.470   616   770 W C02943/ThermalHdi: Read node failed, title = 
CST 2026-07-17 17:57:07.470   616   770 W C02943/ThermalHdi: Read node failed, title = 
CST 2026-07-17 17:57:07.470   616   770 W C02943/ThermalHdi: Read node failed, title = 
CST 2026-07-17 17:57:07.470   616   770 W C02943/ThermalHdi: Read node failed, title = 
CST 2026-07-17 17:57:07.470   616   770 W C02943/ThermalHdi: Read node failed, title = 
CST 2026-07-17 17:57:07.470   616   770 W C02943/ThermalHdi: Read node failed, title = 
CST 2026-07-17 17:57:07.470   616   770 W C02943/ThermalHdi: Read node failed, title = ambient
CST 2026-07-17 17:57:07.470   616   770 W C02943/ThermalHdi: Read node failed, title = ibat
CST 2026-07-17 17:57:07.470   616   770 W C02943/ThermalHdi: Read node failed, title = vbat
CST 2026-07-17 17:57:07.470   616   770 W C02943/ThermalHdi: Read node failed, title = cpu0_min_freq
CST 2026-07-17 17:57:07.470   616   770 W C02943/ThermalHdi: Read node failed, title = cpu0_cur_freq
CST 2026-07-17 17:57:07.470   616   770 W C02943/ThermalHdi: Read node failed, title = cpu0_max_freq
CST 2026-07-17 17:57:07.470   616   770 W C02943/ThermalHdi: Read node failed, title = cpu4_min_freq
CST 2026-07-17 17:57:07.470   616   770 W C02943/ThermalHdi: Read node failed, title = cpu4_cur_freq
CST 2026-07-17 17:57:07.470   616   770 W C02943/ThermalHdi: Read node failed, title = cpu4_max_freq
CST 2026-07-17 17:57:07.470   616   770 W C02943/ThermalHdi: Read node failed, title = cpu7_min_freq
CST 2026-07-17 17:57:07.470   616   770 W C02943/ThermalHdi: Read node failed, title = cpu7_cur_freq
CST 2026-07-17 17:57:07.470   616   770 W C02943/ThermalHdi: Read node failed, title = cpu7_max_freq
CST 2026-07-17 17:57:07.470   616   770 W C02943/ThermalHdi: Read node failed, title = gpu_min_freq
CST 2026-07-17 17:57:07.470   616   770 W C02943/ThermalHdi: Read node failed, title = gpu_cur_freq
CST 2026-07-17 17:57:07.470   616   770 W C02943/ThermalHdi: Read node failed, title = gpu_max_freq
CST 2026-07-17 17:57:07.470   616   770 W C02943/ThermalHdi: Read node failed, title = ddr_cur_freq
CST 2026-07-17 17:57:07.470   616   770 W C02943/ThermalHdi: Read node failed, title = set_IPApower
CST 2026-07-17 17:57:07.470   616   770 W C02943/ThermalHdi: Read node failed, title = cur_IPApower
CST 2026-07-17 17:57:07.470   616   770 W C02943/ThermalHdi: get node failed
CST 2026-07-17 17:57:07.470   616   770 W C02943/ThermalHdi: get node failed
CST 2026-07-17 17:57:07.470   616   770 W C02943/ThermalHdi: get node failed
CST 2026-07-17 17:57:07.476  2255  2471 I C02515/DISP: [ExpressFreeMem:317] freeMem bufferhandle gbuffer_id 28a0000007e, width 222, heigt 222
CST 2026-07-17 17:57:07.488  2255  2471 I C03900/HDS: [hds_drawable_descriptor.cpp-ProcessIcon:101]set pixelmap editable : 0 .
CST 2026-07-17 17:57:07.489  2255  3313 I C01631/GaussPD:  [0] [ADAPTER] [139900687346432] Not support binlog_default.00000 file enable del monitor sysno = 25
CST 2026-07-17 17:57:07.489  2255  3313 I C01631/GaussPD:  [0] [ADAPTER] [139900687346432] Not support binlog_default.readIndex file enable del monitor sysno = 25
CST 2026-07-17 17:57:07.489  2255  2471 E C02b61/PixelMap: set ashmem name failed
CST 2026-07-17 17:57:07.489  2255  3313 I C01631/GaussPD:  [0] [ADAPTER] [139900687346432] Not support binlog_default.00001 file enable del monitor sysno = 25
CST 2026-07-17 17:57:07.492  2255  3313 I C01631/GaussPD:  [0] [ADAPTER] [139900687346432] Not support binlog_default.00000 file enable del monitor sysno = 25
CST 2026-07-17 17:57:07.492  2255  3313 I C01631/GaussPD:  [0] [ADAPTER] [139900687346432] Not support binlog_default.readIndex file enable del monitor sysno = 25
CST 2026-07-17 17:57:07.493  2255  2471 W A01b00/SCB: GraphicUtils --> combinePic from HdsIcon, bundleName: com.huawei.msdp.hmringgenerator, iconSizeOfGrid: 64, hasBorder: true
CST 2026-07-17 17:57:07.493  2255  2471 I A01b00/SCB: IconResourceFwk --> getBundleIcon end param: com.huawei.msdp.hmringgenerator, 64, true true
CST 2026-07-17 17:57:07.493  2255  3313 I C01631/GaussPD:  [0] [ADAPTER] [139900687346432] Not support binlog_default.00001 file enable del monitor sysno = 25
CST 2026-07-17 17:57:07.497  2255  3313 I C01631/GaussPD:  [0] [ADAPTER] [139900687346432] Not support binlog_default.00000 file enable del monitor sysno = 25
CST 2026-07-17 17:57:07.497  2255  3313 I C01631/GaussPD:  [0] [ADAPTER] [139900687346432] Not support binlog_default.readIndex file enable del monitor sysno = 25
CST 2026-07-17 17:57:07.498  2255  3313 I C01631/GaussPD:  [0] [ADAPTER] [139900687346432] Not support binlog_default.00001 file enable del monitor sysno = 25
