CST 2026-07-17 20:03:48.932     0     0 I I00000/HiLog: ========Zeroth log of type: init
CST 2026-07-17 20:03:52.221   412   412 I I02c01/CustCarrierMount: UpdateCotaOpkeyLink start
CST 2026-07-17 20:03:52.221   412   412 W I02c01/CustCarrierMount: not exsit CUST_GLOBAL_CARRIER_DIR or COTA_PARAM_CARRIER_DIR
CST 2026-07-17 20:03:53.324   412   412 I I02c01/CustCarrierMount: success to update cota carrier
CST 2026-07-17 20:05:53.608   728  3871 I C01120/BMS: execute begin app_provision_info
CST 2026-07-17 20:05:53.619  4290  4290 W C02c02/PARAM: Selinux check name persist.init.debug.loglevel in u:object_r:startup_init_param:s0 [4290 2000 2000] failed
CST 2026-07-17 20:05:53.619  4290  4290 W C02c02/PARAM: Selinux check name persist.init.debug.loglevel in u:object_r:startup_init_param:s0 [4290 2000 2000] failed
CST 2026-07-17 20:05:53.619  4290  4290 W C02c02/PARAM: SystemReadParam failed!name is:persist.init.debug.loglevel,err:1002
CST 2026-07-17 20:05:53.625  4290  4290 W C02c02/PARAM: Selinux check name persist.init.debug.loglevel in u:object_r:startup_init_param:s0 [4290 2000 2000] failed
CST 2026-07-17 20:05:53.625  4290  4290 W C02c02/PARAM: Selinux check name persist.init.debug.loglevel in u:object_r:startup_init_param:s0 [4290 2000 2000] failed
CST 2026-07-17 20:05:53.625  4290  4290 W C02c02/PARAM: SystemReadParam failed!name is:persist.init.debug.loglevel,err:1002
CST 2026-07-17 20:05:53.639   611   930 I C02515/DISP: [CommitComposeLayer:67] CommitComposeLayer! 10
CST 2026-07-17 20:05:53.729  4294  4294 W C02c02/PARAM: Selinux check name persist.init.debug.loglevel in u:object_r:startup_init_param:s0 [4294 2000 2000] failed
CST 2026-07-17 20:05:53.729  4294  4294 W C02c02/PARAM: Selinux check name persist.init.debug.loglevel in u:object_r:startup_init_param:s0 [4294 2000 2000] failed
CST 2026-07-17 20:05:53.729  4294  4294 W C02c02/PARAM: SystemReadParam failed!name is:persist.init.debug.loglevel,err:1002
CST 2026-07-17 20:05:53.731  4297  4297 W C02c02/PARAM: Selinux check name persist.init.debug.loglevel in u:object_r:startup_init_param:s0 [4297 2000 2000] failed
CST 2026-07-17 20:05:53.731  4297  4297 W C02c02/PARAM: Selinux check name persist.init.debug.loglevel in u:object_r:startup_init_param:s0 [4297 2000 2000] failed
CST 2026-07-17 20:05:53.731  4297  4297 W C02c02/PARAM: SystemReadParam failed!name is:persist.init.debug.loglevel,err:1002
CST 2026-07-17 20:05:53.739  4299  4299 W C02c02/PARAM: Selinux check name persist.init.debug.loglevel in u:object_r:startup_init_param:s0 [4299 2000 2000] failed
CST 2026-07-17 20:05:53.739  4299  4299 W C02c02/PARAM: Selinux check name persist.init.debug.loglevel in u:object_r:startup_init_param:s0 [4299 2000 2000] failed
CST 2026-07-17 20:05:53.739  4299  4299 W C02c02/PARAM: SystemReadParam failed!name is:persist.init.debug.loglevel,err:1002
CST 2026-07-17 20:05:53.749  4300  4300 W C02c02/PARAM: Selinux check name persist.init.debug.loglevel in u:object_r:startup_init_param:s0 [4300 2000 2000] failed
CST 2026-07-17 20:05:53.749  4300  4300 W C02c02/PARAM: Selinux check name persist.init.debug.loglevel in u:object_r:startup_init_param:s0 [4300 2000 2000] failed
CST 2026-07-17 20:05:53.749  4300  4300 W C02c02/PARAM: SystemReadParam failed!name is:persist.init.debug.loglevel,err:1002
CST 2026-07-17 20:05:53.790   727   891 W C01406/OHOS::RS: RSJankStats::SetJankStats jank frames 17
CST 2026-07-17 20:05:53.790   611   930 W C02515/DISP: [SetLayerMaskInfo:495] <private> is not supported
CST 2026-07-17 20:05:53.790   611   930 I C02515/DISP: [CommitComposeLayer:67] CommitComposeLayer! 10
CST 2026-07-17 20:05:53.796   727   727 E C01406/RSScreenManager: IsAllScreensPowerOff: screenPowerStatus_ is empty.
CST 2026-07-17 20:05:53.840  4297  4301 W C057c1/IPCWorkThread: ThreadHandler: proto:0 policy:1 name:OS_IPC_0_4301 invoker:3998880
CST 2026-07-17 20:05:53.840  4297  4297 I C01303/AATool: [ability_command.cpp249]argv_[0]: aa
CST 2026-07-17 20:05:53.840  4297  4297 I C01303/AATool: [ability_command.cpp249]argv_[1]: start
CST 2026-07-17 20:05:53.840  4297  4297 I C01303/AATool: [ability_command.cpp246]argc greater than 2, ignoring the rest
CST 2026-07-17 20:05:53.840  4297  4303 W C057c1/IPCWorkThread: ThreadHandler: proto:0 policy:0 name:OS_IPC_1_4303 invoker:3999456
CST 2026-07-17 20:05:53.840  4297  4302 I C02d06/XCollie: init default task finished.
CST 2026-07-17 20:05:53.841  4297  4297 I C01303/AATool: [ability_command.cpp1657]option: 97, optopt: 0, optind: 3
CST 2026-07-17 20:05:53.841  4297  4297 I C01303/AATool: [ability_command.cpp1657]option: 98, optopt: 0, optind: 5
CST 2026-07-17 20:05:53.841  4297  4297 I C01303/AATool: [ability_command.cpp1657]option: 109, optopt: 0, optind: 7
CST 2026-07-17 20:05:53.841  4297  4297 I C01303/AATool: [ability_command.cpp1657]option: -1, optopt: 0, optind: 7
CST 2026-07-17 20:05:53.841  4297  4297 I C01336/AMS: [AMC153]StartAbility cn.alfadb.netbird.e3vpnb/EntryAbility, userId:-1, appCloneIndex:-1, requestCode:-1, specifiedFullTokenId:0
CST 2026-07-17 20:05:53.841   728   979 I C01c30/SclockKit: [a92ab11aa1cd65a, 2397b3b, 0] [screenlock_system_ability.cpp(GetSecure:695)]ScreenLockSystemAbility GetSecure started.
CST 2026-07-17 20:05:53.841   728   979 I C02401/USER_IDM_SDK: [a92ab11aa1cd65a, 2397b3b, 0] [GetCredentialInfoSync@user_idm_client_impl.cpp:392] start, userId:100 authType:1
CST 2026-07-17 20:05:53.841   616   627 I C02401/USER_AUTH_SA: [a92ab11aa1cd65a, 2c9e8e, 2397b3b] [CallbackEnter@user_idm_service.cpp:924] start, code:14
CST 2026-07-17 20:05:53.841   616   627 I C02401/USER_AUTH_SA: [a92ab11aa1cd65a, 2c9e8e, 2397b3b] [GetCredentialInfoSync@user_idm_service.cpp:826] start
CST 2026-07-17 20:05:53.842   541   551 I C02411/USER_AUTH_HDI: [a92ab11aa1cd65a, 3302d94, 2c9e8e] [GetCredential@user_auth_interface_service.cpp:1287] start
CST 2026-07-17 20:05:53.842   541   551 I C02411/USER_AUTH_HDI: [a92ab11aa1cd65a, 3302d94, 2c9e8e] QueryCredentialFunc() query credential success
CST 2026-07-17 20:05:53.842   616   627 I C02401/USER_AUTH_SA: [a92ab11aa1cd65a, 2c9e8e, 2397b3b] [GetCredentialInfoInner@user_idm_service.cpp:157] no cred enrolled
CST 2026-07-17 20:05:53.842   616   627 I C02401/USER_AUTH_SA: [a92ab11aa1cd65a, 2c9e8e, 2397b3b] [GetCredentialInfoSync@user_idm_service.cpp:854] GetCredentialInfoSync success, credential num:0
CST 2026-07-17 20:05:53.842   616   627 I C02401/USER_AUTH_SA: [a92ab11aa1cd65a, 2c9e8e, 2397b3b] [CallbackExit@user_idm_service.cpp:930] leave, code:14, result:0
CST 2026-07-17 20:05:53.842   728   979 I C02401/USER_IDM_SDK: [a92ab11aa1cd65a, 2397b3b, 0] [GetCredentialInfoSync@user_idm_client_impl.cpp:417] GetCredentialInfoSync success, credential num:0
CST 2026-07-17 20:05:53.842   728   979 I C01c30/SclockKit: [a92ab11aa1cd65a, 2397b3b, 0] [screenlock_system_ability.cpp(GetSecure:711)]GetCredentialInfo AuthType::PIN result = 0
CST 2026-07-17 20:05:53.842   728   979 I C01336/AMS: [a92ab11aa1cd65a, 2397b3b, 0] [unlock_screen_manager.cpp74]UnlockScreen begin
CST 2026-07-17 20:05:53.843   728   979 I C02901/PowerFwk: [a92ab11aa1cd65a, 2397b3b, 0] IsScreenOn=1, caller pid=728
CST 2026-07-17 20:05:53.843   728   979 I C01336/AMS: [a92ab11aa1cd65a, 2397b3b, 0] [unlock_screen_manager.cpp101]UnlockScreen end
CST 2026-07-17 20:05:53.843   728   979 I C01313/Dialog: [a92ab11aa1cd65a, 2397b3b, 0] [dialog_session_manager.cpp139]not find
CST 2026-07-17 20:05:53.843   728   979 E C01336/AMS: [a92ab11aa1cd65a, 2397b3b, 0] [start_ability_utils.cpp419]nullptr
CST 2026-07-17 20:05:53.843   728   979 I C01336/AMS: [a92ab11aa1cd65a, 2397b3b, 0] [start_ability_utils.cpp54]appIndex:-1
CST 2026-07-17 20:05:53.843   728   979 W C01650/RdbStoreManager: [a92ab11aa1cd65a, 2397b3b, 0] IsConfigInvalidChanged:no bundleName
CST 2026-07-17 20:05:53.843   728   979 E C01650/SilentProxy: [a92ab11aa1cd65a, 2397b3b, 0] IsSupportSilentFromService:GetRdbService failed, err is 27394049.
CST 2026-07-17 20:05:53.844   728   979 I C01650/SqliteConnection: [a92ab11aa1cd65a, 2397b3b, 0] CreateSlaveConnection:slave cfg:[0,1,0,0,1,0,0]bms***.db:<DB,0xc81e4,2748416,100660><DWR,0xc81e5,28672,100660><SHM,0xc81e7,32768,100660><WAL,0xc81e6,0,100660> master:<DB,0xc81de,2748416,100660><DWR,0xc81e0,28672,100660><SHM,0xc81e3,32768,100660><WAL,0xc81e1,0,100660>,[1,0,0,0,1]
CST 2026-07-17 20:05:53.845   728   979 I C01650/SqliteConnection: [a92ab11aa1cd65a, 2397b3b, 0] SetBinlog:binlog: open /***/el1/***/bms***
CST 2026-07-17 20:05:53.845   728   979 I C01631/GaussPD: [a92ab11aa1cd65a, 2397b3b, 0]  [0] [ADAPTER] [140005756107520] Not support binlog_default.readIndex file enable del monitor sysno = 25
CST 2026-07-17 20:05:53.845   728   979 I C01631/GaussPD: [a92ab11aa1cd65a, 2397b3b, 0]  [0] [ADAPTER] [140005756107520] Not support binlog_default.writeIndex file enable del monitor sysno = 25
CST 2026-07-17 20:05:53.846   728   979 I C01650/ConnectionPool: [a92ab11aa1cd65a, 2397b3b, 0] Create:code:0 app[:] area[el1] cfg[0,1,0,0,1,0,0]bms***:<DB,0xc81de,2748416,100660><DWR,0xc81e0,28672,100660><SHM,0xc81e3,32768,100660><WAL,0xc81e1,0,100660>, pathSize:60
CST 2026-07-17 20:05:53.846   728   979 W C01650/RdbStoreImpl: [a92ab11aa1cd65a, 2397b3b, 0] ExchangeSlaverToMaster:exchange st:3, bms***,
CST 2026-07-17 20:05:53.846   728   979 I C01120/BMS: [a92ab11aa1cd65a, 2397b3b, 0] rdb open
CST 2026-07-17 20:05:53.847   728   979 W C01120/BMS: [a92ab11aa1cd65a, 2397b3b, 0] control rule invalid size 0
CST 2026-07-17 20:05:53.847   728   979 I C01336/AMS: [a92ab11aa1cd65a, 2397b3b, 0] [collaborator_util.h70]collaborator is nullptr
CST 2026-07-17 20:05:53.847   728  4304 I C01650/SqliteConnection: CreateSlaveConnection:slave cfg:[0,1,0,0,1,0,0]bms***.db:<DB,0xc81e4,2748416,100660><DWR,0xc81e5,28672,100660><SHM,0xc81e7,32768,100660><WAL,0xc81e6,0,100660> master:<DB,0xc81de,2748416,100660><DWR,0xc81e0,28672,100660><SHM,0xc81e3,32768,100660><WAL,0xc81e1,0,100660>,[1,0,0,0,1]
CST 2026-07-17 20:05:53.847   728   979 W C01123/BMSCommon: [a92ab11aa1cd65a, 2397b3b, 0] uid(2000) invalid
CST 2026-07-17 20:05:53.848   728  4304 I C01650/SqliteConnection: SetBinlog:binlog: open /***/el1/***/bms***
CST 2026-07-17 20:05:53.848   728   979 W C01123/BMSCommon: [a92ab11aa1cd65a, 2397b3b, 0] uid(2000) invalid
CST 2026-07-17 20:05:53.848   728   979 W C01337/EcologicalRule: [a92ab11aa1cd65a, 2397b3b, 0] [ERI235]failed,uid: 2000
CST 2026-07-17 20:05:53.848   728   979 I C01337/EcologicalRule: [a92ab11aa1cd65a, 2397b3b, 0] [ERI286]ERMS's caller{_2000_4297}
CST 2026-07-17 20:05:53.848   728  4304 I C01631/GaussPD:  [0] [ADAPTER] [140005739481856] Not support binlog_default.readLock file enable del monitor sysno = 25
CST 2026-07-17 20:05:53.848   728  4304 I C01631/GaussPD:  [0] [ADAPTER] [140005739481856] Not support binlog_default.readIndex file enable del monitor sysno = 25
CST 2026-07-17 20:05:53.848   728  4304 I C01631/GaussPD:  [0] [ADAPTER] [140005739481856] Not support binlog_default.readIndex file enable del monitor sysno = 25
CST 2026-07-17 20:05:53.848   728  4304 I C01631/GaussPD:  [0] [ADAPTER] [140005739481856] Not support binlog_default.writeIndex file enable del monitor sysno = 25
CST 2026-07-17 20:05:53.848   728  4304 I C01631/GaussPD:  [0] [ADAPTER] [140005739481856] Not support binlog_default.00000 file enable del monitor sysno = 25
CST 2026-07-17 20:05:53.848   728  4304 I C01631/GaussPD:  [0] [ADAPTER] [140005739481856] Not support binlog_default.writeIndex file enable del monitor sysno = 25
CST 2026-07-17 20:05:53.848   728  4304 I C01631/GaussPD:  [0] [STORAGE] [140005739481856] |BinlogRead||VerifyReadInfo| read binlog files finish.
CST 2026-07-17 20:05:53.848   728  4304 I C01631/GaussPD:  [0] [STORAGE] [140005739481856] |BinlogRead||ProcReadBeginStage| Verify read info and read finish
CST 2026-07-17 20:05:53.848   728  4304 I C01631/GaussPD:  [0] [STORAGE] [140005739481856] |Binlog||BinlogRead| reading all binlog files is complete
CST 2026-07-17 20:05:53.848   728   979 I C01336/AMS: [a92ab11aa1cd65a, 2397b3b, 0] [dialog_session_manager.cpp565]not create clone index
CST 2026-07-17 20:05:53.848   728   979 W C01336/AMS: [a92ab11aa1cd65a, 2397b3b, 0] [ABMS9465]not allow, remove
CST 2026-07-17 20:05:53.849   728   979 E C01300/AAFwk: [a92ab11aa1cd65a, 2397b3b, 0] [permission_verification.cpp120]verify fail
CST 2026-07-17 20:05:53.849   728   979 W C01336/AMS: [a92ab11aa1cd65a, 2397b3b, 0] [ABMS1733]startAbilityInner, remove continueSessionId and persistentId
CST 2026-07-17 20:05:53.849   728   979 I C01336/AMS: [a92ab11aa1cd65a, 2397b3b, 0] [collaborator_util.h44]collaborator is nullptr
CST 2026-07-17 20:05:53.849   728  4304 I C01650/SqliteConnection: CompareWithSlave:equal, main:19,slave:19
CST 2026-07-17 20:05:53.849   728  4304 I C01650/RdbStoreImpl: operator():async exchange st:0,
CST 2026-07-17 20:05:53.849   728   979 I C01336/AMS: [a92ab11aa1cd65a, 2397b3b, 0] [UALM733]Reused sessionId: 0, userId: 100, requestId: 4
CST 2026-07-17 20:05:53.849   728   979 I C01336/AMS: [a92ab11aa1cd65a, 2397b3b, 0] [UALM1736]appCloneIndex:0, instanceKey:, hasStartWindow:0, backgroundColor:, hideStartWindow: 0
CST 2026-07-17 20:05:53.849   728   979 E C01336/AMS: [a92ab11aa1cd65a, 2397b3b, 0] [UALM1141]null
CST 2026-07-17 20:05:53.849   728   979 I C01336/AMS: [a92ab11aa1cd65a, 2397b3b, 0] [UALM1783]scb call, NotifySCBPendingActivation for rootSceneSession, target: EntryAbility
CST 2026-07-17 20:05:53.849  2205  2275 I C0420a/WMSLife: [a92ab11aa1cd65a, c18c2f, 388f595] DisallowActivationFromPendingBackground: session state:0, isFoundationCall:1, canStartAbilityFromBackground:1, foregroundInteractiveStatus:1, isPendingToBackgroundState:0, isFromAncoAndToAnco:0
CST 2026-07-17 20:05:53.849  2205  2275 I C0420a/WMSLife: [a92ab11aa1cd65a, c18c2f, 388f595] PendingSessionActivation set reuseDelegatorWindow 0
CST 2026-07-17 20:05:53.849  2205  2275 I C0420a/WMSLife: [a92ab11aa1cd65a, c18c2f, 388f595] MakeSessionInfoDuringPendingActivation: want: screenId 18446744073709551615
CST 2026-07-17 20:05:53.849  2205  2275 I C0420a/WMSLife: [a92ab11aa1cd65a, c18c2f, 388f595] CalculateStartWindowType: only same app in pc or pcMode.
CST 2026-07-17 20:05:53.849  2205  2275 I C0420a/WMSLife: [a92ab11aa1cd65a, c18c2f, 388f595] MakeSessionInfoDuringPendingActivation: bundleName:cn.alfadb.netbird.e3vpnb, moduleName:entry, abilityName:EntryAbility,appIndex:0, affinity:. callState:0, want persistentId:0,uiAbilityId:0, windowMode:0, callerId:2,needClearInNotShowRecent:0, appInstanceKey: ,supportedWindowModes.size:0, requestId:4,maxWindowWidth:0, minWindowWidth:0, maxWindowHeight:0, minWindowHeight:0, startWindowType:0, isPrelaunch:0, frameNum:0,isTargetPlugin:0, hostBundleName:
CST 2026-07-17 20:05:53.849   728  1097 W C01123/BMSCommon: [a92ab11aa1cd65a, 788ec0, 2397b3b] uid(5523) invalid
CST 2026-07-17 20:05:53.849  2205  2275 E C04201/DMS: [a92ab11aa1cd65a, c18c2f, 388f595] GetVirtualScreenFlag: screenId invalid
CST 2026-07-17 20:05:53.849  2205  2275 I C0420a/WMSLife: [a92ab11aa1cd65a, c18c2f, 388f595] PendingSessionActivation: id:0,bundleName:cn.alfadb.netbird.e3vpnb,moduleName:entry,abilityName:EntryAbility,appIndex:0,reuse:1,requestId:4,specifiedFlag:,prelaunch:0,frameNum:0
CST 2026-07-17 20:05:53.850  4297  4297 I C01303/AATool: [ability_command.cpp465]start ability successfully.
CST 2026-07-17 20:05:53.850  2205  2275 W C04200/WMS: [a92ab11aa1cd65a, c18c2f, 388f595] CheckIfReuseSession: checked not collaborator!
CST 2026-07-17 20:05:53.850  2205  2275 I C0420a/WMSLife: [a92ab11aa1cd65a, c18c2f, 388f595] GenSceneSession: SceneSession not exist, request a new one.
CST 2026-07-17 20:05:53.850  2205  2275 I C0420a/WMSLife: [a92ab11aa1cd65a, c18c2f, 388f595] GetSceneSessionBySessionInfo: mainWindow bundleName: cn.alfadb.netbird.e3vpnb, moduleName: entry, abilityName: EntryAbility, appIndex: 0, appInstanceKey:, isAtomicService:0
CST 2026-07-17 20:05:53.850  2205  2275 I C0420a/WMSLife: [a92ab11aa1cd65a, c18c2f, 388f595] RequestSceneSession: appName: [cn.alfadb.netbird.e3vpnb entry EntryAbility] appIndex 0, type 1 system 0, isPersistentRecover 0, isAbilityHook 0
CST 2026-07-17 20:05:53.850  2205  2275 I C0420a/WMSLife: [a92ab11aa1cd65a, c18c2f, 388f595] GeneratePersistentId: persistentId: 0, persistentId_: 31
CST 2026-07-17 20:05:53.850  2205  2275 I C0420a/WMSLife: [a92ab11aa1cd65a, c18c2f, 388f595] SceneSession: Create session, id: 31
CST 2026-07-17 20:05:53.850  2205  2275 I C04202/WMSMain: [a92ab11aa1cd65a, c18c2f, 388f595] CreateSceneSession: Create MainSession, id: 31
CST 2026-07-17 20:05:53.850  2205  2275 I C04208/WMSLayout: [a92ab11aa1cd65a, c18c2f, 388f595] GetAppDragResizeTypeInner: dragResizeType: 1, bundleName: cn.alfadb.netbird.e3vpnb
CST 2026-07-17 20:05:53.850  2205  2275 I C0421a/WMSLayoutPc: [a92ab11aa1cd65a, c18c2f, 388f595] SetDragKeyFramePolicy: set keyframe policy from outside: [0 1000 1000 100 100 0 0]
CST 2026-07-17 20:05:53.850  2205  2275 I C04217/WMSAttribute: [a92ab11aa1cd65a, c18c2f, 388f595] CreateSceneSession: winId: 31, displayId: 0
CST 2026-07-17 20:05:53.850  2205  2275 I C04204/WMSScb: [a92ab11aa1cd65a, c18c2f, 388f595] SetBufferAvailable: id: 31, type: 1
CST 2026-07-17 20:05:53.850  2205  2275 I C04200/WMS: [a92ab11aa1cd65a, c18c2f, 388f595] RemoveTask: Task is not existed, name=ClearSnapshotPersistence31
CST 2026-07-17 20:05:53.850  2205  2275 I C04204/WMSScb: [a92ab11aa1cd65a, c18c2f, 388f595] GetRSUIContext: : RSUIContext is null, sessionId: 31, screenId:18446744073709551615
CST 2026-07-17 20:05:53.850  2205  2275 E C04204/WMSScb: [a92ab11aa1cd65a, c18c2f, 388f595] SetRSUIContext: RSNode is null
CST 2026-07-17 20:05:53.850  2205  2275 I C04217/WMSAttribute: [a92ab11aa1cd65a, c18c2f, 388f595] InitSceneSession: synchronous screenId with displayId 18446744073709551615
CST 2026-07-17 20:05:53.850  2205  4280 I C04216/WMSPattern: [a92ab11aa1cd65a, b15411, c18c2f] operator(): ClearSnapshotPersistence, 31
CST 2026-07-17 20:05:53.850  2205  2275 I C0421b/WMSStartupPage: [a92ab11aa1cd65a, c18c2f, 388f595] GetEnableRemoveStartingWindowFromBMS: enable.remove.starting.window default false
CST 2026-07-17 20:05:53.850  2205  2275 I C04202/WMSMain: [a92ab11aa1cd65a, c18c2f, 388f595] FillSessionInfo: bundleName:cn.alfadb.netbird.e3vpnb removeMissionAfterTerminate:0 excludeFromMissions:0 label:$string:ability_name iconPath:$media:app_icon collaboratorType:/data/app/el1/bundle/public/cn.alfadb.netbird.e3vpnb.
CST 2026-07-17 20:05:53.851  2205  2275 I C04201/DMS: [a92ab11aa1cd65a, c18c2f, 388f595] Notify ability EntryAbility bundle cn.alfadb.netbird.e3vpnb update toScreen id: 18446744073709551615
CST 2026-07-17 20:05:53.851  2205  2275 I C0420a/WMSLife: [a92ab11aa1cd65a, c18c2f, 388f595] RequestSceneSession: id: 31, type: 1, instanceKey: , displayId: 18446744073709551615
CST 2026-07-17 20:05:53.851  2205  2275 I C0420a/WMSLife: [a92ab11aa1cd65a, c18c2f, 388f595] SetDefaultDisplayIdIfNeed: winId: 31, update screen id 0
CST 2026-07-17 20:05:53.851  2205  2275 I C0420a/WMSLife: [a92ab11aa1cd65a, c18c2f, 388f595] PendingSessionActivation: session: 31 isNeedBackToOther: 0
CST 2026-07-17 20:05:53.851  2205  2275 I C0420a/WMSLife: [a92ab11aa1cd65a, c18c2f, 388f595] AddRequestTaskInfo: persistentId:31, requestId:4, infoMap size:1, wantMap size:1
CST 2026-07-17 20:05:53.851  2205  2275 I C0420a/WMSLife: [a92ab11aa1cd65a, c18c2f, 388f595] PostLifeCycleTask: Add task PendingSessionActivation to life cycle queue, PersistentId=31
CST 2026-07-17 20:05:53.851  2205  2275 I C0420a/WMSLife: [a92ab11aa1cd65a, c18c2f, 388f595] SetLifeCycleTaskRunning: Execute LifeCycleTask PendingSessionActivation. PersistentId: 31
CST 2026-07-17 20:05:53.851  2205  2205 I C0420a/WMSLife: [a92ab11aa1cd65a, 306ab58, c18c2f] operator(): pend active success, id:31
CST 2026-07-17 20:05:53.851  2205  2205 I A04200/WINDOW: [a92ab11aa1cd65a, 306ab58, c18c2f] SCBRootSceneSession: SCBRootSceneSession pendingSceneSessionActivation begin
CST 2026-07-17 20:05:53.851  2205  2205 E A04200/WINDOW: [a92ab11aa1cd65a, 306ab58, c18c2f] [SCBMission]SCBSceneMissionManager: findMainSessionGlobalById error, not exist.
CST 2026-07-17 20:05:53.851  2205  2205 E A04222/WMSMission: [a92ab11aa1cd65a, 306ab58, c18c2f] [Screen:0][Panel:1] invalid persistentId
CST 2026-07-17 20:05:53.851  2205  2205 E A0420a/WMSLife: [a92ab11aa1cd65a, 306ab58, c18c2f] error items in container session.
CST 2026-07-17 20:05:53.852  2205  2205 I A04222/WMSMission: [a92ab11aa1cd65a, 306ab58, c18c2f] [Screen:0][Panel:1] get none existing session.
CST 2026-07-17 20:05:53.852  2205  2205 E A04222/WMSMission: [a92ab11aa1cd65a, 306ab58, c18c2f] [Screen:0][Panel:2] invalid persistentId
CST 2026-07-17 20:05:53.852  2205  2205 I A04222/WMSMission: [a92ab11aa1cd65a, 306ab58, c18c2f] [Screen:0][Panel:2] get none existing session.
CST 2026-07-17 20:05:53.852  2205  2205 I A04223/SCBMain: [a92ab11aa1cd65a, 306ab58, c18c2f] no exist container session match the info to be found.
CST 2026-07-17 20:05:53.852  2205  2205 I A04200/WINDOW: [a92ab11aa1cd65a, 306ab58, c18c2f] SCBRootSceneSession: onPendingSceneSessionActivation sceneInfo.persistentId:31 callState: 0 callerPersistentId: 0 windowMode: 0 appIndex: 0 needClearInNotShowRecent: falsedeviceTypes:  resizable: 0 supportWindowMode:  isPreloadStart: undefined
CST 2026-07-17 20:05:53.852  2205  2205 I A04200/WINDOW: [a92ab11aa1cd65a, 306ab58, c18c2f] SCBRootSceneSession: onPendingSceneSessionActivation sceneInfo.screenName:UNKNOWN
CST 2026-07-17 20:05:53.853  2205  2205 I A04200/WINDOW: [a92ab11aa1cd65a, 306ab58, c18c2f] SCBRootSceneSession: fileManagerMode: , extraFormIdentity: 
CST 2026-07-17 20:05:53.853  2205  2205 W A04223/SCBMain: [a92ab11aa1cd65a, 306ab58, c18c2f] startSceneFromOther:{persistentId:31, screenId: 0, bundleInfo:EntryAbility/cn.alfadb.netbird.e3vpnb/entry/0, unclearableSession:undefined, callerPersistentId:0, callerAbilityName: , toPersistentId:0, launchType:0, isNewInstance:false, fullScreenStart:false, _windowMode:1, isAppUseControl:undefined, isUnclearableInRecent:undefined, focusedOnShow:true, isAtomicService:falseisStartupInstallFree:false, isNewAppInstance:false, appInstanceKey:}, startMode:1, forceStart:null, forceNewWant:null
CST 2026-07-17 20:05:53.853  2205  2205 W A04200/WINDOW: [a92ab11aa1cd65a, 306ab58, c18c2f] SCBSSM: isExclusion, app startup detect
CST 2026-07-17 20:05:53.853  2205  2205 I A01b01/HOME: [a92ab11aa1cd65a, 306ab58, c18c2f] SampleManager: isSampleMg: false
CST 2026-07-17 20:05:53.853  2205  2205 I A04200/WINDOW: [a92ab11aa1cd65a, 306ab58, c18c2f] SCBSSM: SCBSSM
CST 2026-07-17 20:05:53.853  2205  2205 I A04200/WINDOW: [a92ab11aa1cd65a, 306ab58, c18c2f] SCBSSM: SCBSSM
CST 2026-07-17 20:05:53.853  2205  2205 I A04200/WINDOW: [a92ab11aa1cd65a, 306ab58, c18c2f] SCBSSM: Start scene on screen with screenId: 0!
CST 2026-07-17 20:05:53.853  2205  2205 W A01b01/HOME: [a92ab11aa1cd65a, 306ab58, c18c2f] SCBSPVM: [SCBMain][id:31][sceneInfo:cn.alfadb.netbird.e3vpnb/entry/EntryAbility/0][screenId:0]onStartSceneFromOther.
CST 2026-07-17 20:05:53.853  2205  2205 I A04200/WINDOW: [a92ab11aa1cd65a, 306ab58, c18c2f] SCBMultiWindowUtils: interceptStartSceneFromDockForCompatibleMultiWindow skip, not start from dock to float
CST 2026-07-17 20:05:53.854  2205  2205 I A04200/WINDOW: [a92ab11aa1cd65a, 306ab58, c18c2f] [SCBMission]SCBSceneMissionManager: Not find mainSession tuple global by persistentId
CST 2026-07-17 20:05:53.854  2205  2205 I A04222/WMSMission: [a92ab11aa1cd65a, 306ab58, c18c2f] [Screen:0][Panel:1] get none existing session.
CST 2026-07-17 20:05:53.854  2205  2205 E A0420a/WMSLife: [a92ab11aa1cd65a, 306ab58, c18c2f] error items in container session.
CST 2026-07-17 20:05:53.854  2205  2205 I A04222/WMSMission: [a92ab11aa1cd65a, 306ab58, c18c2f] [Screen:0][Panel:1] get none existing session.
CST 2026-07-17 20:05:53.854  2205  2205 I A04222/WMSMission: [a92ab11aa1cd65a, 306ab58, c18c2f] [Screen:0][Panel:2] get none existing session.
CST 2026-07-17 20:05:53.854  2205  2205 I A04222/WMSMission: [a92ab11aa1cd65a, 306ab58, c18c2f] [Screen:0][Panel:2] get none existing session.
CST 2026-07-17 20:05:53.854  2205  2205 I A04223/SCBMain: [a92ab11aa1cd65a, 306ab58, c18c2f] no exist container session match the info to be found.
CST 2026-07-17 20:05:53.854  2205  2205 I A04200/WINDOW: [a92ab11aa1cd65a, 306ab58, c18c2f] [SCBMission]SCBTvCastMissionHandler: null session not on cast, ignore intercept
CST 2026-07-17 20:05:53.854  2205  2205 I A04222/WMSMission: [a92ab11aa1cd65a, 306ab58, c18c2f] [Screen:0][Panel:1] get none existing session.
CST 2026-07-17 20:05:53.854  2205  2205 E A0420a/WMSLife: [a92ab11aa1cd65a, 306ab58, c18c2f] error items in container session.
CST 2026-07-17 20:05:53.854  2205  2205 I A04222/WMSMission: [a92ab11aa1cd65a, 306ab58, c18c2f] [Screen:0][Panel:1] get none existing session.
CST 2026-07-17 20:05:53.854  2205  2205 I A04222/WMSMission: [a92ab11aa1cd65a, 306ab58, c18c2f] [Screen:0][Panel:2] get none existing session.
CST 2026-07-17 20:05:53.854  2205  2205 I A04222/WMSMission: [a92ab11aa1cd65a, 306ab58, c18c2f] [Screen:0][Panel:2] get none existing session.
CST 2026-07-17 20:05:53.855  2205  2205 I A04223/SCBMain: [a92ab11aa1cd65a, 306ab58, c18c2f] no exist container session match the info to be found.
CST 2026-07-17 20:05:53.855  2205  2205 E A04222/WMSMission: [a92ab11aa1cd65a, 306ab58, c18c2f] [Screen:0][Panel:1] invalid persistentId
CST 2026-07-17 20:05:53.855  2205  2205 E A0420a/WMSLife: [a92ab11aa1cd65a, 306ab58, c18c2f] error items in container session.
CST 2026-07-17 20:05:53.855  2205  2205 I A04222/WMSMission: [a92ab11aa1cd65a, 306ab58, c18c2f] [Screen:0][Panel:1] get none existing session.
CST 2026-07-17 20:05:53.855  2205  2205 E A04222/WMSMission: [a92ab11aa1cd65a, 306ab58, c18c2f] [Screen:0][Panel:2] invalid persistentId
CST 2026-07-17 20:05:53.855  2205  2205 I A04222/WMSMission: [a92ab11aa1cd65a, 306ab58, c18c2f] [Screen:0][Panel:2] get none existing session.
CST 2026-07-17 20:05:53.855  2205  2205 I A04223/SCBMain: [a92ab11aa1cd65a, 306ab58, c18c2f] no exist container session match the info to be found.
CST 2026-07-17 20:05:53.855  2205  2205 W A01b01/HOME: [a92ab11aa1cd65a, 306ab58, c18c2f] SCBSPVM: onStartSceneFromOther cardId empty isStartCard=false
CST 2026-07-17 20:05:53.855  2205  2205 I A04223/SCBMain: [a92ab11aa1cd65a, 306ab58, c18c2f] [id:31][screenId:0]requestSceneSession, callerPersistentId:0, needLinkCaller:true
CST 2026-07-17 20:05:53.855  2205  2205 I A04223/SCBMain: [a92ab11aa1cd65a, 306ab58, c18c2f] find sceneSession from other screen
CST 2026-07-17 20:05:53.855  2205  2205 I A04222/WMSMission: [a92ab11aa1cd65a, 306ab58, c18c2f] [Screen:0][Panel:1] get none existing session.
CST 2026-07-17 20:05:53.855  2205  2205 E A0420a/WMSLife: [a92ab11aa1cd65a, 306ab58, c18c2f] error items in container session.
CST 2026-07-17 20:05:53.856  2205  2205 I A04222/WMSMission: [a92ab11aa1cd65a, 306ab58, c18c2f] [Screen:0][Panel:1] get none existing session.
CST 2026-07-17 20:05:53.856  2205  2205 I A04222/WMSMission: [a92ab11aa1cd65a, 306ab58, c18c2f] [Screen:0][Panel:2] get none existing session.
CST 2026-07-17 20:05:53.856  2205  2205 I A04222/WMSMission: [a92ab11aa1cd65a, 306ab58, c18c2f] [Screen:0][Panel:2] get none existing session.
CST 2026-07-17 20:05:53.856  2205  2205 I A04223/SCBMain: [a92ab11aa1cd65a, 306ab58, c18c2f] no exist container session match the info to be found.
CST 2026-07-17 20:05:53.856  2205  2205 I A04200/WINDOW: [a92ab11aa1cd65a, 306ab58, c18c2f] SCBSSM: popSceneFromOtherScreen toScreen: 0, needBackground: trueneedRefreshFocus: true, needUpdateScreenId: true,persistentId:31
CST 2026-07-17 20:05:53.856  2205  2205 E A04200/WINDOW: [a92ab11aa1cd65a, 306ab58, c18c2f] [SCBMission]SCBSceneMissionManager: findMainSessionGlobalById error, not exist.
CST 2026-07-17 20:05:53.856  2205  2205 I A04200/WINDOW: [a92ab11aa1cd65a, 306ab58, c18c2f] [SCBMission]SCBSceneMissionManager: popSceneFromOtherScreenByPersistentId not found target session
CST 2026-07-17 20:05:53.856  2205  2205 I A04200/WINDOW: [a92ab11aa1cd65a, 306ab58, c18c2f] SCBSSM: isProjectionBundleName bundleName = cn.alfadb.netbird.e3vpnb, screenId = 0
CST 2026-07-17 20:05:53.856  2205  2205 I A04223/SCBMain: [a92ab11aa1cd65a, 306ab58, c18c2f] requestSceneSession using exist persistentId: 31
CST 2026-07-17 20:05:53.856  2205  2205 W A04200/WINDOW: [a92ab11aa1cd65a, 306ab58, c18c2f] SCBSPVM: getSceneSessionByPersistentId find nothing, id 31
CST 2026-07-17 20:05:53.856  2205  2205 W A04223/SCBMain: [a92ab11aa1cd65a, 306ab58, c18c2f] [id:31][sceneInfo:cn.alfadb.netbird.e3vpnb/entry/EntryAbility/0][screenId:0]request New SceneSession.
CST 2026-07-17 20:05:53.856  2205  2205 W A04200/WINDOW: [a92ab11aa1cd65a, 306ab58, c18c2f] [SCBMission]SCBSceneMissionManager: getTargetAppCountOldestSceneSession:session is new.
CST 2026-07-17 20:05:53.856  2205  2205 I A04223/SCBMain: [a92ab11aa1cd65a, 306ab58, c18c2f] set isAbilityHook false
CST 2026-07-17 20:05:53.856  2205  2205 I A04200/WINDOW: [a92ab11aa1cd65a, 306ab58, c18c2f] SCBSSM: isAncoApplication bundleName: cn.alfadb.netbird.e3vpnb, isAnco: false
CST 2026-07-17 20:05:53.856  2205  2205 I A01b00/SCB: [a92ab11aa1cd65a, 306ab58, c18c2f] SCBCategoryResourceManager: getPageConfig cn.alfadb.netbird.e3vpnb config len:0
CST 2026-07-17 20:05:53.856  2205  2205 I A01b00/SCB: [a92ab11aa1cd65a, 306ab58, c18c2f] SCBLogicalDeviceResourceManager: [getLogicalDeviceConfigByBundleName] bundleName:cn.alfadb.netbird.e3vpnb, config:{}
CST 2026-07-17 20:05:53.857  2205  2205 I A01b00/SCB: [a92ab11aa1cd65a, 306ab58, c18c2f] SCBCategoryResourceManager: [getArkUIAndWebConfig] app:cn.alfadb.netbird.e3vpnb, config length:65
CST 2026-07-17 20:05:53.857  2205  2205 I A01b00/SCB: [a92ab11aa1cd65a, 306ab58, c18c2f] SCBCategoryResourceManager: [getAppCombinedCompatibleConfig] app:cn.alfadb.netbird.e3vpnb, logicalDeviceConfig lenth: 2, arkUIAndWebConfig length:65
CST 2026-07-17 20:05:53.857  2205  2205 I A01b00/SCB: [a92ab11aa1cd65a, 306ab58, c18c2f] SCBCategoryResourceManager: [getAppCombinedCompatibleConfig] app:cn.alfadb.netbird.e3vpnb, combinedCompatibleConfig length:82
CST 2026-07-17 20:05:53.857  2205  2205 I C04202/WMSMain: [a92ab11aa1cd65a, 306ab58, c18c2f] OnRequestSceneSession: [cn.alfadb.netbird.e3vpnb, entry, EntryAbility], sceneType: 1, errCode=0
CST 2026-07-17 20:05:53.857  2205  2275 I C0420a/WMSLife: [a92ab11aa1cd65a, 18aee8, 306ab58] GetSceneSessionBySessionInfo: get exist session persistentId: 31
CST 2026-07-17 20:05:53.857  2205  2275 I C04201/DMS: [a92ab11aa1cd65a, 18aee8, 306ab58] Notify ability EntryAbility bundle cn.alfadb.netbird.e3vpnb update toScreen id: 0
CST 2026-07-17 20:05:53.857  2205  2275 E C0420a/WMSLife: [a92ab11aa1cd65a, 18aee8, 306ab58] UpdateAbilityHookState: sceneSession is null or isAbilityHook is false
CST 2026-07-17 20:05:53.857  2205  2205 I C0420a/WMSLife: [a92ab11aa1cd65a, 306ab58, c18c2f] JsSceneSession: created, id:31
CST 2026-07-17 20:05:53.857  2205  2205 I C04206/WMSSystem: [a92ab11aa1cd65a, 306ab58, c18c2f] CreateFbTemplateInfo: template 0
CST 2026-07-17 20:05:53.858  2205  2205 I A04223/SCBMain: [a92ab11aa1cd65a, 306ab58, c18c2f] [id:31][sceneInfo:cn.alfadb.netbird.e3vpnb/entry/EntryAbility/0][screenId:0]requestSceneSession suceess, udpate persistentId from 31 to 31, udpate appInstanceKey from  to 
CST 2026-07-17 20:05:53.858  2205  2205 I A04223/SCBMain: [a92ab11aa1cd65a, 306ab58, c18c2f] getSingleHandCompatibleModeConfig
CST 2026-07-17 20:05:53.858  2205  2205 I A04200/WINDOW: [a92ab11aa1cd65a, 306ab58, c18c2f] SCBSSM: isAncoApplication bundleName: cn.alfadb.netbird.e3vpnb, isAnco: false
CST 2026-07-17 20:05:53.859  2205  2205 I A04200/WINDOW: [a92ab11aa1cd65a, 306ab58, c18c2f] ContainerSessionInitBasicStrategy: Initialize the basic data state and mission management data status of the sceneSession.
CST 2026-07-17 20:05:53.859  2205  2205 I A04200/WINDOW: [a92ab11aa1cd65a, 306ab58, c18c2f] SCBSceneSession: SCBSceneSession registerData category:0.
CST 2026-07-17 20:05:53.859  2205  2205 I A04200/WINDOW: [a92ab11aa1cd65a, 306ab58, c18c2f] SCBSceneSession: SCBSceneSession registerData category:1.
CST 2026-07-17 20:05:53.859  2205  2205 I A04200/WINDOW: [a92ab11aa1cd65a, 306ab58, c18c2f] SCBSceneSession: SCBSceneSession registerState category:0.
CST 2026-07-17 20:05:53.859  2205  2205 I A04200/WINDOW: [a92ab11aa1cd65a, 306ab58, c18c2f] SCBSSM: isAncoApplication bundleName: cn.alfadb.netbird.e3vpnb, isAnco: false
CST 2026-07-17 20:05:53.859  2205  2205 I C0421c/WMSCompat: [a92ab11aa1cd65a, 306ab58, c18c2f] SetIsPcAppInPad: enable: 0
CST 2026-07-17 20:05:53.859  2205  2205 I A01b00/SCB: [a92ab11aa1cd65a, 306ab58, c18c2f] SCBCategoryResourceManager: isSpecificSystemBarInvisible bundleName: cn.alfadb.netbird.e3vpnb isSpecificSystemBarInvisible: false
CST 2026-07-17 20:05:53.859  2205  2205 I A01b00/SCB: [a92ab11aa1cd65a, 306ab58, c18c2f] SCBCategoryResourceManager: isOrientationLandscape bundleName: cn.alfadb.netbird.e3vpnb isOrientationLandscape: false
CST 2026-07-17 20:05:53.859  2205  2205 E A01b00/SCB: [a92ab11aa1cd65a, 306ab58, c18c2f] SCBCategoryResourceManager: isLayoutFullScreen is not pcMode
CST 2026-07-17 20:05:53.859  2205  2275 I C04200/WMS: [a92ab11aa1cd65a, 338d7ef, 306ab58] SetDefaultRequestedOrientation id: 31 defaultRequestedOrientation: 0
CST 2026-07-17 20:05:53.859  2205  2205 I A04200/WINDOW: [a92ab11aa1cd65a, 306ab58, c18c2f] SCBSceneSession: requestOrientation: 0 queryKey: cn.alfadb.netbird.e3vpnbentryEntryAbility
CST 2026-07-17 20:05:53.859  2205  2205 I A04200/WINDOW: [a92ab11aa1cd65a, 306ab58, c18c2f] SCBSceneSession: getSupportWindowModes: bundleName: cn.alfadb.netbird.e3vpnb supportWindowModes [0,1,2]queryKey:cn.alfadb.netbird.e3vpnbentryEntryAbility
CST 2026-07-17 20:05:53.860  2205  2205 I C04203/WMSSub: [a92ab11aa1cd65a, 306ab58, c18c2f] RegisterCreateSubSessionListener: id: 31
CST 2026-07-17 20:05:53.860  2205  2205 I C0420a/WMSLife: [a92ab11aa1cd65a, 306ab58, c18c2f] ProcessClearSubSessionRegister: success
CST 2026-07-17 20:05:53.860  2205  2275 I C0421e/WMSAnimation: [a92ab11aa1cd65a, 177f38c, 306ab58] SetTransitionAnimationCallback id: 31
CST 2026-07-17 20:05:53.860  2205  2205 I C04217/WMSAttribute: [a92ab11aa1cd65a, 306ab58, c18c2f] ProcessDefaultDensityEnabledRegister: success
CST 2026-07-17 20:05:53.860  2205  2205 I C04207/WMSFocus: [a92ab11aa1cd65a, 306ab58, c18c2f] NotifySessionFocusableChange: id: 31, focusable: 1
CST 2026-07-17 20:05:53.860  2205  2275 I C04215/WMSHierarchy: [a92ab11aa1cd65a, 15b0124, 306ab58] OnSessionTopmostChange: State: 0
CST 2026-07-17 20:05:53.860  2205  2205 I C04200/WMS: [a92ab11aa1cd65a, 306ab58, c18c2f] OnSessionTouchableChange: 1
CST 2026-07-17 20:05:53.860  2205  2275 I C04205/WMSDialog: [a92ab11aa1cd65a, 1ed0c59, 306ab58] SetClickModalWindowOutsideListener id: 31
CST 2026-07-17 20:05:53.860  2205  2275 I C04200/WMS: [a92ab11aa1cd65a, 3492c91, 306ab58] OnShowWhenLocked: 0
CST 2026-07-17 20:05:53.861  2205  2205 I C04205/WMSDialog: [a92ab11aa1cd65a, 306ab58, c18c2f] RegisterBindDialogTargetListener: Id: 31
CST 2026-07-17 20:05:53.861  2205  2205 I C0420e/WMSPiP: [a92ab11aa1cd65a, 306ab58, c18c2f] ProcessUpdatePiPTemplateInfoRegister: success
CST 2026-07-17 20:05:53.861  2205  2275 I C04202/WMSMain: [a92ab11aa1cd65a, 1ea18d5, 306ab58] SetWindowMovingCallback id: 31
CST 2026-07-17 20:05:53.861  2205  2205 I C04219/WMSDecor: [a92ab11aa1cd65a, 306ab58, c18c2f] ProcessWindowMovingRegister: success
CST 2026-07-17 20:05:53.861  2205  2205 I C04202/WMSMain: [a92ab11aa1cd65a, 306ab58, c18c2f] ProcessSessionLockStateChangeRegister: success
CST 2026-07-17 20:05:53.861  2205  2205 I C0420a/WMSLife: [a92ab11aa1cd65a, 306ab58, c18c2f] RegisterUpdateAppUseControlCallback: success
CST 2026-07-17 20:05:53.861  2205  2275 I C0420a/WMSLife: [a92ab11aa1cd65a, 1ae5268, 306ab58] UpdatePrivacyModeControlInfo: no need to update privacy mode control info
CST 2026-07-17 20:05:53.861  2205  2205 I A04223/SCBMain: [a92ab11aa1cd65a, 306ab58, c18c2f] cacheNewSceneSession of id: 31, exist: false.
CST 2026-07-17 20:05:53.861  2205  2205 I A04200/WINDOW: [a92ab11aa1cd65a, 306ab58, c18c2f] SCBSceneSession: create SCBSceneSessoin success, id:31.
CST 2026-07-17 20:05:53.862  2205  4275 I C04216/WMSPattern: [a92ab11aa1cd65a, 227db4, 306ab58] GetCallerSessionColorMode: bundle cn.alfadb.netbird.e3vpnb, caller 
CST 2026-07-17 20:05:53.862  2205  4275 I C04216/WMSPattern: [a92ab11aa1cd65a, 227db4, 306ab58] GetIsDarkFromConfiguration: colorMode: light
CST 2026-07-17 20:05:53.862  2205  4275 I C04216/WMSPattern: [a92ab11aa1cd65a, 227db4, 306ab58] GetIsDarkFromConfiguration: colorMode: light
CST 2026-07-17 20:05:53.862  2205  4275 I C04216/WMSPattern: [a92ab11aa1cd65a, 227db4, 306ab58] GetStartWindowColorFollowApp: follow sys: cn.alfadb.netbird.e3vpnb
CST 2026-07-17 20:05:53.862  2205  4275 W C04216/WMSPattern: [a92ab11aa1cd65a, 227db4, 306ab58] GetStartingWindowInfoFromRdb: fff2f6f8, resource:///16777217.svg, 0, , 1
CST 2026-07-17 20:05:53.862  2205  4275 I C04216/WMSPattern: [a92ab11aa1cd65a, 227db4, 306ab58] GetStartupPage: update1,0
CST 2026-07-17 20:05:53.862  2205  2205 W A04200/WINDOW: [a92ab11aa1cd65a, 306ab58, c18c2f] SCBSPVM: Failed to get scene containerSession with session id: 31
CST 2026-07-17 20:05:53.862  2205  2205 I A01b01/HOME: [a92ab11aa1cd65a, 306ab58, c18c2f] SCBSPVM: postStartSceneFromOtherEvent: cn.alfadb.netbird.e3vpnb + EntryAbility
CST 2026-07-17 20:05:53.862  2205  2205 I A01a01/NC: [a92ab11aa1cd65a, 306ab58, c18c2f] DropdownPanelView: OnStartSceneFromOtherEvent. for cn.alfadb.netbird.e3vpnb isStartingByNtfItemClick
CST 2026-07-17 20:05:53.862  2205  2205 I A01a00/SYS_UI: [a92ab11aa1cd65a, 306ab58, c18c2f] ViewManagerAdapter: isViewShowing viewType 20
CST 2026-07-17 20:05:53.862  2205  2205 W A04200/WINDOW: [a92ab11aa1cd65a, 306ab58, c18c2f] SCBSplitViewAnimationManager: BackAndOneSplitAnimationBreak containerSession is not availiable
CST 2026-07-17 20:05:53.863  2205  2205 I A04200/WINDOW: [a92ab11aa1cd65a, 306ab58, c18c2f] SCBSPVM: GuidanceLog set unNeedKnowMore
CST 2026-07-17 20:05:53.863  2205  2205 I A04200/WINDOW: [a92ab11aa1cd65a, 306ab58, c18c2f] SCBMultiWindowUtils: CUBE GuidanceLog isNeedKnowMore false
CST 2026-07-17 20:05:53.863  2205  4275 I C04216/WMSPattern: [a92ab11aa1cd65a, 227db4, 306ab58] SetPreloadStartingWindow: svgBufferInfo 31
CST 2026-07-17 20:05:53.863  2205  4275 I C04216/WMSPattern: [a92ab11aa1cd65a, 227db4, 306ab58] PreLoadStartingWindow session 31, isSvg 1
CST 2026-07-17 20:05:53.863  2205  2205 I A04200/WINDOW: [a92ab11aa1cd65a, 306ab58, c18c2f] SCBSplitManager: interruptStartSceneForSplit scenePanelState is 0 not SPLIT
CST 2026-07-17 20:05:53.863  2205  2205 W A04200/WINDOW: [a92ab11aa1cd65a, 306ab58, c18c2f] SCBSPVM: Failed to get scene containerSession with session id: 31
CST 2026-07-17 20:05:53.863  2205  2205 W A04200/WINDOW: [a92ab11aa1cd65a, 306ab58, c18c2f] SCBSPVM: Failed to getSessionFromFloatingScene with session id: 31
CST 2026-07-17 20:05:53.863  2205  2205 I A04200/WINDOW: [a92ab11aa1cd65a, 306ab58, c18c2f] SCBSPVM: Get containerSession with id:31 from special scene list
CST 2026-07-17 20:05:53.863  2205  2205 I A01b01/HOME: [a92ab11aa1cd65a, 306ab58, c18c2f] SCBTM: findTransitionController. bundleName: cn.alfadb.netbird.e3vpnb, overlayBundleName: undefined
CST 2026-07-17 20:05:53.863  2205  2205 W A01b01/HOME: [a92ab11aa1cd65a, 306ab58, c18c2f] PageDesktopModel: findTransitionController shortcutId empty bundleName:cn.alfadb.netbird.e3vpnb
CST 2026-07-17 20:05:53.863  2205  2205 W A01b01/HOME: [a92ab11aa1cd65a, 306ab58, c18c2f] PageDesktopModel: findTransitionController bundleName: cn.alfadb.netbird.e3vpnb, abilityName: EntryAbility, startType: 0, formCardId: undefined, cardId: undefined, extraId: undefined, appIndex: 0, shortcutId: undefined, appInstanceKey: %{public}s
CST 2026-07-17 20:05:53.863  2205  2205 W A01b01/HOME: [a92ab11aa1cd65a, 306ab58, c18c2f] SCBTM: Find controller success ? true, findData: {"bundleName":"cn.alfadb.netbird.e3vpnb","abilityName":"EntryAbility","appIndex":0,"appIconId":"","iconRadius":0,"appIconNumber":0,"startAppType":0,"isOpenFolder":false}
CST 2026-07-17 20:05:53.863  2205  2205 I A04200/WINDOW: [a92ab11aa1cd65a, 306ab58, c18c2f] SCBFloatManager: isAtomicServiceFloatScene: notSupportAtomicServiceFloatScene
CST 2026-07-17 20:05:53.864  2205  2205 I A01b00/SCB: [a92ab11aa1cd65a, 306ab58, c18c2f] LuoShuStateManager --> getLuoShuStateInfo: report {"luoShuState":0,"scenePanelState":0,"eventType":-1,"screenInfo":{"isLandscape":false,"foldState":1},"screenId":0,"holdingHandStatus":1}
CST 2026-07-17 20:05:53.864  2205  2205 E C03f05/NAPI: [a92ab11aa1cd65a, 306ab58, c18c2f] DfxCollectStackWithDepth is not loaded in taskpool/worker.
CST 2026-07-17 20:05:53.864  2205  2205 I C03f05/NAPI: [a92ab11aa1cd65a, 306ab58, c18c2f] taskpool:: taskId 2415488330 in seqRunner 140488421640128 immediately.
CST 2026-07-17 20:05:53.864  2205  2240 I C03f05/NAPI: taskpool:: Task Perform: j71, 2415488330, runningLoop: 140487720675232
CST 2026-07-17 20:05:53.864  2205  2205 W A01b01/HOME: [a92ab11aa1cd65a, 306ab58, c18c2f] SCBSPVM: [SCBMain]onStartSceneFromOther isNewWant false. StartApp:cn.alfadb.netbird.e3vpnb
CST 2026-07-17 20:05:53.865  2205  2205 I A04200/WINDOW: [a92ab11aa1cd65a, 306ab58, c18c2f] ContainerSessionInitBasicStrategy: Initialize the basic data state and mission management data status of the containerSession.
CST 2026-07-17 20:05:53.865  2205  2205 I A0420a/WMSLife: [a92ab11aa1cd65a, 306ab58, c18c2f] registerData category:0.
CST 2026-07-17 20:05:53.865  2205  2205 I A0420a/WMSLife: [a92ab11aa1cd65a, 306ab58, c18c2f] registerData category:1.
CST 2026-07-17 20:05:53.865  2205  2205 I A0420a/WMSLife: [a92ab11aa1cd65a, 306ab58, c18c2f] registerState category:1.
CST 2026-07-17 20:05:53.865  2205  2205 I A0420a/WMSLife: [a92ab11aa1cd65a, 306ab58, c18c2f] registerState category:0.
CST 2026-07-17 20:05:53.866  2205  2205 I A01b01/HOME: [a92ab11aa1cd65a, 306ab58, c18c2f] SCBSCS: set NeedRenderClip clipWidth from 0 to 1320
CST 2026-07-17 20:05:53.866  2205  2205 I A01b01/HOME: [a92ab11aa1cd65a, 306ab58, c18c2f] SCBSCS: set NeedRenderClip clipHeight from 0 to 2856
CST 2026-07-17 20:05:53.866  2205  2205 I A04200/WINDOW: [a92ab11aa1cd65a, 306ab58, c18c2f] SCBSSM: isAncoApplication bundleName: cn.alfadb.netbird.e3vpnb, isAnco: false
CST 2026-07-17 20:05:53.866  2205  2205 I A04200/WMS: [a92ab11aa1cd65a, 306ab58, c18c2f] create container success: isAnco:false, EntryAbility/cn.alfadb.netbird.e3vpnb/entry/0(persistentId: 31)(containerId: 2)
CST 2026-07-17 20:05:53.867  2205  2205 I A04200/WINDOW: [a92ab11aa1cd65a, 306ab58, c18c2f] SCBSPM: Add scene container session, id: 2
CST 2026-07-17 20:05:53.867  2205  2205 I A01b01/HOME: [a92ab11aa1cd65a, 306ab58, c18c2f] SCBSPVM: [SCBMain]onStartSceneFromOther add new session: 2
CST 2026-07-17 20:05:53.867  2205  2205 I A01b00/SCB: [a92ab11aa1cd65a, 306ab58, c18c2f] LuoShuStateManager --> getLuoShuStateInfo: SCBSPVM {"luoShuState":0,"scenePanelState":0,"eventType":-1,"screenInfo":{"isLandscape":false,"foldState":1},"screenId":0,"holdingHandStatus":1}
CST 2026-07-17 20:05:53.867  2205  2205 I A04223/SCBMain: [a92ab11aa1cd65a, 306ab58, c18c2f] [id:31][screenId:0]requestSceneSession, callerPersistentId:0, needLinkCaller:true
CST 2026-07-17 20:05:53.867  2205  2205 I A04223/SCBMain: [a92ab11aa1cd65a, 306ab58, c18c2f] find sceneSession from other screen
CST 2026-07-17 20:05:53.868  2205  2205 I A04222/WMSMission: [a92ab11aa1cd65a, 306ab58, c18c2f] [Screen:0][Panel:1] get existing session from usage-total list.
CST 2026-07-17 20:05:53.868  2205  2205 I A04200/WINDOW: [a92ab11aa1cd65a, 306ab58, c18c2f] SCBSSM: popSceneFromOtherScreen toScreen: 0, needBackground: trueneedRefreshFocus: true, needUpdateScreenId: true,persistentId:31
CST 2026-07-17 20:05:53.868  2205  2205 I A04200/WINDOW: [a92ab11aa1cd65a, 306ab58, c18c2f] [SCBMission]SCBSceneMissionManager: popSceneFromOtherScreenByPersistentId sceneSession on targetScreen, ignored
CST 2026-07-17 20:05:53.868  2205  2205 I A04200/WINDOW: [a92ab11aa1cd65a, 306ab58, c18c2f] SCBSSM: isProjectionBundleName bundleName = cn.alfadb.netbird.e3vpnb, screenId = 0
CST 2026-07-17 20:05:53.868  2205  2205 I A04223/SCBMain: [a92ab11aa1cd65a, 306ab58, c18c2f] requestSceneSession using exist persistentId: 31
CST 2026-07-17 20:05:53.868  2205  2205 I A04223/SCBMain: [a92ab11aa1cd65a, 306ab58, c18c2f] getSceneSessionByPersistentId from containerSessionList id: 31
CST 2026-07-17 20:05:53.868  2205  2205 I A04200/WINDOW: [a92ab11aa1cd65a, 306ab58, c18c2f] SCBSPVM: getSceneContainerSessionWithPersistentId from containerSessionList id: 31
CST 2026-07-17 20:05:53.868  2205  2205 I A04223/SCBMain: [a92ab11aa1cd65a, 306ab58, c18c2f] [id:31][screenId:0]requestSceneSession, callerPersistentId:0, needLinkCaller:true
CST 2026-07-17 20:05:53.868  2205  2205 I A04223/SCBMain: [a92ab11aa1cd65a, 306ab58, c18c2f] find sceneSession from other screen
CST 2026-07-17 20:05:53.868  2205  2205 I A04222/WMSMission: [a92ab11aa1cd65a, 306ab58, c18c2f] [Screen:0][Panel:1] get existing session from usage-total list.
CST 2026-07-17 20:05:53.869  2205  2205 I A04200/WINDOW: [a92ab11aa1cd65a, 306ab58, c18c2f] SCBSSM: popSceneFromOtherScreen toScreen: 0, needBackground: trueneedRefreshFocus: true, needUpdateScreenId: true,persistentId:31
CST 2026-07-17 20:05:53.869  2205  2205 I A04200/WINDOW: [a92ab11aa1cd65a, 306ab58, c18c2f] [SCBMission]SCBSceneMissionManager: popSceneFromOtherScreenByPersistentId sceneSession on targetScreen, ignored
CST 2026-07-17 20:05:53.869  2205  2205 I A04200/WINDOW: [a92ab11aa1cd65a, 306ab58, c18c2f] SCBSSM: isProjectionBundleName bundleName = cn.alfadb.netbird.e3vpnb, screenId = 0
CST 2026-07-17 20:05:53.869  2205  2205 I A04223/SCBMain: [a92ab11aa1cd65a, 306ab58, c18c2f] requestSceneSession using exist persistentId: 31
CST 2026-07-17 20:05:53.869  2205  2205 I A04223/SCBMain: [a92ab11aa1cd65a, 306ab58, c18c2f] getSceneSessionByPersistentId from containerSessionList id: 31
CST 2026-07-17 20:05:53.869  2205  2205 I A04200/WINDOW: [a92ab11aa1cd65a, 306ab58, c18c2f] SCBSPVM: getSceneContainerSessionWithPersistentId from containerSessionList id: 31
CST 2026-07-17 20:05:53.869  2205  2205 I A01b01/HOME: [a92ab11aa1cd65a, 306ab58, c18c2f] SCBTM: findTransitionController. bundleName: cn.alfadb.netbird.e3vpnb, overlayBundleName: undefined
CST 2026-07-17 20:05:53.869  2205  2205 W A01b01/HOME: [a92ab11aa1cd65a, 306ab58, c18c2f] PageDesktopModel: findTransitionController shortcutId empty bundleName:cn.alfadb.netbird.e3vpnb
CST 2026-07-17 20:05:53.869  2205  2205 W A01b01/HOME: [a92ab11aa1cd65a, 306ab58, c18c2f] PageDesktopModel: findTransitionController bundleName: cn.alfadb.netbird.e3vpnb, abilityName: EntryAbility, startType: 0, formCardId: undefined, cardId: undefined, extraId: undefined, appIndex: 0, shortcutId: undefined, appInstanceKey: %{public}s
CST 2026-07-17 20:05:53.869  2205  2205 W A01b01/HOME: [a92ab11aa1cd65a, 306ab58, c18c2f] SCBTM: Find controller success ? true, findData: {"bundleName":"cn.alfadb.netbird.e3vpnb","abilityName":"EntryAbility","appIndex":0,"appIconId":"","iconRadius":0,"appIconNumber":0,"startAppType":0,"isOpenFolder":false}
CST 2026-07-17 20:05:53.869  2205  2205 E A01b01/HOME: [a92ab11aa1cd65a, 306ab58, c18c2f] SCBSPVM: overlayCardInfo is invalid
CST 2026-07-17 20:05:53.869  2205  2205 W A01b01/HOME: [a92ab11aa1cd65a, 306ab58, c18c2f] SCBSPVM: onStartSceneFromOther cardId empty isStartCard=false
CST 2026-07-17 20:05:53.870  2205  2205 I A01b01/HOME: [a92ab11aa1cd65a, 306ab58, c18c2f] SCBTM: findTransitionController. bundleName: cn.alfadb.netbird.e3vpnb, overlayBundleName: undefined
CST 2026-07-17 20:05:53.870  2205  2205 W A01b01/HOME: [a92ab11aa1cd65a, 306ab58, c18c2f] PageDesktopModel: findTransitionController shortcutId empty bundleName:cn.alfadb.netbird.e3vpnb
CST 2026-07-17 20:05:53.870  2205  2205 W A01b01/HOME: [a92ab11aa1cd65a, 306ab58, c18c2f] PageDesktopModel: findTransitionController bundleName: cn.alfadb.netbird.e3vpnb, abilityName: EntryAbility, startType: 0, formCardId: undefined, cardId: undefined, extraId: undefined, appIndex: 0, shortcutId: undefined, appInstanceKey: %{public}s
CST 2026-07-17 20:05:53.870  2205  2205 W A01b01/HOME: [a92ab11aa1cd65a, 306ab58, c18c2f] SCBTM: Find controller success ? true, findData: {"bundleName":"cn.alfadb.netbird.e3vpnb","abilityName":"EntryAbility","appIndex":0,"appIconId":"","iconRadius":0,"appIconNumber":0,"startAppType":0,"isOpenFolder":false}
CST 2026-07-17 20:05:53.870  2205  2205 W A01b01/HOME: [a92ab11aa1cd65a, 306ab58, c18c2f] SCBSPVM: onStartSceneFromOther cardId empty isStartCard=false
CST 2026-07-17 20:05:53.870  2205  2205 I A04223/SCBMain: [a92ab11aa1cd65a, 306ab58, c18c2f] [id:31][screenId:0]requestSceneSession, callerPersistentId:0, needLinkCaller:true
CST 2026-07-17 20:05:53.870  2205  2205 I A04223/SCBMain: [a92ab11aa1cd65a, 306ab58, c18c2f] find sceneSession from other screen
CST 2026-07-17 20:05:53.870  2205  2205 I A04222/WMSMission: [a92ab11aa1cd65a, 306ab58, c18c2f] [Screen:0][Panel:1] get existing session from usage-total list.
CST 2026-07-17 20:05:53.870  2205  2205 I A04200/WINDOW: [a92ab11aa1cd65a, 306ab58, c18c2f] SCBSSM: popSceneFromOtherScreen toScreen: 0, needBackground: trueneedRefreshFocus: true, needUpdateScreenId: true,persistentId:31
CST 2026-07-17 20:05:53.870  2205  2205 I A04200/WINDOW: [a92ab11aa1cd65a, 306ab58, c18c2f] [SCBMission]SCBSceneMissionManager: popSceneFromOtherScreenByPersistentId sceneSession on targetScreen, ignored
CST 2026-07-17 20:05:53.870  2205  2205 I A04200/WINDOW: [a92ab11aa1cd65a, 306ab58, c18c2f] SCBSSM: isProjectionBundleName bundleName = cn.alfadb.netbird.e3vpnb, screenId = 0
CST 2026-07-17 20:05:53.870  2205  2205 I A04223/SCBMain: [a92ab11aa1cd65a, 306ab58, c18c2f] requestSceneSession using exist persistentId: 31
CST 2026-07-17 20:05:53.870  2205  2205 I A04223/SCBMain: [a92ab11aa1cd65a, 306ab58, c18c2f] getSceneSessionByPersistentId from containerSessionList id: 31
CST 2026-07-17 20:05:53.871  2205  2205 I A04200/WINDOW: [a92ab11aa1cd65a, 306ab58, c18c2f] SCBSPVM: getSceneContainerSessionWithPersistentId from containerSessionList id: 31
CST 2026-07-17 20:05:53.871  2205  2205 W A01b01/HOME: [a92ab11aa1cd65a, 306ab58, c18c2f] SCBSPVM: isSceneContainerStartOther: true
CST 2026-07-17 20:05:53.871  2205  2205 I A01b00/SCB: [a92ab11aa1cd65a, 306ab58, c18c2f] LuoShuStateManager --> getLuoShuStateInfo: SCBWindowRotateController {"luoShuState":0,"scenePanelState":0,"eventType":-1,"screenInfo":{"isLandscape":false,"foldState":1},"screenId":0,"holdingHandStatus":1}
CST 2026-07-17 20:05:53.871  2205  2205 I A0421d/WMSRotation: [a92ab11aa1cd65a, 306ab58, c18c2f] [isNonHook] luoShuState: 0
CST 2026-07-17 20:05:53.871  2205  2205 E A0421d/WMSRotation: [a92ab11aa1cd65a, 306ab58, c18c2f] [needRotateWithFlowLight] no need add rotation
CST 2026-07-17 20:05:53.871  2205  2205 W A0421d/WMSRotation: [a92ab11aa1cd65a, 306ab58, c18c2f] [getRotatedScreenProperty] this.rotation: 0; getRotatedScreenProperty: {rect: [0, 0, 1320, 2856], rotation: 0}
CST 2026-07-17 20:05:53.871  2205  2205 W A01b01/HOME: [a92ab11aa1cd65a, 306ab58, c18c2f] SCBSPVM: [onStartSceneFromOther] isNeed: false, windowAnimation: true
CST 2026-07-17 20:05:53.871  2205  2205 I A0421d/WMSRotation: [a92ab11aa1cd65a, 306ab58, c18c2f] [startSceneWithRotationIfNeed] containerSession EntryAbility/cn.alfadb.netbird.e3vpnb/entry/0(persistentId: 31)(containerId: 2), needAnimation false isFromRecent false fromUser false isPageRotation false
CST 2026-07-17 20:05:53.871  2205  2205 I A0421d/WMSRotation: [a92ab11aa1cd65a, 306ab58, c18c2f] [startSceneWithRotationIfNeed] containerSession EntryAbility/cn.alfadb.netbird.e3vpnb/entry/0(persistentId: 31)(containerId: 2)needAnimation false isFromRecent false fromUser false isPageRotation false
CST 2026-07-17 20:05:53.871  2205  2205 I A0421d/WMSRotation: [a92ab11aa1cd65a, 306ab58, c18c2f] [coverSensorRotation] cover sensor rotation.
CST 2026-07-17 20:05:53.872  2205  2205 I A01b00/SCB: [a92ab11aa1cd65a, 306ab58, c18c2f] SCBCompatibilityModeController: [addInvertedPortraitOrientationIfNeeded] requestOrientation:undefined
CST 2026-07-17 20:05:53.872  2205  2205 I A01b00/SCB: [a92ab11aa1cd65a, 306ab58, c18c2f] SCBCompatibilityModeResourceManager: [isCurrentSupportAddInvertedPortraitOrientation] isSupportAddInvertedPortraitOrientation: false
CST 2026-07-17 20:05:53.872  2205  2205 I A01b00/SCB: [a92ab11aa1cd65a, 306ab58, c18c2f] SCBCompatibilityModeResourceManager: [isNeedAddInvertedPortraitOrientation] current device status is not support adding inverted portrait orientation
CST 2026-07-17 20:05:53.872  2205  2205 I A04200/WINDOW: [a92ab11aa1cd65a, 306ab58, c18c2f] SCBScreenSM: screenRotationLocked value:true
CST 2026-07-17 20:05:53.872  2205  2205 W A0421d/WMSRotation: [a92ab11aa1cd65a, 306ab58, c18c2f] [getTargetRotation] bundleName:cn.alfadb.netbird.e3vpnb requestOrientation:0 isScreenLocked:true isPlacedRotateFriendlyDevicePlaced:false fixedRotation: -1 rotationCommand: {"isIgnorePlacedState":false,"isFromDropDown":false}
CST 2026-07-17 20:05:53.872  2205  2205 I A04200/WINDOW: [a92ab11aa1cd65a, 306ab58, c18c2f] SCBSSM: targetOrientation does not belong to the userOrientation type
CST 2026-07-17 20:05:53.872  2205  2205 I A0421d/WMSRotation: [a92ab11aa1cd65a, 306ab58, c18c2f] [notifySupportRotationChange] container requestOrientation: 0 scene requestOrientation: 0
CST 2026-07-17 20:05:53.872  2205  2205 I A0421d/WMSRotation: [a92ab11aa1cd65a, 306ab58, c18c2f] [notifySupportRotationChange] displayId: 0 persistentId: 31 container: [true,false,false,false] scene: [true,false,false,false] reason: ContainerRequestedOrientationChange
CST 2026-07-17 20:05:53.872  2205  2205 I A04200/WINDOW: [a92ab11aa1cd65a, 306ab58, c18c2f] SCBSSM: notifySupportRotationChange
CST 2026-07-17 20:05:53.872  2205  2205 I C0421d/WMSRotation: [a92ab11aa1cd65a, 306ab58, c18c2f] OnNotifySupportRotationChange: persistentId: 31, container size: 4, scene size: 4
CST 2026-07-17 20:05:53.872  2205  2205 I A0421d/WMSRotation: [a92ab11aa1cd65a, 306ab58, c18c2f] [startSceneWithRotationIfNeed] before rotate with targetRotation=0, sensorRotation=0, currentScreenRotation=0, currentContainerRotation=0, tempRotation=, name=cn.alfadb.netbird.e3vpnb
CST 2026-07-17 20:05:53.873  2205  2205 I A0421d/WMSRotation: [a92ab11aa1cd65a, 306ab58, c18c2f] [rotateWindowPolicy] no need to rotate with same targetRotation
CST 2026-07-17 20:05:53.873  2205  2205 W A01b01/HOME: [a92ab11aa1cd65a, 306ab58, c18c2f] SCBSPVM: [SCBMain]onStartSceneFromOther EntryAbility/cn.alfadb.netbird.e3vpnb/entry/0(persistentId: 31)(containerId: 2) isActive:false isStartCard:false needBlurAnimation:true scenePanelState:0
CST 2026-07-17 20:05:53.873  2205  2205 I A01b09/RECENT: [a92ab11aa1cd65a, 306ab58, c18c2f] RecentPanelViewModel: [SCBMain]onStartSceneFromOther EntryAbility/cn.alfadb.netbird.e3vpna/entry/0(persistentId: 30)(containerId: 1) notShowSessionDestroy
CST 2026-07-17 20:05:53.873  2205  2205 I A01b00/SCB: [a92ab11aa1cd65a, 306ab58, c18c2f] LuoShuStateManager --> getLuoShuStateInfo: SCBSPVM {"luoShuState":0,"scenePanelState":0,"eventType":-1,"screenInfo":{"isLandscape":false,"foldState":1},"screenId":0,"holdingHandStatus":1}
CST 2026-07-17 20:05:53.873  2205  2205 I A0421d/WMSRotation: [a92ab11aa1cd65a, 306ab58, c18c2f] no active session return!
CST 2026-07-17 20:05:53.873  2205  2205 W A01b01/HOME: [a92ab11aa1cd65a, 306ab58, c18c2f] SCBSPVM: [SCBMain]onStartSceneFromOther do not need minimize former scene, activeContainer is null? true
CST 2026-07-17 20:05:53.873  2205  2205 I A04200/WINDOW: [a92ab11aa1cd65a, 306ab58, c18c2f] SCBSPM: Remove container id: 2, 31
CST 2026-07-17 20:05:53.873  2205  2205 I A01b09/RECENT: [a92ab11aa1cd65a, 306ab58, c18c2f] RecentDockRefreshAlarm: start alarm recent dock: EntryAbility/cn.alfadb.netbird.e3vpnb/entry/0(persistentId: 31)(containerId: 2)
CST 2026-07-17 20:05:53.874  2205  2205 W A0420a/WMSLife: [a92ab11aa1cd65a, 306ab58, c18c2f] Request scene container session activation, name: EntryAbility/cn.alfadb.netbird.e3vpnb/entry/0(persistentId: 31)(containerId: 2) isNewActive: false, isPersist: true, reason: undefined
CST 2026-07-17 20:05:53.874  2205  2205 I A01b00/SCB: [a92ab11aa1cd65a, 306ab58, c18c2f] LuoShuStateManager --> getLuoShuStateInfo: SCBScreenSM {"luoShuState":0,"scenePanelState":0,"eventType":-1,"screenInfo":{"isLandscape":false,"foldState":1},"screenId":0,"holdingHandStatus":1}
CST 2026-07-17 20:05:53.874  2205  2205 I A04200/WINDOW: [a92ab11aa1cd65a, 306ab58, c18c2f] SCBSceneRecentMissionManager: add id 31 to recentMissionIdSet
CST 2026-07-17 20:05:53.874  2205  2205 W A04223/SCBMain: [a92ab11aa1cd65a, 306ab58, c18c2f] requestSessionActivation primarySession priNewActive: false
CST 2026-07-17 20:05:53.874  2205  2205 I A04223/SCBMain: [a92ab11aa1cd65a, 306ab58, c18c2f] requestSceneSessionActivation: isNewActive: false, isPersist: true, reason: undefined, name: EntryAbility/cn.alfadb.netbird.e3vpnb/entry/0(persistentId: 31), containerRotation: 0
CST 2026-07-17 20:05:53.874  2205  2205 I A0420a/WMSLife: [a92ab11aa1cd65a, 306ab58, c18c2f] [id:31]requestSceneSessionActivation.
CST 2026-07-17 20:05:53.875  2205  2205 I A0420a/WMSLife: [a92ab11aa1cd65a, 306ab58, c18c2f] setIsPendingToBackgroundState, state:false
CST 2026-07-17 20:05:53.875  2205  2205 I C0420a/WMSLife: [a92ab11aa1cd65a, 306ab58, c18c2f] SetIsPendingToBackgroundState: id:31 State:0
CST 2026-07-17 20:05:53.875  2205  2205 I A0420a/WMSLife: [a92ab11aa1cd65a, 306ab58, c18c2f] setIsActivatedAfterScreenLocked, isScreenLocked: false
CST 2026-07-17 20:05:53.875  2205  2205 I C0420a/WMSLife: [a92ab11aa1cd65a, 306ab58, c18c2f] SetIsActivatedAfterScreenLocked: id:31, isLocked:0
CST 2026-07-17 20:05:53.875  2205  2205 I C0420a/WMSLife: [a92ab11aa1cd65a, 306ab58, c18c2f] OnRequestSceneSessionActivation: in
CST 2026-07-17 20:05:53.875  2205  2275 I C04202/WMSMain: [a92ab11aa1cd65a, 3d3630b, 306ab58] Request active id:31, system:0, isNewActive:0, requestId:4
CST 2026-07-17 20:05:53.875  2205  2275 W C0420b/WMSKeyboard: [a92ab11aa1cd65a, 3d3630b, 306ab58] RequestInputMethodCloseKeyboard: keyboardSession is nullptr, id: 31
CST 2026-07-17 20:05:53.875  2205  2275 I C0421b/WMSStartupPage: [a92ab11aa1cd65a, 3d3630b, 306ab58] GetEnableRemoveStartingWindowFromBMS: enable.remove.starting.window default false
CST 2026-07-17 20:05:53.875  2205  2275 I C04202/WMSMain: [a92ab11aa1cd65a, 3d3630b, 306ab58] FillSessionInfo: bundleName:cn.alfadb.netbird.e3vpnb removeMissionAfterTerminate:0 excludeFromMissions:0 label:$string:ability_name iconPath:$media:app_icon collaboratorType:/data/app/el1/bundle/public/cn.alfadb.netbird.e3vpnb.
CST 2026-07-17 20:05:53.875  2205  2275 I C0420a/WMSLife: [a92ab11aa1cd65a, 3d3630b, 306ab58] GetRequestWantFromTaskInfoMap: exsit, persistentId:31, requestId:4
CST 2026-07-17 20:05:53.875  2205  2205 E A01b00/SCB: [a92ab11aa1cd65a, 306ab58, c18c2f] SCBCategoryResourceManager: isSupportFullScreenInForceSplit: cn.alfadb.netbird.e3vpnb is not in featureMap
CST 2026-07-17 20:05:53.875  2205  2275 I C0420a/WMSLife: [a92ab11aa1cd65a, 3d3630b, 306ab58] SetAbilitySessionInfo: Is SCB Call, set flag:0, persistentId:31, requestId:4
CST 2026-07-17 20:05:53.875  2205  2205 I A01b00/SCB: [a92ab11aa1cd65a, 306ab58, c18c2f] SCBCategoryResourceManager: updateFullScreenInForceSplitStatusIfNeed: isFullScreenInForceSplit no change
CST 2026-07-17 20:05:53.875  2205  2275 I C0420a/WMSLife: [a92ab11aa1cd65a, 3d3630b, 306ab58] RequestSceneSessionActivationInner: [id: 31] want-ability: EntryAbility, bundle: cn.alfadb.netbird.e3vpnb, module: entry, appIndex: 0, requestId:4
CST 2026-07-17 20:05:53.875  2205  2275 I C0420a/WMSLife: [a92ab11aa1cd65a, 3d3630b, 306ab58] operator(): start notify listeners, bundleName:cn.alfadb.netbird.e3vpnb, Id:31, event:2, reason: 0
CST 2026-07-17 20:05:53.875  2205  2275 I C04202/WMSMain: [a92ab11aa1cd65a, 3d3630b, 306ab58] RequestSceneSessionActivationInner: [id: 31] Begin StartUIAbility, system: 0,reuseDelegatorWindow 0 isShowAbility 0
CST 2026-07-17 20:05:53.875  2205  2205 I A04223/SCBMain: [a92ab11aa1cd65a, 306ab58, c18c2f] isForegroundAndActive: sessionState: 0, isActive: true
CST 2026-07-17 20:05:53.875  2205  2205 I A04200/WINDOW: [a92ab11aa1cd65a, 306ab58, c18c2f] SCBSSM: isInOutdoorExploreMode: false
CST 2026-07-17 20:05:53.875  2205  2205 I A04200/WMS: [a92ab11aa1cd65a, 306ab58, c18c2f] modifyPersistentMap, bundleName: cn.alfadb.netbird.e3vpnb
CST 2026-07-17 20:05:53.875  2205  4276 I C01336/AMS: [a92ab11aa1cd65a, 3b5c73c, 3d3630b] [AMC432]scb call, StartUIAbilityBySCB target: cn.alfadb.netbird.e3vpnb/EntryAbility, persistentId: 31, appIndex: -1, pageConfigSize:0, requestCode:-1
CST 2026-07-17 20:05:53.876  2205  2205 I A01b01/HOME: [a92ab11aa1cd65a, 306ab58, c18c2f] SCBSPVM: enter FULLSCENE
CST 2026-07-17 20:05:53.876   728   979 I C01336/AMS: [a92ab11aa1cd65a, 10a5f36, 3b5c73c] [ABMS3083]call, sceneFlag:4, restart: 0
CST 2026-07-17 20:05:53.876  2205  2257 I C01631/GaussPD: [a92ab11aa1cd65a, a1fdc8, 306ab58]  [0] [ADAPTER] [140486552546048] Not support binlog_default.writeLock file enable del monitor sysno = 25
CST 2026-07-17 20:05:53.876  2205  2257 I C01631/GaussPD: [a92ab11aa1cd65a, a1fdc8, 306ab58]  [0] [ADAPTER] [140486552546048] Not support binlog_default.writeLock file enable del monitor sysno = 25
CST 2026-07-17 20:05:53.876  2205  2257 I C01631/GaussPD: [a92ab11aa1cd65a, a1fdc8, 306ab58]  [0] [ADAPTER] [140486552546048] Not support binlog_default.writeLock file enable del monitor sysno = 25
CST 2026-07-17 20:05:53.876   728   979 I C01336/AMS: [a92ab11aa1cd65a, 10a5f36, 3b5c73c] [start_ability_utils.cpp54]appIndex:-1
CST 2026-07-17 20:05:53.876  2205  2205 I A01b09/RECENT: [a92ab11aa1cd65a, 306ab58, c18c2f] RecentPanel: RecentViewParam init
CST 2026-07-17 20:05:53.876  2205  2205 W A01b01/HOME: [a92ab11aa1cd65a, 306ab58, c18c2f] SCBSCS: [SCBSCS] translateX from -135.45714405604772 to 0. reason: init, extra: EntryAbility/cn.alfadb.netbird.e3vpna/entry/0(persistentId: 30)(containerId: 1)
CST 2026-07-17 20:05:53.876  2205  2205 W A01b01/HOME: [a92ab11aa1cd65a, 306ab58, c18c2f] SCBSCS: [SCBSCS] translateY from -88.71428898402627 to 0. reason: init, extra: EntryAbility/cn.alfadb.netbird.e3vpna/entry/0(persistentId: 30)(containerId: 1)
CST 2026-07-17 20:05:53.877   728   979 W C01336/AMS: [a92ab11aa1cd65a, 10a5f36, 3b5c73c] [ABMS3903]null callerToken
CST 2026-07-17 20:05:53.877   728   979 I C01336/AMS: [a92ab11aa1cd65a, 10a5f36, 3b5c73c] [UALM215]StartUIAbility session:31. bundle:cn.alfadb.netbird.e3vpnb, ability:EntryAbility, instanceKey:, requestId: 4, isCallBySCB: 0, reuseDelegator: 0, scenarios:0, requestCode:-1
CST 2026-07-17 20:05:53.877   728   979 I C01336/AMS: [a92ab11aa1cd65a, 10a5f36, 3b5c73c] [app_exit_reason_data_manager.cpp640]tokenId <private> module entry abillity EntryAbility
CST 2026-07-17 20:05:53.877   728  1068 W C01123/BMSCommon: [a92ab11aa1cd65a, 26a4d27, 10a5f36] uid(5523) invalid
CST 2026-07-17 20:05:53.878   309   372 I C01705/EXACT_PREREAD: [a92ab11aa1cd65a, 102f6af, 22ae09e] [(StartAppStartupPrereadWork):630] uid: 20020063 pid: 0 appStartupScene: cn.alfadb.netbird.e3vpnb/cn.alfadb.netbird.e3vpnb
CST 2026-07-17 20:05:53.878  2205  2205 I A01b01/HOME: [a92ab11aa1cd65a, 306ab58, c18c2f] SCBSCS: [SCBSCS] scaleX from 0.15378787878787878 to 1. reason: init, extra: EntryAbility/cn.alfadb.netbird.e3vpna/entry/0(persistentId: 30)(containerId: 1)
CST 2026-07-17 20:05:53.878   309   372 E C01700/RSS: [a92ab11aa1cd65a, 102f6af, 22ae09e] GetRealPath: get real path failed.
CST 2026-07-17 20:05:53.878   309   372 E C01705/EXACT_PREREAD: [a92ab11aa1cd65a, 102f6af, 22ae09e] [(GetMonitorState):1128] failed to get real path, errno: 2
CST 2026-07-17 20:05:53.878   309   372 E C01705/EXACT_PREREAD: [a92ab11aa1cd65a, 102f6af, 22ae09e] [(GetAvailableMonitor):1093] failed to get monitor: 0 state.
CST 2026-07-17 20:05:53.878   309   372 E C01700/RSS: [a92ab11aa1cd65a, 102f6af, 22ae09e] GetRealPath: get real path failed.
CST 2026-07-17 20:05:53.878   309   372 E C01705/EXACT_PREREAD: [a92ab11aa1cd65a, 102f6af, 22ae09e] [(GetMonitorState):1128] failed to get real path, errno: 2
CST 2026-07-17 20:05:53.878   309   372 E C01705/EXACT_PREREAD: [a92ab11aa1cd65a, 102f6af, 22ae09e] [(GetAvailableMonitor):1093] failed to get monitor: 1 state.
CST 2026-07-17 20:05:53.878   309   372 E C01705/EXACT_PREREAD: [a92ab11aa1cd65a, 102f6af, 22ae09e] [(CheckAndBindMonitorBeforeWorkStart):1006] get invalid monitorIdx: -1
CST 2026-07-17 20:05:53.878  2205  2205 I A01b01/HOME: [a92ab11aa1cd65a, 306ab58, c18c2f] SCBSCS: [SCBSCS] scaleY from 0.15378787878787878 to 1. reason: init, extra: EntryAbility/cn.alfadb.netbird.e3vpna/entry/0(persistentId: 30)(containerId: 1)
CST 2026-07-17 20:05:53.878   309   372 E C01705/EXACT_PREREAD: [a92ab11aa1cd65a, 102f6af, 22ae09e] [(StartAppStartupPrereadWork):181] check workstate or bind monitor failed.
CST 2026-07-17 20:05:53.878   309   372 E C01705/EXACT_PREREAD: [a92ab11aa1cd65a, 102f6af, 22ae09e] [(ExecuteCommand):126] execute cmd:1 failed.
CST 2026-07-17 20:05:53.878   728   979 W C01336/AMS: [a92ab11aa1cd65a, 10a5f36, 3b5c73c] [app_exit_reason_data_manager.cpp659]KEY_NOT_FOUND
CST 2026-07-17 20:05:53.878   728   979 I C01336/AMS: [a92ab11aa1cd65a, 10a5f36, 3b5c73c] [app_exit_reason_data_manager.cpp590]tokenId <private> module entry ability EntryAbility 
CST 2026-07-17 20:05:53.878   728   979 W C01336/AMS: [a92ab11aa1cd65a, 10a5f36, 3b5c73c] [app_exit_reason_data_manager.cpp607]DBStatus:27459591
CST 2026-07-17 20:05:53.879  2205  2205 W A01b01/HOME: [a92ab11aa1cd65a, 306ab58, c18c2f] SCBSCS: [SCBSCS] border radius from topLeft: 97.77777777777779, topRight: 97.77777777777779, bottomLeft: 97.77777777777779, bottomRight: 97.77777777777779 to 36. reason: init, extra: EntryAbility/cn.alfadb.netbird.e3vpna/entry/0(persistentId: 30)(containerId: 1)
CST 2026-07-17 20:05:53.879   728   979 W C01336/AMS: [a92ab11aa1cd65a, 10a5f36, 3b5c73c] [ability_start_with_wait_observer_manager.cpp193]invaid observerId
CST 2026-07-17 20:05:53.879  2205  2205 W A01b01/HOME: [a92ab11aa1cd65a, 306ab58, c18c2f] SCBSCS: [SCBSCS] sceneAlpha from 0 to 1. reason: init, extra: EntryAbility/cn.alfadb.netbird.e3vpna/entry/0(persistentId: 30)(containerId: 1)
CST 2026-07-17 20:05:53.879   728   979 W C01336/AMS: [a92ab11aa1cd65a, 10a5f36, 3b5c73c] [ABR1600]nullptr
CST 2026-07-17 20:05:53.879   728   979 I C01336/AMS: [a92ab11aa1cd65a, 10a5f36, 3b5c73c] [ABR287]LoadLifecycle: abilityName:EntryAbility
CST 2026-07-17 20:05:53.879  2205  2205 I A01b01/HOME: [a92ab11aa1cd65a, 306ab58, c18c2f] SCBSCS: set NeedRenderClip clipHeight type of number from 1320.0000000000002 to 2856
CST 2026-07-17 20:05:53.879  2205  2205 I A01b01/HOME: [a92ab11aa1cd65a, 306ab58, c18c2f] SCBSCS: initSmallFolderBg isExitToSmallFolder: false
CST 2026-07-17 20:05:53.879   728   979 I C0135b/KeepAlive: [a92ab11aa1cd65a, 10a5f36, 3b5c73c] [keep_alive_process_manager.cpp336]not supported
CST 2026-07-17 20:05:53.879   728   979 I C01357/ProcessMgr: [a92ab11aa1cd65a, 10a5f36, 3b5c73c] [ams_mgr_scheduler.cpp90]SubmitLoadTask: cn.alfadb.netbird.e3vpnb-EntryAbility
CST 2026-07-17 20:05:53.879   728   979 W C01311/AppMS: [a92ab11aa1cd65a, 10a5f36, 3b5c73c] [AMSI9922]caller token not SA
CST 2026-07-17 20:05:53.879   728   979 W C01364/UN: [a92ab11aa1cd65a, 10a5f36, 3b5c73c] [user_controller.cpp257]invalid user lock status: 1
CST 2026-07-17 20:05:53.879  2205  2205 W A01b01/HOME: [a92ab11aa1cd65a, 306ab58, c18c2f] SCBSCS: [SCBSCS] border radius from topLeft: 0, topRight: 0, bottomLeft: 0, bottomRight: 0 to 36. reason: init, extra: EntryAbility/cn.alfadb.netbird.e3vpnb/entry/0(persistentId: 31)(containerId: 2)
CST 2026-07-17 20:05:53.880  2205  2205 W A01b01/HOME: [a92ab11aa1cd65a, 306ab58, c18c2f] SCBSCS: [SCBSCS] sceneAlpha from 0 to 1. reason: init, extra: EntryAbility/cn.alfadb.netbird.e3vpnb/entry/0(persistentId: 31)(containerId: 2)
CST 2026-07-17 20:05:53.880   728  1087 I C01336/AMS: [a92ab11aa1cd65a, 30ec546, 10a5f36] [ability_event_util.cpp83]HandleBundleFirstLaunch: bundleName=cn.alfadb.netbird.e3vpnb, userId=100,appIndex=0, appId=cn.alfadb.netbird.e3vpnb_, callerBundleName=_system
CST 2026-07-17 20:05:53.880   728  1087 I C01316/BMSHelper: [a92ab11aa1cd65a, 30ec546, 10a5f36] [bundle_mgr_helper.cpp663]appName: cn.alfadb.netbird.e3vpnb, appIndex: 0
CST 2026-07-17 20:05:53.880  2205  2205 I A01b01/HOME: [a92ab11aa1cd65a, 306ab58, c18c2f] SCBSCS: initSmallFolderBg isExitToSmallFolder: false
CST 2026-07-17 20:05:53.880  2205  2257 I C01631/GaussPD: [a92ab11aa1cd65a, a1fdc8, 306ab58]  [0] [ADAPTER] [140486552546048] Not support binlog_default.writeLock file enable del monitor sysno = 25
CST 2026-07-17 20:05:53.880  2205  2257 I C01631/GaussPD: [a92ab11aa1cd65a, a1fdc8, 306ab58]  [0] [ADAPTER] [140486552546048] Not support binlog_default.writeIndex file enable del monitor sysno = 25
CST 2026-07-17 20:05:53.880  2205  2205 I A04200/WINDOW: [a92ab11aa1cd65a, 306ab58, c18c2f] SCBSPVM: updateScenePanelState from 0 to 1
CST 2026-07-17 20:05:53.880   728  1087 I C01123/BMSCommon: [a92ab11aa1cd65a, 30ec546, 10a5f36] rdb SaveStorageBundleInfo -n cn.alfadb.netbird.e3vpnb
CST 2026-07-17 20:05:53.880  2205  2257 I C01631/GaussPD: [a92ab11aa1cd65a, a1fdc8, 306ab58]  [0] [ADAPTER] [140486552546048] Not support binlog_default.writeIndex file enable del monitor sysno = 25
CST 2026-07-17 20:05:53.880  2205  2205 I A01b00/SCB: [a92ab11aa1cd65a, 306ab58, c18c2f] SCBDesktop --> scenePanelState change 1
CST 2026-07-17 20:05:53.880  2205  2205 I A01b00/SCB: [a92ab11aa1cd65a, 306ab58, c18c2f] SCBDesktop --> updateScenePanelState, sceneState:1
CST 2026-07-17 20:05:53.880  2205  2205 I A01c05/FORM: [a92ab11aa1cd65a, 306ab58, c18c2f] PageDesktopViewModel --> localEventListener receive event: launcher.event.REQUEST_FORM_RECYCLE
CST 2026-07-17 20:05:53.880  2205  2205 I A01c05/FORM: [a92ab11aa1cd65a, 306ab58, c18c2f] PageDesktopViewModel --> current recycleFormEventHandler, state = true, currentStartApp = false
CST 2026-07-17 20:05:53.881   728  4247 I C01202/Unordered: [a92ab11aa1cd65a, 1e402d3, 191e5d6] Pid 728 publish usual.event.APP_FIRST_LAUNCH to -1 end(0,0,0,0)
CST 2026-07-17 20:05:53.881  2359  2359 I A000ff/ThemeEngine: [a92ab11aa1cd65a, 2056059, 1f8a44e] EngineProxy --> Receiving IPC call with matched key sceneState
CST 2026-07-17 20:05:53.881  2205  2205 I A01b01/HOME: [a92ab11aa1cd65a, 306ab58, c18c2f] SCBDesktopAddViewModel --> closeDesktopAddDialog event:isBackGesture: false isKeyboardShowing: undefined isSearchPage: false
CST 2026-07-17 20:05:53.881  2359  2359 I A000ff/ThemeEngine: [a92ab11aa1cd65a, 2056059, 1f8a44e] EngineProxy --> onWindowScbStateChange preSceneState: 0, currentSceneState: 1
CST 2026-07-17 20:05:53.881  2205  2205 I A01c05/FORM: [a92ab11aa1cd65a, 306ab58, c18c2f] FormStackExpandView: formstack expand onScenePanelStateChange: 1
CST 2026-07-17 20:05:53.881  2205  2205 I A0ff00/SEARCH: [a92ab11aa1cd65a, 306ab58, c18c2f] [HiSearch]: HiSearchComponent, onScenePanelStateChange, 0, 1
CST 2026-07-17 20:05:53.881  2205  2205 I A0ff00/SEARCH: [a92ab11aa1cd65a, 306ab58, c18c2f] [HiSearch]: SearchInput, onScenePanelStateChange 1
CST 2026-07-17 20:05:53.881  2205  2205 I A01a00/SYS_UI: [a92ab11aa1cd65a, 306ab58, c18c2f] SystemUIView: onScenePanelStateChange: 1
CST 2026-07-17 20:05:53.881   728  1087 W C01650/RdbStoreManager: [a92ab11aa1cd65a, 30ec546, 10a5f36] IsConfigInvalidChanged:no bundleName
CST 2026-07-17 20:05:53.881   728  1087 E C01650/SilentProxy: [a92ab11aa1cd65a, 30ec546, 10a5f36] IsSupportSilentFromService:GetRdbService failed, err is 27394049.
CST 2026-07-17 20:05:53.882   728  1087 I C01631/GaussPD: [a92ab11aa1cd65a, 30ec546, 10a5f36]  [0] [ADAPTER] [140005698325248] Not support binlog_default.writeLock file enable del monitor sysno = 25
CST 2026-07-17 20:05:53.882   728  1087 I C01631/GaussPD: [a92ab11aa1cd65a, 30ec546, 10a5f36]  [0] [ADAPTER] [140005698325248] Not support binlog_default.writeLock file enable del monitor sysno = 25
CST 2026-07-17 20:05:53.882   728  1087 I C01631/GaussPD: [a92ab11aa1cd65a, 30ec546, 10a5f36]  [0] [ADAPTER] [140005698325248] Not support binlog_default.writeLock file enable del monitor sysno = 25
CST 2026-07-17 20:05:53.882   728  1087 I C01631/GaussPD: [a92ab11aa1cd65a, 30ec546, 10a5f36]  [0] [ADAPTER] [140005698325248] Not support binlog_default.writeLock file enable del monitor sysno = 25
CST 2026-07-17 20:05:53.882  2205  4276 I C0420a/WMSLife: [a92ab11aa1cd65a, 3b5c73c, 3d3630b] start ui ability sceneFlag:4 isRestart:0 pageConfig:0 retCode: 0
CST 2026-07-17 20:05:53.882  2205  2275 I C0420a/WMSLife: [a92ab11aa1cd65a, 3d3630b, 306ab58] ResetSessionInfoAfterStartUIAbility: in
CST 2026-07-17 20:05:53.883  2205  2275 I C04202/WMSMain: [a92ab11aa1cd65a, 3d3630b, 306ab58] Cold start, identityToken:1784289953875, bundleName:cn.alfadb.netbird.e3vpnb
CST 2026-07-17 20:05:53.883  2205  2205 I A01b00/SCB: [a92ab11aa1cd65a, 306ab58, c18c2f] LuoShuStateFSM --> setScenePanelState: 1
CST 2026-07-17 20:05:53.883  2205  2275 I C0420a/WMSLife: [a92ab11aa1cd65a, 3d3630b, 306ab58] ResetSessionConnectState: [id: 31] state: 0
CST 2026-07-17 20:05:53.883  2205  2205 I A01b0a/GESTURE: [a92ab11aa1cd65a, 306ab58, c18c2f] AIBarView --> ScenepanelState has change to 1
CST 2026-07-17 20:05:53.883  2205  2275 I C0420c/WMSEvent: [a92ab11aa1cd65a, 3d3630b, 306ab58] SetCallingPid: id:31, -1
CST 2026-07-17 20:05:53.883  2205  2275 I C0420a/WMSLife: [a92ab11aa1cd65a, 3d3630b, 306ab58] ResetIsActive: [id: 31] isActive: 0
CST 2026-07-17 20:05:53.883  2205  2275 I C0420a/WMSLife: [a92ab11aa1cd65a, 3d3630b, 306ab58] UpdatePrivacyModeControlInfo: no need to update privacy mode control info
CST 2026-07-17 20:05:53.883  2205  2275 I C0420a/WMSLife: [a92ab11aa1cd65a, 3d3630b, 306ab58] RemoveRequestTaskInfo: persistentId:31, requestId:4, infoMap size:1, wantMap size:0
CST 2026-07-17 20:05:53.883  2205  2205 I A01b0a/GESTURE: [a92ab11aa1cd65a, 306ab58, c18c2f] FloatingNavigationManager --> setScenePanelState 1
CST 2026-07-17 20:05:53.883  2205  2205 I A01b0a/GESTURE: [a92ab11aa1cd65a, 306ab58, c18c2f] FloatingNavigationManager --> sendFloatingIsInApp true
CST 2026-07-17 20:05:53.883  2205  2205 I A01b0a/GESTURE: [a92ab11aa1cd65a, 306ab58, c18c2f] FloatingNavigationManager --> sendFloatingNavIsInApp switch is closed
CST 2026-07-17 20:05:53.883  2205  2205 I A01b09/RECENT: [a92ab11aa1cd65a, 306ab58, c18c2f] RecentPanel: is scrolling value is  false  state is  1 
CST 2026-07-17 20:05:53.883  2205  2205 I A01b00/SCB: [a92ab11aa1cd65a, 306ab58, c18c2f] PerformanceReporter: Enter calledScene:32, currentMemScene:33
CST 2026-07-17 20:05:53.883   202  2279 I C01d00/accessibility: [a92ab11aa1cd65a, 133ad13, 15e5db8] [(WindowUpdateAll:1027)]WindowUpdateAll start activeWindowId_: 10
CST 2026-07-17 20:05:53.883  2205  2205 E C03f05/NAPI: [a92ab11aa1cd65a, 306ab58, c18c2f] DfxCollectStackWithDepth is not loaded in taskpool/worker.
CST 2026-07-17 20:05:53.883   202  2279 I C01d00/accessibility: [a92ab11aa1cd65a, 133ad13, 15e5db8] [(SetActiveWindow:398)]windowId is 10, activeWindowId_: -1
CST 2026-07-17 20:05:53.883   202  2279 I C01d00/accessibility: [a92ab11aa1cd65a, 133ad13, 15e5db8] [(WindowUpdateAll:1079)]WindowUpdateAll end activeWindowId_: 10
CST 2026-07-17 20:05:53.884  2205  2205 I C03f05/NAPI: [a92ab11aa1cd65a, 306ab58, c18c2f] taskpool:: add taskId: 3567642379 to seqRunner 140488421640128.
CST 2026-07-17 20:05:53.884  2205  2205 W C0393b/AceWindowScene: [a92ab11aa1cd65a, 306ab58, c18c2f] [(100000:100000:scope)] parentId:346, nodeId:347, sessionId:3
CST 2026-07-17 20:05:53.884  2205  2205 I A04200/WINDOW: [a92ab11aa1cd65a, 306ab58, c18c2f] SCBScenePanel: [scenePanelCanvasStyles] set Scale to: 1
CST 2026-07-17 20:05:53.889  2205  2205 W A01a01/NC: [a92ab11aa1cd65a, 3ad1580, 306ab58] DropdownPanelView: onStartSceneFromOtherEvent return. event: cn.alfadb.netbird.e3vpnb isViewShowing:false
CST 2026-07-17 20:05:53.892   728  1087 I C01631/GaussPD: [a92ab11aa1cd65a, 30ec546, 10a5f36]  [0] [ADAPTER] [140005698325248] Not support binlog_default.writeLock file enable del monitor sysno = 25
CST 2026-07-17 20:05:53.892   728  1087 I C01631/GaussPD: [a92ab11aa1cd65a, 30ec546, 10a5f36]  [0] [ADAPTER] [140005698325248] Not support binlog_default.writeIndex file enable del monitor sysno = 25
CST 2026-07-17 20:05:53.892   728  1087 I C01631/GaussPD: [a92ab11aa1cd65a, 30ec546, 10a5f36]  [0] [ADAPTER] [140005698325248] Not support binlog_default.readIndex file enable del monitor sysno = 25
CST 2026-07-17 20:05:53.892   728  1087 I C01631/GaussPD: [a92ab11aa1cd65a, 30ec546, 10a5f36]  [0] [ADAPTER] [140005698325248] Not support binlog_default.writeIndex file enable del monitor sysno = 25
CST 2026-07-17 20:05:53.892   728  1087 I C01631/GaussPD: [a92ab11aa1cd65a, 30ec546, 10a5f36]  [0] [ADAPTER] [140005698325248] Not support binlog_default.00000 file enable del monitor sysno = 25
CST 2026-07-17 20:05:53.892   728  1087 I C01631/GaussPD: [a92ab11aa1cd65a, 30ec546, 10a5f36]  [0] [ADAPTER] [140005698325248] Not support binlog_default.writeIndex file enable del monitor sysno = 25
CST 2026-07-17 20:05:53.893   728   979 W C011fc/BMSExt: [a92ab11aa1cd65a, 2d63434, 3d9ed99] [IsTargetApp:729]bundleName or appIdentifier is empty
CST 2026-07-17 20:05:53.893   728  4262 W C011fc/BMSExt: [a92ab11aa1cd65a, e62ef7, 10a5f36] [IsTargetApp:729]bundleName or appIdentifier is empty
CST 2026-07-17 20:05:53.894   728  1077 I C01202/Unordered: [a92ab11aa1cd65a, 61d36, d51d73] Pid 2205 publish SCENE_PANEL_EVENT to 100 end(4,4,0,0)
CST 2026-07-17 20:05:53.894   916  1463 I C04619/Common: [a92ab11aa1cd65a, 2e7a3e4, 38afa78] [common_event_receiver.cpp:54]HandleScenePanelStateEvent# HandleScenePanelStateEvent eventType: SCENE_PANEL_STATE_CHANGE.
CST 2026-07-17 20:05:53.894   916  1463 I C04619/Common: [a92ab11aa1cd65a, 2e7a3e4, 38afa78] [common_event_receiver.cpp:56]HandleScenePanelStateEvent# HandleScenePanelStateEvent state: 1.
CST 2026-07-17 20:05:53.894   728  4262 I C01357/ProcessMgr: [a92ab11aa1cd65a, e62ef7, 10a5f36] [AMSI1969]name:EntryAbility startProcessName = cn.alfadb.netbird.e3vpnb
CST 2026-07-17 20:05:53.894  2205  2256 E C01e00/ResourceManager: [a92ab11aa1cd65a, 25c27c7, 3d9ed99] GetStringById error id = 16777219
CST 2026-07-17 20:05:53.894  2205  2256 E C01e00/ResourceManagerJs: [a92ab11aa1cd65a, 25c27c7, 3d9ed99] GetStringById failed state id = 16777219
CST 2026-07-17 20:05:53.894   728  4262 I C01311/AppMS: [a92ab11aa1cd65a, e62ef7, 10a5f36] [AMSI2015]appRecord null, appInfo->bundleName:cn.alfadb.netbird.e3vpnb
CST 2026-07-17 20:05:53.894  2205  2205 I A01b0a/GESTURE: [a92ab11aa1cd65a, 306ab58, c18c2f] AIBarView --> checkShowAiBar. isShowingAiBar:true
CST 2026-07-17 20:05:53.895   728  4262 I C01357/ProcessMgr: [a92ab11aa1cd65a, e62ef7, 10a5f36] [AMSI2380]processName:cn.alfadb.netbird.e3vpnb, isPreload:0
CST 2026-07-17 20:05:53.896  2205  2205 I A01b0a/GESTURE: [a92ab11aa1cd65a, 306ab58, c18c2f] aiBarViewData --> powerMode:600 thermalLevel:1 isEnterDeliver:false
CST 2026-07-17 20:05:53.896  2205  2205 E C03939/AceGeometryTransition: [a92ab11aa1cd65a, 306ab58, c18c2f] [(100000:100000:scope)] redundant node2260 has same geoid: navBarId
CST 2026-07-17 20:05:53.896   728  4262 I C05a01/ATM: [a92ab11aa1cd65a, e62ef7, 10a5f36] [GetKernelPermissions]TokenID=537514632.
CST 2026-07-17 20:05:53.897   728  4262 I C01311/AppMS: [a92ab11aa1cd65a, e62ef7, 10a5f36] [AMSI5504]apl: normal, startFlags: 1099511627784, userId: 100
CST 2026-07-17 20:05:53.897   728  4262 I C01300/AAFwk: [a92ab11aa1cd65a, e62ef7, 10a5f36] [task_handler_wrap.cpp56]Invalid status
CST 2026-07-17 20:05:53.897   728  4262 I C02c11/APPSPAWN_CLIENT: [a92ab11aa1cd65a, e62ef7, 10a5f36] AppSpawnClientSendMsg reqId:31 msgLen:1912 fd:170 cn.alfadb.netbird.e3vpnb
CST 2026-07-17 20:05:53.897   165   165 I C02c11/APPSPAWN: connectionId:3 buffLen:1912
CST 2026-07-17 20:05:53.897  2205  2205 W A01b01/HOME: [a92ab11aa1cd65a, 306ab58, c18c2f] SCBSceneContainer: [SCBMain] EntryAbility/cn.alfadb.netbird.e3vpna/entry/0(persistentId: 30)(containerId: 1) enableShow change from true to false. Detail:isPrebuildStageEnableShow:false, showInRecent:false, sceneContainerSession.enableShow:false, showInScrolling:false
CST 2026-07-17 20:05:53.897   165   165 I C02c11/APPSPAWN: Recv msgHeader magic:0xef201234 type:0 id:31 len:1912 cn.alfadb.netbird.e3vpnb
CST 2026-07-17 20:05:53.898  2205  2205 E C03947/AceStateMgmt: [a92ab11aa1cd65a, 306ab58, c18c2f] [(100000:100000:scope)] FIX THIS APPLICATION ERROR: @Component 'SCBSceneContainer': State variable 'primarySceneParam' has changed during render! It's illegal to change @Component state while build (initial render or re-render) is on-going. Application error!
CST 2026-07-17 20:05:53.898   165   165 W C02c11/APPSPAWN: errno:2 bind mount /mnt/hmdfs/100/cloud/data/cn.alfadb.netbird.e3vpnb to /mnt/debugtmp/100/debug_hap/cn.alfadb.netbird.e3vpnb/data/storage/el2/cloud
CST 2026-07-17 20:05:53.901  2205  2205 E C03947/AceStateMgmt: [a92ab11aa1cd65a, 306ab58, c18c2f] [(100000:100000:scope)] FIX THIS APPLICATION ERROR: @Component 'SCBSceneContainer:: New UINode objects added to update queue while re-render! - Likely caused by @Component state change during build phase, not allowed. Application error!
CST 2026-07-17 20:05:53.902  2205  2205 W C0393b/AceWindowScene: [a92ab11aa1cd65a, 306ab58, c18c2f] [(100000:100000:scope)] parentId:2199, nodeId:2200, sessionId:30
CST 2026-07-17 20:05:53.903  2205  2205 I A04200/WINDOW: [a92ab11aa1cd65a, 306ab58, c18c2f] SCBSceneSession: unRegisterAll: 30.
CST 2026-07-17 20:05:53.903  2205  2205 I A04200/WINDOW: [a92ab11aa1cd65a, 306ab58, c18c2f] SCBSceneSession: nativeRefAvailability checking with active:false, refCount:0, reason:scene goto destroy.
CST 2026-07-17 20:05:53.904  2205  2205 I A04200/WINDOW: [a92ab11aa1cd65a, 306ab58, c18c2f] SCBKioskModeManager: sceneType=SCBScene30 unRegisterKioskModeChangeEvent success
CST 2026-07-17 20:05:53.904  2205  2205 I A04200/WINDOW: [a92ab11aa1cd65a, 306ab58, c18c2f] SCBSceneViewModel: release.
CST 2026-07-17 20:05:53.905  2205  2205 I A01b01/HOME: [a92ab11aa1cd65a, 306ab58, c18c2f] SCBSceneContainer: init.
CST 2026-07-17 20:05:53.905  2205  2205 I A0420b/WMSKeyboard: [a92ab11aa1cd65a, 306ab58, c18c2f] registerkeyboardGravityChangeCallbacks
CST 2026-07-17 20:05:53.905  2205  2205 I A0420b/WMSKeyboard: [a92ab11aa1cd65a, 306ab58, c18c2f] registerKeyboardShowCallback
CST 2026-07-17 20:05:53.905  2205  2205 I A01b0a/GESTURE: [a92ab11aa1cd65a, 306ab58, c18c2f] SCBEventExclusiveManager: registerEventExclusive, caller:SPLIT_GESTURE
CST 2026-07-17 20:05:53.905  2205  2205 I A04200/WINDOW: [a92ab11aa1cd65a, 306ab58, c18c2f] SCBScreenSM: priority: 0 regScreenRotateat aboutToAppear (SCBSceneContainer.ts:1377:47)
CST 2026-07-17 20:05:53.905  2205  2205 I A04200/WINDOW: [a92ab11aa1cd65a, 306ab58, c18c2f] SCBScreenSM: regScreenRotate screenId: 0 9
CST 2026-07-17 20:05:53.905  2205  2205 I A01b00/SCB: [a92ab11aa1cd65a, 306ab58, c18c2f] IconResourceManager: getCombIcon is penglai false, **.netbird.e3vpnb, entry, EntryAbility, 0, CombIcon_AppIconParam, undefined, false
CST 2026-07-17 20:05:53.906   165   165 I C02c11/APPSPAWN: AppSpawn msgId:31 msgLen:1912 tlvCount:7 processName:cn.alfadb.netbird.e3vpnb
CST 2026-07-17 20:05:53.906   165   165 I C02c11/APPSPAWN: cn.alfadb.netbird.e3vpnb App flags 0x8 0x104
CST 2026-07-17 20:05:53.906   165   165 I C02c11/APPSPAWN: cn.alfadb.netbird.e3vpnb App permission bits flags 0x0 0x0
CST 2026-07-17 20:05:53.906   165   165 I C02c11/APPSPAWN: uid:20020063 gid:20020063 count:2
CST 2026-07-17 20:05:53.906   165   165 I C02c11/APPSPAWN: cn.alfadb.netbird.e3vpnb index:0 apl:normal hapFlags:0x0
CST 2026-07-17 20:05:53.906  2205  2205 I A04200/WINDOW: [a92ab11aa1cd65a, 306ab58, c18c2f] SCBSingleHandController: registerAppShouldShowSingleButtonCallback: 31
CST 2026-07-17 20:05:53.906  2205  2205 I A04200/WINDOW: [a92ab11aa1cd65a, 306ab58, c18c2f] SCBSingleHandController: getAppShouldShowSingleButton: bundleName=31, shouldShow=false, mapSize=0
CST 2026-07-17 20:05:53.906  2205  2205 I A01b00/SCB: [a92ab11aa1cd65a, 33e485, 306ab58] MemoryCache --> getCombIcon cacheKey cn.alfadb.netbird.e3vpnb#entryEntryAbility0
CST 2026-07-17 20:05:53.906  3857  3857 I C02c11/APPSPAWN: AppSpawnChild id 30 flags:0xc
CST 2026-07-17 20:05:53.906  3857  3857 I C02c02/PARAM: ResetParamSecurityLabel Fd:18
CST 2026-07-17 20:05:53.907  3857  3857 I C02d33/HitraceOption: FilterAppTrace cn.alfadb.netbird.e3vpnb 3857
CST 2026-07-17 20:05:53.907  2205  2205 W A01b00/SCB: [a92ab11aa1cd65a, 14e573, 33e485] IconResourceManager: combIcon is empty: false, bundleName: **.netbird.e3vpnb
CST 2026-07-17 20:05:53.907  3857  3857 W C02c11/APPSPAWN: errno:2 bind mount /system/app/ArkWebCoreLegacy to /mnt/sandbox/100/cn.alfadb.netbird.e3vpnb/system/app/ArkWebCoreLegacy
CST 2026-07-17 20:05:53.908  3857  3857 W C02c11/APPSPAWN: errno:2 bind mount /vendor/etc/hiai to /mnt/sandbox/100/cn.alfadb.netbird.e3vpnb/vendor/etc/hiai
CST 2026-07-17 20:05:53.908  3857  3857 W C02c11/APPSPAWN: errno:2 bind mount /data/data/hiai to /mnt/sandbox/100/cn.alfadb.netbird.e3vpnb/data/data/hiai
CST 2026-07-17 20:05:53.909  3857  3857 W C02c11/APPSPAWN: errno:2 bind mount /data/service/el1/public/themes/100/a/app to /mnt/sandbox/100/cn.alfadb.netbird.e3vpnb/data/themes/a/app
CST 2026-07-17 20:05:53.909  3857  3857 W C02c11/APPSPAWN: errno:2 bind mount /data/service/el1/public/themes/100/b/app to /mnt/sandbox/100/cn.alfadb.netbird.e3vpnb/data/themes/b/app
CST 2026-07-17 20:05:53.909  3857  3857 W C02c11/APPSPAWN: errno:2 bind mount /data/service/el1/100/for-all-app/fonts to /mnt/sandbox/100/cn.alfadb.netbird.e3vpnb/data/service/el1/public/for-all-app/fonts
CST 2026-07-17 20:05:53.910  3857  3857 W C02c11/APPSPAWN: errno:2 bind mount /chip_prod/lib64/passthrough to /mnt/sandbox/100/cn.alfadb.netbird.e3vpnb/chip_prod/lib64/passthrough
CST 2026-07-17 20:05:53.910  3857  3857 W C02c11/APPSPAWN: errno:2 bind mount /data/app/el1/bundle/public/com.huawei.hmos.arkwebcorelegacy to /mnt/sandbox/100/cn.alfadb.netbird.e3vpnb/data/storage/el1/bundle/arkwebcorelegacy
CST 2026-07-17 20:05:53.910  3857  3857 W C02c11/APPSPAWN: check dir /data/app/el1/bundle/public/com.huawei.hmos.arkwebcorelegacy failed,strerror:No such file or directory
CST 2026-07-17 20:05:53.910  3857  3857 W C02c11/APPSPAWN: check dir /data/app/el1/public/aot_compiler/ark_cache/cn.alfadb.netbird.e3vpnb failed,strerror:No such file or directory
CST 2026-07-17 20:05:53.911  2205  2205 W A01b01/HOME: [a92ab11aa1cd65a, 306ab58, c18c2f] SCBSceneContainer: [SCBMain] EntryAbility/cn.alfadb.netbird.e3vpnb/entry/0(persistentId: 31)(containerId: 2) enableShow change from false to true. Detail:isPrebuildStageEnableShow:false, showInRecent:false, sceneContainerSession.enableShow:true, showInScrolling:false
CST 2026-07-17 20:05:53.914  2205  2205 I A01b01/HOME: [a92ab11aa1cd65a, 306ab58, c18c2f] SCBSceneContainer: issShowTransitionIconOrCard state is 0, isCombinationIcon:false
CST 2026-07-17 20:05:53.916  3857  3857 W C02c11/APPSPAWN: mount /mnt/sandbox/100/cn.alfadb.netbird.e3vpnb/mnt/storage/external time 5000 us
CST 2026-07-17 20:05:53.920  2205  2205 I A01b01/HOME: [a92ab11aa1cd65a, 306ab58, c18c2f] SCBSceneContainer: isAnimSnapshotShow false, isShowContainerSnapshot.
CST 2026-07-17 20:05:53.920   460   512 I C02300/FenceExtension: start connectAbility,userId:-1
CST 2026-07-17 20:05:53.920   460   512 I C02300/FenceExtension: ConnectAbility
CST 2026-07-17 20:05:53.920   460   512 I C01342/ServiceExt: [AMC599]name:com.huawei.hmos.location SAFeatureServiceExtensionAbility, userId:-1
CST 2026-07-17 20:05:53.920   728   979 I C01342/ServiceExt: [a92ab71aa1e0c65, 269edc2, 0] [ABMS5529]element: com.huawei.hmos.location/SAFeatureServiceExtensionAbility
CST 2026-07-17 20:05:53.921  3857  3857 W C02c11/APPSPAWN: mount /mnt/sandbox/100/cn.alfadb.netbird.e3vpnb/mnt/storage/userExternal time 5000 us
CST 2026-07-17 20:05:53.921   728   979 W C01123/BMSCommon: [a92ab71aa1e0c65, 269edc2, 0] uid(1021) invalid
CST 2026-07-17 20:05:53.921   728   979 I C01336/AMS: [a92ab71aa1e0c65, 269edc2, 0] [start_ability_utils.cpp54]appIndex:-1
CST 2026-07-17 20:05:53.921   728   979 I C01121/BMSQuery: [a92ab71aa1e0c65, 269edc2, 0] ExplicitQueryAbility no match -n com.huawei.hmos.location -a SAFeatureServiceExtensionAbility -u 100 -i 0
CST 2026-07-17 20:05:53.922   728   979 W C01121/BMSQuery: [a92ab71aa1e0c65, 269edc2, 0] bundle_data_mgr.cpp:ExplicitQueryExtensionInfo:7268 extensionAbility not found or disabled
CST 2026-07-17 20:05:53.922   728   979 I C01121/BMSQuery: [a92ab71aa1e0c65, 269edc2, 0] ExplicitQueryExtension size:0 -n com.huawei.hmos.location -e SAFeatureServiceExtensionAbility -u 100 -i 0
CST 2026-07-17 20:05:53.922   728   979 W C01121/BMSQuery: [a92ab71aa1e0c65, 269edc2, 0] bundle_mgr_host_impl.cpp:QueryExtensionAbilityInfos:3425 no valid extension info can be inquired
CST 2026-07-17 20:05:53.922   728   979 E C01336/AMS: [a92ab71aa1e0c65, 269edc2, 0] [start_ability_utils.cpp290]extensionInfo empty
CST 2026-07-17 20:05:53.922   728   979 E C01342/ServiceExt: [a92ab71aa1e0c65, 269edc2, 0] [ABMS5868]generate request error
CST 2026-07-17 20:05:53.923   460   512 E C02300/FenceExtension: [(DoConnect:153)]CONNECT_ABILITY_FAILED,ret:2097152
CST 2026-07-17 20:05:53.923   460   512 I C02300/FenceExtension: start connectAbility,userId:-1
CST 2026-07-17 20:05:53.923   460   512 I C02300/FenceExtension: ConnectAbility
CST 2026-07-17 20:05:53.923   460   512 I C01342/ServiceExt: [AMC599]name:com.huawei.hmos.location SAFeatureServiceExtensionAbility, userId:-1
CST 2026-07-17 20:05:53.923   728   979 I C01342/ServiceExt: [a92ab81aa1e1609, 2a85289, 0] [ABMS5529]element: com.huawei.hmos.location/SAFeatureServiceExtensionAbility
CST 2026-07-17 20:05:53.923   728   979 W C01123/BMSCommon: [a92ab81aa1e1609, 2a85289, 0] uid(1021) invalid
CST 2026-07-17 20:05:53.923  2205  2205 I A01b00/SCB: [a92ab11aa1cd65a, 306ab58, c18c2f] LuoShuStateManager --> getLuoShuStateInfo: CompanionIcon {"luoShuState":0,"scenePanelState":1,"eventType":-1,"screenInfo":{"isLandscape":false,"foldState":1},"screenId":0,"holdingHandStatus":1}
CST 2026-07-17 20:05:53.923  2205  2205 I A01c06/ICON: [a92ab11aa1cd65a, 306ab58, c18c2f] CompanionIcon: isCustomWindow false
CST 2026-07-17 20:05:53.923  2205  2205 I A01c06/ICON: [a92ab11aa1cd65a, 306ab58, c18c2f] CompanionIcon: setShortWidth: 377.14285714285717
CST 2026-07-17 20:05:53.923  2205  2205 I A01c06/ICON: [a92ab11aa1cd65a, 306ab58, c18c2f] CompanionIcon: aboutToAppear moduleName: undefined, bundleName: undefined, startAppType: undefined
CST 2026-07-17 20:05:53.923   728   979 I C01336/AMS: [a92ab81aa1e1609, 2a85289, 0] [start_ability_utils.cpp54]appIndex:-1
CST 2026-07-17 20:05:53.924  2205  2205 I A04200/WINDOW: [a92ab11aa1cd65a, 306ab58, c18c2f] SCBSSM: Register func type: 23 with screenId: 0 success.
CST 2026-07-17 20:05:53.924  2205  2205 I A04200/WINDOW: [a92ab11aa1cd65a, 306ab58, c18c2f] SCBSSM: Register func type: 14 with screenId: 0 success.
CST 2026-07-17 20:05:53.924   728   979 I C01121/BMSQuery: [a92ab81aa1e1609, 2a85289, 0] ExplicitQueryAbility no match -n com.huawei.hmos.location -a SAFeatureServiceExtensionAbility -u 100 -i 0
CST 2026-07-17 20:05:53.924   728   979 W C01121/BMSQuery: [a92ab81aa1e1609, 2a85289, 0] bundle_data_mgr.cpp:ExplicitQueryExtensionInfo:7268 extensionAbility not found or disabled
CST 2026-07-17 20:05:53.924   728   979 I C01121/BMSQuery: [a92ab81aa1e1609, 2a85289, 0] ExplicitQueryExtension size:0 -n com.huawei.hmos.location -e SAFeatureServiceExtensionAbility -u 100 -i 0
CST 2026-07-17 20:05:53.924   728   979 W C01121/BMSQuery: [a92ab81aa1e1609, 2a85289, 0] bundle_mgr_host_impl.cpp:QueryExtensionAbilityInfos:3425 no valid extension info can be inquired
CST 2026-07-17 20:05:53.924   728   979 E C01336/AMS: [a92ab81aa1e1609, 2a85289, 0] [start_ability_utils.cpp290]extensionInfo empty
CST 2026-07-17 20:05:53.924   728   979 E C01342/ServiceExt: [a92ab81aa1e1609, 2a85289, 0] [ABMS5868]generate request error
CST 2026-07-17 20:05:53.924  2205  2205 I A04200/WINDOW: [a92ab11aa1cd65a, 306ab58, c18c2f] SCBSceneViewModel: init.
CST 2026-07-17 20:05:53.924  2205  2205 I A04200/WINDOW: [a92ab11aa1cd65a, 306ab58, c18c2f] SCBSceneSession: registerOnUpdateSessionIconCallback
CST 2026-07-17 20:05:53.925  2205  2205 W A04200/WINDOW: [a92ab11aa1cd65a, 306ab58, c18c2f] SCBSceneSession: registerCreateSubSessionCallback, id: 31, on panel: undefined
CST 2026-07-17 20:05:53.925  2205  2205 I A04200/WINDOW: [a92ab11aa1cd65a, 306ab58, c18c2f] SCBSceneSession: [SCBDialog] registerCreateDialogCallback, id: 31, on panel: undefined
CST 2026-07-17 20:05:53.925  2205  2205 I A04200/WINDOW: [a92ab11aa1cd65a, 306ab58, c18c2f] SCBSceneSession: registerSessionTouchableChangeCallback
CST 2026-07-17 20:05:53.925  2205  2205 I A04200/WINDOW: [a92ab11aa1cd65a, 306ab58, c18c2f] SCBSceneSession: registerSessionSystemBarPropertyCallback
CST 2026-07-17 20:05:53.925  2205  2205 I A04200/WINDOW: [a92ab11aa1cd65a, 306ab58, c18c2f] SCBSceneSession: registerUpdatePiPTemplateInfoCallback, persistentId: 31
CST 2026-07-17 20:05:53.925  2205  2205 I A04200/WINDOW: [a92ab11aa1cd65a, 306ab58, c18c2f] SCBKioskModeManager: sceneType=SCBScene31 registerKioskModeChangeEvent success.
CST 2026-07-17 20:05:53.925   460   512 E C02300/FenceExtension: [(DoConnect:153)]CONNECT_ABILITY_FAILED,ret:2097152
CST 2026-07-17 20:05:53.925   460   512 W C02300/FenceExtension: connect failed,retry again
CST 2026-07-17 20:05:53.926  3857  3857 W C02c11/APPSPAWN: errno:2 bind mount /data/preload/app to /mnt/sandbox/100/cn.alfadb.netbird.e3vpnb/data/preload/app
CST 2026-07-17 20:05:53.926  2205  2205 I C04204/WMSScb: [a92ab11aa1cd65a, 306ab58, c18c2f] GetRSUIContext: SetSessionRSUIContext: CreateLeashWindowNode: RSUIContext [token: 9470402887681, tid: 2205], sessionId: 31, screenId:0
CST 2026-07-17 20:05:53.926  2205  2205 I C01406/OHOS::RS: [a92ab11aa1cd65a, 306ab58, c18c2f] RSTransactionHandler::Begin syncId:0, transactionHandler:1679723617, remoteTransactionDataStack.size:0
CST 2026-07-17 20:05:53.926  2205  2205 I C01406/OHOS::RS: [a92ab11aa1cd65a, 306ab58, c18c2f] RSTransactionHandler::Commit transactionHandler:1679723617
CST 2026-07-17 20:05:53.926  2205  2205 I C04204/WMSScb: [a92ab11aa1cd65a, 306ab58, c18c2f] GetSurfaceNode: id: 31, surfaceNode: RSNode is null, original: RSUIContext [token: 9470402887681, tid: 2205]
CST 2026-07-17 20:05:53.926  2205  2205 W C0393b/AceWindowScene: [a92ab11aa1cd65a, 306ab58, c18c2f] [(100000:100000:scope)] OnAttachToFrameNode id: 31, node id: 2324, name: cn.alfadb.netbird.e3vpnb, state: 0, in recents: 0, appLockControl: 0, prelaunch: 0
CST 2026-07-17 20:05:53.926  2205  2205 I C04216/WMSPattern: [a92ab11aa1cd65a, 306ab58, c18c2f] GetCallerSessionColorMode: bundle cn.alfadb.netbird.e3vpnb, caller 
CST 2026-07-17 20:05:53.926  2205  2205 I C04216/WMSPattern: [a92ab11aa1cd65a, 306ab58, c18c2f] GetIsDarkFromConfiguration: colorMode: light
CST 2026-07-17 20:05:53.926  2205  2205 I C04216/WMSPattern: [a92ab11aa1cd65a, 306ab58, c18c2f] GetIsDarkFromConfiguration: colorMode: light
CST 2026-07-17 20:05:53.926  2205  2205 I C04216/WMSPattern: [a92ab11aa1cd65a, 306ab58, c18c2f] GetStartWindowColorFollowApp: follow sys: cn.alfadb.netbird.e3vpnb
CST 2026-07-17 20:05:53.926  2205  2205 W C04216/WMSPattern: [a92ab11aa1cd65a, 306ab58, c18c2f] GetStartingWindowInfoFromCache: fff2f6f8, resource:///16777217.svg, 0, , 0
CST 2026-07-17 20:05:53.927  2205  2205 I C04216/WMSPattern: [a92ab11aa1cd65a, 306ab58, c18c2f] GetPreloadStartingWindow: svgBufferInfo 31
CST 2026-07-17 20:05:53.927  2205  2205 I C04216/WMSPattern: [a92ab11aa1cd65a, 306ab58, c18c2f] GetCallerSessionColorMode: bundle cn.alfadb.netbird.e3vpnb, caller 
CST 2026-07-17 20:05:53.927  2205  2205 I C04216/WMSPattern: [a92ab11aa1cd65a, 306ab58, c18c2f] GetIsDarkFromConfiguration: colorMode: light
CST 2026-07-17 20:05:53.927  2205  2205 I C04216/WMSPattern: [a92ab11aa1cd65a, 306ab58, c18c2f] GetIsDarkFromConfiguration: colorMode: light
CST 2026-07-17 20:05:53.927  2205  2205 I C04216/WMSPattern: [a92ab11aa1cd65a, 306ab58, c18c2f] GetStartWindowColorFollowApp: follow sys: cn.alfadb.netbird.e3vpnb
CST 2026-07-17 20:05:53.927  2205  2205 I C04216/WMSPattern: [a92ab11aa1cd65a, 306ab58, c18c2f] ResetPreloadStartingWindow: 31
CST 2026-07-17 20:05:53.927  2205  2205 I C0393b/AceWindowScene: [a92ab11aa1cd65a, 306ab58, c18c2f] [(100000:100000:scope)] use preload buffer id:31
CST 2026-07-17 20:05:53.927  2205  2205 I C0393b/AceWindowScene: [a92ab11aa1cd65a, 306ab58, c18c2f] [(100000:100000:scope)] AddChild StartingWindow, 2324
CST 2026-07-17 20:05:53.928  2205  2205 I A01b00/SCB: [a92ab11aa1cd65a, 306ab58, c18c2f] LuoShuStateManager --> getLuoShuStateInfo: WMUtils {"luoShuState":0,"scenePanelState":1,"eventType":-1,"screenInfo":{"isLandscape":false,"foldState":1},"screenId":0,"holdingHandStatus":1}
CST 2026-07-17 20:05:53.930  2205  2205 I C01406/RSNode: [a92ab11aa1cd65a, 306ab58, c18c2f] RSNode::AddChild, Id: 9470402888527, SurfaceNode:[Id: 9470402888528, name: WindowScene_e3vpnb31]
CST 2026-07-17 20:05:53.930  2205  2275 I C04209/WMSImms: [a92ab11aa1cd65a, 23a6aba, 306ab58] PrintAvoidAreaInfo: win 31 display 0 type 0 rect [0 0 1320 2856] bar [0 0 1320 136]
CST 2026-07-17 20:05:53.930   728   979 W C04201/DMS: [a92ab11aa1cd65a, 2c63d9a, 23a6aba] screen_cutout_controller.cpp GetCutoutArea: display:[ID: 0, W: 1320, H: 2856, R: 0,Mode 0]
CST 2026-07-17 20:05:53.930  2205  2275 I C04209/WMSImms: [a92ab11aa1cd65a, 23a6aba, 306ab58] PrintAvoidAreaInfo: win 31 display 0 type 1 rect [0 0 1320 2856] bar [517 45 285 103]
CST 2026-07-17 20:05:53.930  2205  2275 I C0420b/WMSKeyboard: [a92ab11aa1cd65a, 23a6aba, 306ab58] CheckEmptyKeyboardAvoidAreaIfNeeded: check keyboard avoid area, isPhoneNotFreeMultiWindow: 1, isPadNotFreeMultiWindow: 0
CST 2026-07-17 20:05:53.931  2205  2275 I C04209/WMSImms: [a92ab11aa1cd65a, 23a6aba, 306ab58] PrintAvoidAreaInfo: win 31 display 0 type 4 rect [0 0 1320 2856] bar [429 2758 462 98]
CST 2026-07-17 20:05:53.931  2205  2275 I C04208/WMSLayout: [a92ab11aa1cd65a, 23a6aba, 306ab58] operator(): UpdateRect: id:31, reason:0 OnBoundsChanged rect:win=[0 0 1320 2856] client=[0 0 0 0]
CST 2026-07-17 20:05:53.931  2205  2275 I C0420a/WMSLife: [a92ab11aa1cd65a, e13843, 306ab58] NotifyWindowAttachStateChange, persistentId:30
CST 2026-07-17 20:05:53.935  3857  3857 E C02c11/APPSPAWN: [sandbox_dec.c:180]open dec file fail.
CST 2026-07-17 20:05:53.935  2205  2275 E C04203/WMSSub: [a92ab11aa1cd65a, e13843, 306ab58] NotifyWindowAttachStateChange: SendRequest failed
CST 2026-07-17 20:05:53.935  2205  2205 W C0393b/AceWindowScene: [a92ab11aa1cd65a, 306ab58, c18c2f] [(100000:100000:scope)] OnDetachFromFrameNode id: 30, node id: 2200, type: 1, name: cn.alfadb.netbird.e3vpna
CST 2026-07-17 20:05:53.935  2205  2205 I C04202/WMSMain: [a92ab11aa1cd65a, 306ab58, c18c2f] SetShowRecent: in recents: 0, id: 30
CST 2026-07-17 20:05:53.935  2205  2205 E C01406/RSNode: [a92ab11aa1cd65a, 306ab58, c18c2f] RSNode::RemoveModifier: modifier not exist, nodeId[9470402888505],modifiers num:[4]
CST 2026-07-17 20:05:53.935  2205  2205 E C01406/RSNode: [a92ab11aa1cd65a, 306ab58, c18c2f] RSNode::RemoveModifier: modifier not exist, nodeId[9470402888505],modifiers num:[4]
CST 2026-07-17 20:05:53.935  2205  2205 E C01406/RSNode: [a92ab11aa1cd65a, 306ab58, c18c2f] RSNode::RemoveModifier: modifier not exist, nodeId[9470402888505],modifiers num:[4]
CST 2026-07-17 20:05:53.935  2205  2205 E C01406/RSNode: [a92ab11aa1cd65a, 306ab58, c18c2f] RSNode::RemoveModifier: modifier not exist, nodeId[9470402888505],modifiers num:[4]
CST 2026-07-17 20:05:53.936   727   891 W C01406/OHOS::RS: RSJankStats::SetJankStats jank frames 8
CST 2026-07-17 20:05:53.936  2205  2205 I C01406/OHOS::RS: [a92ab11aa1cd65a, 306ab58, c18c2f] RSSurfaceNode::~RSSurfaceNode, Node: 15483357102082, Name: e3vpna0
CST 2026-07-17 20:05:53.936   611   930 W C02515/DISP: [SetLayerMaskInfo:495] <private> is not supported
CST 2026-07-17 20:05:53.936   611   930 I C02515/DISP: [CommitComposeLayer:67] CommitComposeLayer! 10
CST 2026-07-17 20:05:53.937  2205  2205 W C01406/OHOS::RS: [a92ab11aa1cd65a, 306ab58, c18c2f] RSNodeMap::UnregisterNode: node id 15483357102082 not found
CST 2026-07-17 20:05:53.937  4310  4310 W C02c02/PARAM: Selinux check name persist.init.debug.loglevel in u:object_r:startup_init_param:s0 [4310 2000 2000] failed
CST 2026-07-17 20:05:53.937  2205  2205 I A04200/WINDOW: [a92ab11aa1cd65a, 306ab58, c18c2f] SCBSPM: onBlurTransitionActive blurScale:1 source:SCBScenePanel > startBlurAnimation leg 1 isForegroundBlurActive:false
CST 2026-07-17 20:05:53.937  4310  4310 W C02c02/PARAM: Selinux check name persist.init.debug.loglevel in u:object_r:startup_init_param:s0 [4310 2000 2000] failed
CST 2026-07-17 20:05:53.937  4310  4310 W C02c02/PARAM: SystemReadParam failed!name is:persist.init.debug.loglevel,err:1002
CST 2026-07-17 20:05:53.937  2205  2205 W A01b09/RECENT: [a92ab11aa1cd65a, 306ab58, c18c2f] SCBScenePanelSession: setBgBlurScale, blurScale: 0 to 1,caller function name: SCBScenePanel > startBlurAnimation leg 1
CST 2026-07-17 20:05:53.938  2205  2205 I A01b00/SCB: [a92ab11aa1cd65a, 306ab58, c18c2f] PerformanceReporter: exitScene:64, currentMemScene:33
CST 2026-07-17 20:05:53.938   727   727 E C01406/RSScreenManager: IsAllScreensPowerOff: screenPowerStatus_ is empty.
CST 2026-07-17 20:05:53.938  2205  2205 I A01b09/RECENT: [a92ab11aa1cd65a, 306ab58, c18c2f] RecentPanelViewModel: setScenePanelTouchableByNavigation is false, scenePanelState is 1 isTouchableByNavBar:false isTouchable:undefined
CST 2026-07-17 20:05:53.939  2205  2205 I A04204/WMSScb: [a92ab11aa1cd65a, 306ab58, c18c2f] setSessionTouchable:false this.sessionChangeCallback:undefined
CST 2026-07-17 20:05:53.939  2205  2205 I A04223/SCBMain: [a92ab11aa1cd65a, 306ab58, c18c2f] notifyForegroundInteractiveStatus, persistentId:31 interactive:true
CST 2026-07-17 20:05:53.940  2205  2205 I A01b01/HOME: [a92ab11aa1cd65a, 306ab58, c18c2f] SCBSPVM: close formservice and managerview when fullscene
CST 2026-07-17 20:05:53.940  2205  2205 I A01b0a/GESTURE: [a92ab11aa1cd65a, 306ab58, c18c2f] FlowLightManager --> SCBSPVM updateFlowLightOpacity 1
CST 2026-07-17 20:05:53.940  3857  3857 I C05a03/Selinux: Hap type for cn.alfadb.netbird.e3vpnb is changing from u:r:appspawn:s0 to o:r:debug_hap:s0:x95,x334,x512,x868,x1024
CST 2026-07-17 20:05:53.940  2205  2205 I A01a00/SYS_UI: [a92ab11aa1cd65a, 306ab58, c18c2f] OverlayStartAnimHelper: checkStartOverlayTransitionIn
CST 2026-07-17 20:05:53.940  3857  3857 I C05a03/Selinux: Hap setcon finish for cn.alfadb.netbird.e3vpnb
CST 2026-07-17 20:05:53.940  2205  2205 E A01a00/SYS_UI: [a92ab11aa1cd65a, 306ab58, c18c2f] OverlayStartAnimHelper: overlayCardInfo is invalid
CST 2026-07-17 20:05:53.940  2205  2205 I A04200/WINDOW: [a92ab11aa1cd65a, 306ab58, c18c2f] SCBSSM: resetStartingSceneFromPiP
CST 2026-07-17 20:05:53.940  2205  2205 I A01b01/HOME: [a92ab11aa1cd65a, 306ab58, c18c2f] SCBSPVM: Not SmartKey quickAccessMenu
CST 2026-07-17 20:05:53.940  2205  2205 W A01b01/HOME: [a92ab11aa1cd65a, 306ab58, c18c2f] SCBSPVM: [SCBMain]onStartSceneFromOther !isActive call sceneContainerZoomIn
CST 2026-07-17 20:05:53.940  2205  2205 I A04200/WINDOW: [a92ab11aa1cd65a, 306ab58, c18c2f] SCBFloatManager: minimizeAllFloatContainer reason:minimizeAllFloatWindowFromFullScreen
CST 2026-07-17 20:05:53.940  2205  2205 W A01c06/ICON: [a92ab11aa1cd65a, 306ab58, c18c2f] CompanionIcon: isNeedUpdateIcon name is Empty, return false
CST 2026-07-17 20:05:53.941  2205  2205 W A01c06/ICON: [a92ab11aa1cd65a, 306ab58, c18c2f] CompanionIcon: isNeedUpdateIcon name is Empty, return false
CST 2026-07-17 20:05:53.941  2205  2205 I A01b01/HOME: [a92ab11aa1cd65a, 306ab58, c18c2f] SCBSCS: initSmallFolderBg isExitToSmallFolder: false
CST 2026-07-17 20:05:53.941  2205  2205 W A01b01/HOME: [a92ab11aa1cd65a, 306ab58, c18c2f] SCBSCS: [SCBScenePanelViewModel] sceneAlpha from 1 to 0. reason: sceneContainerZoomIn, extra: EntryAbility/cn.alfadb.netbird.e3vpnb/entry/0(persistentId: 31)(containerId: 2)
CST 2026-07-17 20:05:53.941  2205  2205 W A04202/WMSMain: [a92ab11aa1cd65a, 306ab58, c18c2f] add failed. EntryAbility/cn.alfadb.netbird.e3vpnb/entry/0(persistentId: 31)(containerId: 2) already existed in array
CST 2026-07-17 20:05:53.941  2205  2205 I A04200/WINDOW: [a92ab11aa1cd65a, 306ab58, c18c2f] SCBSceneRecentMissionManager: add id 31 to recentMissionIdSet
CST 2026-07-17 20:05:53.941  2205  2205 I A04200/WINDOW: [a92ab11aa1cd65a, 306ab58, c18c2f] SCBSPM: Remove container id: 2, 31
CST 2026-07-17 20:05:53.942  2205  2205 I A01b09/RECENT: [a92ab11aa1cd65a, 306ab58, c18c2f] RecentDockRefreshAlarm: refresh recent dock: EntryAbility/cn.alfadb.netbird.e3vpnb/entry/0(persistentId: 31)(containerId: 2)
CST 2026-07-17 20:05:53.942  2205  2205 I A01b09/RECENT: [a92ab11aa1cd65a, 306ab58, c18c2f] RecentDockRefreshAlarm: start alarm recent dock: EntryAbility/cn.alfadb.netbird.e3vpnb/entry/0(persistentId: 31)(containerId: 2)
CST 2026-07-17 20:05:53.942  2205  2205 W A01b01/HOME: [a92ab11aa1cd65a, 306ab58, c18c2f] SCBSCS: Add count 2, 0
CST 2026-07-17 20:05:53.942  2205  2205 I A01b01/HOME: [a92ab11aa1cd65a, 306ab58, c18c2f] SCBTM: Add count 2, 0
CST 2026-07-17 20:05:53.942  2205  2205 W A01b01/HOME: [a92ab11aa1cd65a, 306ab58, c18c2f] SCBSCS: getTransitionCount from session 2, 1
CST 2026-07-17 20:05:53.942  2205  2205 W A01b01/HOME: [a92ab11aa1cd65a, 306ab58, c18c2f] SCBTM: getTransitionCount from animationMap 2, 1
CST 2026-07-17 20:05:53.942   830   830 I C01409/APS_MANAGER: [a92ab11aa1cd65a, 2b7fd65, 33c76da] SetScene pkgName = com.ohos.sceneboard, scene = START_APP_ANIMATION, state = 1
CST 2026-07-17 20:05:53.942   830   830 W C01409/APS_MANAGER: [a92ab11aa1cd65a, 2b7fd65, 33c76da] FrameRateControl removeSceneInfo: unknow scene!
CST 2026-07-17 20:05:53.943  3857  3857 I C05a05/SecCompEnhanceClient: [RegisterCheckCallback]Register secComp: sessionId=2159981376, seqNum=******114.
CST 2026-07-17 20:05:53.943  2205  2205 I A01b01/HOME: [a92ab11aa1cd65a, 306ab58, c18c2f] SCBScenePanelAnimator: persistentId: 31 callerPersistentId: 0 activePersistentId: undefined
CST 2026-07-17 20:05:53.943  2205  2205 I A01b00/SCB: [a92ab11aa1cd65a, 306ab58, c18c2f] LuoShuStateManager --> getLuoShuStateInfo: SCBScenePanelAnimator {"luoShuState":0,"scenePanelState":1,"eventType":-1,"screenInfo":{"isLandscape":false,"foldState":1},"screenId":0,"holdingHandStatus":1}
CST 2026-07-17 20:05:53.943  2205  2205 I A01b01/HOME: [a92ab11aa1cd65a, 306ab58, c18c2f] SCBScenePanelAnimator: sceneContainerZoomIn
CST 2026-07-17 20:05:53.943  2205  2205 W A01b01/HOME: [a92ab11aa1cd65a, 306ab58, c18c2f] SCBTM: notifySceneTransitionIn isTransitionInFromOther: true
CST 2026-07-17 20:05:53.943  2205  2205 I A01b01/HOME: [a92ab11aa1cd65a, 306ab58, c18c2f] SCBTM: isNotSameBundleName
CST 2026-07-17 20:05:53.943  2205  2205 I A01b01/HOME: [a92ab11aa1cd65a, 306ab58, c18c2f] SCBTM: cancelAndResetCloseAppAnimate use cancelCloseAppAnimate
CST 2026-07-17 20:05:53.943  2205  2205 I A01b01/HOME: [a92ab11aa1cd65a, 306ab58, c18c2f] SCBTM: cancelCloseAppAnimate, cancelCloseAppAnimateFun is empty: false
CST 2026-07-17 20:05:53.943  2205  2205 I A01b01/HOME: [a92ab11aa1cd65a, 306ab58, c18c2f] SCBSPVM: sceneContainerTransitionReset
CST 2026-07-17 20:05:53.943  2205  2205 W A0421d/WMSRotation: [a92ab11aa1cd65a, 306ab58, c18c2f] [setRotatoinExclusive] set sensor rotate exclusive:true, Description:sceneContainerTransitionReset
CST 2026-07-17 20:05:53.943  2205  2205 I A04200/WINDOW: [a92ab11aa1cd65a, 306ab58, c18c2f] SCBSPVM: sceneContainerTransitionReset smallFolderId:undefined,curOpenFolderId: -1
CST 2026-07-17 20:05:53.943   310  1611 I C05a01/ATM: [RegisterSecCompEnhance]Register sec comp enhance success, pid 3857, total 11.
CST 2026-07-17 20:05:53.944  2205  2205 W A01c06/ICON: [a92ab11aa1cd65a, 306ab58, c18c2f] AppIconCommonEvent --> onInactive bundleName:cn.alfadb.netbird.e3vpna, [SCBSPVM] set icon from hidden to [show], caller: sceneContainerTransitionReset, extra info: undefined.
CST 2026-07-17 20:05:53.944  3857  3857 I C02d0b/HICHECKER: hichecker param is empty.
CST 2026-07-17 20:05:53.944  3857  3857 I C04500/webview: SelectWebcoreBeforeProcessRun: SelectWebcoreBeforeProcessRun for app cn.alfadb.netbird.e3vpnb.
CST 2026-07-17 20:05:53.944  3857  3857 I C04500/webview: CalculateActiveWebEngineVersion: CalculateActiveWebEngineVersion, enforce EVERGREEN
CST 2026-07-17 20:05:53.944  2205  2205 W A01c06/ICON: [a92ab11aa1cd65a, 306ab58, c18c2f] AppIconData --> [SCBSPVM] set icon opacity from [0] to [1], caller: sceneContainerTransitionReset, extra: undefined, iconId: AppIcon_Image_cn.alfadb.netbird.e3vpnaEntryAbilityentry0_undefined_0
CST 2026-07-17 20:05:53.944  3857  3857 I C01317/AppKit: [MTHRD3220]mainthread start, pid:3857
CST 2026-07-17 20:05:53.944   165   165 I C02c11/APPSPAWN: Child process:cn.alfadb.netbird.e3vpnb success pid:3857 appId:30 result:0
CST 2026-07-17 20:05:53.944   165   165 I C02c11/APPSPAWN: Add cn.alfadb.netbird.e3vpnb,pid=3857 success
CST 2026-07-17 20:05:53.944   165   165 I C02c11/APPSPAWN: watch app process pid:3857,pidFd:40
CST 2026-07-17 20:05:53.944  2205  2205 W A01b01/HOME: [a92ab11aa1cd65a, 306ab58, c18c2f] SCBSCS: [SCBSPVM] sceneAlpha from 1 to 0. reason: sceneContainerTransitionReset, extra: EntryAbility/cn.alfadb.netbird.e3vpna/entry/0(persistentId: 30)(containerId: 1)
CST 2026-07-17 20:05:53.944   165   165 E C02c11/APPSPAWN: [appspawn_cgroup.c:54]Failed to open file errno: 2 path: /dev/pids/100/cn.alfadb.netbird.e3vpnb/app_3857/cgroup.procs
CST 2026-07-17 20:05:53.944   165   165 E C02c11/APPSPAWN: [appspawn_cgroup.c:158]write pid to cgroup.procs fail /dev/pids/100/cn.alfadb.netbird.e3vpnb/app_3857/cgroup.procs
CST 2026-07-17 20:05:53.944   165   165 I C02c11/APPSPAWN: SendMessageComplete connectionId:3 result:0 app:cn.alfadb.netbird.e3vpnb pid:3857
CST 2026-07-17 20:05:53.944  2205  2205 W A0421e/WMSAnimation: [a92ab11aa1cd65a, 306ab58, c18c2f] transitionOutFinish, id: 1
CST 2026-07-17 20:05:53.944   728  4262 I C02c11/APPSPAWN_CLIENT: [a92ab11aa1cd65a, e62ef7, 10a5f36] AppSpawnClientSendMsg reqId:31 fd:170 end result:0x0 pid:3857
CST 2026-07-17 20:05:53.944   728  4262 I C01311/AppMS: [a92ab11aa1cd65a, e62ef7, 10a5f36] [ASC667]pid3857
CST 2026-07-17 20:05:53.944   728  4262 I C01311/AppMS: [a92ab11aa1cd65a, e62ef7, 10a5f36] [AMSI5724]spawned pname_cn.alfadb.netbird.e3vpnb, pid_3857, idx_0
CST 2026-07-17 20:05:53.944  2205  2205 W A01b01/HOME: [a92ab11aa1cd65a, 306ab58, c18c2f] SCBTM: getTransitionCount from animationMap 1, 1
CST 2026-07-17 20:05:53.944  2205  2205 I A01b01/HOME: [a92ab11aa1cd65a, 306ab58, c18c2f] SCBTM: cleanTransition isCurrentController:true, updateAnimSwipe: true, appIconId:AppIcon_Image_cn.alfadb.netbird.e3vpnaEntryAbilityentry0_undefined_0
CST 2026-07-17 20:05:53.945   815   903 I C02b91/AVSession: [a92ab11aa1cd65a, a0a563, e62ef7] [HandleAppStateChanged]uid=20020063|pid=3857|state=0
CST 2026-07-17 20:05:53.945  2205  2205 W A01b01/HOME: [a92ab11aa1cd65a, 306ab58, c18c2f] SCBSCS: [SCBSCS] sceneAlpha from 0 to 1. reason: init, extra: EntryAbility/cn.alfadb.netbird.e3vpna/entry/0(persistentId: 30)(containerId: 1)
CST 2026-07-17 20:05:53.945   210   290 I C02b83/AudioServiceAppStateListener: [a92ab11aa1cd65a, 3cdfea0, e62ef7] [OnAppStateChanged]app state changed, bundleName=cn.alfadb.netbird.e3vpnb uid=20020063 pid=3857 state=0
CST 2026-07-17 20:05:53.945  2205  2205 I A01b01/HOME: [a92ab11aa1cd65a, 306ab58, c18c2f] SCBSCS: initSmallFolderBg isExitToSmallFolder: false
CST 2026-07-17 20:05:53.945   728  4262 W C01336/AMS: [a92ab11aa1cd65a, e62ef7, 10a5f36] [resident_process_manager.cpp269]rdbResult: 5
CST 2026-07-17 20:05:53.945  2205  2205 I A01b01/HOME: [a92ab11aa1cd65a, 306ab58, c18c2f] SCBTM: cancelAndResetCloseAppAnimate change currentTransitionController
CST 2026-07-17 20:05:53.945  2205  2205 I A01b01/HOME: [a92ab11aa1cd65a, 306ab58, c18c2f] SCBTM: cleanTransition ignore
CST 2026-07-17 20:05:53.945  2205  2205 I A0001b/AA: [a92ab11aa1cd65a, 306ab58, c18c2f] OutSideWindowManager: globalSearchStatus: 0
CST 2026-07-17 20:05:53.945   728  4265 W C01123/BMSCommon: [a92ab11aa1cd65a, 3ce84b2, e62ef7] uid(2000) invalid
CST 2026-07-17 20:05:53.945  2205  2205 I C03930/AceAnimation: [a92ab11aa1cd65a, 306ab58, c18c2f] [(100000:100000:scope)] animateTo starts, dur:1000, curve:responsiveSpring(0.260,1.157,0.000), delay:50, cnt:42
CST 2026-07-17 20:05:53.947   309   536 I C01706/ueaServer-FrameMsgIntf: [a92ab11aa1cd65a, ed0033, 3f1ddef] ReportProcessInfo pid is 3857, uid is 20020063
CST 2026-07-17 20:05:53.947   309   536 E C01704/TagSched: [a92ab11aa1cd65a, 25af218, 373aa8a] [OpenQosCtrl]Failed to open qos_ctrl device
CST 2026-07-17 20:05:53.947   309   536 E C01704/TagSched: [a92ab11aa1cd65a, 25af218, 373aa8a] [IsQosHandleOpen]get qosSetHandle_ fail
CST 2026-07-17 20:05:53.947   309   536 E C01704/TagSched: [a92ab11aa1cd65a, 25af218, 373aa8a] [SetQosInternal]qosSetHandle open fail
CST 2026-07-17 20:05:53.947   309   536 E C01706/qos_manager: [a92ab11aa1cd65a, 229ae6e, ed0033] thread 536 belong to user 1096 open auth node failed
CST 2026-07-17 20:05:53.947   309   536 E C01706/ueaServer-IntelliSenseServer: [a92ab11aa1cd65a, 229ae6e, ed0033] auth_enable 3857 failed
CST 2026-07-17 20:05:53.947   309   536 I C01706/ueaServer-IntelliSenseServer: [a92ab11aa1cd65a, 229ae6e, ed0033] Get app info:3857 20020063 cn.alfadb.netbird.e3vpnb 0
CST 2026-07-17 20:05:53.948   728  4260 I C01311/AppMS: [a92ab11aa1cd65a, c0ff40, e62ef7] [ASOM755]b:cn.alfadb.netbird.e3vpnb pid:3857 u:20020063 pt:0 et:255 pName:cn.alfadb.netbird.e3vpnb ru:-1 tMode:0 cPid:4297 cU:2000
CST 2026-07-17 20:05:53.948   309   538 I C01744/PerformanceEnhance: [a92ab11aa1cd65a, 34e1e47, 16c1827] [HandleProcessStateChange]process create 3857
CST 2026-07-17 20:05:53.948   728  4260 W C01123/BMSCommon: [a92ab11aa1cd65a, 1b636a7, e62ef7] uid(2000) invalid
CST 2026-07-17 20:05:53.948   309   538 I C01731/SUSPEND_MSG: [a92ab11aa1cd65a, 2631734, 16c1827] 20020063_cn.alfadb.netbird.e3vpnb_3857 create, type:0_255_0
CST 2026-07-17 20:05:53.949   309   386 I C01705/EXACT_PREREAD: [a92ab11aa1cd65a, 233ae5f, 608b1f] [(StartAppStartupCollectWork):678] uid: 20020063 pid: 3857 appStartupScene: cn.alfadb.netbird.e3vpnb/cn.alfadb.netbird.e3vpnb
CST 2026-07-17 20:05:53.949   309   386 E C01705/EXACT_PREREAD: [a92ab11aa1cd65a, 233ae5f, 608b1f] [(StartAppStartupCollectWork):210] check workstate or bind monitor failed.
CST 2026-07-17 20:05:53.949   311  4283 I C015b5/NetMgrEnhanced: [a92ab11aa1cd65a, 2e0a293, 5536e1] OnAppStarted appName:cn.alfadb.netbird.e3vpnb uid:20020063 pid:3857 state:0
CST 2026-07-17 20:05:53.949   309   372 I C01706/ueaServer-IntelliSenseServer: [a92ab11aa1cd65a, 27e1668, 375840c] ProcessInfo NewAppRecord
CST 2026-07-17 20:05:53.949   309   372 I C01702/CgroupEventHandler: [a92ab11aa1cd65a, 16c7930, 65a349] HandleProcessCreated : 20020063, 3857, 0, 0, cn.alfadb.netbird.e3vpnb, 255, cn.alfadb.netbird.e3vpnb
CST 2026-07-17 20:05:53.949   309   372 E C01702/CGS: [a92ab11aa1cd65a, 16c7930, 65a349] AddTidToCgroup failed to write; fd = 78, errno = 13
CST 2026-07-17 20:05:53.949   309   372 E C01702/CGS: [a92ab11aa1cd65a, 16c7930, 65a349] AddTidToCgroup failed to write; fd = 88, errno = 13
CST 2026-07-17 20:05:53.949  3857  3857 I C01317/AppKit: [MTHRD431]attach
CST 2026-07-17 20:05:53.949   309   372 I C01702/CgroupAdjuster: [a92ab11aa1cd65a, 16c7930, 65a349] ApplyProcessGroup:3857's cgroup from 255 to 0. Reason:20002. Event:3
CST 2026-07-17 20:05:53.949   250   255 I C02699/MM: [a92ab11aa1cd65a, 1005a35, c0ff40] OnProcessCreated 20020063,3857,cn.alfadb.netbird.e3vpnb,cn.alfadb.netbird.e3vpnb,0,0,0,0,-1,-1
CST 2026-07-17 20:05:53.949   309   372 I C01704/TagSched: [a92ab11aa1cd65a, 229902, 16c7930] [ReportCgroupInfo]ReportCgroupInfo: pid:3857 from 255 to 0 withSuppressType: 0
CST 2026-07-17 20:05:53.949   309   372 I C01706/ueaServer-FrameMsgIntf: [a92ab11aa1cd65a, 1575375, 16c7930] CgroupChanged pid is 3857, uid is 20020063, oldGroup is 255, newGroup is 0
CST 2026-07-17 20:05:53.949   309   372 E C01704/TagSched: [a92ab11aa1cd65a, 30c4125, 229902] [OpenQosCtrl]Failed to open qos_ctrl device
CST 2026-07-17 20:05:53.949   309   372 E C01704/TagSched: [a92ab11aa1cd65a, 30c4125, 229902] [IsQosHandleOpen]get qosSetHandle_ fail
CST 2026-07-17 20:05:53.950   309   372 E C01704/TagSched: [a92ab11aa1cd65a, 30c4125, 229902] [SetQosInternal]qosSetHandle open fail
CST 2026-07-17 20:05:53.950   250   273 I C02699/MM: [a92ab11aa1cd65a, 305206c, 1005a35] UpdatePriorityLocked CRE: 3857, 20020063, 0, [], 00000
CST 2026-07-17 20:05:53.950   309   368 I C01718/StandbyService: [a92ab11aa1cd65a, 2fc7dd6, 2b05e21] [OnProcessStatusChanged:938] process status change, uid: 20020063, pid: 3857, name: cn.alfadb.netbird.e3vpnb, alive: 1
CST 2026-07-17 20:05:53.948   309   538 E C01713/SUSPEND_MANAGER: [a92ab11aa1cd65a, 2631734, 16c1827] [(SendProcessEvent):1167] suspend manager is not ready.
CST 2026-07-17 20:05:53.950   815   903 I C02b91/AVSession: [a92ab11aa1cd65a, 11445fd, 3152be4] [HandleAppStateChanged]uid=20020063|pid=3857|state=99
CST 2026-07-17 20:05:53.951   728  4260 W C01300/AAFwk: [event_handler_wrap.cpp118]can't find event: 14_3857 
CST 2026-07-17 20:05:53.951   728  4260 I C01311/AppMS: [AMSI2581]attach cn.alfadb.netbird.e3vpnb pid:3857
CST 2026-07-17 20:05:53.953   309   537 E C01702/CGS: [a92ab11aa1cd65a, 31cdbd3, 1411243] AddTidToCgroup failed to write; fd = 86, errno = 13
CST 2026-07-17 20:05:53.953   309   537 E C01702/CGS: [a92ab11aa1cd65a, 31cdbd3, 1411243] AddTidToCgroup failed to write; fd = 96, errno = 13
CST 2026-07-17 20:05:53.953   309   537 I C01702/CgroupAdjuster: [a92ab11aa1cd65a, 31cdbd3, 1411243] ApplyProcessGroup:3857's cgroup from 0 to 4. Reason:20016. Event:1
CST 2026-07-17 20:05:53.953   309   387 I C01704/TagSched: [a92ab11aa1cd65a, 3872ab7, 31cdbd3] [ReportCgroupInfo]ReportCgroupInfo: pid:3857 from 0 to 4 withSuppressType: 0
CST 2026-07-17 20:05:53.954   309   537 I C01706/ueaServer-FrameMsgIntf: [a92ab11aa1cd65a, 99978f, 31cdbd3] CgroupChanged pid is 3857, uid is 20020063, oldGroup is 0, newGroup is 4
CST 2026-07-17 20:05:53.954   309   537 I C01706/ueaServer-IntelliSenseServer: [a92ab11aa1cd65a, 176b307, 99978f] web test CgroupChange NewForeground uid is 20020063
CST 2026-07-17 20:05:53.954   309   537 I C01706/ueaServer-IntelliSenseServer: [a92ab11aa1cd65a, 176b307, 99978f] [ReportMessage]pid 3857 change to foreground.
CST 2026-07-17 20:05:53.954   211   239 E C01707/CONCUR: [a92ab11aa1cd65a, 2733fcb, 3872ab7] [TaskControllerInterface] ReportData failed, funcLoader_ load func failed
CST 2026-07-17 20:05:53.954   309   537 E C01706/ueaServer-IntelliSenseServer: [a92ab11aa1cd65a, 176b307, 99978f] [CreateNewRtgGrp]:fopen file failed, errno = 2
CST 2026-07-17 20:05:53.954   309   537 E C01706/ueaServer-IntelliSenseServer: [a92ab11aa1cd65a, 176b307, 99978f] [TryCreateRtg]: createNewRtgGroup failed! grpId:-1
CST 2026-07-17 20:05:53.954   309   537 E C01706/qos_manager: [a92ab11aa1cd65a, 176b307, 99978f] thread 537 belong to user 1096 open auth node failed
CST 2026-07-17 20:05:53.954   309   537 E C01706/ueaServer-IntelliSenseServer: [a92ab11aa1cd65a, 176b307, 99978f] auth_enable 3857 failed
CST 2026-07-17 20:05:53.954   309   386 E C01704/TagSched: [a92ab11aa1cd65a, 22612d5, 3872ab7] [OpenQosCtrl]Failed to open qos_ctrl device
CST 2026-07-17 20:05:53.954   309   386 E C01704/TagSched: [a92ab11aa1cd65a, 22612d5, 3872ab7] [IsQosHandleOpen]get qosSetHandle_ fail
CST 2026-07-17 20:05:53.954   309   386 E C01704/TagSched: [a92ab11aa1cd65a, 22612d5, 3872ab7] [SetQosInternal]qosSetHandle open fail
CST 2026-07-17 20:05:53.955   311   379 I C015b5/NetMgrEnhanced: [a92ab11aa1cd65a, 6c78d, 1de08d9] NotifyAbilityStateChanged:uid=2******3, pid=3857, state=0, abilityName=EntryAbility
CST 2026-07-17 20:05:53.956  3857  4312 W C057c1/IPCWorkThread: ThreadHandler: proto:0 policy:1 name:OS_IPC_0_4312 invoker:3356960
CST 2026-07-17 20:05:53.956  4310  4310 W C02c02/PARAM: Selinux check name persist.init.debug.loglevel in u:object_r:startup_init_param:s0 [4310 2000 2000] failed
CST 2026-07-17 20:05:53.956  4310  4310 W C02c02/PARAM: Selinux check name persist.init.debug.loglevel in u:object_r:startup_init_param:s0 [4310 2000 2000] failed
CST 2026-07-17 20:05:53.956  4310  4310 W C02c02/PARAM: SystemReadParam failed!name is:persist.init.debug.loglevel,err:1002
CST 2026-07-17 20:05:53.956  2205  2205 I A01b01/HOME: [a92ab11aa1cd65a, 306ab58, c18c2f] SCBSceneContainer: issShowTransitionIconOrCard state is 0, isCombinationIcon:false
CST 2026-07-17 20:05:53.957  3857  4312 I C01317/AppKit: [MTHRD825]ScheduleLaunchAbility called, ability EntryAbility, type is 1.
CST 2026-07-17 20:05:53.958   728  1043 W C011fc/BMSExt: [a92ab11aa1cd65a, 2d948f9, 3cdfea0] [IsTargetApp:729]bundleName or appIdentifier is empty
CST 2026-07-17 20:05:53.958  2205  2205 I C0392c/AceForEach: [a92ab11aa1cd65a, 306ab58, c18c2f] [(100000:100000:scope)] ForEachNode skip mark dirty. Id[2281], Ids.size[1]
CST 2026-07-17 20:05:53.958   210   290 I C02b83/AudioServiceAppStateListener: [a92ab11aa1cd65a, 20ed897, 3152be4] [OnAppStateChanged]app state changed, bundleName=cn.alfadb.netbird.e3vpnb uid=20020063 pid=3857 state=99
CST 2026-07-17 20:05:53.960   728   979 W C011fc/BMSExt: [IsTargetApp:729]bundleName or appIdentifier is empty
CST 2026-07-17 20:05:53.960   728   979 W C01650/RdbStoreManager: IsConfigInvalidChanged:no bundleName
CST 2026-07-17 20:05:53.960   728   979 E C01650/SilentProxy: IsSupportSilentFromService:GetRdbService failed, err is 27394049.
CST 2026-07-17 20:05:53.961  2205  2205 I A01b01/HOME: [a92ab11aa1cd65a, 306ab58, c18c2f] SCBSceneContainer: isAnimSnapshotShow false, isShowContainerSnapshot.
CST 2026-07-17 20:05:53.963  2205  2205 W C0393b/AceWindowScene: [a92ab11aa1cd65a, 306ab58, c18c2f] [(100000:100000:scope)] parentId:2323, nodeId:2324, sessionId:31
CST 2026-07-17 20:05:53.963  2205  2205 I A01b00/SCB: [a92ab11aa1cd65a, 306ab58, c18c2f] LuoShuStateManager --> getLuoShuStateInfo: WMUtils {"luoShuState":0,"scenePanelState":1,"eventType":-1,"screenInfo":{"isLandscape":false,"foldState":1},"screenId":0,"holdingHandStatus":1}
CST 2026-07-17 20:05:53.964  2205  2205 W A01c06/ICON: [a92ab11aa1cd65a, 306ab58, c18c2f] AppIconModel --> disableShadow:false, isBarPhone:true, isOuterHome:false, isOnlineTheme:false, extra:true, enforceEnableShadow: false
CST 2026-07-17 20:05:53.965  2205  2205 I A01b01/HOME: [a92ab11aa1cd65a, 306ab58, c18c2f] DesktopDragPointLightManager --> no point light found.
CST 2026-07-17 20:05:53.966  2205  2205 I A01b0f/TE: [a92ab11aa1cd65a, 306ab58, c18c2f] WallpaperManager --> updateDeskTopWallpaperScale scale = 1.1;
CST 2026-07-17 20:05:53.967  2205  2205 I A0001b/AA: [a92ab11aa1cd65a, 306ab58, c18c2f] OutSideWindowManager: globalSearchStatus: 0
CST 2026-07-17 20:05:53.967  2205  2205 W A01b00/SCB: [a92ab11aa1cd65a, 306ab58, c18c2f] SCBDesktop --> onDesktopAnimateScaleChanged changeScale to 0.88, due to:onActive
CST 2026-07-17 20:05:53.967  2205  2205 I A0001b/AA: [a92ab11aa1cd65a, 306ab58, c18c2f] OutSideWindowManager: globalSearchStatus: 0
CST 2026-07-17 20:05:53.967  2205  2205 I A01b00/SCB: [a92ab11aa1cd65a, 306ab58, c18c2f] LuoShuStateManager --> getLuoShuStateInfo: SCBWindowRotateController {"luoShuState":0,"scenePanelState":1,"eventType":-1,"screenInfo":{"isLandscape":false,"foldState":1},"screenId":0,"holdingHandStatus":1}
CST 2026-07-17 20:05:53.967  2205  2205 I A0421d/WMSRotation: [a92ab11aa1cd65a, 306ab58, c18c2f] [isNonHook] luoShuState: 0
CST 2026-07-17 20:05:53.968  2205  2205 E A0421d/WMSRotation: [a92ab11aa1cd65a, 306ab58, c18c2f] [needRotateWithFlowLight] no need add rotation
CST 2026-07-17 20:05:53.968  2205  2205 W A0421d/WMSRotation: [a92ab11aa1cd65a, 306ab58, c18c2f] [getRotatedScreenProperty] this.rotation: 0; getRotatedScreenProperty: {rect: [0, 0, 1320, 2856], rotation: 0}
CST 2026-07-17 20:05:53.968  2205  2205 I A0421d/WMSRotation: [a92ab11aa1cd65a, 306ab58, c18c2f] [startSceneWithRotationIfNeed] containerSession EntryAbility/cn.alfadb.netbird.e3vpnb/entry/0(persistentId: 31)(containerId: 2)needAnimation false isFromRecent false fromUser false isPageRotation false
CST 2026-07-17 20:05:53.968  2205  2205 I A0421d/WMSRotation: [a92ab11aa1cd65a, 306ab58, c18c2f] [coverSensorRotation] cover sensor rotation.
CST 2026-07-17 20:05:53.968  2205  2205 I A01b00/SCB: [a92ab11aa1cd65a, 306ab58, c18c2f] SCBCompatibilityModeController: [addInvertedPortraitOrientationIfNeeded] requestOrientation:undefined
CST 2026-07-17 20:05:53.968  2205  2205 I A01b00/SCB: [a92ab11aa1cd65a, 306ab58, c18c2f] SCBCompatibilityModeResourceManager: [isCurrentSupportAddInvertedPortraitOrientation] isSupportAddInvertedPortraitOrientation: false
CST 2026-07-17 20:05:53.968  2205  2205 I A01b00/SCB: [a92ab11aa1cd65a, 306ab58, c18c2f] SCBCompatibilityModeResourceManager: [isNeedAddInvertedPortraitOrientation] current device status is not support adding inverted portrait orientation
CST 2026-07-17 20:05:53.968  2205  2205 I A04200/WINDOW: [a92ab11aa1cd65a, 306ab58, c18c2f] SCBScreenSM: screenRotationLocked value:true
CST 2026-07-17 20:05:53.968  2205  2205 W A0421d/WMSRotation: [a92ab11aa1cd65a, 306ab58, c18c2f] [getTargetRotation] bundleName:cn.alfadb.netbird.e3vpnb requestOrientation:0 isScreenLocked:true isPlacedRotateFriendlyDevicePlaced:false fixedRotation: -1 rotationCommand: {"isIgnorePlacedState":false,"isFromDropDown":false}
CST 2026-07-17 20:05:53.968  2205  2205 I A04200/WINDOW: [a92ab11aa1cd65a, 306ab58, c18c2f] SCBSSM: targetOrientation does not belong to the userOrientation type
CST 2026-07-17 20:05:53.968  2205  2205 I A0421d/WMSRotation: [a92ab11aa1cd65a, 306ab58, c18c2f] [notifySupportRotationChange] container requestOrientation: 0 scene requestOrientation: 0
CST 2026-07-17 20:05:53.969  2205  2205 I A0421d/WMSRotation: [a92ab11aa1cd65a, 306ab58, c18c2f] [notifySupportRotationChange] displayId: 0 persistentId: 31 container: [true,false,false,false] scene: [true,false,false,false] reason: ContainerRequestedOrientationChange
CST 2026-07-17 20:05:53.969  2205  2205 I A04200/WINDOW: [a92ab11aa1cd65a, 306ab58, c18c2f] SCBSSM: notifySupportRotationChange
CST 2026-07-17 20:05:53.969  2205  2205 I C0421d/WMSRotation: [a92ab11aa1cd65a, 306ab58, c18c2f] OnNotifySupportRotationChange: persistentId: 31, container size: 4, scene size: 4
CST 2026-07-17 20:05:53.969  2205  2205 I A0421d/WMSRotation: [a92ab11aa1cd65a, 306ab58, c18c2f] [startSceneWithRotationIfNeed] before rotate with targetRotation=0, sensorRotation=0, currentScreenRotation=0, currentContainerRotation=0, tempRotation=, name=cn.alfadb.netbird.e3vpnb
CST 2026-07-17 20:05:53.970  2205  2205 I C03930/AceAnimation: [a92ab11aa1cd65a, 306ab58, c18c2f] [(100000:100000:scope)] animateTo starts, dur:1000, curve:responsiveSpring(0.300,1.157,0.000), cnt:43
CST 2026-07-17 20:05:53.972  2205  2205 I C03930/AceAnimation: [a92ab11aa1cd65a, 306ab58, c18c2f] [(100000:100000:scope)] animateTo starts, dur:250, curve:linear, delay:20, cnt:44
CST 2026-07-17 20:05:53.974  2205  2205 I C0420a/WMSLife: [a92ab11aa1cd65a, 306ab58, c18c2f] RemoveLifeCycleTask: Removed lifeCyleTask PendingSessionActivation. PersistentId=31
CST 2026-07-17 20:05:53.974  2205  2205 I C0420a/WMSLife: [a92ab11aa1cd65a, 306ab58, c18c2f] ProcessPendingSessionActivationResult: persistentId:31, requestId:4,resultCode:1, resultMessage:
CST 2026-07-17 20:05:53.977  2205  2275 I C04214/WMSPipeLine: UpdateVisibilityInner: id: 31, visibility: 0 -> 1
CST 2026-07-17 20:05:53.977  2205  2275 I C04215/WMSHierarchy: UpdateZOrderInner: id: 31, zOrder: 0 -> 102, lastZOrder: 0
CST 2026-07-17 20:05:53.977  2205  2275 I C04207/WMSFocus: NotifyFocusStatus: name: SCBDesktop7/SCBDesktop7/SCBDesktop7, id: 10, isFocused: 0
CST 2026-07-17 20:05:53.978  2205  2275 W C04207/WMSFocus: NotifyHighlightChange: Invalid [10, 0]
CST 2026-07-17 20:05:53.978  2205  2275 I C04207/WMSFocus: SetHighlightSessionIds: 31
CST 2026-07-17 20:05:53.978  2205  2275 I C03900/Ace: [(-1:100000:singleton)] [com.ohos.sceneboard][phone_sceneboard][100000]: window unfocus
CST 2026-07-17 20:05:53.978  2205  2275 I C04207/WMSFocus: ShiftFocus: displayId: 0, focusedId: 10, nextId: 31, reason: 15
CST 2026-07-17 20:05:53.978  2205  2275 E C04215/WMSHierarchy: SceneZOrderCheckProcess: ZOrderCheck start
CST 2026-07-17 20:05:53.979  2205  2277 I C0420c/WMSEvent: LogWinInfo: eid:25,size:9,idList:3|0|1|100|2205|2205|1;4|0|1|101|2205|2205|1;7|0|0|1|2205|2205|1;10|0|0|2|2205|2205|1;17|0|1|3|2205|2205|1;19|0|2048|2200|2205|2205|1;21|0|0|2202|2205|2205|1;25|0|2048|4102|2205|2205|2;31|0|0|102|-1|-1|1|-84,-84,1488,3024;31|0,0|1,1|-84,-84,1488,3024
CST 2026-07-17 20:05:53.980   251   505 I C02803/InputWindowsManager: [|8263]newMainDisplayInfo:0, oldMainDisplayInfo:0
CST 2026-07-17 20:05:53.980   251   505 I C02803/InputWindowsManager: [|8263]newMainDisplayInfo:0, oldMainDisplayInfo:0
CST 2026-07-17 20:05:53.980   251   505 I C02803/InputWindowsManager: [|2067]19|0|2758|1320|98|1,0|0|1320|98
CST 2026-07-17 20:05:53.981  2205  2277 I C0420c/WMSEvent: LogWinInfo: eid:26,size:9,idList:3|0|1|100|2205|2205|1;4|0|1|101|2205|2205|1;7|0|0|1|2205|2205|1;10|0|0|2|2205|2205|1;17|0|1|3|2205|2205|1;19|0|2048|2200|2205|2205|1;21|0|0|2202|2205|2205|1;25|0|2048|4102|2205|2205|2;31|0|0|102|-1|-1|1;31|0,0|1,1|-84,-84,1488,3024
CST 2026-07-17 20:05:53.981  3857  4315 W C057c1/IPCWorkThread: ThreadHandler: proto:0 policy:0 name:OS_IPC_1_4315 invoker:3357520
CST 2026-07-17 20:05:53.982   202  2334 I C01d00/accessibility: [(WindowUpdateAll:1027)]WindowUpdateAll start activeWindowId_: 10
CST 2026-07-17 20:05:53.982  3857  4313 I C02d06/XCollie: init default task finished.
CST 2026-07-17 20:05:53.982   251   505 I C02803/InputWindowsManager: [|8263]newMainDisplayInfo:0, oldMainDisplayInfo:0
CST 2026-07-17 20:05:53.982   251   505 I C02803/InputWindowsManager: [|8263]newMainDisplayInfo:0, oldMainDisplayInfo:0
CST 2026-07-17 20:05:53.982   251   505 I C02803/InputWindowsManager: [|2067]19|0|2758|1320|98|1,0|0|1320|98
CST 2026-07-17 20:05:53.982   916   916 I C04621/CFWKService: [window_state_manager_lite.cpp:192]NotifyFocusChanged# focus off 2205 20020011, 10
CST 2026-07-17 20:05:53.982   309   537 E C01704/TagSched: [a92abe1aa1efd23] [OpenQosCtrl]Failed to open qos_ctrl device
CST 2026-07-17 20:05:53.982   309   536 I C01706/ueaServer-IntelliSenseServer: [a92abe1aa1efd23] [ReportWindowFocus]:2205 lost focus in screen 0
CST 2026-07-17 20:05:53.982   309   537 E C01704/TagSched: [a92abe1aa1efd23] [IsQosHandleOpen]get qosSetHandle_ fail
CST 2026-07-17 20:05:53.982   309   537 E C01704/TagSched: [a92abe1aa1efd23] [SetQosInternal]qosSetHandle open fail
CST 2026-07-17 20:05:53.982   309   536 I C01702/CgroupSchedEnhance: [a92abe1aa1efd23] HandleSceneBoardUnFocusForQos handle sceneboard unfocused!
CST 2026-07-17 20:05:53.982  2205  2205 I C0392a/AceUiExtensionComponent: [(100000:100000:scope)] [@1991][ID: 1] HandleVisibleAreaChange visible: 0, curVisible: 1, ratio: 0.826446, displayArea: RectT (0.00, 0.00) - [1320.00 x 2856.00].
CST 2026-07-17 20:05:53.983  2205  2205 I C02d66/Hiview-PerfMonitor: ProcessJank: JankFrameMonitor::ProcessJank jank >= threshold
CST 2026-07-17 20:05:53.983  2205  4279 I C04207/WMSFocus: NotifyRssThawApp, uid: 20020011
CST 2026-07-17 20:05:53.983  2205  2205 I C0421e/WMSAnimation: [a92ab11aa1cd65a, 3bf5e86, 2ed8038] OnOutlineParamsChange, id: 31, enabled: 0, params: [ color: 4284791644, width: 4vp, shape: 1 ]
CST 2026-07-17 20:05:53.983   309   536 E C01702/CGS: [a92abe1aa1efd23] SetThreadSchedPolicy failed; fd = -1
CST 2026-07-17 20:05:53.983   309   536 E C01702/CGS: [a92abe1aa1efd23] SetThreadSchedPolicy failed; fd = -1
CST 2026-07-17 20:05:53.983  2205  2205 I C04217/WMSAttribute: [a92ab11aa1cd65a, 1b3ddb4, 19b9054] isSkip change to 0
CST 2026-07-17 20:05:53.983   309   536 E C01702/CgroupUtils: [a92abe1aa1efd23] SetThreadPolicyAndReport set <private> <private> to group <private> failed, ret=-1!
CST 2026-07-17 20:05:53.983   309   536 E C01731/SUSPEND_MSG: [a92abf1aa1efe8f] [(ThawOneApplication):37] suspend manager is not ready.
CST 2026-07-17 20:05:53.985  3857  3857 I C03900/ACE_UIContent: [69]AceForwardCompatibility [cn.alfadb.netbird.e3vpnb] force:1 newpipe:1
CST 2026-07-17 20:05:53.985   815   903 I C02b91/AVSession: [HandleAppStateChanged]uid=20020011|pid=2205|state=2
CST 2026-07-17 20:05:53.985   210   210 I C02b83/AudioServiceAppStateListener: [OnAppStateChanged]app state changed, bundleName=com.ohos.sceneboard uid=20020011 pid=2205 state=2
CST 2026-07-17 20:05:53.985   728  4265 W C01123/BMSCommon: uid(3058) invalid
CST 2026-07-17 20:05:53.985   319   390 I C01f0b/Common: MsdpMovementManage ProcessEvent eventId=6
CST 2026-07-17 20:05:53.986   311   379 I C015b5/NetMgrEnhanced: uid=2******1, pid=2205, state=2, bundleName=com.ohos.sceneboard, isFocused =0.
CST 2026-07-17 20:05:53.986   311  1527 I C015b5/NetMgrEnhanced: uid:20020011, pid:2205, state:2, isFocused:0, com.ohos.sceneboard
CST 2026-07-17 20:05:53.986   309   387 I C01706/ueaServer-FrameMsgIntf: [a92ab11aa1f0c31] ReportProcessInfo pid is 2205, uid is 20020011
CST 2026-07-17 20:05:53.986   309   387 I C01706/ueaServer-IntelliSenseServer: [a92ab11aa1f0c31] Get app info:2205 20020011 com.ohos.sceneboard 2
CST 2026-07-17 20:05:53.986   309   539 I C01731/SUSPEND_MSG: [a92ab21aa1f0cca] 20020011_com.ohos.sceneboard_2205, state:2
CST 2026-07-17 20:05:53.986   309   387 I C01705/IOLIMIT: [a92ab11aa1f0c31] [(HandleAppStateChange):263] Add foreground list app uid: 20020011, pid: 2205.
CST 2026-07-17 20:05:53.986   309   539 E C01724/TASK_DETECTION: [a92ab21aa1f0cca] [OnAppStateChanged:632]Task detection feature is not ready
CST 2026-07-17 20:05:53.986  1069  1537 I C01560/WifiFrameWork: OnForegroundApplicationChanged bundleName: com.ohos.sceneboard, uid: 20020011, state: 2, isFocused: 0
CST 2026-07-17 20:05:53.986  1069  1181 I C01560/WifiFrameWork: OnForegroundApplicationChanged bundleName: com.ohos.sceneboard, uid: 20020011, state: 2, isFocused: 0
CST 2026-07-17 20:05:53.986  1069  4196 I C01560/StaStateMachine: SeparatedState-msgCode=12324 received. m_instId=0
CST 2026-07-17 20:05:53.986  1069  4196 I C01560/StaStateMachine: InitState-msgCode=12324 is received. m_instId = 0
CST 2026-07-17 20:05:53.986  1069  4196 I C01560/StaStateMachine: ClosedState-msgCode=12324 is received. m_instId = 0
CST 2026-07-17 20:05:53.986  1069  1090 E C01560/MultiLinkUtils: IsDeviceSupportMultiLink chipname is empty or doesn't exist, return unknown
CST 2026-07-17 20:05:53.986  1069  1090 E C01560/MultiLinkUtils: Chip type not suppoort MultiLink
CST 2026-07-17 20:05:53.987  1069  4197 I C01560/StaStateMachine: SeparatedState-msgCode=12324 received. m_instId=0
CST 2026-07-17 20:05:53.987  1069  4197 I C01560/StaStateMachine: InitState-msgCode=12324 is received. m_instId = 0
CST 2026-07-17 20:05:53.987  1069  4197 I C01560/StaStateMachine: ClosedState-msgCode=12324 is received. m_instId = 0
CST 2026-07-17 20:05:53.987   251   526 I C02801/AppStateObserver: [|39]Process state change app name:com.ohos.sceneboard, uid:20020011, state:2
CST 2026-07-17 20:05:53.988  2563  3873 I C05a05/AppStateObserver: [AddProcessToForegroundSet]pid 2205 is already in foreground
CST 2026-07-17 20:05:53.988   251   526 I C02801/AppStateObserver: [|90]The foregroundAppData_.size():2
CST 2026-07-17 20:05:53.988   163  1238 I C02d10/ProcessStatus: UpdateProcessForegroundState: pid=2205 state=FOREGROUND
CST 2026-07-17 20:05:53.988   202  2334 I C01d00/accessibility: [(WindowUpdateAll:1079)]WindowUpdateAll end activeWindowId_: -1
CST 2026-07-17 20:05:53.988  3857  3857 I C01317/AppKit: [MTHRD256]NativeLibPath empty
CST 2026-07-17 20:05:53.989  2205  2240 I C03f05/NAPI: taskpool:: Task Perform: j71, 3567642379, runningLoop: 140487720675232
CST 2026-07-17 20:05:53.990  3857  3857 I C01317/AppKit: [MTHRD1813]SmartGC: process is start. enable warm startup SmartGC: 0
CST 2026-07-17 20:05:53.990  2205  2205 I C0420a/WMSLife: [a92ab11aa1cd65a, 7895c5, 69355f] OnSetLabel: label:E3 VPN Gate, id:31
CST 2026-07-17 20:05:53.990  2205  2275 I C0420a/WMSLife: [a92ab11aa1cd65a, c538ef, 7895c5] UpdateSessionLabel set label success label:E3 VPN Gate
CST 2026-07-17 20:05:53.990  3857  3857 I C03f00/ArkCompiler: [ecmascript] asmint: 1, aot: 0, jit: 1, baseline jit: 0, bundle name: cn.alfadb.netbird.e3vpnb, arkTSMode: dynamic
CST 2026-07-17 20:05:53.990  2205  2205 I C03900/Ace: [(100000:100000:scope)] Update application state , state: ON_INACTIVE
CST 2026-07-17 20:05:53.990  2205  2205 I C0391c/AceFocus: [(100000:100000:scope)] Window: 1 lost focus.
CST 2026-07-17 20:05:53.990  2205  2205 I C0391c/AceFocus: [(100000:100000:scope)] Scope(Stack/191) has no last focusNode.
CST 2026-07-17 20:05:53.991  2205  2205 W C03930/AceAnimation: [(100000:100000:scope)] Time decreases, skip ModifierAnimation, lastTime:132530804003, nowTime:132530699446
CST 2026-07-17 20:05:53.992  2205  2205 I C0391d/AceMouse: [(100000:100000:scope)] VsyncMouseFormat mouseFormat_ and lastVsyncMouseFormat_ = 0 is same.
CST 2026-07-17 20:05:53.992  2205  2205 I C04202/WMSMain: NotifySCBRecentStateChange: isRecent update 0
CST 2026-07-17 20:05:54.016   319   392 W C01f04/MultiSimontroller: [GetSimAccountInfo-(multi_sim_controller.cpp:1141)] slotId 0 is invalid
CST 2026-07-17 20:05:54.016   319   392 E C01f04/TelephonySubsystem: GetSimAccountInfo fail!
CST 2026-07-17 20:05:54.016  3857  4322 E C01707/CONCUR: [Interface] task 4322 apply qos failed, errno = 4
CST 2026-07-17 20:05:54.016  2715  3226 E C02e00/UPDATE_SA: [hap_connection.cpp(50)]GetHapRemoteObject, remoteObj is nullptr, bundle com.huawei.hmos.ouc
CST 2026-07-17 20:05:54.016  2715  3226 I C01352/ExtMgr: [extension_manager_client.cpp134]name:com.huawei.hmos.ouc ServiceExtAbility, userId:-1.
CST 2026-07-17 20:05:54.016   728  1043 I C01342/ServiceExt: [ABMS5529]element: com.huawei.hmos.ouc/ServiceExtAbility
CST 2026-07-17 20:05:54.016   728  1043 W C01123/BMSCommon: bundle not exist -n com.huawei.hmos.ouc -u 100 -i 0 -f 0
CST 2026-07-17 20:05:54.017   728  1043 W C01336/AMS: [start_ability_utils.cpp76]failed: com.huawei.hmos.ouc
CST 2026-07-17 20:05:54.017   728  1043 W C01336/AMS: [crowd_test_interceptor.cpp54]GetAppInfo failed
CST 2026-07-17 20:05:54.017   728  1043 W C01120/BMS: app_control_manager.cpp:GetAppRunningControlRule:397 getAppId failed,-n:com.huawei.hmos.ouc
CST 2026-07-17 20:05:54.017   728  1043 W C01123/BMSCommon: uid(6666) invalid
CST 2026-07-17 20:05:54.017   728  1043 I C01336/AMS: [start_ability_utils.cpp54]appIndex:-1
CST 2026-07-17 20:05:54.017   728  1043 W C01123/BMSCommon: bundle not exist -n com.huawei.hmos.ouc -u 100 -i 0 -f 1062
CST 2026-07-17 20:05:54.017   728  1043 I C01121/BMSQuery: ExplicitQueryAbility no match -n com.huawei.hmos.ouc -a ServiceExtAbility -u 100 -i 0
CST 2026-07-17 20:05:54.017   728  1043 W C01120/BMS: query abilitys_ext code 8521480
CST 2026-07-17 20:05:54.017   728  1043 W C01123/BMSCommon: bundle not exist -n com.huawei.hmos.ouc -u 100 -i 0 -f 1062
CST 2026-07-17 20:05:54.017   728  1043 W C01121/BMSQuery: bundle_data_mgr.cpp:ExplicitQueryExtensionInfo:7239 ExplicitQueryExtensionInfo failed
CST 2026-07-17 20:05:54.017   728  1043 I C01121/BMSQuery: ExplicitQueryExtension size:0 -n com.huawei.hmos.ouc -e ServiceExtAbility -u 100 -i 0
CST 2026-07-17 20:05:54.017   728  1043 W C01121/BMSQuery: bundle_data_mgr.cpp:GetCloneAppIndexes:2463 no bundleName com.huawei.hmos.ouc found
CST 2026-07-17 20:05:54.017   728  1043 W C01121/BMSQuery: bundle_mgr_host_impl.cpp:QueryExtensionAbilityInfos:3425 no valid extension info can be inquired
CST 2026-07-17 20:05:54.017   728  1043 E C01336/AMS: [start_ability_utils.cpp290]extensionInfo empty
CST 2026-07-17 20:05:54.017   728  1043 E C01342/ServiceExt: [ABMS5868]generate request error
CST 2026-07-17 20:05:54.018  2715  3226 E C02e00/UPDATE_SA: [hap_connection.cpp(82)]HapConnection call interface failed, ret 2097152
CST 2026-07-17 20:05:54.018  2715  3226 E C02e00/UPDATE_SA: [ouc_hap_connection.cpp(72)]SendRemoteRequest, can not connect to ouc
CST 2026-07-17 20:05:54.063  3857  3857 I C03f00/ArkCompiler: [ecmascript] multi-thread check enabled: 0
CST 2026-07-17 20:05:54.063  3857  3857 I C03f00/ArkCompiler: [pgo] reset pgo profiler, pgo profiler is disabled
CST 2026-07-17 20:05:54.063  3857  3857 I C03301/LIBUV: clean up handles in loop(8976)
CST 2026-07-17 20:05:54.063  3857  3857 I C03301/LIBUV: loop:(8976) closed in 0s
CST 2026-07-17 20:05:54.063  3857  3857 I C03301/LIBUV: close:8976, async_io_wfd:16
CST 2026-07-17 20:05:54.063  3857  3857 I C03301/LIBUV: close:8976, backend_fd:10
CST 2026-07-17 20:05:54.063  3857  3857 I C03301/LIBUV: init:3088
CST 2026-07-17 20:05:54.063  3857  3857 I C03301/LIBUV: init:3088, backend_fd:10
CST 2026-07-17 20:05:54.063  3857  3857 I C03301/LIBUV: open:3088, pipefd[0]:16
CST 2026-07-17 20:05:54.064  3857  3857 I C03f00/ArkCompiler: [ecmascript] can not find aot file
CST 2026-07-17 20:05:54.064  3857  3857 W C01305/Base: [zip_file.cpp(ExtractToBufByName:966)]GetEntry from pkgContextInfo.json err
CST 2026-07-17 20:05:54.074   727   891 W C01406/OHOS::RS: RSJankStats::SetJankStats jank frames 8
CST 2026-07-17 20:05:54.077  2205  2205 I C03930/AceAnimation: [(100000:100000:scope)] animateTo finish, cnt:40
CST 2026-07-17 20:05:54.078   727   727 I C01406/OHOS::RS: RSSurfaceRenderNode:SetIsOnTheTree, node:[name: WindowScene_e3vpna30, id: 9470402888505], on tree: 0, nodeType: 4, uniqueId: null, screenNodeId: 0
CST 2026-07-17 20:05:54.078   727   727 I C01406/OHOS::RS: RSSurfaceRenderNode:SetIsOnTheTree, node:[name: WindowScene_e3vpna30, id: 9470402888505], on tree: 0, nodeType: 4, uniqueId: null, screenNodeId: 0
CST 2026-07-17 20:05:54.078   727   727 I C01406/OHOS::RS: RSRenderNode:: add child surfaceNode[id:9470402888528 name:session31] parent'S isOnTheTree_:0
CST 2026-07-17 20:05:54.079   727   727 I C01406/OHOS::RS: RSSurfaceRenderNode:SetIsOnTheTree, node:[name: WindowScene_e3vpnb31, id: 9470402888528], on tree: 1, nodeType: 4, uniqueId: null, screenNodeId: 3122441224192
CST 2026-07-17 20:05:54.079   727   727 E C01406/RSScreenManager: IsAllScreensPowerOff: screenPowerStatus_ is empty.
CST 2026-07-17 20:05:54.164   727   727 E C01406/RSScreenManager: IsAllScreensPowerOff: screenPowerStatus_ is empty.
CST 2026-07-17 20:05:54.164  2205  2205 I C03930/AceAnimation: [(100000:100000:scope)] animateTo finish, cnt:39
CST 2026-07-17 20:05:54.166   611   930 W C02515/DISP: [SetLayerMaskInfo:495] <private> is not supported
CST 2026-07-17 20:05:54.166   611   930 I C02515/DISP: [CommitComposeLayer:67] CommitComposeLayer! 10
CST 2026-07-17 20:05:54.168  3857  3857 I C03f00/ArkCompiler: StartServer, componentName = <private>
CST 2026-07-17 20:05:54.168  3857  3857 W C01321/JsRuntime: [CSM161]not Connected
CST 2026-07-17 20:05:54.168  3857  3857 I C03f00/ArkCompiler: [ecmascript] JSNApi::NotifyDebugMode, tid = 3857, debugApp = 1, isDebugMode = 0, instanceId = 0
CST 2026-07-17 20:05:54.168   145   148 I C02c03/PARAM_WATCHER: [watcher_manager.cpp:72]Add remote watcher remoteWatcherId 59 3857 success
CST 2026-07-17 20:05:54.168   145   148 I C02c03/PARAM_WATCHER: SendLocalChange start keyPrefix persist.hdc.jdwp remoteWatcherId 59
CST 2026-07-17 20:05:54.168   611   930 W C02515/DISP: [SetLayerMaskInfo:495] <private> is not supported
CST 2026-07-17 20:05:54.169   611   930 I C02515/DISP: [CommitComposeLayer:67] CommitComposeLayer! 10
CST 2026-07-17 20:05:54.170  3857  3857 I C03f00/ArkCompiler: [compiler] __jit_debug_register_code() is called.
CST 2026-07-17 20:05:54.170  3857  3857 I C03f00/ArkCompiler: [compiler] success to register stub.an to debugger.
CST 2026-07-17 20:05:54.171  3857  4321 I C01317/AppKit: [DRH373]success to create /data/storage/el2/base/cache/rawheap
CST 2026-07-17 20:05:54.171  3857  3857 W C01e00/ResourceManager: update userId, currentUserId_= 0, userId= 100
CST 2026-07-17 20:05:54.171  3857  3857 E C01e00/ResourceManager: LoadThemesRes failed, userId = 100, bundleName = cn.alfadb.netbird.e3vpnb
CST 2026-07-17 20:05:54.171  3857  3857 W C01e00/ResourceManager: theme resources will clean, id 100
CST 2026-07-17 20:05:54.171  3857  4316 W C01653/NativePreferences: LoadFromDisk: The settingXml /***/el1/***/i18*** load failed.
CST 2026-07-17 20:05:54.172   145   148 I C02c03/PARAM_WATCHER: [watcher_manager.cpp:187]Add watcher persist.hdc.jdwp remoteWatcherId: 59 groupId 101 success
CST 2026-07-17 20:05:54.172  3857  4327 I C02c03/PARAM_WATCHER: Add watcher keyPrefix persist.hdc.jdwp remoteWatcherId 59 success
CST 2026-07-17 20:05:54.173   728  1043 W C011fc/BMSExt: [IsTargetApp:729]bundleName or appIdentifier is empty
CST 2026-07-17 20:05:54.173   728  1043 I C011fc/BMSExt: [GetBundleInfo:523]GetBundleInfo ret 0
CST 2026-07-17 20:05:54.173   728  1043 I C011fc/BMSExt: [GetCompatibleDeviceType:65]calc deviceType bundleName: cn.alfadb.netbird.e3vpnb, deviceType: 
CST 2026-07-17 20:05:54.173  3857  3857 E C01301/CompatiblePolicyDeviceType: [calculateResourceType:81]deviceType is empty.
CST 2026-07-17 20:05:54.174  3857  3857 W C01301/Ability: [resource_config_helper.cpp183]invalid source:
CST 2026-07-17 20:05:54.174  3857  3857 W C01301/Ability: [resource_config_helper.cpp183]invalid source:
CST 2026-07-17 20:05:54.174  3857  3857 I C01317/AppKit: [application_cleaner.cpp94]ClearTempData
CST 2026-07-17 20:05:54.181  4330  4330 W C02c02/PARAM: Selinux check name persist.init.debug.loglevel in u:object_r:startup_init_param:s0 [4330 2000 2000] failed
CST 2026-07-17 20:05:54.181  4330  4330 W C02c02/PARAM: Selinux check name persist.init.debug.loglevel in u:object_r:startup_init_param:s0 [4330 2000 2000] failed
CST 2026-07-17 20:05:54.181  4330  4330 W C02c02/PARAM: SystemReadParam failed!name is:persist.init.debug.loglevel,err:1002
CST 2026-07-17 20:05:54.184  3857  3857 I C02d06/XCollie: Application is in starting period.
CST 2026-07-17 20:05:54.184  3857  3857 I C01317/AppKit: [MTHRD2688]NotifyApplicationPreAbilityCreate
CST 2026-07-17 20:05:54.189  4330  4330 W C02c02/PARAM: Selinux check name persist.init.debug.loglevel in u:object_r:startup_init_param:s0 [4330 2000 2000] failed
CST 2026-07-17 20:05:54.189  4330  4330 W C02c02/PARAM: Selinux check name persist.init.debug.loglevel in u:object_r:startup_init_param:s0 [4330 2000 2000] failed
CST 2026-07-17 20:05:54.189  4330  4330 W C02c02/PARAM: SystemReadParam failed!name is:persist.init.debug.loglevel,err:1002
CST 2026-07-17 20:05:54.190  3857  3857 I C01317/AppKit: [JAS193]LoadModule
CST 2026-07-17 20:05:54.191  3857  3857 W C01317/AppKit: [JAS966]null stage
CST 2026-07-17 20:05:54.191  3857  3857 W C01317/AppKit: [JAS236]Not found AbilityStage.js
CST 2026-07-17 20:05:54.191  3857  3857 I C01317/AppKit: [OH_APP424]OnAboutToCreateAbility
CST 2026-07-17 20:05:54.191  3857  3857 W C01317/AppKit: [JAS331]Not found AbilityStage.js
CST 2026-07-17 20:05:54.192   728  1043 E C01336/AMS: [ABR3442]SetAppRecoveryFlag:65535
CST 2026-07-17 20:05:54.192  3857  3857 I C03f00/ArkCompiler: [ecmascript] start to execute module buffer with secure memory: /data/storage/el1/bundle/entry/ets/entryability/EntryAbility.abc
CST 2026-07-17 20:05:54.192  3857  4323 I C03f00/ArkCompiler: [pgo] will save profiler to file /data/storage/ark-profile/rt_entry.ap
CST 2026-07-17 20:05:54.192  3857  3857 E C03f00/ArkCompiler: [common] Can not open xpm proc file, do not check secure memory anymore.
CST 2026-07-17 20:05:54.193  3857  3857 I C01320/JsEnv: [JSENV299]timing: 1
CST 2026-07-17 20:05:54.194  3857  3857 I C01320/JSENV: Callee constructor is OK string
CST 2026-07-17 20:05:54.194  3857  3857 I C01320/JSENV: Ability::constructor callee is object [object Object]
CST 2026-07-17 20:05:54.194  3857  3857 I C03f00/ArkCompiler: [ecmascript] start to execute ark buffer with secure memory use file: /data/storage/el1/bundle/entry/ets/modules.abc, entrypoint: @bundle:cn.alfadb.netbird.e3vpnb/entry/build/generated/r/ResourceTable
CST 2026-07-17 20:05:54.196  3857  3857 I C01332/UIAbility: [ui_ability_thread.cpp173]Lifecycle:Attach
CST 2026-07-17 20:05:54.196   728  1043 I C01336/AMS: [ABMS7238]AttachAbilityThread
CST 2026-07-17 20:05:54.196   728  1043 I C01336/AMS: [UALM538]lifecycle name: EntryAbility
CST 2026-07-17 20:05:54.196   728  1043 I C01336/AMS: [ABR556]RemoveLoadTimeoutTask:40
CST 2026-07-17 20:05:54.197   728  4257 I C01311/AppMS: [ARR938]appState: 1, pState: 0, cn.alfadb.netbird.e3vpnb/EntryAbility
CST 2026-07-17 20:05:54.197  3857  3857 I C01317/AppKit: [MTHRD2864]called
CST 2026-07-17 20:05:54.197  3857  3857 I C03f00/ArkCompiler: [gc] app is not inBackground
CST 2026-07-17 20:05:54.204  3857  3857 E C01707/CONCUR: [Interface] task 4323 apply qos failed, errno = 4
CST 2026-07-17 20:05:54.211  1694  1805 I C0430a/file_monitor_service: [MainMissionStatus:197]CanExit
CST 2026-07-17 20:05:54.211  1694  1805 I C0430a/file_monitor_service: [MainMissionStatus:203]SecondaryScanner idle
CST 2026-07-17 20:05:54.211  3857  3857 E C01707/CONCUR: [Interface] task 4324 apply qos failed, errno = 4
CST 2026-07-17 20:05:54.218  3857  3857 E C01707/CONCUR: [Interface] task 4325 apply qos failed, errno = 4
CST 2026-07-17 20:05:54.219   815   903 I C02b91/AVSession: [HandleAppStateChanged]uid=20020063|pid=3857|state=2
CST 2026-07-17 20:05:54.219   210   210 I C02b83/AudioServiceAppStateListener: [OnAppStateChanged]app state changed, bundleName=cn.alfadb.netbird.e3vpnb uid=20020063 pid=3857 state=2
CST 2026-07-17 20:05:54.219   728  4258 I C01357/ProcessMgr: [ARR1096]ability size: 1
CST 2026-07-17 20:05:54.219   210   210 W C02b8b/DfxMsgManager: [UpdateAppState]discard unstarted audio stream app state
CST 2026-07-17 20:05:54.219   728  4258 I C01311/AppMS: [module_running_record.cpp194]change from 1 to 2. bundle: cn.alfadb.netbird.e3vpnb, ability: EntryAbility.
CST 2026-07-17 20:05:54.219   728  4258 I C01336/AMS: [ABMS8065]OnAbilityRequestDone cn.alfadb.netbird.e3vpnb-EntryAbility state:2
CST 2026-07-17 20:05:54.219   728  4260 W C01123/BMSCommon: uid(2000) invalid
CST 2026-07-17 20:05:54.219   728  4258 I C01336/AMS: [UALM592]Ability is cn.alfadb.netbird.e3vpnb/EntryAbility, start to foreground.
CST 2026-07-17 20:05:54.219   728  4258 I C01336/AMS: [ABR394]ForegroundLifecycle EntryAbility
CST 2026-07-17 20:05:54.219   728  4260 W C01123/BMSCommon: uid(2000) invalid
CST 2026-07-17 20:05:54.219   319   390 I C01f0b/Common: MsdpMovementManage ProcessEvent eventId=6
CST 2026-07-17 20:05:54.220   311   379 I C015b5/NetMgrEnhanced: uid=2******3, pid=3857, state=2, bundleName=cn.alfadb.netbird.e3vpnb, isFocused =0.
CST 2026-07-17 20:05:54.220   311  1527 I C015b5/NetMgrEnhanced: uid:20020063, pid:3857, state:2, isFocused:0, cn.alfadb.netbird.e3vpnb
CST 2026-07-17 20:05:54.220   728  4258 I C01311/AppMS: [AMSI2830]cn.alfadb.netbird.e3vpnb foregrounded pState: 1
CST 2026-07-17 20:05:54.220   309   538 I C01706/ueaServer-FrameMsgIntf: [a92ab81aa235bb5] ReportProcessInfo pid is 3857, uid is 20020063
CST 2026-07-17 20:05:54.220  1069  1180 I C01560/WifiFrameWork: OnForegroundApplicationChanged bundleName: cn.alfadb.netbird.e3vpnb, uid: 20020063, state: 2, isFocused: 0
CST 2026-07-17 20:05:54.220   309   538 I C01731/SUSPEND_MSG: [a92ab91aa235c78] 20020063_cn.alfadb.netbird.e3vpnb_3857, state:2
CST 2026-07-17 20:05:54.220   309   538 E C01724/TASK_DETECTION: [a92ab91aa235c78] [OnAppStateChanged:632]Task detection feature is not ready
CST 2026-07-17 20:05:54.220   309   538 I C01706/ueaServer-IntelliSenseServer: [a92ab81aa235bb5] Get app info:3857 20020063 cn.alfadb.netbird.e3vpnb 2
CST 2026-07-17 20:05:54.220   309   538 I C01705/IOLIMIT: [a92ab81aa235bb5] [(HandleAppStateChange):263] Add foreground list app uid: 20020063, pid: 3857.
CST 2026-07-17 20:05:54.220  1069  4197 I C01560/StaStateMachine: SeparatedState-msgCode=12324 received. m_instId=0
CST 2026-07-17 20:05:54.220  1069  4197 I C01560/StaStateMachine: InitState-msgCode=12324 is received. m_instId = 0
CST 2026-07-17 20:05:54.220  1069  4197 I C01560/StaStateMachine: ClosedState-msgCode=12324 is received. m_instId = 0
CST 2026-07-17 20:05:54.221   251   975 I C02801/AppStateObserver: [|39]Process state change app name:cn.alfadb.netbird.e3vpnb, uid:20020063, state:2
CST 2026-07-17 20:05:54.221   311  4283 I C015b5/NetMgrEnhanced: NotifyAbilityStateChanged:uid=2******3, pid=3857, state=2, abilityName=EntryAbility
CST 2026-07-17 20:05:54.221   251   975 I C02801/AppStateObserver: [|90]The foregroundAppData_.size():3
CST 2026-07-17 20:05:54.221   250   250 I C02699/MM: HandleProcessFgOrBg FG:p=3857,u=20020063,pName=cn.alfadb.netbird.e3vpnb,isKA=0
CST 2026-07-17 20:05:54.221   309   312 I C01710/BUNDLE_ACTIVE: [bundle_active_app_state_obsever.cpp(OnAbilityStateChanged):61]OnAblityStateChanged userid is 100, bundle name is cn.alfadb.netbird.e3vpnb, uid is 20020063, event is 2, timestamp is 132783
CST 2026-07-17 20:05:54.221  1069  1090 I C01560/WifiFrameWork: OnForegroundApplicationChanged bundleName: cn.alfadb.netbird.e3vpnb, uid: 20020063, state: 2, isFocused: 0
CST 2026-07-17 20:05:54.221   309  1535 I C01710/BUNDLE_ACTIVE: [bundle_active_bundle_mgr_helper.cpp(GetApplicationInfo):65]bundleMgr is null: 0 
CST 2026-07-17 20:05:54.222  1069  1537 E C01560/MultiLinkUtils: IsDeviceSupportMultiLink chipname is empty or doesn't exist, return unknown
CST 2026-07-17 20:05:54.222  1069  1537 E C01560/MultiLinkUtils: Chip type not suppoort MultiLink
CST 2026-07-17 20:05:54.222   163  1238 I C02d10/ProcessStatus: UpdateProcessForegroundState: pid=3857 state=FOREGROUND
CST 2026-07-17 20:05:54.222   250  4267 I C02699/MM: UpdatePriorityLocked FG: 3857, 20020063, 0, [], 00000
CST 2026-07-17 20:05:54.222   210   210 I C02b87/AudioBackgroundManager: [InsertIntoAppStatesMap]appStatesMap_ add pid: 3857 with hasSession: 0, isBack: 0, hasBackgroundTask: 0, isFreeze: 0, isSystem: 0
CST 2026-07-17 20:05:54.222   250  4267 I C02699/MM: HandleAppForeground appName=cn.alfadb.netbird.e3vpnb appId=20020063
CST 2026-07-17 20:05:54.222   250  4267 I C02699/MM: SwapInMemcg appId=20020063 userId=100 cost=79us
CST 2026-07-17 20:05:54.222  1069  4196 I C01560/StaStateMachine: SeparatedState-msgCode=12324 received. m_instId=0
CST 2026-07-17 20:05:54.222  1069  4196 I C01560/StaStateMachine: InitState-msgCode=12324 is received. m_instId = 0
CST 2026-07-17 20:05:54.222  1069  4196 I C01560/StaStateMachine: ClosedState-msgCode=12324 is received. m_instId = 0
CST 2026-07-17 20:05:54.222   916   916 I C04619/Publish: [system_ability_adapter.cpp:22]OnAbilityStateChanged# pid:3857, uid:20020063, bundleName:cn.alfadb.netbird.e3vpnb, abilityState:2, isFocused:0
CST 2026-07-17 20:05:54.222   916   916 I C04619/Publish: [system_ability_adapter.cpp:41]HandleAbilityStateChange# notify serviceName :OneTouchShare
CST 2026-07-17 20:05:54.222   916   916 I C04621/CFWKService: [dynamic_thread_pool.cpp:154]AddTask# pool = 1,idle/max threads = 1/64,groupId/GroupTask = 2/0
CST 2026-07-17 20:05:54.222   916   916 I C04619/Publish: [system_ability_adapter.cpp:48]HandleAbilityStateChange# add task: 1
CST 2026-07-17 20:05:54.222   916  1139 I C04621/CFWKService: [dynamic_thread_pool.cpp:310]WorkInThread# run--->task 9450305740236762762 run in thread 139642852544484
CST 2026-07-17 20:05:54.222   916  1139 I C04619/Publish: [system_ability_adapter.cpp:44]operator()# notify serviceName:OneTouchShare
CST 2026-07-17 20:05:54.223   309  1535 I C01710/BUNDLE_ACTIVE: [bundle_active_bundle_mgr_helper.cpp(GetApplicationInfo):65]bundleMgr is null: 0 
CST 2026-07-17 20:05:54.223   916  1139 I C04619/Common: [account_utils.cpp:26]GetForegroundAccountId# ret 0, the 100 account is foreground
CST 2026-07-17 20:05:54.223   309  1535 I C01710/BUNDLE_ACTIVE: [bundle_active_user_history.cpp(ReportUsage):220]RegisterAppGroupCallBack AppGroupCallbackInfo build success
CST 2026-07-17 20:05:54.223   309  1532 I C01710/BUNDLE_ACTIVE: [bundle_active_core.cpp(NotifOberserverGroupChanged):885]RegisterAppGroupCallBack will OnAppGroupChanged!,oldGroup is 60, newGroup is 10
CST 2026-07-17 20:05:54.224   728  4258 E C01311/AppMS: [AMSI6419]not uiextension. uiextension type: 255
CST 2026-07-17 20:05:54.224   728   979 I C01c30/SclockKit: [screenlock_system_ability.cpp(IsDeviceLocked:948)]IsDeviceLocked. userId=100, isDeviceLocked=0
CST 2026-07-17 20:05:54.224   916  1139 I C04619/Publish: [service_publish_manager.cpp:2247]IsSupportView# isLocked: 0, getLockedRes: 77856768, IsSceneRecent: 0
CST 2026-07-17 20:05:54.224   916  1139 I C04626/Motion: [motion_framework.cpp:230]IsMotionPlaying# motion is not playing
CST 2026-07-17 20:05:54.224   916  1139 I C04619/Publish: [service_publish_manager.cpp:2434]GetFocusWindowInfo# enter
CST 2026-07-17 20:05:54.224   916  1139 E C04619/Detect: [action_detect_manager.cpp:2330]LoadWindowStateLite# enter 10
CST 2026-07-17 20:05:54.224   916  1139 E C04621/CFWKService: [window_state_manager_lite.cpp:158]GetFocusWindowInfoLite# no enable
CST 2026-07-17 20:05:54.224   916  1139 I C04621/CFWKService: [window_state_manager_lite.cpp:93]Enable# enter
CST 2026-07-17 20:05:54.224   916  1139 W C04200/WindowManagerLite: RegisterFocusChangedListener: Listener is already registered.
CST 2026-07-17 20:05:54.224   309  1532 I C01712/WORK_SCHEDULER: [OnAppGroupChanged:39]Bundle group changed, from 60 to 10 with userId = 100, bundleName = cn.alfadb.netbird.e3vpnb
CST 2026-07-17 20:05:54.224   309  1532 I C01712/WORK_SCHEDULER: [AddGroup:134]activeGroupMap_ size 2
CST 2026-07-17 20:05:54.224   309  1532 E C01712/WORK_SCHEDULER: [OnAppGroupChanged:47]OnAppGroupChanged no work found, bundleName = cn.alfadb.netbird.e3vpnb
CST 2026-07-17 20:05:54.224  2205  2430 I C04207/WMSFocus: reply
CST 2026-07-17 20:05:54.224   916  1139 E C04621/CFWKService: [window_state_manager_lite.cpp:139]GetFocusWindowInfoInner# invalid pid -1 uid -1
CST 2026-07-17 20:05:54.224  3857  4315 I C01332/UIAbility: [ui_ability_thread.cpp321]name:EntryAbility,targeState:5,isNewWant:0
CST 2026-07-17 20:05:54.224   916  1139 E C04621/CFWKService: [window_state_manager_lite.cpp:106]Enable# Get FocusWindowInfoInner failed.
CST 2026-07-17 20:05:54.225   916  1139 I C04619/Publish: [service_publish_manager.cpp:2438]GetFocusWindowInfo# WindowInfo pid: 2205, windowId: 10
CST 2026-07-17 20:05:54.225   916  1139 I C04619/Publish: [service_publish_manager.cpp:2378]GetLatestPid# enter, windowId:10 sceneType:0
CST 2026-07-17 20:05:54.225   916  1139 I C04619/Publish: [service_publish_manager.cpp:2354]GetLatestPublishInfo# get targetPid: -1
CST 2026-07-17 20:05:54.225   916  1139 I C04619/Publish: [service_publish_manager.cpp:3342]GetWinPublishListener# find windowId:10, pid:2205, sceneType:0
CST 2026-07-17 20:05:54.225   916  1139 I C04619/Publish: [service_publish_manager.cpp:3378]GetWinPublishListenerLocked# 10_2205_0 get listener failed
CST 2026-07-17 20:05:54.225   916  1139 I C04619/Publish: [service_publish_manager.cpp:3351]GetWinPublishListener# find using default windowId:-1
CST 2026-07-17 20:05:54.225   916  1139 I C04619/Publish: [service_publish_manager.cpp:3378]GetWinPublishListenerLocked# -1_2205_0 get listener failed
CST 2026-07-17 20:05:54.225   916  1139 I C04619/Publish: [service_publish_manager.cpp:2378]GetLatestPid# enter, windowId:1 sceneType:0
CST 2026-07-17 20:05:54.225   916  1139 I C04619/Publish: [service_publish_manager.cpp:2366]GetSCBLatestPublishInfo# get SCB scene targetPid: -1
CST 2026-07-17 20:05:54.225   916  1139 I C04619/Publish: [service_publish_manager.cpp:3342]GetWinPublishListener# find windowId:10, pid:2205, sceneType:0
CST 2026-07-17 20:05:54.225   916  1139 I C04619/Publish: [service_publish_manager.cpp:3378]GetWinPublishListenerLocked# 10_2205_0 get listener failed
CST 2026-07-17 20:05:54.225   916  1139 I C04619/Publish: [service_publish_manager.cpp:3351]GetWinPublishListener# find using default windowId:-1
CST 2026-07-17 20:05:54.225   916  1139 I C04619/Publish: [service_publish_manager.cpp:3378]GetWinPublishListenerLocked# -1_2205_0 get listener failed
CST 2026-07-17 20:05:54.225   916  1139 I C04619/Publish: [service_publish_manager.cpp:2346]GetFocusWindowPublishListener# get windowId:10, pid:2205, Exit
CST 2026-07-17 20:05:54.225   916  1139 I C04619/Detect: [action_detect_manager.cpp:131]UpdatePublishState# update : 0, old : 0
CST 2026-07-17 20:05:54.225   916  1139 I C04621/CFWKService: [dynamic_thread_pool.cpp:318]WorkInThread# end--->task 9450305740236762762 run in thread 139642852544484 cost 2 ms
CST 2026-07-17 20:05:54.225  3857  3857 I C01332/UIAbility: [ui_ability_thread.cpp240]Lifecycle:name EntryAbility
CST 2026-07-17 20:05:54.225  3857  3857 I C04201/DMS: AddDisplayIdFromAms: abilityToken and display[0] has been added.
CST 2026-07-17 20:05:54.226  3857  3857 W C04201/DMS: RegisterClientDeathListener: regis reverse death
CST 2026-07-17 20:05:54.226  3857  3857 I C04201/DMS: RegisterClientDeathListener: ENTER
CST 2026-07-17 20:05:54.226   728   979 I C04201/DMS: screen_session_manager.cpp RegisterClientDeathListener: pid: 3857, bundle name: cn.alfadb.netbird.e3vpnb
CST 2026-07-17 20:05:54.226   728   979 W C04201/DMS: screen_session.cpp: call BMS
CST 2026-07-17 20:05:54.226   728   979 I C04201/DMS: screen_session.cpp: pid:24, bundle:cn.alfadb.netbird.e3vpnb, api:24
CST 2026-07-17 20:05:54.227  3857  3857 I C01332/UIAbility: [JUA2036]JsUIAbility call js, name: onCreate
CST 2026-07-17 20:05:54.228  3857  3857 I A02900/E3VpnGate: ENTRY_ONCREATE|bundle=cn.alfadb.netbird.e3vpnb
CST 2026-07-17 20:05:54.229  3857  3857 I C01332/UIAbility: [JUA2081]end, name: onCreate, time: 1
CST 2026-07-17 20:05:54.229  3857  3857 E C01332/UIAbility: [ui_ability_impl.cpp314]hasSaveData_: false
CST 2026-07-17 20:05:54.229  3857  3857 W C01332/UIAbility: [JUA1223]formatRegex: []
CST 2026-07-17 20:05:54.229  3857  3857 I C04202/WMSMain: Init: WindowScene with window session!
CST 2026-07-17 20:05:54.229  3857  3857 I C04202/WMSMain: Init: set isModuleAbilityHookEnd
CST 2026-07-17 20:05:54.229  3857  3857 I C04204/WMSScb: RS multi-instance enabled: 1
CST 2026-07-17 20:05:54.229  3857  3857 I C01406/OHOS::RS: multi-instance, create RSUIContextManager, isMultiInstanceOpen_ 1
CST 2026-07-17 20:05:54.231   145   148 I C02c03/PARAM_WATCHER: SendLocalChange start keyPrefix persist.sys.graphic.animationscale remoteWatcherId 59
CST 2026-07-17 20:05:54.231   145   148 I C02c03/PARAM_WATCHER: [watcher_manager.cpp:187]Add watcher persist.sys.graphic.animationscale remoteWatcherId: 59 groupId 80 success
CST 2026-07-17 20:05:54.231  3857  3857 I C02c03/PARAM_WATCHER: Add watcher keyPrefix persist.sys.graphic.animationscale remoteWatcherId 59 success
CST 2026-07-17 20:05:54.231  3857  3857 I C04204/WMSScb: InitRSUIDirector: Create RSUIDirector: RSUIDirector's RSUIContext [token: 16565688860673, tid: 3857], rsUIContext: RSUIContext is null
CST 2026-07-17 20:05:54.232   285   285 E C01700/RSS: [a92abd1aa23866c] DeliverResource, PluginMgr resType 1002 no lib register!
CST 2026-07-17 20:05:54.232   309   539 E C01704/TagSched: [a92abd1aa23866c] [ExecutorCheckTidIsInPid][Executor] ExecutorCheckTidIsInPid get reply is invalied
CST 2026-07-17 20:05:54.232   727   933 I C01406/RSClientToServiceConnection: CreateNodeAndSurface node id:16565688860674 name:e3vpnb0 surface id:3122441224224 name:e3vpnb0
CST 2026-07-17 20:05:54.232   309   539 I C01704/TagSched: [a92abd1aa23866c] [SetQosRealtimeTask]ThreadModifyQos,setQos 727 tid[933],  qos[7]
CST 2026-07-17 20:05:54.232   309   539 E C01704/TagSched: [a92abd1aa23866c] [OpenQosCtrl]Failed to open qos_ctrl device
CST 2026-07-17 20:05:54.232   309   539 E C01704/TagSched: [a92abd1aa23866c] [IsQosHandleOpen]get qosSetHandle_ fail
CST 2026-07-17 20:05:54.232   309   539 E C01704/TagSched: [a92abd1aa23866c] [SetQosInternal]qosSetHandle open fail
CST 2026-07-17 20:05:54.232   309   539 E C01704/TagSched: [a92abd1aa23866c] [OpenQosCtrl]Failed to open qos_ctrl device
CST 2026-07-17 20:05:54.232   309   539 E C01704/TagSched: [a92abd1aa23866c] [IsQosHandleOpen]get qosSetHandle_ fail
CST 2026-07-17 20:05:54.232   309   539 E C01704/TagSched: [a92abd1aa23866c] [SetQosInternal]qosSetHandle open fail
CST 2026-07-17 20:05:54.232   309   539 E C01704/TagSched: [a92abd1aa23866c] [OpenQosCtrl]Failed to open qos_ctrl device
CST 2026-07-17 20:05:54.232   309   539 E C01704/TagSched: [a92abd1aa23866c] [IsQosHandleOpen]get qosSetHandle_ fail
CST 2026-07-17 20:05:54.232   309   539 E C01704/TagSched: [a92abd1aa23866c] [SetQosInternal]qosSetHandle open fail
CST 2026-07-17 20:05:54.232   309   539 E C01704/TagSched: [a92abd1aa23866c] [OpenQosCtrl]Failed to open qos_ctrl device
CST 2026-07-17 20:05:54.232   309   539 E C01704/TagSched: [a92abd1aa23866c] [IsQosHandleOpen]get qosSetHandle_ fail
CST 2026-07-17 20:05:54.232   309   539 E C01704/TagSched: [a92abd1aa23866c] [SetQosInternal]qosSetHandle open fail
CST 2026-07-17 20:05:54.232   309   539 E C01704/TagSched: [a92abd1aa23866c] [OpenQosCtrl]Failed to open qos_ctrl device
CST 2026-07-17 20:05:54.232   309   539 E C01704/TagSched: [a92abd1aa23866c] [IsQosHandleOpen]get qosSetHandle_ fail
CST 2026-07-17 20:05:54.232   309   539 E C01704/TagSched: [a92abd1aa23866c] [SetQosInternal]qosSetHandle open fail
CST 2026-07-17 20:05:54.232   309   539 E C01704/TagSched: [a92abd1aa23866c] [OpenQosCtrl]Failed to open qos_ctrl device
CST 2026-07-17 20:05:54.232   309   539 E C01704/TagSched: [a92abd1aa23866c] [IsQosHandleOpen]get qosSetHandle_ fail
CST 2026-07-17 20:05:54.232   309   539 E C01704/TagSched: [a92abd1aa23866c] [SetQosInternal]qosSetHandle open fail
CST 2026-07-17 20:05:54.255   611   930 W C02515/DISP: [SetLayerMaskInfo:495] <private> is not supported
CST 2026-07-17 20:05:54.256   727   727 I C01406/RSClientToServiceConnection: CreateNodeAndSurface RegisterRenderNode id:16565688860674, name:e3vpnb0
CST 2026-07-17 20:05:54.256   611   615 I C02515/DISP: [CommitComposeLayer:67] CommitComposeLayer! 10
CST 2026-07-17 20:05:54.256   727   727 E C01406/RSScreenManager: IsAllScreensPowerOff: screenPowerStatus_ is empty.
CST 2026-07-17 20:05:54.258  3857  3857 W C01409/APS_MANAGER: redo Connect
CST 2026-07-17 20:05:54.258  3857  3857 I C01409/APS_MANAGER: Start to ConnectService
CST 2026-07-17 20:05:54.258  3857  3857 I C01409/APS_MANAGER: GetSystemAbilityManager success
CST 2026-07-17 20:05:54.258  3857  3857 I C01409/APS_MANAGER: GetSystemAbility success
CST 2026-07-17 20:05:54.259  3857  3857 I C01406/OHOS::RS: RSLogManager init log flag: 0x0(0)
CST 2026-07-17 20:05:54.259  3857  3857 I C01406/OHOS::RS: RSFrameRateLinker::Create id: 16565688860672
CST 2026-07-17 20:05:54.259  3857  3857 I C04202/WMSMain: VsyncStation: id 16565688860674 created
CST 2026-07-17 20:05:54.259  3857  3857 I C04200/WindowSceneSessionImpl: WindowSceneSessionImpl: [WMSCom] Constructor e3vpnb0
CST 2026-07-17 20:05:54.259  3857  3857 E C04200/WMS: SetWindowType: permission denied!
CST 2026-07-17 20:05:54.259  3857  3857 I C0420a/WMSLife: Create: Window Create name:e3vpnb0, state:0, mode:0
CST 2026-07-17 20:05:54.340   611   615 W C02515/DISP: [SetLayerMaskInfo:495] <private> is not supported
CST 2026-07-17 20:05:54.341   611   615 I C02515/DISP: [CommitComposeLayer:67] CommitComposeLayer! 10
CST 2026-07-17 20:05:54.342   727   727 E C01406/RSScreenManager: IsAllScreensPowerOff: screenPowerStatus_ is empty.
CST 2026-07-17 20:05:54.346  3857  3857 I C0420a/WMSLife: Create: SetIsAbilityHookOff 0
CST 2026-07-17 20:05:54.346  3857  3857 W C0420a/WMSLife: IsWindowSessionInvalid: already destroyed or not created! id: 0 state_: 0
CST 2026-07-17 20:05:54.346  3857  3857 W C04200/WindowSceneSessionImpl: AdjustWindowAnimationFlag: session invalid!
CST 2026-07-17 20:05:54.346  3857  3857 I C04200/WindowSceneSessionImpl: Remove window flag WINDOW_FLAG_SHOW_WHEN_LOCKED
CST 2026-07-17 20:05:54.346   142  1105 I C01800/SAMGR: SubscribeSA:1901,3857_26_1
CST 2026-07-17 20:05:54.346   142  1105 I C01800/SAMGR: NotifyAddSA:1901,3857_1
CST 2026-07-17 20:05:54.346  3857  3857 I C0420a/WMSLife: Connect: in
CST 2026-07-17 20:05:54.347  2205  2430 I C01406/OHOS::RS: RSSurfaceNode::Unmarshalling, Node: 16565688860674, Name: e3vpnb0
CST 2026-07-17 20:05:54.347  2205  2275 I C0420a/WMSLife: ConnectInner: [id: 31] state: 0,isTerminating:0, callingPid:3857, disableDelegator:0
CST 2026-07-17 20:05:54.347  3857  4315 I C04208/WMSLayout: NotifyAppHookWindowInfoUpdated: in
CST 2026-07-17 20:05:54.347  2205  2275 I C04217/WMSAttribute: GetAbilityColorMode: winId: 31, colorMode: , hasDarkRes: 0
CST 2026-07-17 20:05:54.347  2205  2275 I C01406/OHOS::RS: RSTransactionHandler::Begin syncId:0, transactionHandler:4029968255, remoteTransactionDataStack.size:0
CST 2026-07-17 20:05:54.347  2205  2275 I C01406/OHOS::RS: RSTransactionHandler::Commit transactionHandler:4029968255
CST 2026-07-17 20:05:54.347  2205  2275 I C04202/WMSMain: InitSessionPropertyWhenConnect: [id: 31] requestedOrientation: 0, defaultRequestedOrientation: 0, userRequestedOrientation: 0
CST 2026-07-17 20:05:54.347  2205  2275 I C0420c/WMSEvent: SetCallingPid: id:31, 3857
CST 2026-07-17 20:05:54.347  2205  2275 I C0420a/WMSLife: The windows of pid 3857 change to visibility.
CST 2026-07-17 20:05:54.347  2205  2275 I C0420a/WMSLife: OnSessionStateChange: id: 31, state: 1
CST 2026-07-17 20:05:54.347   728  1043 I C01311/AppMS: [WND_CHG_LSNR38]NotifyWindowPidVisibilityChanged called, pid:3857, visibilityState:0.
CST 2026-07-17 20:05:54.348   309   538 E C01704/TagSched: [a92ab01aa254f4c] [OpenQosCtrl]Failed to open qos_ctrl device
CST 2026-07-17 20:05:54.348   309   538 E C01704/TagSched: [a92ab01aa254f4c] [IsQosHandleOpen]get qosSetHandle_ fail
CST 2026-07-17 20:05:54.348   309   538 E C01704/TagSched: [a92ab01aa254f4c] [SetQosInternal]qosSetHandle open fail
CST 2026-07-17 20:05:54.348   309   538 E C01704/TagSched: [a92ab01aa254f4c] [OpenQosCtrl]Failed to open qos_ctrl device
CST 2026-07-17 20:05:54.348   309   538 E C01704/TagSched: [a92ab01aa254f4c] [IsQosHandleOpen]get qosSetHandle_ fail
CST 2026-07-17 20:05:54.348   309   538 E C01704/TagSched: [a92ab01aa254f4c] [SetQosInternal]qosSetHandle open fail
CST 2026-07-17 20:05:54.348   728  1043 W C04201/DMS: screen_cutout_controller.cpp GetCutoutArea: display:[ID: 0, W: 1320, H: 2856, R: 0,Mode 0]
CST 2026-07-17 20:05:54.348  2205  2275 I C0420b/WMSKeyboard: CheckEmptyKeyboardAvoidAreaIfNeeded: check keyboard avoid area, isPhoneNotFreeMultiWindow: 1, isPadNotFreeMultiWindow: 0
CST 2026-07-17 20:05:54.348  2205  2275 I C0393b/AceWindowScene: [(-1:100000:singleton)] isAbilityHook: 0
CST 2026-07-17 20:05:54.349  2205  2275 I C0420a/WMSLife: ConnectInner: set session id 31 disableDelegator 0
CST 2026-07-17 20:05:54.349  2205  2275 I C04200/WMS: NotifyPropertyWhenConnect: In
CST 2026-07-17 20:05:54.349  2205  2275 I C04207/WMSFocus: NotifySessionFocusableChange: id: 31, focusable: 1
CST 2026-07-17 20:05:54.349  2205  2275 I C04200/WMS: OnSessionTouchableChange: 1
CST 2026-07-17 20:05:54.349  2205  2275 I C04200/WMS: OnShowWhenLocked: 0
CST 2026-07-17 20:05:54.349  2205  2275 I C0421a/WMSLayoutPc: RegisterFoldScreenStatusChangeCallback: id: 31
CST 2026-07-17 20:05:54.349  2205  2275 I C0421a/WMSLayoutPc: RegisterSystemKeyboardStatusChangeCallback: id: 31
CST 2026-07-17 20:05:54.349  3857  4315 I C0421c/WMSCompat: SetAppHookWindowInfo: Id:0, preHookWindowInfo:[enableHookWindow: false, widthHookRatio: 1.000000, notifyWindowChange: false], newHookWindowInfo:[enableHookWindow: false, widthHookRatio: 1.000000, notifyWindowChange: false]
CST 2026-07-17 20:05:54.349  3857  3857 I C04208/WMSLayout: Connect: updateRect when connect.preRect:[0,0,0,0]rect:[0,0,1320,2856]
CST 2026-07-17 20:05:54.349  3857  4333 W C057c1/IPCWorkThread: ThreadHandler: proto:0 policy:0 name:OS_IPC_2_4333 invoker:3365600
CST 2026-07-17 20:05:54.349  3857  4312 I C04208/WMSLayout: UpdateRect: id:31 name:e3vpnb0 rect:[0 0 1320 2856]->[0 0 1320 2856] reason:0 displayId:0
CST 2026-07-17 20:05:54.349  3857  4312 I C04208/WMSLayout: NotifyFirstValidLayoutUpdate: Id:31, rect:[0 0 1320 2856]
CST 2026-07-17 20:05:54.349  3857  4334 W C057c1/IPCWorkThread: ThreadHandler: proto:0 policy:0 name:OS_IPC_3_4334 invoker:3366160
CST 2026-07-17 20:05:54.349  3857  4312 W C04208/WMSLayout: NotifySingleHandTransformChange: id:31, uiContent is nullptr
CST 2026-07-17 20:05:54.349  3857  3857 I C0420a/WMSLife: Connect: Window Connect [name:e3vpnb0, id:31, type:1], ret:0, oriDisplayId:0, curDisplayId:0
CST 2026-07-17 20:05:54.349  3857  3857 I C0421c/WMSCompat: SendCombinedCompatibleConfigToArkUI: bundleName: cn.alfadb.netbird.e3vpnb, combinedCompatibleConfig size: 2
CST 2026-07-17 20:05:54.349  3857  3857 I C0421c/WMSCompat: SendCombinedCompatibleConfigToArkUI: bundleName:cn.alfadb.netbird.e3vpnb, logicalDeviceConfig size:2, arkUIAndWebConfig size:65
CST 2026-07-17 20:05:54.349  3857  3857 I C03900/ACE_UIContent: [201]get angle info: {}
CST 2026-07-17 20:05:54.349  3857  3857 I C0421c/WMSCompat: SendCombinedCompatibleConfigToArkUI: Send null logical device config to arkui
CST 2026-07-17 20:05:54.349  3857  3857 I C0421c/WMSCompat: SendCombinedCompatibleConfigToArkUI: Send combined compatible config to arkui successfully!
CST 2026-07-17 20:05:54.350  3857  3857 I C04208/WMSLayout: SetWindowMode: windowId: 31, windowModeSupportType: 63, mode: 1
CST 2026-07-17 20:05:54.350  2205  2430 E C04200/WMS: UpdateSessionPropertyByAction: permission denied! action: 262144
CST 2026-07-17 20:05:54.350   202  2336 I C01d00/accessibility: [(WindowUpdateAll:1027)]WindowUpdateAll start activeWindowId_: -1
CST 2026-07-17 20:05:54.350  3857  3857 I C04208/WMSLayout: NotifyWindowStatusChange: id:31, windowMode:1, windowStatus:1, lastWindowStatus:0, skipRedundantWindowStatusNotifications:0
CST 2026-07-17 20:05:54.351   202  2336 I C01d00/accessibility: [(WindowUpdateAll:1079)]WindowUpdateAll end activeWindowId_: -1
CST 2026-07-17 20:05:54.351  3857  3857 I C04208/WMSLayout: SetConfigWindowLimitsVP: id:31, windowLimits:[0 0 0 0 0.000000 0.000000 1.000000 1]
CST 2026-07-17 20:05:54.351  2205  2275 I C04209/WMSImms: OnNeedAvoid win 31 status 0
CST 2026-07-17 20:05:54.351  3857  3857 I C04208/WMSLayout: GetSystemSizeLimits: px[6720,6720,1120,840], vp[1920,1920,320,240], configMax:1920, vpr:3.500000, winType:1
CST 2026-07-17 20:05:54.352  2205  2275 I C04208/WMSLayout: HandleActionUpdateWindowLimits: id:31, px:[6720 6720 1120 840 0.000000 0.000000 3.500000 0], vp:[1920 1920 320 240 0.000000 0.000000 3.500000 1], userLimitsUnit:1
CST 2026-07-17 20:05:54.352  3857  3857 I C0421a/WMSLayoutPc: GetSupportedWindowModesConfiguration: winId: 31, windowModeSupportType: 15
CST 2026-07-17 20:05:54.352  3857  3857 I C04202/WMSMain: SetSupportedWindowModesForAncoInFreeWindow: is not anco app, need not update support window mode.
CST 2026-07-17 20:05:54.352  3857  3857 I C04208/WMSLayout: GetConfigurationFromAbilityInfo: windowId: 31, windowModeSupportType: 15, isAncoSupportFreeWindow: 0
CST 2026-07-17 20:05:54.352  2205  2430 E C04200/WMS: UpdateSessionPropertyByAction: permission denied! action: 2048
CST 2026-07-17 20:05:54.352  3857  3857 I C0420f/WMSRecover: RegisterSessionRecoverCallbackFunc: persistentId=31
CST 2026-07-17 20:05:54.352  3857  3857 I C04209/WMSImms: UpdateStatusBarColorByColorMode: win 31 type 1 hasDarkRes 0 colorMode light
CST 2026-07-17 20:05:54.352   202  2333 I C01d00/accessibility: [(WindowUpdateAll:1027)]WindowUpdateAll start activeWindowId_: -1
CST 2026-07-17 20:05:54.352  3857  3857 I C04200/WMS: IsMainHandlerAvailable: id:31, isAvailable:1
CST 2026-07-17 20:05:54.352  3857  3857 I C04200/WMS: IsMainHandlerAvailable: id:31, isAvailable:1
CST 2026-07-17 20:05:54.353  3857  3857 I C02800/InputManagerImpl: [][SetWindowInputEventConsumer:366] enter
CST 2026-07-17 20:05:54.353  2205  2205 W A0420a/LOGLIMIT: ==LOGS OVER PROC QUOTA, 65 DROPPED==
CST 2026-07-17 20:05:54.353  2205  2205 I A0420a/WMSLife: onSessionStateChange state:1
CST 2026-07-17 20:05:54.353   202  2333 I C01d00/accessibility: [(WindowUpdateAll:1079)]WindowUpdateAll end activeWindowId_: -1
CST 2026-07-17 20:05:54.353  2205  2205 I A04200/WINDOW: SCBScene: [SCBKeyboard] keyboard session is null, no need update keyboard offset
CST 2026-07-17 20:05:54.353  2205  2205 I A04200/WINDOW: SCBSceneSession: onSessionWindowLimitsChange
CST 2026-07-17 20:05:54.353  2205  2205 I C04204/WMSScb: GetSurfaceNode: id: 31, surfaceNode: RSNode [id: 16565688860674], RSUIContext [token: 9470402887681, tid: 2205], original: RSUIContext [token: 9470402887681, tid: 2205]
CST 2026-07-17 20:05:54.353  2205  2205 I C0393b/AceWindowScene: [(100000:100000:scope)] AddChild AppWindow, 2324
CST 2026-07-17 20:05:54.353   251   505 I C02800/ClientDeathHandler: [|113]Insert Death recipient pid:3857 has existed
CST 2026-07-17 20:05:54.353   251   975 I C02801/MMIService: [|4838]TransferBinderClientSrv result:0
CST 2026-07-17 20:05:54.353  2205  2205 I C0393b/AceWindowScene: [(100000:100000:scope)] Add app window finished, id: 31, node id: 2324, name: cn.alfadb.netbird.e3vpnb, rect: RectT (0.00, 0.00) - [1320.00 x 2856.00]
CST 2026-07-17 20:05:54.354   251   975 I C02800/Util: [][GetProcessName:662] enter
CST 2026-07-17 20:05:54.354   251   975 I C02800/Util: [][GetProcessName] leave
CST 2026-07-17 20:05:54.354   251   975 I C02801/MMIService: [|643]Enter, programName:{cn.alfadb.netbird.e3vpnb:1}, moduleType:0, pid:3857
CST 2026-07-17 20:05:54.354   251   505 E C02801/UDSServer: [|59]Not found pid:3857
CST 2026-07-17 20:05:54.354   251   505 E C02800/Util: [|406]CHKPS(realpath(filePath.c_str(), realPath)) is null
CST 2026-07-17 20:05:54.354   251   505 E C02801/BundleNameParser: [|49]Read bundleName failed
CST 2026-07-17 20:05:54.354   251   505 E C02801/BundleNameParser: [|70]Init failed
CST 2026-07-17 20:05:54.354   251   505 I C02801/MMIService: [|314]The userdata:[fd:41, type:1]
CST 2026-07-17 20:05:54.354  2205  2205 I A04200/WINDOW: SCBSSM: onStatusBarEnableChange screenId: 0 statusBarEnable: true
CST 2026-07-17 20:05:54.354   251   505 I C02801/UDSServer: [|329]Add 41 in epollEvent map
CST 2026-07-17 20:05:54.354   251   505 I C02801/UDSServer: [|423]The pid:3857, fd:41
CST 2026-07-17 20:05:54.354   251   505 I C02801/UDSServer: [|442]AddSession end
CST 2026-07-17 20:05:54.354   251   505 I C02801/MMIService: [|733]Get fd:41
CST 2026-07-17 20:05:54.354   251   975 I C02801/MMIService: [|670]Leave, programName:cn.alfadb.netbird.e3vpnb, moduleType:0, alloc success
CST 2026-07-17 20:05:54.354  3857  3857 I C02800/MMIClient: [|267]Connection to server succeeded, fd:32
CST 2026-07-17 20:05:54.354  3857  3857 I C02800/MMIClient: [|166]Server was listening
CST 2026-07-17 20:05:54.354  3857  3857 I C02800/MMIClient: [|127]reuse current event handler, thread name:
CST 2026-07-17 20:05:54.354  3857  3857 I C02800/MMIClient: [|130]File fd is in listening
CST 2026-07-17 20:05:54.354  3857  3857 I C02800/InputManagerImpl: [][SetWindowInputEventConsumer] leave
CST 2026-07-17 20:05:54.354  3857  3857 I C0420c/WMSEvent: AddInputWindow: SetWindowInputEventConsumer success, wid:31
CST 2026-07-17 20:05:54.354  3857  3857 I C0420c/WMSEvent: LoadGameController: in
CST 2026-07-17 20:05:54.354  2205  2205 W A01c06/ICON: AppIconWeatherModel --> initWeatherListener, retryTimes: 4
CST 2026-07-17 20:05:54.359  3857  3857 I C04732/GameController: [(RegisterEntryModule:24)]begin load gamecontroller_event
CST 2026-07-17 20:05:54.359  3857  3857 I C04732/GameController: [(StartInputToTouch:61)]Begin StartInputToTouch
CST 2026-07-17 20:05:54.359  3857  3857 I C0420c/WMSEvent: LoadGameController: dlopen GameController success
CST 2026-07-17 20:05:54.360   728   979 W C011fc/BMSExt: [IsTargetApp:729]bundleName or appIdentifier is empty
CST 2026-07-17 20:05:54.360  3857  3857 I C0420c/WMSEvent: SubscribeEvent: Subscribe touch.events.touchpredict Event
CST 2026-07-17 20:05:54.360  3857  4335 I C04732/GameController: [(GetSelfBundleName:49)]The current bundleName [cn.alfadb.netbird.e3vpnb]. version [0.0.1]
CST 2026-07-17 20:05:54.360  3857  4335 I C04732/GameController: [(IsCommonApp:94)]The [cn.alfadb.netbird.e3vpnb] is a common app.
CST 2026-07-17 20:05:54.360  3857  4335 W C04732/GameController: [(ReadJsonFromFile:224)]realpath failed for [/data/service/el1/public/for-all-app/gamecontroller_server/game_support_key_mapping.json]
CST 2026-07-17 20:05:54.360  3857  4335 I C04732/GameController: [(SetSupportKeyMapping:73)]SetSupportKeyMapping. isSupportKeyMapping_ is [0]
CST 2026-07-17 20:05:54.360  3857  4335 I C04732/GameController: [(DoAsyncTask:76)]The app does not support input-to-touch feature.
CST 2026-07-17 20:05:54.360   142   840 I C01800/SAMGR: SubscribeSA:3299,3857_122_2
CST 2026-07-17 20:05:54.360   142   840 I C01800/SAMGR: NotifyAddSA:3299,3857_2
CST 2026-07-17 20:05:54.361  3857  3857 I C04217/WMSAttribute: ConnectServer: start connect
CST 2026-07-17 20:05:54.361  3857  3857 I C04217/WMSAttribute: ConnectServer: end connect
CST 2026-07-17 20:05:54.361  3857  3857 W C04217/WMSAttribute: RegisterGetWMSWindowListCallback: callback has registered
CST 2026-07-17 20:05:54.361  3857  3857 I C04217/WMSAttribute: RegisterGetWMSWindowListCallback: winId: 31
CST 2026-07-17 20:05:54.361  3857  3857 I C04217/WMSAttribute: UpdateColorMode: winId: 31, colorMode: light
CST 2026-07-17 20:05:54.361  3857  3857 I C04218/WMSPc: UpdateSidebarBlurStyleWhenColorModeChange: in, persistentId=31
CST 2026-07-17 20:05:54.361  3857  3857 W C04218/WMSPc: UpdateSidebarBlurStyleWhenColorModeChange: RSAnimatableProperty is null
CST 2026-07-17 20:05:54.361   728  1004 I C01202/Subscriber: Subscribe cn.alfadb.netbird.e3vpnb(userId = 100, subId = 3857_20020063_-1_523_132923, ffrtCost 1 ms, taskCost 0 ms)
CST 2026-07-17 20:05:54.361  3857  3857 I C04217/WMSAttribute: UpdateColorMode: winId: 31, colorMode: light, hasDarkRes: 0
CST 2026-07-17 20:05:54.361  3857  3857 I C0421c/WMSCompat: SetPcAppInpadSpecificSystemBarInvisible: isPcAppInpadSpecificSystemBarInvisible: 0
CST 2026-07-17 20:05:54.361  3857  3857 I C0421c/WMSCompat: SetPcAppInpadOrientationLandscape: isPcAppInpadOrientationLandscape: 0
CST 2026-07-17 20:05:54.361  2205  2430 I C04217/WMSAttribute: OnUpdateColorMode: winId: 31, colorMode: light, hasDarkRes: 0
CST 2026-07-17 20:05:54.361  2205  2430 I C04217/WMSAttribute: GetAbilityColorMode: winId: 31, colorMode: light, hasDarkRes: 0
CST 2026-07-17 20:05:54.361  3857  3857 I C0420a/WMSLife: Create: Window Create success [name:e3vpnb0, id:31], state:1, mode:1, enableDefaultDensity:0, displayId:0
CST 2026-07-17 20:05:54.361  2205  2430 I C01406/OHOS::RS: RSTransactionHandler::Begin syncId:0, transactionHandler:4029968255, remoteTransactionDataStack.size:0
CST 2026-07-17 20:05:54.361  3857  3857 E C04200/WMS: singleton_container.cpp GetSingleton: cant get OHOS::Rosen::WindowInfoReporter
CST 2026-07-17 20:05:54.361  2205  2430 I C01406/OHOS::RS: RSTransactionHandler::Commit transactionHandler:4029968255
CST 2026-07-17 20:05:54.362  3857  3857 I C01332/UIAbility: [JUA2036]JsUIAbility call js, name: onWindowStageCreate
CST 2026-07-17 20:05:54.362  3857  3857 I C04200/JsWindowStage: LoadContent: [NAPI]
CST 2026-07-17 20:05:54.362  3857  3857 I C01332/UIAbility: [JUA2081]end, name: onWindowStageCreate, time: 0
CST 2026-07-17 20:05:54.362  3857  3857 I C0420a/WMSLife: NotifyWindowStageCreateFinished: id: 31
CST 2026-07-17 20:05:54.362  3857  3857 I C01332/UIAbility: [JUA2036]JsUIAbility call js, name: onWillForeground
CST 2026-07-17 20:05:54.362  3857  3857 I C01332/UIAbility: [JUA2081]end, name: onWillForeground, time: 0
CST 2026-07-17 20:05:54.362  3857  3857 I C04202/WMSMain: GoForeground: reason: 4
CST 2026-07-17 20:05:54.362  3857  3857 I C0420a/WMSLife: Show: Window show [name: e3vpnb0, id: 31, type: 1], reason: 4, state:1, requestState:1
CST 2026-07-17 20:05:54.363  3857  3857 I C04208/WMSLayout: GetSystemSizeLimits: px[6720,6720,1120,840], vp[1920,1920,320,240], configMax:1920, vpr:3.500000, winType:1
CST 2026-07-17 20:05:54.363  3857  3857 I C04208/WMSLayout: UpdateNewSize: fullscreen or compatible mode could not update new size, Id: 31
CST 2026-07-17 20:05:54.363  2205  2275 I C0420a/WMSLife: OnSessionEvent event: 201
CST 2026-07-17 20:05:54.363  2205  2275 I C04200/WMS: OnSessionEvent: 201
CST 2026-07-17 20:05:54.363  2205  2275 I C04208/WMSLayout: HandleActionUpdateWindowLimits: id:31, px:[6720 6720 1120 840 0.000000 0.000000 3.500000 0], vp:[1920 1920 320 240 0.000000 0.000000 3.500000 1], userLimitsUnit:1
CST 2026-07-17 20:05:54.363  3857  3857 I C04217/WMSAttribute: IsSystemDensityChanged: windowId: 31, lastDensity: -1.000000, currDensity: 3.500000
CST 2026-07-17 20:05:54.363  2205  2277 I C0420c/WMSEvent: LogWinInfo: eid:27,size:9,idList:3|0|1|100|2205|2205|1;4|0|1|101|2205|2205|1;7|0|0|1|2205|2205|1;10|0|0|2|2205|2205|1;17|0|1|3|2205|2205|1;19|0|2048|2200|2205|2205|1;21|0|0|2202|2205|2205|1;25|0|2048|4102|2205|2205|2;31|0|0|102|3857|3857|1;31|0,0|1,1|-84,-84,1488,3024
CST 2026-07-17 20:05:54.363  3857  3857 W C04200/WindowSessionImpl: UpdateViewportConfig: uiContent is null!
CST 2026-07-17 20:05:54.363  2205  2275 I C0420a/WMSLife: Foreground: [id: 31] state:1, isTerminating:0
CST 2026-07-17 20:05:54.363  2205  2275 I C0420a/WMSLife: OnSessionStateChange: id: 31, state: 2
CST 2026-07-17 20:05:54.363  3857  3857 I C01332/UIAbility: [ui_ability_impl.cpp439]wnd call, AfterForeground
CST 2026-07-17 20:05:54.363  2205  2275 I C04207/WMSFocus: NotifyFocusStatus: name: cn.alfadb.netbird.e3vpnb/EntryAbility/e3vpnb0, id: 31, isFocused: 1
CST 2026-07-17 20:05:54.363  3857  3857 W C0420a/WMSLife: GetAttachStateSyncResult: lifecycleCallback is null
CST 2026-07-17 20:05:54.363   251   505 I C02803/InputWindowsManager: [|8263]newMainDisplayInfo:0, oldMainDisplayInfo:0
CST 2026-07-17 20:05:54.363   251   505 I C02803/InputWindowsManager: [|8263]newMainDisplayInfo:0, oldMainDisplayInfo:0
CST 2026-07-17 20:05:54.363   251   505 I C02803/InputWindowsManager: [|2067]19|0|2758|1320|98|1,0|0|1320|98
CST 2026-07-17 20:05:54.363  3857  3857 I C01406/OHOS::RS: RSFrameRateLinker::Create id: 16565688860673
CST 2026-07-17 20:05:54.364   202  2337 I C01d00/accessibility: [(WindowUpdateAll:1027)]WindowUpdateAll start activeWindowId_: -1
CST 2026-07-17 20:05:54.364   202  2337 I C01d00/accessibility: [(SetActiveWindow:398)]windowId is 31, activeWindowId_: -1
CST 2026-07-17 20:05:54.365   728  1080 I C01311/AppMS: [AMSI8418]uid:20020063, pid:3857
CST 2026-07-17 20:05:54.365   815   903 I C02b91/AVSession: [HandleAppStateChanged]uid=20020063|pid=3857|state=2
CST 2026-07-17 20:05:54.365   210   290 I C02b83/AudioServiceAppStateListener: [OnAppStateChanged]app state changed, bundleName=cn.alfadb.netbird.e3vpnb uid=20020063 pid=3857 state=2
CST 2026-07-17 20:05:54.365   210   290 W C02b8b/DfxMsgManager: [UpdateAppState]discard unstarted audio stream app state
CST 2026-07-17 20:05:54.365  2205  4280 I C04207/WMSFocus: NotifyRssThawApp, uid: 20020063
CST 2026-07-17 20:05:54.366  2205  2275 I C04207/WMSFocus: NotifySessionFocused: Id:31
CST 2026-07-17 20:05:54.366   309   538 E C01731/SUSPEND_MSG: [a92ab21aa259455] [(ThawOneApplication):37] suspend manager is not ready.
CST 2026-07-17 20:05:54.366   285   285 E C01700/RSS: [a92ab11aa25939e] DeliverResource, PluginMgr resType 1002 no lib register!
CST 2026-07-17 20:05:54.366   309   540 I C01706/ueaServer-IntelliSenseServer: [a92ab31aa2596ce] [ReportWindowFocus]:3857 get focus in screen 0
CST 2026-07-17 20:05:54.366   309   387 E C01704/TagSched: [a92ab11aa25939e] [ExecutorCheckTidIsInPid][Executor] ExecutorCheckTidIsInPid get reply is invalied
CST 2026-07-17 20:05:54.366   309   387 I C01704/TagSched: [a92ab11aa25939e] [SetQosRealtimeTask]ThreadModifyQos,setQos 727 tid[3812],  qos[7]
CST 2026-07-17 20:05:54.366   309   387 E C01704/TagSched: [a92ab11aa25939e] [OpenQosCtrl]Failed to open qos_ctrl device
CST 2026-07-17 20:05:54.366   309   387 E C01704/TagSched: [a92ab11aa25939e] [IsQosHandleOpen]get qosSetHandle_ fail
CST 2026-07-17 20:05:54.366   309   387 E C01704/TagSched: [a92ab11aa25939e] [SetQosInternal]qosSetHandle open fail
CST 2026-07-17 20:05:54.366   309   387 E C01704/TagSched: [a92ab11aa25939e] [OpenQosCtrl]Failed to open qos_ctrl device
CST 2026-07-17 20:05:54.366   309   387 E C01704/TagSched: [a92ab11aa25939e] [IsQosHandleOpen]get qosSetHandle_ fail
CST 2026-07-17 20:05:54.366   309   387 E C01704/TagSched: [a92ab11aa25939e] [SetQosInternal]qosSetHandle open fail
CST 2026-07-17 20:05:54.366   309   387 E C01704/TagSched: [a92ab11aa25939e] [OpenQosCtrl]Failed to open qos_ctrl device
CST 2026-07-17 20:05:54.366   309   387 E C01704/TagSched: [a92ab11aa25939e] [IsQosHandleOpen]get qosSetHandle_ fail
CST 2026-07-17 20:05:54.366   309   387 E C01704/TagSched: [a92ab11aa25939e] [SetQosInternal]qosSetHandle open fail
CST 2026-07-17 20:05:54.366   309   387 E C01704/TagSched: [a92ab11aa25939e] [OpenQosCtrl]Failed to open qos_ctrl device
CST 2026-07-17 20:05:54.366   309   387 E C01704/TagSched: [a92ab11aa25939e] [IsQosHandleOpen]get qosSetHandle_ fail
CST 2026-07-17 20:05:54.366   309   387 E C01704/TagSched: [a92ab11aa25939e] [SetQosInternal]qosSetHandle open fail
CST 2026-07-17 20:05:54.366   309   387 E C01704/TagSched: [a92ab11aa25939e] [OpenQosCtrl]Failed to open qos_ctrl device
CST 2026-07-17 20:05:54.366   309   387 E C01704/TagSched: [a92ab11aa25939e] [IsQosHandleOpen]get qosSetHandle_ fail
CST 2026-07-17 20:05:54.366   309   387 E C01704/TagSched: [a92ab11aa25939e] [SetQosInternal]qosSetHandle open fail
CST 2026-07-17 20:05:54.367   309   387 E C01704/TagSched: [a92ab11aa25939e] [OpenQosCtrl]Failed to open qos_ctrl device
CST 2026-07-17 20:05:54.367   309   387 E C01704/TagSched: [a92ab11aa25939e] [IsQosHandleOpen]get qosSetHandle_ fail
CST 2026-07-17 20:05:54.367   309   387 E C01704/TagSched: [a92ab11aa25939e] [SetQosInternal]qosSetHandle open fail
CST 2026-07-17 20:05:54.367   309   387 E C01704/TagSched: [a92ab31aa2596ce] [OpenQosCtrl]Failed to open qos_ctrl device
CST 2026-07-17 20:05:54.367   309   387 E C01704/TagSched: [a92ab31aa2596ce] [IsQosHandleOpen]get qosSetHandle_ fail
CST 2026-07-17 20:05:54.367   309   387 E C01704/TagSched: [a92ab31aa2596ce] [SetQosInternal]qosSetHandle open fail
CST 2026-07-17 20:05:54.367   309   387 E C01704/TagSched: [a92ab31aa2596ce] [OpenQosCtrl]Failed to open qos_ctrl device
CST 2026-07-17 20:05:54.367   309   387 E C01704/TagSched: [a92ab31aa2596ce] [IsQosHandleOpen]get qosSetHandle_ fail
CST 2026-07-17 20:05:54.367   309   387 E C01704/TagSched: [a92ab31aa2596ce] [SetQosInternal]qosSetHandle open fail
CST 2026-07-17 20:05:54.367   309   387 E C01704/TagSched: [a92ab31aa2596ce] [OpenQosCtrl]Failed to open qos_ctrl device
CST 2026-07-17 20:05:54.367   309   387 E C01704/TagSched: [a92ab31aa2596ce] [IsQosHandleOpen]get qosSetHandle_ fail
CST 2026-07-17 20:05:54.367   309   387 E C01704/TagSched: [a92ab31aa2596ce] [SetUclamp]qosSetHandle open fail
CST 2026-07-17 20:05:54.367   309   387 E C01704/TagSched: [a92ab31aa2596ce] [OpenQosCtrl]Failed to open qos_ctrl device
CST 2026-07-17 20:05:54.367   309   387 E C01704/TagSched: [a92ab31aa2596ce] [IsQosHandleOpen]get qosSetHandle_ fail
CST 2026-07-17 20:05:54.367  3857  4315 I C04207/WMSFocus: UpdateFocusState: focus: 1, id: 31
CST 2026-07-17 20:05:54.367  3857  4312 I C04207/WMSFocus: NotifyHighlightChange: windowId: 31, isHighlight: 1,
CST 2026-07-17 20:05:54.367   309   387 E C01704/TagSched: [a92ab31aa2596ce] [SetUclamp]qosSetHandle open fail
CST 2026-07-17 20:05:54.368   309   387 E C01704/TagSched: [a92ab31aa2596ce] [OpenQosCtrl]Failed to open qos_ctrl device
CST 2026-07-17 20:05:54.368   309   387 E C01704/TagSched: [a92ab31aa2596ce] [IsQosHandleOpen]get qosSetHandle_ fail
CST 2026-07-17 20:05:54.368   309   387 E C01704/TagSched: [a92ab31aa2596ce] [SetUclamp]qosSetHandle open fail
CST 2026-07-17 20:05:54.368  2205  2205 I A04200/WINDOW: SCBSceneSession: onSessionWindowLimitsChange
CST 2026-07-17 20:05:54.368  2205  2205 I A0420a/WMSLife: onSessionStateChange state:2
CST 2026-07-17 20:05:54.368  2205  2205 I A04200/WINDOW: SCBScreenSM: regScreenPropChange: at onSessionStateChange (SCBSceneSession.ts:3356:55)
CST 2026-07-17 20:05:54.368  2205  2205 I A04200/WINDOW: SCBScreenSM: recordEventFromScb
CST 2026-07-17 20:05:54.368  2205  2205 I A04200/WINDOW: SCBScreenSM: regScreenPropChange screenId: 0 true null false false25
CST 2026-07-17 20:05:54.368  2205  2205 I A04209/WMSImms: win:31 foreground
CST 2026-07-17 20:05:54.369  2205  2205 I A01b00/SCB: SCBSSM: updateNavigationBarProperty navigationBarEnable: true
CST 2026-07-17 20:05:54.369  2205  2205 I A01b00/SCB: SCBSSM: updateNavigationBarProperty 0
CST 2026-07-17 20:05:54.369  2205  2205 I A01b0a/GESTURE: FloatingNavigationManager --> checkShowFloatingNavigation switch is closed
CST 2026-07-17 20:05:54.369  2205  2205 I A01b0a/GESTURE: GestureDockPreferenceUtil --> onSceneStateChange,isForegroud:true,bundleName:cn.alfadb.netbird.e3vpnb,appIndex:0 sceneInfo.abilityName:EntryAbility
CST 2026-07-17 20:05:54.369  2205  2205 I A01b0a/GESTURE: GestureDockPreferenceUtil --> addGestureDockRecentPreference
CST 2026-07-17 20:05:54.369  2205  2205 I A01b01/HOME: AppModel: currentBundleInfoList length: 8
CST 2026-07-17 20:05:54.369  2205  2205 I A01b0a/GESTURE: GestureDockPreferenceUtil --> addGestureDockRecentPreference, bundleName:cn.alfadb.netbird.e3vpnb appIndex:0 abilityName:EntryAbility.
CST 2026-07-17 20:05:54.369  2205  2205 I A01b09/RECENT: RecentGestureEventManager: onSceneStateChange,isForegroud:true,bundleName:cn.alfadb.netbird.e3vpnb abilityName:EntryAbility
CST 2026-07-17 20:05:54.369  2205  2205 I A01b0a/GESTURE: AIBarView --> bundleName:cn.alfadb.netbird.e3vpnb isEnterDeliver:false
CST 2026-07-17 20:05:54.370  2205  2275 I C0420a/WMSLife: SetActive: new active:1, id:31, state:2
CST 2026-07-17 20:05:54.370  2205  2275 I C0420a/WMSLife: OnSessionStateChange: id: 31, state: 3
CST 2026-07-17 20:05:54.371  2205  2275 I C01406/OHOS::RS: RSTransactionHandler::Begin syncId:0, transactionHandler:1009051711, remoteTransactionDataStack.size:0
CST 2026-07-17 20:05:54.371  3857  4315 E C0420a/WMSLife: NotifyUIExtHostRectChangeInGlobalDisplayListeners: uiContent is null
CST 2026-07-17 20:05:54.371  2205  2275 I C01406/OHOS::RS: RSSurfaceNode::SetSecurityLayer, surfaceNodeId:[9470402888528] isSecurityLayer:false
CST 2026-07-17 20:05:54.371  2205  2275 I C01406/OHOS::RS: RSTransactionHandler::Commit transactionHandler:1009051711
CST 2026-07-17 20:05:54.371  3857  4312 W C04208/WMSLayout: NotifySingleHandTransformChange: id:31, uiContent is nullptr
CST 2026-07-17 20:05:54.371  2205  2275 I C0421e/WMSAnimation: DisableUIFirstIfNeed: UIFirst is disabled, id: 31.
CST 2026-07-17 20:05:54.371  2205  2205 I A0420a/WMSLife: onSessionStateChange state:3
CST 2026-07-17 20:05:54.372   311  4283 I C015b5/NetMgrEnhanced: NotifyAbilityStateChanged:uid=2******3, pid=3857, state=2, abilityName=EntryAbility
CST 2026-07-17 20:05:54.373   728  4261 W C01123/BMSCommon: uid(2000) invalid
CST 2026-07-17 20:05:54.373   319   390 I C01f0b/TelephonyExtPower: IsUidHotSwitch: false
CST 2026-07-17 20:05:54.373   319   390 I C01f0b/TelephonyExtPower: Hot Switch List Add uid: 20020063
CST 2026-07-17 20:05:54.374   311  1527 I C015b5/NetMgrEnhanced: uid:20020063, pid:3857, state:2, isFocused:1, cn.alfadb.netbird.e3vpnb
CST 2026-07-17 20:05:54.374   311   379 I C015b5/NetMgrEnhanced: uid=2******3, pid=3857, state=2, bundleName=cn.alfadb.netbird.e3vpnb, isFocused =1.
CST 2026-07-17 20:05:54.374   309   537 I C01706/ueaServer-FrameMsgIntf: [a92ab61aa25b5c8] ReportProcessInfo pid is 3857, uid is 20020063
CST 2026-07-17 20:05:54.374   309   537 I C01706/ueaServer-IntelliSenseServer: [a92ab61aa25b5c8] Get app info:3857 20020063 cn.alfadb.netbird.e3vpnb 2
CST 2026-07-17 20:05:54.374   309   537 I C01731/SUSPEND_MSG: [a92ab71aa25b6b9] 20020063_cn.alfadb.netbird.e3vpnb_3857, state:2
CST 2026-07-17 20:05:54.374   309   537 E C01724/TASK_DETECTION: [a92ab71aa25b6b9] [OnAppStateChanged:632]Task detection feature is not ready
CST 2026-07-17 20:05:54.374  1069  1537 E C01560/WifiEnhanceCmdClient: SendCommandToDriverByInterfaceName ioctl failed, error is: 95.
CST 2026-07-17 20:05:54.374  1069  1537 E C01560/WifiEnhanceRxListen: CheckRxListenSwitch enable rx_listen fail
CST 2026-07-17 20:05:54.374   309   537 I C01705/IOLIMIT: [a92ab61aa25b5c8] [(HandleAppStateChange):263] Add foreground list app uid: 20020063, pid: 3857.
CST 2026-07-17 20:05:54.374  1069  1537 E C01560/MultiLinkUtils: IsDeviceSupportMultiLink chipname is empty or doesn't exist, return unknown
CST 2026-07-17 20:05:54.374  1069  1537 E C01560/MultiLinkUtils: Chip type not suppoort MultiLink
CST 2026-07-17 20:05:54.374  1069  1537 I C01560/EnhanceEventSubscriberManager: OnForeGroundAppChanged cn.alfadb.netbird.e3vpnb uid:20020063
CST 2026-07-17 20:05:54.374   309   537 E C01717/APP_TYPE_MGR: [a92ab71aa25b6b9] App type manager service is not ready, RequestApplicationType failed
CST 2026-07-17 20:05:54.374   319   390 I C01f0b/Common: MsdpMovementManage ProcessEvent eventId=6
CST 2026-07-17 20:05:54.375   319   390 I C01f0b/ConnCure: IsUserDataEnabled: 1
CST 2026-07-17 20:05:54.375  1069  4195 I C01560/WifiEnhanceFsArbitration: CheckFastSleepSwitch: enter, arbitrationCond_: 168, fastSleepLevel_: 0, isScreenOn_: 1, isConnectState_: 0, isP2pConnected_: 0, isRssFastSleepOn_: 0, isLowLatencyApp_: 0, isWhiteListApp_: 0, isBlackListApp_: 0, aiWhiteListAppCategory_: 0, isRttGood_: 1
CST 2026-07-17 20:05:54.375   311   379 W C01650/RdbStoreManager: IsConfigInvalidChanged:no bundleName
CST 2026-07-17 20:05:54.375   311   379 E C01650/SilentProxy: IsSupportSilentFromService:GetRdbService failed, err is 27394049.
CST 2026-07-17 20:05:54.375  1069  1537 I C01560/WifiFrameWork: OnForegroundApplicationChanged bundleName: cn.alfadb.netbird.e3vpnb, uid: 20020063, state: 2, isFocused: 1
CST 2026-07-17 20:05:54.375  1069  4195 I C01560/StaStateMachine: SeparatedState-msgCode=12324 received. m_instId=0
CST 2026-07-17 20:05:54.375  1069  4195 I C01560/StaStateMachine: InitState-msgCode=12324 is received. m_instId = 0
CST 2026-07-17 20:05:54.375  1069  4195 I C01560/StaStateMachine: ClosedState-msgCode=12324 is received. m_instId = 0
CST 2026-07-17 20:05:54.375  1069  1537 I C01560/WifiFrameWork: OnForegroundApplicationChanged bundleName: cn.alfadb.netbird.e3vpnb, uid: 20020063, state: 2, isFocused: 1
CST 2026-07-17 20:05:54.375  1069  4195 I C01560/StaStateMachine: SeparatedState-msgCode=12324 received. m_instId=0
CST 2026-07-17 20:05:54.375  1069  4195 I C01560/StaStateMachine: InitState-msgCode=12324 is received. m_instId = 0
CST 2026-07-17 20:05:54.375  1069  4195 I C01560/StaStateMachine: ClosedState-msgCode=12324 is received. m_instId = 0
CST 2026-07-17 20:05:54.376   163  1096 I C02d10/ProcessStatus: UpdateProcessForegroundState: pid=3857 state=FOREGROUND
CST 2026-07-17 20:05:54.377   311   379 I C01650/ConnectionPool: Create:code:0 app[:] area[el1] cfg[0,0,0,0,5,0,0]net***.db:<DB,0xc81c3,12288,100660><DWR,0xc81c4,12288,100660><SHM,0xc81c7,32768,100660><WAL,0xc81c5,0,100660>, pathSize:60
CST 2026-07-17 20:05:54.378   311   379 W C015b5/NetMgrEnhanced: Qoe is not supported.
CST 2026-07-17 20:05:54.378   311   379 I C015b5/NetMgrEnhanced: qoeInterface is null
CST 2026-07-17 20:05:54.378   916   916 I C04621/CFWKService: [window_state_manager_lite.cpp:197]NotifyFocusChanged# focus on 3857, 20020063, 31
CST 2026-07-17 20:05:54.379   469  1523 E C01707/CONCUR: [Interface] task 1523 apply qos failed, errno = 4
CST 2026-07-17 20:05:54.379   469  1523 E C01611/QosManager: QosManager: Failed to set thread QoS to QOS_USER_INTERACTIVE, ret: -1
CST 2026-07-17 20:05:54.379   728   979 W C01123/BMSCommon: bundle not exist -n com.huawei.hmsapp.totemweather -u 100 -i 0 -f 32
CST 2026-07-17 20:05:54.379   728   979 W C01121/BMSQuery: GetBundleInfo failed -n com.huawei.hmsapp.totemweather -u 100
CST 2026-07-17 20:05:54.379  2205  2205 I A0001b/AA: RecentlyUseController --> buildRecentlyUseInfo {"bundleName":"cn.alfadb.netbird.e3vpnb","moduleName":"entry","abilityName":"EntryAbility","pid":3857,"uid":20020063,"state":2,"abilityType":1,"isAtomicService":false,"callerBundleName":""}
CST 2026-07-17 20:05:54.380   469  1523 E C01651/BundleMgrProxy: GetBundleInfoFromBMS: GetBundleInfo failed!bundleName is com.huawei.hmsapp.totemweather, userId is 100
CST 2026-07-17 20:05:54.380   469  1523 E C01651/DataProviderConfig: GetFromProxyData: Get bundleInfo failed! bundleName:com.huawei.hmsapp.totemweather, userId:100, visitedId:100, uri:******icIconInfo
CST 2026-07-17 20:05:54.380   469  1523 E C01651/DataShareServiceImpl: GetBMSAndMetaDataStatus: CalledInfo failed! token:0x20087fab,ret:1001,uri:******icIconInfo
CST 2026-07-17 20:05:54.380   469  1523 E C01651/DataShareServiceImpl: GetSilentProxyStatus: BMS or metaData not ready to complete, token:0x20087fab, uri:******icIconInfo
CST 2026-07-17 20:05:54.380  2205  2205 I A0001b/AA: RecentlyUseController --> buildRecentlyUseInfo abilityStateData is exit
CST 2026-07-17 20:05:54.380  2205  2205 I A01a00/SYS_UI: PhoneAppManager: ability[cn.alfadb.netbird.e3vpnb|undefined|EntryAbility] state change to 2
CST 2026-07-17 20:05:54.381  2205  2205 I C01406/RSNode: RSNode::AddChild, Id: 9470402888528, SurfaceNode:[Id: 16565688860674, name: e3vpnb0]
CST 2026-07-17 20:05:54.381  3857  4334 I C04200/WindowSessionImpl: NotifyTransformChange: in
CST 2026-07-17 20:05:54.382  2205  2275 E C04215/WMSHierarchy: SceneZOrderCheckProcess: ZOrderCheck start
CST 2026-07-17 20:05:54.382  2205  2205 I A01b0a/GESTURE: GestureDockPreferenceUtil --> Index is -1
CST 2026-07-17 20:05:54.382  2205  2205 I A01b0a/GESTURE: GestureDockPreferenceUtil --> recent size is 3
CST 2026-07-17 20:05:54.382  2205  2205 I A01b0a/GESTURE: GestureDockPreferenceUtil --> recentList length is 3
CST 2026-07-17 20:05:54.383  2205  4276 I C01653/NativePreferences: XmlReadFile: file:/***/el1/***/Gest***ence, m:0.
CST 2026-07-17 20:05:54.383  2205  2205 E A01c06/ICON: AppIconWeatherModel --> get weather info failed, code: 15700010, message: The DataShareHelper is not initialized successfully.
CST 2026-07-17 20:05:54.383  2205  2255 I C01653/NativePreferences: SaveXmlFile: file:/***/el1/***/Gest***ence, m:0.
CST 2026-07-17 20:05:54.384   251   975 I C02801/AppStateObserver: [|39]Process state change app name:cn.alfadb.netbird.e3vpnb, uid:20020063, state:2
CST 2026-07-17 20:05:54.384  2563  3161 I C05a05/AppStateObserver: [AddProcessToForegroundSet]pid 3857 is already in foreground
CST 2026-07-17 20:05:54.385   309   534 I C01710/BUNDLE_ACTIVE: [bundle_active_app_state_obsever.cpp(OnAbilityStateChanged):61]OnAblityStateChanged userid is 100, bundle name is cn.alfadb.netbird.e3vpnb, uid is 20020063, event is 2, timestamp is 132947
CST 2026-07-17 20:05:54.385   309  1532 I C01710/BUNDLE_ACTIVE: [bundle_active_bundle_mgr_helper.cpp(GetApplicationInfo):65]bundleMgr is null: 0 
CST 2026-07-17 20:05:54.386   251   975 I C02801/AppStateObserver: [|90]The foregroundAppData_.size():3
CST 2026-07-17 20:05:54.388  2205  4337 I C01653/NativePreferences: operator(): notify gest***cent. 
CST 2026-07-17 20:05:54.392   202  2337 I C01d00/accessibility: [(SetActiveWindow:398)]windowId is 31, activeWindowId_: 31
CST 2026-07-17 20:05:54.395   202  2337 I C01d00/accessibility: [(WindowUpdateAll:1079)]WindowUpdateAll end activeWindowId_: 31
CST 2026-07-17 20:05:54.395   202  2334 I C01d00/accessibility: [(WindowUpdateAll:1027)]WindowUpdateAll start activeWindowId_: 31
CST 2026-07-17 20:05:54.395   202  2334 I C01d00/accessibility: [(SetActiveWindow:398)]windowId is 31, activeWindowId_: -1
CST 2026-07-17 20:05:54.396   202  2334 I C01d00/accessibility: [(WindowUpdateAll:1079)]WindowUpdateAll end activeWindowId_: 31
CST 2026-07-17 20:05:54.396   202  2334 I C01d00/accessibility: [(WindowUpdateAll:1027)]WindowUpdateAll start activeWindowId_: 31
CST 2026-07-17 20:05:54.396   202  2334 I C01d00/accessibility: [(SetActiveWindow:398)]windowId is 31, activeWindowId_: -1
CST 2026-07-17 20:05:54.396   202  2334 I C01d00/accessibility: [(WindowUpdateAll:1079)]WindowUpdateAll end activeWindowId_: 31
CST 2026-07-17 20:05:54.396   202  2334 I C01d00/accessibility: [(WindowUpdateAll:1027)]WindowUpdateAll start activeWindowId_: 31
CST 2026-07-17 20:05:54.396   202  2334 I C01d00/accessibility: [(SetActiveWindow:398)]windowId is 31, activeWindowId_: -1
CST 2026-07-17 20:05:54.396   202  2334 I C01d00/accessibility: [(WindowUpdateAll:1079)]WindowUpdateAll end activeWindowId_: 31
CST 2026-07-17 20:05:54.396   202  2334 I C01d00/accessibility: [(WindowUpdateAll:1027)]WindowUpdateAll start activeWindowId_: 31
CST 2026-07-17 20:05:54.396   202  2334 I C01d00/accessibility: [(SetActiveWindow:398)]windowId is 31, activeWindowId_: -1
CST 2026-07-17 20:05:54.396   202  2334 I C01d00/accessibility: [(WindowUpdateAll:1079)]WindowUpdateAll end activeWindowId_: 31
CST 2026-07-17 20:05:54.424  4339  4339 W C02c02/PARAM: Selinux check name persist.init.debug.loglevel in u:object_r:startup_init_param:s0 [4339 2000 2000] failed
CST 2026-07-17 20:05:54.424  4339  4339 W C02c02/PARAM: Selinux check name persist.init.debug.loglevel in u:object_r:startup_init_param:s0 [4339 2000 2000] failed
CST 2026-07-17 20:05:54.424  4339  4339 W C02c02/PARAM: SystemReadParam failed!name is:persist.init.debug.loglevel,err:1002
CST 2026-07-17 20:05:54.434  4343  4343 W C02c02/PARAM: Selinux check name persist.init.debug.loglevel in u:object_r:startup_init_param:s0 [4343 2000 2000] failed
CST 2026-07-17 20:05:54.434  4343  4343 W C02c02/PARAM: Selinux check name persist.init.debug.loglevel in u:object_r:startup_init_param:s0 [4343 2000 2000] failed
CST 2026-07-17 20:05:54.434  4343  4343 W C02c02/PARAM: SystemReadParam failed!name is:persist.init.debug.loglevel,err:1002
CST 2026-07-17 20:05:54.435  4341  4341 W C02c02/PARAM: Selinux check name persist.init.debug.loglevel in u:object_r:startup_init_param:s0 [4341 2000 2000] failed
CST 2026-07-17 20:05:54.435  4341  4341 W C02c02/PARAM: Selinux check name persist.init.debug.loglevel in u:object_r:startup_init_param:s0 [4341 2000 2000] failed
CST 2026-07-17 20:05:54.435  4342  4342 W C02c02/PARAM: Selinux check name persist.init.debug.loglevel in u:object_r:startup_init_param:s0 [4342 2000 2000] failed
CST 2026-07-17 20:05:54.435  4341  4341 W C02c02/PARAM: SystemReadParam failed!name is:persist.init.debug.loglevel,err:1002
CST 2026-07-17 20:05:54.435  4342  4342 W C02c02/PARAM: Selinux check name persist.init.debug.loglevel in u:object_r:startup_init_param:s0 [4342 2000 2000] failed
CST 2026-07-17 20:05:54.435  4342  4342 W C02c02/PARAM: SystemReadParam failed!name is:persist.init.debug.loglevel,err:1002
CST 2026-07-17 20:05:54.437   250  4266 I C02699/MM: HandleAppDied appName=cn.alfadb.netbird.e3vpna appId=20020062
CST 2026-07-17 20:05:54.446  4344  4344 W C02c02/PARAM: Selinux check name persist.init.debug.loglevel in u:object_r:startup_init_param:s0 [4344 2000 2000] failed
CST 2026-07-17 20:05:54.447  4344  4344 W C02c02/PARAM: Selinux check name persist.init.debug.loglevel in u:object_r:startup_init_param:s0 [4344 2000 2000] failed
CST 2026-07-17 20:05:54.447  4344  4344 W C02c02/PARAM: SystemReadParam failed!name is:persist.init.debug.loglevel,err:1002
CST 2026-07-17 20:05:54.447  4345  4345 W C02c02/PARAM: Selinux check name persist.init.debug.loglevel in u:object_r:startup_init_param:s0 [4345 2000 2000] failed
CST 2026-07-17 20:05:54.447  4345  4345 W C02c02/PARAM: Selinux check name persist.init.debug.loglevel in u:object_r:startup_init_param:s0 [4345 2000 2000] failed
CST 2026-07-17 20:05:54.447  4345  4345 W C02c02/PARAM: SystemReadParam failed!name is:persist.init.debug.loglevel,err:1002
CST 2026-07-17 20:05:54.455  2205  2205 I A04200/WINDOW: SCBSceneSession: onSessionShowWhenLockedChange, status:false of id:31 ignored.
CST 2026-07-17 20:05:54.475   727   891 E C02515/DGLES: [d_eglSwapBuffers_special@egl_gpu.cpp:729] thread output size 288314 speed 281k/s API_num 3424
CST 2026-07-17 20:05:54.475   727   891 W C01406/OHOS::RS: RSJankStats::SetJankStats jank frames 8
CST 2026-07-17 20:05:54.475   611   615 W C02515/DISP: [SetLayerMaskInfo:495] <private> is not supported
CST 2026-07-17 20:05:54.476   727   727 I C01406/OHOS::RS: RSSurfaceRenderNode:SetIsOnTheTree, node:[name: e3vpnb0, id: 16565688860674], on tree: 1, nodeType: 1, uniqueId: 3122441224224, screenNodeId: 3122441224192
CST 2026-07-17 20:05:54.476  2205  2205 I C03930/AceAnimation: [(100000:100000:scope)] animateTo finish, cnt:44
CST 2026-07-17 20:05:54.476   727   727 E C01406/RSScreenManager: IsAllScreensPowerOff: screenPowerStatus_ is empty.
CST 2026-07-17 20:05:54.476  2205  2205 I A01b01/HOME: SCBSCS: setMotionBlurRadius: 0, caller: sceneContainerZoomIn end
CST 2026-07-17 20:05:54.476  3857  3857 I C01706/rtg_interface: rtg fOpen fail, errno = 2(No such file or directory)
CST 2026-07-17 20:05:54.476  3857  3857 I C01706/RsFrameReportExt: RsFrameReportExt:[LoadLibrary] load library success!
CST 2026-07-17 20:05:54.476  3857  3857 I C01706/RsFrameReportExt: RsFrameReportExt:[Init] dlopen libframe_ui_intf.so success!
CST 2026-07-17 20:05:54.476  2205  2205 I A01b00/SCB: LuoShuStateManager --> getLuoShuStateInfo: SCBScreenSM {"luoShuState":0,"scenePanelState":1,"eventType":-1,"screenInfo":{"isLandscape":false,"foldState":1},"screenId":0,"holdingHandStatus":1}
CST 2026-07-17 20:05:54.476  3857  3857 E C01706/ueaClient-RmeCoreSched: [Init]: do not enabled!ret: -1
CST 2026-07-17 20:05:54.476  3857  3857 I C01706/ueaClient-FrameMsgMgr: [Init]:inited success!
CST 2026-07-17 20:05:54.476  3857  3857 I C01706/ueaClient-FrameUiIntf: [Init]:ret:1, inited:1
CST 2026-07-17 20:05:54.477   727   933 I C01400/Vsync: RequestNextVSync: First vsync is requested, name: MainDisplaySoloist
CST 2026-07-17 20:05:54.477   727   933 I C01400/Vsync: RequestNextVSync: First vsync RequestNextVSync conn:MainDisplaySoloist, rate:0, highPriorityRate:1
CST 2026-07-17 20:05:54.477  3857  3857 I C04217/WMSAttribute: InitWaterfallMode: winId: 31
CST 2026-07-17 20:05:54.477  3857  3857 I C04217/WMSAttribute: NotifyWaterfallModeChange: winId: 31, waterfall: 0, stat: 2
CST 2026-07-17 20:05:54.477  3857  3857 I C0420a/WMSLife: NotifyAfterDidForeground: reason: 4
CST 2026-07-17 20:05:54.477  3857  3857 I C04202/WMSMain: NotifyFreeMultiWindowModeResume: IsPcMode 0, isColdStart 1
CST 2026-07-17 20:05:54.477  3857  3857 I C0420a/WMSLife: Show: Window show success [name:e3vpnb0, id:31, type:1]
CST 2026-07-17 20:05:54.477  3857  3857 I C04208/WMSLayout: NotifyWindowStatusChange: id:31, windowMode:1, windowStatus:1, lastWindowStatus:1, skipRedundantWindowStatusNotifications:0
CST 2026-07-17 20:05:54.477   727   727 I C01406/RSUniRenderVisitor: OcclusionInfo [SCBGestureBack22, 9470402887889, 0], [SCBStatusBar18, 9470402887877, 0], [SCBGestureNavBar16, 9470402887872, 0], [e3vpnb0, 16565688860674, 0], [BackgroundBlurView2, 9470402887687, 0], [SCBFormCenter14, 9470402887862, 0], [SCBDesktop7, 9470402887707, 0], [SCBWallpaper5, 9470402887690, 0], 
CST 2026-07-17 20:05:54.477   611   615 I C02515/DISP: [CommitComposeLayer:67] CommitComposeLayer! 10
CST 2026-07-17 20:05:54.477  3857  3857 W C04201/DMS: OnDisplayInfoChange: data is not changed.
CST 2026-07-17 20:05:54.477  3857  3857 I C01332/UIAbility: [JUA2036]JsUIAbility call js, name: onForeground
CST 2026-07-17 20:05:54.478  3857  3857 I A02900/E3VpnGate: ENTRY_FOREGROUND|bundle=cn.alfadb.netbird.e3vpnb
CST 2026-07-17 20:05:54.478  3857  3857 I C01332/UIAbility: [JUA2081]end, name: onForeground, time: 0
CST 2026-07-17 20:05:54.478  3857  3857 I C01301/Ability: [page_config_manager.cpp49]configJson is empty
CST 2026-07-17 20:05:54.478   728  1043 I C01336/AMS: [ABMS7852]Lifecycle: ability:/cn.alfadb.netbird.e3vpnb/entry/EntryAbility
CST 2026-07-17 20:05:54.478   728  1043 W C01336/AMS: [UALM156]3857 not found
CST 2026-07-17 20:05:54.478  2205  2205 I C03930/AceAnimation: [(100000:100000:scope)] animateTo finish, cnt:41
CST 2026-07-17 20:05:54.478  2205  2205 I A04200/WINDOW: SCBSPM: onBlurTransitionFinish 18 blurComponentTransitionCount:20
CST 2026-07-17 20:05:54.478  2205  2275 I C04217/WMSAttribute: Visibility changed, size: 1, WindowVisibilityInfos [name, winId, visibleState]: [e3vpnb0, 31, 0], 
CST 2026-07-17 20:05:54.478  2205  2275 I C04202/WMSMain: NotifyRSSWindowModeTypeUpdate: Notify RSS Window Mode Type Update, type : 3
CST 2026-07-17 20:05:54.478   309   524 I C04202/WMSMain: NotifyWindowModeChange: WindowManager::Impl UpdateWindowModeTypeInfo type: 3
CST 2026-07-17 20:05:54.478  2205  2205 I A0001b/AA: OutSideWindowManager: globalSearchStatus: 0
CST 2026-07-17 20:05:54.478  2205  2205 I A01b09/RECENT: SCBDesktopCacheManager: setDesktopCacheWithDfx Validate cacheFlag:false reason:startBlurAnimation
CST 2026-07-17 20:05:54.479   309   540 E C01704/TagSched: [a92ab91aa274f2d] [OpenQosCtrl]Failed to open qos_ctrl device
CST 2026-07-17 20:05:54.479   309   540 E C01704/TagSched: [a92ab91aa274f2d] [IsQosHandleOpen]get qosSetHandle_ fail
CST 2026-07-17 20:05:54.479   309   540 E C01704/TagSched: [a92ab91aa274f2d] [SetQosInternal]qosSetHandle open fail
CST 2026-07-17 20:05:54.479   309   540 E C01704/TagSched: [a92ab91aa274f2d] [OpenQosCtrl]Failed to open qos_ctrl device
CST 2026-07-17 20:05:54.479   309   540 E C01704/TagSched: [a92ab91aa274f2d] [IsQosHandleOpen]get qosSetHandle_ fail
CST 2026-07-17 20:05:54.479   309   540 E C01704/TagSched: [a92ab91aa274f2d] [SetQosInternal]qosSetHandle open fail
CST 2026-07-17 20:05:54.479   309   540 E C01704/TagSched: [a92ab91aa274f2d] [OpenQosCtrl]Failed to open qos_ctrl device
CST 2026-07-17 20:05:54.479   309   540 E C01704/TagSched: [a92ab91aa274f2d] [IsQosHandleOpen]get qosSetHandle_ fail
CST 2026-07-17 20:05:54.479   309   540 E C01704/TagSched: [a92ab91aa274f2d] [SetUclamp]qosSetHandle open fail
CST 2026-07-17 20:05:54.479   309   540 E C01704/TagSched: [a92ab91aa274f2d] [OpenQosCtrl]Failed to open qos_ctrl device
CST 2026-07-17 20:05:54.479   309   540 E C01704/TagSched: [a92ab91aa274f2d] [IsQosHandleOpen]get qosSetHandle_ fail
CST 2026-07-17 20:05:54.479   309   540 E C01704/TagSched: [a92ab91aa274f2d] [SetUclamp]qosSetHandle open fail
CST 2026-07-17 20:05:54.479  2205  2276 I C04217/WMSAttribute: operator(): memMgrWindowInfos size: 1
CST 2026-07-17 20:05:54.479   728  1043 W C01336/AMS: [ability_start_with_wait_observer_manager.cpp139]invaid observerId
CST 2026-07-17 20:05:54.479  3857  3857 I C02d06/XCollie: Application is in starting period.
CST 2026-07-17 20:05:54.479  3857  3857 I C0420a/WMSLife: NotifyAfterDidForeground execute
CST 2026-07-17 20:05:54.479  3857  3857 I C01332/UIAbility: [JUA2036]JsUIAbility call js, name: onDidForeground
CST 2026-07-17 20:05:54.479  3857  3857 I C01332/UIAbility: [JUA2081]end, name: onDidForeground, time: 0
CST 2026-07-17 20:05:54.479  3857  3857 I C04202/WMSMain: GoResume: in
CST 2026-07-17 20:05:54.479  2205  2433 I C04200/WMS: NotifySessionMovedToFront: id: 31, system: 0
CST 2026-07-17 20:05:54.479  3857  3857 I C0420a/WMSLife: Resume: in, isColdStart: 1, isDidForeground: 0
CST 2026-07-17 20:05:54.479  3857  3857 I C0420a/WMSLife: NotifyAfterLifecycleResumed: in
CST 2026-07-17 20:05:54.479  2205  2433 I C04200/SessionListenerController: NotifySessionMovedToFront: Id:31
CST 2026-07-17 20:05:54.479  3857  3857 I C0420a/WMSLife: SetUIContentInner: pages/Index, state:2, persistentId: 31
CST 2026-07-17 20:05:54.479  3857  3857 I C0420a/WMSLife: SetUIContentComplete: persistentId=31
CST 2026-07-17 20:05:54.480   728  1097 I C01311/AppMS: [ARR2195]wnd call, cn.alfadb.netbird.e3vpnb_3857, isEmpty_0, c_2 -> p_0
CST 2026-07-17 20:05:54.480  3857  3857 I C03900/Ace: [(-1:-1:undefined)] CreateUIContent.
CST 2026-07-17 20:05:54.480   250   273 I C02699/MM: wms call,pid:3857,Id:31,winNum:0->1
CST 2026-07-17 20:05:54.480  3857  3857 I C03934/AceUIEvent: [(-1:-1:undefined)] report ace loaded
CST 2026-07-17 20:05:54.480   250   273 I C02699/MM: UpdatePriorityLocked VISB: 3857, 20020063, 0, [], 00000
CST 2026-07-17 20:05:54.480  3857  3857 I C04707/HaAceEngine: OnAceLoaded end
CST 2026-07-17 20:05:54.481  3857  3857 I C03900/Ace: [(-2:-1:undefined)] Create ace bg threads pool.
CST 2026-07-17 20:05:54.481  3857  3857 I C03900/Ace: [(-2:-1:undefined)] Init RenderService UniRender Type:0
CST 2026-07-17 20:05:54.481  3857  3857 I C03900/Ace: [(-2:-1:undefined)] [cn.alfadb.netbird.e3vpnb][entry][-1]: UIContent: apiCompatibleVersion: 60101024, apiTargetVersion: 60101024, and apiReleaseType: Release, useNewPipe: 1, enableCustomComponentCrossAbility: 0
CST 2026-07-17 20:05:54.482  3857  4321 W C04707/HaClient: =========Invalid Client=========
CST 2026-07-17 20:05:54.484  3857  4347 I C03900/Ace: [(-1:-1:undefined)] dlsym function ReportData success.
CST 2026-07-17 20:05:54.484   145   148 I C02c03/PARAM_WATCHER: SendLocalChange start keyPrefix persist.sys.arkui.animationscale remoteWatcherId 59
CST 2026-07-17 20:05:54.484  3857  4347 I C03900/Ace: [(-1:-1:undefined)] dlsym function ReportSyncEvent success.
CST 2026-07-17 20:05:54.484   145   148 I C02c03/PARAM_WATCHER: [watcher_manager.cpp:187]Add watcher persist.sys.arkui.animationscale remoteWatcherId: 59 groupId 103 success
CST 2026-07-17 20:05:54.484  3857  3857 I C02c03/PARAM_WATCHER: Add watcher keyPrefix persist.sys.arkui.animationscale remoteWatcherId 59 success
CST 2026-07-17 20:05:54.484  3857  3857 E C03900/Ace: [(-2:-1:undefined)] ConfigParserBase read system file failed
CST 2026-07-17 20:05:54.484  3857  3857 W C03900/Ace: [(-2:-1:undefined)] ArkUiFeatureParamManager failed to load xml file
CST 2026-07-17 20:05:54.485  3857  3857 E C03900/Ace: [(-2:-1:undefined)] ConfigParserBase read system UI correction config file failed
CST 2026-07-17 20:05:54.485  3857  3857 W C03900/Ace: [(-2:-1:undefined)] ArkUiFeatureParamManager failed to load UI correction config file
CST 2026-07-17 20:05:54.485   211   239 E C01707/CONCUR: [a92abe1aa1efd23] [TaskControllerInterface] ReportData failed, funcLoader_ load func failed
CST 2026-07-17 20:05:54.490   727   921 I C01400/Vsync: OnVSyncTrigger: F send
CST 2026-07-17 20:05:54.490   727   921 I C01400/Vsync: PostEvent: First vsync has send to : MainDisplaySoloist
CST 2026-07-17 20:05:54.491  3857  3857 I C03900/Ace: [(-2:-1:undefined)] SetLocale language tag: en-Latn-US, select language: en-US
CST 2026-07-17 20:05:54.491  3857  3857 I C03900/Ace: [(-2:-1:undefined)] [cn.alfadb.netbird.e3vpnb][entry][-1]: SetLanguage: en, colorMode: light, deviceAccess: 1
CST 2026-07-17 20:05:54.491  3857  3857 I C03900/Ace: [(-2:-1:undefined)] [cn.alfadb.netbird.e3vpnb][entry][-1]: Initialize UIContent isModelJson:true
CST 2026-07-17 20:05:54.491   728   979 I C01120/BMS: [inner_bundle_info.h(GetAllPluginBundleInfo:2260)]pluginBundleInfos size: 0
CST 2026-07-17 20:05:54.492  2205  2205 W A01a00/SYS_UI: LiveCapsuleListVm: start to toggleCapsuleList, param:  {"isUpwards":true,"isUpdateImmediately":false,"needAnimation":true,"needShowStatusBar":false}
CST 2026-07-17 20:05:54.492  2205  2205 W A01a00/SYS_UI: LiveCapsuleListVm: Visible is not changed, stop toggleCapsuleList. isForceUpdate: undefined
CST 2026-07-17 20:05:54.492   728   979 I C01120/BMS: [inner_bundle_info.h(GetAllPluginBundleInfo:2260)]pluginBundleInfos size: 0
CST 2026-07-17 20:05:54.492   728   979 I C01120/BMS: [bundle_data_mgr.cpp(RegisterPluginEventCallback:12581)]success
CST 2026-07-17 20:05:54.492  3857  3857 I C03922/AceNavigation: [(-2:-1:undefined)] subscribe hsp Update successfully
CST 2026-07-17 20:05:54.493  3857  3857 I C03900/Ace: [(100000:100000:scope)] SetHapPath, Use hap path to load resource
CST 2026-07-17 20:05:54.493  3857  3857 I C04217/WMSAttribute: RegisterWaterfallModeChangeListener: winId: 31
CST 2026-07-17 20:05:54.493   728   979 I C04201/DMS:  RegisterDisplayManagerAgent: type: 6, pid: 3857
CST 2026-07-17 20:05:54.493   728   979 I C04201/DMS:  RegisterDisplayManagerAgent: type: 9, pid: 3857
CST 2026-07-17 20:05:54.494  3857  3857 I C04200/WMS: GetSurfaceNode: name:e3vpnb0, id:31
CST 2026-07-17 20:05:54.494  3857  3857 I C04200/WMS: GetSurfaceNode: name:e3vpnb0, id:31
CST 2026-07-17 20:05:54.494  3857  3857 I C03900/Ace: [(100000:100000:scope)] SetRSSurfaceNode 16565688860674 with rs multi
CST 2026-07-17 20:05:54.494  3857  3857 I C01406/OHOS::RS: RSUIContext::AttachFromUI. token: 16565688860673 uiPiplineNum: -1
CST 2026-07-17 20:05:54.494   285   285 E C01700/RSS: [a92abd1aa278bdf] DeliverResource, PluginMgr resType 1002 no lib register!
CST 2026-07-17 20:05:54.494  3857  3857 I C03925/AceRouter: [(100000:100000:scope)] createManager, deviceType: 0
CST 2026-07-17 20:05:54.495   309   540 E C01704/TagSched: [a92abd1aa278bdf] [ExecutorCheckTidIsInPid][Executor] ExecutorCheckTidIsInPid get reply is invalied
CST 2026-07-17 20:05:54.495   309   540 I C01704/TagSched: [a92abd1aa278bdf] [SetQosRealtimeTask]ThreadModifyQos,setQos 727 tid[3812],  qos[7]
CST 2026-07-17 20:05:54.495   309   540 E C01704/TagSched: [a92abd1aa278bdf] [OpenQosCtrl]Failed to open qos_ctrl device
CST 2026-07-17 20:05:54.495   309   540 E C01704/TagSched: [a92abd1aa278bdf] [IsQosHandleOpen]get qosSetHandle_ fail
CST 2026-07-17 20:05:54.495   309   540 E C01704/TagSched: [a92abd1aa278bdf] [SetQosInternal]qosSetHandle open fail
CST 2026-07-17 20:05:54.495   309   540 E C01704/TagSched: [a92abd1aa278bdf] [OpenQosCtrl]Failed to open qos_ctrl device
CST 2026-07-17 20:05:54.495   309   540 E C01704/TagSched: [a92abd1aa278bdf] [IsQosHandleOpen]get qosSetHandle_ fail
CST 2026-07-17 20:05:54.495   309   540 E C01704/TagSched: [a92abd1aa278bdf] [SetQosInternal]qosSetHandle open fail
CST 2026-07-17 20:05:54.495   309   540 E C01704/TagSched: [a92abd1aa278bdf] [OpenQosCtrl]Failed to open qos_ctrl device
CST 2026-07-17 20:05:54.495   309   540 E C01704/TagSched: [a92abd1aa278bdf] [IsQosHandleOpen]get qosSetHandle_ fail
CST 2026-07-17 20:05:54.495   309   540 E C01704/TagSched: [a92abd1aa278bdf] [SetQosInternal]qosSetHandle open fail
CST 2026-07-17 20:05:54.495   309   540 E C01704/TagSched: [a92abd1aa278bdf] [OpenQosCtrl]Failed to open qos_ctrl device
CST 2026-07-17 20:05:54.495   309   540 E C01704/TagSched: [a92abd1aa278bdf] [IsQosHandleOpen]get qosSetHandle_ fail
CST 2026-07-17 20:05:54.495   309   540 E C01704/TagSched: [a92abd1aa278bdf] [SetQosInternal]qosSetHandle open fail
CST 2026-07-17 20:05:54.495   309   540 E C01704/TagSched: [a92abd1aa278bdf] [OpenQosCtrl]Failed to open qos_ctrl device
CST 2026-07-17 20:05:54.495   309   540 E C01704/TagSched: [a92abd1aa278bdf] [IsQosHandleOpen]get qosSetHandle_ fail
CST 2026-07-17 20:05:54.495   309   540 E C01704/TagSched: [a92abd1aa278bdf] [SetQosInternal]qosSetHandle open fail
CST 2026-07-17 20:05:54.495   309   540 E C01704/TagSched: [a92abd1aa278bdf] [OpenQosCtrl]Failed to open qos_ctrl device
CST 2026-07-17 20:05:54.495   309   540 E C01704/TagSched: [a92abd1aa278bdf] [IsQosHandleOpen]get qosSetHandle_ fail
CST 2026-07-17 20:05:54.495   309   540 E C01704/TagSched: [a92abd1aa278bdf] [SetQosInternal]qosSetHandle open fail
CST 2026-07-17 20:05:54.495  3857  3857 W C03900/Ace: [(100000:100000:scope)] Invalid config:en_Latn_US-long-notround-vertical-light-phone-xxxhdpi
CST 2026-07-17 20:05:54.496  3857  3857 I C01406/OHOS::RS: RSSurfaceNode::SetAbilityState, surfaceNodeId:[16565688860674], ability state: background
CST 2026-07-17 20:05:54.496  3857  3857 I C03900/Ace: [(100000:100000:scope)] set translateManager to pipeline, instanceId:100000
CST 2026-07-17 20:05:54.496  3857  3857 I C0421d/WMSRotation: RegisterOrientationChangeListener: in
CST 2026-07-17 20:05:54.496  3857  3857 I C03900/Ace: [(100000:100000:scope)] AddPersistAfterLayoutTask size: 1
CST 2026-07-17 20:05:54.496   309   534 E C01700/RSS: [a92abf1aa279457] DeliverResource, PluginMgr resType 511 no lib register!
CST 2026-07-17 20:05:54.496  3857  3857 I C03919/AceInputTracking: [(100000:100000:scope)] Debug touch pass mode 0
CST 2026-07-17 20:05:54.496   285   285 E C01700/RSS: [a92abe1aa2793ca] DeliverResource, PluginMgr resType 1002 no lib register!
CST 2026-07-17 20:05:54.497   309   537 E C01704/TagSched: [a92abe1aa2793ca] [ExecutorCheckTidIsInPid][Executor] ExecutorCheckTidIsInPid get reply is invalied
CST 2026-07-17 20:05:54.497   309   537 I C01704/TagSched: [a92abe1aa2793ca] [SetQosRealtimeTask]ThreadModifyQos,setQos 727 tid[3576],  qos[7]
CST 2026-07-17 20:05:54.497   309   537 E C01704/TagSched: [a92abe1aa2793ca] [OpenQosCtrl]Failed to open qos_ctrl device
CST 2026-07-17 20:05:54.497   309   537 E C01704/TagSched: [a92abe1aa2793ca] [IsQosHandleOpen]get qosSetHandle_ fail
CST 2026-07-17 20:05:54.497   309   537 E C01704/TagSched: [a92abe1aa2793ca] [SetQosInternal]qosSetHandle open fail
CST 2026-07-17 20:05:54.497   309   537 E C01704/TagSched: [a92abe1aa2793ca] [OpenQosCtrl]Failed to open qos_ctrl device
CST 2026-07-17 20:05:54.497   309   537 E C01704/TagSched: [a92abe1aa2793ca] [IsQosHandleOpen]get qosSetHandle_ fail
CST 2026-07-17 20:05:54.497   309   537 E C01704/TagSched: [a92abe1aa2793ca] [SetQosInternal]qosSetHandle open fail
CST 2026-07-17 20:05:54.497   309   537 E C01704/TagSched: [a92abe1aa2793ca] [OpenQosCtrl]Failed to open qos_ctrl device
CST 2026-07-17 20:05:54.497   309   537 E C01704/TagSched: [a92abe1aa2793ca] [IsQosHandleOpen]get qosSetHandle_ fail
CST 2026-07-17 20:05:54.497   309   537 E C01704/TagSched: [a92abe1aa2793ca] [SetQosInternal]qosSetHandle open fail
CST 2026-07-17 20:05:54.497   309   537 E C01704/TagSched: [a92abe1aa2793ca] [OpenQosCtrl]Failed to open qos_ctrl device
CST 2026-07-17 20:05:54.497   309   537 E C01704/TagSched: [a92abe1aa2793ca] [IsQosHandleOpen]get qosSetHandle_ fail
CST 2026-07-17 20:05:54.497   309   537 E C01704/TagSched: [a92abe1aa2793ca] [SetQosInternal]qosSetHandle open fail
CST 2026-07-17 20:05:54.497   309   537 E C01704/TagSched: [a92abe1aa2793ca] [OpenQosCtrl]Failed to open qos_ctrl device
CST 2026-07-17 20:05:54.497   309   537 E C01704/TagSched: [a92abe1aa2793ca] [IsQosHandleOpen]get qosSetHandle_ fail
CST 2026-07-17 20:05:54.497   309   537 E C01704/TagSched: [a92abe1aa2793ca] [SetQosInternal]qosSetHandle open fail
CST 2026-07-17 20:05:54.497  3857  3857 E C03934/AceUIEvent: [(100000:100000:scope)] AceTransform load failed: Error loading shared library /system/lib64/libtransform_interaction_ext.z.so: No such file or directory
CST 2026-07-17 20:05:54.497   309   537 E C01704/TagSched: [a92abe1aa2793ca] [OpenQosCtrl]Failed to open qos_ctrl device
CST 2026-07-17 20:05:54.497   309   537 E C01704/TagSched: [a92abe1aa2793ca] [IsQosHandleOpen]get qosSetHandle_ fail
CST 2026-07-17 20:05:54.497   309   537 E C01704/TagSched: [a92abe1aa2793ca] [SetQosInternal]qosSetHandle open fail
CST 2026-07-17 20:05:54.497  3857  3857 I C03937/AceResource: [(100000:100000:scope)] ResourceAdapter UpdateResConfig with colorMode light
CST 2026-07-17 20:05:54.497  3857  3857 W C03900/Ace: [(100000:100000:scope)] not found systemTheme in HapModuleInfo, loading default OHOS_THEME
CST 2026-07-17 20:05:54.497  3857  3857 I C03900/Ace: [(100000:100000:scope)] Cannot Get File List from resources/styles/
CST 2026-07-17 20:05:54.497  3857  3857 W C03900/Ace: [(100000:100000:scope)] GetAsset failed: resources/styles/default.json
CST 2026-07-17 20:05:54.508  2205  2275 I C04208/WMSLayout: NotifyWindowStatusDidChangeAfterShowWindow: Notify completed, windowId: 31
CST 2026-07-17 20:05:54.508  3857  4334 I C04208/WMSLayout: NotifyWindowStatusDidChange: Id:31, WindowMode:1, windowStatus:1, lastWindowStatus:0, listenerSize:0, rect:[0 0 1320 2856]
CST 2026-07-17 20:05:54.514  3857  3857 I C01406/OHOS::RS: RSTransactionHandler::Begin syncId:0, transactionHandler:2749716243, remoteTransactionDataStack.size:0
CST 2026-07-17 20:05:54.514  3857  3857 I C01406/OHOS::RS: RSTransactionHandler::Commit transactionHandler:2749716243
CST 2026-07-17 20:05:54.514  3857  3857 W C01406/OHOS::RS: RSNodeMap::UnregisterNode: node id 16565688860674 not found
CST 2026-07-17 20:05:54.514  3857  3857 I C01406/OHOS::RS: RSRootNode::Create, Node:16565688860675, Token:16565688860673
CST 2026-07-17 20:05:54.514  3857  3857 I C03900/Ace: [(100000:100000:scope)] root node OnAttachToFrameNode, id:0
CST 2026-07-17 20:05:54.514  3857  3857 I C03900/Ace: [(100000:100000:scope)] Rosenwindow set root, rsId:16565688860675
CST 2026-07-17 20:05:54.514  3857  3857 I C01406/OHOS::RS: RSRootNode::AttachRSSurfaceNode, SurfaceNode:16565688860674, Node:16565688860675
CST 2026-07-17 20:05:54.515  3857  3857 I C01406/OHOS::RS: RSTransactionHandler::Begin syncId:0, transactionHandler:1638772665, remoteTransactionDataStack.size:0
CST 2026-07-17 20:05:54.515  3857  3857 I C01406/OHOS::RS: RSTransactionHandler::Commit transactionHandler:1638772665
CST 2026-07-17 20:05:54.515  3857  3857 W C01406/OHOS::RS: RSNodeMap::UnregisterNode: node id 16565688860674 not found
CST 2026-07-17 20:05:54.515  3857  3857 E C01d02/accessibility_asacfwk: [(AccessibilitySystemAbilityClientImpl:78)]accessibility service is ready.
CST 2026-07-17 20:05:54.516   202  2329 I C01d00/accessibility: [(GetAccessibilityState:115)]EnabledState[0], TouchGuideState[0], KeyEventObserverState[0], GestureState[0], ScreenReaderState[0], SingleClickMode[0], AnimationOffState[0], AudioMonoState[0], FlashReminderSwitch[0]
CST 2026-07-17 20:05:54.517   728  1082 W C01202/Subscriber: Subscribe accessibility.config.ready, without any restrict subid = 3857_20020063_-1_524_133078
CST 2026-07-17 20:05:54.517   728  1082 I C01202/Subscriber: Subscribe cn.alfadb.netbird.e3vpnb(userId = 100, subId = 3857_20020063_-1_524_133078, ffrtCost 0 ms, taskCost 1 ms)
CST 2026-07-17 20:05:54.517  3857  3857 I C03900/Ace: [(100000:100000:scope)] focusWindowId: 0, realHostWindowId: 0
CST 2026-07-17 20:05:54.517  3857  3857 I C03900/Ace: [(100000:100000:scope)] [cn.alfadb.netbird.e3vpnb][entry][100000]: window focus
CST 2026-07-17 20:05:54.517   145   148 I C02c03/PARAM_WATCHER: SendLocalChange start keyPrefix debug.graphic.frame remoteWatcherId 59
CST 2026-07-17 20:05:54.517   145   148 I C02c03/PARAM_WATCHER: [watcher_manager.cpp:187]Add watcher debug.graphic.frame remoteWatcherId: 59 groupId 104 success
CST 2026-07-17 20:05:54.518  3857  3857 I C02c03/PARAM_WATCHER: Add watcher keyPrefix debug.graphic.frame remoteWatcherId 59 success
CST 2026-07-17 20:05:54.518  3857  3857 E C03900/Ace: [(100000:100000:scope)] ERROR EACCES
CST 2026-07-17 20:05:54.518  3857  3857 E C03900/Ace: [(100000:100000:scope)] ERROR EACCES
CST 2026-07-17 20:05:54.518  3857  3857 I C03900/Ace: [(100000:100000:scope)] ArkUIInvisibleFreeze: 0
CST 2026-07-17 20:05:54.518  3857  3857 I C03900/Ace: [(100000:100000:scope)] [cn.alfadb.netbird.e3vpnb][entry][100000]: SetMinPlatformVersion is 60101024
CST 2026-07-17 20:05:54.518  3857  3857 I C04209/WMSImms: RegisterAvoidAreaChangeListener: win 31
CST 2026-07-17 20:05:54.519   728   979 I C0420f/WMSRecover: mock_session_manager_service.cpp RegisterSMSRecoverListener: clientUserId: 100, userId: -1, pid: 3857,isLite: 0, displayId: 0
CST 2026-07-17 20:05:54.519  3857  3857 E C04200/IMockSessionManager: Read result failed, code is: 4.
CST 2026-07-17 20:05:54.519   728   979 I C0420f/WMSRecover: mock_session_manager_service.cpp RegisterSMSRecoverListener: clientUserId: 100, userId: -1, pid: 3857,isLite: 1, displayId: 0
CST 2026-07-17 20:05:54.519  3857  3857 E C04200/IMockSessionManager: Read result failed, code is: 4.
CST 2026-07-17 20:05:54.519  3857  3857 I C04204/WMSScb: InitSceneSessionManagerProxy: enter
CST 2026-07-17 20:05:54.519  2205  2275 I C04209/WMSImms: UpdateSessionAvoidAreaListener win 31 haveListener 1
CST 2026-07-17 20:05:54.520   728   979 W C04201/DMS: screen_cutout_controller.cpp GetCutoutArea: display:[ID: 0, W: 1320, H: 2856, R: 0,Mode 0]
CST 2026-07-17 20:05:54.520  2205  2275 I C0420b/WMSKeyboard: CheckEmptyKeyboardAvoidAreaIfNeeded: check keyboard avoid area, isPhoneNotFreeMultiWindow: 1, isPadNotFreeMultiWindow: 0
CST 2026-07-17 20:05:54.520  3857  4334 E C0420a/WMSLife: NotifyUIExtHostRectChangeInGlobalDisplayListeners: uiContent is null
CST 2026-07-17 20:05:54.520  3857  4315 I C04208/WMSLayout: UpdateRect: id:31 name:e3vpnb0 rect:[0 0 1320 2856]->[0 0 1320 2856] reason:23 displayId:0
CST 2026-07-17 20:05:54.521   728   979 W C04201/DMS: screen_cutout_controller.cpp GetCutoutArea: display:[ID: 0, W: 1320, H: 2856, R: 0,Mode 0]
CST 2026-07-17 20:05:54.521  3857  3857 I C03917/AceSafeArea: [(100000:100000:scope)] InitializeSafeArea systemInsets:SafeAreaInsets left_: [start: 0, end: 0], top_: [start: 0, end: 136], right_: [start: 0, end: 0], bottom_: [start: 0, end: 0], cutoutInsets:SafeAreaInsets left_: [start: 0, end: 0], top_: [start: 45, end: 148], right_: [start: 0, end: 0], bottom_: [start: 0, end: 0], navInsets:SafeAreaInsets left_: [start: 0, end: 0], top_: [start: 0, end: 0], right_: [start: 0, end: 0], bottom_: [start: 2758, end: 2856]
CST 2026-07-17 20:05:54.522   728   979 I C04201/DMS:  RegisterDisplayManagerAgent: type: 8, pid: 3857
CST 2026-07-17 20:05:54.522  3857  3857 I C0394e/AceWindow: [(100000:100000:scope)] Initialize displayId: 0, availableRect: [0, 0, 1320, 2856]
CST 2026-07-17 20:05:54.522  3857  3857 I C03900/Ace: [(100000:100000:scope)] Failed to open libthp_extra_innerapi.z.so, reason: Error loading shared library /system/lib64/libthp_extra_innerapi.z.so: No such file or directory
CST 2026-07-17 20:05:54.522  3857  3857 I C03900/Ace: [(-2:100000:singleton)] [cn.alfadb.netbird.e3vpnb][entry][100000]: Initialize: pages/Index
CST 2026-07-17 20:05:54.525  3857  3857 I C03900/Ace: [(100000:100000:scope)] RunPage:pages/Index
CST 2026-07-17 20:05:54.525  3857  3857 W C03900/Ace: [(100000:100000:scope)] GetAsset failed: manifest.json
CST 2026-07-17 20:05:54.525  3857  4346 I C03951/InputKeyFlow: [(-1:100000:singleton)] Subscribe touch.events.pass.through Event
CST 2026-07-17 20:05:54.525  3857  3857 I C04200/WMS: InitUIContent: [0, 0]
CST 2026-07-17 20:05:54.525   145   148 I C02c03/PARAM_WATCHER: SendLocalChange start keyPrefix persist.ace.trace.layout.enabled remoteWatcherId 59
CST 2026-07-17 20:05:54.525  3857  3857 I C04208/WMSLayout: SetUIContentInner: single hand, id:31, posX:0, posY:0, scaleX:1.000000, scaleY:1.000000
CST 2026-07-17 20:05:54.525  3857  3857 I C04219/WMSDecor: UpdateDecorEnable: decorVisible:1, id: 31
CST 2026-07-17 20:05:54.525  3857  3857 I C03900/Ace: [(-2:100000:singleton)] [cn.alfadb.netbird.e3vpnb][entry][100000]: UpdateWindowVisible: 1, hasDecor: 0
CST 2026-07-17 20:05:54.525   145   148 I C02c03/PARAM_WATCHER: [watcher_manager.cpp:187]Add watcher persist.ace.trace.layout.enabled remoteWatcherId: 59 groupId 105 success
CST 2026-07-17 20:05:54.525  3857  3857 I C03900/Ace: [(-2:100000:singleton)] [cn.alfadb.netbird.e3vpnb][entry][100000]: NotifyWindowMode mode = 1
CST 2026-07-17 20:05:54.525  3857  4351 I C02c03/PARAM_WATCHER: Add watcher keyPrefix persist.ace.trace.layout.enabled remoteWatcherId 59 success
CST 2026-07-17 20:05:54.526   145   148 I C02c03/PARAM_WATCHER: SendLocalChange start keyPrefix persist.ace.trace.inputevent.enabled remoteWatcherId 59
CST 2026-07-17 20:05:54.526   145   148 I C02c03/PARAM_WATCHER: [watcher_manager.cpp:187]Add watcher persist.ace.trace.inputevent.enabled remoteWatcherId: 59 groupId 106 success
CST 2026-07-17 20:05:54.526  3857  4351 I C02c03/PARAM_WATCHER: Add watcher keyPrefix persist.ace.trace.inputevent.enabled remoteWatcherId 59 success
CST 2026-07-17 20:05:54.526   145   148 I C02c03/PARAM_WATCHER: SendLocalChange start keyPrefix const.security.developermode.state remoteWatcherId 59
CST 2026-07-17 20:05:54.526   728  1004 I C01202/Subscriber: Subscribe cn.alfadb.netbird.e3vpnb(userId = 100, subId = 3857_20020063_-1_525_133088, ffrtCost 1 ms, taskCost 0 ms)
CST 2026-07-17 20:05:54.526   202  2279 I C01d00/accessibility: [(WindowUpdateAll:1027)]WindowUpdateAll start activeWindowId_: 31
CST 2026-07-17 20:05:54.526   145   148 I C02c03/PARAM_WATCHER: [watcher_manager.cpp:187]Add watcher const.security.developermode.state remoteWatcherId: 59 groupId 107 success
CST 2026-07-17 20:05:54.526  3857  4351 I C02c03/PARAM_WATCHER: Add watcher keyPrefix const.security.developermode.state remoteWatcherId 59 success
CST 2026-07-17 20:05:54.526   202  2279 I C01d00/accessibility: [(SetActiveWindow:398)]windowId is 31, activeWindowId_: -1
CST 2026-07-17 20:05:54.526   202  2279 I C01d00/accessibility: [(WindowUpdateAll:1079)]WindowUpdateAll end activeWindowId_: 31
CST 2026-07-17 20:05:54.526   145   148 I C02c03/PARAM_WATCHER: SendLocalChange start keyPrefix persist.ace.debug.statemgr.enabled remoteWatcherId 59
CST 2026-07-17 20:05:54.526  2205  2433 E C04200/WMS: UpdateSessionPropertyByAction: permission denied! action: 262144
CST 2026-07-17 20:05:54.526  3857  3857 I C03900/Ace: [(-2:100000:singleton)] [cn.alfadb.netbird.e3vpnb][entry][100000]: window foreground
CST 2026-07-17 20:05:54.526   145   148 I C02c03/PARAM_WATCHER: [watcher_manager.cpp:187]Add watcher persist.ace.debug.statemgr.enabled remoteWatcherId: 59 groupId 108 success
CST 2026-07-17 20:05:54.526  3857  4351 I C02c03/PARAM_WATCHER: Add watcher keyPrefix persist.ace.debug.statemgr.enabled remoteWatcherId 59 success
CST 2026-07-17 20:05:54.527  3857  3857 I C03900/Ace: [(100000:100000:scope)] Update application state , state: ON_SHOW
CST 2026-07-17 20:05:54.527   145   148 I C02c03/PARAM_WATCHER: SendLocalChange start keyPrefix persist.ace.debug.boundary.enabled remoteWatcherId 59
CST 2026-07-17 20:05:54.527  3857  3857 I C01406/OHOS::RS: RSSurfaceNode::SetAbilityState, surfaceNodeId:[16565688860674], ability state: foreground
CST 2026-07-17 20:05:54.527   145   148 I C02c03/PARAM_WATCHER: [watcher_manager.cpp:187]Add watcher persist.ace.debug.boundary.enabled remoteWatcherId: 59 groupId 109 success
CST 2026-07-17 20:05:54.527  3857  4351 I C02c03/PARAM_WATCHER: Add watcher keyPrefix persist.ace.debug.boundary.enabled remoteWatcherId 59 success
CST 2026-07-17 20:05:54.527  3857  3857 I C03900/Ace: [(100000:100000:scope)] ArkUI requests first Vsync.
CST 2026-07-17 20:05:54.527   145   148 I C02c03/PARAM_WATCHER: SendLocalChange start keyPrefix persist.ace.performance.monitor.enabled remoteWatcherId 59
CST 2026-07-17 20:05:54.527  3857  3857 I C04202/WMSMain: RequestVsync: First vsync has requested, nodeId: 16565688860674
CST 2026-07-17 20:05:54.527   727  3576 I C01400/Vsync: RequestNextVSync: First vsync is requested, name: WM_3857
CST 2026-07-17 20:05:54.527   727  3576 I C01400/Vsync: RequestNextVSync: First vsync RequestNextVSync conn:WM_3857, rate:0, highPriorityRate:1
CST 2026-07-17 20:05:54.527   145   148 I C02c03/PARAM_WATCHER: [watcher_manager.cpp:187]Add watcher persist.ace.performance.monitor.enabled remoteWatcherId: 59 groupId 110 success
CST 2026-07-17 20:05:54.527  3857  4351 I C02c03/PARAM_WATCHER: Add watcher keyPrefix persist.ace.performance.monitor.enabled remoteWatcherId 59 success
CST 2026-07-17 20:05:54.527  3857  3857 I C03959/AceLayout: [(-2:100000:singleton)] [cn.alfadb.netbird.e3vpnb][entry][100000]: UpdateViewportConfig Viewport config: size: (1320, 2856) orientation: 0 density: 3.500000 position: (0, 0) transformHint: 0 displayId: 0, windowSizeChangeReason 0, is rsTransaction nullptr 1, , keyboardInfo is null
CST 2026-07-17 20:05:54.527  3857  3857 I C0394e/AceWindow: [(100000:100000:scope)] Update displayWindowRect in UpdateViewportConfig to : Rect (0.00, 0.00) - [0.00 x 0.00]
CST 2026-07-17 20:05:54.527  3857  3857 I C04208/WMSLayout: UpdateViewportConfig: Id: 31, reason: 0, windowRect: [0 0 1320 2856], displayOrientation: 0, config[0, 0, 0, 3.500000]
CST 2026-07-17 20:05:54.527  3857  3857 I C03900/Ace: [(-2:100000:singleton)] [cn.alfadb.netbird.e3vpnb][entry][100000]: window focus
CST 2026-07-17 20:05:54.527  3857  3857 I C03900/Ace: [(-2:100000:singleton)] [cn.alfadb.netbird.e3vpnb][entry][100000]:window active
CST 2026-07-17 20:05:54.527  3857  3857 I C04208/WMSLayout: NotifyAfterUIContentReady: Renotify transform, id:31, scaleX:1.000000, scaleY:1.000000
CST 2026-07-17 20:05:54.528  3857  3857 W C01320/JsEnv: [source_map.cpp145]the stack without line info
CST 2026-07-17 20:05:54.528  3857  3857 I A02900/E3VpnGate: ENTRY_PAGE_READY|bundle=cn.alfadb.netbird.e3vpnb
CST 2026-07-17 20:05:54.528  3857  3857 I C04200/JsWindowStage: Window [31, e3vpnb0] load content end, ret=0
CST 2026-07-17 20:05:54.529  3857  3857 I C04209/WMSImms: NotifyAvoidAreaChange: win 31 api 24 type 0 area top [0 0 1320 136] 
CST 2026-07-17 20:05:54.529  3857  3857 I C04209/WMSImms: NotifyAvoidAreaChange: win 31 api 24 type 1 area top [517 45 285 103] 
CST 2026-07-17 20:05:54.529  3857  3857 I C04209/WMSImms: NotifyAvoidAreaChange: win 31 api 24 type 2 area empty
CST 2026-07-17 20:05:54.529  3857  3857 I C04209/WMSImms: NotifyAvoidAreaChange: win 31 api 24 type 3 area empty
CST 2026-07-17 20:05:54.529  3857  3857 I C04209/WMSImms: NotifyAvoidAreaChange: win 31 api 24 type 4 area bottom [429 2758 462 98] 
CST 2026-07-17 20:05:54.529  3857  3857 I C04208/WMSLayout: UpdateViewportConfig: Id: 31, reason: 0, windowRect: [0 0 1320 2856], displayOrientation: 0, config[0, 0, 0, 3.500000]
CST 2026-07-17 20:05:54.529  3857  3857 I C03900/Ace: [(100000:100000:scope)] Update application state , state: ON_ACTIVE
CST 2026-07-17 20:05:54.529  3857  3857 I C01d02/accessibility_asacfwk: [(SubscribeStateObserver:652)]Observer has subscribed!
CST 2026-07-17 20:05:54.529  3857  3857 I C01d02/accessibility_asacfwk: [(SubscribeStateObserver:652)]Observer has subscribed!
CST 2026-07-17 20:05:54.529  3857  3857 I C01d02/accessibility_asacfwk: [(SubscribeStateObserver:652)]Observer has subscribed!
CST 2026-07-17 20:05:54.529  3857  3857 I C0391c/AceFocus: [(100000:100000:scope)] Window: 31 get focus.
CST 2026-07-17 20:05:54.529  3857  3857 W C0391c/AceFocus: [(100000:100000:scope)] Current focus view can not found!
CST 2026-07-17 20:05:54.529  3857  3857 I C0391c/AceFocus: [(100000:100000:scope)] Request focus on rootFocusHub: root/0
CST 2026-07-17 20:05:54.530  3857  3857 I C04208/WMSLayout: UpdateViewportConfig: Id: 31, reason: 23, windowRect: [0 0 1320 2856], displayOrientation: 0, config[0, 0, 0, 3.500000]
CST 2026-07-17 20:05:54.530  3857  3857 I C03925/AceRouter: [(100000:100000:scope)] Page router manager is creating page[1]: url: pages/Index path: pages/Index.js, recoverable: yes, namedRouter: no
CST 2026-07-17 20:05:54.530   309   386 E C01704/TagSched: [a92ab01aa281828] [OpenQosCtrl]Failed to open qos_ctrl device
CST 2026-07-17 20:05:54.530   309   386 E C01704/TagSched: [a92ab01aa281828] [IsQosHandleOpen]get qosSetHandle_ fail
CST 2026-07-17 20:05:54.530   309   386 E C01704/TagSched: [a92ab01aa281828] [SetUclamp]qosSetHandle open fail
CST 2026-07-17 20:05:54.531   309   386 E C01717/APP_TYPE_MGR: [a92ab11aa2818ef] App type manager service is not ready, RequestApplicationType failed
CST 2026-07-17 20:05:54.531   309   386 I C01720/SmartGC: [a92ab11aa2818ef] [GetAppType]bundleName cn.alfadb.netbird.e3vpnb type -1
CST 2026-07-17 20:05:54.531   309   372 I C01705/EXACT_PREREAD: [a92ab01aa281828] [(HandlePushPageStart):511] Push page info <bundleName: cn.alfadb.netbird.e3vpnb abilityName: EntryAbility pageUrl: pages.Index>;
CST 2026-07-17 20:05:54.531   309   372 I C01705/EXACT_PREREAD: [a92ab01aa281828] [(HandlePushPageStart):518] ContinueAppStartupCollectWork uid: 20020063 pid: 3857 sceneName:cn.alfadb.netbird.e3vpnb/cn.alfadb.netbird.e3vpnb
CST 2026-07-17 20:05:54.535   309   536 E C01704/TagSched: [a92ab21aa282b52] [OpenQosCtrl]Failed to open qos_ctrl device
CST 2026-07-17 20:05:54.535   309   536 E C01704/TagSched: [a92ab21aa282b52] [IsQosHandleOpen]get qosSetHandle_ fail
CST 2026-07-17 20:05:54.535   309   536 E C01704/TagSched: [a92ab21aa282b52] [SetUclamp]qosSetHandle open fail
CST 2026-07-17 20:05:54.535   309   539 I C01705/EXACT_PREREAD: [a92ab21aa282b52] [(HandlePushPageComplete):548] Startup scene, SendDelayCollectTimeoutEvent uid: 20020063 pid: 3857 sceneName:cn.alfadb.netbird.e3vpnb/cn.alfadb.netbird.e3vpnb
CST 2026-07-17 20:05:54.536  3857  3857 W C03926/AceTheme: [(100000:100000:scope)] style text_pattern not contains linear_split_child_min_size!
CST 2026-07-17 20:05:54.536  3857  3857 W C03926/AceTheme: [(100000:100000:scope)] style text_pattern not contains menu_celia_ask_is_support!
CST 2026-07-17 20:05:54.537  3857  3857 W C03926/AceTheme: [(100000:100000:scope)] style 125829872 not contains app_theme_pattern!
CST 2026-07-17 20:05:54.538  3857  3857 E C01e00/ResourceManager: ref <private> id not found
CST 2026-07-17 20:05:54.538  3857  3857 E C01e00/ResourceManager: ref <private> id not found
CST 2026-07-17 20:05:54.538  3857  3857 W C03937/AceResource: [(100000:100000:scope)] Get pattern by name error, name=app_theme_pattern
CST 2026-07-17 20:05:54.538  3857  3857 E C01e00/ResourceManager: ref <private> id not found
CST 2026-07-17 20:05:54.538  3857  3857 E C01e00/ResourceManager: ref <private> id not found
CST 2026-07-17 20:05:54.538  3857  3857 W C03937/AceResource: [(100000:100000:scope)] Get pattern by name error, name=app_theme_pattern
CST 2026-07-17 20:05:54.538  3857  3857 W C03926/AceTheme: [(100000:100000:scope)] style app_theme_pattern not contains app_theme_drag_distancethreshold!
CST 2026-07-17 20:05:54.538  3857  3857 I C0391c/AceFocus: [(100000:100000:scope)] view: page/2 show
CST 2026-07-17 20:05:54.538  3857  3857 I C03922/AceNavigation: [(100000:100000:scope)] can't find inner navigation
CST 2026-07-17 20:05:54.539  3857  3857 I C03933/AceKeyboard: [(100000:100000:scope)] StageManager FrameNode notNeedSoftKeyboard.
CST 2026-07-17 20:05:54.539  3857  3857 I C03933/AceKeyboard: [(100000:100000:scope)] Container not SceneBoardWindow.
CST 2026-07-17 20:05:54.539  3857  3857 I C03925/AceRouter: [(100000:100000:scope)] LoadPage Success
CST 2026-07-17 20:05:54.539  3857  3857 I C03917/AceSafeArea: [(-2:100000:singleton)] SetIsFullScreen 1
CST 2026-07-17 20:05:54.539  3857  3857 I C0392a/AceUiExtensionComponent: [(-2:100000:singleton)] NotifyWindowMode aliveUIExtensions = 0
CST 2026-07-17 20:05:54.540  3857  3857 I C03900/Ace: [(100000:100000:scope)] Root node request first frame.
CST 2026-07-17 20:05:54.540   309   537 W C01727/SceneRecognizeExt: [a92ab31aa283b94] [HandlePageReport]smart scan get config page info error, bundleName: cn.alfadb.netbird.e3vpnb
CST 2026-07-17 20:05:54.540  3857  3857 I C03900/Ace: [(100000:100000:scope)] Update application state , state: ON_ACTIVE
CST 2026-07-17 20:05:54.540  3857  3857 I C01d02/accessibility_asacfwk: [(SubscribeStateObserver:652)]Observer has subscribed!
CST 2026-07-17 20:05:54.540  3857  3857 I C01d02/accessibility_asacfwk: [(SubscribeStateObserver:652)]Observer has subscribed!
CST 2026-07-17 20:05:54.540  3857  3857 I C01d02/accessibility_asacfwk: [(SubscribeStateObserver:652)]Observer has subscribed!
CST 2026-07-17 20:05:54.540  3857  3857 I C0391c/AceFocus: [(100000:100000:scope)] Window: 31 get focus.
CST 2026-07-17 20:05:54.540   727   921 I C01400/Vsync: OnVSyncTrigger: F send
CST 2026-07-17 20:05:54.540   727   921 I C01400/Vsync: PostEvent: First vsync has send to : WM_3857
CST 2026-07-17 20:05:54.540  3857  3857 I C03900/Ace: [(100000:100000:scope)] Update application state , state: ON_ACTIVE
CST 2026-07-17 20:05:54.540  3857  3857 I C01d02/accessibility_asacfwk: [(SubscribeStateObserver:652)]Observer has subscribed!
CST 2026-07-17 20:05:54.540  3857  3857 I C01d02/accessibility_asacfwk: [(SubscribeStateObserver:652)]Observer has subscribed!
CST 2026-07-17 20:05:54.540  3857  3857 I C01d02/accessibility_asacfwk: [(SubscribeStateObserver:652)]Observer has subscribed!
CST 2026-07-17 20:05:54.540  3857  3857 I C04202/WMSMain: VsyncCallbackInner: First vsync has come back, nodeId: 16565688860674
CST 2026-07-17 20:05:54.541  3857  3857 W C03900/Ace: [(100000:100000:scope)] FeatureParamManager feature is missing or invalid
CST 2026-07-17 20:05:54.542  3857  3857 I C01408/Text: InitTextBundleConfig: Adapter text height enabled 0
CST 2026-07-17 20:05:54.548  3857  3857 I C03900/Ace: [(100000:100000:scope)] ArkUi flush first frame messages.
CST 2026-07-17 20:05:54.548  3857  3857 I C0391c/AceFocus: [(100000:100000:scope)] Request focus on focusView: page/2.
CST 2026-07-17 20:05:54.549  3857  3857 I C0391c/AceFocus: [(100000:100000:scope)] WinFocusMove end, root/secure_field onBlur, Column/secure_field onFocus, start: 2, end: 1, update: 2
CST 2026-07-17 20:05:54.549  3857  3857 I C03933/AceKeyboard: [(100000:100000:scope)] current focus node: (Column/5). isDynamic: 0
CST 2026-07-17 20:05:54.549  3857  3857 I C03933/AceKeyboard: [(100000:100000:scope)] Trigger Window Focus Callback
CST 2026-07-17 20:05:54.549  3857  3857 I C03933/AceKeyboard: [(100000:100000:scope)] need keyboard : 0.
CST 2026-07-17 20:05:54.549  3857  3857 I C0420b/WMSKeyboard: id: 31, isNeedKeyboard: 0, keepKeyboardFlag: 0
CST 2026-07-17 20:05:54.549   728   979 W C01300/AAFwk: [permission_verification.cpp66]ohos.permission.GET_RUNNING_INFO: PERMISSION_DENIED
CST 2026-07-17 20:05:54.549   728   979 E C01311/AppMS: [AMSI6451]permission verify fail
CST 2026-07-17 20:05:54.549  3857  3857 I C0420b/WMSKeyboard: RequestInputMethodCloseKeyboard: Notify InputMethod framework close keyboard start. id: 31, isUIEProc: 0, hostWindowId: 31
CST 2026-07-17 20:05:54.550   701   701 I C01c10/ImsaKit: line: 195, function: OnRemoteRequest,IMSA, code = 8, callingPid/Uid/timestamp: 3857/20020063/1784289954550
CST 2026-07-17 20:05:54.550   701   701 I C01c10/ImsaKit: line: 865, function: RequestHideInput,isFocusTriggered/windowId/displayId:0/31/0.
CST 2026-07-17 20:05:54.550  2205  2275 I C04207/WMSFocus: GetAllGroupInfo success
CST 2026-07-17 20:05:54.550  2205  2433 I C04207/WMSFocus: HandleGetAllGroupInfo: start reply
CST 2026-07-17 20:05:54.550   611   615 W C02515/DISP: [SetLayerMaskInfo:495] <private> is not supported
CST 2026-07-17 20:05:54.551   727   727 I C01406/OHOS::RS: RSSurfaceRenderNode::SetAbilityState, surfaceNodeId:[16565688860674] ability state: background
CST 2026-07-17 20:05:54.551   727   727 I C01406/OHOS::RS: RSSurfaceRenderNode::SetAbilityState, surfaceNodeId:[16565688860674] ability state: foreground
CST 2026-07-17 20:05:54.551   727   727 E C01406/RSScreenManager: IsAllScreensPowerOff: screenPowerStatus_ is empty.
CST 2026-07-17 20:05:54.552   611   615 I C02515/DISP: [CommitComposeLayer:67] CommitComposeLayer! 10
CST 2026-07-17 20:05:54.557   701   701 I C01c10/ImsaKit: line: 164, function: NotifyInputStop,enter.
CST 2026-07-17 20:05:54.557   701   701 I C01c10/ImsaKit: line: 61, function: GetListenerInfo,ImeEventListenerManager::GetListenerInfo enter
CST 2026-07-17 20:05:54.557   701   701 I C01c10/ImsaKit: line: 181, function: NotifyInputStop,NotifyInputStopToClients end
CST 2026-07-17 20:05:54.558  3857  3857 I C03903/AceSubWindow: [(100000:100000:scope)] hide menu ng exit, window not exist
CST 2026-07-17 20:05:54.558  3857  3857 I C04216/WMSPattern: FlushLayoutSize: NotifyFrameLayoutFinishFromApp, id: 31, rect: [0 0 1320 2856], notifyListener: 0
CST 2026-07-17 20:05:54.558  2205  3089 I C04216/WMSPattern: NotifyFrameLayoutFinishFromApp: 0, [0 0 1320 2856]
CST 2026-07-17 20:05:54.559  2205  2205 I C0393b/AceWindowScene: [(100000:100000:scope)] isAbilityHook: 0,BufferAvailableCallback id: 31,enableRemoveStartingWindow: 0, appBufferReady: 0
CST 2026-07-17 20:05:54.559   309   372 E C01720/SmartGC: [a92ab61aa288948] [ExitGCPauseSceneInner]ExitGCPauseSceneInner 133092 133121
CST 2026-07-17 20:05:54.559  2205  2205 I C0393b/AceWindowScene: [(100000:100000:scope)] BufferAvailableCallback id: 31, isWindowSizeEqual: 1
CST 2026-07-17 20:05:54.617   309   372 E C01704/TagSched: [a92ab31aa2596ce] [OpenQosCtrl]Failed to open qos_ctrl device
CST 2026-07-17 20:05:54.617   309   372 E C01704/TagSched: [a92ab31aa2596ce] [IsQosHandleOpen]get qosSetHandle_ fail
CST 2026-07-17 20:05:54.617   309   372 E C01704/TagSched: [a92ab31aa2596ce] [SetUclamp]qosSetHandle open fail
CST 2026-07-17 20:05:54.682  4356  4356 W C02c02/PARAM: Selinux check name persist.init.debug.loglevel in u:object_r:startup_init_param:s0 [4356 2000 2000] failed
CST 2026-07-17 20:05:54.682  4356  4356 W C02c02/PARAM: Selinux check name persist.init.debug.loglevel in u:object_r:startup_init_param:s0 [4356 2000 2000] failed
CST 2026-07-17 20:05:54.682  4356  4356 W C02c02/PARAM: SystemReadParam failed!name is:persist.init.debug.loglevel,err:1002
CST 2026-07-17 20:05:54.692  4358  4358 W C02c02/PARAM: Selinux check name persist.init.debug.loglevel in u:object_r:startup_init_param:s0 [4358 2000 2000] failed
CST 2026-07-17 20:05:54.692  4358  4358 W C02c02/PARAM: Selinux check name persist.init.debug.loglevel in u:object_r:startup_init_param:s0 [4358 2000 2000] failed
CST 2026-07-17 20:05:54.692  4358  4358 W C02c02/PARAM: SystemReadParam failed!name is:persist.init.debug.loglevel,err:1002
CST 2026-07-17 20:05:54.694   727   891 W C01406/OHOS::RS: RSJankStats::SetJankStats jank frames 8
CST 2026-07-17 20:05:54.694   611   615 W C02515/DISP: [SetLayerMaskInfo:495] <private> is not supported
CST 2026-07-17 20:05:54.694   611   615 I C02515/DISP: [CommitComposeLayer:67] CommitComposeLayer! 10
CST 2026-07-17 20:05:54.701   727   727 E C01406/RSScreenManager: IsAllScreensPowerOff: screenPowerStatus_ is empty.
CST 2026-07-17 20:05:54.702   727   727 I C01406/OHOS::RS: RSSurfaceRenderNode::NotifyUIBufferAvailable nodeId = 16565688860674
CST 2026-07-17 20:05:54.703  2205  3089 I C0393b/AceWindowScene: [(-1:100000:singleton)] BufferAvailableCallback id:31
CST 2026-07-17 20:05:54.703  2205  3089 I C04202/WMSMain: NotifyCompleteFirstFrameDrawing:  id: 31, app info: [cn.alfadb.netbird.e3vpnb entry EntryAbility]
CST 2026-07-17 20:05:54.703  2205  3089 I C04200/WMS: Post CompleteFirstFrameDrawing task. Id: 31
CST 2026-07-17 20:05:54.703  2205  3089 I C04204/WMSScb: SetSkipSelfWhenShowOnVirtualScreen: surfaceNodeId: 31
CST 2026-07-17 20:05:54.703  2205  3089 I C0393b/AceWindowScene: [(-1:100000:singleton)] isAbilityHook: 0,BufferAvailableCallback id: 31,enableRemoveStartingWindow: 0, appBufferReady: 0
CST 2026-07-17 20:05:54.703  2205  2205 I A04200/WINDOW: SCBSceneSession: onBufferAvailableChange, isBufferAvailable: true, id: 31,      bundleName: cn.alfadb.netbird.e3vpnb
CST 2026-07-17 20:05:54.703  2205  2205 I A04200/WINDOW: SCBScenePersistent: Set persistentId = 31 isAlive to true
CST 2026-07-17 20:05:54.703  2205  2275 I C04200/SessionListenerController: NotifySessionCreated: Id:31
CST 2026-07-17 20:05:54.703  2205  2275 I C0420a/WMSLife: operator(): start notify listeners, bundleName:cn.alfadb.netbird.e3vpnb, Id:31, event:0, reason: 0
CST 2026-07-17 20:05:54.703   728   979 W C01336/AMS: [ability_start_with_wait_observer_manager.cpp139]invaid observerId
CST 2026-07-17 20:05:54.703  2205  2205 I A04200/WINDOW: SCBSceneSession: bufferAvailableCallbackList length: 0
CST 2026-07-17 20:05:54.703  2205  2205 I A04209/WMSImms: win:31 app prop is applied
CST 2026-07-17 20:05:54.704  2205  2256 I C01631/GaussPD:  [0] [ADAPTER] [140486560946944] Not support binlog_default.writeLock file enable del monitor sysno = 25
CST 2026-07-17 20:05:54.704  2205  2256 I C01631/GaussPD:  [0] [ADAPTER] [140486560946944] Not support binlog_default.writeLock file enable del monitor sysno = 25
CST 2026-07-17 20:05:54.704  2205  2256 I C01631/GaussPD:  [0] [ADAPTER] [140486560946944] Not support binlog_default.writeLock file enable del monitor sysno = 25
CST 2026-07-17 20:05:54.704  2205  2205 I A04209/WMSImms: update prop to callbacks. screenId:0 mainscreenId:0 window:31, prop:[5,true,"#00FFFFFF","#FF000000",false,false,null], size:5 reason: sceneSession isSetEnable:false isSetColor:false isLand:false 
CST 2026-07-17 20:05:54.704  2205  2205 I A01a00/SYS_UI: SystemUI_BannerVm --> onSystemBarProperty
CST 2026-07-17 20:05:54.705  2205  2205 I A01a00/SYS_UI: TaskQueue: Add task SCBStatusBarVM_onSystemBarPropertyChange, count: 1
CST 2026-07-17 20:05:54.705  2205  2205 I A01a00/SYS_UI: TaskQueue: execute queueName SCBStatusBarVM, task onSystemBarPropertyChange, runningCount 1, startTime 1784289954705
CST 2026-07-17 20:05:54.705  2205  2205 I A01a00/SYS_UI: SCBStatusBarView: registerSystemBarPropertyCallbacks, enable: true, enableAnimation:false, isExitRecentTask: false
CST 2026-07-17 20:05:54.705  2205  2205 I A01a00/SYS_UI: TimeoutPromise: Create for SCBStatusBarView_isEnablePromise.
CST 2026-07-17 20:05:54.705  2205  2205 I A01a00/SYS_UI: TimeoutPromise: StartTimeout for SCBStatusBarView_isEnablePromise timeout 500
CST 2026-07-17 20:05:54.705  2205  2205 I A04200/WINDOW: SCBSSM: setIsShowStatusBarTemporary 31 false
CST 2026-07-17 20:05:54.705  2205  2205 I A01a00/SYS_UI: TimeoutPromise: Manually resolve fot SCBStatusBarView_isEnablePromise. reason: SCBStatusBarView_isEnablePromise
CST 2026-07-17 20:05:54.705  2205  2205 W A01a00/SYS_UI: SCBStatusBarView: isEnable changed: true, statusBarOpacity is 1, immersive is false, enable animation: false
CST 2026-07-17 20:05:54.705  2205  2205 W A01a00/SYS_UI: StatusBarVMV2: System bar property change from #FFFFFFFF to #FF000000 #00FFFFFF
CST 2026-07-17 20:05:54.705  2205  2205 I A01a00/SYS_UI: StatusBarVMV2: updateTintContentColor enable true, enableAnimation false contentColor #FF000000
CST 2026-07-17 20:05:54.705  2205  2205 W A01a00/SYS_UI: StatusBarBridgeView: onPluginContentColorChange #FF000000
CST 2026-07-17 20:05:54.705  2205  2256 I C01631/GaussPD:  [0] [ADAPTER] [140486560946944] Not support binlog_default.writeLock file enable del monitor sysno = 25
CST 2026-07-17 20:05:54.705  2205  2256 I C01631/GaussPD:  [0] [ADAPTER] [140486560946944] Not support binlog_default.writeIndex file enable del monitor sysno = 25
CST 2026-07-17 20:05:54.705  2205  2256 I C01631/GaussPD:  [0] [ADAPTER] [140486560946944] Not support binlog_default.writeIndex file enable del monitor sysno = 25
CST 2026-07-17 20:05:54.706  2205  2205 I A01b00/SCB: SCBCategoryResourceManager: isForceFullScreenWithDock bundleName: cn.alfadb.netbird.e3vpnb
CST 2026-07-17 20:05:54.706  2205  2205 I A01b00/SCB:                   isForceFullScreenWithDock: false
CST 2026-07-17 20:05:54.706  2205  2205 I A01a00/SYS_UI: TaskQueue: Run task SCBStatusBarVM_onSystemBarPropertyChange, time: 1, count: 0
CST 2026-07-17 20:05:54.706  2205  2205 W A01a00/SYS_UI: TaskQueue: stop run task, queueName SCBStatusBarVM, isFreeze: false, runningCount: 0, tasks length: 0
CST 2026-07-17 20:05:54.706   728  1043 W C04201/DMS: screen_cutout_controller.cpp GetCutoutArea: display:[ID: 0, W: 1320, H: 2856, R: 0,Mode 0]
CST 2026-07-17 20:05:54.706  2205  2205 I C0393b/AceWindowScene: [(100000:100000:scope)] RemoveChild StartingWindow, 2324
CST 2026-07-17 20:05:54.706  2205  2205 I C0393b/AceWindowScene: [(100000:100000:scope)] Remove starting window finished, id: 31, node id: 2324, name: cn.alfadb.netbird.e3vpnb
CST 2026-07-17 20:05:54.708  2205  2205 I A01a00/SYS_UI: StatusBarBridgeView: FrameCallback do
CST 2026-07-17 20:05:54.709  2205  2205 I A01a00/SYS_UI: StatusBarColorPickerVm --> on isImmersive change: false,color: #FF000000--windowSetColor
CST 2026-07-17 20:05:54.709  2205  2205 I A01a00/SYS_UI: StatusBarColorPickerVm --> color enable false
CST 2026-07-17 20:05:54.709  2205  2205 I A01a00/SYS_UI: BatteryComponent-batteryIcon --> onContentColorChange #FF000000 batterySocTextTop 0
CST 2026-07-17 20:05:54.710  2205  2205 I A01a00/SYS_UI: GroupBackgroundEffect --> LightNess: 0 colorStr: #FF000000
CST 2026-07-17 20:05:54.710  2205  2205 I A01a00/SYS_UI: StatusBarHeightVm: clearShowHeight GroupBackgroundEffect_left_group
CST 2026-07-17 20:05:54.710  2205  2205 I A01a00/SYS_UI: StatusBarHeightVm: checkHeightChange: cacheUseHeight 39 maxHeight 39 maxHotArea: 39
CST 2026-07-17 20:05:54.710  2205  2205 I A01a00/SYS_UI: GroupBackgroundEffect --> LightNess: 0 colorStr: #FF000000
CST 2026-07-17 20:05:54.710  2205  2205 I A01a00/SYS_UI: StatusBarHeightVm: clearShowHeight GroupBackgroundEffect_right_group
CST 2026-07-17 20:05:54.711  2205  2205 I A01a00/SYS_UI: StatusBarHeightVm: checkHeightChange: cacheUseHeight 39 maxHeight 39 maxHotArea: 39
CST 2026-07-17 20:05:54.711  2205  2205 I A01a00/SYS_UI: LiveCapsuleListVm: shadow capsule color = #4D000000
CST 2026-07-17 20:05:54.712  4359  4359 W C02c02/PARAM: Selinux check name persist.init.debug.loglevel in u:object_r:startup_init_param:s0 [4359 2000 2000] failed
CST 2026-07-17 20:05:54.712  4359  4359 W C02c02/PARAM: Selinux check name persist.init.debug.loglevel in u:object_r:startup_init_param:s0 [4359 2000 2000] failed
CST 2026-07-17 20:05:54.712  4359  4359 W C02c02/PARAM: SystemReadParam failed!name is:persist.init.debug.loglevel,err:1002
CST 2026-07-17 20:05:54.755   142   840 I C01800/SAMGR: NF SA:65962,830_183
CST 2026-07-17 20:05:54.780   309   386 W C01704/TagSched: [a92ab01aa281828] [operator()]The removed task is being executed, execute stop, Task = minUtilSched#10:3857:9
CST 2026-07-17 20:05:54.814   164   552 E C02510/devsvc_manager_stub: StubGetService service ril_ext not found
CST 2026-07-17 20:05:54.814   163   761 E C02510/hdi_servmgr_client: get hdi service ril_ext failed, -1
CST 2026-07-17 20:05:54.814   163   761 I C02d19/CHR_SERVICE: RilRadioRadarTunnel, ConnectRilAdapterService chrRadio_ is nullptr!
CST 2026-07-17 20:05:54.814   164   552 E C02510/devsvc_manager_stub: StubGetService service hmi_service not found
CST 2026-07-17 20:05:54.814   163   761 E C02510/hdi_servmgr_client: get hdi service hmi_service failed, -1
CST 2026-07-17 20:05:54.814   163   761 E C02510/hmi_interface_proxy: Get:get remote object failed!
CST 2026-07-17 20:05:54.814   163   761 I C02d19/CHR_SERVICE: [HmiClient][chr_client]GetService: hmiInterface is nullptr.
CST 2026-07-17 20:05:54.814   163   761 I C02d19/CHR_SERVICE: [HmiClient][chr_client]TryGetServiceDelayed: retryCount=29, delayed=4000.
CST 2026-07-17 20:05:54.825   164   552 E C02510/devsvc_manager_stub: StubGetService service hmi_service not found
CST 2026-07-17 20:05:54.825   163   769 E C02510/hdi_servmgr_client: get hdi service hmi_service failed, -1
CST 2026-07-17 20:05:54.825   163   769 E C02510/hmi_interface_proxy: Get:get remote object failed!
CST 2026-07-17 20:05:54.825   163   769 I C02d19/CHR_SERVICE: [HmiClient][modem_log_client]GetService: hmiInterface is nullptr.
CST 2026-07-17 20:05:54.825   163   769 I C02d19/CHR_SERVICE: [HmiClient][modem_log_client]TryGetServiceDelayed: retryCount=29, delayed=4000.
CST 2026-07-17 20:05:54.872  2205  2205 I A01b0d/HICAR: TopAppManager --> COMMON_EVENT_TOP_APP_CHANGE success
CST 2026-07-17 20:05:54.872   728  1080 I C01202/Unordered: Pid 2205 publish COMMON_EVENT_TOP_APP_CHANGE to 100 end(0,0,0,0)
CST 2026-07-17 20:05:54.881   727   891 W C01406/OHOS::RS: RSJankStats::SetJankStats jank frames 11
CST 2026-07-17 20:05:54.882   727   963 E C01700/RSS: ResSchedClient::ReportData type not subscribed.
CST 2026-07-17 20:05:54.882   611   615 W C02515/DISP: [SetLayerMaskInfo:495] <private> is not supported
CST 2026-07-17 20:05:54.882   611   615 I C02515/DISP: [CommitComposeLayer:67] CommitComposeLayer! 10
CST 2026-07-17 20:05:54.883   727   727 E C01406/RSScreenManager: IsAllScreensPowerOff: screenPowerStatus_ is empty.
CST 2026-07-17 20:05:54.885  2205  2205 I C03930/AceAnimation: [(100000:100000:scope)] animateTo finish, cnt:42
CST 2026-07-17 20:05:54.885  2205  2205 I A01b09/RECENT: SCBDesktopCacheManager: FreezeTrack setWallPaperScale old:1, new:1.1, reason:onActive
CST 2026-07-17 20:05:54.894  2205  2205 W C01406/OHOS::RS: Animation finish callback is not executed in estimated time. params : type[1] duration[721.000000]
CST 2026-07-17 20:05:54.894  2205  2205 I C03930/AceAnimation: [(100000:100000:scope)] animateTo finish, cnt:38
CST 2026-07-17 20:05:54.894  2205  2205 W A01b01/HOME: SCBScenePanelAnimator: requestSceneContainerDestructionWithTransition animateToImmediately onFinish
CST 2026-07-17 20:05:54.894  2205  2205 W A01b01/HOME: SCBSCS: getTransitionCount from session 1, 1
CST 2026-07-17 20:05:54.894  2205  2205 W A01b01/HOME: SCBTM: getTransitionCount from animationMap 1, 1
CST 2026-07-17 20:05:54.894  2205  2205 I A01b09/RECENT: RecentGestureEventManager: reportEventForRSSIfNeed event:7 args:cn.alfadb.netbird.e3vpna
CST 2026-07-17 20:05:54.894   830   830 I C01409/APS_MANAGER: SetScene pkgName = com.ohos.sceneboard, scene = BACK_DESKTOP, state = 0
CST 2026-07-17 20:05:54.894   830   830 W C01409/APS_MANAGER: FrameRateControl removeSceneInfo: unknow scene!
CST 2026-07-17 20:05:54.895  2205  2205 I A01b00/SCB: AnimateToScheduleUtils: report name: cn.alfadb.netbird.e3vpna event:7
CST 2026-07-17 20:05:54.895   309   536 I C01702/CgroupSchedEnhance: [a92ab81aa2da85e] HandleGestureAnimation bundleName is cn.alfadb.netbird.e3vpna value 7
CST 2026-07-17 20:05:54.896  2205  2205 W A01b01/HOME: SCBScenePanelAnimator: ExitAppAnimation end.
CST 2026-07-17 20:05:54.896  2205  2205 I A01b01/HOME: SCBTM: reduceStartExitAnimationCount reason:requestSceneContainerDestructionWithTransition end animationCount:0
CST 2026-07-17 20:05:54.896  2205  2205 I A01b00/SCB: LocalEventManager: sendLocalEvent, send local event with no receiver
CST 2026-07-17 20:05:54.896  2205  2205 W A01b01/HOME: SCBSCS: getTransitionCount from session 1, 1
CST 2026-07-17 20:05:54.896  2205  2205 W A01b01/HOME: SCBTM: getTransitionCount from animationMap 1, 1
CST 2026-07-17 20:05:54.896  2205  2205 I A01b01/HOME: SCBTM: getStartExitAnimationCount animationCount:0
CST 2026-07-17 20:05:54.896  2205  2205 I A0001b/AA: OutSideWindowManager: globalSearchStatus: 0
CST 2026-07-17 20:05:54.896  2205  2205 I A01b09/RECENT: SCBDesktopCacheManager: setDesktopCacheWithDfx Validate cacheFlag:false reason:transitionOutFinishIfNeed
CST 2026-07-17 20:05:54.896  2205  2205 I A01b01/HOME: SCBTM: getStartExitAnimationCount animationCount:0
CST 2026-07-17 20:05:54.897  2205  2205 I A0001b/AA: IntelligentAHome --> SCENE_CONTAINER_TRANSITION_OUT_END
CST 2026-07-17 20:05:54.897  2205  2205 W A0421e/WMSAnimation: transitionOutFinish, id: 1
CST 2026-07-17 20:05:54.897  2205  2205 W A01b01/HOME: SCBSCS: clearTransitionCount 1, 1
CST 2026-07-17 20:05:54.897  2205  2205 I A01b01/HOME: SCBTM: clearTransitionCount 1, 1
CST 2026-07-17 20:05:54.897  2205  2205 I A01b01/HOME: SCBTM: cleanTransition isCurrentController:false, updateAnimSwipe: false, appIconId:AppIcon_Image_cn.alfadb.netbird.e3vpnbEntryAbilityentry0_undefined_0
CST 2026-07-17 20:05:54.897  2205  2205 I A01b01/HOME: SCBTM: cleanTransition lastBundleName:cn.alfadb.netbird.e3vpna, currentBundleName:cn.alfadb.netbird.e3vpnb
CST 2026-07-17 20:05:54.898  2205  2205 I A01b01/HOME: SCBSCS: initSmallFolderBg isExitToSmallFolder: false
CST 2026-07-17 20:05:54.898  2205  2205 W A01b01/HOME: SCBScenePanelAnimator: requestSceneContainerDestructionWithTransition onFinish, animationNum: 1, needRemoved: true, pendingRemove: false
CST 2026-07-17 20:05:54.898  2205  2205 I A01b01/HOME: SCBTM: exitToFolderEnd folderId: undefined; index: undefined
CST 2026-07-17 20:05:54.898  2205  2205 W A01c06/ICON: AppIconCommonEvent --> onInactive bundleName:cn.alfadb.netbird.e3vpna, [SCBSPVM] set icon from show to [show], caller: inactiveController, extra info: undefined.
CST 2026-07-17 20:05:54.898  2205  2275 I C04200/WMS: SetDefaultRequestedOrientation id: 30 defaultRequestedOrientation: 0
CST 2026-07-17 20:05:54.898  2205  2205 I A04200/WMS: clearContainerSessionData
CST 2026-07-17 20:05:54.898  2205  2205 E A01c06/ICON: CloseAppManager --> deleteCardCache AppIcon_Image_cn.alfadb.netbird.e3vpnaEntryAbilityentry0_undefined_0 is not touched card
CST 2026-07-17 20:05:54.898  2205  2205 E A01c06/ICON: CloseAppManager --> clearAdaptiveIconCache 16777217 is not touched icon
CST 2026-07-17 20:05:54.898  2205  2205 W A01c06/ICON: AppIconCommonEvent --> onInactive bundleName:cn.alfadb.netbird.e3vpna, [SCBScenePanelViewModel] set icon from show to [show], caller: requestSceneContainerDestructionWithTransition, extra info: undefined.
CST 2026-07-17 20:05:54.898  2205  2205 I A01b01/HOME: SCBScenePanelAnimator: destructionWithTransition onFinish controller is false
CST 2026-07-17 20:05:54.898  2205  2205 I A01b01/HOME: SCBTM: getStartExitAnimationCount animationCount:0
CST 2026-07-17 20:05:54.898  2205  2205 I A01b01/HOME: AnimateEventSyncProxy --> [requestSceneContainerDestructionWithTransition] event post 3
CST 2026-07-17 20:05:54.899  2205  2205 I A04200/WINDOW: SCBSPM: onBlurTransitionFinish 16 blurComponentTransitionCount:20
CST 2026-07-17 20:05:54.899  2205  2205 I A01b0a/GESTURE: SCBEventExclusiveManager: EventType:APPEXIT_LANDSCAPE setEventExclusive false.
CST 2026-07-17 20:05:54.899  2205  2205 I A01b0a/GESTURE: SCBGestureNavBar --> [AIBAR] receive APP_EXIT_LANDSCAPE event, params=false
CST 2026-07-17 20:05:54.899  2205  2205 I A01b0a/GESTURE: SCBGestureNavBar --> isInExitLandScape is not change
CST 2026-07-17 20:05:54.899  2205  2205 I A01b09/RECENT: RecentPanelViewModel: requestSceneContainerDestructionWithTransition EntryAbility/cn.alfadb.netbird.e3vpna/entry/0(persistentId: 30)(containerId: 1) notShowSessionDestroy
CST 2026-07-17 20:05:54.899  2205  2205 I A01b01/HOME: SCBSCS: setMotionBlurRadius: 0, caller: requestSceneContainerDestructionWithTransition end
CST 2026-07-17 20:05:54.899  2205  2205 I A01b00/SCB: LuoShuStateManager --> getLuoShuStateInfo: SCBScreenSM {"luoShuState":0,"scenePanelState":1,"eventType":-1,"screenInfo":{"isLandscape":false,"foldState":1},"screenId":0,"holdingHandStatus":1}
CST 2026-07-17 20:05:54.901   588   724 W C02943/ThermalHdi: Read node failed, title = brightness
CST 2026-07-17 20:05:54.901   588   724 W C02943/ThermalHdi: Read node failed, title = 
CST 2026-07-17 20:05:54.901   588   724 W C02943/ThermalHdi: Read node failed, title = 
CST 2026-07-17 20:05:54.901   588   724 W C02943/ThermalHdi: Read node failed, title = 
CST 2026-07-17 20:05:54.901   588   724 W C02943/ThermalHdi: Read node failed, title = 
CST 2026-07-17 20:05:54.901   588   724 W C02943/ThermalHdi: Read node failed, title = 
CST 2026-07-17 20:05:54.901   588   724 W C02943/ThermalHdi: Read node failed, title = 
CST 2026-07-17 20:05:54.901   588   724 W C02943/ThermalHdi: Read node failed, title = 
CST 2026-07-17 20:05:54.901   588   724 W C02943/ThermalHdi: Read node failed, title = 
CST 2026-07-17 20:05:54.901   588   724 W C02943/ThermalHdi: Read node failed, title = 
CST 2026-07-17 20:05:54.901   588   724 W C02943/ThermalHdi: Read node failed, title = 
CST 2026-07-17 20:05:54.901   588   724 W C02943/ThermalHdi: Read node failed, title = 
CST 2026-07-17 20:05:54.901   588   724 W C02943/ThermalHdi: Read node failed, title = 
CST 2026-07-17 20:05:54.901   588   724 W C02943/ThermalHdi: Read node failed, title = 
CST 2026-07-17 20:05:54.901   588   724 W C02943/ThermalHdi: Read node failed, title = 
CST 2026-07-17 20:05:54.901   588   724 W C02943/ThermalHdi: Read node failed, title = 
CST 2026-07-17 20:05:54.901   588   724 W C02943/ThermalHdi: Read node failed, title = 
CST 2026-07-17 20:05:54.902   588   724 W C02943/ThermalHdi: Read node failed, title = 
CST 2026-07-17 20:05:54.902   588   724 W C02943/ThermalHdi: Read node failed, title = 
CST 2026-07-17 20:05:54.902   588   724 W C02943/ThermalHdi: Read node failed, title = 
CST 2026-07-17 20:05:54.902   588   724 W C02943/ThermalHdi: Read node failed, title = 
CST 2026-07-17 20:05:54.902   588   724 W C02943/ThermalHdi: Read node failed, title = 
CST 2026-07-17 20:05:54.902   588   724 W C02943/ThermalHdi: Read node failed, title = 
CST 2026-07-17 20:05:54.902   588   724 W C02943/ThermalHdi: Read node failed, title = 
CST 2026-07-17 20:05:54.902   588   724 W C02943/ThermalHdi: Read node failed, title = 
CST 2026-07-17 20:05:54.902   588   724 W C02943/ThermalHdi: Read node failed, title = ambient
CST 2026-07-17 20:05:54.902   588   724 W C02943/ThermalHdi: Read node failed, title = ibat
CST 2026-07-17 20:05:54.902   588   724 W C02943/ThermalHdi: Read node failed, title = vbat
CST 2026-07-17 20:05:54.902   588   724 W C02943/ThermalHdi: Read node failed, title = cpu0_min_freq
CST 2026-07-17 20:05:54.902   588   724 W C02943/ThermalHdi: Read node failed, title = cpu0_cur_freq
CST 2026-07-17 20:05:54.902   588   724 W C02943/ThermalHdi: Read node failed, title = cpu0_max_freq
CST 2026-07-17 20:05:54.902   588   724 W C02943/ThermalHdi: Read node failed, title = cpu4_min_freq
CST 2026-07-17 20:05:54.902   588   724 W C02943/ThermalHdi: Read node failed, title = cpu4_cur_freq
CST 2026-07-17 20:05:54.902   588   724 W C02943/ThermalHdi: Read node failed, title = cpu4_max_freq
CST 2026-07-17 20:05:54.902   588   724 W C02943/ThermalHdi: Read node failed, title = cpu7_min_freq
CST 2026-07-17 20:05:54.902   588   724 W C02943/ThermalHdi: Read node failed, title = cpu7_cur_freq
CST 2026-07-17 20:05:54.902   588   724 W C02943/ThermalHdi: Read node failed, title = cpu7_max_freq
CST 2026-07-17 20:05:54.902   588   724 W C02943/ThermalHdi: Read node failed, title = gpu_min_freq
CST 2026-07-17 20:05:54.902   588   724 W C02943/ThermalHdi: Read node failed, title = gpu_cur_freq
CST 2026-07-17 20:05:54.902   588   724 W C02943/ThermalHdi: Read node failed, title = gpu_max_freq
CST 2026-07-17 20:05:54.902   588   724 W C02943/ThermalHdi: Read node failed, title = ddr_cur_freq
CST 2026-07-17 20:05:54.902   588   724 W C02943/ThermalHdi: Read node failed, title = set_IPApower
CST 2026-07-17 20:05:54.902   588   724 W C02943/ThermalHdi: Read node failed, title = cur_IPApower
CST 2026-07-17 20:05:54.902   588   724 W C02943/ThermalHdi: get node failed
CST 2026-07-17 20:05:54.902   588   724 W C02943/ThermalHdi: get node failed
CST 2026-07-17 20:05:54.902   588   724 W C02943/ThermalHdi: get node failed
CST 2026-07-17 20:05:54.956   142   840 I C01800/SAMGR: NF SA:65962,830_184
CST 2026-07-17 20:05:55.000   444   454 W C01c42/TimeService: uid:1096 id:1679329039 wk:0
CST 2026-07-17 20:05:55.000   444   454 W C01c42/TimeService: id:1679329039 we:138561
CST 2026-07-17 20:05:55.000   444   454 W C01c42/TimeService: t3 138561
CST 2026-07-17 20:05:55.000   727   891 W C01406/OHOS::RS: RSJankStats::SetJankStats jank frames 7
CST 2026-07-17 20:05:55.000   611   615 W C02515/DISP: [SetLayerMaskInfo:495] <private> is not supported
CST 2026-07-17 20:05:55.000   611   615 I C02515/DISP: [CommitComposeLayer:67] CommitComposeLayer! 10
CST 2026-07-17 20:05:55.006   727   727 E C01406/RSScreenManager: IsAllScreensPowerOff: screenPowerStatus_ is empty.
CST 2026-07-17 20:05:55.006  2205  2205 I C03930/AceAnimation: [(100000:100000:scope)] animateTo finish, cnt:43
CST 2026-07-17 20:05:55.006  2205  2205 I A04200/WINDOW: WindowAnimation: [SCBAnimation] finish conatainerId 2, type ZOOM_IN
CST 2026-07-17 20:05:55.006  2205  2205 W A01b01/HOME: SCBSCS: getTransitionCount from session 2, 1
CST 2026-07-17 20:05:55.006  2205  2205 W A01b01/HOME: SCBTM: getTransitionCount from animationMap 2, 1
CST 2026-07-17 20:05:55.006  2205  2205 I A01b01/HOME: SCBScenePanelAnimator: startSceneFromOther animation count: before 1,
CST 2026-07-17 20:05:55.006  2205  2205 I A01b01/HOME:         current 1
CST 2026-07-17 20:05:55.006   830   830 I C01409/APS_MANAGER: SetScene pkgName = com.ohos.sceneboard, scene = START_APP_ANIMATION, state = 0
CST 2026-07-17 20:05:55.006  2205  2205 W A01b01/HOME: SCBSCS: getTransitionCount from session 2, 1
CST 2026-07-17 20:05:55.006   830   830 W C01409/APS_MANAGER: FrameRateControl removeSceneInfo: unknow scene!
CST 2026-07-17 20:05:55.006  2205  2205 W A01b01/HOME: SCBTM: getTransitionCount from animationMap 2, 1
CST 2026-07-17 20:05:55.006  2205  2205 I A01b01/HOME: SCBScenePanelAnimator: capsule animating is false
CST 2026-07-17 20:05:55.006  2205  2205 I A01b00/SCB: LuoShuStateManager --> getLuoShuStateInfo: SCBScenePanelViewModel {"luoShuState":0,"scenePanelState":1,"eventType":-1,"screenInfo":{"isLandscape":false,"foldState":1},"screenId":0,"holdingHandStatus":1}
CST 2026-07-17 20:05:55.007  2205  2205 W A01b01/HOME: SCBSCS: [SCBScenePanelViewModel] border radius from topLeft: 36, topRight: 36, bottomLeft: 36, bottomRight: 36 to 0. reason: sceneContainerZoomIn, extra: EntryAbility/cn.alfadb.netbird.e3vpnb/entry/0(persistentId: 31)(containerId: 2)
CST 2026-07-17 20:05:55.007  2205  2205 W A01b01/HOME: SCBSCS: clearTransitionCount 2, 1
CST 2026-07-17 20:05:55.007  2205  2205 I A01b01/HOME: SCBTM: clearTransitionCount 2, 1
CST 2026-07-17 20:05:55.007  2205  2205 I A01b00/SCB: AnimateToScheduleUtils: raiseAppStartToCPUPriority: 1
CST 2026-07-17 20:05:55.008   727   727 I C01406/RSUniRenderVisitor: OcclusionInfo [SCBGestureBack22, 9470402887889, 0], [SCBStatusBar18, 9470402887877, 0], [SCBGestureNavBar16, 9470402887872, 0], [e3vpnb0, 16565688860674, 0], [BackgroundBlurView2, 9470402887687, 1], [SCBFormCenter14, 9470402887862, 1], [SCBDesktop7, 9470402887707, 1], [SCBWallpaper5, 9470402887690, 1], 
CST 2026-07-17 20:05:55.008  2205  2275 I C04217/WMSAttribute: Visibility changed, size: 4, WindowVisibilityInfos [name, winId, visibleState]: [BackgroundBlurView2, 4, 1], [SCBWallpaper5, 7, 1], [SCBDesktop7, 10, 1], [SCBFormCenter14, 17, 1], 
CST 2026-07-17 20:05:55.008  2205  2276 I C04217/WMSAttribute: operator(): memMgrWindowInfos size: 4
CST 2026-07-17 20:05:55.008   728  1097 I C01311/AppMS: [ARR2195]wnd call, com.ohos.sceneboard_2205, isEmpty_0, c_2 -> p_0
CST 2026-07-17 20:05:55.018  2715  3226 E C02e00/UPDATE_SA: [hap_connection.cpp(50)]GetHapRemoteObject, remoteObj is nullptr, bundle com.huawei.hmos.ouc
CST 2026-07-17 20:05:55.018  2715  3226 I C01352/ExtMgr: [extension_manager_client.cpp134]name:com.huawei.hmos.ouc ServiceExtAbility, userId:-1.
CST 2026-07-17 20:05:55.018   728  1043 I C01342/ServiceExt: [ABMS5529]element: com.huawei.hmos.ouc/ServiceExtAbility
CST 2026-07-17 20:05:55.019   728  1043 W C01123/BMSCommon: bundle not exist -n com.huawei.hmos.ouc -u 100 -i 0 -f 0
CST 2026-07-17 20:05:55.019   728  1043 W C01336/AMS: [start_ability_utils.cpp76]failed: com.huawei.hmos.ouc
CST 2026-07-17 20:05:55.019   728  1043 W C01336/AMS: [crowd_test_interceptor.cpp54]GetAppInfo failed
CST 2026-07-17 20:05:55.019   728  1043 W C01120/BMS: app_control_manager.cpp:GetAppRunningControlRule:397 getAppId failed,-n:com.huawei.hmos.ouc
CST 2026-07-17 20:05:55.019   728  1043 W C01123/BMSCommon: uid(6666) invalid
CST 2026-07-17 20:05:55.019   728  1043 I C01336/AMS: [start_ability_utils.cpp54]appIndex:-1
CST 2026-07-17 20:05:55.019   728  1043 W C01123/BMSCommon: bundle not exist -n com.huawei.hmos.ouc -u 100 -i 0 -f 1062
CST 2026-07-17 20:05:55.019   728  1043 I C01121/BMSQuery: ExplicitQueryAbility no match -n com.huawei.hmos.ouc -a ServiceExtAbility -u 100 -i 0
CST 2026-07-17 20:05:55.019   728  1043 W C01120/BMS: query abilitys_ext code 8521480
CST 2026-07-17 20:05:55.019   728  1043 W C01123/BMSCommon: bundle not exist -n com.huawei.hmos.ouc -u 100 -i 0 -f 1062
CST 2026-07-17 20:05:55.020   728  1043 W C01121/BMSQuery: bundle_data_mgr.cpp:ExplicitQueryExtensionInfo:7239 ExplicitQueryExtensionInfo failed
CST 2026-07-17 20:05:55.020   728  1043 I C01121/BMSQuery: ExplicitQueryExtension size:0 -n com.huawei.hmos.ouc -e ServiceExtAbility -u 100 -i 0
CST 2026-07-17 20:05:55.020   728  1043 W C01121/BMSQuery: bundle_data_mgr.cpp:GetCloneAppIndexes:2463 no bundleName com.huawei.hmos.ouc found
CST 2026-07-17 20:05:55.020   728  1043 W C01121/BMSQuery: bundle_mgr_host_impl.cpp:QueryExtensionAbilityInfos:3425 no valid extension info can be inquired
CST 2026-07-17 20:05:55.020   728  1043 E C01336/AMS: [start_ability_utils.cpp290]extensionInfo empty
CST 2026-07-17 20:05:55.020   728  1043 E C01342/ServiceExt: [ABMS5868]generate request error
CST 2026-07-17 20:05:55.020  2715  3226 E C02e00/UPDATE_SA: [hap_connection.cpp(82)]HapConnection call interface failed, ret 2097152
CST 2026-07-17 20:05:55.020  2715  3226 E C02e00/UPDATE_SA: [ouc_hap_connection.cpp(72)]SendRemoteRequest, can not connect to ouc
CST 2026-07-17 20:05:55.020  2715  3226 E C02e00/UPDATE_SA: [ouc_hap_connection.cpp(279)]SendMessage request failed, code: 5
CST 2026-07-17 20:05:55.124  4362  4362 W C02c02/PARAM: Selinux check name persist.init.debug.loglevel in u:object_r:startup_init_param:s0 [4362 2000 2000] failed
CST 2026-07-17 20:05:55.124  4362  4362 W C02c02/PARAM: Selinux check name persist.init.debug.loglevel in u:object_r:startup_init_param:s0 [4362 2000 2000] failed
CST 2026-07-17 20:05:55.125  4362  4362 W C02c02/PARAM: SystemReadParam failed!name is:persist.init.debug.loglevel,err:1002
CST 2026-07-17 20:05:55.133  4362  4362 W C02c02/PARAM: Selinux check name persist.init.debug.loglevel in u:object_r:startup_init_param:s0 [4362 2000 2000] failed
CST 2026-07-17 20:05:55.133  4362  4362 W C02c02/PARAM: Selinux check name persist.init.debug.loglevel in u:object_r:startup_init_param:s0 [4362 2000 2000] failed
CST 2026-07-17 20:05:55.133  4362  4362 W C02c02/PARAM: SystemReadParam failed!name is:persist.init.debug.loglevel,err:1002
CST 2026-07-17 20:05:55.156   142   840 I C01800/SAMGR: NF SA:65962,830_185
CST 2026-07-17 20:05:55.192   727   891 W C01406/OHOS::RS: RSJankStats::SetJankStats jank frames 11
CST 2026-07-17 20:05:55.192   611   615 W C02515/DISP: [SetLayerMaskInfo:495] <private> is not supported
CST 2026-07-17 20:05:55.192   727   891 E C01406/OHOS::RS: RSJankStats::SetReportRsSceneJankEnd error scene
CST 2026-07-17 20:05:55.193   727   727 E C01406/RSScreenManager: IsAllScreensPowerOff: screenPowerStatus_ is empty.
CST 2026-07-17 20:05:55.193  3857  3857 I C01356/Recovery: [app_recovery.cpp489]fileDir: /data/storage/el2/base/files
CST 2026-07-17 20:05:55.193   611   615 I C02515/DISP: [CommitComposeLayer:67] CommitComposeLayer! 10
CST 2026-07-17 20:05:55.194   727   727 I C01406/RSUniRenderVisitor: OcclusionInfo [SCBGestureBack22, 9470402887889, 0], [SCBStatusBar18, 9470402887877, 0], [SCBGestureNavBar16, 9470402887872, 0], [e3vpnb0, 16565688860674, 0], [BackgroundBlurView2, 9470402887687, 2], [SCBFormCenter14, 9470402887862, 2], [SCBDesktop7, 9470402887707, 2], [SCBWallpaper5, 9470402887690, 2], 
CST 2026-07-17 20:05:55.194  2205  2275 I C04217/WMSAttribute: Visibility changed, size: 4, WindowVisibilityInfos [name, winId, visibleState]: [BackgroundBlurView2, 4, 2], [SCBWallpaper5, 7, 2], [SCBDesktop7, 10, 2], [SCBFormCenter14, 17, 2], 
CST 2026-07-17 20:05:55.194  2205  2276 I C04217/WMSAttribute: operator(): memMgrWindowInfos size: 4
CST 2026-07-17 20:05:55.196   728  1067 I C01311/AppMS: [ARR2195]wnd call, com.ohos.sceneboard_2205, isEmpty_0, c_2 -> p_0
CST 2026-07-17 20:05:55.211  1694  1805 I C0430a/file_monitor_service: [MainMissionStatus:197]CanExit
CST 2026-07-17 20:05:55.211  1694  1805 I C0430a/file_monitor_service: [MainMissionStatus:203]SecondaryScanner idle
CST 2026-07-17 20:05:55.252   611   615 W C02515/DISP: [SetLayerMaskInfo:495] <private> is not supported
CST 2026-07-17 20:05:55.253   611   615 I C02515/DISP: [CommitComposeLayer:67] CommitComposeLayer! 10
CST 2026-07-17 20:05:55.253   727   727 E C01406/RSScreenManager: IsAllScreensPowerOff: screenPowerStatus_ is empty.
CST 2026-07-17 20:05:55.357   142   840 I C01800/SAMGR: NF SA:65962,830_186
CST 2026-07-17 20:05:55.375   727   891 W C01406/OHOS::RS: RSJankStats::SetJankStats jank frames 7
CST 2026-07-17 20:05:55.375   611   615 W C02515/DISP: [SetLayerMaskInfo:495] <private> is not supported
CST 2026-07-17 20:05:55.375  1069  4195 I C01560/EmlsrManager: CheckEmlsrSwitchStatus emlsrSwitchCond: be, wifiLinkType: 0, wifiConnState: 0, isScreenOn:1, hotspot: 0, p2p: 0, powerSave: 0, HML: 0, throughputValid:0, foregroundAppValid: 1, networkQualityValid: 0, isWhiteApp_:0,isThermalValid: 1
CST 2026-07-17 20:05:55.375   611   930 I C02515/DISP: [CommitComposeLayer:67] CommitComposeLayer! 10
CST 2026-07-17 20:05:55.384  2205  2205 W A01c06/ICON: AppIconWeatherModel --> initWeatherListener, retryTimes: 4
CST 2026-07-17 20:05:55.398   469  1523 E C01707/CONCUR: [Interface] task 1523 apply qos failed, errno = 4
CST 2026-07-17 20:05:55.398   469  1523 E C01611/QosManager: QosManager: Failed to set thread QoS to QOS_USER_INTERACTIVE, ret: -1
CST 2026-07-17 20:05:55.399   727   727 E C01406/RSScreenManager: IsAllScreensPowerOff: screenPowerStatus_ is empty.
CST 2026-07-17 20:05:55.399   728  1043 W C01123/BMSCommon: bundle not exist -n com.huawei.hmsapp.totemweather -u 100 -i 0 -f 32
CST 2026-07-17 20:05:55.399   728  1043 W C01121/BMSQuery: GetBundleInfo failed -n com.huawei.hmsapp.totemweather -u 100
CST 2026-07-17 20:05:55.399   469  1523 E C01651/BundleMgrProxy: GetBundleInfoFromBMS: GetBundleInfo failed!bundleName is com.huawei.hmsapp.totemweather, userId is 100
CST 2026-07-17 20:05:55.399   469  1523 E C01651/DataProviderConfig: GetFromProxyData: Get bundleInfo failed! bundleName:com.huawei.hmsapp.totemweather, userId:100, visitedId:100, uri:******icIconInfo
CST 2026-07-17 20:05:55.399   469  1523 E C01651/DataShareServiceImpl: GetBMSAndMetaDataStatus: CalledInfo failed! token:0x20087fab,ret:1001,uri:******icIconInfo
CST 2026-07-17 20:05:55.399   469  1523 E C01651/DataShareServiceImpl: GetSilentProxyStatus: BMS or metaData not ready to complete, token:0x20087fab, uri:******icIconInfo
CST 2026-07-17 20:05:55.399  2205  2205 E A01c06/ICON: AppIconWeatherModel --> get weather info failed, code: 15700010, message: The DataShareHelper is not initialized successfully.
CST 2026-07-17 20:05:55.433  4365  4365 W C02c02/PARAM: Selinux check name persist.init.debug.loglevel in u:object_r:startup_init_param:s0 [4365 2000 2000] failed
CST 2026-07-17 20:05:55.433  4365  4365 W C02c02/PARAM: Selinux check name persist.init.debug.loglevel in u:object_r:startup_init_param:s0 [4365 2000 2000] failed
CST 2026-07-17 20:05:55.433  4365  4365 W C02c02/PARAM: SystemReadParam failed!name is:persist.init.debug.loglevel,err:1002
CST 2026-07-17 20:05:55.441  4367  4367 W C02c02/PARAM: Selinux check name persist.init.debug.loglevel in u:object_r:startup_init_param:s0 [4367 2000 2000] failed
CST 2026-07-17 20:05:55.441  4367  4367 W C02c02/PARAM: Selinux check name persist.init.debug.loglevel in u:object_r:startup_init_param:s0 [4367 2000 2000] failed
CST 2026-07-17 20:05:55.441  4367  4367 W C02c02/PARAM: SystemReadParam failed!name is:persist.init.debug.loglevel,err:1002
CST 2026-07-17 20:05:55.441  4368  4368 W C02c02/PARAM: Selinux check name persist.init.debug.loglevel in u:object_r:startup_init_param:s0 [4368 2000 2000] failed
CST 2026-07-17 20:05:55.441  4369  4369 W C02c02/PARAM: Selinux check name persist.init.debug.loglevel in u:object_r:startup_init_param:s0 [4369 2000 2000] failed
CST 2026-07-17 20:05:55.441  4369  4369 W C02c02/PARAM: Selinux check name persist.init.debug.loglevel in u:object_r:startup_init_param:s0 [4369 2000 2000] failed
CST 2026-07-17 20:05:55.441  4369  4369 W C02c02/PARAM: SystemReadParam failed!name is:persist.init.debug.loglevel,err:1002
CST 2026-07-17 20:05:55.442  4368  4368 W C02c02/PARAM: Selinux check name persist.init.debug.loglevel in u:object_r:startup_init_param:s0 [4368 2000 2000] failed
CST 2026-07-17 20:05:55.442  4368  4368 W C02c02/PARAM: SystemReadParam failed!name is:persist.init.debug.loglevel,err:1002
CST 2026-07-17 20:05:55.450  4370  4370 W C02c02/PARAM: Selinux check name persist.init.debug.loglevel in u:object_r:startup_init_param:s0 [4370 2000 2000] failed
CST 2026-07-17 20:05:55.450  4370  4370 W C02c02/PARAM: Selinux check name persist.init.debug.loglevel in u:object_r:startup_init_param:s0 [4370 2000 2000] failed
CST 2026-07-17 20:05:55.450  4370  4370 W C02c02/PARAM: SystemReadParam failed!name is:persist.init.debug.loglevel,err:1002
CST 2026-07-17 20:05:55.450  4371  4371 W C02c02/PARAM: Selinux check name persist.init.debug.loglevel in u:object_r:startup_init_param:s0 [4371 2000 2000] failed
CST 2026-07-17 20:05:55.450  4371  4371 W C02c02/PARAM: Selinux check name persist.init.debug.loglevel in u:object_r:startup_init_param:s0 [4371 2000 2000] failed
CST 2026-07-17 20:05:55.450  4371  4371 W C02c02/PARAM: SystemReadParam failed!name is:persist.init.debug.loglevel,err:1002
CST 2026-07-17 20:05:55.471  2205  2205 W A01b01/HOME: PageDesktopViewModel --> no cards in layout!
CST 2026-07-17 20:05:55.479   727   891 E C02515/DGLES: [d_eglSwapBuffers_special@egl_gpu.cpp:729] thread output size 626970 speed 609k/s API_num 3219
CST 2026-07-17 20:05:55.480   727   891 W C01406/OHOS::RS: RSJankStats::SetJankStats jank frames 6
CST 2026-07-17 20:05:55.480   611   930 W C02515/DISP: [SetLayerMaskInfo:495] <private> is not supported
CST 2026-07-17 20:05:55.480   611   930 I C02515/DISP: [CommitComposeLayer:67] CommitComposeLayer! 10
CST 2026-07-17 20:05:55.557   142   840 I C01800/SAMGR: NF SA:65962,830_187
CST 2026-07-17 20:05:55.584   727   891 W C01406/OHOS::RS: RSJankStats::SetJankStats jank frames 6
CST 2026-07-17 20:05:55.584   611   930 W C02515/DISP: [SetLayerMaskInfo:495] <private> is not supported
CST 2026-07-17 20:05:55.584   611   930 I C02515/DISP: [CommitComposeLayer:67] CommitComposeLayer! 10
CST 2026-07-17 20:05:55.663   643   719 I C02986/DisplayPowerBrightness: lux=[0/133496, 0/133642, 0/133787, 0/133933, 0/134079, 0/134224, ], bDelta=5.000000, dDelta=1.000000, size=69
CST 2026-07-17 20:05:55.688  4373  4373 W C02c02/PARAM: Selinux check name persist.init.debug.loglevel in u:object_r:startup_init_param:s0 [4373 2000 2000] failed
CST 2026-07-17 20:05:55.688  4373  4373 W C02c02/PARAM: Selinux check name persist.init.debug.loglevel in u:object_r:startup_init_param:s0 [4373 2000 2000] failed
CST 2026-07-17 20:05:55.688  4373  4373 W C02c02/PARAM: SystemReadParam failed!name is:persist.init.debug.loglevel,err:1002
CST 2026-07-17 20:05:55.695  4375  4375 W C02c02/PARAM: Selinux check name persist.init.debug.loglevel in u:object_r:startup_init_param:s0 [4375 2000 2000] failed
CST 2026-07-17 20:05:55.696  4375  4375 W C02c02/PARAM: Selinux check name persist.init.debug.loglevel in u:object_r:startup_init_param:s0 [4375 2000 2000] failed
CST 2026-07-17 20:05:55.696  4375  4375 W C02c02/PARAM: SystemReadParam failed!name is:persist.init.debug.loglevel,err:1002
CST 2026-07-17 20:05:55.703  4376  4376 W C02c02/PARAM: Selinux check name persist.init.debug.loglevel in u:object_r:startup_init_param:s0 [4376 2000 2000] failed
CST 2026-07-17 20:05:55.703  4376  4376 W C02c02/PARAM: Selinux check name persist.init.debug.loglevel in u:object_r:startup_init_param:s0 [4376 2000 2000] failed
CST 2026-07-17 20:05:55.703  4376  4376 W C02c02/PARAM: SystemReadParam failed!name is:persist.init.debug.loglevel,err:1002
CST 2026-07-17 20:05:55.758   142   840 I C01800/SAMGR: NF SA:65962,830_188
CST 2026-07-17 20:05:55.896  2205  2205 I A01b0a/GESTURE: aiBarViewData --> setIsHideByWeaken true
CST 2026-07-17 20:05:55.902  2205  2205 I A01b0a/GESTURE: AIBarView --> checkShowAiBar. isShowingAiBar:true
CST 2026-07-17 20:05:55.903  2205  2205 I A01b0a/GESTURE: aiBarViewData --> powerMode:600 thermalLevel:1 isEnterDeliver:false
CST 2026-07-17 20:05:55.919   727   727 E C01406/RSScreenManager: IsAllScreensPowerOff: screenPowerStatus_ is empty.
CST 2026-07-17 20:05:55.935   727   727 E C01406/RSScreenManager: IsAllScreensPowerOff: screenPowerStatus_ is empty.
CST 2026-07-17 20:05:55.937   611   930 W C02515/DISP: [SetLayerMaskInfo:495] <private> is not supported
CST 2026-07-17 20:05:55.938   611   930 I C02515/DISP: [CommitComposeLayer:67] CommitComposeLayer! 10
CST 2026-07-17 20:05:55.952   727   727 E C01406/RSScreenManager: IsAllScreensPowerOff: screenPowerStatus_ is empty.
CST 2026-07-17 20:05:55.958   142   840 I C01800/SAMGR: NF SA:65962,830_189
CST 2026-07-17 20:05:55.959   830   861 E C01810/SA_CLIENT: GetSaWrap SA:65962 not start
CST 2026-07-17 20:05:55.959   830   861 I C01409/APS_MANAGER: request system service object is not ready yet!
CST 2026-07-17 20:05:55.965   309   539 E C01720/SmartGC: [a92ab11aa1cd65a, 1e752ac, 618e19] [ExitGCPauseSceneInner]ExitGCPauseSceneInner 131993 134527
CST 2026-07-17 20:05:55.973  2205  2205 I C03f00/ArkCompiler: [gc] IdleGCTrigger: trigger local remark
CST 2026-07-17 20:05:55.994  2522  2522 I C02500/Qemud: Guest heartbeat success.
CST 2026-07-17 20:05:56.008  4380  4380 W C02c02/PARAM: Selinux check name persist.init.debug.loglevel in u:object_r:startup_init_param:s0 [4380 2000 2000] failed
CST 2026-07-17 20:05:56.008  4380  4380 W C02c02/PARAM: Selinux check name persist.init.debug.loglevel in u:object_r:startup_init_param:s0 [4380 2000 2000] failed
CST 2026-07-17 20:05:56.008  4380  4380 W C02c02/PARAM: SystemReadParam failed!name is:persist.init.debug.loglevel,err:1002
CST 2026-07-17 20:05:56.020  2715  3226 E C02e00/UPDATE_SA: [hap_connection.cpp(50)]GetHapRemoteObject, remoteObj is nullptr, bundle com.huawei.hmos.ouc
CST 2026-07-17 20:05:56.020  2715  3226 I C01352/ExtMgr: [extension_manager_client.cpp134]name:com.huawei.hmos.ouc ServiceExtAbility, userId:-1.
CST 2026-07-17 20:05:56.021   728  1043 I C01342/ServiceExt: [ABMS5529]element: com.huawei.hmos.ouc/ServiceExtAbility
CST 2026-07-17 20:05:56.021   728  1043 W C01123/BMSCommon: bundle not exist -n com.huawei.hmos.ouc -u 100 -i 0 -f 0
CST 2026-07-17 20:05:56.021   728  1043 W C01336/AMS: [start_ability_utils.cpp76]failed: com.huawei.hmos.ouc
CST 2026-07-17 20:05:56.021   728  1043 W C01336/AMS: [crowd_test_interceptor.cpp54]GetAppInfo failed
CST 2026-07-17 20:05:56.021   728  1043 W C01120/BMS: app_control_manager.cpp:GetAppRunningControlRule:397 getAppId failed,-n:com.huawei.hmos.ouc
CST 2026-07-17 20:05:56.021   728  1043 W C01123/BMSCommon: uid(6666) invalid
CST 2026-07-17 20:05:56.021   163  1721 E C02d66/XPerf: [InquiryOhImpl::ExtractStringValue] Canonical FilePath: /sys/class/ithermal/lpm/lpm_freq failed.
CST 2026-07-17 20:05:56.021   163  1721 E C02d66/XPerf: [InquiryOhImpl::ExtractStringValue] Canonical FilePath: /sys/class/power_supply/Battery/status failed.
CST 2026-07-17 20:05:56.022   728  1043 I C01336/AMS: [start_ability_utils.cpp54]appIndex:-1
CST 2026-07-17 20:05:56.022   728  1043 W C01123/BMSCommon: bundle not exist -n com.huawei.hmos.ouc -u 100 -i 0 -f 1062
CST 2026-07-17 20:05:56.022   728  1043 I C01121/BMSQuery: ExplicitQueryAbility no match -n com.huawei.hmos.ouc -a ServiceExtAbility -u 100 -i 0
CST 2026-07-17 20:05:56.022   728  1043 W C01120/BMS: query abilitys_ext code 8521480
CST 2026-07-17 20:05:56.022   728  1043 W C01123/BMSCommon: bundle not exist -n com.huawei.hmos.ouc -u 100 -i 0 -f 1062
CST 2026-07-17 20:05:56.022   728  1043 W C01121/BMSQuery: bundle_data_mgr.cpp:ExplicitQueryExtensionInfo:7239 ExplicitQueryExtensionInfo failed
CST 2026-07-17 20:05:56.022   728  1043 I C01121/BMSQuery: ExplicitQueryExtension size:0 -n com.huawei.hmos.ouc -e ServiceExtAbility -u 100 -i 0
CST 2026-07-17 20:05:56.022   728  1043 W C01121/BMSQuery: bundle_data_mgr.cpp:GetCloneAppIndexes:2463 no bundleName com.huawei.hmos.ouc found
CST 2026-07-17 20:05:56.022   728  1043 W C01121/BMSQuery: bundle_mgr_host_impl.cpp:QueryExtensionAbilityInfos:3425 no valid extension info can be inquired
CST 2026-07-17 20:05:56.022   728  1043 E C01336/AMS: [start_ability_utils.cpp290]extensionInfo empty
CST 2026-07-17 20:05:56.022   728  1043 E C01342/ServiceExt: [ABMS5868]generate request error
CST 2026-07-17 20:05:56.022  2715  3226 E C02e00/UPDATE_SA: [hap_connection.cpp(82)]HapConnection call interface failed, ret 2097152
CST 2026-07-17 20:05:56.022  2715  3226 E C02e00/UPDATE_SA: [ouc_hap_connection.cpp(72)]SendRemoteRequest, can not connect to ouc
CST 2026-07-17 20:05:56.133   727   891 W C01406/OHOS::RS: RSJankStats::SetJankStats jank frames 11
CST 2026-07-17 20:05:56.134   611   930 W C02515/DISP: [SetLayerMaskInfo:495] <private> is not supported
CST 2026-07-17 20:05:56.134   611   930 I C02515/DISP: [CommitComposeLayer:67] CommitComposeLayer! 10
CST 2026-07-17 20:05:56.134   727   727 E C01406/RSScreenManager: IsAllScreensPowerOff: screenPowerStatus_ is empty.
CST 2026-07-17 20:05:56.145  4384  4384 W C02c02/PARAM: Selinux check name persist.init.debug.loglevel in u:object_r:startup_init_param:s0 [4384 2000 2000] failed
CST 2026-07-17 20:05:56.145  4384  4384 W C02c02/PARAM: Selinux check name persist.init.debug.loglevel in u:object_r:startup_init_param:s0 [4384 2000 2000] failed
CST 2026-07-17 20:05:56.145  4384  4384 W C02c02/PARAM: SystemReadParam failed!name is:persist.init.debug.loglevel,err:1002
CST 2026-07-17 20:05:56.153  4384  4384 W C02c02/PARAM: Selinux check name persist.init.debug.loglevel in u:object_r:startup_init_param:s0 [4384 2000 2000] failed
CST 2026-07-17 20:05:56.153  4384  4384 W C02c02/PARAM: Selinux check name persist.init.debug.loglevel in u:object_r:startup_init_param:s0 [4384 2000 2000] failed
CST 2026-07-17 20:05:56.153  4384  4384 W C02c02/PARAM: SystemReadParam failed!name is:persist.init.debug.loglevel,err:1002
CST 2026-07-17 20:05:56.176  4380  4380 W C02c02/PARAM: Selinux check name debug.dfx.tags.enableleak in u:object_r:debug_param:s0 [4380 2000 2000] failed
CST 2026-07-17 20:05:56.176  4380  4380 W C02c02/PARAM: SystemReadParam failed!name is:debug.dfx.tags.enableleak,err:1002
CST 2026-07-17 20:05:56.181   611   930 W C02515/DISP: [SetLayerMaskInfo:495] <private> is not supported
CST 2026-07-17 20:05:56.182   611   930 I C02515/DISP: [CommitComposeLayer:67] CommitComposeLayer! 10
CST 2026-07-17 20:05:56.182   727   727 E C01406/RSScreenManager: IsAllScreensPowerOff: screenPowerStatus_ is empty.
CST 2026-07-17 20:05:56.186  4380  4380 W C02c02/PARAM: Selinux check name persist.graphic.profiler.enabled in u:object_r:debug_param:s0 [4380 2000 2000] failed
CST 2026-07-17 20:05:56.186  4380  4380 E C02c02/PARAM: Forbid to read parameter persist.graphic.profiler.enabled
CST 2026-07-17 20:05:56.186  4380  4380 E C02c02/PARAM: Forbid to access parameter persist.graphic.profiler.enabled
CST 2026-07-17 20:05:56.186  4380  4380 W C02c02/PARAM: Selinux check name persist.graphic.profiler.betarecording in u:object_r:debug_param:s0 [4380 2000 2000] failed
CST 2026-07-17 20:05:56.186  4380  4380 E C02c02/PARAM: Forbid to read parameter persist.graphic.profiler.betarecording
CST 2026-07-17 20:05:56.186  4380  4380 E C02c02/PARAM: Forbid to access parameter persist.graphic.profiler.betarecording
CST 2026-07-17 20:05:56.188  4380  4380 W C03100/UiTestKit_Base: [ui_driver.cpp:(CheckStatus)] Not connect to AAMS, try to reconnect
CST 2026-07-17 20:05:56.189  4380  4386 W C057c1/IPCWorkThread: ThreadHandler: proto:0 policy:1 name:OS_IPC_0_4386 invoker:11291472
CST 2026-07-17 20:05:56.189  4380  4387 W C057c1/IPCWorkThread: ThreadHandler: proto:0 policy:0 name:OS_IPC_1_4387 invoker:11292048
CST 2026-07-17 20:05:56.190   145   148 I C02c03/PARAM_WATCHER: [watcher_manager.cpp:72]Add remote watcher remoteWatcherId 60 4380 success
CST 2026-07-17 20:05:56.190   145   148 I C02c03/PARAM_WATCHER: SendLocalChange start keyPrefix accessibility.config.ready remoteWatcherId 60
CST 2026-07-17 20:05:56.191   145   148 I C02c03/PARAM_WATCHER: [watcher_manager.cpp:187]Add watcher accessibility.config.ready remoteWatcherId: 60 groupId 79 success
CST 2026-07-17 20:05:56.191  4380  4380 I C02c03/PARAM_WATCHER: Add watcher keyPrefix accessibility.config.ready remoteWatcherId 60 success
CST 2026-07-17 20:05:56.191  4380  4380 I C01d01/accessibility_aakit: [(Connect:64)]
CST 2026-07-17 20:05:56.191  4380  4387 I C01d01/accessibility_aakit: [(OnParameterChanged:151)]InitAccessibilityServiceProxy success
CST 2026-07-17 20:05:56.191   202  2329 I C01d00/accessibility: [(IsSystemApp:1502)]Caller is not a application.
CST 2026-07-17 20:05:56.198   202  2336 E C01d05/accessibility_interface: [(OnAccessibilityEnableAbilityListsChanged:62)]OnAccessibilityEnableAbilityListsChanged fail, error: 29201
CST 2026-07-17 20:05:56.198  4380  4380 I C03100/UiTestKit_Server: [system_ui_controller.cpp:(ConnectToSysAbility)] Connect to AAMS, result: 0
CST 2026-07-17 20:05:56.202   202  2336 E C01d05/accessibility_interface: [(OnAccessibilityInstallAbilityListsChanged:89)]OnAccessibilityInstallAbilityListsChanged fail, error: 29201
CST 2026-07-17 20:05:56.202   202  2336 I C01d00/accessibility: [(AddAccessibilityAbility:1406)]uri is <private>
CST 2026-07-17 20:05:56.208   469  1523 E C01707/CONCUR: [Interface] task 1523 apply qos failed, errno = 4
CST 2026-07-17 20:05:56.208   469  1523 E C01611/QosManager: QosManager: Failed to set thread QoS to QOS_USER_INTERACTIVE, ret: -1
CST 2026-07-17 20:05:56.211  1694  1805 I C0430a/file_monitor_service: [MainMissionStatus:197]CanExit
CST 2026-07-17 20:05:56.211  1694  1805 I C0430a/file_monitor_service: [MainMissionStatus:203]SecondaryScanner idle
CST 2026-07-17 20:05:56.217   469  1523 E C01707/CONCUR: [Interface] task 1523 apply qos failed, errno = 4
CST 2026-07-17 20:05:56.217   469  1523 E C01611/QosManager: QosManager: Failed to set thread QoS to QOS_USER_INTERACTIVE, ret: -1
CST 2026-07-17 20:05:56.217   469  1523 I C01651/DataShareServiceStub: OnRemoteRequest: code:21, callingPid:202
CST 2026-07-17 20:05:56.218   469  1523 I C01631/GaussPD:  [0] [ADAPTER] [140314509798144] Not support binlog_default.writeLock file enable del monitor sysno = 25
CST 2026-07-17 20:05:56.218   469  1523 I C01631/GaussPD:  [0] [ADAPTER] [140314509798144] Not support binlog_default.writeLock file enable del monitor sysno = 25
CST 2026-07-17 20:05:56.218   469  1523 I C01631/GaussPD:  [0] [ADAPTER] [140314509798144] Not support binlog_default.writeLock file enable del monitor sysno = 25
CST 2026-07-17 20:05:56.219   469  1523 I C01631/GaussPD:  [0] [ADAPTER] [140314509798144] Not support binlog_default.writeLock file enable del monitor sysno = 25
CST 2026-07-17 20:05:56.219   469  1523 I C01631/GaussPD:  [0] [ADAPTER] [140314509798144] Not support binlog_default.writeIndex file enable del monitor sysno = 25
CST 2026-07-17 20:05:56.219   469  1523 I C01631/GaussPD:  [0] [ADAPTER] [140314509798144] Not support binlog_default.writeIndex file enable del monitor sysno = 25
CST 2026-07-17 20:05:56.219   469  1523 I C01651/DataShareServiceStub: OnUpdateEx: Update uri:******uide_state, e:0, s:1
CST 2026-07-17 20:05:56.226   469  1523 E C01707/CONCUR: [Interface] task 1523 apply qos failed, errno = 4
CST 2026-07-17 20:05:56.226   469  1523 E C01611/QosManager: QosManager: Failed to set thread QoS to QOS_USER_INTERACTIVE, ret: -1
CST 2026-07-17 20:05:56.226   469  1523 I C01651/DataShareServiceStub: OnRemoteRequest: code:14, callingPid:202
CST 2026-07-17 20:05:56.233   611   930 W C02515/DISP: [SetLayerMaskInfo:495] <private> is not supported
CST 2026-07-17 20:05:56.234   611   930 I C02515/DISP: [CommitComposeLayer:67] CommitComposeLayer! 10
CST 2026-07-17 20:05:56.234   727   727 E C01406/RSScreenManager: IsAllScreensPowerOff: screenPowerStatus_ is empty.
CST 2026-07-17 20:05:56.238   469  1523 E C01707/CONCUR: [Interface] task 1523 apply qos failed, errno = 4
CST 2026-07-17 20:05:56.238   469  1523 E C01611/QosManager: QosManager: Failed to set thread QoS to QOS_USER_INTERACTIVE, ret: -1
CST 2026-07-17 20:05:56.238   469  1523 I C01651/DataShareServiceStub: OnRemoteRequest: code:21, callingPid:202
CST 2026-07-17 20:05:56.239   469  1523 I C01631/GaussPD:  [0] [ADAPTER] [140314509798144] Not support binlog_default.writeLock file enable del monitor sysno = 25
CST 2026-07-17 20:05:56.239   469  1523 I C01631/GaussPD:  [0] [ADAPTER] [140314509798144] Not support binlog_default.writeLock file enable del monitor sysno = 25
CST 2026-07-17 20:05:56.239   469  1523 I C01631/GaussPD:  [0] [ADAPTER] [140314509798144] Not support binlog_default.writeLock file enable del monitor sysno = 25
CST 2026-07-17 20:05:56.240   469  1523 I C01631/GaussPD:  [0] [ADAPTER] [140314509798144] Not support binlog_default.writeLock file enable del monitor sysno = 25
CST 2026-07-17 20:05:56.240   469  1523 I C01631/GaussPD:  [0] [ADAPTER] [140314509798144] Not support binlog_default.writeIndex file enable del monitor sysno = 25
CST 2026-07-17 20:05:56.240   469  1523 I C01631/GaussPD:  [0] [ADAPTER] [140314509798144] Not support binlog_default.writeIndex file enable del monitor sysno = 25
CST 2026-07-17 20:05:56.240   469  1523 I C01651/DataShareServiceStub: OnUpdateEx: Update uri:******ture_state, e:0, s:1
CST 2026-07-17 20:05:56.250   469  1523 E C01707/CONCUR: [Interface] task 1523 apply qos failed, errno = 4
CST 2026-07-17 20:05:56.250   469  1523 E C01611/QosManager: QosManager: Failed to set thread QoS to QOS_USER_INTERACTIVE, ret: -1
CST 2026-07-17 20:05:56.250   469  1523 I C01651/DataShareServiceStub: OnRemoteRequest: code:14, callingPid:202
CST 2026-07-17 20:05:56.257   469  1523 E C01707/CONCUR: [Interface] task 1523 apply qos failed, errno = 4
CST 2026-07-17 20:05:56.257   469  1523 E C01611/QosManager: QosManager: Failed to set thread QoS to QOS_USER_INTERACTIVE, ret: -1
CST 2026-07-17 20:05:56.257   469  1523 I C01651/DataShareServiceStub: OnRemoteRequest: code:21, callingPid:202
CST 2026-07-17 20:05:56.258   469  1523 I C01631/GaussPD:  [0] [ADAPTER] [140314509798144] Not support binlog_default.writeLock file enable del monitor sysno = 25
CST 2026-07-17 20:05:56.258   469  1523 I C01631/GaussPD:  [0] [ADAPTER] [140314509798144] Not support binlog_default.writeLock file enable del monitor sysno = 25
CST 2026-07-17 20:05:56.258   469  1523 I C01631/GaussPD:  [0] [ADAPTER] [140314509798144] Not support binlog_default.writeLock file enable del monitor sysno = 25
CST 2026-07-17 20:05:56.259   469  1523 I C01631/GaussPD:  [0] [ADAPTER] [140314509798144] Not support binlog_default.writeLock file enable del monitor sysno = 25
CST 2026-07-17 20:05:56.259   469  1523 I C01631/GaussPD:  [0] [ADAPTER] [140314509798144] Not support binlog_default.writeIndex file enable del monitor sysno = 25
CST 2026-07-17 20:05:56.259   469  1523 I C01631/GaussPD:  [0] [ADAPTER] [140314509798144] Not support binlog_default.writeIndex file enable del monitor sysno = 25
CST 2026-07-17 20:05:56.259   469  1523 I C01651/DataShareServiceStub: OnUpdateEx: Update uri:******t_observer, e:0, s:1
CST 2026-07-17 20:05:56.267   469  1523 E C01707/CONCUR: [Interface] task 1523 apply qos failed, errno = 4
CST 2026-07-17 20:05:56.267   469  1523 E C01611/QosManager: QosManager: Failed to set thread QoS to QOS_USER_INTERACTIVE, ret: -1
CST 2026-07-17 20:05:56.267   469  1523 I C01651/DataShareServiceStub: OnRemoteRequest: code:14, callingPid:202
CST 2026-07-17 20:05:56.267   202  2336 E C01d00/accessibility: [(CheckExtProxyStatus:820)]Extension Proxy is not load
CST 2026-07-17 20:05:56.267   202  2336 I C01d00/accessibility: [(GetAccessibilityState:115)]EnabledState[0], TouchGuideState[0], KeyEventObserverState[0], GestureState[0], ScreenReaderState[0], SingleClickMode[0], AnimationOffState[0], AudioMonoState[0], FlashReminderSwitch[0]
CST 2026-07-17 20:05:56.306   611   930 W C02515/DISP: [SetLayerMaskInfo:495] <private> is not supported
CST 2026-07-17 20:05:56.306   727   727 E C01406/RSScreenManager: IsAllScreensPowerOff: screenPowerStatus_ is empty.
CST 2026-07-17 20:05:56.307   611   615 I C02515/DISP: [CommitComposeLayer:67] CommitComposeLayer! 10
CST 2026-07-17 20:05:56.310   469  1523 E C01707/CONCUR: [Interface] task 1523 apply qos failed, errno = 4
CST 2026-07-17 20:05:56.310   469  1523 E C01611/QosManager: QosManager: Failed to set thread QoS to QOS_USER_INTERACTIVE, ret: -1
CST 2026-07-17 20:05:56.310   469  1523 I C01651/DataShareServiceStub: OnRemoteRequest: code:21, callingPid:202
CST 2026-07-17 20:05:56.311   469  1523 I C01631/GaussPD:  [0] [ADAPTER] [140314509798144] Not support binlog_default.writeLock file enable del monitor sysno = 25
CST 2026-07-17 20:05:56.311   469  1523 I C01631/GaussPD:  [0] [ADAPTER] [140314509798144] Not support binlog_default.writeLock file enable del monitor sysno = 25
CST 2026-07-17 20:05:56.311   469  1523 I C01631/GaussPD:  [0] [ADAPTER] [140314509798144] Not support binlog_default.writeLock file enable del monitor sysno = 25
CST 2026-07-17 20:05:56.311   469  1523 I C01631/GaussPD:  [0] [ADAPTER] [140314509798144] Not support binlog_default.writeLock file enable del monitor sysno = 25
CST 2026-07-17 20:05:56.312   469  1523 I C01631/GaussPD:  [0] [ADAPTER] [140314509798144] Not support binlog_default.writeIndex file enable del monitor sysno = 25
CST 2026-07-17 20:05:56.312   469  1523 I C01631/GaussPD:  [0] [ADAPTER] [140314509798144] Not support binlog_default.writeIndex file enable del monitor sysno = 25
CST 2026-07-17 20:05:56.312   469  1523 I C01651/DataShareServiceStub: OnUpdateEx: Update uri:******essibility, e:0, s:1
CST 2026-07-17 20:05:56.324   469  1523 E C01707/CONCUR: [Interface] task 1523 apply qos failed, errno = 4
CST 2026-07-17 20:05:56.324   469  1523 E C01611/QosManager: QosManager: Failed to set thread QoS to QOS_USER_INTERACTIVE, ret: -1
CST 2026-07-17 20:05:56.324   469  1523 I C01651/DataShareServiceStub: OnRemoteRequest: code:14, callingPid:202
CST 2026-07-17 20:05:56.324   202  2336 I C01d00/accessibility: [(OnStateObservers:3654)]state is 1
CST 2026-07-17 20:05:56.324  2205  2433 I C01d02/accessibility_asacfwk: [(NotifyStateChanged:705)]observers size is 2
CST 2026-07-17 20:05:56.324  1730  2351 I C01d02/accessibility_asacfwk: [(NotifyStateChanged:705)]observers size is 1
CST 2026-07-17 20:05:56.324  1730  2351 I C01d10/accessibility_napi: [(OnStateChanged:1885)]
CST 2026-07-17 20:05:56.324  2205  2433 I C01d10/accessibility_napi: [(OnStateChanged:1885)]
CST 2026-07-17 20:05:56.324  1730  2351 I C01d02/accessibility_asacfwk: [(NotifyStateChanged:705)]observers size is 0
CST 2026-07-17 20:05:56.324  2359  2362 I C01d02/accessibility_asacfwk: [(NotifyStateChanged:705)]observers size is 1
CST 2026-07-17 20:05:56.324  3857  4334 I C01d02/accessibility_asacfwk: [(NotifyStateChanged:705)]observers size is 1
CST 2026-07-17 20:05:56.324  2205  2433 I C01d02/accessibility_asacfwk: [(NotifyStateChanged:705)]observers size is 1
CST 2026-07-17 20:05:56.324  2359  2362 I C01d02/accessibility_asacfwk: [(NotifyStateChanged:705)]observers size is 1
CST 2026-07-17 20:05:56.324  3857  4334 I C01d02/accessibility_asacfwk: [(NotifyStateChanged:705)]observers size is 1
CST 2026-07-17 20:05:56.325  3857  3857 I C01d02/accessibility_asacfwk: [(RegisterElementOperator:388)]Register windowId[31] start
CST 2026-07-17 20:05:56.325  2205  2205 I C01d02/accessibility_asacfwk: [(RegisterElementOperator:388)]Register windowId[1] start
CST 2026-07-17 20:05:56.325  2205  2205 I C0392a/AceUiExtensionComponent: [(-2:100000:singleton)] [@1869][ID: 1] treeId: 0, id: 132
CST 2026-07-17 20:05:56.326   202  2935 I C01d00/accessibility: [(RegisterElementOperatorByParameter:1296)]get treeId element and treeid - treeId: 7 parameter.elementId[132]element[132]
CST 2026-07-17 20:05:56.331   469  1523 E C01707/CONCUR: [Interface] task 1523 apply qos failed, errno = 4
CST 2026-07-17 20:05:56.331   469  1523 E C01611/QosManager: QosManager: Failed to set thread QoS to QOS_USER_INTERACTIVE, ret: -1
CST 2026-07-17 20:05:56.331   469  1523 I C01651/DataShareServiceStub: OnRemoteRequest: code:21, callingPid:202
CST 2026-07-17 20:05:56.332   469  1523 I C01631/GaussPD:  [0] [ADAPTER] [140314509798144] Not support binlog_default.writeLock file enable del monitor sysno = 25
CST 2026-07-17 20:05:56.332   469  1523 I C01631/GaussPD:  [0] [ADAPTER] [140314509798144] Not support binlog_default.writeLock file enable del monitor sysno = 25
CST 2026-07-17 20:05:56.332   469  1523 I C01631/GaussPD:  [0] [ADAPTER] [140314509798144] Not support binlog_default.writeLock file enable del monitor sysno = 25
CST 2026-07-17 20:05:56.333   469  1523 I C01631/GaussPD:  [0] [ADAPTER] [140314509798144] Not support binlog_default.writeLock file enable del monitor sysno = 25
CST 2026-07-17 20:05:56.333   469  1523 I C01631/GaussPD:  [0] [ADAPTER] [140314509798144] Not support binlog_default.writeIndex file enable del monitor sysno = 25
CST 2026-07-17 20:05:56.333   469  1523 I C01631/GaussPD:  [0] [ADAPTER] [140314509798144] Not support binlog_default.writeIndex file enable del monitor sysno = 25
CST 2026-07-17 20:05:56.333   469  1523 I C01651/DataShareServiceStub: OnUpdateEx: Update uri:******lity_state, e:0, s:1
CST 2026-07-17 20:05:56.341   469  1523 E C01707/CONCUR: [Interface] task 1523 apply qos failed, errno = 4
CST 2026-07-17 20:05:56.341   469  1523 E C01611/QosManager: QosManager: Failed to set thread QoS to QOS_USER_INTERACTIVE, ret: -1
CST 2026-07-17 20:05:56.341   469  1523 I C01651/DataShareServiceStub: OnRemoteRequest: code:14, callingPid:202
CST 2026-07-17 20:05:56.341   202  2336 I C01d00/accessibility: [(Unregister:76)]unregister shortcut key, last subscribeId is 12
CST 2026-07-17 20:05:56.341   202  2336 I C02800/InputManagerImpl: [][UnsubscribeKeyEvent:404] enter
CST 2026-07-17 20:05:56.341   202  2336 I C02800/KeyEventInputSubscribeManager: [][UnsubscribeKeyEvent:202] enter
CST 2026-07-17 20:05:56.341   251   975 I C02800/MMIService: [][UnsubscribeKeyEvent:2540] enter
CST 2026-07-17 20:05:56.341   251   505 I C02802/KeySubscriberHandler: [|172]SubscribeId:12, pid:202
CST 2026-07-17 20:05:56.341   251   505 I C02800/KeySubscriberHandler: [][RemoveKeyGestureSubscriber:243] enter
CST 2026-07-17 20:05:56.341   251   505 I C02802/KeySubscriberHandler: [|253]Removing handler(17) of key gesture
CST 2026-07-17 20:05:56.341   251   505 I C02802/KeyGestureManager: [|107]Handler(17) of key gesture was removed
CST 2026-07-17 20:05:56.341   251   505 I C02800/KeySubscriberHandler: [][RemoveKeyGestureSubscriber] leave
CST 2026-07-17 20:05:56.341   251   975 I C02800/MMIService: [][UnsubscribeKeyEvent] leave
CST 2026-07-17 20:05:56.342   202  2336 I C02800/KeyEventInputSubscribeManager: [][UnsubscribeKeyEvent] leave
CST 2026-07-17 20:05:56.342   202  2336 I C02800/InputManagerImpl: [][UnsubscribeKeyEvent] leave
CST 2026-07-17 20:05:56.342   202  2336 I C01d00/accessibility: [(Register:57)]
CST 2026-07-17 20:05:56.342   202  2336 I C02800/InputManagerImpl: [][SubscribeKeyEvent:385] enter
CST 2026-07-17 20:05:56.342   251   505 I C02800/KeyGestureManager: [][ShouldIntercept:461] enter
CST 2026-07-17 20:05:56.342   251   505 I C02800/KeyGestureManager: [][ShouldIntercept] leave
CST 2026-07-17 20:05:56.342   251   505 I C02800/KeySubscriberHandler: [][AddKeyGestureSubscriber:218] enter
CST 2026-07-17 20:05:56.342   251   505 I C02802/KeySubscriberHandler: [|229]Handler(18) of key gesture was added
CST 2026-07-17 20:05:56.342   251   505 I C02800/KeySubscriberHandler: [][AddKeyGestureSubscriber] leave
CST 2026-07-17 20:05:56.342   202  2336 I C02800/InputManagerImpl: [][SubscribeKeyEvent] leave
CST 2026-07-17 20:05:56.342   202  2336 I C01d00/accessibility: [(operator():1152)]Register windowId[31]
CST 2026-07-17 20:05:56.342   202  2336 I C01d00/accessibility: [(AddAccessibilityWindowConnection:326)]windowId(31)
CST 2026-07-17 20:05:56.347   202  2336 I C01d00/accessibility: [(operator():1152)]Register windowId[1]
CST 2026-07-17 20:05:56.347   202  2336 I C01d00/accessibility: [(AddAccessibilityWindowConnection:326)]windowId(1)
CST 2026-07-17 20:05:56.351   202  2336 I C01d00/accessibility: [(InitSceneBoard:1362)]
CST 2026-07-17 20:05:56.352   202  2336 I C01d00/accessibility: [(operator():1304)]Register windowId[1]
CST 2026-07-17 20:05:56.375   319   390 I C01f0b/ConnCure: ProcessTransitionToHicure
CST 2026-07-17 20:05:56.375   319   390 I C01f0b/ConnCure: cachedPackageName_: cn.alfadb.netbird.e3vpnb
CST 2026-07-17 20:05:56.375   319   390 W C01f04/MultiSimontroller: [GetSimAccountInfo-(multi_sim_controller.cpp:1141)] slotId 0 is invalid
CST 2026-07-17 20:05:56.375   319   390 E C01f04/TelephonySubsystem: GetSimAccountInfo fail!
CST 2026-07-17 20:05:56.375   319   390 E C01f04/TelephonySubsystem: simId  is invalid
CST 2026-07-17 20:05:56.375   319   390 E C01f04/MultiSimontroller: failed by nullptr
CST 2026-07-17 20:05:56.375   319   390 E C01f04/TelephonySubsystem: slotId is invalid by vec.size(), slotId = -1
CST 2026-07-17 20:05:56.375   319   390 E C01f04/TelephonySubsystem: simStateManager is null!
CST 2026-07-17 20:05:56.375   319   390 I C01f0b/ConnCure: IsTestSimCard: -1, 
CST 2026-07-17 20:05:56.375   319   390 E C01f0b/ConnCure: getSimOperator error
CST 2026-07-17 20:05:56.375   319   390 I C01f0b/ConnCure: get isInPunishTime_: 0
CST 2026-07-17 20:05:56.375   319   390 I C01f0b/ConnCure: not support vsim service
CST 2026-07-17 20:05:56.375   319   390 I C01f0b/ConnCure: airplane mode is 0
CST 2026-07-17 20:05:56.375   319   390 E C01f04/MultiSimontroller: failed by nullptr
CST 2026-07-17 20:05:56.375   319   390 E C01f0b/ConnCure: phoneStates_ not find slotid=-1
CST 2026-07-17 20:05:56.375   319   390 I C01f0b/ConnCure: canPerformConnCure: network is not in service.
CST 2026-07-17 20:05:56.375   319   390 I C01f0b/ConnCure: IsSystemCheck, ret:0
CST 2026-07-17 20:05:56.375   319   390 I C01f0b/ConnCure: IsUserDataEnabled: 1
CST 2026-07-17 20:05:56.375   319   390 I C01f0b/ConnCure: IsCaredApp:1, isAllowed:1, isDataEnabled:1
CST 2026-07-17 20:05:56.376   319   390 I C01f0b/ConnCure: IsUserDataEnabled: 1
CST 2026-07-17 20:05:56.376   319   390 W C01f04/MultiSimontroller: [GetSimAccountInfo-(multi_sim_controller.cpp:1141)] slotId 0 is invalid
CST 2026-07-17 20:05:56.376   319   390 E C01f04/TelephonySubsystem: GetSimAccountInfo fail!
CST 2026-07-17 20:05:56.376   319   390 W C01f04/MultiSimontroller: [GetSimAccountInfo-(multi_sim_controller.cpp:1141)] slotId 1 is invalid
CST 2026-07-17 20:05:56.376   319   390 E C01f04/TelephonySubsystem: GetSimAccountInfo fail!
CST 2026-07-17 20:05:56.376   319   390 E C01f0b/ConnCure: phoneStates_ find: slotId=0, callState=-1
CST 2026-07-17 20:05:56.376   319   390 E C01f0b/ConnCure: phoneStates_ find: slotId=1, callState=-1
CST 2026-07-17 20:05:56.376   319   390 I C01f0b/ConnCure: mainCallState: -1, slaveCallState: -1
CST 2026-07-17 20:05:56.376   611   615 W C02515/DISP: [SetLayerMaskInfo:495] <private> is not supported
CST 2026-07-17 20:05:56.376   611   930 I C02515/DISP: [CommitComposeLayer:67] CommitComposeLayer! 10
CST 2026-07-17 20:05:56.393   728   798 E C02d06/XCollie: can't open hungtask file, errno:2
CST 2026-07-17 20:05:56.407   727   727 E C01406/RSScreenManager: IsAllScreensPowerOff: screenPowerStatus_ is empty.
CST 2026-07-17 20:05:56.410  2205  2205 W A01c06/ICON: AppIconWeatherModel --> initWeatherListener, retryTimes: 4
CST 2026-07-17 20:05:56.418   469  1523 E C01707/CONCUR: [Interface] task 1523 apply qos failed, errno = 4
CST 2026-07-17 20:05:56.418   469  1523 E C01611/QosManager: QosManager: Failed to set thread QoS to QOS_USER_INTERACTIVE, ret: -1
CST 2026-07-17 20:05:56.419   728  1043 W C01123/BMSCommon: bundle not exist -n com.huawei.hmsapp.totemweather -u 100 -i 0 -f 32
CST 2026-07-17 20:05:56.419   728  1043 W C01121/BMSQuery: GetBundleInfo failed -n com.huawei.hmsapp.totemweather -u 100
CST 2026-07-17 20:05:56.419   469  1523 E C01651/BundleMgrProxy: GetBundleInfoFromBMS: GetBundleInfo failed!bundleName is com.huawei.hmsapp.totemweather, userId is 100
CST 2026-07-17 20:05:56.419   469  1523 E C01651/DataProviderConfig: GetFromProxyData: Get bundleInfo failed! bundleName:com.huawei.hmsapp.totemweather, userId:100, visitedId:100, uri:******icIconInfo
CST 2026-07-17 20:05:56.419   469  1523 E C01651/DataShareServiceImpl: GetBMSAndMetaDataStatus: CalledInfo failed! token:0x20087fab,ret:1001,uri:******icIconInfo
CST 2026-07-17 20:05:56.419   469  1523 E C01651/DataShareServiceImpl: GetSilentProxyStatus: BMS or metaData not ready to complete, token:0x20087fab, uri:******icIconInfo
CST 2026-07-17 20:05:56.419  2205  2205 E A01c06/ICON: AppIconWeatherModel --> get weather info failed, code: 15700010, message: The DataShareHelper is not initialized successfully.
CST 2026-07-17 20:05:56.439  4389  4389 W C02c02/PARAM: Selinux check name persist.init.debug.loglevel in u:object_r:startup_init_param:s0 [4389 2000 2000] failed
CST 2026-07-17 20:05:56.439  4389  4389 W C02c02/PARAM: Selinux check name persist.init.debug.loglevel in u:object_r:startup_init_param:s0 [4389 2000 2000] failed
CST 2026-07-17 20:05:56.439  4389  4389 W C02c02/PARAM: SystemReadParam failed!name is:persist.init.debug.loglevel,err:1002
CST 2026-07-17 20:05:56.446  4393  4393 W C02c02/PARAM: Selinux check name persist.init.debug.loglevel in u:object_r:startup_init_param:s0 [4393 2000 2000] failed
CST 2026-07-17 20:05:56.446  4392  4392 W C02c02/PARAM: Selinux check name persist.init.debug.loglevel in u:object_r:startup_init_param:s0 [4392 2000 2000] failed
CST 2026-07-17 20:05:56.446  4391  4391 W C02c02/PARAM: Selinux check name persist.init.debug.loglevel in u:object_r:startup_init_param:s0 [4391 2000 2000] failed
CST 2026-07-17 20:05:56.446  4393  4393 W C02c02/PARAM: Selinux check name persist.init.debug.loglevel in u:object_r:startup_init_param:s0 [4393 2000 2000] failed
CST 2026-07-17 20:05:56.446  4392  4392 W C02c02/PARAM: Selinux check name persist.init.debug.loglevel in u:object_r:startup_init_param:s0 [4392 2000 2000] failed
CST 2026-07-17 20:05:56.446  4391  4391 W C02c02/PARAM: Selinux check name persist.init.debug.loglevel in u:object_r:startup_init_param:s0 [4391 2000 2000] failed
CST 2026-07-17 20:05:56.446  4392  4392 W C02c02/PARAM: SystemReadParam failed!name is:persist.init.debug.loglevel,err:1002
CST 2026-07-17 20:05:56.446  4391  4391 W C02c02/PARAM: SystemReadParam failed!name is:persist.init.debug.loglevel,err:1002
CST 2026-07-17 20:05:56.446  4393  4393 W C02c02/PARAM: SystemReadParam failed!name is:persist.init.debug.loglevel,err:1002
CST 2026-07-17 20:05:56.455  4394  4394 W C02c02/PARAM: Selinux check name persist.init.debug.loglevel in u:object_r:startup_init_param:s0 [4394 2000 2000] failed
CST 2026-07-17 20:05:56.455  4394  4394 W C02c02/PARAM: Selinux check name persist.init.debug.loglevel in u:object_r:startup_init_param:s0 [4394 2000 2000] failed
CST 2026-07-17 20:05:56.455  4394  4394 W C02c02/PARAM: SystemReadParam failed!name is:persist.init.debug.loglevel,err:1002
CST 2026-07-17 20:05:56.455  4395  4395 W C02c02/PARAM: Selinux check name persist.init.debug.loglevel in u:object_r:startup_init_param:s0 [4395 2000 2000] failed
CST 2026-07-17 20:05:56.455  4395  4395 W C02c02/PARAM: Selinux check name persist.init.debug.loglevel in u:object_r:startup_init_param:s0 [4395 2000 2000] failed
CST 2026-07-17 20:05:56.455  4395  4395 W C02c02/PARAM: SystemReadParam failed!name is:persist.init.debug.loglevel,err:1002
CST 2026-07-17 20:05:56.471   611   930 W C02515/DISP: [SetLayerMaskInfo:495] <private> is not supported
CST 2026-07-17 20:05:56.471   611   930 I C02515/DISP: [CommitComposeLayer:67] CommitComposeLayer! 10
CST 2026-07-17 20:05:56.471   727   727 E C01406/RSScreenManager: IsAllScreensPowerOff: screenPowerStatus_ is empty.
CST 2026-07-17 20:05:56.513   727   891 E C02515/DGLES: [d_eglSwapBuffers_special@egl_gpu.cpp:729] thread output size 412797 speed 389k/s API_num 2876
CST 2026-07-17 20:05:56.514   611   930 W C02515/DISP: [SetLayerMaskInfo:495] <private> is not supported
CST 2026-07-17 20:05:56.514   611   930 I C02515/DISP: [CommitComposeLayer:67] CommitComposeLayer! 10
CST 2026-07-17 20:05:56.574   611   930 W C02515/DISP: [SetLayerMaskInfo:495] <private> is not supported
CST 2026-07-17 20:05:56.574   611   930 I C02515/DISP: [CommitComposeLayer:67] CommitComposeLayer! 10
CST 2026-07-17 20:05:56.706  4397  4397 W C02c02/PARAM: Selinux check name persist.init.debug.loglevel in u:object_r:startup_init_param:s0 [4397 2000 2000] failed
CST 2026-07-17 20:05:56.706  4397  4397 W C02c02/PARAM: Selinux check name persist.init.debug.loglevel in u:object_r:startup_init_param:s0 [4397 2000 2000] failed
CST 2026-07-17 20:05:56.706  4397  4397 W C02c02/PARAM: SystemReadParam failed!name is:persist.init.debug.loglevel,err:1002
CST 2026-07-17 20:05:57.023  2715  3226 E C02e00/UPDATE_SA: [hap_connection.cpp(50)]GetHapRemoteObject, remoteObj is nullptr, bundle com.huawei.hmos.ouc
CST 2026-07-17 20:05:57.023  2715  3226 I C01352/ExtMgr: [extension_manager_client.cpp134]name:com.huawei.hmos.ouc ServiceExtAbility, userId:-1.
CST 2026-07-17 20:05:57.023   728  1043 I C01342/ServiceExt: [ABMS5529]element: com.huawei.hmos.ouc/ServiceExtAbility
CST 2026-07-17 20:05:57.023   728  1043 W C01123/BMSCommon: bundle not exist -n com.huawei.hmos.ouc -u 100 -i 0 -f 0
CST 2026-07-17 20:05:57.023   728  1043 W C01336/AMS: [start_ability_utils.cpp76]failed: com.huawei.hmos.ouc
CST 2026-07-17 20:05:57.023   728  1043 W C01336/AMS: [crowd_test_interceptor.cpp54]GetAppInfo failed
CST 2026-07-17 20:05:57.023   728  1043 W C01120/BMS: app_control_manager.cpp:GetAppRunningControlRule:397 getAppId failed,-n:com.huawei.hmos.ouc
CST 2026-07-17 20:05:57.023   728  1043 W C01123/BMSCommon: uid(6666) invalid
CST 2026-07-17 20:05:57.024   728  1043 I C01336/AMS: [start_ability_utils.cpp54]appIndex:-1
CST 2026-07-17 20:05:57.024   728  1043 W C01123/BMSCommon: bundle not exist -n com.huawei.hmos.ouc -u 100 -i 0 -f 1062
CST 2026-07-17 20:05:57.024   728  1043 I C01121/BMSQuery: ExplicitQueryAbility no match -n com.huawei.hmos.ouc -a ServiceExtAbility -u 100 -i 0
CST 2026-07-17 20:05:57.024   728  1043 W C01120/BMS: query abilitys_ext code 8521480
CST 2026-07-17 20:05:57.024   728  1043 W C01123/BMSCommon: bundle not exist -n com.huawei.hmos.ouc -u 100 -i 0 -f 1062
CST 2026-07-17 20:05:57.024   728  1043 W C01121/BMSQuery: bundle_data_mgr.cpp:ExplicitQueryExtensionInfo:7239 ExplicitQueryExtensionInfo failed
CST 2026-07-17 20:05:57.024   728  1043 I C01121/BMSQuery: ExplicitQueryExtension size:0 -n com.huawei.hmos.ouc -e ServiceExtAbility -u 100 -i 0
CST 2026-07-17 20:05:57.024   728  1043 W C01121/BMSQuery: bundle_data_mgr.cpp:GetCloneAppIndexes:2463 no bundleName com.huawei.hmos.ouc found
CST 2026-07-17 20:05:57.024   728  1043 W C01121/BMSQuery: bundle_mgr_host_impl.cpp:QueryExtensionAbilityInfos:3425 no valid extension info can be inquired
CST 2026-07-17 20:05:57.024   728  1043 E C01336/AMS: [start_ability_utils.cpp290]extensionInfo empty
CST 2026-07-17 20:05:57.024   728  1043 E C01342/ServiceExt: [ABMS5868]generate request error
CST 2026-07-17 20:05:57.025  2715  3226 E C02e00/UPDATE_SA: [hap_connection.cpp(82)]HapConnection call interface failed, ret 2097152
CST 2026-07-17 20:05:57.025  2715  3226 E C02e00/UPDATE_SA: [ouc_hap_connection.cpp(72)]SendRemoteRequest, can not connect to ouc
CST 2026-07-17 20:05:57.625  1694  1805 I C0430a/file_monitor_service: [MainMissionStatus:197]CanExit
CST 2026-07-17 20:05:57.625  1694  1805 I C0430a/file_monitor_service: [MainMissionStatus:203]SecondaryScanner idle
CST 2026-07-17 20:05:57.625  1515  1515 E C02c11/APPSPAWN: [appspawn_kickdog.c:29]open /sys/kernel/hungtask/userlist fail,errno:2
CST 2026-07-17 20:05:57.625  4380  4387 I C03100/UiTestKit_Server: [system_ui_controller.cpp:(operator())] Success connect to AccessibilityUITestAbility
CST 2026-07-17 20:05:57.626  4380  4387 W C057c3/IPCObjectStub: SendRequestInner: Stub(desc:*.IAccessibleAbilityClient) code:500 cost:1283ms
CST 2026-07-17 20:05:57.627  2205  2205 I A01b01/HOME: PageDesktopViewModel --> cards num: 0, threshold:7
CST 2026-07-17 20:05:57.628  2205  2205 W A01c06/ICON: AppIconWeatherModel --> initWeatherListener, retryTimes: 4
CST 2026-07-17 20:05:57.628   165   165 E C02c11/APPSPAWN: [appspawn_kickdog.c:29]open /sys/kernel/hungtask/userlist fail,errno:2
CST 2026-07-17 20:05:57.628  4380  4400 W C057c1/IPCWorkThread: ThreadHandler: proto:0 policy:0 name:OS_IPC_2_4400 invoker:11292640
CST 2026-07-17 20:05:57.628   728  3951 I C01120/BMS: execute begin bundleIconResource
CST 2026-07-17 20:05:57.629   469  1523 E C01707/CONCUR: [Interface] task 1523 apply qos failed, errno = 4
CST 2026-07-17 20:05:57.629   469  1523 E C01611/QosManager: QosManager: Failed to set thread QoS to QOS_USER_INTERACTIVE, ret: -1
CST 2026-07-17 20:05:57.630  4380  4380 W C04201/DMS: RegisterClientDeathListener: regis reverse death
CST 2026-07-17 20:05:57.630  4380  4380 I C04201/DMS: RegisterClientDeathListener: ENTER
CST 2026-07-17 20:05:57.630   728  1043 E C04200/WMS: UpdateBundleInfo: Failed
CST 2026-07-17 20:05:57.630  4399  4399 W C02c02/PARAM: Selinux check name persist.init.debug.loglevel in u:object_r:startup_init_param:s0 [4399 2000 2000] failed
CST 2026-07-17 20:05:57.630  4399  4399 W C02c02/PARAM: Selinux check name persist.init.debug.loglevel in u:object_r:startup_init_param:s0 [4399 2000 2000] failed
CST 2026-07-17 20:05:57.630  4399  4399 W C02c02/PARAM: SystemReadParam failed!name is:persist.init.debug.loglevel,err:1002
CST 2026-07-17 20:05:57.632   728  1043 W C04201/DMS: screen_session.cpp: call BMS
CST 2026-07-17 20:05:57.632   728  1043 I C04201/DMS: screen_session.cpp: pid:0, bundle:, api:0
CST 2026-07-17 20:05:57.633  4380  4380 I C03100/UiTestKit_Server: [system_ui_controller.cpp:(GetUiWindows)] window is visible, windowId: 21, active: 0, focus: 0,layer: 2202, displayId: 0
CST 2026-07-17 20:05:57.633  4380  4380 I C01d01/accessibility_aakit: [(SearchElementInfoFromAce:1329)]windowId 21}, elementId -1
CST 2026-07-17 20:05:57.635  4380  4380 I C03100/UiTestKit_Server: [system_ui_controller.cpp:(InflateWindowInfo)] End Get Bundle Name by WindowId 21, app is com.ohos.sceneboard
CST 2026-07-17 20:05:57.636   728  1043 I C0420f/WMSRecover: mock_session_manager_service.cpp GetForegroundOsAccountDisplayId: displayId: 0
CST 2026-07-17 20:05:57.636   728  1043 I C0420f/WMSRecover: mock_session_manager_service.cpp RegisterSMSRecoverListener: clientUserId: 0, userId: 100, pid: 4380,isLite: 1, displayId: 0
CST 2026-07-17 20:05:57.636   728  1043 I C04210/WMSMultiUser: mock_session_manager_service.cpp NotifyWMSConnectionStatus: wms is already connected, notify client
CST 2026-07-17 20:05:57.637  4380  4380 I C03100/UiTestKit_Server: [system_ui_controller.cpp:(UpdateWindowAttrs)] window 21 touchArea: Rect {left:0,right:1320,top:0,bottom:137} 
CST 2026-07-17 20:05:57.637  4380  4380 I C03100/UiTestKit_Server: [system_ui_controller.cpp:(GetUiWindows)] window is visible, windowId: 31, active: 1, focus: 1,layer: 102, displayId: 0
CST 2026-07-17 20:05:57.637  4380  4380 I C01d01/accessibility_aakit: [(SearchElementInfoFromAce:1329)]windowId 31}, elementId -1
CST 2026-07-17 20:05:57.639  4401  4401 W C02c02/PARAM: Selinux check name persist.init.debug.loglevel in u:object_r:startup_init_param:s0 [4401 2000 2000] failed
CST 2026-07-17 20:05:57.639  4401  4401 W C02c02/PARAM: Selinux check name persist.init.debug.loglevel in u:object_r:startup_init_param:s0 [4401 2000 2000] failed
CST 2026-07-17 20:05:57.639  4401  4401 W C02c02/PARAM: SystemReadParam failed!name is:persist.init.debug.loglevel,err:1002
CST 2026-07-17 20:05:57.640  4380  4402 W C057c1/IPCWorkThread: ThreadHandler: proto:0 policy:0 name:OS_IPC_3_4402 invoker:11293216
CST 2026-07-17 20:05:57.641   728  1043 W C01123/BMSCommon: bundle not exist -n com.huawei.hmsapp.totemweather -u 100 -i 0 -f 32
CST 2026-07-17 20:05:57.641   728  1043 W C01121/BMSQuery: GetBundleInfo failed -n com.huawei.hmsapp.totemweather -u 100
CST 2026-07-17 20:05:57.641   469  1523 E C01651/BundleMgrProxy: GetBundleInfoFromBMS: GetBundleInfo failed!bundleName is com.huawei.hmsapp.totemweather, userId is 100
CST 2026-07-17 20:05:57.641   469  1523 E C01651/DataProviderConfig: GetFromProxyData: Get bundleInfo failed! bundleName:com.huawei.hmsapp.totemweather, userId:100, visitedId:100, uri:******icIconInfo
CST 2026-07-17 20:05:57.641   469  1523 E C01651/DataShareServiceImpl: GetBMSAndMetaDataStatus: CalledInfo failed! token:0x20087fab,ret:1001,uri:******icIconInfo
CST 2026-07-17 20:05:57.641   469  1523 E C01651/DataShareServiceImpl: GetSilentProxyStatus: BMS or metaData not ready to complete, token:0x20087fab, uri:******icIconInfo
CST 2026-07-17 20:05:57.641  2205  2205 E A01c06/ICON: AppIconWeatherModel --> get weather info failed, code: 15700010, message: The DataShareHelper is not initialized successfully.
CST 2026-07-17 20:05:57.644  4380  4380 I C03100/UiTestKit_Server: [system_ui_controller.cpp:(InflateWindowInfo)] End Get Bundle Name by WindowId 31, app is cn.alfadb.netbird.e3vpnb
CST 2026-07-17 20:05:57.645  4380  4380 I C03100/UiTestKit_Server: [system_ui_controller.cpp:(GetUiWindows)] window is covered, windowId : 10, layer is 2
CST 2026-07-17 20:05:57.645  4380  4380 I C03100/UiTestKit_Server: [system_ui_controller.cpp:(GetUiWindows)] window is covered, windowId : 7, layer is 1
CST 2026-07-17 20:05:57.645  4380  4380 I C01d01/accessibility_aakit: [(SearchElementInfoRecursiveByWinid:1500)]windowId 31}, elementId -1, treeId 0, mode 8
CST 2026-07-17 20:05:57.647  4380  4380 I C03100/UiTestKit_Server: [system_ui_controller.cpp:(GetWidgetsInWindow)] End Get nodes from window by WindowId 31, node size is 9, appId: cn.alfadb.netbird.e3vpnb
CST 2026-07-17 20:05:57.649  4380  4380 I C01d01/accessibility_aakit: [(SearchElementInfoRecursiveByWinid:1500)]windowId 21}, elementId -1, treeId 0, mode 8
CST 2026-07-17 20:05:57.653  4380  4380 I C03100/UiTestKit_Server: [system_ui_controller.cpp:(GetWidgetsInWindow)] End Get nodes from window by WindowId 21, node size is 43, appId: com.ohos.sceneboard
CST 2026-07-17 20:05:57.664   202  2329 I C057c2/IPCObjectProxy: hd:33 ct:1 D:*.IAccessibleAbilityClient
CST 2026-07-17 20:05:57.664   145   148 I C057c2/IPCObjectProxy: hd:27 ct:1 D:*.IWatcher
CST 2026-07-17 20:05:57.664   728   728 I C057c2/IPCObjectProxy: hd:786 ct:1 D:
CST 2026-07-17 20:05:57.664   145   148 I C02c03/PARAM_WATCHER: [watcher_manager.cpp:516]Agent died 60 4380
CST 2026-07-17 20:05:57.664   145   148 I C02c03/PARAM_WATCHER: [watcher_manager.cpp:702]Delete param watcher remoteWatcherId 60 group 79
CST 2026-07-17 20:05:57.664   728  1043 I C057c2/IPCObjectProxy: hd:789 ct:1 D:*.ISessionManagerServiceRecoverListener
CST 2026-07-17 20:05:57.664   728  1043 W C0420f/WMSRecover: mock_session_manager_service.cpp OnRemoteDied: Client died, pid = 4380, isLite = 1
CST 2026-07-17 20:05:57.664   728  1043 I C0420f/WMSRecover: mock_session_manager_service.cpp UnregisterSMSRecoverListenerInner: clientUserId: 0, pid: 4380, isLite: 1, displayId: 0
CST 2026-07-17 20:05:57.664   728  1043 I C0420f/WMSRecover: mock_session_manager_service.cpp GetSystemAppSMSRecoverListenerMap: isLite: 1, displayId: 0
CST 2026-07-17 20:05:57.679   202  2337 E C01d05/accessibility_interface: [(OnEnableAbilityRemoteDied:66)]OnEnableAbilityRemoteDied fail, error: 29201
CST 2026-07-17 20:05:57.679   202  2337 I C01d00/accessibility: [(RemoveAccessibilityAbilityByUri:1419)]uri is <private>
CST 2026-07-17 20:05:57.679   202  2337 I C01d00/accessibility: [(UpdateNeedEvents:1745)]needEvents size is 0
CST 2026-07-17 20:05:57.682   202  2337 E C01d05/accessibility_interface: [(OnAccessibilityEnableAbilityListsChanged:62)]OnAccessibilityEnableAbilityListsChanged fail, error: 29201
CST 2026-07-17 20:05:57.685   202  2337 E C01d05/accessibility_interface: [(OnAccessibilityInstallAbilityListsChanged:89)]OnAccessibilityInstallAbilityListsChanged fail, error: 29201
CST 2026-07-17 20:05:57.691   469  1523 E C01707/CONCUR: [Interface] task 1523 apply qos failed, errno = 4
CST 2026-07-17 20:05:57.691   469  1523 E C01611/QosManager: QosManager: Failed to set thread QoS to QOS_USER_INTERACTIVE, ret: -1
CST 2026-07-17 20:05:57.699   469  1523 E C01707/CONCUR: [Interface] task 1523 apply qos failed, errno = 4
CST 2026-07-17 20:05:57.699   469  1523 E C01611/QosManager: QosManager: Failed to set thread QoS to QOS_USER_INTERACTIVE, ret: -1
CST 2026-07-17 20:05:57.699   469  1523 I C01651/DataShareServiceStub: OnRemoteRequest: code:21, callingPid:202
CST 2026-07-17 20:05:57.699   469  1523 I C01631/GaussPD:  [0] [ADAPTER] [140314509798144] Not support binlog_default.writeLock file enable del monitor sysno = 25
CST 2026-07-17 20:05:57.700   469  1523 I C01631/GaussPD:  [0] [ADAPTER] [140314509798144] Not support binlog_default.writeLock file enable del monitor sysno = 25
CST 2026-07-17 20:05:57.700   469  1523 I C01631/GaussPD:  [0] [ADAPTER] [140314509798144] Not support binlog_default.writeLock file enable del monitor sysno = 25
CST 2026-07-17 20:05:57.701   469  1523 I C01631/GaussPD:  [0] [ADAPTER] [140314509798144] Not support binlog_default.writeLock file enable del monitor sysno = 25
CST 2026-07-17 20:05:57.701   469  1523 I C01631/GaussPD:  [0] [ADAPTER] [140314509798144] Not support binlog_default.writeIndex file enable del monitor sysno = 25
CST 2026-07-17 20:05:57.701   469  1523 I C01631/GaussPD:  [0] [ADAPTER] [140314509798144] Not support binlog_default.writeIndex file enable del monitor sysno = 25
CST 2026-07-17 20:05:57.701   469  1523 I C01651/DataShareServiceStub: OnUpdateEx: Update uri:******uide_state, e:0, s:1
CST 2026-07-17 20:05:57.707   469  1523 E C01707/CONCUR: [Interface] task 1523 apply qos failed, errno = 4
CST 2026-07-17 20:05:57.707   469  1523 E C01611/QosManager: QosManager: Failed to set thread QoS to QOS_USER_INTERACTIVE, ret: -1
CST 2026-07-17 20:05:57.707   469  1523 I C01651/DataShareServiceStub: OnRemoteRequest: code:14, callingPid:202
CST 2026-07-17 20:05:57.713   469  1523 E C01707/CONCUR: [Interface] task 1523 apply qos failed, errno = 4
CST 2026-07-17 20:05:57.713   469  1523 E C01611/QosManager: QosManager: Failed to set thread QoS to QOS_USER_INTERACTIVE, ret: -1
CST 2026-07-17 20:05:57.713   469  1523 I C01651/DataShareServiceStub: OnRemoteRequest: code:21, callingPid:202
CST 2026-07-17 20:05:57.714   469  1523 I C01631/GaussPD:  [0] [ADAPTER] [140314509798144] Not support binlog_default.writeLock file enable del monitor sysno = 25
CST 2026-07-17 20:05:57.714   469  1523 I C01631/GaussPD:  [0] [ADAPTER] [140314509798144] Not support binlog_default.writeLock file enable del monitor sysno = 25
CST 2026-07-17 20:05:57.714   469  1523 I C01631/GaussPD:  [0] [ADAPTER] [140314509798144] Not support binlog_default.writeLock file enable del monitor sysno = 25
CST 2026-07-17 20:05:57.714   469  1523 I C01631/GaussPD:  [0] [ADAPTER] [140314509798144] Not support binlog_default.writeLock file enable del monitor sysno = 25
CST 2026-07-17 20:05:57.715   469  1523 I C01631/GaussPD:  [0] [ADAPTER] [140314509798144] Not support binlog_default.writeIndex file enable del monitor sysno = 25
CST 2026-07-17 20:05:57.715   469  1523 I C01631/GaussPD:  [0] [ADAPTER] [140314509798144] Not support binlog_default.writeIndex file enable del monitor sysno = 25
CST 2026-07-17 20:05:57.715   469  1523 I C01651/DataShareServiceStub: OnUpdateEx: Update uri:******ture_state, e:0, s:1
CST 2026-07-17 20:05:57.721   469  1523 E C01707/CONCUR: [Interface] task 1523 apply qos failed, errno = 4
CST 2026-07-17 20:05:57.721   469  1523 E C01611/QosManager: QosManager: Failed to set thread QoS to QOS_USER_INTERACTIVE, ret: -1
CST 2026-07-17 20:05:57.721   469  1523 I C01651/DataShareServiceStub: OnRemoteRequest: code:14, callingPid:202
CST 2026-07-17 20:05:57.741   643   714 I C02986/DisplayPowerBrightness: lux=[0/134668, 0/134816, 0/134962, 0/135107, 0/135253, 0/136303, ], bDelta=5.000000, dDelta=1.000000, size=63
CST 2026-07-17 20:05:57.759   469  1523 E C01707/CONCUR: [Interface] task 1523 apply qos failed, errno = 4
CST 2026-07-17 20:05:57.759   469  1523 E C01611/QosManager: QosManager: Failed to set thread QoS to QOS_USER_INTERACTIVE, ret: -1
CST 2026-07-17 20:05:57.759   469  1523 I C01651/DataShareServiceStub: OnRemoteRequest: code:21, callingPid:202
CST 2026-07-17 20:05:57.760   469  1523 I C01631/GaussPD:  [0] [ADAPTER] [140314509798144] Not support binlog_default.writeLock file enable del monitor sysno = 25
CST 2026-07-17 20:05:57.760   469  1523 I C01631/GaussPD:  [0] [ADAPTER] [140314509798144] Not support binlog_default.writeLock file enable del monitor sysno = 25
CST 2026-07-17 20:05:57.760   469  1523 I C01631/GaussPD:  [0] [ADAPTER] [140314509798144] Not support binlog_default.writeLock file enable del monitor sysno = 25
CST 2026-07-17 20:05:57.761   469  1523 I C01631/GaussPD:  [0] [ADAPTER] [140314509798144] Not support binlog_default.writeLock file enable del monitor sysno = 25
CST 2026-07-17 20:05:57.761   469  1523 I C01631/GaussPD:  [0] [ADAPTER] [140314509798144] Not support binlog_default.writeIndex file enable del monitor sysno = 25
CST 2026-07-17 20:05:57.761   469  1523 I C01631/GaussPD:  [0] [ADAPTER] [140314509798144] Not support binlog_default.writeIndex file enable del monitor sysno = 25
CST 2026-07-17 20:05:57.762   469  1523 I C01651/DataShareServiceStub: OnUpdateEx: Update uri:******t_observer, e:0, s:1
CST 2026-07-17 20:05:57.768   469  1523 E C01707/CONCUR: [Interface] task 1523 apply qos failed, errno = 4
CST 2026-07-17 20:05:57.768   469  1523 E C01611/QosManager: QosManager: Failed to set thread QoS to QOS_USER_INTERACTIVE, ret: -1
CST 2026-07-17 20:05:57.768   469  1523 I C01651/DataShareServiceStub: OnRemoteRequest: code:14, callingPid:202
CST 2026-07-17 20:05:57.768   202  2337 E C01d00/accessibility: [(CheckExtProxyStatus:820)]Extension Proxy is not load
CST 2026-07-17 20:05:57.768   202  2337 I C01d00/accessibility: [(GetAccessibilityState:115)]EnabledState[1], TouchGuideState[0], KeyEventObserverState[0], GestureState[0], ScreenReaderState[0], SingleClickMode[0], AnimationOffState[0], AudioMonoState[0], FlashReminderSwitch[0]
CST 2026-07-17 20:05:57.774   469  1523 E C01707/CONCUR: [Interface] task 1523 apply qos failed, errno = 4
CST 2026-07-17 20:05:57.774   469  1523 E C01611/QosManager: QosManager: Failed to set thread QoS to QOS_USER_INTERACTIVE, ret: -1
CST 2026-07-17 20:05:57.774   469  1523 I C01651/DataShareServiceStub: OnRemoteRequest: code:21, callingPid:202
CST 2026-07-17 20:05:57.775   469  1523 I C01631/GaussPD:  [0] [ADAPTER] [140314509798144] Not support binlog_default.writeLock file enable del monitor sysno = 25
CST 2026-07-17 20:05:57.775   469  1523 I C01631/GaussPD:  [0] [ADAPTER] [140314509798144] Not support binlog_default.writeLock file enable del monitor sysno = 25
CST 2026-07-17 20:05:57.775   469  1523 I C01631/GaussPD:  [0] [ADAPTER] [140314509798144] Not support binlog_default.writeLock file enable del monitor sysno = 25
CST 2026-07-17 20:05:57.775   469  1523 I C01631/GaussPD:  [0] [ADAPTER] [140314509798144] Not support binlog_default.writeLock file enable del monitor sysno = 25
CST 2026-07-17 20:05:57.775   469  1523 I C01631/GaussPD:  [0] [ADAPTER] [140314509798144] Not support binlog_default.writeIndex file enable del monitor sysno = 25
CST 2026-07-17 20:05:57.775   469  1523 I C01631/GaussPD:  [0] [ADAPTER] [140314509798144] Not support binlog_default.writeIndex file enable del monitor sysno = 25
CST 2026-07-17 20:05:57.775   469  1523 I C01651/DataShareServiceStub: OnUpdateEx: Update uri:******essibility, e:0, s:1
CST 2026-07-17 20:05:57.781   469  1523 E C01707/CONCUR: [Interface] task 1523 apply qos failed, errno = 4
CST 2026-07-17 20:05:57.781   469  1523 E C01611/QosManager: QosManager: Failed to set thread QoS to QOS_USER_INTERACTIVE, ret: -1
CST 2026-07-17 20:05:57.781   469  1523 I C01651/DataShareServiceStub: OnRemoteRequest: code:14, callingPid:202
CST 2026-07-17 20:05:57.782   202  2337 I C01d00/accessibility: [(OnStateObservers:3654)]state is 0
CST 2026-07-17 20:05:57.782  2205  2433 I C01d02/accessibility_asacfwk: [(NotifyStateChanged:705)]observers size is 2
CST 2026-07-17 20:05:57.782  1730  2351 I C01d02/accessibility_asacfwk: [(NotifyStateChanged:705)]observers size is 1
CST 2026-07-17 20:05:57.782  1730  2351 I C01d10/accessibility_napi: [(OnStateChanged:1885)]
CST 2026-07-17 20:05:57.782  2205  2433 I C01d10/accessibility_napi: [(OnStateChanged:1885)]
CST 2026-07-17 20:05:57.782  2359  2362 I C01d02/accessibility_asacfwk: [(NotifyStateChanged:705)]observers size is 1
CST 2026-07-17 20:05:57.782  1730  2351 I C01d02/accessibility_asacfwk: [(NotifyStateChanged:705)]observers size is 0
CST 2026-07-17 20:05:57.782  3857  4334 I C01d02/accessibility_asacfwk: [(NotifyStateChanged:705)]observers size is 1
CST 2026-07-17 20:05:57.782  2359  2362 I C01d02/accessibility_asacfwk: [(NotifyStateChanged:705)]observers size is 1
CST 2026-07-17 20:05:57.782  2205  2433 I C01d02/accessibility_asacfwk: [(NotifyStateChanged:705)]observers size is 1
CST 2026-07-17 20:05:57.782  3857  4334 I C01d02/accessibility_asacfwk: [(NotifyStateChanged:705)]observers size is 1
CST 2026-07-17 20:05:57.782  2205  2205 I C01d02/accessibility_asacfwk: [(DeregisterElementOperator:467)]Deregister windowId[1] start
CST 2026-07-17 20:05:57.782  3857  3857 I C01d02/accessibility_asacfwk: [(DeregisterElementOperator:467)]Deregister windowId[31] start
CST 2026-07-17 20:05:57.782  2205  2205 I C0392a/AceUiExtensionComponent: [(-2:100000:singleton)] [@1879][ID: 1] deregister accessibility child tree
CST 2026-07-17 20:05:57.782  2359  2359 I C01d02/accessibility_asacfwk: [(DeregisterElementOperator:486)]Deregister windowId[1] treeId[7] start
CST 2026-07-17 20:05:57.788   469  1523 E C01707/CONCUR: [Interface] task 1523 apply qos failed, errno = 4
CST 2026-07-17 20:05:57.788   469  1523 E C01611/QosManager: QosManager: Failed to set thread QoS to QOS_USER_INTERACTIVE, ret: -1
CST 2026-07-17 20:05:57.788   469  1523 I C01651/DataShareServiceStub: OnRemoteRequest: code:21, callingPid:202
CST 2026-07-17 20:05:57.789   469  1523 I C01631/GaussPD:  [0] [ADAPTER] [140314509798144] Not support binlog_default.writeLock file enable del monitor sysno = 25
CST 2026-07-17 20:05:57.789   469  1523 I C01631/GaussPD:  [0] [ADAPTER] [140314509798144] Not support binlog_default.writeLock file enable del monitor sysno = 25
CST 2026-07-17 20:05:57.789   469  1523 I C01631/GaussPD:  [0] [ADAPTER] [140314509798144] Not support binlog_default.writeLock file enable del monitor sysno = 25
CST 2026-07-17 20:05:57.789   469  1523 I C01631/GaussPD:  [0] [ADAPTER] [140314509798144] Not support binlog_default.writeLock file enable del monitor sysno = 25
CST 2026-07-17 20:05:57.789   469  1523 I C01631/GaussPD:  [0] [ADAPTER] [140314509798144] Not support binlog_default.writeIndex file enable del monitor sysno = 25
CST 2026-07-17 20:05:57.789   469  1523 I C01631/GaussPD:  [0] [ADAPTER] [140314509798144] Not support binlog_default.writeIndex file enable del monitor sysno = 25
CST 2026-07-17 20:05:57.790   469  1523 I C01651/DataShareServiceStub: OnUpdateEx: Update uri:******lity_state, e:0, s:1
CST 2026-07-17 20:05:57.795   469  1523 E C01707/CONCUR: [Interface] task 1523 apply qos failed, errno = 4
CST 2026-07-17 20:05:57.795   469  1523 E C01611/QosManager: QosManager: Failed to set thread QoS to QOS_USER_INTERACTIVE, ret: -1
CST 2026-07-17 20:05:57.795   469  1523 I C01651/DataShareServiceStub: OnRemoteRequest: code:14, callingPid:202
CST 2026-07-17 20:05:57.796   202  2337 I C01d00/accessibility: [(Unregister:76)]unregister shortcut key, last subscribeId is 13
CST 2026-07-17 20:05:57.796   202  2337 I C02800/InputManagerImpl: [][UnsubscribeKeyEvent:404] enter
CST 2026-07-17 20:05:57.796   202  2337 I C02800/KeyEventInputSubscribeManager: [][UnsubscribeKeyEvent:202] enter
CST 2026-07-17 20:05:57.796   251   975 I C02800/MMIService: [][UnsubscribeKeyEvent:2540] enter
CST 2026-07-17 20:05:57.796   251   505 I C02802/KeySubscriberHandler: [|172]SubscribeId:13, pid:202
CST 2026-07-17 20:05:57.796   251   505 I C02800/KeySubscriberHandler: [][RemoveKeyGestureSubscriber:243] enter
CST 2026-07-17 20:05:57.796   251   505 I C02802/KeySubscriberHandler: [|253]Removing handler(18) of key gesture
CST 2026-07-17 20:05:57.796   251   505 I C02802/KeyGestureManager: [|107]Handler(18) of key gesture was removed
CST 2026-07-17 20:05:57.796   251   505 I C02800/KeySubscriberHandler: [][RemoveKeyGestureSubscriber] leave
CST 2026-07-17 20:05:57.796   251   975 I C02800/MMIService: [][UnsubscribeKeyEvent] leave
CST 2026-07-17 20:05:57.796   202  2337 I C02800/KeyEventInputSubscribeManager: [][UnsubscribeKeyEvent] leave
CST 2026-07-17 20:05:57.796   202  2337 I C02800/InputManagerImpl: [][UnsubscribeKeyEvent] leave
CST 2026-07-17 20:05:57.796   202  2337 I C01d00/accessibility: [(Register:57)]
CST 2026-07-17 20:05:57.796   202  2337 I C02800/InputManagerImpl: [][SubscribeKeyEvent:385] enter
CST 2026-07-17 20:05:57.796   251   505 I C02800/KeyGestureManager: [][ShouldIntercept:461] enter
CST 2026-07-17 20:05:57.796   251   505 I C02800/KeyGestureManager: [][ShouldIntercept] leave
CST 2026-07-17 20:05:57.796   251   505 I C02800/KeySubscriberHandler: [][AddKeyGestureSubscriber:218] enter
CST 2026-07-17 20:05:57.796   251   505 I C02802/KeySubscriberHandler: [|229]Handler(19) of key gesture was added
CST 2026-07-17 20:05:57.796   251   505 I C02800/KeySubscriberHandler: [][AddKeyGestureSubscriber] leave
CST 2026-07-17 20:05:57.796   202  2337 I C02800/InputManagerImpl: [][SubscribeKeyEvent] leave
CST 2026-07-17 20:05:57.797   202  2337 I C01d00/accessibility: [(operator():1340)]Deregister windowId[1]
CST 2026-07-17 20:05:57.797   202  2337 I C01d00/accessibility: [(StopCallbackWait:4196)]StopCallbackWait start windowId: 1
CST 2026-07-17 20:05:57.797   202  2337 I C01d00/accessibility: [(RemoveAccessibilityWindowConnection:333)]windowId(1)
CST 2026-07-17 20:05:57.797   202  2337 I C01d00/accessibility: [(ClearSceneBoard:1354)]
CST 2026-07-17 20:05:57.797   202  2337 I C01d00/accessibility: [(operator():1340)]Deregister windowId[31]
CST 2026-07-17 20:05:57.797   202  2337 I C01d00/accessibility: [(StopCallbackWait:4196)]StopCallbackWait start windowId: 31
CST 2026-07-17 20:05:57.797   202  2337 I C01d00/accessibility: [(RemoveAccessibilityWindowConnection:333)]windowId(31)
CST 2026-07-17 20:05:57.797   202  2337 I C01d00/accessibility: [(operator():1386)]Deregister windowId[1], treeId[7] start
CST 2026-07-17 20:05:57.797   202  2337 W C01d00/accessibility: [(operator():1395)]The operation of windowId[1] has not been registered.
CST 2026-07-17 20:05:57.933  4406  4406 W C02c02/PARAM: Selinux check name persist.init.debug.loglevel in u:object_r:startup_init_param:s0 [4406 2000 2000] failed
CST 2026-07-17 20:05:57.933  4406  4406 W C02c02/PARAM: Selinux check name persist.init.debug.loglevel in u:object_r:startup_init_param:s0 [4406 2000 2000] failed
CST 2026-07-17 20:05:57.933  4406  4406 W C02c02/PARAM: SystemReadParam failed!name is:persist.init.debug.loglevel,err:1002
CST 2026-07-17 20:05:57.940  4406  4406 W C02c02/PARAM: Selinux check name persist.init.debug.loglevel in u:object_r:startup_init_param:s0 [4406 2000 2000] failed
CST 2026-07-17 20:05:57.940  4406  4406 W C02c02/PARAM: Selinux check name persist.init.debug.loglevel in u:object_r:startup_init_param:s0 [4406 2000 2000] failed
CST 2026-07-17 20:05:57.940  4406  4406 W C02c02/PARAM: SystemReadParam failed!name is:persist.init.debug.loglevel,err:1002
CST 2026-07-17 20:05:57.960   142   840 I C01800/SAMGR: NF SA:65962,830_190
CST 2026-07-17 20:05:58.007  4409  4409 W C02c02/PARAM: Selinux check name persist.init.debug.loglevel in u:object_r:startup_init_param:s0 [4409 2000 2000] failed
CST 2026-07-17 20:05:58.007  4409  4409 W C02c02/PARAM: Selinux check name persist.init.debug.loglevel in u:object_r:startup_init_param:s0 [4409 2000 2000] failed
CST 2026-07-17 20:05:58.007  4409  4409 W C02c02/PARAM: SystemReadParam failed!name is:persist.init.debug.loglevel,err:1002
CST 2026-07-17 20:05:58.025  2715  3226 E C02e00/UPDATE_SA: [hap_connection.cpp(50)]GetHapRemoteObject, remoteObj is nullptr, bundle com.huawei.hmos.ouc
CST 2026-07-17 20:05:58.025  2715  3226 I C01352/ExtMgr: [extension_manager_client.cpp134]name:com.huawei.hmos.ouc ServiceExtAbility, userId:-1.
CST 2026-07-17 20:05:58.026   728   979 I C01342/ServiceExt: [ABMS5529]element: com.huawei.hmos.ouc/ServiceExtAbility
CST 2026-07-17 20:05:58.026   728   979 W C01123/BMSCommon: bundle not exist -n com.huawei.hmos.ouc -u 100 -i 0 -f 0
CST 2026-07-17 20:05:58.026   728   979 W C01336/AMS: [start_ability_utils.cpp76]failed: com.huawei.hmos.ouc
CST 2026-07-17 20:05:58.026   728   979 W C01336/AMS: [crowd_test_interceptor.cpp54]GetAppInfo failed
CST 2026-07-17 20:05:58.026   728   979 W C01120/BMS: app_control_manager.cpp:GetAppRunningControlRule:397 getAppId failed,-n:com.huawei.hmos.ouc
CST 2026-07-17 20:05:58.026   728   979 W C01123/BMSCommon: uid(6666) invalid
CST 2026-07-17 20:05:58.026   728   979 I C01336/AMS: [start_ability_utils.cpp54]appIndex:-1
CST 2026-07-17 20:05:58.027   728   979 W C01123/BMSCommon: bundle not exist -n com.huawei.hmos.ouc -u 100 -i 0 -f 1062
CST 2026-07-17 20:05:58.027   728   979 I C01121/BMSQuery: ExplicitQueryAbility no match -n com.huawei.hmos.ouc -a ServiceExtAbility -u 100 -i 0
CST 2026-07-17 20:05:58.027   728   979 W C01120/BMS: query abilitys_ext code 8521480
CST 2026-07-17 20:05:58.027   728   979 W C01123/BMSCommon: bundle not exist -n com.huawei.hmos.ouc -u 100 -i 0 -f 1062
CST 2026-07-17 20:05:58.027   728   979 W C01121/BMSQuery: bundle_data_mgr.cpp:ExplicitQueryExtensionInfo:7239 ExplicitQueryExtensionInfo failed
CST 2026-07-17 20:05:58.027   728   979 I C01121/BMSQuery: ExplicitQueryExtension size:0 -n com.huawei.hmos.ouc -e ServiceExtAbility -u 100 -i 0
CST 2026-07-17 20:05:58.027   728   979 W C01121/BMSQuery: bundle_data_mgr.cpp:GetCloneAppIndexes:2463 no bundleName com.huawei.hmos.ouc found
CST 2026-07-17 20:05:58.027   728   979 W C01121/BMSQuery: bundle_mgr_host_impl.cpp:QueryExtensionAbilityInfos:3425 no valid extension info can be inquired
CST 2026-07-17 20:05:58.027   728   979 E C01336/AMS: [start_ability_utils.cpp290]extensionInfo empty
CST 2026-07-17 20:05:58.027   728   979 E C01342/ServiceExt: [ABMS5868]generate request error
CST 2026-07-17 20:05:58.027  2715  3226 E C02e00/UPDATE_SA: [hap_connection.cpp(82)]HapConnection call interface failed, ret 2097152
CST 2026-07-17 20:05:58.027  2715  3226 E C02e00/UPDATE_SA: [ouc_hap_connection.cpp(72)]SendRemoteRequest, can not connect to ouc
CST 2026-07-17 20:05:58.027  2715  3226 E C02e00/UPDATE_SA: [ouc_hap_connection.cpp(279)]SendMessage request failed, code: 5
CST 2026-07-17 20:05:58.092  4412  4412 W C02c02/PARAM: Selinux check name persist.init.debug.loglevel in u:object_r:startup_init_param:s0 [4412 2000 2000] failed
CST 2026-07-17 20:05:58.092  4412  4412 W C02c02/PARAM: Selinux check name persist.init.debug.loglevel in u:object_r:startup_init_param:s0 [4412 2000 2000] failed
CST 2026-07-17 20:05:58.092  4412  4412 W C02c02/PARAM: SystemReadParam failed!name is:persist.init.debug.loglevel,err:1002
CST 2026-07-17 20:05:58.099  4412  4412 W C02c02/PARAM: Selinux check name persist.init.debug.loglevel in u:object_r:startup_init_param:s0 [4412 2000 2000] failed
CST 2026-07-17 20:05:58.099  4412  4412 W C02c02/PARAM: Selinux check name persist.init.debug.loglevel in u:object_r:startup_init_param:s0 [4412 2000 2000] failed
CST 2026-07-17 20:05:58.099  4412  4412 W C02c02/PARAM: SystemReadParam failed!name is:persist.init.debug.loglevel,err:1002
CST 2026-07-17 20:05:58.143  4409  4409 W C02c02/PARAM: Selinux check name debug.dfx.tags.enableleak in u:object_r:debug_param:s0 [4409 2000 2000] failed
CST 2026-07-17 20:05:58.143  4409  4409 W C02c02/PARAM: SystemReadParam failed!name is:debug.dfx.tags.enableleak,err:1002
CST 2026-07-17 20:05:58.151  4409  4409 W C02c02/PARAM: Selinux check name persist.graphic.profiler.enabled in u:object_r:debug_param:s0 [4409 2000 2000] failed
CST 2026-07-17 20:05:58.151  4409  4409 E C02c02/PARAM: Forbid to read parameter persist.graphic.profiler.enabled
CST 2026-07-17 20:05:58.151  4409  4409 E C02c02/PARAM: Forbid to access parameter persist.graphic.profiler.enabled
CST 2026-07-17 20:05:58.151  4409  4409 W C02c02/PARAM: Selinux check name persist.graphic.profiler.betarecording in u:object_r:debug_param:s0 [4409 2000 2000] failed
CST 2026-07-17 20:05:58.151  4409  4409 E C02c02/PARAM: Forbid to read parameter persist.graphic.profiler.betarecording
CST 2026-07-17 20:05:58.151  4409  4409 E C02c02/PARAM: Forbid to access parameter persist.graphic.profiler.betarecording
CST 2026-07-17 20:05:58.153  4409  4409 I C03100/UiTestKit_Server: [system_ui_controller.cpp:(SetItemByType)] Add touchItem, finger:0, pressed:1, location:369, 1721
CST 2026-07-17 20:05:58.153  4409  4414 W C057c1/IPCWorkThread: ThreadHandler: proto:0 policy:1 name:OS_IPC_0_4414 invoker:3652448
CST 2026-07-17 20:05:58.153  4409  4415 W C057c1/IPCWorkThread: ThreadHandler: proto:0 policy:0 name:OS_IPC_1_4415 invoker:3653024
CST 2026-07-17 20:05:58.154  4409  4409 W C04201/DMS: RegisterClientDeathListener: regis reverse death
CST 2026-07-17 20:05:58.154  4409  4409 I C04201/DMS: RegisterClientDeathListener: ENTER
CST 2026-07-17 20:05:58.154   728   979 E C04200/WMS: UpdateBundleInfo: Failed
CST 2026-07-17 20:05:58.154   728   979 W C04201/DMS: screen_session.cpp: call BMS
CST 2026-07-17 20:05:58.154   728   979 I C04201/DMS: screen_session.cpp: pid:0, bundle:, api:0
CST 2026-07-17 20:05:58.154  4409  4409 I C02800/InputManagerImpl: [|1254]Pointer event action:2
CST 2026-07-17 20:05:58.154  4409  4409 I C02802/MultimodalEventHandler: [|252]PI:10000, IP:1, P:0.00, MF:-1, WI:-1, OPI:0, SI:true, A:0
CST 2026-07-17 20:05:58.161  4409  4409 E C057c6/BinderInvoker: GetDetailedErrorInfo: HMB_GET_DETAILED_ERROR failed, error:-22
CST 2026-07-17 20:05:58.161  4409  4409 E C057c2/IPCObjectProxy: PrintErrorDetailedInfo: failed, handle:2 error:29201 desc:*.IMultimodalInputConnect proxy:2821424 time:136723047986
CST 2026-07-17 20:05:58.161  4409  4409 E C02801/MultimodalInputConnect: Send request failed! result = 29201
CST 2026-07-17 20:05:58.161   142   840 I C01800/SAMGR: NF SA:65962,830_191
CST 2026-07-17 20:05:58.161   251   505 I C02805/InputKeyFlow: [P:D:210|6036]PA:down,Pid:3857,TWI:31,FWI:31,EID:210,flags:0,DID:0AWI:31,zOrder:102.000000
CST 2026-07-17 20:05:58.161   251   505 I C02802/InputActiveSubscriberHandler: [P:D:210|317]0|10000|643
CST 2026-07-17 20:05:58.162   251   505 I C02805/InputKeyFlow: [P:D:210|621]SendMsg:3857
CST 2026-07-17 20:05:58.162  3857  3857 I C02805/InputKeyFlow: [P:D:210|247]ac: down: 210
CST 2026-07-17 20:05:58.162  3857  3857 I C02805/InputKeyFlow: [P:D:210|649]recv
CST 2026-07-17 20:05:58.162  3857  3857 I C04213/InputKeyFlow: HandleInputEvent: eid:0,InputId:210,wid:31,ac:2
CST 2026-07-17 20:05:58.163  3857  3857 I C03951/InputKeyFlow: [(100000:100000:scope)] ITK Id:210, fId:10000, T:0, I=0, M=0
CST 2026-07-17 20:05:58.163  3857  3857 I C03951/InputKeyFlow: [(100000:100000:scope)] ITK Id:210, TTHNI:fId: 10000{ T: Button, D: 7 };
CST 2026-07-17 20:05:58.163  3857  3857 I C03951/InputKeyFlow: [(100000:100000:scope)] ITK Id:210, TTHRTI: T ClickRecognizer info: { T: Button };
CST 2026-07-17 20:05:58.163  2205  2205 I A04215/WMSHierarchy: request top id: 31, 5
CST 2026-07-17 20:05:58.163  2205  2205 I A04215/WMSHierarchy: onRaiseSceneToTop with persistentId:31
CST 2026-07-17 20:05:58.163  3857  3857 I C03945/AceStateStyle: [(100000:100000:scope)] Handle TouchDown event node: Button
CST 2026-07-17 20:05:58.163  2205  2205 I A04200/WINDOW: SCBSPVM: getSceneContainerSessionWithPersistentId from containerSessionList id: 31
CST 2026-07-17 20:05:58.164  2205  2205 I A04200/WINDOW: SCBSPM: Remove container id: 2, 31
CST 2026-07-17 20:05:58.164  2205  2205 I A01b09/RECENT: RecentDockRefreshAlarm: start alarm recent dock: EntryAbility/cn.alfadb.netbird.e3vpnb/entry/0(persistentId: 31)(containerId: 2)
CST 2026-07-17 20:05:58.164   145   148 E C02c03/PARAM_WATCHER: [watcher_manager.cpp:163]app not have permission watch param:persist.rosen.animationtrace.enabled uid:20020063 pid:3857
CST 2026-07-17 20:05:58.164  3857  3857 E C02c03/PARAM_WATCHER: Read result failed, code is: 1.
CST 2026-07-17 20:05:58.164  3857  3857 E C02c03/PARAM_WATCHER: Failed to add watcher for persist.rosen.animationtrace.enabled
CST 2026-07-17 20:05:58.164  3857  3857 I C02c03/PARAM_WATCHER: [watcher_manager_kits.cpp:276]ParamWatcher destructor start
CST 2026-07-17 20:05:58.164  3857  3857 E C02c03/PARAM_WATCHER: SystemWatchParameter is failed!keyPrefix is:persist.rosen.animationtrace.enabled,errNum is:-1
CST 2026-07-17 20:05:58.164  3857  3857 E C02c0b/BEGET: [service_watcher.c:85]WatchParameter failed! the errNum is -1
CST 2026-07-17 20:05:58.164   145   148 I C02c03/PARAM_WATCHER: SendLocalChange start keyPrefix sys.graphic.openTestModeTrace remoteWatcherId 59
CST 2026-07-17 20:05:58.164   145   148 I C02c03/PARAM_WATCHER: [watcher_manager.cpp:187]Add watcher sys.graphic.openTestModeTrace remoteWatcherId: 59 groupId 83 success
CST 2026-07-17 20:05:58.164  3857  3857 I C02c03/PARAM_WATCHER: Add watcher keyPrefix sys.graphic.openTestModeTrace remoteWatcherId 59 success
CST 2026-07-17 20:05:58.165  3857  3857 I C03919/AceInputTracking: [(100000:100000:scope)] Consumed id:210, last id:-1
CST 2026-07-17 20:05:58.165  3857  3857 I C04213/InputKeyFlow: ConsumePointerEventInner: InputId:210,wid:31,pointId:10000,srcType:2,rect:[0,0,1320,2856],notify:1
CST 2026-07-17 20:05:58.171   727   727 E C01406/RSScreenManager: IsAllScreensPowerOff: screenPowerStatus_ is empty.
CST 2026-07-17 20:05:58.173   727   891 I C01406/skia: RSSurfaceRenderNodeDrawable::OnDraw name:com.ohos.sceneboardEngineServiceAbility, the number of total processedNodes: 9
CST 2026-07-17 20:05:58.188   727   727 E C01406/RSScreenManager: IsAllScreensPowerOff: screenPowerStatus_ is empty.
CST 2026-07-17 20:05:58.241   727   891 E C02515/DGLES: [d_eglSwapBuffers_special@egl_gpu.cpp:729] thread output size 53266 speed 30k/s API_num 568
CST 2026-07-17 20:05:58.242   611   930 W C02515/DISP: [SetLayerMaskInfo:495] <private> is not supported
CST 2026-07-17 20:05:58.242   611   930 I C02515/DISP: [CommitComposeLayer:67] CommitComposeLayer! 10
CST 2026-07-17 20:05:58.242   727   727 E C01406/RSScreenManager: IsAllScreensPowerOff: screenPowerStatus_ is empty.
CST 2026-07-17 20:05:58.254   940   983 I C01810/SAFWK: GetSaLastRequestTime SA:511 last request time 58578
CST 2026-07-17 20:05:58.262  4409  4409 I C03100/UiTestKit_Server: [system_ui_controller.cpp:(SetItemByType)] Add touchItem, finger:0, pressed:0, location:369, 1721
CST 2026-07-17 20:05:58.262  4409  4409 I C02800/InputManagerImpl: [|1254]Pointer event action:4
CST 2026-07-17 20:05:58.262  4409  4409 I C02802/MultimodalEventHandler: [|252]PI:10000, IP:0, P:0.00, MF:-1, WI:-1, OPI:0, SI:true, A:0
CST 2026-07-17 20:05:58.262   251   505 I C02805/InputKeyFlow: [P:U:211|6036]PA:up,Pid:3857,TWI:31,FWI:31,EID:211,flags:0,DID:0AWI:31,zOrder:102.000000
CST 2026-07-17 20:05:58.263   251   505 I C02805/InputKeyFlow: [P:U:211|621]SendMsg:3857
CST 2026-07-17 20:05:58.264  3857  3857 I C02805/InputKeyFlow: [P:U:211|247]ac: up: 211
CST 2026-07-17 20:05:58.264  3857  3857 I C02805/InputKeyFlow: [P:U:211|649]recv
CST 2026-07-17 20:05:58.264  3857  3857 I C04213/InputKeyFlow: HandleInputEvent: eid:1,InputId:211,wid:31,ac:4
CST 2026-07-17 20:05:58.265  2205  2205 I A01b09/RECENT: RecentDockRefreshAlarm: refresh recent dock: EntryAbility/cn.alfadb.netbird.e3vpnb/entry/0(persistentId: 31)(containerId: 2)
CST 2026-07-17 20:05:58.265  3857  3857 I C03951/InputKeyFlow: [(100000:100000:scope)] ITK Id:211, fId:10000, T:1, I=0, M=0
CST 2026-07-17 20:05:58.265  3857  3857 I C03934/AceUIEvent: [(100000:100000:scope)] TpFlush end by up event
CST 2026-07-17 20:05:58.265  4418  4418 W C02c02/PARAM: Selinux check name persist.init.debug.loglevel in u:object_r:startup_init_param:s0 [4418 2000 2000] failed
CST 2026-07-17 20:05:58.265  3857  3857 I C03945/AceStateStyle: [(100000:100000:scope)] Handle TouchUp or Cancel event node: Button
CST 2026-07-17 20:05:58.265   163  1096 I C02d66/XPERF_SERVICE: [NotifyToXperf]: XperfServiceServer_NotifyToXperf domainId:6 eventId:0 msg:#TYPE:LAST_UP#TIME:1784289958264#BUNDLE_NAME:cn.alfadb.netbird.e3vpnb#PID:3857
CST 2026-07-17 20:05:58.265  4418  4418 W C02c02/PARAM: Selinux check name persist.init.debug.loglevel in u:object_r:startup_init_param:s0 [4418 2000 2000] failed
CST 2026-07-17 20:05:58.265  4418  4418 W C02c02/PARAM: SystemReadParam failed!name is:persist.init.debug.loglevel,err:1002
CST 2026-07-17 20:05:58.265  3857  3857 I C0391e/AceGesture: [(100000:100000:scope)] Click try accept Button
CST 2026-07-17 20:05:58.265  3857  3857 I C03951/InputKeyFlow: [(100000:100000:scope)] CLK RACC, T: Button
CST 2026-07-17 20:05:58.266   309   372 E C01704/TagSched: [a92ab11aa640f75] [OpenQosCtrl]Failed to open qos_ctrl device
CST 2026-07-17 20:05:58.266   309   372 E C01704/TagSched: [a92ab11aa640f75] [IsQosHandleOpen]get qosSetHandle_ fail
CST 2026-07-17 20:05:58.266   309   372 E C01704/TagSched: [a92ab11aa640f75] [SetUclamp]qosSetHandle open fail
CST 2026-07-17 20:05:58.266   728   979 I C057c2/IPCObjectProxy: hd:786 ct:1 D:
CST 2026-07-17 20:05:58.266  3857  3857 I A02900/E3VpnGate: UI_START|bundle=cn.alfadb.netbird.e3vpnb|requestId=cn.alfadb.netbird.e3vpnb-1784289958266-1
CST 2026-07-17 20:05:58.267   142   840 I C01800/SAMGR: SubscribeSA:3702,3857_20_3
CST 2026-07-17 20:05:58.267   142   840 I C01800/SAMGR: NotifyAddSA:3702,3857_3
CST 2026-07-17 20:05:58.267  3857  4334 W C01c41/TimeClient: OnAddSystemAbility# recoverTimer count:0
CST 2026-07-17 20:05:58.267  3857  3857 I C015b0/NETMANAGER_EXT: CacheCurrentWant: cached want from cn.alfadb.netbird.e3vpnb
CST 2026-07-17 20:05:58.267   142   840 I C01800/SAMGR: SubscribeSA:1155,3857_5_4
CST 2026-07-17 20:05:58.267   142   840 I C01800/SAMGR: NotifyAddSA:1155,3857_4
CST 2026-07-17 20:05:58.269   728   979 I C01120/BMS: icon rdb get resource icon start -n cn.alfadb.netbird.e3vpnb -i 0 -f 1
CST 2026-07-17 20:05:58.269   728   979 W C01650/RdbStoreManager: IsConfigInvalidChanged:no bundleName
CST 2026-07-17 20:05:58.269   728   979 E C01650/SilentProxy: IsSupportSilentFromService:GetRdbService failed, err is 27394049.
CST 2026-07-17 20:05:58.269   728   979 E C01650/StepResultSet: GoToRow:position[0] rowCount[0] rowPos_[-1]!
CST 2026-07-17 20:05:58.269   311   992 I C015b0/NetworkVpnManager: GetAppNameByUid bundleResourceInfo.label E3 VPN Gate
CST 2026-07-17 20:05:58.270   728   979 I C01120/BMS: icon rdb get resource icon start -n cn.alfadb.netbird.e3vpnb -i 0 -f 1
CST 2026-07-17 20:05:58.270   728   979 E C01650/StepResultSet: GoToRow:position[0] rowCount[0] rowPos_[-1]!
CST 2026-07-17 20:05:58.270   311   992 I C015b0/NetworkVpnManager: GetAppNameByUid bundleResourceInfo.label E3 VPN Gate
CST 2026-07-17 20:05:58.270  3857  3857 I C015b0/NETMANAGER_EXT: StartVpnExtensionAbility SelfAppName = E3 VPN Gate 0
CST 2026-07-17 20:05:58.271   142   840 I C01800/SAMGR: SubscribeSA:1301,3857_62_5
CST 2026-07-17 20:05:58.271   142   840 I C01800/SAMGR: NotifyAddSA:1301,3857_5
CST 2026-07-17 20:05:58.273  4420  4420 W C02c02/PARAM: Selinux check name persist.init.debug.loglevel in u:object_r:startup_init_param:s0 [4420 2000 2000] failed
CST 2026-07-17 20:05:58.273  4420  4420 W C02c02/PARAM: Selinux check name persist.init.debug.loglevel in u:object_r:startup_init_param:s0 [4420 2000 2000] failed
CST 2026-07-17 20:05:58.274  4420  4420 W C02c02/PARAM: SystemReadParam failed!name is:persist.init.debug.loglevel,err:1002
CST 2026-07-17 20:05:58.274  4422  4422 W C02c02/PARAM: Selinux check name persist.init.debug.loglevel in u:object_r:startup_init_param:s0 [4422 2000 2000] failed
CST 2026-07-17 20:05:58.274  4422  4422 W C02c02/PARAM: Selinux check name persist.init.debug.loglevel in u:object_r:startup_init_param:s0 [4422 2000 2000] failed
CST 2026-07-17 20:05:58.274  4422  4422 W C02c02/PARAM: SystemReadParam failed!name is:persist.init.debug.loglevel,err:1002
CST 2026-07-17 20:05:58.276  4421  4421 W C02c02/PARAM: Selinux check name persist.init.debug.loglevel in u:object_r:startup_init_param:s0 [4421 2000 2000] failed
CST 2026-07-17 20:05:58.276  4421  4421 W C02c02/PARAM: Selinux check name persist.init.debug.loglevel in u:object_r:startup_init_param:s0 [4421 2000 2000] failed
CST 2026-07-17 20:05:58.276  4421  4421 W C02c02/PARAM: SystemReadParam failed!name is:persist.init.debug.loglevel,err:1002
CST 2026-07-17 20:05:58.279   469  1523 E C01707/CONCUR: [Interface] task 1523 apply qos failed, errno = 4
CST 2026-07-17 20:05:58.279   469  1523 E C01611/QosManager: QosManager: Failed to set thread QoS to QOS_USER_INTERACTIVE, ret: -1
CST 2026-07-17 20:05:58.284  4426  4426 W C02c02/PARAM: Selinux check name persist.init.debug.loglevel in u:object_r:startup_init_param:s0 [4426 2000 2000] failed
CST 2026-07-17 20:05:58.284  4426  4426 W C02c02/PARAM: Selinux check name persist.init.debug.loglevel in u:object_r:startup_init_param:s0 [4426 2000 2000] failed
CST 2026-07-17 20:05:58.284  4426  4426 W C02c02/PARAM: SystemReadParam failed!name is:persist.init.debug.loglevel,err:1002
CST 2026-07-17 20:05:58.285  4425  4425 W C02c02/PARAM: Selinux check name persist.init.debug.loglevel in u:object_r:startup_init_param:s0 [4425 2000 2000] failed
CST 2026-07-17 20:05:58.285  4425  4425 W C02c02/PARAM: Selinux check name persist.init.debug.loglevel in u:object_r:startup_init_param:s0 [4425 2000 2000] failed
CST 2026-07-17 20:05:58.285  4425  4425 W C02c02/PARAM: SystemReadParam failed!name is:persist.init.debug.loglevel,err:1002
CST 2026-07-17 20:05:58.285   469  1523 E C01707/CONCUR: [Interface] task 1523 apply qos failed, errno = 4
CST 2026-07-17 20:05:58.285   469  1523 E C01611/QosManager: QosManager: Failed to set thread QoS to QOS_USER_INTERACTIVE, ret: -1
CST 2026-07-17 20:05:58.292   469  1523 E C01707/CONCUR: [Interface] task 1523 apply qos failed, errno = 4
CST 2026-07-17 20:05:58.292   469  1523 E C01611/QosManager: QosManager: Failed to set thread QoS to QOS_USER_INTERACTIVE, ret: -1
CST 2026-07-17 20:05:58.292   469  1523 I C01610/KvStoreDataService: operator(): bundle:cn.alfadb.netbird.e3vpnb, feature:data_share, uid:20020063, pid:3857, emplace:success.
CST 2026-07-17 20:05:58.292  3857  3857 E C01651/data_share_manager_impl: RegisterClientDeathObserver: RegisterClientDeathObserver failed, bundleName is cn.alfadb.netbird.e3vpnb
CST 2026-07-17 20:05:58.292  3857  3857 E C01651/data_share_manager_impl: GetDataShareServiceProxy: RegisterClientDeathObserver failed
CST 2026-07-17 20:05:58.292  3857  4334 I C01651/data_share_manager_impl: operator(): RecoverObs start
CST 2026-07-17 20:05:58.296   469  1523 E C01707/CONCUR: [Interface] task 1523 apply qos failed, errno = 4
CST 2026-07-17 20:05:58.296   469  1523 E C01611/QosManager: QosManager: Failed to set thread QoS to QOS_USER_INTERACTIVE, ret: -1
CST 2026-07-17 20:05:58.299   469  1029 E C01707/CONCUR: [Interface] task 1029 apply qos failed, errno = 4
CST 2026-07-17 20:05:58.299   469  1029 E C01611/QosManager: QosManager: Failed to set thread QoS to QOS_USER_INTERACTIVE, ret: -1
CST 2026-07-17 20:05:58.299   469  1029 I C01651/DataShareServiceStub: OnRemoteRequest: code:25, callingPid:3857
CST 2026-07-17 20:05:58.305   611   930 W C02515/DISP: [SetLayerMaskInfo:495] <private> is not supported
CST 2026-07-17 20:05:58.306   611   930 I C02515/DISP: [CommitComposeLayer:67] CommitComposeLayer! 10
CST 2026-07-17 20:05:58.306   727   727 E C01406/RSScreenManager: IsAllScreensPowerOff: screenPowerStatus_ is empty.
CST 2026-07-17 20:05:58.314   469  1523 E C01707/CONCUR: [Interface] task 1523 apply qos failed, errno = 4
CST 2026-07-17 20:05:58.314   469  1523 E C01611/QosManager: QosManager: Failed to set thread QoS to QOS_USER_INTERACTIVE, ret: -1
CST 2026-07-17 20:05:58.316  3857  3857 E C015b0/NetMgrDataShare: go to first row error
CST 2026-07-17 20:05:58.316  3857  3857 E C015b0/NETMANAGER_EXT: dataShareHelperUtils Query error, err = -1
CST 2026-07-17 20:05:58.316  3857  3857 I C01342/ServiceExt: [AMC599]name:com.huawei.hmos.vpndialog VpnServiceExtAbility, userId:-1
CST 2026-07-17 20:05:58.317   728   979 I C01342/ServiceExt: [a92ab11aa64d520, 2029569, 0] [ABMS5529]element: com.huawei.hmos.vpndialog/VpnServiceExtAbility
CST 2026-07-17 20:05:58.317   728   979 W C01123/BMSCommon: [a92ab11aa64d520, 2029569, 0] bundle not exist -n com.huawei.hmos.vpndialog -u 100 -i 0 -f 0
CST 2026-07-17 20:05:58.317   728   979 W C01336/AMS: [a92ab11aa64d520, 2029569, 0] [start_ability_utils.cpp76]failed: com.huawei.hmos.vpndialog
CST 2026-07-17 20:05:58.317   728   979 W C01336/AMS: [a92ab11aa64d520, 2029569, 0] [crowd_test_interceptor.cpp54]GetAppInfo failed
CST 2026-07-17 20:05:58.317   728   979 W C01120/BMS: [a92ab11aa64d520, 2029569, 0] app_control_manager.cpp:GetAppRunningControlRule:397 getAppId failed,-n:com.huawei.hmos.vpndialog
CST 2026-07-17 20:05:58.317   728   979 I C01336/AMS: [a92ab11aa64d520, 2029569, 0] [start_ability_utils.cpp54]appIndex:-1
CST 2026-07-17 20:05:58.317   728   979 W C01123/BMSCommon: [a92ab11aa64d520, 2029569, 0] bundle not exist -n com.huawei.hmos.vpndialog -u 100 -i 0 -f 1062
CST 2026-07-17 20:05:58.317   728   979 I C01121/BMSQuery: [a92ab11aa64d520, 2029569, 0] ExplicitQueryAbility no match -n com.huawei.hmos.vpndialog -a VpnServiceExtAbility -u 100 -i 0
CST 2026-07-17 20:05:58.317   728   979 W C01120/BMS: [a92ab11aa64d520, 2029569, 0] query abilitys_ext code 8521480
CST 2026-07-17 20:05:58.317   728   979 W C01123/BMSCommon: [a92ab11aa64d520, 2029569, 0] bundle not exist -n com.huawei.hmos.vpndialog -u 100 -i 0 -f 1062
CST 2026-07-17 20:05:58.318   728   979 W C01121/BMSQuery: [a92ab11aa64d520, 2029569, 0] bundle_data_mgr.cpp:ExplicitQueryExtensionInfo:7239 ExplicitQueryExtensionInfo failed
CST 2026-07-17 20:05:58.318   728   979 I C01121/BMSQuery: [a92ab11aa64d520, 2029569, 0] ExplicitQueryExtension size:0 -n com.huawei.hmos.vpndialog -e VpnServiceExtAbility -u 100 -i 0
CST 2026-07-17 20:05:58.318   728   979 W C01121/BMSQuery: [a92ab11aa64d520, 2029569, 0] bundle_data_mgr.cpp:GetCloneAppIndexes:2463 no bundleName com.huawei.hmos.vpndialog found
CST 2026-07-17 20:05:58.318   728   979 W C01121/BMSQuery: [a92ab11aa64d520, 2029569, 0] bundle_mgr_host_impl.cpp:QueryExtensionAbilityInfos:3425 no valid extension info can be inquired
CST 2026-07-17 20:05:58.318   728   979 E C01336/AMS: [a92ab11aa64d520, 2029569, 0] [start_ability_utils.cpp290]extensionInfo empty
CST 2026-07-17 20:05:58.318   728   979 E C01342/ServiceExt: [a92ab11aa64d520, 2029569, 0] [ABMS5868]generate request error
CST 2026-07-17 20:05:58.318  3857  3857 E C015b0/NETMANAGER_EXT: connectAbility failed 2097152
CST 2026-07-17 20:05:58.327   469  1523 E C01707/CONCUR: [Interface] task 1523 apply qos failed, errno = 4
CST 2026-07-17 20:05:58.327   469  1523 E C01611/QosManager: QosManager: Failed to set thread QoS to QOS_USER_INTERACTIVE, ret: -1
CST 2026-07-17 20:05:58.328   728   979 E C01312/DbObsMgr: [dataobs_mgr_service.cpp164]Not system app, token:82009d288
CST 2026-07-17 20:05:58.328   728   979 E C01312/DbObsMgr: [dataobs_mgr_service.cpp211]normal app calling uri:da*as*ar*:/*/c*m.*ho*.s*tt*ng*da*a/*nt*y/*et*in*sd*ta*SE*TI*GS*AT*?P*ox*=t*ue*ke*=v*ne*t_*od*,fullToken 34897253000
CST 2026-07-17 20:05:58.328  3857  3857 I C01651/general_controller_service_impl: RegisterObserver: Register silent observer ret: 2228241, uri: ******pnext_mode
CST 2026-07-17 20:05:58.329  3857  3857 I C03919/AceInputTracking: [(100000:100000:scope)] Consumed id:211, last id:-1
CST 2026-07-17 20:05:58.329  3857  3857 I C04213/InputKeyFlow: ConsumePointerEventInner: InputId:211,wid:31,pointId:10000,srcType:2,rect:[0,0,1320,2856],notify:1
CST 2026-07-17 20:05:58.330  3857  3857 W C03913/AceText: [(100000:100000:scope)] destroy TxtParagraph with placeholderCnt_ 0, textAlign_ 0, count 0
CST 2026-07-17 20:05:58.332  3857  3857 I C02d66/Hiview-PerfMonitor: ProcessJank: JankFrameMonitor::ProcessJank jank >= threshold
CST 2026-07-17 20:05:58.351   611   930 W C02515/DISP: [SetLayerMaskInfo:495] <private> is not supported
CST 2026-07-17 20:05:58.351   611   930 I C02515/DISP: [CommitComposeLayer:67] CommitComposeLayer! 10
CST 2026-07-17 20:05:58.352   727   727 E C01406/RSScreenManager: IsAllScreensPowerOff: screenPowerStatus_ is empty.
CST 2026-07-17 20:05:58.361   142   840 I C01800/SAMGR: NF SA:65962,830_192
CST 2026-07-17 20:05:58.409   611   930 W C02515/DISP: [SetLayerMaskInfo:495] <private> is not supported
CST 2026-07-17 20:05:58.410   727   727 E C01406/RSScreenManager: IsAllScreensPowerOff: screenPowerStatus_ is empty.
CST 2026-07-17 20:05:58.410   611   930 I C02515/DISP: [CommitComposeLayer:67] CommitComposeLayer! 10
CST 2026-07-17 20:05:58.452  2205  2205 W A01b06/KG: CoverViewController: cover_type register failed, retryCount: 3
CST 2026-07-17 20:05:58.516   309   387 E C01704/TagSched: [a92ab11aa640f75] [OpenQosCtrl]Failed to open qos_ctrl device
CST 2026-07-17 20:05:58.516   309   387 E C01704/TagSched: [a92ab11aa640f75] [IsQosHandleOpen]get qosSetHandle_ fail
CST 2026-07-17 20:05:58.516   309   387 E C01704/TagSched: [a92ab11aa640f75] [SetUclamp]qosSetHandle open fail
CST 2026-07-17 20:05:58.519   727   891 W C01406/OHOS::RS: RSJankStats::SetJankStats jank frames 6
CST 2026-07-17 20:05:58.519   611   930 W C02515/DISP: [SetLayerMaskInfo:495] <private> is not supported
CST 2026-07-17 20:05:58.519   611   930 I C02515/DISP: [CommitComposeLayer:67] CommitComposeLayer! 10
CST 2026-07-17 20:05:58.520   727   727 E C01406/RSScreenManager: IsAllScreensPowerOff: screenPowerStatus_ is empty.
CST 2026-07-17 20:05:58.534  4428  4428 W C02c02/PARAM: Selinux check name persist.init.debug.loglevel in u:object_r:startup_init_param:s0 [4428 2000 2000] failed
CST 2026-07-17 20:05:58.534  4428  4428 W C02c02/PARAM: Selinux check name persist.init.debug.loglevel in u:object_r:startup_init_param:s0 [4428 2000 2000] failed
CST 2026-07-17 20:05:58.534  4428  4428 W C02c02/PARAM: SystemReadParam failed!name is:persist.init.debug.loglevel,err:1002
CST 2026-07-17 20:05:58.545  4430  4430 W C02c02/PARAM: Selinux check name persist.init.debug.loglevel in u:object_r:startup_init_param:s0 [4430 2000 2000] failed
CST 2026-07-17 20:05:58.545  4430  4430 W C02c02/PARAM: Selinux check name persist.init.debug.loglevel in u:object_r:startup_init_param:s0 [4430 2000 2000] failed
CST 2026-07-17 20:05:58.545  4430  4430 W C02c02/PARAM: SystemReadParam failed!name is:persist.init.debug.loglevel,err:1002
CST 2026-07-17 20:05:58.556  4431  4431 W C02c02/PARAM: Selinux check name persist.init.debug.loglevel in u:object_r:startup_init_param:s0 [4431 2000 2000] failed
CST 2026-07-17 20:05:58.556  4431  4431 W C02c02/PARAM: Selinux check name persist.init.debug.loglevel in u:object_r:startup_init_param:s0 [4431 2000 2000] failed
CST 2026-07-17 20:05:58.556  4431  4431 W C02c02/PARAM: SystemReadParam failed!name is:persist.init.debug.loglevel,err:1002
CST 2026-07-17 20:05:58.562   142   840 I C01800/SAMGR: NF SA:65962,830_193
CST 2026-07-17 20:05:58.626  1694  1805 I C0430a/file_monitor_service: [MainMissionStatus:197]CanExit
CST 2026-07-17 20:05:58.626  1694  1805 I C0430a/file_monitor_service: [MainMissionStatus:203]SecondaryScanner idle
CST 2026-07-17 20:05:58.642  2205  2205 W A01c06/ICON: AppIconWeatherModel --> initWeatherListener, retryTimes: 4
CST 2026-07-17 20:05:58.684   727   891 W C01406/OHOS::RS: RSJankStats::SetJankStats jank frames 9
CST 2026-07-17 20:05:58.684   611   930 W C02515/DISP: [SetLayerMaskInfo:495] <private> is not supported
CST 2026-07-17 20:05:58.684   611   930 I C02515/DISP: [CommitComposeLayer:67] CommitComposeLayer! 10
CST 2026-07-17 20:05:58.692   727   727 E C01406/RSScreenManager: IsAllScreensPowerOff: screenPowerStatus_ is empty.
CST 2026-07-17 20:05:58.693   469  1523 E C01707/CONCUR: [Interface] task 1523 apply qos failed, errno = 4
CST 2026-07-17 20:05:58.693   469  1523 E C01611/QosManager: QosManager: Failed to set thread QoS to QOS_USER_INTERACTIVE, ret: -1
CST 2026-07-17 20:05:58.693   728   979 W C01123/BMSCommon: bundle not exist -n com.huawei.hmsapp.totemweather -u 100 -i 0 -f 32
CST 2026-07-17 20:05:58.693   728   979 W C01121/BMSQuery: GetBundleInfo failed -n com.huawei.hmsapp.totemweather -u 100
CST 2026-07-17 20:05:58.693   469  1523 E C01651/BundleMgrProxy: GetBundleInfoFromBMS: GetBundleInfo failed!bundleName is com.huawei.hmsapp.totemweather, userId is 100
CST 2026-07-17 20:05:58.694   469  1523 E C01651/DataProviderConfig: GetFromProxyData: Get bundleInfo failed! bundleName:com.huawei.hmsapp.totemweather, userId:100, visitedId:100, uri:******icIconInfo
CST 2026-07-17 20:05:58.694   469  1523 E C01651/DataShareServiceImpl: GetBMSAndMetaDataStatus: CalledInfo failed! token:0x20087fab,ret:1001,uri:******icIconInfo
CST 2026-07-17 20:05:58.694   469  1523 E C01651/DataShareServiceImpl: GetSilentProxyStatus: BMS or metaData not ready to complete, token:0x20087fab, uri:******icIconInfo
CST 2026-07-17 20:05:58.694  2205  2205 E A01c06/ICON: AppIconWeatherModel --> get weather info failed, code: 15700010, message: The DataShareHelper is not initialized successfully.
CST 2026-07-17 20:05:58.762   142   840 I C01800/SAMGR: NF SA:65962,830_194
CST 2026-07-17 20:05:58.767   611   930 W C02515/DISP: [SetLayerMaskInfo:495] <private> is not supported
CST 2026-07-17 20:05:58.768   611   930 I C02515/DISP: [CommitComposeLayer:67] CommitComposeLayer! 10
CST 2026-07-17 20:05:58.768   727   727 E C01406/RSScreenManager: IsAllScreensPowerOff: screenPowerStatus_ is empty.
CST 2026-07-17 20:05:58.814   164   552 E C02510/devsvc_manager_stub: StubGetService service ril_ext not found
CST 2026-07-17 20:05:58.814   163   761 E C02510/hdi_servmgr_client: get hdi service ril_ext failed, -1
CST 2026-07-17 20:05:58.814   163   761 I C02d19/CHR_SERVICE: RilRadioRadarTunnel, ConnectRilAdapterService chrRadio_ is nullptr!
CST 2026-07-17 20:05:58.815   164   552 E C02510/devsvc_manager_stub: StubGetService service hmi_service not found
CST 2026-07-17 20:05:58.815   163   761 E C02510/hdi_servmgr_client: get hdi service hmi_service failed, -1
CST 2026-07-17 20:05:58.815   163   761 E C02510/hmi_interface_proxy: Get:get remote object failed!
CST 2026-07-17 20:05:58.815   163   761 I C02d19/CHR_SERVICE: [HmiClient][chr_client]GetService: hmiInterface is nullptr.
CST 2026-07-17 20:05:58.815   163   761 I C02d19/CHR_SERVICE: [HmiClient][chr_client]TryGetServiceDelayed: retryCount=30, delayed=4000.
CST 2026-07-17 20:05:58.825   164   552 E C02510/devsvc_manager_stub: StubGetService service hmi_service not found
CST 2026-07-17 20:05:58.825   163   769 E C02510/hdi_servmgr_client: get hdi service hmi_service failed, -1
CST 2026-07-17 20:05:58.825   163   769 E C02510/hmi_interface_proxy: Get:get remote object failed!
CST 2026-07-17 20:05:58.825   163   769 I C02d19/CHR_SERVICE: [HmiClient][modem_log_client]GetService: hmiInterface is nullptr.
CST 2026-07-17 20:05:58.825   163   769 I C02d19/CHR_SERVICE: [HmiClient][modem_log_client]TryGetServiceDelayed: retryCount=30, delayed=4000.
CST 2026-07-17 20:05:58.853   611   930 W C02515/DISP: [SetLayerMaskInfo:495] <private> is not supported
CST 2026-07-17 20:05:58.853   611   930 I C02515/DISP: [CommitComposeLayer:67] CommitComposeLayer! 10
CST 2026-07-17 20:05:58.933  4434  4434 W C02c02/PARAM: Selinux check name persist.init.debug.loglevel in u:object_r:startup_init_param:s0 [4434 2000 2000] failed
CST 2026-07-17 20:05:58.933  4434  4434 W C02c02/PARAM: Selinux check name persist.init.debug.loglevel in u:object_r:startup_init_param:s0 [4434 2000 2000] failed
CST 2026-07-17 20:05:58.933  4434  4434 W C02c02/PARAM: SystemReadParam failed!name is:persist.init.debug.loglevel,err:1002
CST 2026-07-17 20:05:58.940  4434  4434 W C02c02/PARAM: Selinux check name persist.init.debug.loglevel in u:object_r:startup_init_param:s0 [4434 2000 2000] failed
CST 2026-07-17 20:05:58.940  4434  4434 W C02c02/PARAM: Selinux check name persist.init.debug.loglevel in u:object_r:startup_init_param:s0 [4434 2000 2000] failed
CST 2026-07-17 20:05:58.940  4434  4434 W C02c02/PARAM: SystemReadParam failed!name is:persist.init.debug.loglevel,err:1002
CST 2026-07-17 20:05:58.963   142   840 I C01800/SAMGR: NF SA:65962,830_195
CST 2026-07-17 20:05:58.994  2522  2522 I C02500/Qemud: Guest heartbeat success.
CST 2026-07-17 20:05:59.016   727   891 W C01406/OHOS::RS: RSJankStats::SetJankStats jank frames 9
CST 2026-07-17 20:05:59.016   611   930 W C02515/DISP: [SetLayerMaskInfo:495] <private> is not supported
CST 2026-07-17 20:05:59.016   611   930 I C02515/DISP: [CommitComposeLayer:67] CommitComposeLayer! 10
CST 2026-07-17 20:05:59.027  2715  3226 E C02e00/UPDATE_SA: [hap_connection.cpp(50)]GetHapRemoteObject, remoteObj is nullptr, bundle com.huawei.hmos.ouc
CST 2026-07-17 20:05:59.027  2715  3226 I C01352/ExtMgr: [extension_manager_client.cpp134]name:com.huawei.hmos.ouc ServiceExtAbility, userId:-1.
CST 2026-07-17 20:05:59.028   728   979 I C01342/ServiceExt: [ABMS5529]element: com.huawei.hmos.ouc/ServiceExtAbility
CST 2026-07-17 20:05:59.028   728   979 W C01123/BMSCommon: bundle not exist -n com.huawei.hmos.ouc -u 100 -i 0 -f 0
CST 2026-07-17 20:05:59.028   728   979 W C01336/AMS: [start_ability_utils.cpp76]failed: com.huawei.hmos.ouc
CST 2026-07-17 20:05:59.028   728   979 W C01336/AMS: [crowd_test_interceptor.cpp54]GetAppInfo failed
CST 2026-07-17 20:05:59.028   728   979 W C01120/BMS: app_control_manager.cpp:GetAppRunningControlRule:397 getAppId failed,-n:com.huawei.hmos.ouc
CST 2026-07-17 20:05:59.028   728   979 W C01123/BMSCommon: uid(6666) invalid
CST 2026-07-17 20:05:59.029   728   979 I C01336/AMS: [start_ability_utils.cpp54]appIndex:-1
CST 2026-07-17 20:05:59.029   728   979 W C01123/BMSCommon: bundle not exist -n com.huawei.hmos.ouc -u 100 -i 0 -f 1062
CST 2026-07-17 20:05:59.029   728   979 I C01121/BMSQuery: ExplicitQueryAbility no match -n com.huawei.hmos.ouc -a ServiceExtAbility -u 100 -i 0
CST 2026-07-17 20:05:59.029   728   979 W C01120/BMS: query abilitys_ext code 8521480
CST 2026-07-17 20:05:59.029   728   979 W C01123/BMSCommon: bundle not exist -n com.huawei.hmos.ouc -u 100 -i 0 -f 1062
CST 2026-07-17 20:05:59.029   728   979 W C01121/BMSQuery: bundle_data_mgr.cpp:ExplicitQueryExtensionInfo:7239 ExplicitQueryExtensionInfo failed
CST 2026-07-17 20:05:59.029   728   979 I C01121/BMSQuery: ExplicitQueryExtension size:0 -n com.huawei.hmos.ouc -e ServiceExtAbility -u 100 -i 0
CST 2026-07-17 20:05:59.029   728   979 W C01121/BMSQuery: bundle_data_mgr.cpp:GetCloneAppIndexes:2463 no bundleName com.huawei.hmos.ouc found
CST 2026-07-17 20:05:59.029   728   979 W C01121/BMSQuery: bundle_mgr_host_impl.cpp:QueryExtensionAbilityInfos:3425 no valid extension info can be inquired
CST 2026-07-17 20:05:59.029   728   979 E C01336/AMS: [start_ability_utils.cpp290]extensionInfo empty
CST 2026-07-17 20:05:59.029   728   979 E C01342/ServiceExt: [ABMS5868]generate request error
CST 2026-07-17 20:05:59.029  2715  3226 E C02e00/UPDATE_SA: [hap_connection.cpp(82)]HapConnection call interface failed, ret 2097152
CST 2026-07-17 20:05:59.029  2715  3226 E C02e00/UPDATE_SA: [ouc_hap_connection.cpp(72)]SendRemoteRequest, can not connect to ouc
CST 2026-07-17 20:05:59.105  4437  4437 W C02c02/PARAM: Selinux check name persist.init.debug.loglevel in u:object_r:startup_init_param:s0 [4437 2000 2000] failed
CST 2026-07-17 20:05:59.105  4437  4437 W C02c02/PARAM: Selinux check name persist.init.debug.loglevel in u:object_r:startup_init_param:s0 [4437 2000 2000] failed
CST 2026-07-17 20:05:59.105  4437  4437 W C02c02/PARAM: SystemReadParam failed!name is:persist.init.debug.loglevel,err:1002
CST 2026-07-17 20:05:59.113  4440  4440 W C02c02/PARAM: Selinux check name persist.init.debug.loglevel in u:object_r:startup_init_param:s0 [4440 2000 2000] failed
CST 2026-07-17 20:05:59.113  4440  4440 W C02c02/PARAM: Selinux check name persist.init.debug.loglevel in u:object_r:startup_init_param:s0 [4440 2000 2000] failed
CST 2026-07-17 20:05:59.113  4440  4440 W C02c02/PARAM: SystemReadParam failed!name is:persist.init.debug.loglevel,err:1002
CST 2026-07-17 20:05:59.113  4441  4441 W C02c02/PARAM: Selinux check name persist.init.debug.loglevel in u:object_r:startup_init_param:s0 [4441 2000 2000] failed
CST 2026-07-17 20:05:59.113  4441  4441 W C02c02/PARAM: Selinux check name persist.init.debug.loglevel in u:object_r:startup_init_param:s0 [4441 2000 2000] failed
CST 2026-07-17 20:05:59.113  4441  4441 W C02c02/PARAM: SystemReadParam failed!name is:persist.init.debug.loglevel,err:1002
CST 2026-07-17 20:05:59.114  4439  4439 W C02c02/PARAM: Selinux check name persist.init.debug.loglevel in u:object_r:startup_init_param:s0 [4439 2000 2000] failed
CST 2026-07-17 20:05:59.114  4439  4439 W C02c02/PARAM: Selinux check name persist.init.debug.loglevel in u:object_r:startup_init_param:s0 [4439 2000 2000] failed
CST 2026-07-17 20:05:59.114  4439  4439 W C02c02/PARAM: SystemReadParam failed!name is:persist.init.debug.loglevel,err:1002
CST 2026-07-17 20:05:59.123  4443  4443 W C02c02/PARAM: Selinux check name persist.init.debug.loglevel in u:object_r:startup_init_param:s0 [4443 2000 2000] failed
CST 2026-07-17 20:05:59.123  4443  4443 W C02c02/PARAM: Selinux check name persist.init.debug.loglevel in u:object_r:startup_init_param:s0 [4443 2000 2000] failed
CST 2026-07-17 20:05:59.123  4443  4443 W C02c02/PARAM: SystemReadParam failed!name is:persist.init.debug.loglevel,err:1002
CST 2026-07-17 20:05:59.138  4442  4442 W C02c02/PARAM: Selinux check name persist.init.debug.loglevel in u:object_r:startup_init_param:s0 [4442 2000 2000] failed
CST 2026-07-17 20:05:59.139  4442  4442 W C02c02/PARAM: Selinux check name persist.init.debug.loglevel in u:object_r:startup_init_param:s0 [4442 2000 2000] failed
CST 2026-07-17 20:05:59.139  4442  4442 W C02c02/PARAM: SystemReadParam failed!name is:persist.init.debug.loglevel,err:1002
CST 2026-07-17 20:05:59.162   251   505 I C02802/InputActiveSubscriberHandler: [|317]0|10000|643
CST 2026-07-17 20:05:59.163   142   840 I C01800/SAMGR: NF SA:65962,830_196
CST 2026-07-17 20:05:59.163   830   861 E C01810/SA_CLIENT: GetSaWrap SA:65962 not start
CST 2026-07-17 20:05:59.163   830   861 I C01409/APS_MANAGER: request system service object is not ready yet!
CST 2026-07-17 20:05:59.350  4445  4445 W C02c02/PARAM: Selinux check name persist.init.debug.loglevel in u:object_r:startup_init_param:s0 [4445 2000 2000] failed
CST 2026-07-17 20:05:59.350  4445  4445 W C02c02/PARAM: Selinux check name persist.init.debug.loglevel in u:object_r:startup_init_param:s0 [4445 2000 2000] failed
CST 2026-07-17 20:05:59.350  4445  4445 W C02c02/PARAM: SystemReadParam failed!name is:persist.init.debug.loglevel,err:1002
CST 2026-07-17 20:05:59.357  4447  4447 W C02c02/PARAM: Selinux check name persist.init.debug.loglevel in u:object_r:startup_init_param:s0 [4447 2000 2000] failed
CST 2026-07-17 20:05:59.357  4447  4447 W C02c02/PARAM: Selinux check name persist.init.debug.loglevel in u:object_r:startup_init_param:s0 [4447 2000 2000] failed
CST 2026-07-17 20:05:59.357  4447  4447 W C02c02/PARAM: SystemReadParam failed!name is:persist.init.debug.loglevel,err:1002
CST 2026-07-17 20:05:59.364  4448  4448 W C02c02/PARAM: Selinux check name persist.init.debug.loglevel in u:object_r:startup_init_param:s0 [4448 2000 2000] failed
CST 2026-07-17 20:05:59.364  4448  4448 W C02c02/PARAM: Selinux check name persist.init.debug.loglevel in u:object_r:startup_init_param:s0 [4448 2000 2000] failed
CST 2026-07-17 20:05:59.364  4448  4448 W C02c02/PARAM: SystemReadParam failed!name is:persist.init.debug.loglevel,err:1002
CST 2026-07-17 20:05:59.626  1694  1805 I C0430a/file_monitor_service: [MainMissionStatus:197]CanExit
CST 2026-07-17 20:05:59.626  1694  1805 I C0430a/file_monitor_service: [MainMissionStatus:203]SecondaryScanner idle
CST 2026-07-17 20:05:59.695  2205  2205 W A01c06/ICON: AppIconWeatherModel --> initWeatherListener, retryTimes: 4
CST 2026-07-17 20:05:59.703   469  1523 E C01707/CONCUR: [Interface] task 1523 apply qos failed, errno = 4
CST 2026-07-17 20:05:59.703   469  1523 E C01611/QosManager: QosManager: Failed to set thread QoS to QOS_USER_INTERACTIVE, ret: -1
CST 2026-07-17 20:05:59.704   728   979 W C01123/BMSCommon: bundle not exist -n com.huawei.hmsapp.totemweather -u 100 -i 0 -f 32
CST 2026-07-17 20:05:59.704   728   979 W C01121/BMSQuery: GetBundleInfo failed -n com.huawei.hmsapp.totemweather -u 100
CST 2026-07-17 20:05:59.704   469  1523 E C01651/BundleMgrProxy: GetBundleInfoFromBMS: GetBundleInfo failed!bundleName is com.huawei.hmsapp.totemweather, userId is 100
CST 2026-07-17 20:05:59.704   469  1523 E C01651/DataProviderConfig: GetFromProxyData: Get bundleInfo failed! bundleName:com.huawei.hmsapp.totemweather, userId:100, visitedId:100, uri:******icIconInfo
CST 2026-07-17 20:05:59.704   469  1523 E C01651/DataShareServiceImpl: GetBMSAndMetaDataStatus: CalledInfo failed! token:0x20087fab,ret:1001,uri:******icIconInfo
CST 2026-07-17 20:05:59.704   469  1523 E C01651/DataShareServiceImpl: GetSilentProxyStatus: BMS or metaData not ready to complete, token:0x20087fab, uri:******icIconInfo
CST 2026-07-17 20:05:59.704  2205  2205 E A01c06/ICON: AppIconWeatherModel --> get weather info failed, code: 15700010, message: The DataShareHelper is not initialized successfully.
CST 2026-07-17 20:05:59.733  4451  4451 W C02c02/PARAM: Selinux check name persist.init.debug.loglevel in u:object_r:startup_init_param:s0 [4451 2000 2000] failed
CST 2026-07-17 20:05:59.733  4451  4451 W C02c02/PARAM: Selinux check name persist.init.debug.loglevel in u:object_r:startup_init_param:s0 [4451 2000 2000] failed
CST 2026-07-17 20:05:59.733  4451  4451 W C02c02/PARAM: SystemReadParam failed!name is:persist.init.debug.loglevel,err:1002
CST 2026-07-17 20:05:59.740  4451  4451 W C02c02/PARAM: Selinux check name persist.init.debug.loglevel in u:object_r:startup_init_param:s0 [4451 2000 2000] failed
CST 2026-07-17 20:05:59.740  4451  4451 W C02c02/PARAM: Selinux check name persist.init.debug.loglevel in u:object_r:startup_init_param:s0 [4451 2000 2000] failed
CST 2026-07-17 20:05:59.740  4451  4451 W C02c02/PARAM: SystemReadParam failed!name is:persist.init.debug.loglevel,err:1002
CST 2026-07-17 20:05:59.766   309   386 E C01720/SmartGC: [a92ab11aa640f75] [ExitGCPauseSceneInner]ExitGCPauseSceneInner 136828 138328
CST 2026-07-17 20:05:59.787   643   719 I C02986/DisplayPowerBrightness: lux=[0/137621, 0/137766, 0/137912, 0/138057, 0/138203, 0/138349, ], bDelta=5.000000, dDelta=1.000000, size=63
CST 2026-07-17 20:05:59.903   163  1721 I C02d10/CpuCollector: CalculateProcessCpuStatInfos: startTime=1784289949900, endTime=1784289959903, startBootTime=128462, endBootTime=138464, period=10002, isNeedUpdate=1
CST 2026-07-17 20:05:59.903   163  1721 W C02d10/UCollectUtil-CpuCalculator: CalculateCpuLoad: invalid num of max cpu load unit
CST 2026-07-17 20:05:59.903   163  1721 W C02d10/UCollectUtil-CpuCalculator: CalculateCpuLoad: invalid num of max cpu load unit
CST 2026-07-17 20:05:59.903   163  1721 W C02d10/UCollectUtil-CpuCalculator: CalculateCpuLoad: invalid num of max cpu load unit
CST 2026-07-17 20:05:59.903   163  1721 W C02d10/UCollectUtil-CpuCalculator: CalculateCpuLoad: invalid num of max cpu load unit
CST 2026-07-17 20:05:59.903   163  1721 W C02d10/UCollectUtil-CpuCalculator: CalculateCpuLoad: invalid num of max cpu load unit
CST 2026-07-17 20:05:59.903   163  1721 W C02d10/UCollectUtil-CpuCalculator: CalculateCpuLoad: invalid num of max cpu load unit
CST 2026-07-17 20:05:59.903   588   724 W C02943/ThermalHdi: Read node failed, title = brightness
CST 2026-07-17 20:05:59.903   163  1721 W C02d10/UCollectUtil-CpuCalculator: CalculateCpuLoad: invalid num of max cpu load unit
CST 2026-07-17 20:05:59.903   163  1721 W C02d10/UCollectUtil-CpuCalculator: CalculateCpuLoad: invalid num of max cpu load unit
CST 2026-07-17 20:05:59.903   163  1721 W C02d10/UCollectUtil-CpuCalculator: CalculateCpuLoad: invalid num of max cpu load unit
CST 2026-07-17 20:05:59.903   163  1721 W C02d10/UCollectUtil-CpuCalculator: CalculateCpuLoad: invalid num of max cpu load unit
CST 2026-07-17 20:05:59.903   163  1721 W C02d10/UCollectUtil-CpuCalculator: CalculateCpuLoad: invalid num of max cpu load unit
CST 2026-07-17 20:05:59.903   163  1721 W C02d10/UCollectUtil-CpuCalculator: CalculateCpuLoad: invalid num of max cpu load unit
CST 2026-07-17 20:05:59.903   163  1721 W C02d10/UCollectUtil-CpuCalculator: CalculateCpuLoad: invalid num of max cpu load unit
CST 2026-07-17 20:05:59.903   163  1721 W C02d10/UCollectUtil-CpuCalculator: CalculateCpuLoad: invalid num of max cpu load unit
CST 2026-07-17 20:05:59.903   163  1721 W C02d10/UCollectUtil-CpuCalculator: CalculateCpuLoad: invalid num of max cpu load unit
CST 2026-07-17 20:05:59.903   163  1721 W C02d10/UCollectUtil-CpuCalculator: CalculateCpuLoad: invalid num of max cpu load unit
CST 2026-07-17 20:05:59.903   163  1721 W C02d10/UCollectUtil-CpuCalculator: CalculateCpuLoad: invalid num of max cpu load unit
CST 2026-07-17 20:05:59.903   588   724 W C02943/ThermalHdi: Read node failed, title = 
CST 2026-07-17 20:05:59.903   163  1721 W C02d10/UCollectUtil-CpuCalculator: CalculateCpuLoad: invalid num of max cpu load unit
CST 2026-07-17 20:05:59.903   163  1721 W C02d10/UCollectUtil-CpuCalculator: CalculateCpuLoad: invalid num of max cpu load unit
CST 2026-07-17 20:05:59.903   588   724 W C02943/ThermalHdi: Read node failed, title = 
CST 2026-07-17 20:05:59.903   163  1721 W C02d10/UCollectUtil-CpuCalculator: CalculateCpuLoad: invalid num of max cpu load unit
CST 2026-07-17 20:05:59.903   163  1721 W C02d10/UCollectUtil-CpuCalculator: CalculateCpuLoad: invalid num of max cpu load unit
CST 2026-07-17 20:05:59.903   588   724 W C02943/ThermalHdi: Read node failed, title = 
CST 2026-07-17 20:05:59.903   163  1721 W C02d10/UCollectUtil-CpuCalculator: CalculateCpuLoad: invalid num of max cpu load unit
CST 2026-07-17 20:05:59.903   588   724 W C02943/ThermalHdi: Read node failed, title = 
CST 2026-07-17 20:05:59.903   163  1721 W C02d10/UCollectUtil-CpuCalculator: CalculateCpuLoad: invalid num of max cpu load unit
CST 2026-07-17 20:05:59.903   163  1721 W C02d10/UCollectUtil-CpuCalculator: CalculateCpuLoad: invalid num of max cpu load unit
CST 2026-07-17 20:05:59.903   588   724 W C02943/ThermalHdi: Read node failed, title = 
CST 2026-07-17 20:05:59.903   163  1721 W C02d10/UCollectUtil-CpuCalculator: CalculateCpuLoad: invalid num of max cpu load unit
CST 2026-07-17 20:05:59.903   163  1721 W C02d10/UCollectUtil-CpuCalculator: CalculateCpuLoad: invalid num of max cpu load unit
CST 2026-07-17 20:05:59.903   588   724 W C02943/ThermalHdi: Read node failed, title = 
CST 2026-07-17 20:05:59.903   163  1721 W C02d10/UCollectUtil-CpuCalculator: CalculateCpuLoad: invalid num of max cpu load unit
CST 2026-07-17 20:05:59.903   163  1721 W C02d10/UCollectUtil-CpuCalculator: CalculateCpuLoad: invalid num of max cpu load unit
CST 2026-07-17 20:05:59.903   588   724 W C02943/ThermalHdi: Read node failed, title = 
CST 2026-07-17 20:05:59.903   163  1721 W C02d10/UCollectUtil-CpuCalculator: CalculateCpuLoad: invalid num of max cpu load unit
CST 2026-07-17 20:05:59.903   163  1721 W C02d10/UCollectUtil-CpuCalculator: CalculateCpuLoad: invalid num of max cpu load unit
CST 2026-07-17 20:05:59.903   588   724 W C02943/ThermalHdi: Read node failed, title = 
CST 2026-07-17 20:05:59.903   163  1721 W C02d10/UCollectUtil-CpuCalculator: CalculateCpuLoad: invalid num of max cpu load unit
CST 2026-07-17 20:05:59.903   163  1721 W C02d10/UCollectUtil-CpuCalculator: CalculateCpuLoad: invalid num of max cpu load unit
CST 2026-07-17 20:05:59.903   588   724 W C02943/ThermalHdi: Read node failed, title = 
CST 2026-07-17 20:05:59.903   163  1721 W C02d10/UCollectUtil-CpuCalculator: CalculateCpuLoad: invalid num of max cpu load unit
CST 2026-07-17 20:05:59.903   588   724 W C02943/ThermalHdi: Read node failed, title = 
CST 2026-07-17 20:05:59.903   163  1721 W C02d10/UCollectUtil-CpuCalculator: CalculateCpuLoad: invalid num of max cpu load unit
CST 2026-07-17 20:05:59.903   163  1721 W C02d10/UCollectUtil-CpuCalculator: CalculateCpuLoad: invalid num of max cpu load unit
CST 2026-07-17 20:05:59.903   588   724 W C02943/ThermalHdi: Read node failed, title = 
CST 2026-07-17 20:05:59.903   163  1721 W C02d10/UCollectUtil-CpuCalculator: CalculateCpuLoad: invalid num of max cpu load unit
CST 2026-07-17 20:05:59.903   163  1721 W C02d10/UCollectUtil-CpuCalculator: CalculateCpuLoad: invalid num of max cpu load unit
CST 2026-07-17 20:05:59.903   588   724 W C02943/ThermalHdi: Read node failed, title = 
CST 2026-07-17 20:05:59.903   163  1721 W C02d10/UCollectUtil-CpuCalculator: CalculateCpuLoad: invalid num of max cpu load unit
CST 2026-07-17 20:05:59.903   163  1721 W C02d10/UCollectUtil-CpuCalculator: CalculateCpuLoad: invalid num of max cpu load unit
CST 2026-07-17 20:05:59.903   588   724 W C02943/ThermalHdi: Read node failed, title = 
CST 2026-07-17 20:05:59.903   163  1721 W C02d10/UCollectUtil-CpuCalculator: CalculateCpuLoad: invalid num of max cpu load unit
CST 2026-07-17 20:05:59.903   163  1721 W C02d10/UCollectUtil-CpuCalculator: CalculateCpuLoad: invalid num of max cpu load unit
CST 2026-07-17 20:05:59.903   588   724 W C02943/ThermalHdi: Read node failed, title = 
CST 2026-07-17 20:05:59.903   163  1721 W C02d10/UCollectUtil-CpuCalculator: CalculateCpuLoad: invalid num of max cpu load unit
CST 2026-07-17 20:05:59.903   163  1721 W C02d10/UCollectUtil-CpuCalculator: CalculateCpuLoad: invalid num of max cpu load unit
CST 2026-07-17 20:05:59.903   588   724 W C02943/ThermalHdi: Read node failed, title = 
CST 2026-07-17 20:05:59.903   163  1721 W C02d10/UCollectUtil-CpuCalculator: CalculateCpuLoad: invalid num of max cpu load unit
CST 2026-07-17 20:05:59.903   163  1721 W C02d10/UCollectUtil-CpuCalculator: CalculateCpuLoad: invalid num of max cpu load unit
CST 2026-07-17 20:05:59.903   588   724 W C02943/ThermalHdi: Read node failed, title = 
CST 2026-07-17 20:05:59.903   163  1721 W C02d10/UCollectUtil-CpuCalculator: CalculateCpuLoad: invalid num of max cpu load unit
CST 2026-07-17 20:05:59.903   163  1721 W C02d10/UCollectUtil-CpuCalculator: CalculateCpuLoad: invalid num of max cpu load unit
CST 2026-07-17 20:05:59.903   588   724 W C02943/ThermalHdi: Read node failed, title = 
CST 2026-07-17 20:05:59.903   163  1721 W C02d10/UCollectUtil-CpuCalculator: CalculateCpuLoad: invalid num of max cpu load unit
CST 2026-07-17 20:05:59.903   163  1721 W C02d10/UCollectUtil-CpuCalculator: CalculateCpuLoad: invalid num of max cpu load unit
CST 2026-07-17 20:05:59.903   588   724 W C02943/ThermalHdi: Read node failed, title = 
CST 2026-07-17 20:05:59.903   163  1721 W C02d10/UCollectUtil-CpuCalculator: CalculateCpuLoad: invalid num of max cpu load unit
CST 2026-07-17 20:05:59.903   163  1721 W C02d10/UCollectUtil-CpuCalculator: CalculateCpuLoad: invalid num of max cpu load unit
CST 2026-07-17 20:05:59.903   588   724 W C02943/ThermalHdi: Read node failed, title = 
CST 2026-07-17 20:05:59.903   163  1721 W C02d10/UCollectUtil-CpuCalculator: CalculateCpuLoad: invalid num of max cpu load unit
CST 2026-07-17 20:05:59.903   163  1721 W C02d10/UCollectUtil-CpuCalculator: CalculateCpuLoad: invalid num of max cpu load unit
CST 2026-07-17 20:05:59.903   588   724 W C02943/ThermalHdi: Read node failed, title = 
CST 2026-07-17 20:05:59.903   163  1721 W C02d10/UCollectUtil-CpuCalculator: CalculateCpuLoad: invalid num of max cpu load unit
CST 2026-07-17 20:05:59.903   163  1721 W C02d10/UCollectUtil-CpuCalculator: CalculateCpuLoad: invalid num of max cpu load unit
CST 2026-07-17 20:05:59.903   588   724 W C02943/ThermalHdi: Read node failed, title = 
CST 2026-07-17 20:05:59.903   163  1721 W C02d10/UCollectUtil-CpuCalculator: CalculateCpuLoad: invalid num of max cpu load unit
CST 2026-07-17 20:05:59.903   163  1721 W C02d10/UCollectUtil-CpuCalculator: CalculateCpuLoad: invalid num of max cpu load unit
CST 2026-07-17 20:05:59.903   588   724 W C02943/ThermalHdi: Read node failed, title = 
CST 2026-07-17 20:05:59.903   163  1721 W C02d10/UCollectUtil-CpuCalculator: CalculateCpuLoad: invalid num of max cpu load unit
CST 2026-07-17 20:05:59.903   588   724 W C02943/ThermalHdi: Read node failed, title = 
CST 2026-07-17 20:05:59.903   163  1721 W C02d10/UCollectUtil-CpuCalculator: CalculateCpuLoad: invalid num of max cpu load unit
CST 2026-07-17 20:05:59.903   163  1721 W C02d10/UCollectUtil-CpuCalculator: CalculateCpuLoad: invalid num of max cpu load unit
CST 2026-07-17 20:05:59.903   588   724 W C02943/ThermalHdi: Read node failed, title = 
CST 2026-07-17 20:05:59.903   163  1721 W C02d10/UCollectUtil-CpuCalculator: CalculateCpuLoad: invalid num of max cpu load unit
CST 2026-07-17 20:05:59.903   163  1721 W C02d10/UCollectUtil-CpuCalculator: CalculateCpuLoad: invalid num of max cpu load unit
CST 2026-07-17 20:05:59.903   588   724 W C02943/ThermalHdi: Read node failed, title = ambient
CST 2026-07-17 20:05:59.903   163  1721 W C02d10/UCollectUtil-CpuCalculator: CalculateCpuLoad: invalid num of max cpu load unit
CST 2026-07-17 20:05:59.903   163  1721 W C02d10/UCollectUtil-CpuCalculator: CalculateCpuLoad: invalid num of max cpu load unit
CST 2026-07-17 20:05:59.903   588   724 W C02943/ThermalHdi: Read node failed, title = ibat
CST 2026-07-17 20:05:59.903   163  1721 W C02d10/UCollectUtil-CpuCalculator: CalculateCpuLoad: invalid num of max cpu load unit
CST 2026-07-17 20:05:59.903   588   724 W C02943/ThermalHdi: Read node failed, title = vbat
CST 2026-07-17 20:05:59.903   163  1721 W C02d10/UCollectUtil-CpuCalculator: CalculateCpuLoad: invalid num of max cpu load unit
CST 2026-07-17 20:05:59.903   163  1721 W C02d10/UCollectUtil-CpuCalculator: CalculateCpuLoad: invalid num of max cpu load unit
CST 2026-07-17 20:05:59.903   588   724 W C02943/ThermalHdi: Read node failed, title = cpu0_min_freq
CST 2026-07-17 20:05:59.903   163  1721 W C02d10/UCollectUtil-CpuCalculator: CalculateCpuLoad: invalid num of max cpu load unit
CST 2026-07-17 20:05:59.903   163  1721 W C02d10/UCollectUtil-CpuCalculator: CalculateCpuLoad: invalid num of max cpu load unit
CST 2026-07-17 20:05:59.903   588   724 W C02943/ThermalHdi: Read node failed, title = cpu0_cur_freq
CST 2026-07-17 20:05:59.903   163  1721 W C02d10/UCollectUtil-CpuCalculator: CalculateCpuLoad: invalid num of max cpu load unit
CST 2026-07-17 20:05:59.903   163  1721 W C02d10/UCollectUtil-CpuCalculator: CalculateCpuLoad: invalid num of max cpu load unit
CST 2026-07-17 20:05:59.903   588   724 W C02943/ThermalHdi: Read node failed, title = cpu0_max_freq
CST 2026-07-17 20:05:59.903   163  1721 W C02d10/UCollectUtil-CpuCalculator: CalculateCpuLoad: invalid num of max cpu load unit
CST 2026-07-17 20:05:59.903   163  1721 W C02d10/UCollectUtil-CpuCalculator: CalculateCpuLoad: invalid num of max cpu load unit
CST 2026-07-17 20:05:59.903   588   724 W C02943/ThermalHdi: Read node failed, title = cpu4_min_freq
CST 2026-07-17 20:05:59.903   163  1721 W C02d10/UCollectUtil-CpuCalculator: CalculateCpuLoad: invalid num of max cpu load unit
CST 2026-07-17 20:05:59.903   163  1721 W C02d10/UCollectUtil-CpuCalculator: CalculateCpuLoad: invalid num of max cpu load unit
CST 2026-07-17 20:05:59.903   588   724 W C02943/ThermalHdi: Read node failed, title = cpu4_cur_freq
CST 2026-07-17 20:05:59.903   163  1721 W C02d10/UCollectUtil-CpuCalculator: CalculateCpuLoad: invalid num of max cpu load unit
CST 2026-07-17 20:05:59.903   163  1721 W C02d10/UCollectUtil-CpuCalculator: CalculateCpuLoad: invalid num of max cpu load unit
CST 2026-07-17 20:05:59.903   588   724 W C02943/ThermalHdi: Read node failed, title = cpu4_max_freq
CST 2026-07-17 20:05:59.903   163  1721 W C02d10/UCollectUtil-CpuCalculator: CalculateCpuLoad: invalid num of max cpu load unit
CST 2026-07-17 20:05:59.903   163  1721 W C02d10/UCollectUtil-CpuCalculator: CalculateCpuLoad: invalid num of max cpu load unit
CST 2026-07-17 20:05:59.903   588   724 W C02943/ThermalHdi: Read node failed, title = cpu7_min_freq
CST 2026-07-17 20:05:59.903   163  1721 W C02d10/UCollectUtil-CpuCalculator: CalculateCpuLoad: invalid num of max cpu load unit
CST 2026-07-17 20:05:59.903   163  1721 W C02d10/UCollectUtil-CpuCalculator: CalculateCpuLoad: invalid num of max cpu load unit
CST 2026-07-17 20:05:59.903   588   724 W C02943/ThermalHdi: Read node failed, title = cpu7_cur_freq
CST 2026-07-17 20:05:59.903   163  1721 W C02d10/UCollectUtil-CpuCalculator: CalculateCpuLoad: invalid num of max cpu load unit
CST 2026-07-17 20:05:59.903   163  1721 W C02d10/UCollectUtil-CpuCalculator: CalculateCpuLoad: invalid num of max cpu load unit
CST 2026-07-17 20:05:59.903   588   724 W C02943/ThermalHdi: Read node failed, title = cpu7_max_freq
CST 2026-07-17 20:05:59.903   163  1721 W C02d10/UCollectUtil-CpuCalculator: CalculateCpuLoad: invalid num of max cpu load unit
CST 2026-07-17 20:05:59.903   588   724 W C02943/ThermalHdi: Read node failed, title = gpu_min_freq
CST 2026-07-17 20:05:59.903   163  1721 W C02d10/UCollectUtil-CpuCalculator: CalculateCpuLoad: invalid num of max cpu load unit
CST 2026-07-17 20:05:59.903   163  1721 W C02d10/UCollectUtil-CpuCalculator: CalculateCpuLoad: invalid num of max cpu load unit
CST 2026-07-17 20:05:59.903   588   724 W C02943/ThermalHdi: Read node failed, title = gpu_cur_freq
CST 2026-07-17 20:05:59.903   163  1721 W C02d10/UCollectUtil-CpuCalculator: CalculateCpuLoad: invalid num of max cpu load unit
CST 2026-07-17 20:05:59.903   163  1721 W C02d10/UCollectUtil-CpuCalculator: CalculateCpuLoad: invalid num of max cpu load unit
CST 2026-07-17 20:05:59.903   588   724 W C02943/ThermalHdi: Read node failed, title = gpu_max_freq
CST 2026-07-17 20:05:59.903   163  1721 W C02d10/UCollectUtil-CpuCalculator: CalculateCpuLoad: invalid num of max cpu load unit
CST 2026-07-17 20:05:59.903   163  1721 W C02d10/UCollectUtil-CpuCalculator: CalculateCpuLoad: invalid num of max cpu load unit
CST 2026-07-17 20:05:59.903   588   724 W C02943/ThermalHdi: Read node failed, title = ddr_cur_freq
CST 2026-07-17 20:05:59.903   163  1721 W C02d10/UCollectUtil-CpuCalculator: CalculateCpuLoad: invalid num of max cpu load unit
CST 2026-07-17 20:05:59.903   163  1721 W C02d10/UCollectUtil-CpuCalculator: CalculateCpuLoad: invalid num of max cpu load unit
CST 2026-07-17 20:05:59.903   588   724 W C02943/ThermalHdi: Read node failed, title = set_IPApower
CST 2026-07-17 20:05:59.903   163  1721 W C02d10/UCollectUtil-CpuCalculator: CalculateCpuLoad: invalid num of max cpu load unit
CST 2026-07-17 20:05:59.903   588   724 W C02943/ThermalHdi: Read node failed, title = cur_IPApower
CST 2026-07-17 20:05:59.903   163  1721 W C02d10/UCollectUtil-CpuCalculator: CalculateCpuLoad: invalid num of max cpu load unit
CST 2026-07-17 20:05:59.903   163  1721 W C02d10/UCollectUtil-CpuCalculator: CalculateCpuLoad: invalid num of max cpu load unit
CST 2026-07-17 20:05:59.903   163  1721 W C02d10/UCollectUtil-CpuCalculator: CalculateCpuLoad: invalid num of max cpu load unit
CST 2026-07-17 20:05:59.903   163  1721 W C02d10/UCollectUtil-CpuCalculator: CalculateCpuLoad: invalid num of max cpu load unit
CST 2026-07-17 20:05:59.903   163  1721 W C02d10/UCollectUtil-CpuCalculator: CalculateCpuLoad: invalid num of max cpu load unit
CST 2026-07-17 20:05:59.903   163  1721 W C02d10/UCollectUtil-CpuCalculator: CalculateCpuLoad: invalid num of max cpu load unit
CST 2026-07-17 20:05:59.903   163  1721 W C02d10/UCollectUtil-CpuCalculator: CalculateCpuLoad: invalid num of max cpu load unit
CST 2026-07-17 20:05:59.903   163  1721 W C02d10/UCollectUtil-CpuCalculator: CalculateCpuLoad: invalid num of max cpu load unit
CST 2026-07-17 20:05:59.903   163  1721 W C02d10/UCollectUtil-CpuCalculator: CalculateCpuLoad: invalid num of max cpu load unit
CST 2026-07-17 20:05:59.903   163  1721 W C02d10/UCollectUtil-CpuCalculator: CalculateCpuLoad: invalid num of max cpu load unit
CST 2026-07-17 20:05:59.903   163  1721 W C02d10/UCollectUtil-CpuCalculator: CalculateCpuLoad: invalid num of max cpu load unit
CST 2026-07-17 20:05:59.903   163  1721 W C02d10/UCollectUtil-CpuCalculator: CalculateCpuLoad: invalid num of max cpu load unit
CST 2026-07-17 20:05:59.903   163  1721 W C02d10/UCollectUtil-CpuCalculator: CalculateCpuLoad: invalid num of max cpu load unit
CST 2026-07-17 20:05:59.903   588   724 W C02943/ThermalHdi: get node failed
CST 2026-07-17 20:05:59.903   163  1721 W C02d10/UCollectUtil-CpuCalculator: CalculateCpuLoad: invalid num of max cpu load unit
CST 2026-07-17 20:05:59.903   588   724 W C02943/ThermalHdi: get node failed
CST 2026-07-17 20:05:59.903   163  1721 W C02d10/UCollectUtil-CpuCalculator: CalculateCpuLoad: invalid num of max cpu load unit
CST 2026-07-17 20:05:59.903   588   724 W C02943/ThermalHdi: get node failed
CST 2026-07-17 20:05:59.903   163  1721 W C02d10/UCollectUtil-CpuCalculator: CalculateCpuLoad: invalid num of max cpu load unit
CST 2026-07-17 20:05:59.903   163  1721 W C02d10/UCollectUtil-CpuCalculator: CalculateCpuLoad: invalid num of max cpu load unit
CST 2026-07-17 20:05:59.903   163  1721 W C02d10/UCollectUtil-CpuCalculator: CalculateCpuLoad: invalid num of max cpu load unit
CST 2026-07-17 20:05:59.903   163  1721 W C02d10/UCollectUtil-CpuCalculator: CalculateCpuLoad: invalid num of max cpu load unit
CST 2026-07-17 20:05:59.903   163  1721 W C02d10/UCollectUtil-CpuCalculator: CalculateCpuLoad: invalid num of max cpu load unit
CST 2026-07-17 20:05:59.903   163  1721 W C02d10/UCollectUtil-CpuCalculator: CalculateCpuLoad: invalid num of max cpu load unit
CST 2026-07-17 20:05:59.903   163  1721 W C02d10/UCollectUtil-CpuCalculator: CalculateCpuLoad: invalid num of max cpu load unit
CST 2026-07-17 20:05:59.903   163  1721 W C02d10/UCollectUtil-CpuCalculator: CalculateCpuLoad: invalid num of max cpu load unit
CST 2026-07-17 20:05:59.903   163  1721 W C02d10/UCollectUtil-CpuCalculator: CalculateCpuLoad: invalid num of max cpu load unit
CST 2026-07-17 20:05:59.903   163  1721 W C02d10/UCollectUtil-CpuCalculator: CalculateCpuLoad: invalid num of max cpu load unit
CST 2026-07-17 20:05:59.903   163  1721 W C02d10/UCollectUtil-CpuCalculator: CalculateCpuLoad: invalid num of max cpu load unit
CST 2026-07-17 20:05:59.903   163  1721 W C02d10/UCollectUtil-CpuCalculator: CalculateCpuLoad: invalid num of max cpu load unit
CST 2026-07-17 20:05:59.903   163  1721 W C02d10/UCollectUtil-CpuCalculator: CalculateCpuLoad: invalid num of max cpu load unit
CST 2026-07-17 20:05:59.903   163  1721 W C02d10/UCollectUtil-CpuCalculator: CalculateCpuLoad: invalid num of max cpu load unit
CST 2026-07-17 20:05:59.903   163  1721 W C02d10/UCollectUtil-CpuCalculator: CalculateCpuLoad: invalid num of max cpu load unit
CST 2026-07-17 20:05:59.903   163  1721 W C02d10/UCollectUtil-CpuCalculator: CalculateCpuLoad: invalid num of max cpu load unit
CST 2026-07-17 20:05:59.903   163  1721 W C02d10/UCollectUtil-CpuCalculator: CalculateCpuLoad: invalid num of max cpu load unit
CST 2026-07-17 20:05:59.903   163  1721 W C02d10/UCollectUtil-CpuCalculator: CalculateCpuLoad: invalid num of max cpu load unit
CST 2026-07-17 20:05:59.903   163  1721 W C02d10/UCollectUtil-CpuCalculator: CalculateCpuLoad: invalid num of max cpu load unit
CST 2026-07-17 20:05:59.903   163  1721 W C02d10/UCollectUtil-CpuCalculator: CalculateCpuLoad: invalid num of max cpu load unit
CST 2026-07-17 20:05:59.903   163  1721 W C02d10/UCollectUtil-CpuCalculator: CalculateCpuLoad: invalid num of max cpu load unit
CST 2026-07-17 20:05:59.903   163  1721 W C02d10/UCollectUtil-CpuCalculator: CalculateCpuLoad: invalid num of max cpu load unit
CST 2026-07-17 20:05:59.903   163  1721 W C02d10/UCollectUtil-CpuCalculator: CalculateCpuLoad: invalid num of max cpu load unit
CST 2026-07-17 20:05:59.903   163  1721 W C02d10/UCollectUtil-CpuCalculator: CalculateCpuLoad: invalid num of max cpu load unit
CST 2026-07-17 20:05:59.903   163  1721 W C02d10/UCollectUtil-CpuCalculator: CalculateCpuLoad: invalid num of max cpu load unit
CST 2026-07-17 20:05:59.903   163  1721 W C02d10/UCollectUtil-CpuCalculator: CalculateCpuLoad: invalid num of max cpu load unit
CST 2026-07-17 20:05:59.903   163  1721 W C02d10/UCollectUtil-CpuCalculator: CalculateCpuLoad: invalid num of max cpu load unit
CST 2026-07-17 20:05:59.903   163  1721 W C02d10/UCollectUtil-CpuCalculator: CalculateCpuLoad: invalid num of max cpu load unit
CST 2026-07-17 20:05:59.903   163  1721 W C02d10/UCollectUtil-CpuCalculator: CalculateCpuLoad: invalid num of max cpu load unit
CST 2026-07-17 20:05:59.903   163  1721 W C02d10/UCollectUtil-CpuCalculator: CalculateCpuLoad: invalid num of max cpu load unit
CST 2026-07-17 20:05:59.903   163  1721 W C02d10/UCollectUtil-CpuCalculator: CalculateCpuLoad: invalid num of max cpu load unit
CST 2026-07-17 20:05:59.903   163  1721 W C02d10/UCollectUtil-CpuCalculator: CalculateCpuLoad: invalid num of max cpu load unit
CST 2026-07-17 20:05:59.903   163  1721 W C02d10/UCollectUtil-CpuCalculator: CalculateCpuLoad: invalid num of max cpu load unit
CST 2026-07-17 20:05:59.903   163  1721 W C02d10/UCollectUtil-CpuCalculator: CalculateCpuLoad: invalid num of max cpu load unit
CST 2026-07-17 20:05:59.903   163  1721 W C02d10/UCollectUtil-CpuCalculator: CalculateCpuLoad: invalid num of max cpu load unit
CST 2026-07-17 20:05:59.904   163  1721 W C02d10/UCollectUtil-CpuCalculator: CalculateCpuLoad: invalid num of max cpu load unit
CST 2026-07-17 20:05:59.904   163  1721 W C02d10/UCollectUtil-CpuCalculator: CalculateCpuLoad: invalid num of max cpu load unit
CST 2026-07-17 20:05:59.904   163  1721 W C02d10/UCollectUtil-CpuCalculator: CalculateCpuLoad: invalid num of max cpu load unit
CST 2026-07-17 20:05:59.904   163  1721 W C02d10/UCollectUtil-CpuCalculator: CalculateCpuLoad: invalid num of max cpu load unit
CST 2026-07-17 20:05:59.904   163  1721 W C02d10/UCollectUtil-CpuCalculator: CalculateCpuLoad: invalid num of max cpu load unit
CST 2026-07-17 20:05:59.904   163  1721 W C02d10/UCollectUtil-CpuCalculator: CalculateCpuLoad: invalid num of max cpu load unit
CST 2026-07-17 20:05:59.904   163  1721 W C02d10/UCollectUtil-CpuCalculator: CalculateCpuLoad: invalid num of max cpu load unit
CST 2026-07-17 20:05:59.904   163  1721 W C02d10/UCollectUtil-CpuCalculator: CalculateCpuLoad: invalid num of max cpu load unit
CST 2026-07-17 20:05:59.904   163  1721 W C02d10/UCollectUtil-CpuCalculator: CalculateCpuLoad: invalid num of max cpu load unit
CST 2026-07-17 20:05:59.904   163  1721 W C02d10/UCollectUtil-CpuCalculator: CalculateCpuLoad: invalid num of max cpu load unit
CST 2026-07-17 20:05:59.904   163  1721 W C02d10/UCollectUtil-CpuCalculator: CalculateCpuLoad: invalid num of max cpu load unit
CST 2026-07-17 20:05:59.904   163  1721 W C02d10/UCollectUtil-CpuCalculator: CalculateCpuLoad: invalid num of max cpu load unit
CST 2026-07-17 20:05:59.904   163  1721 W C02d10/UCollectUtil-CpuCalculator: CalculateCpuLoad: invalid num of max cpu load unit
CST 2026-07-17 20:05:59.904   163  1721 W C02d10/UCollectUtil-CpuCalculator: CalculateCpuLoad: invalid num of max cpu load unit
CST 2026-07-17 20:05:59.904   163  1721 W C02d10/UCollectUtil-CpuCalculator: CalculateCpuLoad: invalid num of max cpu load unit
CST 2026-07-17 20:05:59.904   163  1721 W C02d10/UCollectUtil-CpuCalculator: CalculateCpuLoad: invalid num of max cpu load unit
CST 2026-07-17 20:05:59.904   163  1721 W C02d10/UCollectUtil-CpuCalculator: CalculateCpuLoad: invalid num of max cpu load unit
CST 2026-07-17 20:05:59.904   163  1721 W C02d10/UCollectUtil-CpuCalculator: CalculateCpuLoad: invalid num of max cpu load unit
CST 2026-07-17 20:05:59.904   163  1721 W C02d10/UCollectUtil-CpuCalculator: CalculateCpuLoad: invalid num of max cpu load unit
CST 2026-07-17 20:05:59.904   163  1721 W C02d10/UCollectUtil-CpuCalculator: CalculateCpuLoad: invalid num of max cpu load unit
CST 2026-07-17 20:05:59.904   163  1721 W C02d10/UCollectUtil-CpuCalculator: CalculateCpuLoad: invalid num of max cpu load unit
CST 2026-07-17 20:05:59.904   163  1721 W C02d10/UCollectUtil-CpuCalculator: CalculateCpuLoad: invalid num of max cpu load unit
CST 2026-07-17 20:05:59.904   163  1721 W C02d10/UCollectUtil-CpuCalculator: CalculateCpuLoad: invalid num of max cpu load unit
CST 2026-07-17 20:05:59.904   163  1721 W C02d10/UCollectUtil-CpuCalculator: CalculateCpuLoad: invalid num of max cpu load unit
CST 2026-07-17 20:05:59.904   163  1721 W C02d10/UCollectUtil-CpuCalculator: CalculateCpuLoad: invalid num of max cpu load unit
CST 2026-07-17 20:05:59.904   163  1721 W C02d10/UCollectUtil-CpuCalculator: CalculateCpuLoad: invalid num of max cpu load unit
CST 2026-07-17 20:05:59.904   163  1721 W C02d10/UCollectUtil-CpuCalculator: CalculateCpuLoad: invalid num of max cpu load unit
CST 2026-07-17 20:05:59.904   163  1721 W C02d10/UCollectUtil-CpuCalculator: CalculateCpuLoad: invalid num of max cpu load unit
CST 2026-07-17 20:05:59.904   163  1721 W C02d10/UCollectUtil-CpuCalculator: CalculateCpuLoad: invalid num of max cpu load unit
CST 2026-07-17 20:05:59.904   163  1721 W C02d10/UCollectUtil-CpuCalculator: CalculateCpuLoad: invalid num of max cpu load unit
CST 2026-07-17 20:05:59.904   163  1721 W C02d10/UCollectUtil-CpuCalculator: CalculateCpuLoad: invalid num of max cpu load unit
CST 2026-07-17 20:05:59.904   163  1721 W C02d10/UCollectUtil-CpuCalculator: CalculateCpuLoad: invalid num of max cpu load unit
CST 2026-07-17 20:05:59.904   163  1721 W C02d10/UCollectUtil-CpuCalculator: CalculateCpuLoad: invalid num of max cpu load unit
CST 2026-07-17 20:05:59.904   163  1721 W C02d10/UCollectUtil-CpuCalculator: CalculateCpuLoad: invalid num of max cpu load unit
CST 2026-07-17 20:05:59.904   163  1721 W C02d10/UCollectUtil-CpuCalculator: CalculateCpuLoad: invalid num of max cpu load unit
CST 2026-07-17 20:05:59.904   163  1721 W C02d10/UCollectUtil-CpuCalculator: CalculateCpuLoad: invalid num of max cpu load unit
CST 2026-07-17 20:05:59.904   163  1721 W C02d10/UCollectUtil-CpuCalculator: CalculateCpuLoad: invalid num of max cpu load unit
CST 2026-07-17 20:05:59.904   163  1721 W C02d10/UCollectUtil-CpuCalculator: CalculateCpuLoad: invalid num of max cpu load unit
CST 2026-07-17 20:05:59.904   163  1721 W C02d10/UCollectUtil-CpuCalculator: CalculateCpuLoad: invalid num of max cpu load unit
CST 2026-07-17 20:05:59.904   163  1721 W C02d10/UCollectUtil-CpuCalculator: CalculateCpuLoad: invalid num of max cpu load unit
CST 2026-07-17 20:05:59.904   163  1721 W C02d10/UCollectUtil-CpuCalculator: CalculateCpuLoad: invalid num of max cpu load unit
CST 2026-07-17 20:05:59.904   163  1721 W C02d10/UCollectUtil-CpuCalculator: CalculateCpuLoad: invalid num of max cpu load unit
CST 2026-07-17 20:05:59.904   163  1721 W C02d10/UCollectUtil-CpuCalculator: CalculateCpuLoad: invalid num of max cpu load unit
CST 2026-07-17 20:05:59.904   163  1721 W C02d10/UCollectUtil-CpuCalculator: CalculateCpuLoad: invalid num of max cpu load unit
CST 2026-07-17 20:05:59.904   163  1721 W C02d10/UCollectUtil-CpuCalculator: CalculateCpuLoad: invalid num of max cpu load unit
CST 2026-07-17 20:05:59.904   163  1721 W C02d10/UCollectUtil-CpuCalculator: CalculateCpuLoad: invalid num of max cpu load unit
CST 2026-07-17 20:05:59.904   163  1721 W C02d10/UCollectUtil-CpuCalculator: CalculateCpuLoad: invalid num of max cpu load unit
CST 2026-07-17 20:05:59.904   163  1721 W C02d10/UCollectUtil-CpuCalculator: CalculateCpuLoad: invalid num of max cpu load unit
CST 2026-07-17 20:05:59.904   163  1721 W C02d10/UCollectUtil-CpuCalculator: CalculateCpuLoad: invalid num of max cpu load unit
CST 2026-07-17 20:05:59.904   163  1721 W C02d10/UCollectUtil-CpuCalculator: CalculateCpuLoad: invalid num of max cpu load unit
CST 2026-07-17 20:05:59.904   163  1721 W C02d10/UCollectUtil-CpuCalculator: CalculateCpuLoad: invalid num of max cpu load unit
CST 2026-07-17 20:05:59.904   163  1721 W C02d10/UCollectUtil-CpuCalculator: CalculateCpuLoad: invalid num of max cpu load unit
CST 2026-07-17 20:05:59.904   163  1721 W C02d10/UCollectUtil-CpuCalculator: CalculateCpuLoad: invalid num of max cpu load unit
CST 2026-07-17 20:05:59.904   163  1721 W C02d10/UCollectUtil-CpuCalculator: CalculateCpuLoad: invalid num of max cpu load unit
CST 2026-07-17 20:05:59.904   163  1721 W C02d10/UCollectUtil-CpuCalculator: CalculateCpuLoad: invalid num of max cpu load unit
CST 2026-07-17 20:05:59.904   163  1721 W C02d10/UCollectUtil-CpuCalculator: CalculateCpuLoad: invalid num of max cpu load unit
CST 2026-07-17 20:05:59.904   163  1721 W C02d10/UCollectUtil-CpuCalculator: CalculateCpuLoad: invalid num of max cpu load unit
CST 2026-07-17 20:05:59.904   163  1721 W C02d10/UCollectUtil-CpuCalculator: CalculateCpuLoad: invalid num of max cpu load unit
CST 2026-07-17 20:05:59.904   163  1721 W C02d10/UCollectUtil-CpuCalculator: CalculateCpuLoad: invalid num of max cpu load unit
CST 2026-07-17 20:05:59.904   163  1721 W C02d10/UCollectUtil-CpuCalculator: CalculateCpuLoad: invalid num of max cpu load unit
CST 2026-07-17 20:05:59.904   163  1721 W C02d10/UCollectUtil-CpuCalculator: CalculateCpuLoad: invalid num of max cpu load unit
CST 2026-07-17 20:05:59.904   163  1721 W C02d10/UCollectUtil-CpuCalculator: CalculateCpuLoad: invalid num of max cpu load unit
CST 2026-07-17 20:05:59.904   163  1721 W C02d10/UCollectUtil-CpuCalculator: CalculateCpuLoad: invalid num of max cpu load unit
CST 2026-07-17 20:05:59.904   163  1721 W C02d10/UCollectUtil-CpuCalculator: CalculateCpuLoad: invalid num of max cpu load unit
CST 2026-07-17 20:05:59.904   163  1721 W C02d10/UCollectUtil-CpuCalculator: CalculateCpuLoad: invalid num of max cpu load unit
CST 2026-07-17 20:05:59.904   163  1721 W C02d10/UCollectUtil-CpuCalculator: CalculateCpuLoad: invalid num of max cpu load unit
CST 2026-07-17 20:05:59.904   163  1721 W C02d10/UCollectUtil-CpuCalculator: CalculateCpuLoad: invalid num of max cpu load unit
CST 2026-07-17 20:05:59.904   163  1721 W C02d10/UCollectUtil-CpuCalculator: CalculateCpuLoad: invalid num of max cpu load unit
CST 2026-07-17 20:05:59.904   163  1721 W C02d10/UCollectUtil-CpuCalculator: CalculateCpuLoad: invalid num of max cpu load unit
CST 2026-07-17 20:05:59.904   163  1721 W C02d10/UCollectUtil-CpuCalculator: CalculateCpuLoad: invalid num of max cpu load unit
CST 2026-07-17 20:05:59.904   163  1721 W C02d10/UCollectUtil-CpuCalculator: CalculateCpuLoad: invalid num of max cpu load unit
CST 2026-07-17 20:05:59.904   163  1721 W C02d10/UCollectUtil-CpuCalculator: CalculateCpuLoad: invalid num of max cpu load unit
CST 2026-07-17 20:05:59.904   163  1721 W C02d10/UCollectUtil-CpuCalculator: CalculateCpuLoad: invalid num of max cpu load unit
CST 2026-07-17 20:05:59.904   163  1721 W C02d10/UCollectUtil-CpuCalculator: CalculateCpuLoad: invalid num of max cpu load unit
CST 2026-07-17 20:05:59.904   163  1721 W C02d10/UCollectUtil-CpuCalculator: CalculateCpuLoad: invalid num of max cpu load unit
CST 2026-07-17 20:05:59.904   163  1721 W C02d10/UCollectUtil-CpuCalculator: CalculateCpuLoad: invalid num of max cpu load unit
CST 2026-07-17 20:05:59.904   163  1721 W C02d10/UCollectUtil-CpuCalculator: CalculateCpuLoad: invalid num of max cpu load unit
CST 2026-07-17 20:05:59.904   163  1721 W C02d10/UCollectUtil-CpuCalculator: CalculateCpuLoad: invalid num of max cpu load unit
CST 2026-07-17 20:05:59.904   163  1721 W C02d10/UCollectUtil-CpuCalculator: CalculateCpuLoad: invalid num of max cpu load unit
CST 2026-07-17 20:05:59.904   163  1721 W C02d10/UCollectUtil-CpuCalculator: CalculateCpuLoad: invalid num of max cpu load unit
CST 2026-07-17 20:05:59.904   163  1721 W C02d10/UCollectUtil-CpuCalculator: CalculateCpuLoad: invalid num of max cpu load unit
CST 2026-07-17 20:05:59.904   163  1721 W C02d10/UCollectUtil-CpuCalculator: CalculateCpuLoad: invalid num of max cpu load unit
CST 2026-07-17 20:05:59.904   163  1721 W C02d10/UCollectUtil-CpuCalculator: CalculateCpuLoad: invalid num of max cpu load unit
CST 2026-07-17 20:05:59.904   163  1721 W C02d10/UCollectUtil-CpuCalculator: CalculateCpuLoad: invalid num of max cpu load unit
CST 2026-07-17 20:05:59.904   163  1721 W C02d10/UCollectUtil-CpuCalculator: CalculateCpuLoad: invalid num of max cpu load unit
CST 2026-07-17 20:05:59.906  4454  4454 W C02c02/PARAM: Selinux check name persist.init.debug.loglevel in u:object_r:startup_init_param:s0 [4454 2000 2000] failed
CST 2026-07-17 20:05:59.906  4454  4454 W C02c02/PARAM: Selinux check name persist.init.debug.loglevel in u:object_r:startup_init_param:s0 [4454 2000 2000] failed
CST 2026-07-17 20:05:59.906  4454  4454 W C02c02/PARAM: SystemReadParam failed!name is:persist.init.debug.loglevel,err:1002
CST 2026-07-17 20:05:59.914  4458  4458 W C02c02/PARAM: Selinux check name persist.init.debug.loglevel in u:object_r:startup_init_param:s0 [4458 2000 2000] failed
CST 2026-07-17 20:05:59.914  4456  4456 W C02c02/PARAM: Selinux check name persist.init.debug.loglevel in u:object_r:startup_init_param:s0 [4456 2000 2000] failed
CST 2026-07-17 20:05:59.914  4457  4457 W C02c02/PARAM: Selinux check name persist.init.debug.loglevel in u:object_r:startup_init_param:s0 [4457 2000 2000] failed
CST 2026-07-17 20:05:59.914  4458  4458 W C02c02/PARAM: Selinux check name persist.init.debug.loglevel in u:object_r:startup_init_param:s0 [4458 2000 2000] failed
CST 2026-07-17 20:05:59.914  4456  4456 W C02c02/PARAM: Selinux check name persist.init.debug.loglevel in u:object_r:startup_init_param:s0 [4456 2000 2000] failed
CST 2026-07-17 20:05:59.914  4457  4457 W C02c02/PARAM: Selinux check name persist.init.debug.loglevel in u:object_r:startup_init_param:s0 [4457 2000 2000] failed
CST 2026-07-17 20:05:59.914  4456  4456 W C02c02/PARAM: SystemReadParam failed!name is:persist.init.debug.loglevel,err:1002
CST 2026-07-17 20:05:59.914  4457  4457 W C02c02/PARAM: SystemReadParam failed!name is:persist.init.debug.loglevel,err:1002
CST 2026-07-17 20:05:59.914  4458  4458 W C02c02/PARAM: SystemReadParam failed!name is:persist.init.debug.loglevel,err:1002
CST 2026-07-17 20:05:59.921  4459  4459 W C02c02/PARAM: Selinux check name persist.init.debug.loglevel in u:object_r:startup_init_param:s0 [4459 2000 2000] failed
CST 2026-07-17 20:05:59.921  4459  4459 W C02c02/PARAM: Selinux check name persist.init.debug.loglevel in u:object_r:startup_init_param:s0 [4459 2000 2000] failed
CST 2026-07-17 20:05:59.921  4459  4459 W C02c02/PARAM: SystemReadParam failed!name is:persist.init.debug.loglevel,err:1002
CST 2026-07-17 20:05:59.922  4460  4460 W C02c02/PARAM: Selinux check name persist.init.debug.loglevel in u:object_r:startup_init_param:s0 [4460 2000 2000] failed
CST 2026-07-17 20:05:59.922  4460  4460 W C02c02/PARAM: Selinux check name persist.init.debug.loglevel in u:object_r:startup_init_param:s0 [4460 2000 2000] failed
CST 2026-07-17 20:05:59.922  4460  4460 W C02c02/PARAM: SystemReadParam failed!name is:persist.init.debug.loglevel,err:1002
CST 2026-07-17 20:06:00.000   444   454 W C01c42/TimeService: uid:6666 id:464633594 wk:0
CST 2026-07-17 20:06:00.000   444   454 W C01c42/TimeService: uid:1096 id:1679329039 wk:0
CST 2026-07-17 20:06:00.000   444   454 W C01c42/TimeService: id:464633594 we:184021 mwe:229021
CST 2026-07-17 20:06:00.000   444   454 W C01c42/TimeService: t3 141876
CST 2026-07-17 20:06:00.000   444   454 W C01c42/TimeService: id:1679329039 we:143561
CST 2026-07-17 20:06:00.000   444   454 I C01c42/TimeService: TK
CST 2026-07-17 20:06:00.000   728  4247 I C01202/Unordered: Pid 444 publish usual.event.TIME_TICK to -1 end(5,5,0,0)
CST 2026-07-17 20:06:00.001   444   454 W C01c42/TimeService: bat:3 id:327850243 we:198561
CST 2026-07-17 20:06:00.001   444   454 I C01c42/TimeService: tick id:327850243 time:1784290020
CST 2026-07-17 20:06:00.004  2205  2205 I A01a01/NC: StatusBarSysEventUtil: onTimeChangeEvent
CST 2026-07-17 20:06:00.004  2205  2205 W A01c06/ICON: AppIconCalendarCache --> receive date change event, nowData: 17, dateText: ,image is transparent: false, image is empty: true
CST 2026-07-17 20:06:00.004  2205  2205 W A01c06/ICON: AppIconCalendarCache --> com.huawei.hmos.calendar is not dynamic icon, bundleName is com.huawei.hmos.calendar
CST 2026-07-17 20:06:00.004  2205  2205 E A01c06/ICON: AppIconCalendarCache --> backgroundImage resource error
CST 2026-07-17 20:06:00.004  2205  2205 E A01c06/ICON: AppIconCalendarCache --> calendarForegroundBuilder is null
CST 2026-07-17 20:06:00.029  2715  3226 E C02e00/UPDATE_SA: [hap_connection.cpp(50)]GetHapRemoteObject, remoteObj is nullptr, bundle com.huawei.hmos.ouc
CST 2026-07-17 20:06:00.029  2715  3226 I C01352/ExtMgr: [extension_manager_client.cpp134]name:com.huawei.hmos.ouc ServiceExtAbility, userId:-1.
CST 2026-07-17 20:06:00.000  2715  2719 I C02e00/UPDATE_SA: [alarm_timer_utils.cpp(19)]timed task had been triggered
CST 2026-07-17 20:06:00.030   728   979 I C01342/ServiceExt: [ABMS5529]element: com.huawei.hmos.ouc/ServiceExtAbility
CST 2026-07-17 20:06:00.030   728   979 W C01123/BMSCommon: bundle not exist -n com.huawei.hmos.ouc -u 100 -i 0 -f 0
CST 2026-07-17 20:06:00.030   728   979 W C01336/AMS: [start_ability_utils.cpp76]failed: com.huawei.hmos.ouc
CST 2026-07-17 20:06:00.030   728   979 W C01336/AMS: [crowd_test_interceptor.cpp54]GetAppInfo failed
CST 2026-07-17 20:06:00.030   728   979 W C01120/BMS: app_control_manager.cpp:GetAppRunningControlRule:397 getAppId failed,-n:com.huawei.hmos.ouc
CST 2026-07-17 20:06:00.030   728   979 W C01123/BMSCommon: uid(6666) invalid
CST 2026-07-17 20:06:00.031   728   979 I C01336/AMS: [start_ability_utils.cpp54]appIndex:-1
CST 2026-07-17 20:06:00.031   728   979 W C01123/BMSCommon: bundle not exist -n com.huawei.hmos.ouc -u 100 -i 0 -f 1062
CST 2026-07-17 20:06:00.031   728   979 I C01121/BMSQuery: ExplicitQueryAbility no match -n com.huawei.hmos.ouc -a ServiceExtAbility -u 100 -i 0
CST 2026-07-17 20:06:00.031   728   979 W C01120/BMS: query abilitys_ext code 8521480
CST 2026-07-17 20:06:00.031   728   979 W C01123/BMSCommon: bundle not exist -n com.huawei.hmos.ouc -u 100 -i 0 -f 1062
CST 2026-07-17 20:06:00.031   728   979 W C01121/BMSQuery: bundle_data_mgr.cpp:ExplicitQueryExtensionInfo:7239 ExplicitQueryExtensionInfo failed
CST 2026-07-17 20:06:00.031   728   979 I C01121/BMSQuery: ExplicitQueryExtension size:0 -n com.huawei.hmos.ouc -e ServiceExtAbility -u 100 -i 0
CST 2026-07-17 20:06:00.031   728   979 W C01121/BMSQuery: bundle_data_mgr.cpp:GetCloneAppIndexes:2463 no bundleName com.huawei.hmos.ouc found
CST 2026-07-17 20:06:00.031   728   979 W C01121/BMSQuery: bundle_mgr_host_impl.cpp:QueryExtensionAbilityInfos:3425 no valid extension info can be inquired
CST 2026-07-17 20:06:00.031   728   979 E C01336/AMS: [start_ability_utils.cpp290]extensionInfo empty
CST 2026-07-17 20:06:00.031   728   979 E C01342/ServiceExt: [ABMS5868]generate request error
CST 2026-07-17 20:06:00.031  2715  3226 E C02e00/UPDATE_SA: [hap_connection.cpp(82)]HapConnection call interface failed, ret 2097152
CST 2026-07-17 20:06:00.031  2715  3226 E C02e00/UPDATE_SA: [ouc_hap_connection.cpp(72)]SendRemoteRequest, can not connect to ouc
CST 2026-07-17 20:06:00.035  1714  4461 I C02b70/MediaLibrary: BackgroundCloudBatchSelectedFileProcessor:{TriggerAutoResumeBatchDownloadResourceCheck:1206} BatchSelectFileDownload Timely Check AutoResume Processor with task running ext
CST 2026-07-17 20:06:00.053   727   727 E C01406/RSScreenManager: IsAllScreensPowerOff: screenPowerStatus_ is empty.
CST 2026-07-17 20:06:00.156   727   891 E C02515/DGLES: [d_eglSwapBuffers_special@egl_gpu.cpp:729] thread output size 359237 speed 183k/s API_num 2678
CST 2026-07-17 20:06:00.157   727   891 W C01406/OHOS::RS: RSJankStats::SetJankStats jank frames 6
CST 2026-07-17 20:06:00.157   611   930 W C02515/DISP: [SetLayerMaskInfo:495] <private> is not supported
CST 2026-07-17 20:06:00.157   611   930 I C02515/DISP: [CommitComposeLayer:67] CommitComposeLayer! 10
CST 2026-07-17 20:06:00.160  4463  4463 W C02c02/PARAM: Selinux check name persist.init.debug.loglevel in u:object_r:startup_init_param:s0 [4463 2000 2000] failed
CST 2026-07-17 20:06:00.160  4463  4463 W C02c02/PARAM: Selinux check name persist.init.debug.loglevel in u:object_r:startup_init_param:s0 [4463 2000 2000] failed
CST 2026-07-17 20:06:00.160  4463  4463 W C02c02/PARAM: SystemReadParam failed!name is:persist.init.debug.loglevel,err:1002
CST 2026-07-17 20:06:00.163   309   850 I C01727/SceneRecognizeExt: [a92abe1aa627e28] [ReportExitUserInteractionSceneInner]report exit user interaction scene
CST 2026-07-17 20:06:00.169  4465  4465 W C02c02/PARAM: Selinux check name persist.init.debug.loglevel in u:object_r:startup_init_param:s0 [4465 2000 2000] failed
CST 2026-07-17 20:06:00.169  4465  4465 W C02c02/PARAM: Selinux check name persist.init.debug.loglevel in u:object_r:startup_init_param:s0 [4465 2000 2000] failed
CST 2026-07-17 20:06:00.169  4465  4465 W C02c02/PARAM: SystemReadParam failed!name is:persist.init.debug.loglevel,err:1002
CST 2026-07-17 20:06:00.179  4466  4466 W C02c02/PARAM: Selinux check name persist.init.debug.loglevel in u:object_r:startup_init_param:s0 [4466 2000 2000] failed
CST 2026-07-17 20:06:00.179  4466  4466 W C02c02/PARAM: Selinux check name persist.init.debug.loglevel in u:object_r:startup_init_param:s0 [4466 2000 2000] failed
CST 2026-07-17 20:06:00.179  4466  4466 W C02c02/PARAM: SystemReadParam failed!name is:persist.init.debug.loglevel,err:1002
CST 2026-07-17 20:06:00.536  4469  4469 W C02c02/PARAM: Selinux check name persist.init.debug.loglevel in u:object_r:startup_init_param:s0 [4469 2000 2000] failed
CST 2026-07-17 20:06:00.536  4469  4469 W C02c02/PARAM: Selinux check name persist.init.debug.loglevel in u:object_r:startup_init_param:s0 [4469 2000 2000] failed
CST 2026-07-17 20:06:00.536  4469  4469 W C02c02/PARAM: SystemReadParam failed!name is:persist.init.debug.loglevel,err:1002
CST 2026-07-17 20:06:00.543  4469  4469 W C02c02/PARAM: Selinux check name persist.init.debug.loglevel in u:object_r:startup_init_param:s0 [4469 2000 2000] failed
CST 2026-07-17 20:06:00.543  4469  4469 W C02c02/PARAM: Selinux check name persist.init.debug.loglevel in u:object_r:startup_init_param:s0 [4469 2000 2000] failed
CST 2026-07-17 20:06:00.543  4469  4469 W C02c02/PARAM: SystemReadParam failed!name is:persist.init.debug.loglevel,err:1002
CST 2026-07-17 20:06:00.626  1694  1805 I C0430a/file_monitor_service: [MainMissionStatus:197]CanExit
CST 2026-07-17 20:06:00.626  1694  1805 I C0430a/file_monitor_service: [MainMissionStatus:203]SecondaryScanner idle
CST 2026-07-17 20:06:00.657   309   536 W C02948/ThermalAware: [thermal_aware_event_handler.cpp] there is no food for dog, rebind thermal service
CST 2026-07-17 20:06:00.657   309   536 W C02948/ThermalAware: [temperature_collector.cpp] subscribe temperature list is empty
CST 2026-07-17 20:06:00.657   309   536 W C02948/ThermalAware: [thermal_action_receiver.cpp] subscribe temperature list is empty
CST 2026-07-17 20:06:00.657   309   536 E C02948/ThermalAware: [thermal_aware_event_handler.cpp] thermal service subscribe failed
CST 2026-07-17 20:06:00.704  4472  4472 W C02c02/PARAM: Selinux check name persist.init.debug.loglevel in u:object_r:startup_init_param:s0 [4472 2000 2000] failed
CST 2026-07-17 20:06:00.705  4472  4472 W C02c02/PARAM: Selinux check name persist.init.debug.loglevel in u:object_r:startup_init_param:s0 [4472 2000 2000] failed
CST 2026-07-17 20:06:00.705  4472  4472 W C02c02/PARAM: SystemReadParam failed!name is:persist.init.debug.loglevel,err:1002
CST 2026-07-17 20:06:00.709  2205  2205 W A01c06/ICON: AppIconWeatherModel --> initWeatherListener, retryTimes: 4
CST 2026-07-17 20:06:00.713  4475  4475 W C02c02/PARAM: Selinux check name persist.init.debug.loglevel in u:object_r:startup_init_param:s0 [4475 2000 2000] failed
CST 2026-07-17 20:06:00.713  4475  4475 W C02c02/PARAM: Selinux check name persist.init.debug.loglevel in u:object_r:startup_init_param:s0 [4475 2000 2000] failed
CST 2026-07-17 20:06:00.713  4475  4475 W C02c02/PARAM: SystemReadParam failed!name is:persist.init.debug.loglevel,err:1002
CST 2026-07-17 20:06:00.715  4474  4474 W C02c02/PARAM: Selinux check name persist.init.debug.loglevel in u:object_r:startup_init_param:s0 [4474 2000 2000] failed
CST 2026-07-17 20:06:00.715  4474  4474 W C02c02/PARAM: Selinux check name persist.init.debug.loglevel in u:object_r:startup_init_param:s0 [4474 2000 2000] failed
CST 2026-07-17 20:06:00.715  4476  4476 W C02c02/PARAM: Selinux check name persist.init.debug.loglevel in u:object_r:startup_init_param:s0 [4476 2000 2000] failed
CST 2026-07-17 20:06:00.715  4474  4474 W C02c02/PARAM: SystemReadParam failed!name is:persist.init.debug.loglevel,err:1002
CST 2026-07-17 20:06:00.715  4476  4476 W C02c02/PARAM: Selinux check name persist.init.debug.loglevel in u:object_r:startup_init_param:s0 [4476 2000 2000] failed
CST 2026-07-17 20:06:00.715  4476  4476 W C02c02/PARAM: SystemReadParam failed!name is:persist.init.debug.loglevel,err:1002
CST 2026-07-17 20:06:00.715   469  1523 E C01707/CONCUR: [Interface] task 1523 apply qos failed, errno = 4
CST 2026-07-17 20:06:00.715   469  1523 E C01611/QosManager: QosManager: Failed to set thread QoS to QOS_USER_INTERACTIVE, ret: -1
CST 2026-07-17 20:06:00.716   728   979 W C01123/BMSCommon: bundle not exist -n com.huawei.hmsapp.totemweather -u 100 -i 0 -f 32
CST 2026-07-17 20:06:00.716   728   979 W C01121/BMSQuery: GetBundleInfo failed -n com.huawei.hmsapp.totemweather -u 100
CST 2026-07-17 20:06:00.716   469  1523 E C01651/BundleMgrProxy: GetBundleInfoFromBMS: GetBundleInfo failed!bundleName is com.huawei.hmsapp.totemweather, userId is 100
CST 2026-07-17 20:06:00.716   469  1523 E C01651/DataProviderConfig: GetFromProxyData: Get bundleInfo failed! bundleName:com.huawei.hmsapp.totemweather, userId:100, visitedId:100, uri:******icIconInfo
CST 2026-07-17 20:06:00.716   469  1523 E C01651/DataShareServiceImpl: GetBMSAndMetaDataStatus: CalledInfo failed! token:0x20087fab,ret:1001,uri:******icIconInfo
CST 2026-07-17 20:06:00.716   469  1523 E C01651/DataShareServiceImpl: GetSilentProxyStatus: BMS or metaData not ready to complete, token:0x20087fab, uri:******icIconInfo
CST 2026-07-17 20:06:00.716  2205  2205 E A01c06/ICON: AppIconWeatherModel --> get weather info failed, code: 15700010, message: The DataShareHelper is not initialized successfully.
CST 2026-07-17 20:06:00.727  4477  4477 W C02c02/PARAM: Selinux check name persist.init.debug.loglevel in u:object_r:startup_init_param:s0 [4477 2000 2000] failed
CST 2026-07-17 20:06:00.727  4478  4478 W C02c02/PARAM: Selinux check name persist.init.debug.loglevel in u:object_r:startup_init_param:s0 [4478 2000 2000] failed
CST 2026-07-17 20:06:00.727  4477  4477 W C02c02/PARAM: Selinux check name persist.init.debug.loglevel in u:object_r:startup_init_param:s0 [4477 2000 2000] failed
CST 2026-07-17 20:06:00.727  4478  4478 W C02c02/PARAM: Selinux check name persist.init.debug.loglevel in u:object_r:startup_init_param:s0 [4478 2000 2000] failed
CST 2026-07-17 20:06:00.727  4478  4478 W C02c02/PARAM: SystemReadParam failed!name is:persist.init.debug.loglevel,err:1002
CST 2026-07-17 20:06:00.727  4477  4477 W C02c02/PARAM: SystemReadParam failed!name is:persist.init.debug.loglevel,err:1002
CST 2026-07-17 20:06:00.752  2205  2205 W A01b06/KG: CoverViewController: cover_type register failed, retryCount: 2
CST 2026-07-17 20:06:00.953  4480  4480 W C02c02/PARAM: Selinux check name persist.init.debug.loglevel in u:object_r:startup_init_param:s0 [4480 2000 2000] failed
CST 2026-07-17 20:06:00.953  4480  4480 W C02c02/PARAM: Selinux check name persist.init.debug.loglevel in u:object_r:startup_init_param:s0 [4480 2000 2000] failed
CST 2026-07-17 20:06:00.953  4480  4480 W C02c02/PARAM: SystemReadParam failed!name is:persist.init.debug.loglevel,err:1002
CST 2026-07-17 20:06:00.960  4482  4482 W C02c02/PARAM: Selinux check name persist.init.debug.loglevel in u:object_r:startup_init_param:s0 [4482 2000 2000] failed
CST 2026-07-17 20:06:00.960  4482  4482 W C02c02/PARAM: Selinux check name persist.init.debug.loglevel in u:object_r:startup_init_param:s0 [4482 2000 2000] failed
CST 2026-07-17 20:06:00.960  4482  4482 W C02c02/PARAM: SystemReadParam failed!name is:persist.init.debug.loglevel,err:1002
CST 2026-07-17 20:06:00.967  4483  4483 W C02c02/PARAM: Selinux check name persist.init.debug.loglevel in u:object_r:startup_init_param:s0 [4483 2000 2000] failed
CST 2026-07-17 20:06:00.967  4483  4483 W C02c02/PARAM: Selinux check name persist.init.debug.loglevel in u:object_r:startup_init_param:s0 [4483 2000 2000] failed
CST 2026-07-17 20:06:00.967  4483  4483 W C02c02/PARAM: SystemReadParam failed!name is:persist.init.debug.loglevel,err:1002
CST 2026-07-17 20:06:00.992   417   600 I C02230/MovementManager: in CheckSubscribeInfo, Type 0,subscribe info is empty
CST 2026-07-17 20:06:00.992   417   600 I C02230/MovementManager: in SaveSubscribeInfo, Save type:0, event:3, packageName:locationhub
CST 2026-07-17 20:06:00.992   417   600 I C02230/MovementClientImpl: in EnableMsdpImpl, Enter type is 0, event is 3, interval is 200000000000
CST 2026-07-17 20:06:00.992   417   600 E C02230/MovementClientImpl: in GetAlgorithmInfo, Unsupport algorithm 0
CST 2026-07-17 20:06:00.992   417   600 E C02230/MovementClientImpl: in EnableMsdpImpl, Not support device
CST 2026-07-17 20:06:00.992   417   600 E C02230/MovementManager: in Subscribe, Failed to enable, ret is 60817420
CST 2026-07-17 20:06:00.993   417   600 E C02230/MovementService: in Subscribe, Failed to subscribe
CST 2026-07-17 20:06:00.993   460   510 E C02230/IMovementIdl: Read result failed, code is: 1.
CST 2026-07-17 20:06:00.993   460   510 E C02230/MovementClient: in SubscribeCallback, Subscribe failed, ret is 60817420.
CST 2026-07-17 20:06:00.993   460   510 E C02230/MovementClient: in SubscribeCallback, SubscribeCallback failed, ret is 60817420.
CST 2026-07-17 20:06:00.993   460   510 I C02300/Parking: Register MotionStatusCallback errorCode = 60817420
CST 2026-07-17 20:06:00.993   460   510 I C02300/Parking: Post Delayed Task Register VehicleStateCallback
CST 2026-07-17 20:06:01.031  2715  3226 E C02e00/UPDATE_SA: [hap_connection.cpp(50)]GetHapRemoteObject, remoteObj is nullptr, bundle com.huawei.hmos.ouc
CST 2026-07-17 20:06:01.031  2715  3226 I C01352/ExtMgr: [extension_manager_client.cpp134]name:com.huawei.hmos.ouc ServiceExtAbility, userId:-1.
CST 2026-07-17 20:06:01.032   728   979 I C01342/ServiceExt: [ABMS5529]element: com.huawei.hmos.ouc/ServiceExtAbility
CST 2026-07-17 20:06:01.032   728   979 W C01123/BMSCommon: bundle not exist -n com.huawei.hmos.ouc -u 100 -i 0 -f 0
CST 2026-07-17 20:06:01.032   728   979 W C01336/AMS: [start_ability_utils.cpp76]failed: com.huawei.hmos.ouc
CST 2026-07-17 20:06:01.032   728   979 W C01336/AMS: [crowd_test_interceptor.cpp54]GetAppInfo failed
CST 2026-07-17 20:06:01.032   728   979 W C01120/BMS: app_control_manager.cpp:GetAppRunningControlRule:397 getAppId failed,-n:com.huawei.hmos.ouc
CST 2026-07-17 20:06:01.032   728   979 W C01123/BMSCommon: uid(6666) invalid
CST 2026-07-17 20:06:01.033   728   979 I C01336/AMS: [start_ability_utils.cpp54]appIndex:-1
CST 2026-07-17 20:06:01.033   728   979 W C01123/BMSCommon: bundle not exist -n com.huawei.hmos.ouc -u 100 -i 0 -f 1062
CST 2026-07-17 20:06:01.033   728   979 I C01121/BMSQuery: ExplicitQueryAbility no match -n com.huawei.hmos.ouc -a ServiceExtAbility -u 100 -i 0
CST 2026-07-17 20:06:01.033   728   979 W C01120/BMS: query abilitys_ext code 8521480
CST 2026-07-17 20:06:01.033   728   979 W C01123/BMSCommon: bundle not exist -n com.huawei.hmos.ouc -u 100 -i 0 -f 1062
CST 2026-07-17 20:06:01.033   728   979 W C01121/BMSQuery: bundle_data_mgr.cpp:ExplicitQueryExtensionInfo:7239 ExplicitQueryExtensionInfo failed
CST 2026-07-17 20:06:01.033   728   979 I C01121/BMSQuery: ExplicitQueryExtension size:0 -n com.huawei.hmos.ouc -e ServiceExtAbility -u 100 -i 0
CST 2026-07-17 20:06:01.033   728   979 W C01121/BMSQuery: bundle_data_mgr.cpp:GetCloneAppIndexes:2463 no bundleName com.huawei.hmos.ouc found
CST 2026-07-17 20:06:01.033   728   979 W C01121/BMSQuery: bundle_mgr_host_impl.cpp:QueryExtensionAbilityInfos:3425 no valid extension info can be inquired
CST 2026-07-17 20:06:01.033   728   979 E C01336/AMS: [start_ability_utils.cpp290]extensionInfo empty
CST 2026-07-17 20:06:01.033   728   979 E C01342/ServiceExt: [ABMS5868]generate request error
CST 2026-07-17 20:06:01.034  2715  3226 E C02e00/UPDATE_SA: [hap_connection.cpp(82)]HapConnection call interface failed, ret 2097152
CST 2026-07-17 20:06:01.034  2715  3226 E C02e00/UPDATE_SA: [ouc_hap_connection.cpp(72)]SendRemoteRequest, can not connect to ouc
CST 2026-07-17 20:06:01.034  2715  3226 E C02e00/UPDATE_SA: [ouc_hap_connection.cpp(279)]SendMessage request failed, code: 5
CST 2026-07-17 20:06:01.126   163  1035 E C02d66/XPerf: [InquiryOhImpl::ExtractStringValue] Canonical FilePath: /sys/class/ithermal/lpm/lpm_freq failed.
CST 2026-07-17 20:06:01.126   163  1035 E C02d66/XPerf: [InquiryOhImpl::ExtractStringValue] Canonical FilePath: /sys/class/power_supply/Battery/status failed.
CST 2026-07-17 20:06:01.164   142   840 I C01800/SAMGR: NF SA:65962,830_197
CST 2026-07-17 20:06:01.324  4487  4487 W C02c02/PARAM: Selinux check name persist.init.debug.loglevel in u:object_r:startup_init_param:s0 [4487 2000 2000] failed
CST 2026-07-17 20:06:01.324  4487  4487 W C02c02/PARAM: Selinux check name persist.init.debug.loglevel in u:object_r:startup_init_param:s0 [4487 2000 2000] failed
CST 2026-07-17 20:06:01.324  4487  4487 W C02c02/PARAM: SystemReadParam failed!name is:persist.init.debug.loglevel,err:1002
CST 2026-07-17 20:06:01.331  4487  4487 W C02c02/PARAM: Selinux check name persist.init.debug.loglevel in u:object_r:startup_init_param:s0 [4487 2000 2000] failed
CST 2026-07-17 20:06:01.331  4487  4487 W C02c02/PARAM: Selinux check name persist.init.debug.loglevel in u:object_r:startup_init_param:s0 [4487 2000 2000] failed
CST 2026-07-17 20:06:01.331  4487  4487 W C02c02/PARAM: SystemReadParam failed!name is:persist.init.debug.loglevel,err:1002
CST 2026-07-17 20:06:01.365   142   840 I C01800/SAMGR: NF SA:65962,830_198
CST 2026-07-17 20:06:01.489  4490  4490 W C02c02/PARAM: Selinux check name persist.init.debug.loglevel in u:object_r:startup_init_param:s0 [4490 2000 2000] failed
CST 2026-07-17 20:06:01.489  4490  4490 W C02c02/PARAM: Selinux check name persist.init.debug.loglevel in u:object_r:startup_init_param:s0 [4490 2000 2000] failed
CST 2026-07-17 20:06:01.489  4490  4490 W C02c02/PARAM: SystemReadParam failed!name is:persist.init.debug.loglevel,err:1002
CST 2026-07-17 20:06:01.496  4494  4494 W C02c02/PARAM: Selinux check name persist.init.debug.loglevel in u:object_r:startup_init_param:s0 [4494 2000 2000] failed
CST 2026-07-17 20:06:01.496  4493  4493 W C02c02/PARAM: Selinux check name persist.init.debug.loglevel in u:object_r:startup_init_param:s0 [4493 2000 2000] failed
CST 2026-07-17 20:06:01.497  4494  4494 W C02c02/PARAM: Selinux check name persist.init.debug.loglevel in u:object_r:startup_init_param:s0 [4494 2000 2000] failed
CST 2026-07-17 20:06:01.497  4494  4494 W C02c02/PARAM: SystemReadParam failed!name is:persist.init.debug.loglevel,err:1002
CST 2026-07-17 20:06:01.497  4493  4493 W C02c02/PARAM: Selinux check name persist.init.debug.loglevel in u:object_r:startup_init_param:s0 [4493 2000 2000] failed
CST 2026-07-17 20:06:01.497  4492  4492 W C02c02/PARAM: Selinux check name persist.init.debug.loglevel in u:object_r:startup_init_param:s0 [4492 2000 2000] failed
CST 2026-07-17 20:06:01.497  4493  4493 W C02c02/PARAM: SystemReadParam failed!name is:persist.init.debug.loglevel,err:1002
CST 2026-07-17 20:06:01.497  4492  4492 W C02c02/PARAM: Selinux check name persist.init.debug.loglevel in u:object_r:startup_init_param:s0 [4492 2000 2000] failed
CST 2026-07-17 20:06:01.497  4492  4492 W C02c02/PARAM: SystemReadParam failed!name is:persist.init.debug.loglevel,err:1002
CST 2026-07-17 20:06:01.504  4495  4495 W C02c02/PARAM: Selinux check name persist.init.debug.loglevel in u:object_r:startup_init_param:s0 [4495 2000 2000] failed
CST 2026-07-17 20:06:01.505  4495  4495 W C02c02/PARAM: Selinux check name persist.init.debug.loglevel in u:object_r:startup_init_param:s0 [4495 2000 2000] failed
CST 2026-07-17 20:06:01.505  4495  4495 W C02c02/PARAM: SystemReadParam failed!name is:persist.init.debug.loglevel,err:1002
CST 2026-07-17 20:06:01.505  4496  4496 W C02c02/PARAM: Selinux check name persist.init.debug.loglevel in u:object_r:startup_init_param:s0 [4496 2000 2000] failed
CST 2026-07-17 20:06:01.505  4496  4496 W C02c02/PARAM: Selinux check name persist.init.debug.loglevel in u:object_r:startup_init_param:s0 [4496 2000 2000] failed
CST 2026-07-17 20:06:01.505  4496  4496 W C02c02/PARAM: SystemReadParam failed!name is:persist.init.debug.loglevel,err:1002
CST 2026-07-17 20:06:01.565   142   840 I C01800/SAMGR: NF SA:65962,830_199
CST 2026-07-17 20:06:01.626  1694  1805 I C0430a/file_monitor_service: [MainMissionStatus:197]CanExit
CST 2026-07-17 20:06:01.626  1694  1805 I C0430a/file_monitor_service: [MainMissionStatus:203]SecondaryScanner idle
CST 2026-07-17 20:06:01.719  2205  2205 W A01c06/ICON: AppIconWeatherModel --> initWeatherListener, retryTimes: 4
CST 2026-07-17 20:06:01.727   469  1523 E C01707/CONCUR: [Interface] task 1523 apply qos failed, errno = 4
CST 2026-07-17 20:06:01.727   469  1523 E C01611/QosManager: QosManager: Failed to set thread QoS to QOS_USER_INTERACTIVE, ret: -1
CST 2026-07-17 20:06:01.728   728   979 W C01123/BMSCommon: bundle not exist -n com.huawei.hmsapp.totemweather -u 100 -i 0 -f 32
CST 2026-07-17 20:06:01.728   728   979 W C01121/BMSQuery: GetBundleInfo failed -n com.huawei.hmsapp.totemweather -u 100
CST 2026-07-17 20:06:01.728   469  1523 E C01651/BundleMgrProxy: GetBundleInfoFromBMS: GetBundleInfo failed!bundleName is com.huawei.hmsapp.totemweather, userId is 100
CST 2026-07-17 20:06:01.728   469  1523 E C01651/DataProviderConfig: GetFromProxyData: Get bundleInfo failed! bundleName:com.huawei.hmsapp.totemweather, userId:100, visitedId:100, uri:******icIconInfo
CST 2026-07-17 20:06:01.728   469  1523 E C01651/DataShareServiceImpl: GetBMSAndMetaDataStatus: CalledInfo failed! token:0x20087fab,ret:1001,uri:******icIconInfo
CST 2026-07-17 20:06:01.728   469  1523 E C01651/DataShareServiceImpl: GetSilentProxyStatus: BMS or metaData not ready to complete, token:0x20087fab, uri:******icIconInfo
CST 2026-07-17 20:06:01.729  2205  2205 E A01c06/ICON: AppIconWeatherModel --> get weather info failed, code: 15700010, message: The DataShareHelper is not initialized successfully.
CST 2026-07-17 20:06:01.745  4498  4498 W C02c02/PARAM: Selinux check name persist.init.debug.loglevel in u:object_r:startup_init_param:s0 [4498 2000 2000] failed
CST 2026-07-17 20:06:01.746  4498  4498 W C02c02/PARAM: Selinux check name persist.init.debug.loglevel in u:object_r:startup_init_param:s0 [4498 2000 2000] failed
CST 2026-07-17 20:06:01.746  4498  4498 W C02c02/PARAM: SystemReadParam failed!name is:persist.init.debug.loglevel,err:1002
CST 2026-07-17 20:06:01.754  4500  4500 W C02c02/PARAM: Selinux check name persist.init.debug.loglevel in u:object_r:startup_init_param:s0 [4500 2000 2000] failed
CST 2026-07-17 20:06:01.754  4500  4500 W C02c02/PARAM: Selinux check name persist.init.debug.loglevel in u:object_r:startup_init_param:s0 [4500 2000 2000] failed
CST 2026-07-17 20:06:01.754  4500  4500 W C02c02/PARAM: SystemReadParam failed!name is:persist.init.debug.loglevel,err:1002
CST 2026-07-17 20:06:01.761  4501  4501 W C02c02/PARAM: Selinux check name persist.init.debug.loglevel in u:object_r:startup_init_param:s0 [4501 2000 2000] failed
CST 2026-07-17 20:06:01.761  4501  4501 W C02c02/PARAM: Selinux check name persist.init.debug.loglevel in u:object_r:startup_init_param:s0 [4501 2000 2000] failed
CST 2026-07-17 20:06:01.761  4501  4501 W C02c02/PARAM: SystemReadParam failed!name is:persist.init.debug.loglevel,err:1002
CST 2026-07-17 20:06:01.766   142   840 I C01800/SAMGR: NF SA:65962,830_200
CST 2026-07-17 20:06:01.850   643   719 I C02986/DisplayPowerBrightness: lux=[0/139683, 0/139829, 0/139974, 0/140120, 0/140266, 0/140411, ], bDelta=5.000000, dDelta=1.000000, size=63
CST 2026-07-17 20:06:01.966   142   840 I C01800/SAMGR: NF SA:65962,830_201
CST 2026-07-17 20:06:01.995  2522  2522 I C02500/Qemud: Guest heartbeat success.
CST 2026-07-17 20:06:02.034  2715  3226 E C02e00/UPDATE_SA: [hap_connection.cpp(50)]GetHapRemoteObject, remoteObj is nullptr, bundle com.huawei.hmos.ouc
CST 2026-07-17 20:06:02.034  2715  3226 I C01352/ExtMgr: [extension_manager_client.cpp134]name:com.huawei.hmos.ouc ServiceExtAbility, userId:-1.
CST 2026-07-17 20:06:02.034   728   979 I C01342/ServiceExt: [ABMS5529]element: com.huawei.hmos.ouc/ServiceExtAbility
CST 2026-07-17 20:06:02.035   728   979 W C01123/BMSCommon: bundle not exist -n com.huawei.hmos.ouc -u 100 -i 0 -f 0
CST 2026-07-17 20:06:02.035   728   979 W C01336/AMS: [start_ability_utils.cpp76]failed: com.huawei.hmos.ouc
CST 2026-07-17 20:06:02.035   728   979 W C01336/AMS: [crowd_test_interceptor.cpp54]GetAppInfo failed
CST 2026-07-17 20:06:02.035   728   979 W C01120/BMS: app_control_manager.cpp:GetAppRunningControlRule:397 getAppId failed,-n:com.huawei.hmos.ouc
CST 2026-07-17 20:06:02.035   728   979 W C01123/BMSCommon: uid(6666) invalid
CST 2026-07-17 20:06:02.035   728   979 I C01336/AMS: [start_ability_utils.cpp54]appIndex:-1
CST 2026-07-17 20:06:02.035   728   979 W C01123/BMSCommon: bundle not exist -n com.huawei.hmos.ouc -u 100 -i 0 -f 1062
CST 2026-07-17 20:06:02.035   728   979 I C01121/BMSQuery: ExplicitQueryAbility no match -n com.huawei.hmos.ouc -a ServiceExtAbility -u 100 -i 0
CST 2026-07-17 20:06:02.035   728   979 W C01120/BMS: query abilitys_ext code 8521480
CST 2026-07-17 20:06:02.036   728   979 W C01123/BMSCommon: bundle not exist -n com.huawei.hmos.ouc -u 100 -i 0 -f 1062
CST 2026-07-17 20:06:02.036   728   979 W C01121/BMSQuery: bundle_data_mgr.cpp:ExplicitQueryExtensionInfo:7239 ExplicitQueryExtensionInfo failed
CST 2026-07-17 20:06:02.036   728   979 I C01121/BMSQuery: ExplicitQueryExtension size:0 -n com.huawei.hmos.ouc -e ServiceExtAbility -u 100 -i 0
CST 2026-07-17 20:06:02.036   728   979 W C01121/BMSQuery: bundle_data_mgr.cpp:GetCloneAppIndexes:2463 no bundleName com.huawei.hmos.ouc found
CST 2026-07-17 20:06:02.036   728   979 W C01121/BMSQuery: bundle_mgr_host_impl.cpp:QueryExtensionAbilityInfos:3425 no valid extension info can be inquired
CST 2026-07-17 20:06:02.036   728   979 E C01336/AMS: [start_ability_utils.cpp290]extensionInfo empty
CST 2026-07-17 20:06:02.036   728   979 E C01342/ServiceExt: [ABMS5868]generate request error
CST 2026-07-17 20:06:02.036  2715  3226 E C02e00/UPDATE_SA: [hap_connection.cpp(82)]HapConnection call interface failed, ret 2097152
CST 2026-07-17 20:06:02.036  2715  3226 E C02e00/UPDATE_SA: [ouc_hap_connection.cpp(72)]SendRemoteRequest, can not connect to ouc
CST 2026-07-17 20:06:02.146  4505  4505 W C02c02/PARAM: Selinux check name persist.init.debug.loglevel in u:object_r:startup_init_param:s0 [4505 2000 2000] failed
CST 2026-07-17 20:06:02.146  4505  4505 W C02c02/PARAM: Selinux check name persist.init.debug.loglevel in u:object_r:startup_init_param:s0 [4505 2000 2000] failed
CST 2026-07-17 20:06:02.146  4505  4505 W C02c02/PARAM: SystemReadParam failed!name is:persist.init.debug.loglevel,err:1002
CST 2026-07-17 20:06:02.153  4505  4505 W C02c02/PARAM: Selinux check name persist.init.debug.loglevel in u:object_r:startup_init_param:s0 [4505 2000 2000] failed
CST 2026-07-17 20:06:02.153  4505  4505 W C02c02/PARAM: Selinux check name persist.init.debug.loglevel in u:object_r:startup_init_param:s0 [4505 2000 2000] failed
CST 2026-07-17 20:06:02.153  4505  4505 W C02c02/PARAM: SystemReadParam failed!name is:persist.init.debug.loglevel,err:1002
CST 2026-07-17 20:06:02.167   142   840 I C01800/SAMGR: NF SA:65962,830_202
CST 2026-07-17 20:06:02.367   142   840 I C01800/SAMGR: NF SA:65962,830_203
CST 2026-07-17 20:06:02.367   830   861 E C01810/SA_CLIENT: GetSaWrap SA:65962 not start
CST 2026-07-17 20:06:02.367   830   861 I C01409/APS_MANAGER: request system service object is not ready yet!
CST 2026-07-17 20:06:02.425  4508  4508 W C02c02/PARAM: Selinux check name persist.init.debug.loglevel in u:object_r:startup_init_param:s0 [4508 2000 2000] failed
CST 2026-07-17 20:06:02.425  4508  4508 W C02c02/PARAM: Selinux check name persist.init.debug.loglevel in u:object_r:startup_init_param:s0 [4508 2000 2000] failed
CST 2026-07-17 20:06:02.425  4508  4508 W C02c02/PARAM: SystemReadParam failed!name is:persist.init.debug.loglevel,err:1002
CST 2026-07-17 20:06:02.433  4511  4511 W C02c02/PARAM: Selinux check name persist.init.debug.loglevel in u:object_r:startup_init_param:s0 [4511 2000 2000] failed
CST 2026-07-17 20:06:02.433  4511  4511 W C02c02/PARAM: Selinux check name persist.init.debug.loglevel in u:object_r:startup_init_param:s0 [4511 2000 2000] failed
CST 2026-07-17 20:06:02.433  4512  4512 W C02c02/PARAM: Selinux check name persist.init.debug.loglevel in u:object_r:startup_init_param:s0 [4512 2000 2000] failed
CST 2026-07-17 20:06:02.433  4512  4512 W C02c02/PARAM: Selinux check name persist.init.debug.loglevel in u:object_r:startup_init_param:s0 [4512 2000 2000] failed
CST 2026-07-17 20:06:02.433  4511  4511 W C02c02/PARAM: SystemReadParam failed!name is:persist.init.debug.loglevel,err:1002
CST 2026-07-17 20:06:02.433  4510  4510 W C02c02/PARAM: Selinux check name persist.init.debug.loglevel in u:object_r:startup_init_param:s0 [4510 2000 2000] failed
CST 2026-07-17 20:06:02.433  4510  4510 W C02c02/PARAM: Selinux check name persist.init.debug.loglevel in u:object_r:startup_init_param:s0 [4510 2000 2000] failed
CST 2026-07-17 20:06:02.433  4512  4512 W C02c02/PARAM: SystemReadParam failed!name is:persist.init.debug.loglevel,err:1002
CST 2026-07-17 20:06:02.433  4510  4510 W C02c02/PARAM: SystemReadParam failed!name is:persist.init.debug.loglevel,err:1002
CST 2026-07-17 20:06:02.441  4513  4513 W C02c02/PARAM: Selinux check name persist.init.debug.loglevel in u:object_r:startup_init_param:s0 [4513 2000 2000] failed
CST 2026-07-17 20:06:02.441  4513  4513 W C02c02/PARAM: Selinux check name persist.init.debug.loglevel in u:object_r:startup_init_param:s0 [4513 2000 2000] failed
CST 2026-07-17 20:06:02.441  4513  4513 W C02c02/PARAM: SystemReadParam failed!name is:persist.init.debug.loglevel,err:1002
CST 2026-07-17 20:06:02.442  4514  4514 W C02c02/PARAM: Selinux check name persist.init.debug.loglevel in u:object_r:startup_init_param:s0 [4514 2000 2000] failed
CST 2026-07-17 20:06:02.442  4514  4514 W C02c02/PARAM: Selinux check name persist.init.debug.loglevel in u:object_r:startup_init_param:s0 [4514 2000 2000] failed
CST 2026-07-17 20:06:02.442  4514  4514 W C02c02/PARAM: SystemReadParam failed!name is:persist.init.debug.loglevel,err:1002
CST 2026-07-17 20:06:02.626  1694  1805 I C0430a/file_monitor_service: [MainMissionStatus:197]CanExit
CST 2026-07-17 20:06:02.626  1694  1805 I C0430a/file_monitor_service: [MainMissionStatus:203]SecondaryScanner idle
CST 2026-07-17 20:06:02.674  4516  4516 W C02c02/PARAM: Selinux check name persist.init.debug.loglevel in u:object_r:startup_init_param:s0 [4516 2000 2000] failed
CST 2026-07-17 20:06:02.674  4516  4516 W C02c02/PARAM: Selinux check name persist.init.debug.loglevel in u:object_r:startup_init_param:s0 [4516 2000 2000] failed
CST 2026-07-17 20:06:02.674  4516  4516 W C02c02/PARAM: SystemReadParam failed!name is:persist.init.debug.loglevel,err:1002
CST 2026-07-17 20:06:02.682  4518  4518 W C02c02/PARAM: Selinux check name persist.init.debug.loglevel in u:object_r:startup_init_param:s0 [4518 2000 2000] failed
CST 2026-07-17 20:06:02.682  4518  4518 W C02c02/PARAM: Selinux check name persist.init.debug.loglevel in u:object_r:startup_init_param:s0 [4518 2000 2000] failed
CST 2026-07-17 20:06:02.682  4518  4518 W C02c02/PARAM: SystemReadParam failed!name is:persist.init.debug.loglevel,err:1002
CST 2026-07-17 20:06:02.689  4519  4519 W C02c02/PARAM: Selinux check name persist.init.debug.loglevel in u:object_r:startup_init_param:s0 [4519 2000 2000] failed
CST 2026-07-17 20:06:02.689  4519  4519 W C02c02/PARAM: Selinux check name persist.init.debug.loglevel in u:object_r:startup_init_param:s0 [4519 2000 2000] failed
CST 2026-07-17 20:06:02.689  4519  4519 W C02c02/PARAM: SystemReadParam failed!name is:persist.init.debug.loglevel,err:1002
CST 2026-07-17 20:06:02.730  2205  2205 W A01c06/ICON: AppIconWeatherModel --> initWeatherListener, retryTimes: 4
CST 2026-07-17 20:06:02.738   469  1523 E C01707/CONCUR: [Interface] task 1523 apply qos failed, errno = 4
CST 2026-07-17 20:06:02.738   469  1523 E C01611/QosManager: QosManager: Failed to set thread QoS to QOS_USER_INTERACTIVE, ret: -1
CST 2026-07-17 20:06:02.739   728   979 W C01123/BMSCommon: bundle not exist -n com.huawei.hmsapp.totemweather -u 100 -i 0 -f 32
CST 2026-07-17 20:06:02.739   728   979 W C01121/BMSQuery: GetBundleInfo failed -n com.huawei.hmsapp.totemweather -u 100
CST 2026-07-17 20:06:02.739   469  1523 E C01651/BundleMgrProxy: GetBundleInfoFromBMS: GetBundleInfo failed!bundleName is com.huawei.hmsapp.totemweather, userId is 100
CST 2026-07-17 20:06:02.739   469  1523 E C01651/DataProviderConfig: GetFromProxyData: Get bundleInfo failed! bundleName:com.huawei.hmsapp.totemweather, userId:100, visitedId:100, uri:******icIconInfo
CST 2026-07-17 20:06:02.739   469  1523 E C01651/DataShareServiceImpl: GetBMSAndMetaDataStatus: CalledInfo failed! token:0x20087fab,ret:1001,uri:******icIconInfo
CST 2026-07-17 20:06:02.739   469  1523 E C01651/DataShareServiceImpl: GetSilentProxyStatus: BMS or metaData not ready to complete, token:0x20087fab, uri:******icIconInfo
CST 2026-07-17 20:06:02.739  2205  2205 E A01c06/ICON: AppIconWeatherModel --> get weather info failed, code: 15700010, message: The DataShareHelper is not initialized successfully.
CST 2026-07-17 20:06:02.815   164   552 E C02510/devsvc_manager_stub: StubGetService service ril_ext not found
CST 2026-07-17 20:06:02.815   163   761 E C02510/hdi_servmgr_client: get hdi service ril_ext failed, -1
CST 2026-07-17 20:06:02.815   163   761 I C02d19/CHR_SERVICE: RilRadioRadarTunnel, ConnectRilAdapterService chrRadio_ is nullptr!
CST 2026-07-17 20:06:02.815   164   552 E C02510/devsvc_manager_stub: StubGetService service hmi_service not found
CST 2026-07-17 20:06:02.815   163   761 E C02510/hdi_servmgr_client: get hdi service hmi_service failed, -1
CST 2026-07-17 20:06:02.815   163   761 E C02510/hmi_interface_proxy: Get:get remote object failed!
CST 2026-07-17 20:06:02.815   163   761 I C02d19/CHR_SERVICE: [HmiClient][chr_client]GetService: hmiInterface is nullptr.
CST 2026-07-17 20:06:02.815   163   761 I C02d19/CHR_SERVICE: [HmiClient][chr_client]TryGetServiceDelayed: retryCount=31, delayed=4000.
CST 2026-07-17 20:06:02.825   164   552 E C02510/devsvc_manager_stub: StubGetService service hmi_service not found
CST 2026-07-17 20:06:02.825   163   769 E C02510/hdi_servmgr_client: get hdi service hmi_service failed, -1
CST 2026-07-17 20:06:02.825   163   769 E C02510/hmi_interface_proxy: Get:get remote object failed!
CST 2026-07-17 20:06:02.825   163   769 I C02d19/CHR_SERVICE: [HmiClient][modem_log_client]GetService: hmiInterface is nullptr.
CST 2026-07-17 20:06:02.825   163   769 I C02d19/CHR_SERVICE: [HmiClient][modem_log_client]TryGetServiceDelayed: retryCount=31, delayed=4000.
CST 2026-07-17 20:06:03.036  2715  3226 E C02e00/UPDATE_SA: [hap_connection.cpp(50)]GetHapRemoteObject, remoteObj is nullptr, bundle com.huawei.hmos.ouc
CST 2026-07-17 20:06:03.036  2715  3226 I C01352/ExtMgr: [extension_manager_client.cpp134]name:com.huawei.hmos.ouc ServiceExtAbility, userId:-1.
CST 2026-07-17 20:06:03.037   728   979 I C01342/ServiceExt: [ABMS5529]element: com.huawei.hmos.ouc/ServiceExtAbility
CST 2026-07-17 20:06:03.037   728   979 W C01123/BMSCommon: bundle not exist -n com.huawei.hmos.ouc -u 100 -i 0 -f 0
CST 2026-07-17 20:06:03.037   728   979 W C01336/AMS: [start_ability_utils.cpp76]failed: com.huawei.hmos.ouc
CST 2026-07-17 20:06:03.037   728   979 W C01336/AMS: [crowd_test_interceptor.cpp54]GetAppInfo failed
CST 2026-07-17 20:06:03.037   728   979 W C01120/BMS: app_control_manager.cpp:GetAppRunningControlRule:397 getAppId failed,-n:com.huawei.hmos.ouc
CST 2026-07-17 20:06:03.037   728   979 W C01123/BMSCommon: uid(6666) invalid
CST 2026-07-17 20:06:03.037   728   979 I C01336/AMS: [start_ability_utils.cpp54]appIndex:-1
CST 2026-07-17 20:06:03.037   728   979 W C01123/BMSCommon: bundle not exist -n com.huawei.hmos.ouc -u 100 -i 0 -f 1062
CST 2026-07-17 20:06:03.037   728   979 I C01121/BMSQuery: ExplicitQueryAbility no match -n com.huawei.hmos.ouc -a ServiceExtAbility -u 100 -i 0
CST 2026-07-17 20:06:03.037   728   979 W C01120/BMS: query abilitys_ext code 8521480
CST 2026-07-17 20:06:03.038   728   979 W C01123/BMSCommon: bundle not exist -n com.huawei.hmos.ouc -u 100 -i 0 -f 1062
CST 2026-07-17 20:06:03.038   728   979 W C01121/BMSQuery: bundle_data_mgr.cpp:ExplicitQueryExtensionInfo:7239 ExplicitQueryExtensionInfo failed
CST 2026-07-17 20:06:03.038   728   979 I C01121/BMSQuery: ExplicitQueryExtension size:0 -n com.huawei.hmos.ouc -e ServiceExtAbility -u 100 -i 0
CST 2026-07-17 20:06:03.038   728   979 W C01121/BMSQuery: bundle_data_mgr.cpp:GetCloneAppIndexes:2463 no bundleName com.huawei.hmos.ouc found
CST 2026-07-17 20:06:03.038   728   979 W C01121/BMSQuery: bundle_mgr_host_impl.cpp:QueryExtensionAbilityInfos:3425 no valid extension info can be inquired
CST 2026-07-17 20:06:03.038   728   979 E C01336/AMS: [start_ability_utils.cpp290]extensionInfo empty
CST 2026-07-17 20:06:03.038   728   979 E C01342/ServiceExt: [ABMS5868]generate request error
CST 2026-07-17 20:06:03.038  2715  3226 E C02e00/UPDATE_SA: [hap_connection.cpp(82)]HapConnection call interface failed, ret 2097152
CST 2026-07-17 20:06:03.038  2715  3226 E C02e00/UPDATE_SA: [ouc_hap_connection.cpp(72)]SendRemoteRequest, can not connect to ouc
CST 2026-07-17 20:06:03.052  4522  4522 W C02c02/PARAM: Selinux check name persist.init.debug.loglevel in u:object_r:startup_init_param:s0 [4522 2000 2000] failed
CST 2026-07-17 20:06:03.052  4522  4522 W C02c02/PARAM: Selinux check name persist.init.debug.loglevel in u:object_r:startup_init_param:s0 [4522 2000 2000] failed
CST 2026-07-17 20:06:03.052  4522  4522 W C02c02/PARAM: SystemReadParam failed!name is:persist.init.debug.loglevel,err:1002
CST 2026-07-17 20:06:03.061  4522  4522 W C02c02/PARAM: Selinux check name persist.init.debug.loglevel in u:object_r:startup_init_param:s0 [4522 2000 2000] failed
CST 2026-07-17 20:06:03.061  4522  4522 W C02c02/PARAM: Selinux check name persist.init.debug.loglevel in u:object_r:startup_init_param:s0 [4522 2000 2000] failed
CST 2026-07-17 20:06:03.062  4522  4522 W C02c02/PARAM: SystemReadParam failed!name is:persist.init.debug.loglevel,err:1002
CST 2026-07-17 20:06:03.315   444   454 W C01c42/TimeService: uid:5523 id:420209108 wk:0
CST 2026-07-17 20:06:03.315   444   454 W C01c42/TimeService: id:420209108 we:3741876
CST 2026-07-17 20:06:03.315   444   454 W C01c42/TimeService: t3 142017
CST 2026-07-17 20:06:03.315   728   979 I C05301/LIVE_VIEW: [liveview_switch_manager.cpp(CheckRomUpgrade:400)]ProcessRomUpgrade success
CST 2026-07-17 20:06:03.315   728   979 W C01650/RdbStoreManager: IsConfigInvalidChanged:no bundleName
CST 2026-07-17 20:06:03.315   728   979 E C01650/SilentProxy: IsSupportSilentFromService:GetRdbService failed, err is 27394049.
CST 2026-07-17 20:06:03.428  4527  4527 W C02c02/PARAM: Selinux check name persist.init.debug.loglevel in u:object_r:startup_init_param:s0 [4527 2000 2000] failed
CST 2026-07-17 20:06:03.428  4527  4527 W C02c02/PARAM: Selinux check name persist.init.debug.loglevel in u:object_r:startup_init_param:s0 [4527 2000 2000] failed
CST 2026-07-17 20:06:03.428  4527  4527 W C02c02/PARAM: SystemReadParam failed!name is:persist.init.debug.loglevel,err:1002
CST 2026-07-17 20:06:03.436  4531  4531 W C02c02/PARAM: Selinux check name persist.init.debug.loglevel in u:object_r:startup_init_param:s0 [4531 2000 2000] failed
CST 2026-07-17 20:06:03.437  4531  4531 W C02c02/PARAM: Selinux check name persist.init.debug.loglevel in u:object_r:startup_init_param:s0 [4531 2000 2000] failed
CST 2026-07-17 20:06:03.437  4531  4531 W C02c02/PARAM: SystemReadParam failed!name is:persist.init.debug.loglevel,err:1002
CST 2026-07-17 20:06:03.439  4530  4530 W C02c02/PARAM: Selinux check name persist.init.debug.loglevel in u:object_r:startup_init_param:s0 [4530 2000 2000] failed
CST 2026-07-17 20:06:03.439  4529  4529 W C02c02/PARAM: Selinux check name persist.init.debug.loglevel in u:object_r:startup_init_param:s0 [4529 2000 2000] failed
CST 2026-07-17 20:06:03.439  4529  4529 W C02c02/PARAM: Selinux check name persist.init.debug.loglevel in u:object_r:startup_init_param:s0 [4529 2000 2000] failed
CST 2026-07-17 20:06:03.439  4530  4530 W C02c02/PARAM: Selinux check name persist.init.debug.loglevel in u:object_r:startup_init_param:s0 [4530 2000 2000] failed
CST 2026-07-17 20:06:03.439  4529  4529 W C02c02/PARAM: SystemReadParam failed!name is:persist.init.debug.loglevel,err:1002
CST 2026-07-17 20:06:03.439  4530  4530 W C02c02/PARAM: SystemReadParam failed!name is:persist.init.debug.loglevel,err:1002
CST 2026-07-17 20:06:03.451  4532  4532 W C02c02/PARAM: Selinux check name persist.init.debug.loglevel in u:object_r:startup_init_param:s0 [4532 2000 2000] failed
CST 2026-07-17 20:06:03.451  4533  4533 W C02c02/PARAM: Selinux check name persist.init.debug.loglevel in u:object_r:startup_init_param:s0 [4533 2000 2000] failed
CST 2026-07-17 20:06:03.452  4533  4533 W C02c02/PARAM: Selinux check name persist.init.debug.loglevel in u:object_r:startup_init_param:s0 [4533 2000 2000] failed
CST 2026-07-17 20:06:03.452  4532  4532 W C02c02/PARAM: Selinux check name persist.init.debug.loglevel in u:object_r:startup_init_param:s0 [4532 2000 2000] failed
CST 2026-07-17 20:06:03.452  4532  4532 W C02c02/PARAM: SystemReadParam failed!name is:persist.init.debug.loglevel,err:1002
CST 2026-07-17 20:06:03.452  4533  4533 W C02c02/PARAM: SystemReadParam failed!name is:persist.init.debug.loglevel,err:1002
CST 2026-07-17 20:06:03.456   444   454 W C01c42/TimeService: uid:5523 id:930806353 wk:0
CST 2026-07-17 20:06:03.456   444   454 W C01c42/TimeService: t3 143561
CST 2026-07-17 20:06:03.456   444   519 I C01c42/TimeService: start:930806353 typ:1 int:0 trig:1784289993456 pid:728
CST 2026-07-17 20:06:03.456   444   519 W C01c42/TimeService: id:930806353 we:172017
CST 2026-07-17 20:06:03.456   728  1077 I C01202/Unordered: Pid 728 publish notification.event.PUSH_AGENT to -1 end(1,1,0,0)
CST 2026-07-17 20:06:03.464   588   723 I C02511/HDF_LOG_TAG: [a92ab01aab7136e] BL active,T=65
CST 2026-07-17 20:06:03.464   643   651 E C02510/power_interface_proxy: [a92ab01aab7136e] HoldRunningLockExt_ failed, error code is -1
CST 2026-07-17 20:06:03.464   643   651 E C02908/PowerRunningLock: [a92ab01aab7136e] try lock increase fail,N:push_manager_service_pushAgentEventThread_52022,T:65,C:0
CST 2026-07-17 20:06:03.464   643   651 I C02908/PowerRunningLock: [a92ab01aab7136e] Timerid=70,Ms=5000
CST 2026-07-17 20:06:03.464   418  4535 I C05300/push60100022: [a92ab01aab7136e] This is PushAgentProcessor, code: 6
CST 2026-07-17 20:06:03.464   418  4535 I C05300/push60100022: [a92ab01aab7136e] Report notification event to ha begin
CST 2026-07-17 20:06:03.464   418  4535 W C05300/push: [a92ab01aab7136e] EncryptWithSha256: Parame is Illeage
CST 2026-07-17 20:06:03.464   418  4535 I C05300/push: [a92ab01aab7136e] GetBundleInfoV9 start, bundleName:com.ohos.sceneboard
CST 2026-07-17 20:06:03.466   643   651 I C02908/PowerRunningLock: [a92ab01aab7136e] timer exist,unregistId=70
CST 2026-07-17 20:06:03.466   643   651 I C02908/PowerRunningLock: [a92ab01aab7136e] UL N=push_manager_service_pushAgentEventThread_52022
CST 2026-07-17 20:06:03.466   418  4536 I C04707/HaClientLite: [a92ab01aab7136e] SetConfigOptions(push_service1)
CST 2026-07-17 20:06:03.466   418  4536 I C04707/HaClientLite: [a92ab01aab7136e] OnEvents(push_service1, 2)
CST 2026-07-17 20:06:03.505   311   388 I C015b5/NetMgrEnhanced: OnDelayedAppBackground unReg AppQoe for cn.alfadb.netbird.e3vpna
CST 2026-07-17 20:06:03.505   311   388 W C015b5/NetMgrEnhanced: Qoe is not supported.
CST 2026-07-17 20:06:03.505   311   388 I C015b5/NetMgrEnhanced: qoeInterface is null
CST 2026-07-17 20:06:03.627  1694  1805 I C0430a/file_monitor_service: [MainMissionStatus:197]CanExit
CST 2026-07-17 20:06:03.627  1694  1805 I C0430a/file_monitor_service: [MainMissionStatus:203]SecondaryScanner idle
CST 2026-07-17 20:06:03.677  4538  4538 W C02c02/PARAM: Selinux check name persist.init.debug.loglevel in u:object_r:startup_init_param:s0 [4538 2000 2000] failed
CST 2026-07-17 20:06:03.677  4538  4538 W C02c02/PARAM: Selinux check name persist.init.debug.loglevel in u:object_r:startup_init_param:s0 [4538 2000 2000] failed
CST 2026-07-17 20:06:03.677  4538  4538 W C02c02/PARAM: SystemReadParam failed!name is:persist.init.debug.loglevel,err:1002
CST 2026-07-17 20:06:03.684  4540  4540 W C02c02/PARAM: Selinux check name persist.init.debug.loglevel in u:object_r:startup_init_param:s0 [4540 2000 2000] failed
CST 2026-07-17 20:06:03.684  4540  4540 W C02c02/PARAM: Selinux check name persist.init.debug.loglevel in u:object_r:startup_init_param:s0 [4540 2000 2000] failed
CST 2026-07-17 20:06:03.684  4540  4540 W C02c02/PARAM: SystemReadParam failed!name is:persist.init.debug.loglevel,err:1002
CST 2026-07-17 20:06:03.691  4541  4541 W C02c02/PARAM: Selinux check name persist.init.debug.loglevel in u:object_r:startup_init_param:s0 [4541 2000 2000] failed
CST 2026-07-17 20:06:03.691  4541  4541 W C02c02/PARAM: Selinux check name persist.init.debug.loglevel in u:object_r:startup_init_param:s0 [4541 2000 2000] failed
CST 2026-07-17 20:06:03.691  4541  4541 W C02c02/PARAM: SystemReadParam failed!name is:persist.init.debug.loglevel,err:1002
CST 2026-07-17 20:06:03.741  2205  2205 W A01c06/ICON: AppIconWeatherModel --> initWeatherListener, retryTimes: 4
CST 2026-07-17 20:06:03.749   469  1523 E C01707/CONCUR: [Interface] task 1523 apply qos failed, errno = 4
CST 2026-07-17 20:06:03.749   469  1523 E C01611/QosManager: QosManager: Failed to set thread QoS to QOS_USER_INTERACTIVE, ret: -1
CST 2026-07-17 20:06:03.749   728   979 W C01123/BMSCommon: bundle not exist -n com.huawei.hmsapp.totemweather -u 100 -i 0 -f 32
CST 2026-07-17 20:06:03.749   728   979 W C01121/BMSQuery: GetBundleInfo failed -n com.huawei.hmsapp.totemweather -u 100
CST 2026-07-17 20:06:03.750   469  1523 E C01651/BundleMgrProxy: GetBundleInfoFromBMS: GetBundleInfo failed!bundleName is com.huawei.hmsapp.totemweather, userId is 100
CST 2026-07-17 20:06:03.750   469  1523 E C01651/DataProviderConfig: GetFromProxyData: Get bundleInfo failed! bundleName:com.huawei.hmsapp.totemweather, userId:100, visitedId:100, uri:******icIconInfo
CST 2026-07-17 20:06:03.750   469  1523 E C01651/DataShareServiceImpl: GetBMSAndMetaDataStatus: CalledInfo failed! token:0x20087fab,ret:1001,uri:******icIconInfo
CST 2026-07-17 20:06:03.750   469  1523 E C01651/DataShareServiceImpl: GetSilentProxyStatus: BMS or metaData not ready to complete, token:0x20087fab, uri:******icIconInfo
CST 2026-07-17 20:06:03.750  2205  2205 E A01c06/ICON: AppIconWeatherModel --> get weather info failed, code: 15700010, message: The DataShareHelper is not initialized successfully.
CST 2026-07-17 20:06:03.892   643   714 I C02986/DisplayPowerBrightness: lux=[0/141726, 0/141872, 0/142017, 0/142163, 0/142308, 0/142454, ], bDelta=5.000000, dDelta=1.000000, size=63
CST 2026-07-17 20:06:03.926   460   512 I C02300/FenceExtension: start connectAbility,userId:-1
CST 2026-07-17 20:06:03.926   460   512 I C02300/FenceExtension: ConnectAbility
CST 2026-07-17 20:06:03.926   460   512 I C01342/ServiceExt: [AMC599]name:com.huawei.hmos.location SAFeatureServiceExtensionAbility, userId:-1
CST 2026-07-17 20:06:03.926   728   979 I C01342/ServiceExt: [a92ab91aabe216e, f22459, 0] [ABMS5529]element: com.huawei.hmos.location/SAFeatureServiceExtensionAbility
CST 2026-07-17 20:06:03.926   728   979 W C01123/BMSCommon: [a92ab91aabe216e, f22459, 0] uid(1021) invalid
CST 2026-07-17 20:06:03.927   728   979 I C01336/AMS: [a92ab91aabe216e, f22459, 0] [start_ability_utils.cpp54]appIndex:-1
CST 2026-07-17 20:06:03.927   728   979 I C01121/BMSQuery: [a92ab91aabe216e, f22459, 0] ExplicitQueryAbility no match -n com.huawei.hmos.location -a SAFeatureServiceExtensionAbility -u 100 -i 0
CST 2026-07-17 20:06:03.927   728   979 W C01121/BMSQuery: [a92ab91aabe216e, f22459, 0] bundle_data_mgr.cpp:ExplicitQueryExtensionInfo:7268 extensionAbility not found or disabled
CST 2026-07-17 20:06:03.927   728   979 I C01121/BMSQuery: [a92ab91aabe216e, f22459, 0] ExplicitQueryExtension size:0 -n com.huawei.hmos.location -e SAFeatureServiceExtensionAbility -u 100 -i 0
CST 2026-07-17 20:06:03.927   728   979 W C01121/BMSQuery: [a92ab91aabe216e, f22459, 0] bundle_mgr_host_impl.cpp:QueryExtensionAbilityInfos:3425 no valid extension info can be inquired
CST 2026-07-17 20:06:03.927   728   979 E C01336/AMS: [a92ab91aabe216e, f22459, 0] [start_ability_utils.cpp290]extensionInfo empty
CST 2026-07-17 20:06:03.927   728   979 E C01342/ServiceExt: [a92ab91aabe216e, f22459, 0] [ABMS5868]generate request error
CST 2026-07-17 20:06:03.927   460   512 E C02300/FenceExtension: [(DoConnect:153)]CONNECT_ABILITY_FAILED,ret:2097152
CST 2026-07-17 20:06:03.927   460   512 I C02300/FenceExtension: start connectAbility,userId:-1
CST 2026-07-17 20:06:03.927   460   512 I C02300/FenceExtension: ConnectAbility
CST 2026-07-17 20:06:03.927   460   512 I C01342/ServiceExt: [AMC599]name:com.huawei.hmos.location SAFeatureServiceExtensionAbility, userId:-1
CST 2026-07-17 20:06:03.928   728   979 I C01342/ServiceExt: [a92aba1aabe28e2, 305ce2b, 0] [ABMS5529]element: com.huawei.hmos.location/SAFeatureServiceExtensionAbility
CST 2026-07-17 20:06:03.928   728   979 W C01123/BMSCommon: [a92aba1aabe28e2, 305ce2b, 0] uid(1021) invalid
CST 2026-07-17 20:06:03.928   728   979 I C01336/AMS: [a92aba1aabe28e2, 305ce2b, 0] [start_ability_utils.cpp54]appIndex:-1
CST 2026-07-17 20:06:03.928   728   979 I C01121/BMSQuery: [a92aba1aabe28e2, 305ce2b, 0] ExplicitQueryAbility no match -n com.huawei.hmos.location -a SAFeatureServiceExtensionAbility -u 100 -i 0
CST 2026-07-17 20:06:03.929   728   979 W C01121/BMSQuery: [a92aba1aabe28e2, 305ce2b, 0] bundle_data_mgr.cpp:ExplicitQueryExtensionInfo:7268 extensionAbility not found or disabled
CST 2026-07-17 20:06:03.929   728   979 I C01121/BMSQuery: [a92aba1aabe28e2, 305ce2b, 0] ExplicitQueryExtension size:0 -n com.huawei.hmos.location -e SAFeatureServiceExtensionAbility -u 100 -i 0
CST 2026-07-17 20:06:03.929   728   979 W C01121/BMSQuery: [a92aba1aabe28e2, 305ce2b, 0] bundle_mgr_host_impl.cpp:QueryExtensionAbilityInfos:3425 no valid extension info can be inquired
CST 2026-07-17 20:06:03.929   728   979 E C01336/AMS: [a92aba1aabe28e2, 305ce2b, 0] [start_ability_utils.cpp290]extensionInfo empty
CST 2026-07-17 20:06:03.929   728   979 E C01342/ServiceExt: [a92aba1aabe28e2, 305ce2b, 0] [ABMS5868]generate request error
CST 2026-07-17 20:06:03.929   460   512 E C02300/FenceExtension: [(DoConnect:153)]CONNECT_ABILITY_FAILED,ret:2097152
CST 2026-07-17 20:06:03.929   460   512 W C02300/FenceExtension: connect failed,retry again
CST 2026-07-17 20:06:04.038  2715  3226 E C02e00/UPDATE_SA: [hap_connection.cpp(50)]GetHapRemoteObject, remoteObj is nullptr, bundle com.huawei.hmos.ouc
CST 2026-07-17 20:06:04.038  2715  3226 I C01352/ExtMgr: [extension_manager_client.cpp134]name:com.huawei.hmos.ouc ServiceExtAbility, userId:-1.
CST 2026-07-17 20:06:04.038   728   979 I C01342/ServiceExt: [ABMS5529]element: com.huawei.hmos.ouc/ServiceExtAbility
CST 2026-07-17 20:06:04.039   728   979 W C01123/BMSCommon: bundle not exist -n com.huawei.hmos.ouc -u 100 -i 0 -f 0
CST 2026-07-17 20:06:04.039   728   979 W C01336/AMS: [start_ability_utils.cpp76]failed: com.huawei.hmos.ouc
CST 2026-07-17 20:06:04.039   728   979 W C01336/AMS: [crowd_test_interceptor.cpp54]GetAppInfo failed
CST 2026-07-17 20:06:04.039   728   979 W C01120/BMS: app_control_manager.cpp:GetAppRunningControlRule:397 getAppId failed,-n:com.huawei.hmos.ouc
CST 2026-07-17 20:06:04.039   728   979 W C01123/BMSCommon: uid(6666) invalid
CST 2026-07-17 20:06:04.039   728   979 I C01336/AMS: [start_ability_utils.cpp54]appIndex:-1
CST 2026-07-17 20:06:04.039   728   979 W C01123/BMSCommon: bundle not exist -n com.huawei.hmos.ouc -u 100 -i 0 -f 1062
CST 2026-07-17 20:06:04.039   728   979 I C01121/BMSQuery: ExplicitQueryAbility no match -n com.huawei.hmos.ouc -a ServiceExtAbility -u 100 -i 0
CST 2026-07-17 20:06:04.039   728   979 W C01120/BMS: query abilitys_ext code 8521480
CST 2026-07-17 20:06:04.040   728   979 W C01123/BMSCommon: bundle not exist -n com.huawei.hmos.ouc -u 100 -i 0 -f 1062
CST 2026-07-17 20:06:04.040   728   979 W C01121/BMSQuery: bundle_data_mgr.cpp:ExplicitQueryExtensionInfo:7239 ExplicitQueryExtensionInfo failed
CST 2026-07-17 20:06:04.040   728   979 I C01121/BMSQuery: ExplicitQueryExtension size:0 -n com.huawei.hmos.ouc -e ServiceExtAbility -u 100 -i 0
CST 2026-07-17 20:06:04.040   728   979 W C01121/BMSQuery: bundle_data_mgr.cpp:GetCloneAppIndexes:2463 no bundleName com.huawei.hmos.ouc found
CST 2026-07-17 20:06:04.040   728   979 W C01121/BMSQuery: bundle_mgr_host_impl.cpp:QueryExtensionAbilityInfos:3425 no valid extension info can be inquired
CST 2026-07-17 20:06:04.040   728   979 E C01336/AMS: [start_ability_utils.cpp290]extensionInfo empty
CST 2026-07-17 20:06:04.040   728   979 E C01342/ServiceExt: [ABMS5868]generate request error
CST 2026-07-17 20:06:04.040  2715  3226 E C02e00/UPDATE_SA: [hap_connection.cpp(82)]HapConnection call interface failed, ret 2097152
CST 2026-07-17 20:06:04.040  2715  3226 E C02e00/UPDATE_SA: [ouc_hap_connection.cpp(72)]SendRemoteRequest, can not connect to ouc
CST 2026-07-17 20:06:04.040  2715  3226 E C02e00/UPDATE_SA: [ouc_hap_connection.cpp(279)]SendMessage request failed, code: 5
CST 2026-07-17 20:06:04.054   319  4046 W C01f04/MultiSimontroller: [GetSimAccountInfo-(multi_sim_controller.cpp:1141)] slotId 0 is invalid
CST 2026-07-17 20:06:04.054   319  4046 E C01f04/TelephonySubsystem: GetSimAccountInfo fail!
CST 2026-07-17 20:06:04.094  4544  4544 W C02c02/PARAM: Selinux check name persist.init.debug.loglevel in u:object_r:startup_init_param:s0 [4544 2000 2000] failed
CST 2026-07-17 20:06:04.094  4544  4544 W C02c02/PARAM: Selinux check name persist.init.debug.loglevel in u:object_r:startup_init_param:s0 [4544 2000 2000] failed
CST 2026-07-17 20:06:04.094  4544  4544 W C02c02/PARAM: SystemReadParam failed!name is:persist.init.debug.loglevel,err:1002
CST 2026-07-17 20:06:04.101  4544  4544 W C02c02/PARAM: Selinux check name persist.init.debug.loglevel in u:object_r:startup_init_param:s0 [4544 2000 2000] failed
CST 2026-07-17 20:06:04.101  4544  4544 W C02c02/PARAM: Selinux check name persist.init.debug.loglevel in u:object_r:startup_init_param:s0 [4544 2000 2000] failed
CST 2026-07-17 20:06:04.101  4544  4544 W C02c02/PARAM: SystemReadParam failed!name is:persist.init.debug.loglevel,err:1002
CST 2026-07-17 20:06:04.308  1514  4546 I C04315/CloudKitSA: ExecuteSAUnloadTask execute SA unload task, lastExecuteTime: 1784289842716
CST 2026-07-17 20:06:04.308  1514  4546 I C04315/CloudKitSA: ExecuteSAUnloadTask SA last execute time less than 1784289842716 ms, no need unload now.
CST 2026-07-17 20:06:04.369   142   840 I C01800/SAMGR: NF SA:65962,830_204
CST 2026-07-17 20:06:04.428  4548  4548 W C02c02/PARAM: Selinux check name persist.init.debug.loglevel in u:object_r:startup_init_param:s0 [4548 2000 2000] failed
CST 2026-07-17 20:06:04.428  4548  4548 W C02c02/PARAM: Selinux check name persist.init.debug.loglevel in u:object_r:startup_init_param:s0 [4548 2000 2000] failed
CST 2026-07-17 20:06:04.428  4548  4548 W C02c02/PARAM: SystemReadParam failed!name is:persist.init.debug.loglevel,err:1002
CST 2026-07-17 20:06:04.435  4550  4550 W C02c02/PARAM: Selinux check name persist.init.debug.loglevel in u:object_r:startup_init_param:s0 [4550 2000 2000] failed
CST 2026-07-17 20:06:04.435  4550  4550 W C02c02/PARAM: Selinux check name persist.init.debug.loglevel in u:object_r:startup_init_param:s0 [4550 2000 2000] failed
CST 2026-07-17 20:06:04.435  4550  4550 W C02c02/PARAM: SystemReadParam failed!name is:persist.init.debug.loglevel,err:1002
CST 2026-07-17 20:06:04.435  4551  4551 W C02c02/PARAM: Selinux check name persist.init.debug.loglevel in u:object_r:startup_init_param:s0 [4551 2000 2000] failed
CST 2026-07-17 20:06:04.436  4551  4551 W C02c02/PARAM: Selinux check name persist.init.debug.loglevel in u:object_r:startup_init_param:s0 [4551 2000 2000] failed
CST 2026-07-17 20:06:04.436  4551  4551 W C02c02/PARAM: SystemReadParam failed!name is:persist.init.debug.loglevel,err:1002
CST 2026-07-17 20:06:04.436  4552  4552 W C02c02/PARAM: Selinux check name persist.init.debug.loglevel in u:object_r:startup_init_param:s0 [4552 2000 2000] failed
CST 2026-07-17 20:06:04.436  4552  4552 W C02c02/PARAM: Selinux check name persist.init.debug.loglevel in u:object_r:startup_init_param:s0 [4552 2000 2000] failed
CST 2026-07-17 20:06:04.436  4552  4552 W C02c02/PARAM: SystemReadParam failed!name is:persist.init.debug.loglevel,err:1002
CST 2026-07-17 20:06:04.443  4553  4553 W C02c02/PARAM: Selinux check name persist.init.debug.loglevel in u:object_r:startup_init_param:s0 [4553 2000 2000] failed
CST 2026-07-17 20:06:04.443  4553  4553 W C02c02/PARAM: Selinux check name persist.init.debug.loglevel in u:object_r:startup_init_param:s0 [4553 2000 2000] failed
CST 2026-07-17 20:06:04.443  4553  4553 W C02c02/PARAM: SystemReadParam failed!name is:persist.init.debug.loglevel,err:1002
CST 2026-07-17 20:06:04.444  4554  4554 W C02c02/PARAM: Selinux check name persist.init.debug.loglevel in u:object_r:startup_init_param:s0 [4554 2000 2000] failed
CST 2026-07-17 20:06:04.444  4554  4554 W C02c02/PARAM: Selinux check name persist.init.debug.loglevel in u:object_r:startup_init_param:s0 [4554 2000 2000] failed
CST 2026-07-17 20:06:04.444  4554  4554 W C02c02/PARAM: SystemReadParam failed!name is:persist.init.debug.loglevel,err:1002
CST 2026-07-17 20:06:04.569   142   840 I C01800/SAMGR: NF SA:65962,830_205
CST 2026-07-17 20:06:04.627  1694  1805 I C0430a/file_monitor_service: [MainMissionStatus:197]CanExit
CST 2026-07-17 20:06:04.627  1694  1805 I C0430a/file_monitor_service: [MainMissionStatus:203]SecondaryScanner idle
CST 2026-07-17 20:06:04.688  4556  4556 W C02c02/PARAM: Selinux check name persist.init.debug.loglevel in u:object_r:startup_init_param:s0 [4556 2000 2000] failed
CST 2026-07-17 20:06:04.688  4556  4556 W C02c02/PARAM: Selinux check name persist.init.debug.loglevel in u:object_r:startup_init_param:s0 [4556 2000 2000] failed
CST 2026-07-17 20:06:04.688  4556  4556 W C02c02/PARAM: SystemReadParam failed!name is:persist.init.debug.loglevel,err:1002
CST 2026-07-17 20:06:04.696  4558  4558 W C02c02/PARAM: Selinux check name persist.init.debug.loglevel in u:object_r:startup_init_param:s0 [4558 2000 2000] failed
CST 2026-07-17 20:06:04.696  4558  4558 W C02c02/PARAM: Selinux check name persist.init.debug.loglevel in u:object_r:startup_init_param:s0 [4558 2000 2000] failed
CST 2026-07-17 20:06:04.696  4558  4558 W C02c02/PARAM: SystemReadParam failed!name is:persist.init.debug.loglevel,err:1002
CST 2026-07-17 20:06:04.704  4559  4559 W C02c02/PARAM: Selinux check name persist.init.debug.loglevel in u:object_r:startup_init_param:s0 [4559 2000 2000] failed
CST 2026-07-17 20:06:04.704  4559  4559 W C02c02/PARAM: Selinux check name persist.init.debug.loglevel in u:object_r:startup_init_param:s0 [4559 2000 2000] failed
CST 2026-07-17 20:06:04.704  4559  4559 W C02c02/PARAM: SystemReadParam failed!name is:persist.init.debug.loglevel,err:1002
CST 2026-07-17 20:06:04.752  2205  2205 W A01c06/ICON: AppIconWeatherModel --> initWeatherListener, retryTimes: 4
CST 2026-07-17 20:06:04.760   469  1523 E C01707/CONCUR: [Interface] task 1523 apply qos failed, errno = 4
CST 2026-07-17 20:06:04.760   469  1523 E C01611/QosManager: QosManager: Failed to set thread QoS to QOS_USER_INTERACTIVE, ret: -1
CST 2026-07-17 20:06:04.761   728   979 W C01123/BMSCommon: bundle not exist -n com.huawei.hmsapp.totemweather -u 100 -i 0 -f 32
CST 2026-07-17 20:06:04.761   728   979 W C01121/BMSQuery: GetBundleInfo failed -n com.huawei.hmsapp.totemweather -u 100
CST 2026-07-17 20:06:04.761   469  1523 E C01651/BundleMgrProxy: GetBundleInfoFromBMS: GetBundleInfo failed!bundleName is com.huawei.hmsapp.totemweather, userId is 100
CST 2026-07-17 20:06:04.761   469  1523 E C01651/DataProviderConfig: GetFromProxyData: Get bundleInfo failed! bundleName:com.huawei.hmsapp.totemweather, userId:100, visitedId:100, uri:******icIconInfo
CST 2026-07-17 20:06:04.761   469  1523 E C01651/DataShareServiceImpl: GetBMSAndMetaDataStatus: CalledInfo failed! token:0x20087fab,ret:1001,uri:******icIconInfo
CST 2026-07-17 20:06:04.761   469  1523 E C01651/DataShareServiceImpl: GetSilentProxyStatus: BMS or metaData not ready to complete, token:0x20087fab, uri:******icIconInfo
CST 2026-07-17 20:06:04.761  2205  2205 E A01c06/ICON: AppIconWeatherModel --> get weather info failed, code: 15700010, message: The DataShareHelper is not initialized successfully.
CST 2026-07-17 20:06:04.769   142   840 I C01800/SAMGR: NF SA:65962,830_206
CST 2026-07-17 20:06:04.904   588   724 W C02943/ThermalHdi: Read node failed, title = brightness
CST 2026-07-17 20:06:04.904   588   724 W C02943/ThermalHdi: Read node failed, title = 
CST 2026-07-17 20:06:04.904   588   724 W C02943/ThermalHdi: Read node failed, title = 
CST 2026-07-17 20:06:04.904   588   724 W C02943/ThermalHdi: Read node failed, title = 
CST 2026-07-17 20:06:04.904   588   724 W C02943/ThermalHdi: Read node failed, title = 
CST 2026-07-17 20:06:04.904   588   724 W C02943/ThermalHdi: Read node failed, title = 
CST 2026-07-17 20:06:04.904   588   724 W C02943/ThermalHdi: Read node failed, title = 
CST 2026-07-17 20:06:04.904   588   724 W C02943/ThermalHdi: Read node failed, title = 
CST 2026-07-17 20:06:04.904   588   724 W C02943/ThermalHdi: Read node failed, title = 
CST 2026-07-17 20:06:04.904   588   724 W C02943/ThermalHdi: Read node failed, title = 
CST 2026-07-17 20:06:04.904   588   724 W C02943/ThermalHdi: Read node failed, title = 
CST 2026-07-17 20:06:04.904   588   724 W C02943/ThermalHdi: Read node failed, title = 
CST 2026-07-17 20:06:04.904   588   724 W C02943/ThermalHdi: Read node failed, title = 
CST 2026-07-17 20:06:04.904   588   724 W C02943/ThermalHdi: Read node failed, title = 
CST 2026-07-17 20:06:04.904   588   724 W C02943/ThermalHdi: Read node failed, title = 
CST 2026-07-17 20:06:04.904   588   724 W C02943/ThermalHdi: Read node failed, title = 
CST 2026-07-17 20:06:04.904   588   724 W C02943/ThermalHdi: Read node failed, title = 
CST 2026-07-17 20:06:04.904   588   724 W C02943/ThermalHdi: Read node failed, title = 
CST 2026-07-17 20:06:04.904   588   724 W C02943/ThermalHdi: Read node failed, title = 
CST 2026-07-17 20:06:04.904   588   724 W C02943/ThermalHdi: Read node failed, title = 
CST 2026-07-17 20:06:04.904   588   724 W C02943/ThermalHdi: Read node failed, title = 
CST 2026-07-17 20:06:04.904   588   724 W C02943/ThermalHdi: Read node failed, title = 
CST 2026-07-17 20:06:04.904   588   724 W C02943/ThermalHdi: Read node failed, title = 
CST 2026-07-17 20:06:04.904   588   724 W C02943/ThermalHdi: Read node failed, title = 
CST 2026-07-17 20:06:04.904   588   724 W C02943/ThermalHdi: Read node failed, title = 
CST 2026-07-17 20:06:04.904   588   724 W C02943/ThermalHdi: Read node failed, title = ambient
CST 2026-07-17 20:06:04.904   588   724 W C02943/ThermalHdi: Read node failed, title = ibat
CST 2026-07-17 20:06:04.904   588   724 W C02943/ThermalHdi: Read node failed, title = vbat
CST 2026-07-17 20:06:04.904   588   724 W C02943/ThermalHdi: Read node failed, title = cpu0_min_freq
CST 2026-07-17 20:06:04.904   588   724 W C02943/ThermalHdi: Read node failed, title = cpu0_cur_freq
CST 2026-07-17 20:06:04.904   588   724 W C02943/ThermalHdi: Read node failed, title = cpu0_max_freq
CST 2026-07-17 20:06:04.904   588   724 W C02943/ThermalHdi: Read node failed, title = cpu4_min_freq
CST 2026-07-17 20:06:04.904   588   724 W C02943/ThermalHdi: Read node failed, title = cpu4_cur_freq
CST 2026-07-17 20:06:04.905   588   724 W C02943/ThermalHdi: Read node failed, title = cpu4_max_freq
CST 2026-07-17 20:06:04.905   588   724 W C02943/ThermalHdi: Read node failed, title = cpu7_min_freq
CST 2026-07-17 20:06:04.905   588   724 W C02943/ThermalHdi: Read node failed, title = cpu7_cur_freq
CST 2026-07-17 20:06:04.905   588   724 W C02943/ThermalHdi: Read node failed, title = cpu7_max_freq
CST 2026-07-17 20:06:04.905   588   724 W C02943/ThermalHdi: Read node failed, title = gpu_min_freq
CST 2026-07-17 20:06:04.905   588   724 W C02943/ThermalHdi: Read node failed, title = gpu_cur_freq
CST 2026-07-17 20:06:04.905   588   724 W C02943/ThermalHdi: Read node failed, title = gpu_max_freq
CST 2026-07-17 20:06:04.905   588   724 W C02943/ThermalHdi: Read node failed, title = ddr_cur_freq
CST 2026-07-17 20:06:04.905   588   724 W C02943/ThermalHdi: Read node failed, title = set_IPApower
CST 2026-07-17 20:06:04.905   588   724 W C02943/ThermalHdi: Read node failed, title = cur_IPApower
CST 2026-07-17 20:06:04.905   588   724 W C02943/ThermalHdi: get node failed
CST 2026-07-17 20:06:04.905   588   724 W C02943/ThermalHdi: get node failed
CST 2026-07-17 20:06:04.905   588   724 W C02943/ThermalHdi: get node failed
CST 2026-07-17 20:06:04.970   142   840 I C01800/SAMGR: NF SA:65962,830_207
CST 2026-07-17 20:06:05.000   444   454 W C01c42/TimeService: uid:1096 id:1679329039 wk:0
CST 2026-07-17 20:06:05.000   444   454 W C01c42/TimeService: id:1679329039 we:148561
CST 2026-07-17 20:06:05.000   444   454 W C01c42/TimeService: t3 148561
CST 2026-07-17 20:06:05.010  2522  2522 I C02500/Qemud: Guest heartbeat success.
CST 2026-07-17 20:06:05.040  2715  3226 E C02e00/UPDATE_SA: [hap_connection.cpp(50)]GetHapRemoteObject, remoteObj is nullptr, bundle com.huawei.hmos.ouc
CST 2026-07-17 20:06:05.040  2715  3226 I C01352/ExtMgr: [extension_manager_client.cpp134]name:com.huawei.hmos.ouc ServiceExtAbility, userId:-1.
CST 2026-07-17 20:06:05.041   728   979 I C01342/ServiceExt: [ABMS5529]element: com.huawei.hmos.ouc/ServiceExtAbility
CST 2026-07-17 20:06:05.041   728   979 W C01123/BMSCommon: bundle not exist -n com.huawei.hmos.ouc -u 100 -i 0 -f 0
CST 2026-07-17 20:06:05.041   728   979 W C01336/AMS: [start_ability_utils.cpp76]failed: com.huawei.hmos.ouc
CST 2026-07-17 20:06:05.041   728   979 W C01336/AMS: [crowd_test_interceptor.cpp54]GetAppInfo failed
CST 2026-07-17 20:06:05.041   728   979 W C01120/BMS: app_control_manager.cpp:GetAppRunningControlRule:397 getAppId failed,-n:com.huawei.hmos.ouc
CST 2026-07-17 20:06:05.041   728   979 W C01123/BMSCommon: uid(6666) invalid
CST 2026-07-17 20:06:05.041   728   979 I C01336/AMS: [start_ability_utils.cpp54]appIndex:-1
CST 2026-07-17 20:06:05.041   728   979 W C01123/BMSCommon: bundle not exist -n com.huawei.hmos.ouc -u 100 -i 0 -f 1062
CST 2026-07-17 20:06:05.042   728   979 I C01121/BMSQuery: ExplicitQueryAbility no match -n com.huawei.hmos.ouc -a ServiceExtAbility -u 100 -i 0
CST 2026-07-17 20:06:05.042   728   979 W C01120/BMS: query abilitys_ext code 8521480
CST 2026-07-17 20:06:05.042   728   979 W C01123/BMSCommon: bundle not exist -n com.huawei.hmos.ouc -u 100 -i 0 -f 1062
CST 2026-07-17 20:06:05.042   728   979 W C01121/BMSQuery: bundle_data_mgr.cpp:ExplicitQueryExtensionInfo:7239 ExplicitQueryExtensionInfo failed
CST 2026-07-17 20:06:05.042   728   979 I C01121/BMSQuery: ExplicitQueryExtension size:0 -n com.huawei.hmos.ouc -e ServiceExtAbility -u 100 -i 0
CST 2026-07-17 20:06:05.042   728   979 W C01121/BMSQuery: bundle_data_mgr.cpp:GetCloneAppIndexes:2463 no bundleName com.huawei.hmos.ouc found
CST 2026-07-17 20:06:05.042   728   979 W C01121/BMSQuery: bundle_mgr_host_impl.cpp:QueryExtensionAbilityInfos:3425 no valid extension info can be inquired
CST 2026-07-17 20:06:05.042   728   979 E C01336/AMS: [start_ability_utils.cpp290]extensionInfo empty
CST 2026-07-17 20:06:05.042   728   979 E C01342/ServiceExt: [ABMS5868]generate request error
CST 2026-07-17 20:06:05.042  2715  3226 E C02e00/UPDATE_SA: [hap_connection.cpp(82)]HapConnection call interface failed, ret 2097152
CST 2026-07-17 20:06:05.042  2715  3226 E C02e00/UPDATE_SA: [ouc_hap_connection.cpp(72)]SendRemoteRequest, can not connect to ouc
CST 2026-07-17 20:06:05.086  4562  4562 W C02c02/PARAM: Selinux check name persist.init.debug.loglevel in u:object_r:startup_init_param:s0 [4562 2000 2000] failed
CST 2026-07-17 20:06:05.086  4562  4562 W C02c02/PARAM: Selinux check name persist.init.debug.loglevel in u:object_r:startup_init_param:s0 [4562 2000 2000] failed
CST 2026-07-17 20:06:05.086  4562  4562 W C02c02/PARAM: SystemReadParam failed!name is:persist.init.debug.loglevel,err:1002
CST 2026-07-17 20:06:05.092  4562  4562 W C02c02/PARAM: Selinux check name persist.init.debug.loglevel in u:object_r:startup_init_param:s0 [4562 2000 2000] failed
CST 2026-07-17 20:06:05.093  4562  4562 W C02c02/PARAM: Selinux check name persist.init.debug.loglevel in u:object_r:startup_init_param:s0 [4562 2000 2000] failed
CST 2026-07-17 20:06:05.093  4562  4562 W C02c02/PARAM: SystemReadParam failed!name is:persist.init.debug.loglevel,err:1002
CST 2026-07-17 20:06:05.170   142   840 I C01800/SAMGR: NF SA:65962,830_208
CST 2026-07-17 20:06:05.323  1553  1604 I C05a04/AppStateObserver: [ExitSaAfterAllDlpManagerDie:150]all dlp manager app die, and callbacks are empty, start service exit
CST 2026-07-17 20:06:05.323   142   840 I C01800/SAMGR: Scheduler SA:3521 unload start 1553,0_1_2
CST 2026-07-17 20:06:05.323   142   840 I C01800/SAMGR: Scheduler SA:3521 proc delay unload event
CST 2026-07-17 20:06:05.323   142   840 I C01800/SAMGR: IdleSA:3521
CST 2026-07-17 20:06:05.324  1553  1604 I C01810/SAFWK: Idle-SA:3521
CST 2026-07-17 20:06:05.324  1553  1604 I C01810/SAFWK: OnIdle-SA:3521 end,spend:0ms
CST 2026-07-17 20:06:05.324  1553  1604 I C01810/SAFWK: IdleSaInner suc to Idle SA:3521,delayTime:0,spend:0ms
CST 2026-07-17 20:06:05.324   142   840 I C01800/SAMGR: Scheduler SA:3521 agree unload
CST 2026-07-17 20:06:05.324   142   840 I C01800/SAMGR: Scheduler SA:3521 unloadable
CST 2026-07-17 20:06:05.324   142   151 I C01800/SAMGR: Scheduler proc:dlp_permission_service unload all SA
CST 2026-07-17 20:06:05.324   142   151 I C01800/SAMGR: Scheduler SA:3521 unload start
CST 2026-07-17 20:06:05.324  1553  1604 I C05a04/AppStateObserver: [ExitSaAfterAllDlpManagerDie:161]UnloadSystemAbility successfully!
CST 2026-07-17 20:06:05.324   142   151 I C01800/SAMGR: StopSA:3521
CST 2026-07-17 20:06:05.324  1553  2062 I C01810/SAFWK: StopSa recv stop SA:3521 req
CST 2026-07-17 20:06:05.324   142   151 I C01800/SAMGR: Scheduler SA:3521 unloading
CST 2026-07-17 20:06:05.325   142   151 I C01800/SAMGR: Scheduler proc:dlp_permission_service state 1 to 2
CST 2026-07-17 20:06:05.325   142   151 I C01800/SAMGR: Scheduler proc:dlp_permission_service stopping
CST 2026-07-17 20:06:05.325  1553  2062 I C01810/SAFWK: StopSaInner suc to stop SA:3521,eventLen:57,spend:0ms
CST 2026-07-17 20:06:05.325  1553  4564 I C01810/SAFWK: Stop-SA:3521
CST 2026-07-17 20:06:05.325  1553  4564 I C05a04/DlpPermissionService: [OnStop:166]Stop service
CST 2026-07-17 20:06:05.325  1553  4564 I C05a04/CriticalHandler: [NotifyProcessIsStop:40]start to notify memmgr sa stop
CST 2026-07-17 20:06:05.325   728  1082 I C01202/Subscriber: Unsubscribe 1553_3019_-1_215_23904
CST 2026-07-17 20:06:05.325  1553  4564 W C02699/MM: NotifyProcessStatus mini system not enable, pid:1553
CST 2026-07-17 20:06:05.326   728  1004 I C01202/Subscriber: Unsubscribe 1553_3019_-1_216_23904
CST 2026-07-17 20:06:05.326  1553  4564 I C01810/SAFWK: Stop OnStop-SA:3521 finished,spend:1ms
CST 2026-07-17 20:06:05.328   142   840 I C01800/SAMGR: rm SA:3521_133
CST 2026-07-17 20:06:05.328   142   840 I C01800/SAMGR: Scheduler SA:3521 handle unload suc event
CST 2026-07-17 20:06:05.328   142   840 I C01800/SAMGR: Scheduler SA:3521 not loaded
CST 2026-07-17 20:06:05.328   142   156 I C01800/SAMGR: Scheduler proc:dlp_permission_service,SA num:1,notloaded num:1
CST 2026-07-17 20:06:05.328  1553  4564 I C01810/SAFWK: Stop suc to rm SA:3521,spend:2ms
CST 2026-07-17 20:06:05.328   142   151 I C01800/SAMGR: FindSaNotify SA:3521,4_107
CST 2026-07-17 20:06:05.344   142  1105 I C057c2/IPCObjectProxy: hd:431 ct:1 D:*.accessToken
CST 2026-07-17 20:06:05.344   142  1110 I C057c2/IPCObjectProxy: hd:432 ct:1 D:*.ISystemAbilityStatusChange
CST 2026-07-17 20:06:05.344   142   840 I C057c2/IPCObjectProxy: hd:420 ct:1 D:*.ISystemAbilityStatusChange
CST 2026-07-17 20:06:05.344   142  1105 I C01800/SAMGR: rm DeadProc:dlp_permission_service,64
CST 2026-07-17 20:06:05.344   142   374 I C057c2/IPCObjectProxy: hd:434 ct:1 D:*.ISystemAbilityStatusChange
CST 2026-07-17 20:06:05.344   469  1523 I C057c2/IPCObjectProxy: hd:36 ct:1 D:
CST 2026-07-17 20:06:05.344   142  1110 I C01800/SAMGR: rm SAListener 1553,121
CST 2026-07-17 20:06:05.344   469  1523 I C01610/KvStoreDataService: NotifyClientDie: appId: dlp_permission_service_storage uid:3019 tokenId:671852347
CST 2026-07-17 20:06:05.344   469  1523 I C01654/DSched_Service: OnAppExit: ObjectServiceImpl::OnAppExit uid=3019, pid=1553, tokenId=671852347, bundleName=dlp_permission_service_storage
CST 2026-07-17 20:06:05.344   469  1523 I C01651/DataShareServiceImpl: OnAppExit: AppExit uid=3019, pid=1553, tokenId=0x280ba73b, bundleName=dlp_permission_service_storage
CST 2026-07-17 20:06:05.344   469  1523 I C01610/KVDBServiceImpl: OnAppExit: pid:1553 uid:3019 appId:dlp_permission_service_storage
CST 2026-07-17 20:06:05.344   469  1523 I C01655/RdbServiceImpl: OnAppExit: client dead, tokenId:671852347, pid:1553 
CST 2026-07-17 20:06:05.344   142   840 I C01800/SAMGR: rm SAListener 1553,61
CST 2026-07-17 20:06:05.344   728   728 I C057c2/IPCObjectProxy: hd:275 ct:1 D:*.IDlpPermissionService
CST 2026-07-17 20:06:05.344   728   728 E C05a04/DlpPermissionClient: [OnRemoteDiedHandle:741]Remote service died
CST 2026-07-17 20:06:05.344   728   979 I C057c2/IPCObjectProxy: hd:268 ct:1 D:*.IApplicationStateObserver
CST 2026-07-17 20:06:05.345   142   374 I C01800/SAMGR: rm SAListener 1553,120
CST 2026-07-17 20:06:05.371   142   374 I C01800/SAMGR: NF SA:65962,830_209
CST 2026-07-17 20:06:05.379   142   156 I C02c02/PARAM: SystemSetParameter name ohos.ctl.stop id:83 ret:0
CST 2026-07-17 20:06:05.387   142   156 I C01800/SAMGR: Scheduler proc:dlp_permission_service kill pid:1553,3019_0_52ms
CST 2026-07-17 20:06:05.387   142  1105 I C01800/SAMGR: Scheduler proc:dlp_permission_service handle stopped event
CST 2026-07-17 20:06:05.387   142  1105 I C01800/SAMGR: Scheduler proc:dlp_permission_service state 2 to 0
CST 2026-07-17 20:06:05.387   142  1105 I C01800/SAMGR: Scheduler proc:dlp_permission_service stopped
CST 2026-07-17 20:06:05.387   142  1105 I C01800/SAMGR: remove onDemandSA. proc:dlp_permission_service, size:25
CST 2026-07-17 20:06:05.387   142  1105 I C01800/SAMGR: Scheduler SA:3521 state current 0 is same as next 0
CST 2026-07-17 20:06:05.387   309  1330 I C01810/SA_CLIENT: onProcStop,pid:1553
CST 2026-07-17 20:06:05.421  4567  4567 W C02c02/PARAM: Selinux check name persist.init.debug.loglevel in u:object_r:startup_init_param:s0 [4567 2000 2000] failed
CST 2026-07-17 20:06:05.421  4567  4567 W C02c02/PARAM: Selinux check name persist.init.debug.loglevel in u:object_r:startup_init_param:s0 [4567 2000 2000] failed
CST 2026-07-17 20:06:05.421  4567  4567 W C02c02/PARAM: SystemReadParam failed!name is:persist.init.debug.loglevel,err:1002
CST 2026-07-17 20:06:05.428  4570  4570 W C02c02/PARAM: Selinux check name persist.init.debug.loglevel in u:object_r:startup_init_param:s0 [4570 2000 2000] failed
CST 2026-07-17 20:06:05.428  4571  4571 W C02c02/PARAM: Selinux check name persist.init.debug.loglevel in u:object_r:startup_init_param:s0 [4571 2000 2000] failed
CST 2026-07-17 20:06:05.428  4571  4571 W C02c02/PARAM: Selinux check name persist.init.debug.loglevel in u:object_r:startup_init_param:s0 [4571 2000 2000] failed
CST 2026-07-17 20:06:05.428  4571  4571 W C02c02/PARAM: SystemReadParam failed!name is:persist.init.debug.loglevel,err:1002
CST 2026-07-17 20:06:05.428  4570  4570 W C02c02/PARAM: Selinux check name persist.init.debug.loglevel in u:object_r:startup_init_param:s0 [4570 2000 2000] failed
CST 2026-07-17 20:06:05.428  4570  4570 W C02c02/PARAM: SystemReadParam failed!name is:persist.init.debug.loglevel,err:1002
CST 2026-07-17 20:06:05.429  4569  4569 W C02c02/PARAM: Selinux check name persist.init.debug.loglevel in u:object_r:startup_init_param:s0 [4569 2000 2000] failed
CST 2026-07-17 20:06:05.429  4569  4569 W C02c02/PARAM: Selinux check name persist.init.debug.loglevel in u:object_r:startup_init_param:s0 [4569 2000 2000] failed
CST 2026-07-17 20:06:05.429  4569  4569 W C02c02/PARAM: SystemReadParam failed!name is:persist.init.debug.loglevel,err:1002
CST 2026-07-17 20:06:05.437  4572  4572 W C02c02/PARAM: Selinux check name persist.init.debug.loglevel in u:object_r:startup_init_param:s0 [4572 2000 2000] failed
CST 2026-07-17 20:06:05.437  4572  4572 W C02c02/PARAM: Selinux check name persist.init.debug.loglevel in u:object_r:startup_init_param:s0 [4572 2000 2000] failed
CST 2026-07-17 20:06:05.437  4572  4572 W C02c02/PARAM: SystemReadParam failed!name is:persist.init.debug.loglevel,err:1002
CST 2026-07-17 20:06:05.437  4573  4573 W C02c02/PARAM: Selinux check name persist.init.debug.loglevel in u:object_r:startup_init_param:s0 [4573 2000 2000] failed
CST 2026-07-17 20:06:05.437  4573  4573 W C02c02/PARAM: Selinux check name persist.init.debug.loglevel in u:object_r:startup_init_param:s0 [4573 2000 2000] failed
CST 2026-07-17 20:06:05.437  4573  4573 W C02c02/PARAM: SystemReadParam failed!name is:persist.init.debug.loglevel,err:1002
CST 2026-07-17 20:06:05.571   142  1105 I C01800/SAMGR: NF SA:65962,830_210
CST 2026-07-17 20:06:05.571   830   861 E C01810/SA_CLIENT: GetSaWrap SA:65962 not start
CST 2026-07-17 20:06:05.571   830   861 I C01409/APS_MANAGER: request system service object is not ready yet!
CST 2026-07-17 20:06:05.627  1694  1805 I C0430a/file_monitor_service: [MainMissionStatus:197]CanExit
CST 2026-07-17 20:06:05.627  1694  1805 I C0430a/file_monitor_service: [MainMissionStatus:203]SecondaryScanner idle
CST 2026-07-17 20:06:05.664  4575  4575 W C02c02/PARAM: Selinux check name persist.init.debug.loglevel in u:object_r:startup_init_param:s0 [4575 2000 2000] failed
CST 2026-07-17 20:06:05.664  4575  4575 W C02c02/PARAM: Selinux check name persist.init.debug.loglevel in u:object_r:startup_init_param:s0 [4575 2000 2000] failed
CST 2026-07-17 20:06:05.664  4575  4575 W C02c02/PARAM: SystemReadParam failed!name is:persist.init.debug.loglevel,err:1002
CST 2026-07-17 20:06:05.671  4577  4577 W C02c02/PARAM: Selinux check name persist.init.debug.loglevel in u:object_r:startup_init_param:s0 [4577 2000 2000] failed
CST 2026-07-17 20:06:05.671  4577  4577 W C02c02/PARAM: Selinux check name persist.init.debug.loglevel in u:object_r:startup_init_param:s0 [4577 2000 2000] failed
CST 2026-07-17 20:06:05.671  4577  4577 W C02c02/PARAM: SystemReadParam failed!name is:persist.init.debug.loglevel,err:1002
CST 2026-07-17 20:06:05.678  4578  4578 W C02c02/PARAM: Selinux check name persist.init.debug.loglevel in u:object_r:startup_init_param:s0 [4578 2000 2000] failed
CST 2026-07-17 20:06:05.678  4578  4578 W C02c02/PARAM: Selinux check name persist.init.debug.loglevel in u:object_r:startup_init_param:s0 [4578 2000 2000] failed
CST 2026-07-17 20:06:05.678  4578  4578 W C02c02/PARAM: SystemReadParam failed!name is:persist.init.debug.loglevel,err:1002
CST 2026-07-17 20:06:05.763  2205  2205 W A01c06/ICON: AppIconWeatherModel --> initWeatherListener, retryTimes: 4
CST 2026-07-17 20:06:05.789   469  1523 E C01707/CONCUR: [Interface] task 1523 apply qos failed, errno = 4
CST 2026-07-17 20:06:05.789   469  1523 E C01611/QosManager: QosManager: Failed to set thread QoS to QOS_USER_INTERACTIVE, ret: -1
CST 2026-07-17 20:06:05.790   728   979 W C01123/BMSCommon: bundle not exist -n com.huawei.hmsapp.totemweather -u 100 -i 0 -f 32
CST 2026-07-17 20:06:05.790   728   979 W C01121/BMSQuery: GetBundleInfo failed -n com.huawei.hmsapp.totemweather -u 100
CST 2026-07-17 20:06:05.790   469  1523 E C01651/BundleMgrProxy: GetBundleInfoFromBMS: GetBundleInfo failed!bundleName is com.huawei.hmsapp.totemweather, userId is 100
CST 2026-07-17 20:06:05.790   469  1523 E C01651/DataProviderConfig: GetFromProxyData: Get bundleInfo failed! bundleName:com.huawei.hmsapp.totemweather, userId:100, visitedId:100, uri:******icIconInfo
CST 2026-07-17 20:06:05.790   469  1523 E C01651/DataShareServiceImpl: GetBMSAndMetaDataStatus: CalledInfo failed! token:0x20087fab,ret:1001,uri:******icIconInfo
CST 2026-07-17 20:06:05.790   469  1523 E C01651/DataShareServiceImpl: GetSilentProxyStatus: BMS or metaData not ready to complete, token:0x20087fab, uri:******icIconInfo
CST 2026-07-17 20:06:05.790  2205  2205 E A01c06/ICON: AppIconWeatherModel --> get weather info failed, code: 15700010, message: The DataShareHelper is not initialized successfully.
CST 2026-07-17 20:06:05.930   643   714 I C02986/DisplayPowerBrightness: lux=[0/143764, 0/143910, 0/144055, 0/144201, 0/144346, 0/144492, ], bDelta=5.000000, dDelta=1.000000, size=64
CST 2026-07-17 20:06:06.023  4581  4581 W C02c02/PARAM: Selinux check name persist.init.debug.loglevel in u:object_r:startup_init_param:s0 [4581 2000 2000] failed
CST 2026-07-17 20:06:06.023  4581  4581 W C02c02/PARAM: Selinux check name persist.init.debug.loglevel in u:object_r:startup_init_param:s0 [4581 2000 2000] failed
CST 2026-07-17 20:06:06.023  4581  4581 W C02c02/PARAM: SystemReadParam failed!name is:persist.init.debug.loglevel,err:1002
CST 2026-07-17 20:06:06.030  4581  4581 W C02c02/PARAM: Selinux check name persist.init.debug.loglevel in u:object_r:startup_init_param:s0 [4581 2000 2000] failed
CST 2026-07-17 20:06:06.030  4581  4581 W C02c02/PARAM: Selinux check name persist.init.debug.loglevel in u:object_r:startup_init_param:s0 [4581 2000 2000] failed
CST 2026-07-17 20:06:06.030  4581  4581 W C02c02/PARAM: SystemReadParam failed!name is:persist.init.debug.loglevel,err:1002
CST 2026-07-17 20:06:06.042  2715  3226 E C02e00/UPDATE_SA: [hap_connection.cpp(50)]GetHapRemoteObject, remoteObj is nullptr, bundle com.huawei.hmos.ouc
CST 2026-07-17 20:06:06.042  2715  3226 I C01352/ExtMgr: [extension_manager_client.cpp134]name:com.huawei.hmos.ouc ServiceExtAbility, userId:-1.
CST 2026-07-17 20:06:06.043   728   979 I C01342/ServiceExt: [ABMS5529]element: com.huawei.hmos.ouc/ServiceExtAbility
CST 2026-07-17 20:06:06.043   728   979 W C01123/BMSCommon: bundle not exist -n com.huawei.hmos.ouc -u 100 -i 0 -f 0
CST 2026-07-17 20:06:06.043   728   979 W C01336/AMS: [start_ability_utils.cpp76]failed: com.huawei.hmos.ouc
CST 2026-07-17 20:06:06.043   728   979 W C01336/AMS: [crowd_test_interceptor.cpp54]GetAppInfo failed
CST 2026-07-17 20:06:06.043   728   979 W C01120/BMS: app_control_manager.cpp:GetAppRunningControlRule:397 getAppId failed,-n:com.huawei.hmos.ouc
CST 2026-07-17 20:06:06.043   728   979 W C01123/BMSCommon: uid(6666) invalid
CST 2026-07-17 20:06:06.043   728   979 I C01336/AMS: [start_ability_utils.cpp54]appIndex:-1
CST 2026-07-17 20:06:06.043   728   979 W C01123/BMSCommon: bundle not exist -n com.huawei.hmos.ouc -u 100 -i 0 -f 1062
CST 2026-07-17 20:06:06.043   728   979 I C01121/BMSQuery: ExplicitQueryAbility no match -n com.huawei.hmos.ouc -a ServiceExtAbility -u 100 -i 0
CST 2026-07-17 20:06:06.043   728   979 W C01120/BMS: query abilitys_ext code 8521480
CST 2026-07-17 20:06:06.044   728   979 W C01123/BMSCommon: bundle not exist -n com.huawei.hmos.ouc -u 100 -i 0 -f 1062
CST 2026-07-17 20:06:06.044   728   979 W C01121/BMSQuery: bundle_data_mgr.cpp:ExplicitQueryExtensionInfo:7239 ExplicitQueryExtensionInfo failed
CST 2026-07-17 20:06:06.044   728   979 I C01121/BMSQuery: ExplicitQueryExtension size:0 -n com.huawei.hmos.ouc -e ServiceExtAbility -u 100 -i 0
CST 2026-07-17 20:06:06.044   728   979 W C01121/BMSQuery: bundle_data_mgr.cpp:GetCloneAppIndexes:2463 no bundleName com.huawei.hmos.ouc found
CST 2026-07-17 20:06:06.044   728   979 W C01121/BMSQuery: bundle_mgr_host_impl.cpp:QueryExtensionAbilityInfos:3425 no valid extension info can be inquired
CST 2026-07-17 20:06:06.044   728   979 E C01336/AMS: [start_ability_utils.cpp290]extensionInfo empty
CST 2026-07-17 20:06:06.044   728   979 E C01342/ServiceExt: [ABMS5868]generate request error
CST 2026-07-17 20:06:06.044  2715  3226 E C02e00/UPDATE_SA: [hap_connection.cpp(82)]HapConnection call interface failed, ret 2097152
CST 2026-07-17 20:06:06.044  2715  3226 E C02e00/UPDATE_SA: [ouc_hap_connection.cpp(72)]SendRemoteRequest, can not connect to ouc
CST 2026-07-17 20:06:06.127   163  1721 E C02d66/XPerf: [InquiryOhImpl::ExtractStringValue] Canonical FilePath: /sys/class/ithermal/lpm/lpm_freq failed.
CST 2026-07-17 20:06:06.127   163  1721 E C02d66/XPerf: [InquiryOhImpl::ExtractStringValue] Canonical FilePath: /sys/class/power_supply/Battery/status failed.
CST 2026-07-17 20:06:06.339   319   392 E C01f04/MultiSimontroller: slotId 0 is invalid
CST 2026-07-17 20:06:06.423  4585  4585 W C02c02/PARAM: Selinux check name persist.init.debug.loglevel in u:object_r:startup_init_param:s0 [4585 2000 2000] failed
CST 2026-07-17 20:06:06.423  4585  4585 W C02c02/PARAM: Selinux check name persist.init.debug.loglevel in u:object_r:startup_init_param:s0 [4585 2000 2000] failed
CST 2026-07-17 20:06:06.423  4585  4585 W C02c02/PARAM: SystemReadParam failed!name is:persist.init.debug.loglevel,err:1002
CST 2026-07-17 20:06:06.431  4588  4588 W C02c02/PARAM: Selinux check name persist.init.debug.loglevel in u:object_r:startup_init_param:s0 [4588 2000 2000] failed
CST 2026-07-17 20:06:06.431  4588  4588 W C02c02/PARAM: Selinux check name persist.init.debug.loglevel in u:object_r:startup_init_param:s0 [4588 2000 2000] failed
CST 2026-07-17 20:06:06.431  4588  4588 W C02c02/PARAM: SystemReadParam failed!name is:persist.init.debug.loglevel,err:1002
CST 2026-07-17 20:06:06.431  4587  4587 W C02c02/PARAM: Selinux check name persist.init.debug.loglevel in u:object_r:startup_init_param:s0 [4587 2000 2000] failed
CST 2026-07-17 20:06:06.431  4589  4589 W C02c02/PARAM: Selinux check name persist.init.debug.loglevel in u:object_r:startup_init_param:s0 [4589 2000 2000] failed
CST 2026-07-17 20:06:06.431  4589  4589 W C02c02/PARAM: Selinux check name persist.init.debug.loglevel in u:object_r:startup_init_param:s0 [4589 2000 2000] failed
CST 2026-07-17 20:06:06.431  4587  4587 W C02c02/PARAM: Selinux check name persist.init.debug.loglevel in u:object_r:startup_init_param:s0 [4587 2000 2000] failed
CST 2026-07-17 20:06:06.431  4587  4587 W C02c02/PARAM: SystemReadParam failed!name is:persist.init.debug.loglevel,err:1002
CST 2026-07-17 20:06:06.431  4589  4589 W C02c02/PARAM: SystemReadParam failed!name is:persist.init.debug.loglevel,err:1002
CST 2026-07-17 20:06:06.439  4590  4590 W C02c02/PARAM: Selinux check name persist.init.debug.loglevel in u:object_r:startup_init_param:s0 [4590 2000 2000] failed
CST 2026-07-17 20:06:06.439  4590  4590 W C02c02/PARAM: Selinux check name persist.init.debug.loglevel in u:object_r:startup_init_param:s0 [4590 2000 2000] failed
CST 2026-07-17 20:06:06.439  4590  4590 W C02c02/PARAM: SystemReadParam failed!name is:persist.init.debug.loglevel,err:1002
CST 2026-07-17 20:06:06.439  4591  4591 W C02c02/PARAM: Selinux check name persist.init.debug.loglevel in u:object_r:startup_init_param:s0 [4591 2000 2000] failed
CST 2026-07-17 20:06:06.439  4591  4591 W C02c02/PARAM: Selinux check name persist.init.debug.loglevel in u:object_r:startup_init_param:s0 [4591 2000 2000] failed
CST 2026-07-17 20:06:06.439  4591  4591 W C02c02/PARAM: SystemReadParam failed!name is:persist.init.debug.loglevel,err:1002
CST 2026-07-17 20:06:06.632  1694  1805 I C0430a/file_monitor_service: [MainMissionStatus:197]CanExit
CST 2026-07-17 20:06:06.632  1694  1805 I C0430a/file_monitor_service: [MainMissionStatus:203]SecondaryScanner idle
CST 2026-07-17 20:06:06.689  4593  4593 W C02c02/PARAM: Selinux check name persist.init.debug.loglevel in u:object_r:startup_init_param:s0 [4593 2000 2000] failed
CST 2026-07-17 20:06:06.689  4593  4593 W C02c02/PARAM: Selinux check name persist.init.debug.loglevel in u:object_r:startup_init_param:s0 [4593 2000 2000] failed
CST 2026-07-17 20:06:06.689  4593  4593 W C02c02/PARAM: SystemReadParam failed!name is:persist.init.debug.loglevel,err:1002
CST 2026-07-17 20:06:06.697  4595  4595 W C02c02/PARAM: Selinux check name persist.init.debug.loglevel in u:object_r:startup_init_param:s0 [4595 2000 2000] failed
CST 2026-07-17 20:06:06.697  4595  4595 W C02c02/PARAM: Selinux check name persist.init.debug.loglevel in u:object_r:startup_init_param:s0 [4595 2000 2000] failed
CST 2026-07-17 20:06:06.697  4595  4595 W C02c02/PARAM: SystemReadParam failed!name is:persist.init.debug.loglevel,err:1002
CST 2026-07-17 20:06:06.705  4596  4596 W C02c02/PARAM: Selinux check name persist.init.debug.loglevel in u:object_r:startup_init_param:s0 [4596 2000 2000] failed
CST 2026-07-17 20:06:06.705  4596  4596 W C02c02/PARAM: Selinux check name persist.init.debug.loglevel in u:object_r:startup_init_param:s0 [4596 2000 2000] failed
CST 2026-07-17 20:06:06.705  4596  4596 W C02c02/PARAM: SystemReadParam failed!name is:persist.init.debug.loglevel,err:1002
CST 2026-07-17 20:06:06.791  2205  2205 W A01c06/ICON: AppIconWeatherModel --> initWeatherListener, retryTimes: 4
CST 2026-07-17 20:06:06.800   469  1523 E C01707/CONCUR: [Interface] task 1523 apply qos failed, errno = 4
CST 2026-07-17 20:06:06.800   469  1523 E C01611/QosManager: QosManager: Failed to set thread QoS to QOS_USER_INTERACTIVE, ret: -1
CST 2026-07-17 20:06:06.801   728   979 W C01123/BMSCommon: bundle not exist -n com.huawei.hmsapp.totemweather -u 100 -i 0 -f 32
CST 2026-07-17 20:06:06.801   728   979 W C01121/BMSQuery: GetBundleInfo failed -n com.huawei.hmsapp.totemweather -u 100
CST 2026-07-17 20:06:06.801   469  1523 E C01651/BundleMgrProxy: GetBundleInfoFromBMS: GetBundleInfo failed!bundleName is com.huawei.hmsapp.totemweather, userId is 100
CST 2026-07-17 20:06:06.801   469  1523 E C01651/DataProviderConfig: GetFromProxyData: Get bundleInfo failed! bundleName:com.huawei.hmsapp.totemweather, userId:100, visitedId:100, uri:******icIconInfo
CST 2026-07-17 20:06:06.801   469  1523 E C01651/DataShareServiceImpl: GetBMSAndMetaDataStatus: CalledInfo failed! token:0x20087fab,ret:1001,uri:******icIconInfo
CST 2026-07-17 20:06:06.801   469  1523 E C01651/DataShareServiceImpl: GetSilentProxyStatus: BMS or metaData not ready to complete, token:0x20087fab, uri:******icIconInfo
CST 2026-07-17 20:06:06.801  2205  2205 E A01c06/ICON: AppIconWeatherModel --> get weather info failed, code: 15700010, message: The DataShareHelper is not initialized successfully.
CST 2026-07-17 20:06:06.815   164   552 E C02510/devsvc_manager_stub: StubGetService service ril_ext not found
CST 2026-07-17 20:06:06.816   163   761 E C02510/hdi_servmgr_client: get hdi service ril_ext failed, -1
CST 2026-07-17 20:06:06.816   163   761 I C02d19/CHR_SERVICE: RilRadioRadarTunnel, ConnectRilAdapterService chrRadio_ is nullptr!
CST 2026-07-17 20:06:06.816   164   552 E C02510/devsvc_manager_stub: StubGetService service hmi_service not found
CST 2026-07-17 20:06:06.816   163   761 E C02510/hdi_servmgr_client: get hdi service hmi_service failed, -1
CST 2026-07-17 20:06:06.816   163   761 E C02510/hmi_interface_proxy: Get:get remote object failed!
CST 2026-07-17 20:06:06.816   163   761 I C02d19/CHR_SERVICE: [HmiClient][chr_client]GetService: hmiInterface is nullptr.
CST 2026-07-17 20:06:06.816   163   761 I C02d19/CHR_SERVICE: [HmiClient][chr_client]TryGetServiceDelayed: retryCount=32, delayed=4000.
CST 2026-07-17 20:06:06.826   164   552 E C02510/devsvc_manager_stub: StubGetService service hmi_service not found
CST 2026-07-17 20:06:06.826   163   769 E C02510/hdi_servmgr_client: get hdi service hmi_service failed, -1
CST 2026-07-17 20:06:06.826   163   769 E C02510/hmi_interface_proxy: Get:get remote object failed!
CST 2026-07-17 20:06:06.826   163   769 I C02d19/CHR_SERVICE: [HmiClient][modem_log_client]GetService: hmiInterface is nullptr.
CST 2026-07-17 20:06:06.826   163   769 I C02d19/CHR_SERVICE: [HmiClient][modem_log_client]TryGetServiceDelayed: retryCount=32, delayed=4000.
CST 2026-07-17 20:06:07.044  2715  3226 E C02e00/UPDATE_SA: [hap_connection.cpp(50)]GetHapRemoteObject, remoteObj is nullptr, bundle com.huawei.hmos.ouc
CST 2026-07-17 20:06:07.044  2715  3226 I C01352/ExtMgr: [extension_manager_client.cpp134]name:com.huawei.hmos.ouc ServiceExtAbility, userId:-1.
CST 2026-07-17 20:06:07.044   728   979 I C01342/ServiceExt: [ABMS5529]element: com.huawei.hmos.ouc/ServiceExtAbility
CST 2026-07-17 20:06:07.045   728   979 W C01123/BMSCommon: bundle not exist -n com.huawei.hmos.ouc -u 100 -i 0 -f 0
CST 2026-07-17 20:06:07.045   728   979 W C01336/AMS: [start_ability_utils.cpp76]failed: com.huawei.hmos.ouc
CST 2026-07-17 20:06:07.045   728   979 W C01336/AMS: [crowd_test_interceptor.cpp54]GetAppInfo failed
CST 2026-07-17 20:06:07.045   728   979 W C01120/BMS: app_control_manager.cpp:GetAppRunningControlRule:397 getAppId failed,-n:com.huawei.hmos.ouc
CST 2026-07-17 20:06:07.045   728   979 W C01123/BMSCommon: uid(6666) invalid
CST 2026-07-17 20:06:07.045   728   979 I C01336/AMS: [start_ability_utils.cpp54]appIndex:-1
CST 2026-07-17 20:06:07.045   728   979 W C01123/BMSCommon: bundle not exist -n com.huawei.hmos.ouc -u 100 -i 0 -f 1062
CST 2026-07-17 20:06:07.045   728   979 I C01121/BMSQuery: ExplicitQueryAbility no match -n com.huawei.hmos.ouc -a ServiceExtAbility -u 100 -i 0
CST 2026-07-17 20:06:07.045   728   979 W C01120/BMS: query abilitys_ext code 8521480
CST 2026-07-17 20:06:07.045   728   979 W C01123/BMSCommon: bundle not exist -n com.huawei.hmos.ouc -u 100 -i 0 -f 1062
CST 2026-07-17 20:06:07.045   728   979 W C01121/BMSQuery: bundle_data_mgr.cpp:ExplicitQueryExtensionInfo:7239 ExplicitQueryExtensionInfo failed
CST 2026-07-17 20:06:07.045   728   979 I C01121/BMSQuery: ExplicitQueryExtension size:0 -n com.huawei.hmos.ouc -e ServiceExtAbility -u 100 -i 0
CST 2026-07-17 20:06:07.045   728   979 W C01121/BMSQuery: bundle_data_mgr.cpp:GetCloneAppIndexes:2463 no bundleName com.huawei.hmos.ouc found
CST 2026-07-17 20:06:07.045   728   979 W C01121/BMSQuery: bundle_mgr_host_impl.cpp:QueryExtensionAbilityInfos:3425 no valid extension info can be inquired
CST 2026-07-17 20:06:07.045   728   979 E C01336/AMS: [start_ability_utils.cpp290]extensionInfo empty
CST 2026-07-17 20:06:07.046   728   979 E C01342/ServiceExt: [ABMS5868]generate request error
CST 2026-07-17 20:06:07.046  2715  3226 E C02e00/UPDATE_SA: [hap_connection.cpp(82)]HapConnection call interface failed, ret 2097152
CST 2026-07-17 20:06:07.046  2715  3226 E C02e00/UPDATE_SA: [ouc_hap_connection.cpp(72)]SendRemoteRequest, can not connect to ouc
CST 2026-07-17 20:06:07.046  2715  3226 E C02e00/UPDATE_SA: [ouc_hap_connection.cpp(279)]SendMessage request failed, code: 5
CST 2026-07-17 20:06:07.087  4599  4599 W C02c02/PARAM: Selinux check name persist.init.debug.loglevel in u:object_r:startup_init_param:s0 [4599 2000 2000] failed
CST 2026-07-17 20:06:07.087  4599  4599 W C02c02/PARAM: Selinux check name persist.init.debug.loglevel in u:object_r:startup_init_param:s0 [4599 2000 2000] failed
CST 2026-07-17 20:06:07.087  4599  4599 W C02c02/PARAM: SystemReadParam failed!name is:persist.init.debug.loglevel,err:1002
CST 2026-07-17 20:06:07.094  4599  4599 W C02c02/PARAM: Selinux check name persist.init.debug.loglevel in u:object_r:startup_init_param:s0 [4599 2000 2000] failed
CST 2026-07-17 20:06:07.094  4599  4599 W C02c02/PARAM: Selinux check name persist.init.debug.loglevel in u:object_r:startup_init_param:s0 [4599 2000 2000] failed
CST 2026-07-17 20:06:07.094  4599  4599 W C02c02/PARAM: SystemReadParam failed!name is:persist.init.debug.loglevel,err:1002
CST 2026-07-17 20:06:07.425  4603  4603 W C02c02/PARAM: Selinux check name persist.init.debug.loglevel in u:object_r:startup_init_param:s0 [4603 2000 2000] failed
CST 2026-07-17 20:06:07.425  4603  4603 W C02c02/PARAM: Selinux check name persist.init.debug.loglevel in u:object_r:startup_init_param:s0 [4603 2000 2000] failed
CST 2026-07-17 20:06:07.425  4603  4603 W C02c02/PARAM: SystemReadParam failed!name is:persist.init.debug.loglevel,err:1002
CST 2026-07-17 20:06:07.432  4605  4605 W C02c02/PARAM: Selinux check name persist.init.debug.loglevel in u:object_r:startup_init_param:s0 [4605 2000 2000] failed
CST 2026-07-17 20:06:07.432  4605  4605 W C02c02/PARAM: Selinux check name persist.init.debug.loglevel in u:object_r:startup_init_param:s0 [4605 2000 2000] failed
CST 2026-07-17 20:06:07.433  4605  4605 W C02c02/PARAM: SystemReadParam failed!name is:persist.init.debug.loglevel,err:1002
CST 2026-07-17 20:06:07.433  4607  4607 W C02c02/PARAM: Selinux check name persist.init.debug.loglevel in u:object_r:startup_init_param:s0 [4607 2000 2000] failed
CST 2026-07-17 20:06:07.433  4607  4607 W C02c02/PARAM: Selinux check name persist.init.debug.loglevel in u:object_r:startup_init_param:s0 [4607 2000 2000] failed
CST 2026-07-17 20:06:07.433  4607  4607 W C02c02/PARAM: SystemReadParam failed!name is:persist.init.debug.loglevel,err:1002
CST 2026-07-17 20:06:07.433  4606  4606 W C02c02/PARAM: Selinux check name persist.init.debug.loglevel in u:object_r:startup_init_param:s0 [4606 2000 2000] failed
CST 2026-07-17 20:06:07.433  4606  4606 W C02c02/PARAM: Selinux check name persist.init.debug.loglevel in u:object_r:startup_init_param:s0 [4606 2000 2000] failed
CST 2026-07-17 20:06:07.433  4606  4606 W C02c02/PARAM: SystemReadParam failed!name is:persist.init.debug.loglevel,err:1002
CST 2026-07-17 20:06:07.441  4608  4608 W C02c02/PARAM: Selinux check name persist.init.debug.loglevel in u:object_r:startup_init_param:s0 [4608 2000 2000] failed
CST 2026-07-17 20:06:07.441  4608  4608 W C02c02/PARAM: Selinux check name persist.init.debug.loglevel in u:object_r:startup_init_param:s0 [4608 2000 2000] failed
CST 2026-07-17 20:06:07.441  4608  4608 W C02c02/PARAM: SystemReadParam failed!name is:persist.init.debug.loglevel,err:1002
CST 2026-07-17 20:06:07.441  4609  4609 W C02c02/PARAM: Selinux check name persist.init.debug.loglevel in u:object_r:startup_init_param:s0 [4609 2000 2000] failed
CST 2026-07-17 20:06:07.441  4609  4609 W C02c02/PARAM: Selinux check name persist.init.debug.loglevel in u:object_r:startup_init_param:s0 [4609 2000 2000] failed
CST 2026-07-17 20:06:07.441  4609  4609 W C02c02/PARAM: SystemReadParam failed!name is:persist.init.debug.loglevel,err:1002
CST 2026-07-17 20:06:07.572   142  1105 I C01800/SAMGR: NF SA:65962,830_211
CST 2026-07-17 20:06:07.632  1694  1805 I C0430a/file_monitor_service: [MainMissionStatus:197]CanExit
CST 2026-07-17 20:06:07.632  1694  1805 I C0430a/file_monitor_service: [MainMissionStatus:203]SecondaryScanner idle
CST 2026-07-17 20:06:07.638  1515  1515 E C02c11/APPSPAWN: [appspawn_kickdog.c:29]open /sys/kernel/hungtask/userlist fail,errno:2
CST 2026-07-17 20:06:07.644   165   165 E C02c11/APPSPAWN: [appspawn_kickdog.c:29]open /sys/kernel/hungtask/userlist fail,errno:2
CST 2026-07-17 20:06:07.679  4611  4611 W C02c02/PARAM: Selinux check name persist.init.debug.loglevel in u:object_r:startup_init_param:s0 [4611 2000 2000] failed
CST 2026-07-17 20:06:07.679  4611  4611 W C02c02/PARAM: Selinux check name persist.init.debug.loglevel in u:object_r:startup_init_param:s0 [4611 2000 2000] failed
CST 2026-07-17 20:06:07.679  4611  4611 W C02c02/PARAM: SystemReadParam failed!name is:persist.init.debug.loglevel,err:1002
CST 2026-07-17 20:06:07.686  4613  4613 W C02c02/PARAM: Selinux check name persist.init.debug.loglevel in u:object_r:startup_init_param:s0 [4613 2000 2000] failed
CST 2026-07-17 20:06:07.686  4613  4613 W C02c02/PARAM: Selinux check name persist.init.debug.loglevel in u:object_r:startup_init_param:s0 [4613 2000 2000] failed
CST 2026-07-17 20:06:07.686  4613  4613 W C02c02/PARAM: SystemReadParam failed!name is:persist.init.debug.loglevel,err:1002
CST 2026-07-17 20:06:07.694  4614  4614 W C02c02/PARAM: Selinux check name persist.init.debug.loglevel in u:object_r:startup_init_param:s0 [4614 2000 2000] failed
CST 2026-07-17 20:06:07.694  4614  4614 W C02c02/PARAM: Selinux check name persist.init.debug.loglevel in u:object_r:startup_init_param:s0 [4614 2000 2000] failed
CST 2026-07-17 20:06:07.694  4614  4614 W C02c02/PARAM: SystemReadParam failed!name is:persist.init.debug.loglevel,err:1002
CST 2026-07-17 20:06:07.773   142  1105 I C01800/SAMGR: NF SA:65962,830_212
CST 2026-07-17 20:06:07.803  2205  2205 W A01c06/ICON: AppIconWeatherModel --> initWeatherListener, retryTimes: 4
CST 2026-07-17 20:06:07.836   469  1523 E C01707/CONCUR: [Interface] task 1523 apply qos failed, errno = 4
CST 2026-07-17 20:06:07.836   469  1523 E C01611/QosManager: QosManager: Failed to set thread QoS to QOS_USER_INTERACTIVE, ret: -1
CST 2026-07-17 20:06:07.837   728   979 W C01123/BMSCommon: bundle not exist -n com.huawei.hmsapp.totemweather -u 100 -i 0 -f 32
CST 2026-07-17 20:06:07.837   728   979 W C01121/BMSQuery: GetBundleInfo failed -n com.huawei.hmsapp.totemweather -u 100
CST 2026-07-17 20:06:07.837   469  1523 E C01651/BundleMgrProxy: GetBundleInfoFromBMS: GetBundleInfo failed!bundleName is com.huawei.hmsapp.totemweather, userId is 100
CST 2026-07-17 20:06:07.837   469  1523 E C01651/DataProviderConfig: GetFromProxyData: Get bundleInfo failed! bundleName:com.huawei.hmsapp.totemweather, userId:100, visitedId:100, uri:******icIconInfo
CST 2026-07-17 20:06:07.837   469  1523 E C01651/DataShareServiceImpl: GetBMSAndMetaDataStatus: CalledInfo failed! token:0x20087fab,ret:1001,uri:******icIconInfo
CST 2026-07-17 20:06:07.837   469  1523 E C01651/DataShareServiceImpl: GetSilentProxyStatus: BMS or metaData not ready to complete, token:0x20087fab, uri:******icIconInfo
CST 2026-07-17 20:06:07.837  2205  2205 E A01c06/ICON: AppIconWeatherModel --> get weather info failed, code: 15700010, message: The DataShareHelper is not initialized successfully.
CST 2026-07-17 20:06:07.973   142  1105 I C01800/SAMGR: NF SA:65962,830_213
CST 2026-07-17 20:06:07.977   643   717 I C02986/DisplayPowerBrightness: lux=[0/145803, 0/145948, 0/146094, 0/146239, 0/146393, 0/146538, ], bDelta=5.000000, dDelta=1.000000, size=70
CST 2026-07-17 20:06:08.038  2522  2522 I C02500/Qemud: Guest heartbeat success.
CST 2026-07-17 20:06:08.046  2715  3226 E C02e00/UPDATE_SA: [hap_connection.cpp(50)]GetHapRemoteObject, remoteObj is nullptr, bundle com.huawei.hmos.ouc
CST 2026-07-17 20:06:08.046  2715  3226 I C01352/ExtMgr: [extension_manager_client.cpp134]name:com.huawei.hmos.ouc ServiceExtAbility, userId:-1.
CST 2026-07-17 20:06:08.046   728   979 I C01342/ServiceExt: [ABMS5529]element: com.huawei.hmos.ouc/ServiceExtAbility
CST 2026-07-17 20:06:08.047   728   979 W C01123/BMSCommon: bundle not exist -n com.huawei.hmos.ouc -u 100 -i 0 -f 0
CST 2026-07-17 20:06:08.047   728   979 W C01336/AMS: [start_ability_utils.cpp76]failed: com.huawei.hmos.ouc
CST 2026-07-17 20:06:08.047   728   979 W C01336/AMS: [crowd_test_interceptor.cpp54]GetAppInfo failed
CST 2026-07-17 20:06:08.047   728   979 W C01120/BMS: app_control_manager.cpp:GetAppRunningControlRule:397 getAppId failed,-n:com.huawei.hmos.ouc
CST 2026-07-17 20:06:08.047   728   979 W C01123/BMSCommon: uid(6666) invalid
CST 2026-07-17 20:06:08.047   728   979 I C01336/AMS: [start_ability_utils.cpp54]appIndex:-1
CST 2026-07-17 20:06:08.047   728   979 W C01123/BMSCommon: bundle not exist -n com.huawei.hmos.ouc -u 100 -i 0 -f 1062
CST 2026-07-17 20:06:08.047   728   979 I C01121/BMSQuery: ExplicitQueryAbility no match -n com.huawei.hmos.ouc -a ServiceExtAbility -u 100 -i 0
CST 2026-07-17 20:06:08.047   728   979 W C01120/BMS: query abilitys_ext code 8521480
CST 2026-07-17 20:06:08.047   728   979 W C01123/BMSCommon: bundle not exist -n com.huawei.hmos.ouc -u 100 -i 0 -f 1062
CST 2026-07-17 20:06:08.047   728   979 W C01121/BMSQuery: bundle_data_mgr.cpp:ExplicitQueryExtensionInfo:7239 ExplicitQueryExtensionInfo failed
CST 2026-07-17 20:06:08.047   728   979 I C01121/BMSQuery: ExplicitQueryExtension size:0 -n com.huawei.hmos.ouc -e ServiceExtAbility -u 100 -i 0
CST 2026-07-17 20:06:08.047   728   979 W C01121/BMSQuery: bundle_data_mgr.cpp:GetCloneAppIndexes:2463 no bundleName com.huawei.hmos.ouc found
CST 2026-07-17 20:06:08.047   728   979 W C01121/BMSQuery: bundle_mgr_host_impl.cpp:QueryExtensionAbilityInfos:3425 no valid extension info can be inquired
CST 2026-07-17 20:06:08.047   728   979 E C01336/AMS: [start_ability_utils.cpp290]extensionInfo empty
CST 2026-07-17 20:06:08.048   728   979 E C01342/ServiceExt: [ABMS5868]generate request error
CST 2026-07-17 20:06:08.048  2715  3226 E C02e00/UPDATE_SA: [hap_connection.cpp(82)]HapConnection call interface failed, ret 2097152
CST 2026-07-17 20:06:08.048  2715  3226 E C02e00/UPDATE_SA: [ouc_hap_connection.cpp(72)]SendRemoteRequest, can not connect to ouc
CST 2026-07-17 20:06:08.080  4617  4617 W C02c02/PARAM: Selinux check name persist.init.debug.loglevel in u:object_r:startup_init_param:s0 [4617 2000 2000] failed
CST 2026-07-17 20:06:08.080  4617  4617 W C02c02/PARAM: Selinux check name persist.init.debug.loglevel in u:object_r:startup_init_param:s0 [4617 2000 2000] failed
CST 2026-07-17 20:06:08.080  4617  4617 W C02c02/PARAM: SystemReadParam failed!name is:persist.init.debug.loglevel,err:1002
CST 2026-07-17 20:06:08.087  4617  4617 W C02c02/PARAM: Selinux check name persist.init.debug.loglevel in u:object_r:startup_init_param:s0 [4617 2000 2000] failed
CST 2026-07-17 20:06:08.087  4617  4617 W C02c02/PARAM: Selinux check name persist.init.debug.loglevel in u:object_r:startup_init_param:s0 [4617 2000 2000] failed
CST 2026-07-17 20:06:08.087  4617  4617 W C02c02/PARAM: SystemReadParam failed!name is:persist.init.debug.loglevel,err:1002
CST 2026-07-17 20:06:08.174   142  1105 I C01800/SAMGR: NF SA:65962,830_214
CST 2026-07-17 20:06:08.330  4620  4620 W C02c02/PARAM: Selinux check name persist.init.debug.loglevel in u:object_r:startup_init_param:s0 [4620 2000 2000] failed
CST 2026-07-17 20:06:08.330  4620  4620 W C02c02/PARAM: Selinux check name persist.init.debug.loglevel in u:object_r:startup_init_param:s0 [4620 2000 2000] failed
CST 2026-07-17 20:06:08.330  4620  4620 W C02c02/PARAM: SystemReadParam failed!name is:persist.init.debug.loglevel,err:1002
CST 2026-07-17 20:06:08.374   142  1105 I C01800/SAMGR: NF SA:65962,830_215
CST 2026-07-17 20:06:08.429  4623  4623 W C02c02/PARAM: Selinux check name persist.init.debug.loglevel in u:object_r:startup_init_param:s0 [4623 2000 2000] failed
CST 2026-07-17 20:06:08.429  4623  4623 W C02c02/PARAM: Selinux check name persist.init.debug.loglevel in u:object_r:startup_init_param:s0 [4623 2000 2000] failed
CST 2026-07-17 20:06:08.429  4623  4623 W C02c02/PARAM: SystemReadParam failed!name is:persist.init.debug.loglevel,err:1002
CST 2026-07-17 20:06:08.436  4626  4626 W C02c02/PARAM: Selinux check name persist.init.debug.loglevel in u:object_r:startup_init_param:s0 [4626 2000 2000] failed
CST 2026-07-17 20:06:08.437  4627  4627 W C02c02/PARAM: Selinux check name persist.init.debug.loglevel in u:object_r:startup_init_param:s0 [4627 2000 2000] failed
CST 2026-07-17 20:06:08.437  4625  4625 W C02c02/PARAM: Selinux check name persist.init.debug.loglevel in u:object_r:startup_init_param:s0 [4625 2000 2000] failed
CST 2026-07-17 20:06:08.437  4627  4627 W C02c02/PARAM: Selinux check name persist.init.debug.loglevel in u:object_r:startup_init_param:s0 [4627 2000 2000] failed
CST 2026-07-17 20:06:08.437  4627  4627 W C02c02/PARAM: SystemReadParam failed!name is:persist.init.debug.loglevel,err:1002
CST 2026-07-17 20:06:08.437  4626  4626 W C02c02/PARAM: Selinux check name persist.init.debug.loglevel in u:object_r:startup_init_param:s0 [4626 2000 2000] failed
CST 2026-07-17 20:06:08.437  4625  4625 W C02c02/PARAM: Selinux check name persist.init.debug.loglevel in u:object_r:startup_init_param:s0 [4625 2000 2000] failed
CST 2026-07-17 20:06:08.437  4626  4626 W C02c02/PARAM: SystemReadParam failed!name is:persist.init.debug.loglevel,err:1002
CST 2026-07-17 20:06:08.437  4625  4625 W C02c02/PARAM: SystemReadParam failed!name is:persist.init.debug.loglevel,err:1002
CST 2026-07-17 20:06:08.445  4628  4628 W C02c02/PARAM: Selinux check name persist.init.debug.loglevel in u:object_r:startup_init_param:s0 [4628 2000 2000] failed
CST 2026-07-17 20:06:08.445  4628  4628 W C02c02/PARAM: Selinux check name persist.init.debug.loglevel in u:object_r:startup_init_param:s0 [4628 2000 2000] failed
CST 2026-07-17 20:06:08.445  4628  4628 W C02c02/PARAM: SystemReadParam failed!name is:persist.init.debug.loglevel,err:1002
CST 2026-07-17 20:06:08.445  4629  4629 W C02c02/PARAM: Selinux check name persist.init.debug.loglevel in u:object_r:startup_init_param:s0 [4629 2000 2000] failed
CST 2026-07-17 20:06:08.445  4629  4629 W C02c02/PARAM: Selinux check name persist.init.debug.loglevel in u:object_r:startup_init_param:s0 [4629 2000 2000] failed
CST 2026-07-17 20:06:08.445  4629  4629 W C02c02/PARAM: SystemReadParam failed!name is:persist.init.debug.loglevel,err:1002
CST 2026-07-17 20:06:08.465  4620  4620 W C02c02/PARAM: Selinux check name debug.dfx.tags.enableleak in u:object_r:debug_param:s0 [4620 2000 2000] failed
CST 2026-07-17 20:06:08.465  4620  4620 W C02c02/PARAM: SystemReadParam failed!name is:debug.dfx.tags.enableleak,err:1002
CST 2026-07-17 20:06:08.473  4620  4620 W C02c02/PARAM: Selinux check name persist.graphic.profiler.enabled in u:object_r:debug_param:s0 [4620 2000 2000] failed
CST 2026-07-17 20:06:08.473  4620  4620 E C02c02/PARAM: Forbid to read parameter persist.graphic.profiler.enabled
CST 2026-07-17 20:06:08.473  4620  4620 E C02c02/PARAM: Forbid to access parameter persist.graphic.profiler.enabled
CST 2026-07-17 20:06:08.473  4620  4620 W C02c02/PARAM: Selinux check name persist.graphic.profiler.betarecording in u:object_r:debug_param:s0 [4620 2000 2000] failed
CST 2026-07-17 20:06:08.473  4620  4620 E C02c02/PARAM: Forbid to read parameter persist.graphic.profiler.betarecording
CST 2026-07-17 20:06:08.473  4620  4620 E C02c02/PARAM: Forbid to access parameter persist.graphic.profiler.betarecording
CST 2026-07-17 20:06:08.475  4620  4620 W C03100/UiTestKit_Base: [ui_driver.cpp:(CheckStatus)] Not connect to AAMS, try to reconnect
CST 2026-07-17 20:06:08.475  4620  4630 W C057c1/IPCWorkThread: ThreadHandler: proto:0 policy:1 name:OS_IPC_0_4630 invoker:13634384
CST 2026-07-17 20:06:08.476  4620  4631 W C057c1/IPCWorkThread: ThreadHandler: proto:0 policy:0 name:OS_IPC_1_4631 invoker:13634960
CST 2026-07-17 20:06:08.476   145   148 I C02c03/PARAM_WATCHER: [watcher_manager.cpp:72]Add remote watcher remoteWatcherId 61 4620 success
CST 2026-07-17 20:06:08.477   145   148 I C02c03/PARAM_WATCHER: SendLocalChange start keyPrefix accessibility.config.ready remoteWatcherId 61
CST 2026-07-17 20:06:08.477   145   148 I C02c03/PARAM_WATCHER: [watcher_manager.cpp:187]Add watcher accessibility.config.ready remoteWatcherId: 61 groupId 79 success
CST 2026-07-17 20:06:08.477  4620  4620 I C02c03/PARAM_WATCHER: Add watcher keyPrefix accessibility.config.ready remoteWatcherId 61 success
CST 2026-07-17 20:06:08.477  4620  4631 I C01d01/accessibility_aakit: [(OnParameterChanged:151)]InitAccessibilityServiceProxy success
CST 2026-07-17 20:06:08.478  4620  4620 I C01d01/accessibility_aakit: [(Connect:64)]
CST 2026-07-17 20:06:08.478   202  2329 I C01d00/accessibility: [(IsSystemApp:1502)]Caller is not a application.
CST 2026-07-17 20:06:08.482   202  2336 E C01d05/accessibility_interface: [(OnAccessibilityEnableAbilityListsChanged:62)]OnAccessibilityEnableAbilityListsChanged fail, error: 29201
CST 2026-07-17 20:06:08.482  4620  4620 I C03100/UiTestKit_Server: [system_ui_controller.cpp:(ConnectToSysAbility)] Connect to AAMS, result: 0
CST 2026-07-17 20:06:08.485   202  2336 E C01d05/accessibility_interface: [(OnAccessibilityInstallAbilityListsChanged:89)]OnAccessibilityInstallAbilityListsChanged fail, error: 29201
CST 2026-07-17 20:06:08.485   202  2336 I C01d00/accessibility: [(AddAccessibilityAbility:1406)]uri is <private>
CST 2026-07-17 20:06:08.491   469  1523 E C01707/CONCUR: [Interface] task 1523 apply qos failed, errno = 4
CST 2026-07-17 20:06:08.491   469  1523 E C01611/QosManager: QosManager: Failed to set thread QoS to QOS_USER_INTERACTIVE, ret: -1
CST 2026-07-17 20:06:08.499   469  1523 E C01707/CONCUR: [Interface] task 1523 apply qos failed, errno = 4
CST 2026-07-17 20:06:08.499   469  1523 E C01611/QosManager: QosManager: Failed to set thread QoS to QOS_USER_INTERACTIVE, ret: -1
CST 2026-07-17 20:06:08.499   469  1523 I C01651/DataShareServiceStub: OnRemoteRequest: code:21, callingPid:202
CST 2026-07-17 20:06:08.499   469  1523 I C01631/GaussPD:  [0] [ADAPTER] [140314509798144] Not support binlog_default.writeLock file enable del monitor sysno = 25
CST 2026-07-17 20:06:08.499   469  1523 I C01631/GaussPD:  [0] [ADAPTER] [140314509798144] Not support binlog_default.writeLock file enable del monitor sysno = 25
CST 2026-07-17 20:06:08.499   469  1523 I C01631/GaussPD:  [0] [ADAPTER] [140314509798144] Not support binlog_default.writeLock file enable del monitor sysno = 25
CST 2026-07-17 20:06:08.500   469  1523 I C01631/GaussPD:  [0] [ADAPTER] [140314509798144] Not support binlog_default.writeLock file enable del monitor sysno = 25
CST 2026-07-17 20:06:08.500   469  1523 I C01631/GaussPD:  [0] [ADAPTER] [140314509798144] Not support binlog_default.writeIndex file enable del monitor sysno = 25
CST 2026-07-17 20:06:08.500   469  1523 I C01631/GaussPD:  [0] [ADAPTER] [140314509798144] Not support binlog_default.writeIndex file enable del monitor sysno = 25
CST 2026-07-17 20:06:08.501   469  1523 I C01651/DataShareServiceStub: OnUpdateEx: Update uri:******uide_state, e:0, s:1
CST 2026-07-17 20:06:08.506   469  1523 E C01707/CONCUR: [Interface] task 1523 apply qos failed, errno = 4
CST 2026-07-17 20:06:08.507   469  1523 E C01611/QosManager: QosManager: Failed to set thread QoS to QOS_USER_INTERACTIVE, ret: -1
CST 2026-07-17 20:06:08.507   469  1523 I C01651/DataShareServiceStub: OnRemoteRequest: code:14, callingPid:202
CST 2026-07-17 20:06:08.512   469  1523 E C01707/CONCUR: [Interface] task 1523 apply qos failed, errno = 4
CST 2026-07-17 20:06:08.512   469  1523 E C01611/QosManager: QosManager: Failed to set thread QoS to QOS_USER_INTERACTIVE, ret: -1
CST 2026-07-17 20:06:08.512   469  1523 I C01651/DataShareServiceStub: OnRemoteRequest: code:21, callingPid:202
CST 2026-07-17 20:06:08.513   469  1523 I C01631/GaussPD:  [0] [ADAPTER] [140314509798144] Not support binlog_default.writeLock file enable del monitor sysno = 25
CST 2026-07-17 20:06:08.513   469  1523 I C01631/GaussPD:  [0] [ADAPTER] [140314509798144] Not support binlog_default.writeLock file enable del monitor sysno = 25
CST 2026-07-17 20:06:08.513   469  1523 I C01631/GaussPD:  [0] [ADAPTER] [140314509798144] Not support binlog_default.writeLock file enable del monitor sysno = 25
CST 2026-07-17 20:06:08.514   469  1523 I C01631/GaussPD:  [0] [ADAPTER] [140314509798144] Not support binlog_default.writeLock file enable del monitor sysno = 25
CST 2026-07-17 20:06:08.514   469  1523 I C01631/GaussPD:  [0] [ADAPTER] [140314509798144] Not support binlog_default.writeIndex file enable del monitor sysno = 25
CST 2026-07-17 20:06:08.514   469  1523 I C01631/GaussPD:  [0] [ADAPTER] [140314509798144] Not support binlog_default.writeIndex file enable del monitor sysno = 25
CST 2026-07-17 20:06:08.514   469  1523 I C01651/DataShareServiceStub: OnUpdateEx: Update uri:******ture_state, e:0, s:1
CST 2026-07-17 20:06:08.553   469  1523 E C01707/CONCUR: [Interface] task 1523 apply qos failed, errno = 4
CST 2026-07-17 20:06:08.553   469  1523 E C01611/QosManager: QosManager: Failed to set thread QoS to QOS_USER_INTERACTIVE, ret: -1
CST 2026-07-17 20:06:08.553   469  1523 I C01651/DataShareServiceStub: OnRemoteRequest: code:14, callingPid:202
CST 2026-07-17 20:06:08.559   469  1523 E C01707/CONCUR: [Interface] task 1523 apply qos failed, errno = 4
CST 2026-07-17 20:06:08.559   469  1523 E C01611/QosManager: QosManager: Failed to set thread QoS to QOS_USER_INTERACTIVE, ret: -1
CST 2026-07-17 20:06:08.559   469  1523 I C01651/DataShareServiceStub: OnRemoteRequest: code:21, callingPid:202
CST 2026-07-17 20:06:08.560   469  1523 I C01631/GaussPD:  [0] [ADAPTER] [140314509798144] Not support binlog_default.writeLock file enable del monitor sysno = 25
CST 2026-07-17 20:06:08.560   469  1523 I C01631/GaussPD:  [0] [ADAPTER] [140314509798144] Not support binlog_default.writeLock file enable del monitor sysno = 25
CST 2026-07-17 20:06:08.560   469  1523 I C01631/GaussPD:  [0] [ADAPTER] [140314509798144] Not support binlog_default.writeLock file enable del monitor sysno = 25
CST 2026-07-17 20:06:08.561   469  1523 I C01631/GaussPD:  [0] [ADAPTER] [140314509798144] Not support binlog_default.writeLock file enable del monitor sysno = 25
CST 2026-07-17 20:06:08.561   469  1523 I C01631/GaussPD:  [0] [ADAPTER] [140314509798144] Not support binlog_default.writeIndex file enable del monitor sysno = 25
CST 2026-07-17 20:06:08.561   469  1523 I C01631/GaussPD:  [0] [ADAPTER] [140314509798144] Not support binlog_default.writeIndex file enable del monitor sysno = 25
CST 2026-07-17 20:06:08.561   469  1523 I C01651/DataShareServiceStub: OnUpdateEx: Update uri:******t_observer, e:0, s:1
CST 2026-07-17 20:06:08.567   469  1523 E C01707/CONCUR: [Interface] task 1523 apply qos failed, errno = 4
CST 2026-07-17 20:06:08.567   469  1523 E C01611/QosManager: QosManager: Failed to set thread QoS to QOS_USER_INTERACTIVE, ret: -1
CST 2026-07-17 20:06:08.567   469  1523 I C01651/DataShareServiceStub: OnRemoteRequest: code:14, callingPid:202
CST 2026-07-17 20:06:08.568   202  2336 E C01d00/accessibility: [(CheckExtProxyStatus:820)]Extension Proxy is not load
CST 2026-07-17 20:06:08.568   202  2336 I C01d00/accessibility: [(GetAccessibilityState:115)]EnabledState[0], TouchGuideState[0], KeyEventObserverState[0], GestureState[0], ScreenReaderState[0], SingleClickMode[0], AnimationOffState[0], AudioMonoState[0], FlashReminderSwitch[0]
CST 2026-07-17 20:06:08.574   469  1523 E C01707/CONCUR: [Interface] task 1523 apply qos failed, errno = 4
CST 2026-07-17 20:06:08.574   469  1523 E C01611/QosManager: QosManager: Failed to set thread QoS to QOS_USER_INTERACTIVE, ret: -1
CST 2026-07-17 20:06:08.574   469  1523 I C01651/DataShareServiceStub: OnRemoteRequest: code:21, callingPid:202
CST 2026-07-17 20:06:08.574   469  1523 I C01631/GaussPD:  [0] [ADAPTER] [140314509798144] Not support binlog_default.writeLock file enable del monitor sysno = 25
CST 2026-07-17 20:06:08.574   469  1523 I C01631/GaussPD:  [0] [ADAPTER] [140314509798144] Not support binlog_default.writeLock file enable del monitor sysno = 25
CST 2026-07-17 20:06:08.574   469  1523 I C01631/GaussPD:  [0] [ADAPTER] [140314509798144] Not support binlog_default.writeLock file enable del monitor sysno = 25
CST 2026-07-17 20:06:08.575   142  1105 I C01800/SAMGR: NF SA:65962,830_216
CST 2026-07-17 20:06:08.575   469  1523 I C01631/GaussPD:  [0] [ADAPTER] [140314509798144] Not support binlog_default.writeLock file enable del monitor sysno = 25
CST 2026-07-17 20:06:08.575   469  1523 I C01631/GaussPD:  [0] [ADAPTER] [140314509798144] Not support binlog_default.writeIndex file enable del monitor sysno = 25
CST 2026-07-17 20:06:08.575   469  1523 I C01631/GaussPD:  [0] [ADAPTER] [140314509798144] Not support binlog_default.writeIndex file enable del monitor sysno = 25
CST 2026-07-17 20:06:08.575   469  1523 I C01651/DataShareServiceStub: OnUpdateEx: Update uri:******essibility, e:0, s:1
CST 2026-07-17 20:06:08.581   469  1523 E C01707/CONCUR: [Interface] task 1523 apply qos failed, errno = 4
CST 2026-07-17 20:06:08.581   469  1523 E C01611/QosManager: QosManager: Failed to set thread QoS to QOS_USER_INTERACTIVE, ret: -1
CST 2026-07-17 20:06:08.581   469  1523 I C01651/DataShareServiceStub: OnRemoteRequest: code:14, callingPid:202
CST 2026-07-17 20:06:08.581   202  2336 I C01d00/accessibility: [(OnStateObservers:3654)]state is 1
CST 2026-07-17 20:06:08.581  2205  2433 I C01d02/accessibility_asacfwk: [(NotifyStateChanged:705)]observers size is 2
CST 2026-07-17 20:06:08.581  2205  2433 I C01d10/accessibility_napi: [(OnStateChanged:1885)]
CST 2026-07-17 20:06:08.581  1730  2351 I C01d02/accessibility_asacfwk: [(NotifyStateChanged:705)]observers size is 1
CST 2026-07-17 20:06:08.581  2359  2362 I C01d02/accessibility_asacfwk: [(NotifyStateChanged:705)]observers size is 1
CST 2026-07-17 20:06:08.581  1730  2351 I C01d10/accessibility_napi: [(OnStateChanged:1885)]
CST 2026-07-17 20:06:08.582  1730  2351 I C01d02/accessibility_asacfwk: [(NotifyStateChanged:705)]observers size is 0
CST 2026-07-17 20:06:08.582  2205  2433 I C01d02/accessibility_asacfwk: [(NotifyStateChanged:705)]observers size is 1
CST 2026-07-17 20:06:08.582  2359  2362 I C01d02/accessibility_asacfwk: [(NotifyStateChanged:705)]observers size is 1
CST 2026-07-17 20:06:08.582  3857  4315 I C01d02/accessibility_asacfwk: [(NotifyStateChanged:705)]observers size is 1
CST 2026-07-17 20:06:08.582  3857  4315 I C01d02/accessibility_asacfwk: [(NotifyStateChanged:705)]observers size is 1
CST 2026-07-17 20:06:08.582  2205  2205 I C01d02/accessibility_asacfwk: [(RegisterElementOperator:388)]Register windowId[1] start
CST 2026-07-17 20:06:08.582  2205  2205 I C0392a/AceUiExtensionComponent: [(-2:100000:singleton)] [@1869][ID: 1] treeId: 0, id: 132
CST 2026-07-17 20:06:08.582   202  2935 I C01d00/accessibility: [(RegisterElementOperatorByParameter:1296)]get treeId element and treeid - treeId: 8 parameter.elementId[132]element[132]
CST 2026-07-17 20:06:08.582  3857  3857 I C01d02/accessibility_asacfwk: [(RegisterElementOperator:388)]Register windowId[31] start
CST 2026-07-17 20:06:08.587   469  1523 E C01707/CONCUR: [Interface] task 1523 apply qos failed, errno = 4
CST 2026-07-17 20:06:08.587   469  1523 E C01611/QosManager: QosManager: Failed to set thread QoS to QOS_USER_INTERACTIVE, ret: -1
CST 2026-07-17 20:06:08.587   469  1523 I C01651/DataShareServiceStub: OnRemoteRequest: code:21, callingPid:202
CST 2026-07-17 20:06:08.588   469  1523 I C01631/GaussPD:  [0] [ADAPTER] [140314509798144] Not support binlog_default.writeLock file enable del monitor sysno = 25
CST 2026-07-17 20:06:08.588   469  1523 I C01631/GaussPD:  [0] [ADAPTER] [140314509798144] Not support binlog_default.writeLock file enable del monitor sysno = 25
CST 2026-07-17 20:06:08.588   469  1523 I C01631/GaussPD:  [0] [ADAPTER] [140314509798144] Not support binlog_default.writeLock file enable del monitor sysno = 25
CST 2026-07-17 20:06:08.589   469  1523 I C01631/GaussPD:  [0] [ADAPTER] [140314509798144] Not support binlog_default.writeLock file enable del monitor sysno = 25
CST 2026-07-17 20:06:08.589   469  1523 I C01631/GaussPD:  [0] [ADAPTER] [140314509798144] Not support binlog_default.writeIndex file enable del monitor sysno = 25
CST 2026-07-17 20:06:08.589   469  1523 I C01631/GaussPD:  [0] [ADAPTER] [140314509798144] Not support binlog_default.writeIndex file enable del monitor sysno = 25
CST 2026-07-17 20:06:08.589   469  1523 I C01651/DataShareServiceStub: OnUpdateEx: Update uri:******lity_state, e:0, s:1
CST 2026-07-17 20:06:08.595   469  1523 E C01707/CONCUR: [Interface] task 1523 apply qos failed, errno = 4
CST 2026-07-17 20:06:08.595   469  1523 E C01611/QosManager: QosManager: Failed to set thread QoS to QOS_USER_INTERACTIVE, ret: -1
CST 2026-07-17 20:06:08.595   469  1523 I C01651/DataShareServiceStub: OnRemoteRequest: code:14, callingPid:202
CST 2026-07-17 20:06:08.595   202  2336 I C01d00/accessibility: [(Unregister:76)]unregister shortcut key, last subscribeId is 14
CST 2026-07-17 20:06:08.595   202  2336 I C02800/InputManagerImpl: [][UnsubscribeKeyEvent:404] enter
CST 2026-07-17 20:06:08.595   202  2336 I C02800/KeyEventInputSubscribeManager: [][UnsubscribeKeyEvent:202] enter
CST 2026-07-17 20:06:08.595   251   975 I C02800/MMIService: [][UnsubscribeKeyEvent:2540] enter
CST 2026-07-17 20:06:08.595   251   505 I C02802/KeySubscriberHandler: [|172]SubscribeId:14, pid:202
CST 2026-07-17 20:06:08.596   251   505 I C02800/KeySubscriberHandler: [][RemoveKeyGestureSubscriber:243] enter
CST 2026-07-17 20:06:08.596   251   505 I C02802/KeySubscriberHandler: [|253]Removing handler(19) of key gesture
CST 2026-07-17 20:06:08.596   251   505 I C02802/KeyGestureManager: [|107]Handler(19) of key gesture was removed
CST 2026-07-17 20:06:08.596   251   505 I C02800/KeySubscriberHandler: [][RemoveKeyGestureSubscriber] leave
CST 2026-07-17 20:06:08.596   251   975 I C02800/MMIService: [][UnsubscribeKeyEvent] leave
CST 2026-07-17 20:06:08.596   202  2336 I C02800/KeyEventInputSubscribeManager: [][UnsubscribeKeyEvent] leave
CST 2026-07-17 20:06:08.596   202  2336 I C02800/InputManagerImpl: [][UnsubscribeKeyEvent] leave
CST 2026-07-17 20:06:08.596   202  2336 I C01d00/accessibility: [(Register:57)]
CST 2026-07-17 20:06:08.596   202  2336 I C02800/InputManagerImpl: [][SubscribeKeyEvent:385] enter
CST 2026-07-17 20:06:08.596   251   505 I C02800/KeyGestureManager: [][ShouldIntercept:461] enter
CST 2026-07-17 20:06:08.596   251   505 I C02800/KeyGestureManager: [][ShouldIntercept] leave
CST 2026-07-17 20:06:08.596   251   505 I C02800/KeySubscriberHandler: [][AddKeyGestureSubscriber:218] enter
CST 2026-07-17 20:06:08.596   251   505 I C02802/KeySubscriberHandler: [|229]Handler(20) of key gesture was added
CST 2026-07-17 20:06:08.596   251   505 I C02800/KeySubscriberHandler: [][AddKeyGestureSubscriber] leave
CST 2026-07-17 20:06:08.596   202  2336 I C02800/InputManagerImpl: [][SubscribeKeyEvent] leave
CST 2026-07-17 20:06:08.596   202  2336 I C01d00/accessibility: [(operator():1152)]Register windowId[1]
CST 2026-07-17 20:06:08.596   202  2336 I C01d00/accessibility: [(AddAccessibilityWindowConnection:326)]windowId(1)
CST 2026-07-17 20:06:08.596   202  2336 I C01d00/accessibility: [(InitSceneBoard:1362)]
CST 2026-07-17 20:06:08.597   202  2336 I C01d00/accessibility: [(operator():1304)]Register windowId[1]
CST 2026-07-17 20:06:08.597   202  2336 I C01d00/accessibility: [(operator():1152)]Register windowId[31]
CST 2026-07-17 20:06:08.597   202  2336 I C01d00/accessibility: [(AddAccessibilityWindowConnection:326)]windowId(31)
CST 2026-07-17 20:06:08.632  1694  1805 I C0430a/file_monitor_service: [MainMissionStatus:197]CanExit
CST 2026-07-17 20:06:08.632  1694  1805 I C0430a/file_monitor_service: [MainMissionStatus:203]SecondaryScanner idle
CST 2026-07-17 20:06:08.678  4633  4633 W C02c02/PARAM: Selinux check name persist.init.debug.loglevel in u:object_r:startup_init_param:s0 [4633 2000 2000] failed
CST 2026-07-17 20:06:08.678  4633  4633 W C02c02/PARAM: Selinux check name persist.init.debug.loglevel in u:object_r:startup_init_param:s0 [4633 2000 2000] failed
CST 2026-07-17 20:06:08.678  4633  4633 W C02c02/PARAM: SystemReadParam failed!name is:persist.init.debug.loglevel,err:1002
CST 2026-07-17 20:06:08.685  4635  4635 W C02c02/PARAM: Selinux check name persist.init.debug.loglevel in u:object_r:startup_init_param:s0 [4635 2000 2000] failed
CST 2026-07-17 20:06:08.686  4635  4635 W C02c02/PARAM: Selinux check name persist.init.debug.loglevel in u:object_r:startup_init_param:s0 [4635 2000 2000] failed
CST 2026-07-17 20:06:08.686  4635  4635 W C02c02/PARAM: SystemReadParam failed!name is:persist.init.debug.loglevel,err:1002
CST 2026-07-17 20:06:08.692  4636  4636 W C02c02/PARAM: Selinux check name persist.init.debug.loglevel in u:object_r:startup_init_param:s0 [4636 2000 2000] failed
CST 2026-07-17 20:06:08.692  4636  4636 W C02c02/PARAM: Selinux check name persist.init.debug.loglevel in u:object_r:startup_init_param:s0 [4636 2000 2000] failed
CST 2026-07-17 20:06:08.692  4636  4636 W C02c02/PARAM: SystemReadParam failed!name is:persist.init.debug.loglevel,err:1002
CST 2026-07-17 20:06:08.775   142  1105 I C01800/SAMGR: NF SA:65962,830_217
CST 2026-07-17 20:06:08.775   830   861 E C01810/SA_CLIENT: GetSaWrap SA:65962 not start
CST 2026-07-17 20:06:08.775   830   861 I C01409/APS_MANAGER: request system service object is not ready yet!
CST 2026-07-17 20:06:08.838  2205  2205 W A01c06/ICON: AppIconWeatherModel --> initWeatherListener, retryTimes: 4
CST 2026-07-17 20:06:08.846   469  1523 E C01707/CONCUR: [Interface] task 1523 apply qos failed, errno = 4
CST 2026-07-17 20:06:08.846   469  1523 E C01611/QosManager: QosManager: Failed to set thread QoS to QOS_USER_INTERACTIVE, ret: -1
CST 2026-07-17 20:06:08.847   728   979 W C01123/BMSCommon: bundle not exist -n com.huawei.hmsapp.totemweather -u 100 -i 0 -f 32
CST 2026-07-17 20:06:08.847   728   979 W C01121/BMSQuery: GetBundleInfo failed -n com.huawei.hmsapp.totemweather -u 100
CST 2026-07-17 20:06:08.847   469  1523 E C01651/BundleMgrProxy: GetBundleInfoFromBMS: GetBundleInfo failed!bundleName is com.huawei.hmsapp.totemweather, userId is 100
CST 2026-07-17 20:06:08.847   469  1523 E C01651/DataProviderConfig: GetFromProxyData: Get bundleInfo failed! bundleName:com.huawei.hmsapp.totemweather, userId:100, visitedId:100, uri:******icIconInfo
CST 2026-07-17 20:06:08.847   469  1523 E C01651/DataShareServiceImpl: GetBMSAndMetaDataStatus: CalledInfo failed! token:0x20087fab,ret:1001,uri:******icIconInfo
CST 2026-07-17 20:06:08.847   469  1523 E C01651/DataShareServiceImpl: GetSilentProxyStatus: BMS or metaData not ready to complete, token:0x20087fab, uri:******icIconInfo
CST 2026-07-17 20:06:08.847  2205  2205 E A01c06/ICON: AppIconWeatherModel --> get weather info failed, code: 15700010, message: The DataShareHelper is not initialized successfully.
CST 2026-07-17 20:06:09.048  2715  3226 E C02e00/UPDATE_SA: [hap_connection.cpp(50)]GetHapRemoteObject, remoteObj is nullptr, bundle com.huawei.hmos.ouc
CST 2026-07-17 20:06:09.048  2715  3226 I C01352/ExtMgr: [extension_manager_client.cpp134]name:com.huawei.hmos.ouc ServiceExtAbility, userId:-1.
CST 2026-07-17 20:06:09.048   728   979 I C01342/ServiceExt: [ABMS5529]element: com.huawei.hmos.ouc/ServiceExtAbility
CST 2026-07-17 20:06:09.048   728   979 W C01123/BMSCommon: bundle not exist -n com.huawei.hmos.ouc -u 100 -i 0 -f 0
CST 2026-07-17 20:06:09.049   728   979 W C01336/AMS: [start_ability_utils.cpp76]failed: com.huawei.hmos.ouc
CST 2026-07-17 20:06:09.049   728   979 W C01336/AMS: [crowd_test_interceptor.cpp54]GetAppInfo failed
CST 2026-07-17 20:06:09.049   728   979 W C01120/BMS: app_control_manager.cpp:GetAppRunningControlRule:397 getAppId failed,-n:com.huawei.hmos.ouc
CST 2026-07-17 20:06:09.049   728   979 W C01123/BMSCommon: uid(6666) invalid
CST 2026-07-17 20:06:09.049   728   979 I C01336/AMS: [start_ability_utils.cpp54]appIndex:-1
CST 2026-07-17 20:06:09.049   728   979 W C01123/BMSCommon: bundle not exist -n com.huawei.hmos.ouc -u 100 -i 0 -f 1062
CST 2026-07-17 20:06:09.049   728   979 I C01121/BMSQuery: ExplicitQueryAbility no match -n com.huawei.hmos.ouc -a ServiceExtAbility -u 100 -i 0
CST 2026-07-17 20:06:09.049   728   979 W C01120/BMS: query abilitys_ext code 8521480
CST 2026-07-17 20:06:09.049   728   979 W C01123/BMSCommon: bundle not exist -n com.huawei.hmos.ouc -u 100 -i 0 -f 1062
CST 2026-07-17 20:06:09.049   728   979 W C01121/BMSQuery: bundle_data_mgr.cpp:ExplicitQueryExtensionInfo:7239 ExplicitQueryExtensionInfo failed
CST 2026-07-17 20:06:09.049   728   979 I C01121/BMSQuery: ExplicitQueryExtension size:0 -n com.huawei.hmos.ouc -e ServiceExtAbility -u 100 -i 0
CST 2026-07-17 20:06:09.049   728   979 W C01121/BMSQuery: bundle_data_mgr.cpp:GetCloneAppIndexes:2463 no bundleName com.huawei.hmos.ouc found
CST 2026-07-17 20:06:09.049   728   979 W C01121/BMSQuery: bundle_mgr_host_impl.cpp:QueryExtensionAbilityInfos:3425 no valid extension info can be inquired
CST 2026-07-17 20:06:09.049   728   979 E C01336/AMS: [start_ability_utils.cpp290]extensionInfo empty
CST 2026-07-17 20:06:09.049   728   979 E C01342/ServiceExt: [ABMS5868]generate request error
CST 2026-07-17 20:06:09.050  2715  3226 E C02e00/UPDATE_SA: [hap_connection.cpp(82)]HapConnection call interface failed, ret 2097152
CST 2026-07-17 20:06:09.050  2715  3226 E C02e00/UPDATE_SA: [ouc_hap_connection.cpp(72)]SendRemoteRequest, can not connect to ouc
CST 2026-07-17 20:06:09.055  4640  4640 W C02c02/PARAM: Selinux check name persist.init.debug.loglevel in u:object_r:startup_init_param:s0 [4640 2000 2000] failed
CST 2026-07-17 20:06:09.055  4640  4640 W C02c02/PARAM: Selinux check name persist.init.debug.loglevel in u:object_r:startup_init_param:s0 [4640 2000 2000] failed
CST 2026-07-17 20:06:09.055  4640  4640 W C02c02/PARAM: SystemReadParam failed!name is:persist.init.debug.loglevel,err:1002
CST 2026-07-17 20:06:09.062  4640  4640 W C02c02/PARAM: Selinux check name persist.init.debug.loglevel in u:object_r:startup_init_param:s0 [4640 2000 2000] failed
CST 2026-07-17 20:06:09.062  4640  4640 W C02c02/PARAM: Selinux check name persist.init.debug.loglevel in u:object_r:startup_init_param:s0 [4640 2000 2000] failed
CST 2026-07-17 20:06:09.062  4640  4640 W C02c02/PARAM: SystemReadParam failed!name is:persist.init.debug.loglevel,err:1002
CST 2026-07-17 20:06:09.096  4620  4631 I C03100/UiTestKit_Server: [system_ui_controller.cpp:(operator())] Success connect to AccessibilityUITestAbility
CST 2026-07-17 20:06:09.096  4620  4631 W C057c3/IPCObjectStub: SendRequestInner: Stub(desc:*.IAccessibleAbilityClient) code:500 cost:500ms
CST 2026-07-17 20:06:09.097  4620  4620 W C04201/DMS: RegisterClientDeathListener: regis reverse death
CST 2026-07-17 20:06:09.097  4620  4620 I C04201/DMS: RegisterClientDeathListener: ENTER
CST 2026-07-17 20:06:09.097   728   979 E C04200/WMS: UpdateBundleInfo: Failed
CST 2026-07-17 20:06:09.098   728   979 W C04201/DMS: screen_session.cpp: call BMS
CST 2026-07-17 20:06:09.098   728   979 I C04201/DMS: screen_session.cpp: pid:0, bundle:, api:0
CST 2026-07-17 20:06:09.099  4620  4620 I C03100/UiTestKit_Server: [system_ui_controller.cpp:(GetUiWindows)] window is visible, windowId: 21, active: 0, focus: 0,layer: 2202, displayId: 0
CST 2026-07-17 20:06:09.099  4620  4620 I C01d01/accessibility_aakit: [(SearchElementInfoFromAce:1329)]windowId 21}, elementId -1
CST 2026-07-17 20:06:09.100  4620  4620 I C03100/UiTestKit_Server: [system_ui_controller.cpp:(InflateWindowInfo)] End Get Bundle Name by WindowId 21, app is com.ohos.sceneboard
CST 2026-07-17 20:06:09.100  4620  4642 W C057c1/IPCWorkThread: ThreadHandler: proto:0 policy:0 name:OS_IPC_2_4642 invoker:13635536
CST 2026-07-17 20:06:09.101   728   979 I C0420f/WMSRecover: mock_session_manager_service.cpp GetForegroundOsAccountDisplayId: displayId: 0
CST 2026-07-17 20:06:09.101   728   979 I C0420f/WMSRecover: mock_session_manager_service.cpp RegisterSMSRecoverListener: clientUserId: 0, userId: 100, pid: 4620,isLite: 1, displayId: 0
CST 2026-07-17 20:06:09.101   728   979 I C04210/WMSMultiUser: mock_session_manager_service.cpp NotifyWMSConnectionStatus: wms is already connected, notify client
CST 2026-07-17 20:06:09.102  4620  4620 I C03100/UiTestKit_Server: [system_ui_controller.cpp:(UpdateWindowAttrs)] window 21 touchArea: Rect {left:0,right:1320,top:0,bottom:137} 
CST 2026-07-17 20:06:09.102  4620  4620 I C03100/UiTestKit_Server: [system_ui_controller.cpp:(GetUiWindows)] window is visible, windowId: 31, active: 1, focus: 1,layer: 102, displayId: 0
CST 2026-07-17 20:06:09.102  4620  4620 I C01d01/accessibility_aakit: [(SearchElementInfoFromAce:1329)]windowId 31}, elementId -1
CST 2026-07-17 20:06:09.103  4620  4620 I C03100/UiTestKit_Server: [system_ui_controller.cpp:(InflateWindowInfo)] End Get Bundle Name by WindowId 31, app is cn.alfadb.netbird.e3vpnb
CST 2026-07-17 20:06:09.103  4620  4620 I C03100/UiTestKit_Server: [system_ui_controller.cpp:(GetUiWindows)] window is covered, windowId : 10, layer is 2
CST 2026-07-17 20:06:09.103  4620  4620 I C03100/UiTestKit_Server: [system_ui_controller.cpp:(GetUiWindows)] window is covered, windowId : 7, layer is 1
CST 2026-07-17 20:06:09.104  4620  4620 I C01d01/accessibility_aakit: [(SearchElementInfoRecursiveByWinid:1500)]windowId 31}, elementId -1, treeId 0, mode 8
CST 2026-07-17 20:06:09.106  4620  4620 I C03100/UiTestKit_Server: [system_ui_controller.cpp:(GetWidgetsInWindow)] End Get nodes from window by WindowId 31, node size is 9, appId: cn.alfadb.netbird.e3vpnb
CST 2026-07-17 20:06:09.107  4620  4620 I C01d01/accessibility_aakit: [(SearchElementInfoRecursiveByWinid:1500)]windowId 21}, elementId -1, treeId 0, mode 8
CST 2026-07-17 20:06:09.111  4620  4620 I C03100/UiTestKit_Server: [system_ui_controller.cpp:(GetWidgetsInWindow)] End Get nodes from window by WindowId 21, node size is 43, appId: com.ohos.sceneboard
CST 2026-07-17 20:06:09.121   202  2935 I C057c2/IPCObjectProxy: hd:33 ct:1 D:*.IAccessibleAbilityClient
CST 2026-07-17 20:06:09.121   145   148 I C057c2/IPCObjectProxy: hd:27 ct:1 D:*.IWatcher
CST 2026-07-17 20:06:09.121   145   148 I C02c03/PARAM_WATCHER: [watcher_manager.cpp:516]Agent died 61 4620
CST 2026-07-17 20:06:09.121   145   148 I C02c03/PARAM_WATCHER: [watcher_manager.cpp:702]Delete param watcher remoteWatcherId 61 group 79
CST 2026-07-17 20:06:09.121   728   728 I C057c2/IPCObjectProxy: hd:268 ct:1 D:
CST 2026-07-17 20:06:09.121   728  1154 I C057c2/IPCObjectProxy: hd:274 ct:1 D:*.ISessionManagerServiceRecoverListener
CST 2026-07-17 20:06:09.121   728  1154 W C0420f/WMSRecover: mock_session_manager_service.cpp OnRemoteDied: Client died, pid = 4620, isLite = 1
CST 2026-07-17 20:06:09.121   728  1154 I C0420f/WMSRecover: mock_session_manager_service.cpp UnregisterSMSRecoverListenerInner: clientUserId: 0, pid: 4620, isLite: 1, displayId: 0
CST 2026-07-17 20:06:09.121   728  1154 I C0420f/WMSRecover: mock_session_manager_service.cpp GetSystemAppSMSRecoverListenerMap: isLite: 1, displayId: 0
CST 2026-07-17 20:06:09.134   202  2331 E C01d05/accessibility_interface: [(OnEnableAbilityRemoteDied:66)]OnEnableAbilityRemoteDied fail, error: 29201
CST 2026-07-17 20:06:09.134   202  2331 I C01d00/accessibility: [(RemoveAccessibilityAbilityByUri:1419)]uri is <private>
CST 2026-07-17 20:06:09.134   202  2331 I C01d00/accessibility: [(UpdateNeedEvents:1745)]needEvents size is 0
CST 2026-07-17 20:06:09.146   202  2331 E C01d05/accessibility_interface: [(OnAccessibilityEnableAbilityListsChanged:62)]OnAccessibilityEnableAbilityListsChanged fail, error: 29201
CST 2026-07-17 20:06:09.159   202  2331 E C01d05/accessibility_interface: [(OnAccessibilityInstallAbilityListsChanged:89)]OnAccessibilityInstallAbilityListsChanged fail, error: 29201
CST 2026-07-17 20:06:09.165   469  1523 E C01707/CONCUR: [Interface] task 1523 apply qos failed, errno = 4
CST 2026-07-17 20:06:09.165   469  1523 E C01611/QosManager: QosManager: Failed to set thread QoS to QOS_USER_INTERACTIVE, ret: -1
CST 2026-07-17 20:06:09.172   469  1523 E C01707/CONCUR: [Interface] task 1523 apply qos failed, errno = 4
CST 2026-07-17 20:06:09.172   469  1523 E C01611/QosManager: QosManager: Failed to set thread QoS to QOS_USER_INTERACTIVE, ret: -1
CST 2026-07-17 20:06:09.172   469  1523 I C01651/DataShareServiceStub: OnRemoteRequest: code:21, callingPid:202
CST 2026-07-17 20:06:09.173   469  1523 I C01631/GaussPD:  [0] [ADAPTER] [140314509798144] Not support binlog_default.writeLock file enable del monitor sysno = 25
CST 2026-07-17 20:06:09.173   469  1523 I C01631/GaussPD:  [0] [ADAPTER] [140314509798144] Not support binlog_default.writeLock file enable del monitor sysno = 25
CST 2026-07-17 20:06:09.173   469  1523 I C01631/GaussPD:  [0] [ADAPTER] [140314509798144] Not support binlog_default.writeLock file enable del monitor sysno = 25
CST 2026-07-17 20:06:09.174   469  1523 I C01631/GaussPD:  [0] [ADAPTER] [140314509798144] Not support binlog_default.writeLock file enable del monitor sysno = 25
CST 2026-07-17 20:06:09.174   469  1523 I C01631/GaussPD:  [0] [ADAPTER] [140314509798144] Not support binlog_default.writeIndex file enable del monitor sysno = 25
CST 2026-07-17 20:06:09.174   469  1523 I C01631/GaussPD:  [0] [ADAPTER] [140314509798144] Not support binlog_default.writeIndex file enable del monitor sysno = 25
CST 2026-07-17 20:06:09.174   469  1523 I C01651/DataShareServiceStub: OnUpdateEx: Update uri:******uide_state, e:0, s:1
CST 2026-07-17 20:06:09.180   469  1523 E C01707/CONCUR: [Interface] task 1523 apply qos failed, errno = 4
CST 2026-07-17 20:06:09.180   469  1523 E C01611/QosManager: QosManager: Failed to set thread QoS to QOS_USER_INTERACTIVE, ret: -1
CST 2026-07-17 20:06:09.180   469  1523 I C01651/DataShareServiceStub: OnRemoteRequest: code:14, callingPid:202
CST 2026-07-17 20:06:09.186   469  1523 E C01707/CONCUR: [Interface] task 1523 apply qos failed, errno = 4
CST 2026-07-17 20:06:09.186   469  1523 E C01611/QosManager: QosManager: Failed to set thread QoS to QOS_USER_INTERACTIVE, ret: -1
CST 2026-07-17 20:06:09.186   469  1523 I C01651/DataShareServiceStub: OnRemoteRequest: code:21, callingPid:202
CST 2026-07-17 20:06:09.187   469  1523 I C01631/GaussPD:  [0] [ADAPTER] [140314509798144] Not support binlog_default.writeLock file enable del monitor sysno = 25
CST 2026-07-17 20:06:09.187   469  1523 I C01631/GaussPD:  [0] [ADAPTER] [140314509798144] Not support binlog_default.writeLock file enable del monitor sysno = 25
CST 2026-07-17 20:06:09.187   469  1523 I C01631/GaussPD:  [0] [ADAPTER] [140314509798144] Not support binlog_default.writeLock file enable del monitor sysno = 25
CST 2026-07-17 20:06:09.187   469  1523 I C01631/GaussPD:  [0] [ADAPTER] [140314509798144] Not support binlog_default.writeLock file enable del monitor sysno = 25
CST 2026-07-17 20:06:09.187   469  1523 I C01631/GaussPD:  [0] [ADAPTER] [140314509798144] Not support binlog_default.writeIndex file enable del monitor sysno = 25
CST 2026-07-17 20:06:09.188   469  1523 I C01631/GaussPD:  [0] [ADAPTER] [140314509798144] Not support binlog_default.writeIndex file enable del monitor sysno = 25
CST 2026-07-17 20:06:09.188   469  1523 I C01651/DataShareServiceStub: OnUpdateEx: Update uri:******ture_state, e:0, s:1
CST 2026-07-17 20:06:09.194   469  1523 E C01707/CONCUR: [Interface] task 1523 apply qos failed, errno = 4
CST 2026-07-17 20:06:09.194   469  1523 E C01611/QosManager: QosManager: Failed to set thread QoS to QOS_USER_INTERACTIVE, ret: -1
CST 2026-07-17 20:06:09.194   469  1523 I C01651/DataShareServiceStub: OnRemoteRequest: code:14, callingPid:202
CST 2026-07-17 20:06:09.200   469  1523 E C01707/CONCUR: [Interface] task 1523 apply qos failed, errno = 4
CST 2026-07-17 20:06:09.200   469  1523 E C01611/QosManager: QosManager: Failed to set thread QoS to QOS_USER_INTERACTIVE, ret: -1
CST 2026-07-17 20:06:09.200   469  1523 I C01651/DataShareServiceStub: OnRemoteRequest: code:21, callingPid:202
CST 2026-07-17 20:06:09.201   469  1523 I C01631/GaussPD:  [0] [ADAPTER] [140314509798144] Not support binlog_default.writeLock file enable del monitor sysno = 25
CST 2026-07-17 20:06:09.201   469  1523 I C01631/GaussPD:  [0] [ADAPTER] [140314509798144] Not support binlog_default.writeLock file enable del monitor sysno = 25
CST 2026-07-17 20:06:09.201   469  1523 I C01631/GaussPD:  [0] [ADAPTER] [140314509798144] Not support binlog_default.writeLock file enable del monitor sysno = 25
CST 2026-07-17 20:06:09.201   469  1523 I C01631/GaussPD:  [0] [ADAPTER] [140314509798144] Not support binlog_default.writeLock file enable del monitor sysno = 25
CST 2026-07-17 20:06:09.201   469  1523 I C01631/GaussPD:  [0] [ADAPTER] [140314509798144] Not support binlog_default.writeIndex file enable del monitor sysno = 25
CST 2026-07-17 20:06:09.201   469  1523 I C01631/GaussPD:  [0] [ADAPTER] [140314509798144] Not support binlog_default.writeIndex file enable del monitor sysno = 25
CST 2026-07-17 20:06:09.201   469  1523 I C01651/DataShareServiceStub: OnUpdateEx: Update uri:******t_observer, e:0, s:1
CST 2026-07-17 20:06:09.207   469  1523 E C01707/CONCUR: [Interface] task 1523 apply qos failed, errno = 4
CST 2026-07-17 20:06:09.207   469  1523 E C01611/QosManager: QosManager: Failed to set thread QoS to QOS_USER_INTERACTIVE, ret: -1
CST 2026-07-17 20:06:09.207   469  1523 I C01651/DataShareServiceStub: OnRemoteRequest: code:14, callingPid:202
CST 2026-07-17 20:06:09.208   202  2331 E C01d00/accessibility: [(CheckExtProxyStatus:820)]Extension Proxy is not load
CST 2026-07-17 20:06:09.208   202  2331 I C01d00/accessibility: [(GetAccessibilityState:115)]EnabledState[1], TouchGuideState[0], KeyEventObserverState[0], GestureState[0], ScreenReaderState[0], SingleClickMode[0], AnimationOffState[0], AudioMonoState[0], FlashReminderSwitch[0]
CST 2026-07-17 20:06:09.214   469  1523 E C01707/CONCUR: [Interface] task 1523 apply qos failed, errno = 4
CST 2026-07-17 20:06:09.214   469  1523 E C01611/QosManager: QosManager: Failed to set thread QoS to QOS_USER_INTERACTIVE, ret: -1
CST 2026-07-17 20:06:09.214   469  1523 I C01651/DataShareServiceStub: OnRemoteRequest: code:21, callingPid:202
CST 2026-07-17 20:06:09.214   469  1523 I C01631/GaussPD:  [0] [ADAPTER] [140314509798144] Not support binlog_default.writeLock file enable del monitor sysno = 25
CST 2026-07-17 20:06:09.214   469  1523 I C01631/GaussPD:  [0] [ADAPTER] [140314509798144] Not support binlog_default.writeLock file enable del monitor sysno = 25
CST 2026-07-17 20:06:09.214   469  1523 I C01631/GaussPD:  [0] [ADAPTER] [140314509798144] Not support binlog_default.writeLock file enable del monitor sysno = 25
CST 2026-07-17 20:06:09.215   469  1523 I C01631/GaussPD:  [0] [ADAPTER] [140314509798144] Not support binlog_default.writeLock file enable del monitor sysno = 25
CST 2026-07-17 20:06:09.215   469  1523 I C01631/GaussPD:  [0] [ADAPTER] [140314509798144] Not support binlog_default.writeIndex file enable del monitor sysno = 25
CST 2026-07-17 20:06:09.215   469  1523 I C01631/GaussPD:  [0] [ADAPTER] [140314509798144] Not support binlog_default.writeIndex file enable del monitor sysno = 25
CST 2026-07-17 20:06:09.215   469  1523 I C01651/DataShareServiceStub: OnUpdateEx: Update uri:******essibility, e:0, s:1
CST 2026-07-17 20:06:09.221   469  1523 E C01707/CONCUR: [Interface] task 1523 apply qos failed, errno = 4
CST 2026-07-17 20:06:09.221   469  1523 E C01611/QosManager: QosManager: Failed to set thread QoS to QOS_USER_INTERACTIVE, ret: -1
CST 2026-07-17 20:06:09.221   469  1523 I C01651/DataShareServiceStub: OnRemoteRequest: code:14, callingPid:202
CST 2026-07-17 20:06:09.221   202  2331 I C01d00/accessibility: [(OnStateObservers:3654)]state is 0
CST 2026-07-17 20:06:09.221  2205  2433 I C01d02/accessibility_asacfwk: [(NotifyStateChanged:705)]observers size is 2
CST 2026-07-17 20:06:09.221  1730  2351 I C01d02/accessibility_asacfwk: [(NotifyStateChanged:705)]observers size is 1
CST 2026-07-17 20:06:09.221  1730  2351 I C01d10/accessibility_napi: [(OnStateChanged:1885)]
CST 2026-07-17 20:06:09.221  2205  2433 I C01d10/accessibility_napi: [(OnStateChanged:1885)]
CST 2026-07-17 20:06:09.221  1730  2351 I C01d02/accessibility_asacfwk: [(NotifyStateChanged:705)]observers size is 0
CST 2026-07-17 20:06:09.221  3857  4315 I C01d02/accessibility_asacfwk: [(NotifyStateChanged:705)]observers size is 1
CST 2026-07-17 20:06:09.221  2205  2433 I C01d02/accessibility_asacfwk: [(NotifyStateChanged:705)]observers size is 1
CST 2026-07-17 20:06:09.221  2359  3363 I C01d02/accessibility_asacfwk: [(NotifyStateChanged:705)]observers size is 1
CST 2026-07-17 20:06:09.221  3857  4315 I C01d02/accessibility_asacfwk: [(NotifyStateChanged:705)]observers size is 1
CST 2026-07-17 20:06:09.222  2205  2205 I C01d02/accessibility_asacfwk: [(DeregisterElementOperator:467)]Deregister windowId[1] start
CST 2026-07-17 20:06:09.222  2359  3363 I C01d02/accessibility_asacfwk: [(NotifyStateChanged:705)]observers size is 1
CST 2026-07-17 20:06:09.222  3857  3857 I C01d02/accessibility_asacfwk: [(DeregisterElementOperator:467)]Deregister windowId[31] start
CST 2026-07-17 20:06:09.222  2205  2205 I C0392a/AceUiExtensionComponent: [(-2:100000:singleton)] [@1879][ID: 1] deregister accessibility child tree
CST 2026-07-17 20:06:09.222  2359  2359 I C01d02/accessibility_asacfwk: [(DeregisterElementOperator:486)]Deregister windowId[1] treeId[8] start
CST 2026-07-17 20:06:09.227   469  1523 E C01707/CONCUR: [Interface] task 1523 apply qos failed, errno = 4
CST 2026-07-17 20:06:09.227   469  1523 E C01611/QosManager: QosManager: Failed to set thread QoS to QOS_USER_INTERACTIVE, ret: -1
CST 2026-07-17 20:06:09.227   469  1523 I C01651/DataShareServiceStub: OnRemoteRequest: code:21, callingPid:202
CST 2026-07-17 20:06:09.228   469  1523 I C01631/GaussPD:  [0] [ADAPTER] [140314509798144] Not support binlog_default.writeLock file enable del monitor sysno = 25
CST 2026-07-17 20:06:09.228   469  1523 I C01631/GaussPD:  [0] [ADAPTER] [140314509798144] Not support binlog_default.writeLock file enable del monitor sysno = 25
CST 2026-07-17 20:06:09.228   469  1523 I C01631/GaussPD:  [0] [ADAPTER] [140314509798144] Not support binlog_default.writeLock file enable del monitor sysno = 25
CST 2026-07-17 20:06:09.228   469  1523 I C01631/GaussPD:  [0] [ADAPTER] [140314509798144] Not support binlog_default.writeLock file enable del monitor sysno = 25
CST 2026-07-17 20:06:09.228   469  1523 I C01631/GaussPD:  [0] [ADAPTER] [140314509798144] Not support binlog_default.writeIndex file enable del monitor sysno = 25
CST 2026-07-17 20:06:09.228   469  1523 I C01631/GaussPD:  [0] [ADAPTER] [140314509798144] Not support binlog_default.writeIndex file enable del monitor sysno = 25
CST 2026-07-17 20:06:09.229   469  1523 I C01651/DataShareServiceStub: OnUpdateEx: Update uri:******lity_state, e:0, s:1
CST 2026-07-17 20:06:09.235   469  1523 E C01707/CONCUR: [Interface] task 1523 apply qos failed, errno = 4
CST 2026-07-17 20:06:09.235   469  1523 E C01611/QosManager: QosManager: Failed to set thread QoS to QOS_USER_INTERACTIVE, ret: -1
CST 2026-07-17 20:06:09.235   469  1523 I C01651/DataShareServiceStub: OnRemoteRequest: code:14, callingPid:202
CST 2026-07-17 20:06:09.235   202  2331 I C01d00/accessibility: [(Unregister:76)]unregister shortcut key, last subscribeId is 15
CST 2026-07-17 20:06:09.235   202  2331 I C02800/InputManagerImpl: [][UnsubscribeKeyEvent:404] enter
CST 2026-07-17 20:06:09.235   202  2331 I C02800/KeyEventInputSubscribeManager: [][UnsubscribeKeyEvent:202] enter
CST 2026-07-17 20:06:09.235   251   975 I C02800/MMIService: [][UnsubscribeKeyEvent:2540] enter
CST 2026-07-17 20:06:09.235   251   505 I C02802/KeySubscriberHandler: [|172]SubscribeId:15, pid:202
CST 2026-07-17 20:06:09.235   251   505 I C02800/KeySubscriberHandler: [][RemoveKeyGestureSubscriber:243] enter
CST 2026-07-17 20:06:09.235   251   505 I C02802/KeySubscriberHandler: [|253]Removing handler(20) of key gesture
CST 2026-07-17 20:06:09.235   251   505 I C02802/KeyGestureManager: [|107]Handler(20) of key gesture was removed
CST 2026-07-17 20:06:09.235   251   505 I C02800/KeySubscriberHandler: [][RemoveKeyGestureSubscriber] leave
CST 2026-07-17 20:06:09.235   251   975 I C02800/MMIService: [][UnsubscribeKeyEvent] leave
CST 2026-07-17 20:06:09.235   202  2331 I C02800/KeyEventInputSubscribeManager: [][UnsubscribeKeyEvent] leave
CST 2026-07-17 20:06:09.235   202  2331 I C02800/InputManagerImpl: [][UnsubscribeKeyEvent] leave
CST 2026-07-17 20:06:09.235   202  2331 I C01d00/accessibility: [(Register:57)]
CST 2026-07-17 20:06:09.235   202  2331 I C02800/InputManagerImpl: [][SubscribeKeyEvent:385] enter
CST 2026-07-17 20:06:09.236   251   505 I C02800/KeyGestureManager: [][ShouldIntercept:461] enter
CST 2026-07-17 20:06:09.236   251   505 I C02800/KeyGestureManager: [][ShouldIntercept] leave
CST 2026-07-17 20:06:09.236   251   505 I C02800/KeySubscriberHandler: [][AddKeyGestureSubscriber:218] enter
CST 2026-07-17 20:06:09.236   251   505 I C02802/KeySubscriberHandler: [|229]Handler(21) of key gesture was added
CST 2026-07-17 20:06:09.236   251   505 I C02800/KeySubscriberHandler: [][AddKeyGestureSubscriber] leave
CST 2026-07-17 20:06:09.236   202  2331 I C02800/InputManagerImpl: [][SubscribeKeyEvent] leave
CST 2026-07-17 20:06:09.237   202  2331 I C01d00/accessibility: [(operator():1340)]Deregister windowId[1]
CST 2026-07-17 20:06:09.237   202  2331 I C01d00/accessibility: [(StopCallbackWait:4196)]StopCallbackWait start windowId: 1
CST 2026-07-17 20:06:09.237   202  2331 I C01d00/accessibility: [(RemoveAccessibilityWindowConnection:333)]windowId(1)
CST 2026-07-17 20:06:09.237   202  2331 I C01d00/accessibility: [(ClearSceneBoard:1354)]
CST 2026-07-17 20:06:09.237   202  2331 I C01d00/accessibility: [(operator():1340)]Deregister windowId[31]
CST 2026-07-17 20:06:09.237   202  2331 I C01d00/accessibility: [(StopCallbackWait:4196)]StopCallbackWait start windowId: 31
CST 2026-07-17 20:06:09.237   202  2331 I C01d00/accessibility: [(RemoveAccessibilityWindowConnection:333)]windowId(31)
CST 2026-07-17 20:06:09.237   202  2331 I C01d00/accessibility: [(operator():1386)]Deregister windowId[1], treeId[8] start
CST 2026-07-17 20:06:09.237   202  2331 W C01d00/accessibility: [(operator():1395)]The operation of windowId[1] has not been registered.
CST 2026-07-17 20:06:09.350  4645  4645 W C02c02/PARAM: Selinux check name persist.init.debug.loglevel in u:object_r:startup_init_param:s0 [4645 2000 2000] failed
CST 2026-07-17 20:06:09.350  4645  4645 W C02c02/PARAM: Selinux check name persist.init.debug.loglevel in u:object_r:startup_init_param:s0 [4645 2000 2000] failed
CST 2026-07-17 20:06:09.350  4645  4645 W C02c02/PARAM: SystemReadParam failed!name is:persist.init.debug.loglevel,err:1002
CST 2026-07-17 20:06:09.358  4645  4645 W C02c02/PARAM: Selinux check name persist.init.debug.loglevel in u:object_r:startup_init_param:s0 [4645 2000 2000] failed
CST 2026-07-17 20:06:09.358  4645  4645 W C02c02/PARAM: Selinux check name persist.init.debug.loglevel in u:object_r:startup_init_param:s0 [4645 2000 2000] failed
CST 2026-07-17 20:06:09.358  4645  4645 W C02c02/PARAM: SystemReadParam failed!name is:persist.init.debug.loglevel,err:1002
CST 2026-07-17 20:06:09.427  4648  4648 W C02c02/PARAM: Selinux check name persist.init.debug.loglevel in u:object_r:startup_init_param:s0 [4648 2000 2000] failed
CST 2026-07-17 20:06:09.427  4648  4648 W C02c02/PARAM: Selinux check name persist.init.debug.loglevel in u:object_r:startup_init_param:s0 [4648 2000 2000] failed
CST 2026-07-17 20:06:09.427  4648  4648 W C02c02/PARAM: SystemReadParam failed!name is:persist.init.debug.loglevel,err:1002
CST 2026-07-17 20:06:09.427  4651  4651 W C02c02/PARAM: Selinux check name persist.init.debug.loglevel in u:object_r:startup_init_param:s0 [4651 2000 2000] failed
CST 2026-07-17 20:06:09.427  4651  4651 W C02c02/PARAM: Selinux check name persist.init.debug.loglevel in u:object_r:startup_init_param:s0 [4651 2000 2000] failed
CST 2026-07-17 20:06:09.427  4651  4651 W C02c02/PARAM: SystemReadParam failed!name is:persist.init.debug.loglevel,err:1002
CST 2026-07-17 20:06:09.434  4654  4654 W C02c02/PARAM: Selinux check name persist.init.debug.loglevel in u:object_r:startup_init_param:s0 [4654 2000 2000] failed
CST 2026-07-17 20:06:09.434  4655  4655 W C02c02/PARAM: Selinux check name persist.init.debug.loglevel in u:object_r:startup_init_param:s0 [4655 2000 2000] failed
CST 2026-07-17 20:06:09.434  4654  4654 W C02c02/PARAM: Selinux check name persist.init.debug.loglevel in u:object_r:startup_init_param:s0 [4654 2000 2000] failed
CST 2026-07-17 20:06:09.434  4654  4654 W C02c02/PARAM: SystemReadParam failed!name is:persist.init.debug.loglevel,err:1002
CST 2026-07-17 20:06:09.434  4653  4653 W C02c02/PARAM: Selinux check name persist.init.debug.loglevel in u:object_r:startup_init_param:s0 [4653 2000 2000] failed
CST 2026-07-17 20:06:09.434  4655  4655 W C02c02/PARAM: Selinux check name persist.init.debug.loglevel in u:object_r:startup_init_param:s0 [4655 2000 2000] failed
CST 2026-07-17 20:06:09.435  4655  4655 W C02c02/PARAM: SystemReadParam failed!name is:persist.init.debug.loglevel,err:1002
CST 2026-07-17 20:06:09.435  4653  4653 W C02c02/PARAM: Selinux check name persist.init.debug.loglevel in u:object_r:startup_init_param:s0 [4653 2000 2000] failed
CST 2026-07-17 20:06:09.435  4653  4653 W C02c02/PARAM: SystemReadParam failed!name is:persist.init.debug.loglevel,err:1002
CST 2026-07-17 20:06:09.442  4656  4656 W C02c02/PARAM: Selinux check name persist.init.debug.loglevel in u:object_r:startup_init_param:s0 [4656 2000 2000] failed
CST 2026-07-17 20:06:09.442  4656  4656 W C02c02/PARAM: Selinux check name persist.init.debug.loglevel in u:object_r:startup_init_param:s0 [4656 2000 2000] failed
CST 2026-07-17 20:06:09.442  4656  4656 W C02c02/PARAM: SystemReadParam failed!name is:persist.init.debug.loglevel,err:1002
CST 2026-07-17 20:06:09.442  4657  4657 W C02c02/PARAM: Selinux check name persist.init.debug.loglevel in u:object_r:startup_init_param:s0 [4657 2000 2000] failed
CST 2026-07-17 20:06:09.443  4657  4657 W C02c02/PARAM: Selinux check name persist.init.debug.loglevel in u:object_r:startup_init_param:s0 [4657 2000 2000] failed
CST 2026-07-17 20:06:09.443  4657  4657 W C02c02/PARAM: SystemReadParam failed!name is:persist.init.debug.loglevel,err:1002
CST 2026-07-17 20:06:09.568  4648  4648 W C02c02/PARAM: Selinux check name debug.dfx.tags.enableleak in u:object_r:debug_param:s0 [4648 2000 2000] failed
CST 2026-07-17 20:06:09.568  4648  4648 W C02c02/PARAM: SystemReadParam failed!name is:debug.dfx.tags.enableleak,err:1002
CST 2026-07-17 20:06:09.577  4648  4648 W C02c02/PARAM: Selinux check name persist.graphic.profiler.enabled in u:object_r:debug_param:s0 [4648 2000 2000] failed
CST 2026-07-17 20:06:09.577  4648  4648 E C02c02/PARAM: Forbid to read parameter persist.graphic.profiler.enabled
CST 2026-07-17 20:06:09.577  4648  4648 E C02c02/PARAM: Forbid to access parameter persist.graphic.profiler.enabled
CST 2026-07-17 20:06:09.577  4648  4648 W C02c02/PARAM: Selinux check name persist.graphic.profiler.betarecording in u:object_r:debug_param:s0 [4648 2000 2000] failed
CST 2026-07-17 20:06:09.577  4648  4648 E C02c02/PARAM: Forbid to read parameter persist.graphic.profiler.betarecording
CST 2026-07-17 20:06:09.577  4648  4648 E C02c02/PARAM: Forbid to access parameter persist.graphic.profiler.betarecording
CST 2026-07-17 20:06:09.578  4648  4658 W C057c1/IPCWorkThread: ThreadHandler: proto:0 policy:1 name:OS_IPC_0_4658 invoker:6757216
CST 2026-07-17 20:06:09.579  4648  4659 W C057c1/IPCWorkThread: ThreadHandler: proto:0 policy:0 name:OS_IPC_1_4659 invoker:6757792
CST 2026-07-17 20:06:09.579  4648  4648 W C04201/DMS: RegisterClientDeathListener: regis reverse death
CST 2026-07-17 20:06:09.579  4648  4648 I C04201/DMS: RegisterClientDeathListener: ENTER
CST 2026-07-17 20:06:09.579   728   979 E C04200/WMS: UpdateBundleInfo: Failed
CST 2026-07-17 20:06:09.580   728   979 E C05a01/ATM: [VerifyAccessToken]PermissionName(ohos.permission.CUSTOM_SCREEN_RECORDING) is not exist.
CST 2026-07-17 20:06:09.580   728   979 W C04201/DMS:  GetScreenSnapshot: dma=0, displayId:0
CST 2026-07-17 20:06:09.580   728   979 W C04201/DMS: screen_session.cpp: call BMS
CST 2026-07-17 20:06:09.580   728   979 I C04201/DMS: screen_session.cpp: pid:0, bundle:, api:0
CST 2026-07-17 20:06:09.580   727   727 I C01406/OHOS::GE: RSSurfaceCaptureTaskParallel::CreatePixelMapByDisplayNode NodeId[3126736191490],pixelmap[1320, 2856], scale[1.000000, 1.000000], rect[0.000000, 0.000000, 0.000000, 0.000000], dma[0], rotation[0], correction[0], blackList[0], isHDRCapture[0], contentRect[0, 0, 0, 0]
CST 2026-07-17 20:06:09.581   727   891 I C01406/skia: RSScreenRenderNodeDrawable::DrawHardwareEnabledNodes:         process RSScreenRenderNode(id:[3126736191490])         using UniRender buffer with hwcNodes(0, 0)
CST 2026-07-17 20:06:09.581   727   891 W C01406/skia: RSUniRenderUtil::AdjustZOrderAndDrawSurfaceNode:             HardwareComposer is not enabled.
CST 2026-07-17 20:06:09.581   727   891 E C02515/DGLES: [d_eglCreateImage_special@egl_gpu.cpp:283] createimage with ctx null opengl_context 7f6928dfc010
CST 2026-07-17 20:06:09.582   727   891 E C02515/DGLES: [d_glBindTexture_special@glv3_status.cpp:620] bind external with nullptr gbuffer 0
CST 2026-07-17 20:06:09.582   727   891 W C01406/skia: RSUniRenderUtil::AdjustZOrderAndDrawSurfaceNode:             HardwareComposer is not enabled.
CST 2026-07-17 20:06:09.632  1694  1805 I C0430a/file_monitor_service: [MainMissionStatus:197]CanExit
CST 2026-07-17 20:06:09.632  1694  1805 I C0430a/file_monitor_service: [MainMissionStatus:203]SecondaryScanner idle
CST 2026-07-17 20:06:09.678  4661  4661 W C02c02/PARAM: Selinux check name persist.init.debug.loglevel in u:object_r:startup_init_param:s0 [4661 2000 2000] failed
CST 2026-07-17 20:06:09.679  4661  4661 W C02c02/PARAM: Selinux check name persist.init.debug.loglevel in u:object_r:startup_init_param:s0 [4661 2000 2000] failed
CST 2026-07-17 20:06:09.679  4661  4661 W C02c02/PARAM: SystemReadParam failed!name is:persist.init.debug.loglevel,err:1002
CST 2026-07-17 20:06:09.686  4663  4663 W C02c02/PARAM: Selinux check name persist.init.debug.loglevel in u:object_r:startup_init_param:s0 [4663 2000 2000] failed
CST 2026-07-17 20:06:09.686  4663  4663 W C02c02/PARAM: Selinux check name persist.init.debug.loglevel in u:object_r:startup_init_param:s0 [4663 2000 2000] failed
CST 2026-07-17 20:06:09.686  4663  4663 W C02c02/PARAM: SystemReadParam failed!name is:persist.init.debug.loglevel,err:1002
CST 2026-07-17 20:06:09.686   728  1154 E C02b61/PixelMap: set ashmem name failed
CST 2026-07-17 20:06:09.687   728   979 E C04201/DMS: screen_session_manager_adapter.cpp OnScreenshot: agent is null
CST 2026-07-17 20:06:09.687   728   979 E C04201/DMS: screen_session_manager_adapter.cpp NotifyCaptureStatusChanged: agent is null
CST 2026-07-17 20:06:09.693  4664  4664 W C02c02/PARAM: Selinux check name persist.init.debug.loglevel in u:object_r:startup_init_param:s0 [4664 2000 2000] failed
CST 2026-07-17 20:06:09.693  4664  4664 W C02c02/PARAM: Selinux check name persist.init.debug.loglevel in u:object_r:startup_init_param:s0 [4664 2000 2000] failed
CST 2026-07-17 20:06:09.693  4664  4664 W C02c02/PARAM: SystemReadParam failed!name is:persist.init.debug.loglevel,err:1002
CST 2026-07-17 20:06:09.848  2205  2205 W A01c06/ICON: AppIconWeatherModel --> initWeatherListener, retryTimes: 4
CST 2026-07-17 20:06:09.856   469  1523 E C01707/CONCUR: [Interface] task 1523 apply qos failed, errno = 4
CST 2026-07-17 20:06:09.856   469  1523 E C01611/QosManager: QosManager: Failed to set thread QoS to QOS_USER_INTERACTIVE, ret: -1
CST 2026-07-17 20:06:09.857   728   979 W C01123/BMSCommon: bundle not exist -n com.huawei.hmsapp.totemweather -u 100 -i 0 -f 32
CST 2026-07-17 20:06:09.857   728   979 W C01121/BMSQuery: GetBundleInfo failed -n com.huawei.hmsapp.totemweather -u 100
CST 2026-07-17 20:06:09.857   469  1523 E C01651/BundleMgrProxy: GetBundleInfoFromBMS: GetBundleInfo failed!bundleName is com.huawei.hmsapp.totemweather, userId is 100
CST 2026-07-17 20:06:09.857   469  1523 E C01651/DataProviderConfig: GetFromProxyData: Get bundleInfo failed! bundleName:com.huawei.hmsapp.totemweather, userId:100, visitedId:100, uri:******icIconInfo
CST 2026-07-17 20:06:09.857   469  1523 E C01651/DataShareServiceImpl: GetBMSAndMetaDataStatus: CalledInfo failed! token:0x20087fab,ret:1001,uri:******icIconInfo
CST 2026-07-17 20:06:09.857   469  1523 E C01651/DataShareServiceImpl: GetSilentProxyStatus: BMS or metaData not ready to complete, token:0x20087fab, uri:******icIconInfo
CST 2026-07-17 20:06:09.857  2205  2205 E A01c06/ICON: AppIconWeatherModel --> get weather info failed, code: 15700010, message: The DataShareHelper is not initialized successfully.
CST 2026-07-17 20:06:09.891  4648  4648 I C02b61/ImageCode: DoEncode:(1320, 2856) cost 192441 us
CST 2026-07-17 20:06:09.897   728   979 I C057c2/IPCObjectProxy: hd:268 ct:1 D:
CST 2026-07-17 20:06:09.905   163  1035 I C02d10/CpuCollector: CalculateProcessCpuStatInfos: startTime=1784289959903, endTime=1784289969905, startBootTime=138464, endBootTime=148467, period=10003, isNeedUpdate=1
CST 2026-07-17 20:06:09.905   163  1035 W C02d10/UCollectUtil-CpuCalculator: CalculateCpuLoad: invalid num of max cpu load unit
CST 2026-07-17 20:06:09.905   163  1035 W C02d10/UCollectUtil-CpuCalculator: CalculateCpuLoad: invalid num of max cpu load unit
CST 2026-07-17 20:06:09.905   163  1035 W C02d10/UCollectUtil-CpuCalculator: CalculateCpuLoad: invalid num of max cpu load unit
CST 2026-07-17 20:06:09.905   163  1035 W C02d10/UCollectUtil-CpuCalculator: CalculateCpuLoad: invalid num of max cpu load unit
CST 2026-07-17 20:06:09.905   163  1035 W C02d10/UCollectUtil-CpuCalculator: CalculateCpuLoad: invalid num of max cpu load unit
CST 2026-07-17 20:06:09.905   163  1035 W C02d10/UCollectUtil-CpuCalculator: CalculateCpuLoad: invalid num of max cpu load unit
CST 2026-07-17 20:06:09.905   163  1035 W C02d10/UCollectUtil-CpuCalculator: CalculateCpuLoad: invalid num of max cpu load unit
CST 2026-07-17 20:06:09.905   163  1035 W C02d10/UCollectUtil-CpuCalculator: CalculateCpuLoad: invalid num of max cpu load unit
CST 2026-07-17 20:06:09.905   163  1035 W C02d10/UCollectUtil-CpuCalculator: CalculateCpuLoad: invalid num of max cpu load unit
CST 2026-07-17 20:06:09.905   163  1035 W C02d10/UCollectUtil-CpuCalculator: CalculateCpuLoad: invalid num of max cpu load unit
CST 2026-07-17 20:06:09.905   163  1035 W C02d10/UCollectUtil-CpuCalculator: CalculateCpuLoad: invalid num of max cpu load unit
CST 2026-07-17 20:06:09.905   163  1035 W C02d10/UCollectUtil-CpuCalculator: CalculateCpuLoad: invalid num of max cpu load unit
CST 2026-07-17 20:06:09.905   163  1035 W C02d10/UCollectUtil-CpuCalculator: CalculateCpuLoad: invalid num of max cpu load unit
CST 2026-07-17 20:06:09.905   163  1035 W C02d10/UCollectUtil-CpuCalculator: CalculateCpuLoad: invalid num of max cpu load unit
CST 2026-07-17 20:06:09.905   163  1035 W C02d10/UCollectUtil-CpuCalculator: CalculateCpuLoad: invalid num of max cpu load unit
CST 2026-07-17 20:06:09.905   163  1035 W C02d10/UCollectUtil-CpuCalculator: CalculateCpuLoad: invalid num of max cpu load unit
CST 2026-07-17 20:06:09.905   163  1035 W C02d10/UCollectUtil-CpuCalculator: CalculateCpuLoad: invalid num of max cpu load unit
CST 2026-07-17 20:06:09.905   163  1035 W C02d10/UCollectUtil-CpuCalculator: CalculateCpuLoad: invalid num of max cpu load unit
CST 2026-07-17 20:06:09.905   163  1035 W C02d10/UCollectUtil-CpuCalculator: CalculateCpuLoad: invalid num of max cpu load unit
CST 2026-07-17 20:06:09.905   163  1035 W C02d10/UCollectUtil-CpuCalculator: CalculateCpuLoad: invalid num of max cpu load unit
CST 2026-07-17 20:06:09.905   163  1035 W C02d10/UCollectUtil-CpuCalculator: CalculateCpuLoad: invalid num of max cpu load unit
CST 2026-07-17 20:06:09.905   163  1035 W C02d10/UCollectUtil-CpuCalculator: CalculateCpuLoad: invalid num of max cpu load unit
CST 2026-07-17 20:06:09.905   163  1035 W C02d10/UCollectUtil-CpuCalculator: CalculateCpuLoad: invalid num of max cpu load unit
CST 2026-07-17 20:06:09.905   163  1035 W C02d10/UCollectUtil-CpuCalculator: CalculateCpuLoad: invalid num of max cpu load unit
CST 2026-07-17 20:06:09.905   163  1035 W C02d10/UCollectUtil-CpuCalculator: CalculateCpuLoad: invalid num of max cpu load unit
CST 2026-07-17 20:06:09.905   163  1035 W C02d10/UCollectUtil-CpuCalculator: CalculateCpuLoad: invalid num of max cpu load unit
CST 2026-07-17 20:06:09.905   163  1035 W C02d10/UCollectUtil-CpuCalculator: CalculateCpuLoad: invalid num of max cpu load unit
CST 2026-07-17 20:06:09.905   163  1035 W C02d10/UCollectUtil-CpuCalculator: CalculateCpuLoad: invalid num of max cpu load unit
CST 2026-07-17 20:06:09.905   163  1035 W C02d10/UCollectUtil-CpuCalculator: CalculateCpuLoad: invalid num of max cpu load unit
CST 2026-07-17 20:06:09.905   163  1035 W C02d10/UCollectUtil-CpuCalculator: CalculateCpuLoad: invalid num of max cpu load unit
CST 2026-07-17 20:06:09.905   163  1035 W C02d10/UCollectUtil-CpuCalculator: CalculateCpuLoad: invalid num of max cpu load unit
CST 2026-07-17 20:06:09.905   163  1035 W C02d10/UCollectUtil-CpuCalculator: CalculateCpuLoad: invalid num of max cpu load unit
CST 2026-07-17 20:06:09.905   163  1035 W C02d10/UCollectUtil-CpuCalculator: CalculateCpuLoad: invalid num of max cpu load unit
CST 2026-07-17 20:06:09.905   163  1035 W C02d10/UCollectUtil-CpuCalculator: CalculateCpuLoad: invalid num of max cpu load unit
CST 2026-07-17 20:06:09.905   163  1035 W C02d10/UCollectUtil-CpuCalculator: CalculateCpuLoad: invalid num of max cpu load unit
CST 2026-07-17 20:06:09.905   163  1035 W C02d10/UCollectUtil-CpuCalculator: CalculateCpuLoad: invalid num of max cpu load unit
CST 2026-07-17 20:06:09.905   163  1035 W C02d10/UCollectUtil-CpuCalculator: CalculateCpuLoad: invalid num of max cpu load unit
CST 2026-07-17 20:06:09.905   163  1035 W C02d10/UCollectUtil-CpuCalculator: CalculateCpuLoad: invalid num of max cpu load unit
CST 2026-07-17 20:06:09.905   163  1035 W C02d10/UCollectUtil-CpuCalculator: CalculateCpuLoad: invalid num of max cpu load unit
CST 2026-07-17 20:06:09.905   163  1035 W C02d10/UCollectUtil-CpuCalculator: CalculateCpuLoad: invalid num of max cpu load unit
CST 2026-07-17 20:06:09.905   163  1035 W C02d10/UCollectUtil-CpuCalculator: CalculateCpuLoad: invalid num of max cpu load unit
CST 2026-07-17 20:06:09.905   163  1035 W C02d10/UCollectUtil-CpuCalculator: CalculateCpuLoad: invalid num of max cpu load unit
CST 2026-07-17 20:06:09.905   163  1035 W C02d10/UCollectUtil-CpuCalculator: CalculateCpuLoad: invalid num of max cpu load unit
CST 2026-07-17 20:06:09.905   163  1035 W C02d10/UCollectUtil-CpuCalculator: CalculateCpuLoad: invalid num of max cpu load unit
CST 2026-07-17 20:06:09.905   163  1035 W C02d10/UCollectUtil-CpuCalculator: CalculateCpuLoad: invalid num of max cpu load unit
CST 2026-07-17 20:06:09.905   163  1035 W C02d10/UCollectUtil-CpuCalculator: CalculateCpuLoad: invalid num of max cpu load unit
CST 2026-07-17 20:06:09.905   163  1035 W C02d10/UCollectUtil-CpuCalculator: CalculateCpuLoad: invalid num of max cpu load unit
CST 2026-07-17 20:06:09.906   163  1035 W C02d10/UCollectUtil-CpuCalculator: CalculateCpuLoad: invalid num of max cpu load unit
CST 2026-07-17 20:06:09.906   163  1035 W C02d10/UCollectUtil-CpuCalculator: CalculateCpuLoad: invalid num of max cpu load unit
CST 2026-07-17 20:06:09.906   163  1035 W C02d10/UCollectUtil-CpuCalculator: CalculateCpuLoad: invalid num of max cpu load unit
CST 2026-07-17 20:06:09.906   163  1035 W C02d10/UCollectUtil-CpuCalculator: CalculateCpuLoad: invalid num of max cpu load unit
CST 2026-07-17 20:06:09.906   163  1035 W C02d10/UCollectUtil-CpuCalculator: CalculateCpuLoad: invalid num of max cpu load unit
CST 2026-07-17 20:06:09.906   163  1035 W C02d10/UCollectUtil-CpuCalculator: CalculateCpuLoad: invalid num of max cpu load unit
CST 2026-07-17 20:06:09.906   163  1035 W C02d10/UCollectUtil-CpuCalculator: CalculateCpuLoad: invalid num of max cpu load unit
CST 2026-07-17 20:06:09.906   163  1035 W C02d10/UCollectUtil-CpuCalculator: CalculateCpuLoad: invalid num of max cpu load unit
CST 2026-07-17 20:06:09.906   163  1035 W C02d10/UCollectUtil-CpuCalculator: CalculateCpuLoad: invalid num of max cpu load unit
CST 2026-07-17 20:06:09.906   163  1035 W C02d10/UCollectUtil-CpuCalculator: CalculateCpuLoad: invalid num of max cpu load unit
CST 2026-07-17 20:06:09.906   163  1035 W C02d10/UCollectUtil-CpuCalculator: CalculateCpuLoad: invalid num of max cpu load unit
CST 2026-07-17 20:06:09.906   163  1035 W C02d10/UCollectUtil-CpuCalculator: CalculateCpuLoad: invalid num of max cpu load unit
CST 2026-07-17 20:06:09.906   163  1035 W C02d10/UCollectUtil-CpuCalculator: CalculateCpuLoad: invalid num of max cpu load unit
CST 2026-07-17 20:06:09.906   163  1035 W C02d10/UCollectUtil-CpuCalculator: CalculateCpuLoad: invalid num of max cpu load unit
CST 2026-07-17 20:06:09.906   163  1035 W C02d10/UCollectUtil-CpuCalculator: CalculateCpuLoad: invalid num of max cpu load unit
CST 2026-07-17 20:06:09.906   163  1035 W C02d10/UCollectUtil-CpuCalculator: CalculateCpuLoad: invalid num of max cpu load unit
CST 2026-07-17 20:06:09.906   163  1035 W C02d10/UCollectUtil-CpuCalculator: CalculateCpuLoad: invalid num of max cpu load unit
CST 2026-07-17 20:06:09.906   588   724 W C02943/ThermalHdi: Read node failed, title = brightness
CST 2026-07-17 20:06:09.906   163  1035 W C02d10/UCollectUtil-CpuCalculator: CalculateCpuLoad: invalid num of max cpu load unit
CST 2026-07-17 20:06:09.906   163  1035 W C02d10/UCollectUtil-CpuCalculator: CalculateCpuLoad: invalid num of max cpu load unit
CST 2026-07-17 20:06:09.906   163  1035 W C02d10/UCollectUtil-CpuCalculator: CalculateCpuLoad: invalid num of max cpu load unit
CST 2026-07-17 20:06:09.906   163  1035 W C02d10/UCollectUtil-CpuCalculator: CalculateCpuLoad: invalid num of max cpu load unit
CST 2026-07-17 20:06:09.906   163  1035 W C02d10/UCollectUtil-CpuCalculator: CalculateCpuLoad: invalid num of max cpu load unit
CST 2026-07-17 20:06:09.906   163  1035 W C02d10/UCollectUtil-CpuCalculator: CalculateCpuLoad: invalid num of max cpu load unit
CST 2026-07-17 20:06:09.906   163  1035 W C02d10/UCollectUtil-CpuCalculator: CalculateCpuLoad: invalid num of max cpu load unit
CST 2026-07-17 20:06:09.906   588   724 W C02943/ThermalHdi: Read node failed, title = 
CST 2026-07-17 20:06:09.906   163  1035 W C02d10/UCollectUtil-CpuCalculator: CalculateCpuLoad: invalid num of max cpu load unit
CST 2026-07-17 20:06:09.906   588   724 W C02943/ThermalHdi: Read node failed, title = 
CST 2026-07-17 20:06:09.906   163  1035 W C02d10/UCollectUtil-CpuCalculator: CalculateCpuLoad: invalid num of max cpu load unit
CST 2026-07-17 20:06:09.906   163  1035 W C02d10/UCollectUtil-CpuCalculator: CalculateCpuLoad: invalid num of max cpu load unit
CST 2026-07-17 20:06:09.906   588   724 W C02943/ThermalHdi: Read node failed, title = 
CST 2026-07-17 20:06:09.906   163  1035 W C02d10/UCollectUtil-CpuCalculator: CalculateCpuLoad: invalid num of max cpu load unit
CST 2026-07-17 20:06:09.906   588   724 W C02943/ThermalHdi: Read node failed, title = 
CST 2026-07-17 20:06:09.906   163  1035 W C02d10/UCollectUtil-CpuCalculator: CalculateCpuLoad: invalid num of max cpu load unit
CST 2026-07-17 20:06:09.906   588   724 W C02943/ThermalHdi: Read node failed, title = 
CST 2026-07-17 20:06:09.906   588   724 W C02943/ThermalHdi: Read node failed, title = 
CST 2026-07-17 20:06:09.906   163  1035 W C02d10/UCollectUtil-CpuCalculator: CalculateCpuLoad: invalid num of max cpu load unit
CST 2026-07-17 20:06:09.906   588   724 W C02943/ThermalHdi: Read node failed, title = 
CST 2026-07-17 20:06:09.906   588   724 W C02943/ThermalHdi: Read node failed, title = 
CST 2026-07-17 20:06:09.906   163  1035 W C02d10/UCollectUtil-CpuCalculator: CalculateCpuLoad: invalid num of max cpu load unit
CST 2026-07-17 20:06:09.906   588   724 W C02943/ThermalHdi: Read node failed, title = 
CST 2026-07-17 20:06:09.906   163  1035 W C02d10/UCollectUtil-CpuCalculator: CalculateCpuLoad: invalid num of max cpu load unit
CST 2026-07-17 20:06:09.906   588   724 W C02943/ThermalHdi: Read node failed, title = 
CST 2026-07-17 20:06:09.906   588   724 W C02943/ThermalHdi: Read node failed, title = 
CST 2026-07-17 20:06:09.906   588   724 W C02943/ThermalHdi: Read node failed, title = 
CST 2026-07-17 20:06:09.906   588   724 W C02943/ThermalHdi: Read node failed, title = 
CST 2026-07-17 20:06:09.906   163  1035 W C02d10/UCollectUtil-CpuCalculator: CalculateCpuLoad: invalid num of max cpu load unit
CST 2026-07-17 20:06:09.906   588   724 W C02943/ThermalHdi: Read node failed, title = 
CST 2026-07-17 20:06:09.906   588   724 W C02943/ThermalHdi: Read node failed, title = 
CST 2026-07-17 20:06:09.906   588   724 W C02943/ThermalHdi: Read node failed, title = 
CST 2026-07-17 20:06:09.906   163  1035 W C02d10/UCollectUtil-CpuCalculator: CalculateCpuLoad: invalid num of max cpu load unit
CST 2026-07-17 20:06:09.906   588   724 W C02943/ThermalHdi: Read node failed, title = 
CST 2026-07-17 20:06:09.906   163  1035 W C02d10/UCollectUtil-CpuCalculator: CalculateCpuLoad: invalid num of max cpu load unit
CST 2026-07-17 20:06:09.906   588   724 W C02943/ThermalHdi: Read node failed, title = 
CST 2026-07-17 20:06:09.906   163  1035 W C02d10/UCollectUtil-CpuCalculator: CalculateCpuLoad: invalid num of max cpu load unit
CST 2026-07-17 20:06:09.906   588   724 W C02943/ThermalHdi: Read node failed, title = 
CST 2026-07-17 20:06:09.906   163  1035 W C02d10/UCollectUtil-CpuCalculator: CalculateCpuLoad: invalid num of max cpu load unit
CST 2026-07-17 20:06:09.906   163  1035 W C02d10/UCollectUtil-CpuCalculator: CalculateCpuLoad: invalid num of max cpu load unit
CST 2026-07-17 20:06:09.906   588   724 W C02943/ThermalHdi: Read node failed, title = 
CST 2026-07-17 20:06:09.906   588   724 W C02943/ThermalHdi: Read node failed, title = 
CST 2026-07-17 20:06:09.906   163  1035 W C02d10/UCollectUtil-CpuCalculator: CalculateCpuLoad: invalid num of max cpu load unit
CST 2026-07-17 20:06:09.906   163  1035 W C02d10/UCollectUtil-CpuCalculator: CalculateCpuLoad: invalid num of max cpu load unit
CST 2026-07-17 20:06:09.906   588   724 W C02943/ThermalHdi: Read node failed, title = 
CST 2026-07-17 20:06:09.906   163  1035 W C02d10/UCollectUtil-CpuCalculator: CalculateCpuLoad: invalid num of max cpu load unit
CST 2026-07-17 20:06:09.906   588   724 W C02943/ThermalHdi: Read node failed, title = 
CST 2026-07-17 20:06:09.906   163  1035 W C02d10/UCollectUtil-CpuCalculator: CalculateCpuLoad: invalid num of max cpu load unit
CST 2026-07-17 20:06:09.906   588   724 W C02943/ThermalHdi: Read node failed, title = 
CST 2026-07-17 20:06:09.906   163  1035 W C02d10/UCollectUtil-CpuCalculator: CalculateCpuLoad: invalid num of max cpu load unit
CST 2026-07-17 20:06:09.906   588   724 W C02943/ThermalHdi: Read node failed, title = ambient
CST 2026-07-17 20:06:09.906   163  1035 W C02d10/UCollectUtil-CpuCalculator: CalculateCpuLoad: invalid num of max cpu load unit
CST 2026-07-17 20:06:09.906   163  1035 W C02d10/UCollectUtil-CpuCalculator: CalculateCpuLoad: invalid num of max cpu load unit
CST 2026-07-17 20:06:09.906   588   724 W C02943/ThermalHdi: Read node failed, title = ibat
CST 2026-07-17 20:06:09.906   163  1035 W C02d10/UCollectUtil-CpuCalculator: CalculateCpuLoad: invalid num of max cpu load unit
CST 2026-07-17 20:06:09.906   588   724 W C02943/ThermalHdi: Read node failed, title = vbat
CST 2026-07-17 20:06:09.906   163  1035 W C02d10/UCollectUtil-CpuCalculator: CalculateCpuLoad: invalid num of max cpu load unit
CST 2026-07-17 20:06:09.906   588   724 W C02943/ThermalHdi: Read node failed, title = cpu0_min_freq
CST 2026-07-17 20:06:09.906   163  1035 W C02d10/UCollectUtil-CpuCalculator: CalculateCpuLoad: invalid num of max cpu load unit
CST 2026-07-17 20:06:09.906   163  1035 W C02d10/UCollectUtil-CpuCalculator: CalculateCpuLoad: invalid num of max cpu load unit
CST 2026-07-17 20:06:09.906   588   724 W C02943/ThermalHdi: Read node failed, title = cpu0_cur_freq
CST 2026-07-17 20:06:09.906   163  1035 W C02d10/UCollectUtil-CpuCalculator: CalculateCpuLoad: invalid num of max cpu load unit
CST 2026-07-17 20:06:09.906   588   724 W C02943/ThermalHdi: Read node failed, title = cpu0_max_freq
CST 2026-07-17 20:06:09.906   163  1035 W C02d10/UCollectUtil-CpuCalculator: CalculateCpuLoad: invalid num of max cpu load unit
CST 2026-07-17 20:06:09.906   588   724 W C02943/ThermalHdi: Read node failed, title = cpu4_min_freq
CST 2026-07-17 20:06:09.906   163  1035 W C02d10/UCollectUtil-CpuCalculator: CalculateCpuLoad: invalid num of max cpu load unit
CST 2026-07-17 20:06:09.906   588   724 W C02943/ThermalHdi: Read node failed, title = cpu4_cur_freq
CST 2026-07-17 20:06:09.906   163  1035 W C02d10/UCollectUtil-CpuCalculator: CalculateCpuLoad: invalid num of max cpu load unit
CST 2026-07-17 20:06:09.906   588   724 W C02943/ThermalHdi: Read node failed, title = cpu4_max_freq
CST 2026-07-17 20:06:09.906   163  1035 W C02d10/UCollectUtil-CpuCalculator: CalculateCpuLoad: invalid num of max cpu load unit
CST 2026-07-17 20:06:09.906   163  1035 W C02d10/UCollectUtil-CpuCalculator: CalculateCpuLoad: invalid num of max cpu load unit
CST 2026-07-17 20:06:09.906   588   724 W C02943/ThermalHdi: Read node failed, title = cpu7_min_freq
CST 2026-07-17 20:06:09.906   163  1035 W C02d10/UCollectUtil-CpuCalculator: CalculateCpuLoad: invalid num of max cpu load unit
CST 2026-07-17 20:06:09.906   588   724 W C02943/ThermalHdi: Read node failed, title = cpu7_cur_freq
CST 2026-07-17 20:06:09.906   163  1035 W C02d10/UCollectUtil-CpuCalculator: CalculateCpuLoad: invalid num of max cpu load unit
CST 2026-07-17 20:06:09.906   588   724 W C02943/ThermalHdi: Read node failed, title = cpu7_max_freq
CST 2026-07-17 20:06:09.906   163  1035 W C02d10/UCollectUtil-CpuCalculator: CalculateCpuLoad: invalid num of max cpu load unit
CST 2026-07-17 20:06:09.906   588   724 W C02943/ThermalHdi: Read node failed, title = gpu_min_freq
CST 2026-07-17 20:06:09.906   163  1035 W C02d10/UCollectUtil-CpuCalculator: CalculateCpuLoad: invalid num of max cpu load unit
CST 2026-07-17 20:06:09.906   163  1035 W C02d10/UCollectUtil-CpuCalculator: CalculateCpuLoad: invalid num of max cpu load unit
CST 2026-07-17 20:06:09.906   588   724 W C02943/ThermalHdi: Read node failed, title = gpu_cur_freq
CST 2026-07-17 20:06:09.906   163  1035 W C02d10/UCollectUtil-CpuCalculator: CalculateCpuLoad: invalid num of max cpu load unit
CST 2026-07-17 20:06:09.906   588   724 W C02943/ThermalHdi: Read node failed, title = gpu_max_freq
CST 2026-07-17 20:06:09.906   163  1035 W C02d10/UCollectUtil-CpuCalculator: CalculateCpuLoad: invalid num of max cpu load unit
CST 2026-07-17 20:06:09.906   588   724 W C02943/ThermalHdi: Read node failed, title = ddr_cur_freq
CST 2026-07-17 20:06:09.906   163  1035 W C02d10/UCollectUtil-CpuCalculator: CalculateCpuLoad: invalid num of max cpu load unit
CST 2026-07-17 20:06:09.906   163  1035 W C02d10/UCollectUtil-CpuCalculator: CalculateCpuLoad: invalid num of max cpu load unit
CST 2026-07-17 20:06:09.906   588   724 W C02943/ThermalHdi: Read node failed, title = set_IPApower
CST 2026-07-17 20:06:09.906   163  1035 W C02d10/UCollectUtil-CpuCalculator: CalculateCpuLoad: invalid num of max cpu load unit
CST 2026-07-17 20:06:09.906   588   724 W C02943/ThermalHdi: Read node failed, title = cur_IPApower
CST 2026-07-17 20:06:09.906   163  1035 W C02d10/UCollectUtil-CpuCalculator: CalculateCpuLoad: invalid num of max cpu load unit
CST 2026-07-17 20:06:09.906   163  1035 W C02d10/UCollectUtil-CpuCalculator: CalculateCpuLoad: invalid num of max cpu load unit
CST 2026-07-17 20:06:09.906   163  1035 W C02d10/UCollectUtil-CpuCalculator: CalculateCpuLoad: invalid num of max cpu load unit
CST 2026-07-17 20:06:09.906   163  1035 W C02d10/UCollectUtil-CpuCalculator: CalculateCpuLoad: invalid num of max cpu load unit
CST 2026-07-17 20:06:09.906   163  1035 W C02d10/UCollectUtil-CpuCalculator: CalculateCpuLoad: invalid num of max cpu load unit
CST 2026-07-17 20:06:09.906   163  1035 W C02d10/UCollectUtil-CpuCalculator: CalculateCpuLoad: invalid num of max cpu load unit
CST 2026-07-17 20:06:09.906   163  1035 W C02d10/UCollectUtil-CpuCalculator: CalculateCpuLoad: invalid num of max cpu load unit
CST 2026-07-17 20:06:09.906   163  1035 W C02d10/UCollectUtil-CpuCalculator: CalculateCpuLoad: invalid num of max cpu load unit
CST 2026-07-17 20:06:09.906   163  1035 W C02d10/UCollectUtil-CpuCalculator: CalculateCpuLoad: invalid num of max cpu load unit
CST 2026-07-17 20:06:09.906   588   724 W C02943/ThermalHdi: get node failed
CST 2026-07-17 20:06:09.906   163  1035 W C02d10/UCollectUtil-CpuCalculator: CalculateCpuLoad: invalid num of max cpu load unit
CST 2026-07-17 20:06:09.906   588   724 W C02943/ThermalHdi: get node failed
CST 2026-07-17 20:06:09.906   163  1035 W C02d10/UCollectUtil-CpuCalculator: CalculateCpuLoad: invalid num of max cpu load unit
CST 2026-07-17 20:06:09.906   588   724 W C02943/ThermalHdi: get node failed
CST 2026-07-17 20:06:09.906   163  1035 W C02d10/UCollectUtil-CpuCalculator: CalculateCpuLoad: invalid num of max cpu load unit
CST 2026-07-17 20:06:09.906   163  1035 W C02d10/UCollectUtil-CpuCalculator: CalculateCpuLoad: invalid num of max cpu load unit
CST 2026-07-17 20:06:09.906   163  1035 W C02d10/UCollectUtil-CpuCalculator: CalculateCpuLoad: invalid num of max cpu load unit
CST 2026-07-17 20:06:09.906   163  1035 W C02d10/UCollectUtil-CpuCalculator: CalculateCpuLoad: invalid num of max cpu load unit
CST 2026-07-17 20:06:09.906   163  1035 W C02d10/UCollectUtil-CpuCalculator: CalculateCpuLoad: invalid num of max cpu load unit
CST 2026-07-17 20:06:09.906   163  1035 W C02d10/UCollectUtil-CpuCalculator: CalculateCpuLoad: invalid num of max cpu load unit
CST 2026-07-17 20:06:09.906   163  1035 W C02d10/UCollectUtil-CpuCalculator: CalculateCpuLoad: invalid num of max cpu load unit
CST 2026-07-17 20:06:09.906   163  1035 W C02d10/UCollectUtil-CpuCalculator: CalculateCpuLoad: invalid num of max cpu load unit
CST 2026-07-17 20:06:09.906   163  1035 W C02d10/UCollectUtil-CpuCalculator: CalculateCpuLoad: invalid num of max cpu load unit
CST 2026-07-17 20:06:09.906   163  1035 W C02d10/UCollectUtil-CpuCalculator: CalculateCpuLoad: invalid num of max cpu load unit
CST 2026-07-17 20:06:09.906   163  1035 W C02d10/UCollectUtil-CpuCalculator: CalculateCpuLoad: invalid num of max cpu load unit
CST 2026-07-17 20:06:09.906   163  1035 W C02d10/UCollectUtil-CpuCalculator: CalculateCpuLoad: invalid num of max cpu load unit
CST 2026-07-17 20:06:09.906   163  1035 W C02d10/UCollectUtil-CpuCalculator: CalculateCpuLoad: invalid num of max cpu load unit
CST 2026-07-17 20:06:09.906   163  1035 W C02d10/UCollectUtil-CpuCalculator: CalculateCpuLoad: invalid num of max cpu load unit
CST 2026-07-17 20:06:09.906   163  1035 W C02d10/UCollectUtil-CpuCalculator: CalculateCpuLoad: invalid num of max cpu load unit
CST 2026-07-17 20:06:09.906   163  1035 W C02d10/UCollectUtil-CpuCalculator: CalculateCpuLoad: invalid num of max cpu load unit
CST 2026-07-17 20:06:09.906   163  1035 W C02d10/UCollectUtil-CpuCalculator: CalculateCpuLoad: invalid num of max cpu load unit
CST 2026-07-17 20:06:09.906   163  1035 W C02d10/UCollectUtil-CpuCalculator: CalculateCpuLoad: invalid num of max cpu load unit
CST 2026-07-17 20:06:09.906   163  1035 W C02d10/UCollectUtil-CpuCalculator: CalculateCpuLoad: invalid num of max cpu load unit
CST 2026-07-17 20:06:09.906   163  1035 W C02d10/UCollectUtil-CpuCalculator: CalculateCpuLoad: invalid num of max cpu load unit
CST 2026-07-17 20:06:09.906   163  1035 W C02d10/UCollectUtil-CpuCalculator: CalculateCpuLoad: invalid num of max cpu load unit
CST 2026-07-17 20:06:09.906   163  1035 W C02d10/UCollectUtil-CpuCalculator: CalculateCpuLoad: invalid num of max cpu load unit
CST 2026-07-17 20:06:09.906   163  1035 W C02d10/UCollectUtil-CpuCalculator: CalculateCpuLoad: invalid num of max cpu load unit
CST 2026-07-17 20:06:09.907   163  1035 W C02d10/UCollectUtil-CpuCalculator: CalculateCpuLoad: invalid num of max cpu load unit
CST 2026-07-17 20:06:09.907   163  1035 W C02d10/UCollectUtil-CpuCalculator: CalculateCpuLoad: invalid num of max cpu load unit
CST 2026-07-17 20:06:09.907   163  1035 W C02d10/UCollectUtil-CpuCalculator: CalculateCpuLoad: invalid num of max cpu load unit
CST 2026-07-17 20:06:09.907   163  1035 W C02d10/UCollectUtil-CpuCalculator: CalculateCpuLoad: invalid num of max cpu load unit
CST 2026-07-17 20:06:09.907   163  1035 W C02d10/UCollectUtil-CpuCalculator: CalculateCpuLoad: invalid num of max cpu load unit
CST 2026-07-17 20:06:09.907   163  1035 W C02d10/UCollectUtil-CpuCalculator: CalculateCpuLoad: invalid num of max cpu load unit
CST 2026-07-17 20:06:09.907   163  1035 W C02d10/UCollectUtil-CpuCalculator: CalculateCpuLoad: invalid num of max cpu load unit
CST 2026-07-17 20:06:09.907   163  1035 W C02d10/UCollectUtil-CpuCalculator: CalculateCpuLoad: invalid num of max cpu load unit
CST 2026-07-17 20:06:09.907   163  1035 W C02d10/UCollectUtil-CpuCalculator: CalculateCpuLoad: invalid num of max cpu load unit
CST 2026-07-17 20:06:09.907   163  1035 W C02d10/UCollectUtil-CpuCalculator: CalculateCpuLoad: invalid num of max cpu load unit
CST 2026-07-17 20:06:09.907   163  1035 W C02d10/UCollectUtil-CpuCalculator: CalculateCpuLoad: invalid num of max cpu load unit
CST 2026-07-17 20:06:09.907   163  1035 W C02d10/UCollectUtil-CpuCalculator: CalculateCpuLoad: invalid num of max cpu load unit
CST 2026-07-17 20:06:09.907   163  1035 W C02d10/UCollectUtil-CpuCalculator: CalculateCpuLoad: invalid num of max cpu load unit
CST 2026-07-17 20:06:09.907   163  1035 W C02d10/UCollectUtil-CpuCalculator: CalculateCpuLoad: invalid num of max cpu load unit
CST 2026-07-17 20:06:09.907   163  1035 W C02d10/UCollectUtil-CpuCalculator: CalculateCpuLoad: invalid num of max cpu load unit
CST 2026-07-17 20:06:09.907   163  1035 W C02d10/UCollectUtil-CpuCalculator: CalculateCpuLoad: invalid num of max cpu load unit
CST 2026-07-17 20:06:09.907   163  1035 W C02d10/UCollectUtil-CpuCalculator: CalculateCpuLoad: invalid num of max cpu load unit
CST 2026-07-17 20:06:09.907   163  1035 W C02d10/UCollectUtil-CpuCalculator: CalculateCpuLoad: invalid num of max cpu load unit
CST 2026-07-17 20:06:09.907   163  1035 W C02d10/UCollectUtil-CpuCalculator: CalculateCpuLoad: invalid num of max cpu load unit
CST 2026-07-17 20:06:09.907   163  1035 W C02d10/UCollectUtil-CpuCalculator: CalculateCpuLoad: invalid num of max cpu load unit
CST 2026-07-17 20:06:09.907   163  1035 W C02d10/UCollectUtil-CpuCalculator: CalculateCpuLoad: invalid num of max cpu load unit
CST 2026-07-17 20:06:09.907   163  1035 W C02d10/UCollectUtil-CpuCalculator: CalculateCpuLoad: invalid num of max cpu load unit
CST 2026-07-17 20:06:09.907   163  1035 W C02d10/UCollectUtil-CpuCalculator: CalculateCpuLoad: invalid num of max cpu load unit
CST 2026-07-17 20:06:09.907   163  1035 W C02d10/UCollectUtil-CpuCalculator: CalculateCpuLoad: invalid num of max cpu load unit
CST 2026-07-17 20:06:09.907   163  1035 W C02d10/UCollectUtil-CpuCalculator: CalculateCpuLoad: invalid num of max cpu load unit
CST 2026-07-17 20:06:09.907   163  1035 W C02d10/UCollectUtil-CpuCalculator: CalculateCpuLoad: invalid num of max cpu load unit
CST 2026-07-17 20:06:09.907   163  1035 W C02d10/UCollectUtil-CpuCalculator: CalculateCpuLoad: invalid num of max cpu load unit
CST 2026-07-17 20:06:09.907   163  1035 W C02d10/UCollectUtil-CpuCalculator: CalculateCpuLoad: invalid num of max cpu load unit
CST 2026-07-17 20:06:09.907   163  1035 W C02d10/UCollectUtil-CpuCalculator: CalculateCpuLoad: invalid num of max cpu load unit
CST 2026-07-17 20:06:09.907   163  1035 W C02d10/UCollectUtil-CpuCalculator: CalculateCpuLoad: invalid num of max cpu load unit
CST 2026-07-17 20:06:09.907   163  1035 W C02d10/UCollectUtil-CpuCalculator: CalculateCpuLoad: invalid num of max cpu load unit
CST 2026-07-17 20:06:09.907   163  1035 W C02d10/UCollectUtil-CpuCalculator: CalculateCpuLoad: invalid num of max cpu load unit
CST 2026-07-17 20:06:09.907   163  1035 W C02d10/UCollectUtil-CpuCalculator: CalculateCpuLoad: invalid num of max cpu load unit
CST 2026-07-17 20:06:09.907   163  1035 W C02d10/UCollectUtil-CpuCalculator: CalculateCpuLoad: invalid num of max cpu load unit
CST 2026-07-17 20:06:09.907   163  1035 W C02d10/UCollectUtil-CpuCalculator: CalculateCpuLoad: invalid num of max cpu load unit
CST 2026-07-17 20:06:09.907   163  1035 W C02d10/UCollectUtil-CpuCalculator: CalculateCpuLoad: invalid num of max cpu load unit
CST 2026-07-17 20:06:09.907   163  1035 W C02d10/UCollectUtil-CpuCalculator: CalculateCpuLoad: invalid num of max cpu load unit
CST 2026-07-17 20:06:09.907   163  1035 W C02d10/UCollectUtil-CpuCalculator: CalculateCpuLoad: invalid num of max cpu load unit
CST 2026-07-17 20:06:09.907   163  1035 W C02d10/UCollectUtil-CpuCalculator: CalculateCpuLoad: invalid num of max cpu load unit
CST 2026-07-17 20:06:09.907   163  1035 W C02d10/UCollectUtil-CpuCalculator: CalculateCpuLoad: invalid num of max cpu load unit
CST 2026-07-17 20:06:09.907   163  1035 W C02d10/UCollectUtil-CpuCalculator: CalculateCpuLoad: invalid num of max cpu load unit
CST 2026-07-17 20:06:09.907   163  1035 W C02d10/UCollectUtil-CpuCalculator: CalculateCpuLoad: invalid num of max cpu load unit
CST 2026-07-17 20:06:09.907   163  1035 W C02d10/UCollectUtil-CpuCalculator: CalculateCpuLoad: invalid num of max cpu load unit
CST 2026-07-17 20:06:09.907   163  1035 W C02d10/UCollectUtil-CpuCalculator: CalculateCpuLoad: invalid num of max cpu load unit
CST 2026-07-17 20:06:09.907   163  1035 W C02d10/UCollectUtil-CpuCalculator: CalculateCpuLoad: invalid num of max cpu load unit
CST 2026-07-17 20:06:09.907   163  1035 W C02d10/UCollectUtil-CpuCalculator: CalculateCpuLoad: invalid num of max cpu load unit
CST 2026-07-17 20:06:09.907   163  1035 W C02d10/UCollectUtil-CpuCalculator: CalculateCpuLoad: invalid num of max cpu load unit
CST 2026-07-17 20:06:09.907   163  1035 W C02d10/UCollectUtil-CpuCalculator: CalculateCpuLoad: invalid num of max cpu load unit
CST 2026-07-17 20:06:09.907   163  1035 W C02d10/UCollectUtil-CpuCalculator: CalculateCpuLoad: invalid num of max cpu load unit
CST 2026-07-17 20:06:09.907   163  1035 W C02d10/UCollectUtil-CpuCalculator: CalculateCpuLoad: invalid num of max cpu load unit
CST 2026-07-17 20:06:09.907   163  1035 W C02d10/UCollectUtil-CpuCalculator: CalculateCpuLoad: invalid num of max cpu load unit
CST 2026-07-17 20:06:09.907   163  1035 W C02d10/UCollectUtil-CpuCalculator: CalculateCpuLoad: invalid num of max cpu load unit
CST 2026-07-17 20:06:09.907   163  1035 W C02d10/UCollectUtil-CpuCalculator: CalculateCpuLoad: invalid num of max cpu load unit
CST 2026-07-17 20:06:09.907   163  1035 W C02d10/UCollectUtil-CpuCalculator: CalculateCpuLoad: invalid num of max cpu load unit
CST 2026-07-17 20:06:09.907   163  1035 W C02d10/UCollectUtil-CpuCalculator: CalculateCpuLoad: invalid num of max cpu load unit
CST 2026-07-17 20:06:09.907   163  1035 W C02d10/UCollectUtil-CpuCalculator: CalculateCpuLoad: invalid num of max cpu load unit
CST 2026-07-17 20:06:09.907   163  1035 W C02d10/UCollectUtil-CpuCalculator: CalculateCpuLoad: invalid num of max cpu load unit
CST 2026-07-17 20:06:09.907   163  1035 W C02d10/UCollectUtil-CpuCalculator: CalculateCpuLoad: invalid num of max cpu load unit
CST 2026-07-17 20:06:09.907   163  1035 W C02d10/UCollectUtil-CpuCalculator: CalculateCpuLoad: invalid num of max cpu load unit
CST 2026-07-17 20:06:09.907   163  1035 W C02d10/UCollectUtil-CpuCalculator: CalculateCpuLoad: invalid num of max cpu load unit
CST 2026-07-17 20:06:09.907   163  1035 W C02d10/UCollectUtil-CpuCalculator: CalculateCpuLoad: invalid num of max cpu load unit
CST 2026-07-17 20:06:09.907   163  1035 W C02d10/UCollectUtil-CpuCalculator: CalculateCpuLoad: invalid num of max cpu load unit
CST 2026-07-17 20:06:09.907   163  1035 W C02d10/UCollectUtil-CpuCalculator: CalculateCpuLoad: invalid num of max cpu load unit
CST 2026-07-17 20:06:09.907   163  1035 W C02d10/UCollectUtil-CpuCalculator: CalculateCpuLoad: invalid num of max cpu load unit
CST 2026-07-17 20:06:09.907   163  1035 W C02d10/UCollectUtil-CpuCalculator: CalculateCpuLoad: invalid num of max cpu load unit
CST 2026-07-17 20:06:09.907   163  1035 W C02d10/UCollectUtil-CpuCalculator: CalculateCpuLoad: invalid num of max cpu load unit
CST 2026-07-17 20:06:09.907   163  1035 W C02d10/UCollectUtil-CpuCalculator: CalculateCpuLoad: invalid num of max cpu load unit
CST 2026-07-17 20:06:09.907   163  1035 W C02d10/UCollectUtil-CpuCalculator: CalculateCpuLoad: invalid num of max cpu load unit
CST 2026-07-17 20:06:09.907   163  1035 W C02d10/UCollectUtil-CpuCalculator: CalculateCpuLoad: invalid num of max cpu load unit
CST 2026-07-17 20:06:09.907   163  1035 W C02d10/UCollectUtil-CpuCalculator: CalculateCpuLoad: invalid num of max cpu load unit
CST 2026-07-17 20:06:09.907   163  1035 W C02d10/UCollectUtil-CpuCalculator: CalculateCpuLoad: invalid num of max cpu load unit
CST 2026-07-17 20:06:09.907   163  1035 W C02d10/UCollectUtil-CpuCalculator: CalculateCpuLoad: invalid num of max cpu load unit
CST 2026-07-17 20:06:09.907   163  1035 W C02d10/UCollectUtil-CpuCalculator: CalculateCpuLoad: invalid num of max cpu load unit
CST 2026-07-17 20:06:09.907   163  1035 W C02d10/UCollectUtil-CpuCalculator: CalculateCpuLoad: invalid num of max cpu load unit
CST 2026-07-17 20:06:09.907   163  1035 W C02d10/UCollectUtil-CpuCalculator: CalculateCpuLoad: invalid num of max cpu load unit
CST 2026-07-17 20:06:09.907   163  1035 W C02d10/UCollectUtil-CpuCalculator: CalculateCpuLoad: invalid num of max cpu load unit
CST 2026-07-17 20:06:09.907   163  1035 W C02d10/UCollectUtil-CpuCalculator: CalculateCpuLoad: invalid num of max cpu load unit
CST 2026-07-17 20:06:09.907   163  1035 W C02d10/UCollectUtil-CpuCalculator: CalculateCpuLoad: invalid num of max cpu load unit
CST 2026-07-17 20:06:09.907   163  1035 W C02d10/UCollectUtil-CpuCalculator: CalculateCpuLoad: invalid num of max cpu load unit
CST 2026-07-17 20:06:09.907   163  1035 W C02d10/UCollectUtil-CpuCalculator: CalculateCpuLoad: invalid num of max cpu load unit
CST 2026-07-17 20:06:09.907   163  1035 W C02d10/UCollectUtil-CpuCalculator: CalculateCpuLoad: invalid num of max cpu load unit
CST 2026-07-17 20:06:09.907   163  1035 W C02d10/UCollectUtil-CpuCalculator: CalculateCpuLoad: invalid num of max cpu load unit
CST 2026-07-17 20:06:10.000   444   454 W C01c42/TimeService: uid:1096 id:1679329039 wk:0
CST 2026-07-17 20:06:10.000   444   454 W C01c42/TimeService: id:1679329039 we:153561
CST 2026-07-17 20:06:10.000   444   454 W C01c42/TimeService: t3 153561
CST 2026-07-17 20:06:10.016   643   717 I C02986/DisplayPowerBrightness: lux=[0/147849, 0/147995, 0/148140, 0/148286, 0/148432, 0/148577, ], bDelta=5.000000, dDelta=1.000000, size=70
CST 2026-07-17 20:06:10.048  4668  4668 W C02c02/PARAM: Selinux check name persist.init.debug.loglevel in u:object_r:startup_init_param:s0 [4668 2000 2000] failed
CST 2026-07-17 20:06:10.048  4668  4668 W C02c02/PARAM: Selinux check name persist.init.debug.loglevel in u:object_r:startup_init_param:s0 [4668 2000 2000] failed
CST 2026-07-17 20:06:10.048  4668  4668 W C02c02/PARAM: SystemReadParam failed!name is:persist.init.debug.loglevel,err:1002
CST 2026-07-17 20:06:10.050  2715  3226 E C02e00/UPDATE_SA: [hap_connection.cpp(50)]GetHapRemoteObject, remoteObj is nullptr, bundle com.huawei.hmos.ouc
CST 2026-07-17 20:06:10.050  2715  3226 I C01352/ExtMgr: [extension_manager_client.cpp134]name:com.huawei.hmos.ouc ServiceExtAbility, userId:-1.
CST 2026-07-17 20:06:10.050   728   979 I C01342/ServiceExt: [ABMS5529]element: com.huawei.hmos.ouc/ServiceExtAbility
CST 2026-07-17 20:06:10.050   728   979 W C01123/BMSCommon: bundle not exist -n com.huawei.hmos.ouc -u 100 -i 0 -f 0
CST 2026-07-17 20:06:10.050   728   979 W C01336/AMS: [start_ability_utils.cpp76]failed: com.huawei.hmos.ouc
CST 2026-07-17 20:06:10.050   728   979 W C01336/AMS: [crowd_test_interceptor.cpp54]GetAppInfo failed
CST 2026-07-17 20:06:10.050   728   979 W C01120/BMS: app_control_manager.cpp:GetAppRunningControlRule:397 getAppId failed,-n:com.huawei.hmos.ouc
CST 2026-07-17 20:06:10.051   728   979 W C01123/BMSCommon: uid(6666) invalid
CST 2026-07-17 20:06:10.051   728   979 I C01336/AMS: [start_ability_utils.cpp54]appIndex:-1
CST 2026-07-17 20:06:10.051   728   979 W C01123/BMSCommon: bundle not exist -n com.huawei.hmos.ouc -u 100 -i 0 -f 1062
CST 2026-07-17 20:06:10.051   728   979 I C01121/BMSQuery: ExplicitQueryAbility no match -n com.huawei.hmos.ouc -a ServiceExtAbility -u 100 -i 0
CST 2026-07-17 20:06:10.051   728   979 W C01120/BMS: query abilitys_ext code 8521480
CST 2026-07-17 20:06:10.051   728   979 W C01123/BMSCommon: bundle not exist -n com.huawei.hmos.ouc -u 100 -i 0 -f 1062
CST 2026-07-17 20:06:10.051   728   979 W C01121/BMSQuery: bundle_data_mgr.cpp:ExplicitQueryExtensionInfo:7239 ExplicitQueryExtensionInfo failed
CST 2026-07-17 20:06:10.051   728   979 I C01121/BMSQuery: ExplicitQueryExtension size:0 -n com.huawei.hmos.ouc -e ServiceExtAbility -u 100 -i 0
CST 2026-07-17 20:06:10.051   728   979 W C01121/BMSQuery: bundle_data_mgr.cpp:GetCloneAppIndexes:2463 no bundleName com.huawei.hmos.ouc found
CST 2026-07-17 20:06:10.051   728   979 W C01121/BMSQuery: bundle_mgr_host_impl.cpp:QueryExtensionAbilityInfos:3425 no valid extension info can be inquired
CST 2026-07-17 20:06:10.051   728   979 E C01336/AMS: [start_ability_utils.cpp290]extensionInfo empty
CST 2026-07-17 20:06:10.051   728   979 E C01342/ServiceExt: [ABMS5868]generate request error
CST 2026-07-17 20:06:10.051  2715  3226 E C02e00/UPDATE_SA: [hap_connection.cpp(82)]HapConnection call interface failed, ret 2097152
CST 2026-07-17 20:06:10.051  2715  3226 E C02e00/UPDATE_SA: [ouc_hap_connection.cpp(72)]SendRemoteRequest, can not connect to ouc
CST 2026-07-17 20:06:10.051  2715  3226 E C02e00/UPDATE_SA: [ouc_hap_connection.cpp(279)]SendMessage request failed, code: 5
CST 2026-07-17 20:06:10.055  4668  4668 W C02c02/PARAM: Selinux check name persist.init.debug.loglevel in u:object_r:startup_init_param:s0 [4668 2000 2000] failed
CST 2026-07-17 20:06:10.055  4668  4668 W C02c02/PARAM: Selinux check name persist.init.debug.loglevel in u:object_r:startup_init_param:s0 [4668 2000 2000] failed
CST 2026-07-17 20:06:10.055  4668  4668 W C02c02/PARAM: SystemReadParam failed!name is:persist.init.debug.loglevel,err:1002
CST 2026-07-17 20:06:10.179  4671  4671 W C02c02/PARAM: Selinux check name persist.init.debug.loglevel in u:object_r:startup_init_param:s0 [4671 2000 2000] failed
CST 2026-07-17 20:06:10.179  4671  4671 W C02c02/PARAM: Selinux check name persist.init.debug.loglevel in u:object_r:startup_init_param:s0 [4671 2000 2000] failed
CST 2026-07-17 20:06:10.180  4671  4671 W C02c02/PARAM: SystemReadParam failed!name is:persist.init.debug.loglevel,err:1002
CST 2026-07-17 20:06:10.188  4671  4671 W C02c02/PARAM: Selinux check name persist.init.debug.loglevel in u:object_r:startup_init_param:s0 [4671 2000 2000] failed
CST 2026-07-17 20:06:10.188  4671  4671 W C02c02/PARAM: Selinux check name persist.init.debug.loglevel in u:object_r:startup_init_param:s0 [4671 2000 2000] failed
CST 2026-07-17 20:06:10.188  4671  4671 W C02c02/PARAM: SystemReadParam failed!name is:persist.init.debug.loglevel,err:1002
CST 2026-07-17 20:06:10.237  4674  4674 W C02c02/PARAM: Selinux check name persist.init.debug.loglevel in u:object_r:startup_init_param:s0 [4674 2000 2000] failed
CST 2026-07-17 20:06:10.237  4674  4674 W C02c02/PARAM: Selinux check name persist.init.debug.loglevel in u:object_r:startup_init_param:s0 [4674 2000 2000] failed
CST 2026-07-17 20:06:10.237  4674  4674 W C02c02/PARAM: SystemReadParam failed!name is:persist.init.debug.loglevel,err:1002
CST 2026-07-17 20:06:10.243  4674  4674 W C02c02/PARAM: Selinux check name persist.init.debug.loglevel in u:object_r:startup_init_param:s0 [4674 2000 2000] failed
CST 2026-07-17 20:06:10.243  4674  4674 W C02c02/PARAM: Selinux check name persist.init.debug.loglevel in u:object_r:startup_init_param:s0 [4674 2000 2000] failed
CST 2026-07-17 20:06:10.243  4674  4674 W C02c02/PARAM: SystemReadParam failed!name is:persist.init.debug.loglevel,err:1002
