CST 2026-07-17 18:47:44.703     0     0 I I00000/HiLog: ========Zeroth log of type: init
CST 2026-07-17 18:47:50.530   441   441 I I02c01/CustCarrierMount: UpdateCotaOpkeyLink start
CST 2026-07-17 18:47:50.530   441   441 W I02c01/CustCarrierMount: not exsit CUST_GLOBAL_CARRIER_DIR or COTA_PARAM_CARRIER_DIR
CST 2026-07-17 18:47:51.412   441   441 I I02c01/CustCarrierMount: success to update cota carrier
CST 2026-07-17 18:48:31.223  1657  1813 I C03900/HDS: [hds_drawable_descriptor.cpp-ProcessIcon:101]set pixelmap editable : 0 .
CST 2026-07-17 18:48:31.223  1657  1813 E C02b61/PixelMap: set ashmem name failed
CST 2026-07-17 18:48:31.223  1657  1813 W A01b00/SCB: GraphicUtils --> combinePic from HdsIcon, bundleName: com.huawei.hmos.files, iconSizeOfGrid: 64, hasBorder: true
CST 2026-07-17 18:48:31.223  1657  1813 I A01b00/SCB: IconResourceFwk --> getBundleIcon end param: com.huawei.hmos.files, 64, true true
CST 2026-07-17 18:48:31.227  1657  1800 I C02b61/ImageCode: DoEncode:(224, 224) cost 3903 us
CST 2026-07-17 18:48:31.228  1657  1799 I C01631/GaussPD:  [0] [ADAPTER] [139901066529536] Not support binlog_default.writeLock file enable del monitor sysno = 25
CST 2026-07-17 18:48:31.229  1657  1799 I C01631/GaussPD:  [0] [ADAPTER] [139901066529536] Not support binlog_default.writeLock file enable del monitor sysno = 25
CST 2026-07-17 18:48:31.229  1657  1799 I C01631/GaussPD:  [0] [ADAPTER] [139901066529536] Not support binlog_default.writeLock file enable del monitor sysno = 25
CST 2026-07-17 18:48:31.229  1657  1799 I C01631/GaussPD:  [0] [ADAPTER] [139901066529536] Not support binlog_default.writeLock file enable del monitor sysno = 25
CST 2026-07-17 18:48:31.229  1657  1799 I C01631/GaussPD:  [0] [ADAPTER] [139901066529536] Not support binlog_default.writeIndex file enable del monitor sysno = 25
CST 2026-07-17 18:48:31.229  1657  1799 I C01631/GaussPD:  [0] [ADAPTER] [139901066529536] Not support binlog_default.writeIndex file enable del monitor sysno = 25
CST 2026-07-17 18:48:31.229  1657  1813 I A01a01/NC: NotificationConfigManager: update icon result: com.huawei.hmos.files, 29858
CST 2026-07-17 18:48:31.229  1657  1813 I A01b00/SCB: IconResourceFwk --> getBundleIcon start param: com.ohos.dlpmanager, 64, true true
CST 2026-07-17 18:48:31.229  1657  1813 W A01b00/SCB: IconResourceUtils --> getIconResource from bms getBundleResourceInfo for com.ohos.dlpmanager 0
CST 2026-07-17 18:48:31.231   766  1196 I C01120/BMS: icon rdb get resource icon start -n com.ohos.dlpmanager -i 0 -f 16
CST 2026-07-17 18:48:31.231   766  1196 E C01650/StepResultSet: GoToRow:position[0] rowCount[0] rowPos_[-1]!
CST 2026-07-17 18:48:31.245  1657  1813 E C01707/CONCUR: [Interface] task 1813 apply qos failed, errno = 4
CST 2026-07-17 18:48:31.259  1657  1813 I C02b61/ImageSource: CreatePixelMap success, id:1784285311236479,dSize:(0,0),srcSize: (768,768),dHdr:1,sHdr:1,memType: 2,cost 22360 us
CST 2026-07-17 18:48:31.259  1657  1813 E C02b61/PixelMap: set ashmem name failed
CST 2026-07-17 18:48:31.259  1657  1813 W A01b00/SCB: GraphicUtils --> com.ohos.dlpmanager - getHdsIcon, size: (768, 768), pixelFormat: 4, leftTopPixel is transparent: true, 0-0-0-0
CST 2026-07-17 18:48:31.259  1657  1813 E C03900/HDS: [hds_drawable_descriptor.cpp-GetOtherIconsInfo:395]Get icon by name from resource failed, iconName: icon_mask, isGlobalMask: 0, state: 9001004
CST 2026-07-17 18:48:31.267  1657  1813 W C03900/HDS: [hds_drawable_descriptor.cpp-ProcessIcon:91]Mask size {192, 192}, bundleName: com.ohos.dlpmanager
CST 2026-07-17 18:48:31.283   634  2365 I C02515/DISP: [InitBufferHandle:229] express init gbuffer id 93d00000038 ret 0 err 0 fd 6 768 768 pixel 4 size 2359296 usage 2b
CST 2026-07-17 18:48:31.283   634  2365 I C02515/DISP: [ExpressAllocMem:271] ExpressAllocMem requeset BufferHandle 6, width 768, heigt 768, format 20
CST 2026-07-17 18:48:31.288   634  2365 I C02515/DISP: [ExpressFreeMem:317] freeMem bufferhandle gbuffer_id 93d00000038, width 768, heigt 768
CST 2026-07-17 18:48:31.317   634  2365 I C02515/DISP: [InitBufferHandle:229] express init gbuffer id 93d00000039 ret 0 err 0 fd 6 222 222 pixel 4 size 197136 usage 2b
CST 2026-07-17 18:48:31.317   634  2365 I C02515/DISP: [ExpressAllocMem:271] ExpressAllocMem requeset BufferHandle 6, width 222, heigt 222, format 20
CST 2026-07-17 18:48:31.322   634  2365 I C02515/DISP: [ExpressFreeMem:317] freeMem bufferhandle gbuffer_id 93d00000039, width 222, heigt 222
CST 2026-07-17 18:48:31.323  1657  1813 I C02b61/PostProc: initSLRFactor insert:-781857528
CST 2026-07-17 18:48:31.332  1657  1813 I C02515/DISP: [ExpressFreeMem:317] freeMem bufferhandle gbuffer_id 93d00000038, width 768, heigt 768
CST 2026-07-17 18:48:31.333  3138  3138 W C02c02/PARAM: Selinux check name persist.init.debug.loglevel in u:object_r:startup_init_param:s0 [3138 2000 2000] failed
CST 2026-07-17 18:48:31.334  3138  3138 W C02c02/PARAM: Selinux check name persist.init.debug.loglevel in u:object_r:startup_init_param:s0 [3138 2000 2000] failed
CST 2026-07-17 18:48:31.334  3138  3138 W C02c02/PARAM: SystemReadParam failed!name is:persist.init.debug.loglevel,err:1002
CST 2026-07-17 18:48:31.349  1657  1813 I C02515/DISP: [ExpressFreeMem:317] freeMem bufferhandle gbuffer_id 93d00000039, width 222, heigt 222
CST 2026-07-17 18:48:31.389  1657  1813 I C03900/HDS: [hds_drawable_descriptor.cpp-ProcessIcon:101]set pixelmap editable : 0 .
CST 2026-07-17 18:48:31.390  1657  1813 E C02b61/PixelMap: set ashmem name failed
CST 2026-07-17 18:48:31.390  1657  1813 W A01b00/SCB: GraphicUtils --> combinePic from HdsIcon, bundleName: com.ohos.dlpmanager, iconSizeOfGrid: 64, hasBorder: true
CST 2026-07-17 18:48:31.390  1657  1813 I A01b00/SCB: IconResourceFwk --> getBundleIcon end param: com.ohos.dlpmanager, 64, true true
CST 2026-07-17 18:48:31.394  1657  1798 I C02b61/ImageCode: DoEncode:(224, 224) cost 3691 us
CST 2026-07-17 18:48:31.395  1657  1800 I C01631/GaussPD:  [0] [ADAPTER] [139901058128640] Not support binlog_default.writeLock file enable del monitor sysno = 25
CST 2026-07-17 18:48:31.395  1657  1800 I C01631/GaussPD:  [0] [ADAPTER] [139901058128640] Not support binlog_default.writeLock file enable del monitor sysno = 25
CST 2026-07-17 18:48:31.395  1657  1800 I C01631/GaussPD:  [0] [ADAPTER] [139901058128640] Not support binlog_default.writeLock file enable del monitor sysno = 25
CST 2026-07-17 18:48:31.396  1657  1800 I C01631/GaussPD:  [0] [ADAPTER] [139901058128640] Not support binlog_default.writeLock file enable del monitor sysno = 25
CST 2026-07-17 18:48:31.396  1657  1800 I C01631/GaussPD:  [0] [ADAPTER] [139901058128640] Not support binlog_default.writeIndex file enable del monitor sysno = 25
CST 2026-07-17 18:48:31.396  1657  1800 I C01631/GaussPD:  [0] [ADAPTER] [139901058128640] Not support binlog_default.writeIndex file enable del monitor sysno = 25
CST 2026-07-17 18:48:31.396  1657  1813 I A01a01/NC: NotificationConfigManager: update icon result: com.ohos.dlpmanager, 25026
CST 2026-07-17 18:48:31.396  1657  1813 I A01b00/SCB: IconResourceFwk --> getBundleIcon start param: com.huawei.hms.floatingnavigation, 64, true true
CST 2026-07-17 18:48:31.396  1657  1813 W A01b00/SCB: IconResourceUtils --> getIconResource from bms getBundleResourceInfo for com.huawei.hms.floatingnavigation 0
CST 2026-07-17 18:48:31.396   766  1196 I C01120/BMS: icon rdb get resource icon start -n com.huawei.hms.floatingnavigation -i 0 -f 16
CST 2026-07-17 18:48:31.397   766  1196 E C01650/StepResultSet: GoToRow:position[0] rowCount[0] rowPos_[-1]!
CST 2026-07-17 18:48:31.397  1657  1813 I C02b61/ImageSource: CreatePixelMap success, id:1784285311397425,dSize:(0,0),srcSize: (41,41),dHdr:1,sHdr:1,memType: 2,cost 333 us
CST 2026-07-17 18:48:31.398  1657  1813 E C02b61/PixelMap: set ashmem name failed
CST 2026-07-17 18:48:31.398  1657  1813 W A01b00/SCB: GraphicUtils --> com.huawei.hms.floatingnavigation - getHdsIcon, size: (41, 41), pixelFormat: 4, leftTopPixel is transparent: true, 0-0-0-0
CST 2026-07-17 18:48:31.398  1657  1813 E C03900/HDS: [hds_drawable_descriptor.cpp-GetOtherIconsInfo:395]Get icon by name from resource failed, iconName: icon_mask, isGlobalMask: 0, state: 9001004
CST 2026-07-17 18:48:31.398  1657  1813 W C03900/HDS: [hds_drawable_descriptor.cpp-ProcessIcon:91]Mask size {192, 192}, bundleName: com.huawei.hms.floatingnavigation
CST 2026-07-17 18:48:31.399  1657  1813 I C02b61/PixelMap: PixelMap::scale SLR 150, srcSize: [192, 192], dstSize: [41, 41], cost: 0
CST 2026-07-17 18:48:31.410   634  2365 I C02515/DISP: [InitBufferHandle:229] express init gbuffer id 93d0000003a ret 0 err 0 fd 6 41 41 pixel 4 size 6724 usage 2b
CST 2026-07-17 18:48:31.410   634  2365 I C02515/DISP: [ExpressAllocMem:271] ExpressAllocMem requeset BufferHandle 6, width 41, heigt 41, format 20
CST 2026-07-17 18:48:31.415   634  2365 I C02515/DISP: [ExpressFreeMem:317] freeMem bufferhandle gbuffer_id 93d0000003a, width 41, heigt 41
CST 2026-07-17 18:48:31.418  3141  3141 W C02c02/PARAM: Selinux check name persist.init.debug.loglevel in u:object_r:startup_init_param:s0 [3141 2000 2000] failed
CST 2026-07-17 18:48:31.418  3141  3141 W C02c02/PARAM: Selinux check name persist.init.debug.loglevel in u:object_r:startup_init_param:s0 [3141 2000 2000] failed
CST 2026-07-17 18:48:31.418  3141  3141 W C02c02/PARAM: SystemReadParam failed!name is:persist.init.debug.loglevel,err:1002
CST 2026-07-17 18:48:31.426  3143  3143 W C02c02/PARAM: Selinux check name persist.init.debug.loglevel in u:object_r:startup_init_param:s0 [3143 2000 2000] failed
CST 2026-07-17 18:48:31.426  3143  3143 W C02c02/PARAM: Selinux check name persist.init.debug.loglevel in u:object_r:startup_init_param:s0 [3143 2000 2000] failed
CST 2026-07-17 18:48:31.426  3143  3143 W C02c02/PARAM: SystemReadParam failed!name is:persist.init.debug.loglevel,err:1002
CST 2026-07-17 18:48:31.427   634  2365 I C02515/DISP: [InitBufferHandle:229] express init gbuffer id 93d0000003b ret 0 err 0 fd 6 222 222 pixel 4 size 197136 usage 2b
CST 2026-07-17 18:48:31.427   634  2365 I C02515/DISP: [ExpressAllocMem:271] ExpressAllocMem requeset BufferHandle 6, width 222, heigt 222, format 20
CST 2026-07-17 18:48:31.431  3145  3145 W C02c02/PARAM: Selinux check name persist.init.debug.loglevel in u:object_r:startup_init_param:s0 [3145 2000 2000] failed
CST 2026-07-17 18:48:31.431  3145  3145 W C02c02/PARAM: Selinux check name persist.init.debug.loglevel in u:object_r:startup_init_param:s0 [3145 2000 2000] failed
CST 2026-07-17 18:48:31.431  3145  3145 W C02c02/PARAM: SystemReadParam failed!name is:persist.init.debug.loglevel,err:1002
CST 2026-07-17 18:48:31.432   634  2365 I C02515/DISP: [ExpressFreeMem:317] freeMem bufferhandle gbuffer_id 93d0000003b, width 222, heigt 222
CST 2026-07-17 18:48:31.433  3144  3144 W C02c02/PARAM: Selinux check name persist.init.debug.loglevel in u:object_r:startup_init_param:s0 [3144 2000 2000] failed
CST 2026-07-17 18:48:31.433  3144  3144 W C02c02/PARAM: Selinux check name persist.init.debug.loglevel in u:object_r:startup_init_param:s0 [3144 2000 2000] failed
CST 2026-07-17 18:48:31.433  3144  3144 W C02c02/PARAM: SystemReadParam failed!name is:persist.init.debug.loglevel,err:1002
CST 2026-07-17 18:48:31.439  1657  1813 I C02515/DISP: [ExpressFreeMem:317] freeMem bufferhandle gbuffer_id 93d0000003a, width 41, heigt 41
CST 2026-07-17 18:48:31.440  3146  3146 W C02c02/PARAM: Selinux check name persist.init.debug.loglevel in u:object_r:startup_init_param:s0 [3146 2000 2000] failed
CST 2026-07-17 18:48:31.440  3147  3147 W C02c02/PARAM: Selinux check name persist.init.debug.loglevel in u:object_r:startup_init_param:s0 [3147 2000 2000] failed
CST 2026-07-17 18:48:31.440  3146  3146 W C02c02/PARAM: Selinux check name persist.init.debug.loglevel in u:object_r:startup_init_param:s0 [3146 2000 2000] failed
CST 2026-07-17 18:48:31.440  3147  3147 W C02c02/PARAM: Selinux check name persist.init.debug.loglevel in u:object_r:startup_init_param:s0 [3147 2000 2000] failed
CST 2026-07-17 18:48:31.440  3147  3147 W C02c02/PARAM: SystemReadParam failed!name is:persist.init.debug.loglevel,err:1002
CST 2026-07-17 18:48:31.440  3146  3146 W C02c02/PARAM: SystemReadParam failed!name is:persist.init.debug.loglevel,err:1002
CST 2026-07-17 18:48:31.448  3138  3148 W C057c1/IPCWorkThread: ThreadHandler: proto:0 policy:1 name:OS_IPC_0_3148 invoker:13350048
CST 2026-07-17 18:48:31.449  3138  3138 I C01303/AATool: [ability_command.cpp249]argv_[0]: aa
CST 2026-07-17 18:48:31.449  3138  3138 I C01303/AATool: [ability_command.cpp249]argv_[1]: start
CST 2026-07-17 18:48:31.449  3138  3138 I C01303/AATool: [ability_command.cpp246]argc greater than 2, ignoring the rest
CST 2026-07-17 18:48:31.449  3138  3149 I C02d06/XCollie: init default task finished.
CST 2026-07-17 18:48:31.449  3138  3150 W C057c1/IPCWorkThread: ThreadHandler: proto:0 policy:0 name:OS_IPC_1_3150 invoker:13350624
CST 2026-07-17 18:48:31.449  3138  3138 I C01303/AATool: [ability_command.cpp1657]option: 97, optopt: 0, optind: 3
CST 2026-07-17 18:48:31.449  3138  3138 I C01303/AATool: [ability_command.cpp1657]option: 98, optopt: 0, optind: 5
CST 2026-07-17 18:48:31.449  3138  3138 I C01303/AATool: [ability_command.cpp1657]option: 109, optopt: 0, optind: 7
CST 2026-07-17 18:48:31.449  3138  3138 I C01303/AATool: [ability_command.cpp1657]option: -1, optopt: 0, optind: 7
CST 2026-07-17 18:48:31.450  3138  3138 I C01336/AMS: [AMC153]StartAbility cn.alfadb.netbird.r1probe/EntryAbility, userId:-1, appCloneIndex:-1, requestCode:-1, specifiedFullTokenId:0
CST 2026-07-17 18:48:31.450   766  1196 I C01c30/SclockKit: [a92ab1087f6de13, 7b5b5, 0] [screenlock_system_ability.cpp(GetSecure:695)]ScreenLockSystemAbility GetSecure started.
CST 2026-07-17 18:48:31.450   766  1196 I C02401/USER_IDM_SDK: [a92ab1087f6de13, 7b5b5, 0] [GetCredentialInfoSync@user_idm_client_impl.cpp:392] start, userId:100 authType:1
CST 2026-07-17 18:48:31.450   636   770 I C02401/USER_AUTH_SA: [a92ab1087f6de13, 3b62840, 7b5b5] [CallbackEnter@user_idm_service.cpp:924] start, code:14
CST 2026-07-17 18:48:31.450   636   770 I C02401/USER_AUTH_SA: [a92ab1087f6de13, 3b62840, 7b5b5] [GetCredentialInfoSync@user_idm_service.cpp:826] start
CST 2026-07-17 18:48:31.451   580   587 I C02411/USER_AUTH_HDI: [a92ab1087f6de13, 367d90c, 3b62840] [GetCredential@user_auth_interface_service.cpp:1287] start
CST 2026-07-17 18:48:31.451   580   587 I C02411/USER_AUTH_HDI: [a92ab1087f6de13, 367d90c, 3b62840] QueryCredentialFunc() query credential success
CST 2026-07-17 18:48:31.451   636   770 I C02401/USER_AUTH_SA: [a92ab1087f6de13, 3b62840, 7b5b5] [GetCredentialInfoInner@user_idm_service.cpp:157] no cred enrolled
CST 2026-07-17 18:48:31.451   636   770 I C02401/USER_AUTH_SA: [a92ab1087f6de13, 3b62840, 7b5b5] [GetCredentialInfoSync@user_idm_service.cpp:854] GetCredentialInfoSync success, credential num:0
CST 2026-07-17 18:48:31.451   636   770 I C02401/USER_AUTH_SA: [a92ab1087f6de13, 3b62840, 7b5b5] [CallbackExit@user_idm_service.cpp:930] leave, code:14, result:0
CST 2026-07-17 18:48:31.451   766  1196 I C02401/USER_IDM_SDK: [a92ab1087f6de13, 7b5b5, 0] [GetCredentialInfoSync@user_idm_client_impl.cpp:417] GetCredentialInfoSync success, credential num:0
CST 2026-07-17 18:48:31.452   766  1196 I C01c30/SclockKit: [a92ab1087f6de13, 7b5b5, 0] [screenlock_system_ability.cpp(GetSecure:711)]GetCredentialInfo AuthType::PIN result = 0
CST 2026-07-17 18:48:31.452   766  1196 I C01336/AMS: [a92ab1087f6de13, 7b5b5, 0] [unlock_screen_manager.cpp74]UnlockScreen begin
CST 2026-07-17 18:48:31.452   766  1196 I C02901/PowerFwk: [a92ab1087f6de13, 7b5b5, 0] IsScreenOn=1, caller pid=766
CST 2026-07-17 18:48:31.452   766  1196 I C01336/AMS: [a92ab1087f6de13, 7b5b5, 0] [unlock_screen_manager.cpp101]UnlockScreen end
CST 2026-07-17 18:48:31.452   766  1196 I C01313/Dialog: [a92ab1087f6de13, 7b5b5, 0] [dialog_session_manager.cpp139]not find
CST 2026-07-17 18:48:31.452   766  1196 E C01336/AMS: [a92ab1087f6de13, 7b5b5, 0] [start_ability_utils.cpp419]nullptr
CST 2026-07-17 18:48:31.452   766  1196 I C01336/AMS: [a92ab1087f6de13, 7b5b5, 0] [start_ability_utils.cpp54]appIndex:-1
CST 2026-07-17 18:48:31.453   766  1196 W C01120/BMS: [a92ab1087f6de13, 7b5b5, 0] control rule invalid size 0
CST 2026-07-17 18:48:31.453   766  1196 I C01336/AMS: [a92ab1087f6de13, 7b5b5, 0] [collaborator_util.h70]collaborator is nullptr
CST 2026-07-17 18:48:31.453   766  1196 W C01123/BMSCommon: [a92ab1087f6de13, 7b5b5, 0] uid(2000) invalid
CST 2026-07-17 18:48:31.454   766  1196 W C01123/BMSCommon: [a92ab1087f6de13, 7b5b5, 0] uid(2000) invalid
CST 2026-07-17 18:48:31.454   766  1196 W C01337/EcologicalRule: [a92ab1087f6de13, 7b5b5, 0] [ERI235]failed,uid: 2000
CST 2026-07-17 18:48:31.454   766  1196 I C01337/EcologicalRule: [a92ab1087f6de13, 7b5b5, 0] [ERI286]ERMS's caller{_2000_3138}
CST 2026-07-17 18:48:31.454   766  1196 I C01336/AMS: [a92ab1087f6de13, 7b5b5, 0] [dialog_session_manager.cpp565]not create clone index
CST 2026-07-17 18:48:31.454   766  1196 W C01336/AMS: [a92ab1087f6de13, 7b5b5, 0] [ABMS9465]not allow, remove
CST 2026-07-17 18:48:31.454   766  1196 E C01300/AAFwk: [a92ab1087f6de13, 7b5b5, 0] [permission_verification.cpp120]verify fail
CST 2026-07-17 18:48:31.454   766  1196 W C01336/AMS: [a92ab1087f6de13, 7b5b5, 0] [ABMS1733]startAbilityInner, remove continueSessionId and persistentId
CST 2026-07-17 18:48:31.454   766  1196 I C01336/AMS: [a92ab1087f6de13, 7b5b5, 0] [collaborator_util.h44]collaborator is nullptr
CST 2026-07-17 18:48:31.455   766  1196 I C01336/AMS: [a92ab1087f6de13, 7b5b5, 0] [UALM733]Reused sessionId: 0, userId: 100, requestId: 1
CST 2026-07-17 18:48:31.455   766  1196 I C01336/AMS: [a92ab1087f6de13, 7b5b5, 0] [UALM1736]appCloneIndex:0, instanceKey:, hasStartWindow:0, backgroundColor:, hideStartWindow: 0
CST 2026-07-17 18:48:31.455   766  1196 E C01336/AMS: [a92ab1087f6de13, 7b5b5, 0] [UALM1141]null
CST 2026-07-17 18:48:31.455   766  1108 W C01123/BMSCommon: [a92ab1087f6de13, 1293b1c, 7b5b5] uid(5523) invalid
CST 2026-07-17 18:48:31.455   766  1196 I C01336/AMS: [a92ab1087f6de13, 7b5b5, 0] [UALM1783]scb call, NotifySCBPendingActivation for rootSceneSession, target: EntryAbility
CST 2026-07-17 18:48:31.455  1657  1813 I C02515/DISP: [ExpressFreeMem:317] freeMem bufferhandle gbuffer_id 93d0000003b, width 222, heigt 222
CST 2026-07-17 18:48:31.455  3138  3138 I C01303/AATool: [ability_command.cpp465]start ability successfully.
CST 2026-07-17 18:48:31.455  1657  2126 I C0420a/WMSLife: [a92ab1087f6de13, 2b8b7d7, 23715dc] DisallowActivationFromPendingBackground: session state:0, isFoundationCall:1, canStartAbilityFromBackground:1, foregroundInteractiveStatus:1, isPendingToBackgroundState:0, isFromAncoAndToAnco:0
CST 2026-07-17 18:48:31.455  1657  2126 I C0420a/WMSLife: [a92ab1087f6de13, 2b8b7d7, 23715dc] PendingSessionActivation set reuseDelegatorWindow 0
CST 2026-07-17 18:48:31.455  1657  2126 I C0420a/WMSLife: [a92ab1087f6de13, 2b8b7d7, 23715dc] MakeSessionInfoDuringPendingActivation: want: screenId 18446744073709551615
CST 2026-07-17 18:48:31.455  1657  2126 I C0420a/WMSLife: [a92ab1087f6de13, 2b8b7d7, 23715dc] CalculateStartWindowType: only same app in pc or pcMode.
CST 2026-07-17 18:48:31.455  1657  2126 I C0420a/WMSLife: [a92ab1087f6de13, 2b8b7d7, 23715dc] MakeSessionInfoDuringPendingActivation: bundleName:cn.alfadb.netbird.r1probe, moduleName:entry, abilityName:EntryAbility,appIndex:0, affinity:. callState:0, want persistentId:0,uiAbilityId:0, windowMode:0, callerId:2,needClearInNotShowRecent:0, appInstanceKey: ,supportedWindowModes.size:0, requestId:1,maxWindowWidth:0, minWindowWidth:0, maxWindowHeight:0, minWindowHeight:0, startWindowType:0, isPrelaunch:0, frameNum:0,isTargetPlugin:0, hostBundleName:
CST 2026-07-17 18:48:31.455  1657  2126 E C04201/DMS: [a92ab1087f6de13, 2b8b7d7, 23715dc] GetVirtualScreenFlag: screenId invalid
CST 2026-07-17 18:48:31.455  1657  2126 I C0420a/WMSLife: [a92ab1087f6de13, 2b8b7d7, 23715dc] PendingSessionActivation: id:0,bundleName:cn.alfadb.netbird.r1probe,moduleName:entry,abilityName:EntryAbility,appIndex:0,reuse:1,requestId:1,specifiedFlag:,prelaunch:0,frameNum:0
CST 2026-07-17 18:48:31.456  1657  2126 W C04200/WMS: [a92ab1087f6de13, 2b8b7d7, 23715dc] CheckIfReuseSession: checked not collaborator!
CST 2026-07-17 18:48:31.456  1657  2126 I C0420a/WMSLife: [a92ab1087f6de13, 2b8b7d7, 23715dc] GenSceneSession: SceneSession not exist, request a new one.
CST 2026-07-17 18:48:31.456  1657  2126 I C0420a/WMSLife: [a92ab1087f6de13, 2b8b7d7, 23715dc] GetSceneSessionBySessionInfo: mainWindow bundleName: cn.alfadb.netbird.r1probe, moduleName: entry, abilityName: EntryAbility, appIndex: 0, appInstanceKey:, isAtomicService:0
CST 2026-07-17 18:48:31.456  1657  2126 I C0420a/WMSLife: [a92ab1087f6de13, 2b8b7d7, 23715dc] RequestSceneSession: appName: [cn.alfadb.netbird.r1probe entry EntryAbility] appIndex 0, type 1 system 0, isPersistentRecover 0, isAbilityHook 0
CST 2026-07-17 18:48:31.456  1657  2126 I C0420a/WMSLife: [a92ab1087f6de13, 2b8b7d7, 23715dc] GeneratePersistentId: persistentId: 0, persistentId_: 30
CST 2026-07-17 18:48:31.456  1657  2126 I C0420a/WMSLife: [a92ab1087f6de13, 2b8b7d7, 23715dc] SceneSession: Create session, id: 30
CST 2026-07-17 18:48:31.456  1657  2126 I C04202/WMSMain: [a92ab1087f6de13, 2b8b7d7, 23715dc] WSFFRTHelper: FFRT user interactive qos max queue thread number: 5
CST 2026-07-17 18:48:31.456  1657  2126 I C04202/WMSMain: [a92ab1087f6de13, 2b8b7d7, 23715dc] CreateSceneSession: Create MainSession, id: 30
CST 2026-07-17 18:48:31.456  1657  2126 I C04208/WMSLayout: [a92ab1087f6de13, 2b8b7d7, 23715dc] GetAppDragResizeTypeInner: dragResizeType: 1, bundleName: cn.alfadb.netbird.r1probe
CST 2026-07-17 18:48:31.456  1657  2126 I C0421a/WMSLayoutPc: [a92ab1087f6de13, 2b8b7d7, 23715dc] SetDragKeyFramePolicy: set keyframe policy from outside: [0 1000 1000 100 100 0 0]
CST 2026-07-17 18:48:31.456  1657  2126 I C04217/WMSAttribute: [a92ab1087f6de13, 2b8b7d7, 23715dc] CreateSceneSession: winId: 30, displayId: 0
CST 2026-07-17 18:48:31.456  1657  2126 I C04204/WMSScb: [a92ab1087f6de13, 2b8b7d7, 23715dc] SetBufferAvailable: id: 30, type: 1
CST 2026-07-17 18:48:31.456  1657  2126 I C04200/WMS: [a92ab1087f6de13, 2b8b7d7, 23715dc] RemoveTask: Task is not existed, name=ClearSnapshotPersistence30
CST 2026-07-17 18:48:31.456  1657  2126 I C04204/WMSScb: [a92ab1087f6de13, 2b8b7d7, 23715dc] GetRSUIContext: : RSUIContext is null, sessionId: 30, screenId:18446744073709551615
CST 2026-07-17 18:48:31.456  1657  2126 E C04204/WMSScb: [a92ab1087f6de13, 2b8b7d7, 23715dc] SetRSUIContext: RSNode is null
CST 2026-07-17 18:48:31.456  1657  2126 I C04217/WMSAttribute: [a92ab1087f6de13, 2b8b7d7, 23715dc] InitSceneSession: synchronous screenId with displayId 18446744073709551615
CST 2026-07-17 18:48:31.456  1657  2126 I C0421b/WMSStartupPage: [a92ab1087f6de13, 2b8b7d7, 23715dc] GetEnableRemoveStartingWindowFromBMS: enable.remove.starting.window default false
CST 2026-07-17 18:48:31.456  1657  2126 I C04202/WMSMain: [a92ab1087f6de13, 2b8b7d7, 23715dc] FillSessionInfo: bundleName:cn.alfadb.netbird.r1probe removeMissionAfterTerminate:0 excludeFromMissions:0 label:$string:ability_name iconPath:$media:start_icon collaboratorType:/data/app/el1/bundle/public/cn.alfadb.netbird.r1probe.
CST 2026-07-17 18:48:31.457  1657  2126 I C04201/DMS: [a92ab1087f6de13, 2b8b7d7, 23715dc] Notify ability EntryAbility bundle cn.alfadb.netbird.r1probe update toScreen id: 18446744073709551615
CST 2026-07-17 18:48:31.457  1657  2126 I C0420a/WMSLife: [a92ab1087f6de13, 2b8b7d7, 23715dc] RequestSceneSession: id: 30, type: 1, instanceKey: , displayId: 18446744073709551615
CST 2026-07-17 18:48:31.457  1657  2126 I C0420a/WMSLife: [a92ab1087f6de13, 2b8b7d7, 23715dc] SetDefaultDisplayIdIfNeed: winId: 30, update screen id 0
CST 2026-07-17 18:48:31.457  1657  2126 I C0420a/WMSLife: [a92ab1087f6de13, 2b8b7d7, 23715dc] PendingSessionActivation: session: 30 isNeedBackToOther: 0
CST 2026-07-17 18:48:31.457  1657  2126 I C0420a/WMSLife: [a92ab1087f6de13, 2b8b7d7, 23715dc] AddRequestTaskInfo: persistentId:30, requestId:1, infoMap size:1, wantMap size:1
CST 2026-07-17 18:48:31.457  1657  2126 I C0420a/WMSLife: [a92ab1087f6de13, 2b8b7d7, 23715dc] PostLifeCycleTask: Add task PendingSessionActivation to life cycle queue, PersistentId=30
CST 2026-07-17 18:48:31.457  1657  2126 I C0420a/WMSLife: [a92ab1087f6de13, 2b8b7d7, 23715dc] SetLifeCycleTaskRunning: Execute LifeCycleTask PendingSessionActivation. PersistentId: 30
CST 2026-07-17 18:48:31.457  1657  1675 I C04216/WMSPattern: [a92ab1087f6de13, 1baf9d7, 2b8b7d7] operator(): ClearSnapshotPersistence, 30
CST 2026-07-17 18:48:31.457  1657  1657 I C0420a/WMSLife: [a92ab1087f6de13, 329eb9, 2b8b7d7] operator(): pend active success, id:30
CST 2026-07-17 18:48:31.457  1657  1657 I A04200/WINDOW: [a92ab1087f6de13, 329eb9, 2b8b7d7] SCBRootSceneSession: SCBRootSceneSession pendingSceneSessionActivation begin
CST 2026-07-17 18:48:31.457  1657  1657 E A04200/WINDOW: [a92ab1087f6de13, 329eb9, 2b8b7d7] [SCBMission]SCBSceneMissionManager: findMainSessionGlobalById error, not exist.
CST 2026-07-17 18:48:31.458  1657  1657 E A04222/WMSMission: [a92ab1087f6de13, 329eb9, 2b8b7d7] [Screen:0][Panel:1] invalid persistentId
CST 2026-07-17 18:48:31.458  1657  1657 I A04222/WMSMission: [a92ab1087f6de13, 329eb9, 2b8b7d7] [Screen:0][Panel:1] get none existing session.
CST 2026-07-17 18:48:31.458  1657  1657 E A04222/WMSMission: [a92ab1087f6de13, 329eb9, 2b8b7d7] [Screen:0][Panel:2] invalid persistentId
CST 2026-07-17 18:48:31.458  1657  1657 I A04222/WMSMission: [a92ab1087f6de13, 329eb9, 2b8b7d7] [Screen:0][Panel:2] get none existing session.
CST 2026-07-17 18:48:31.458  1657  1657 I A04223/SCBMain: [a92ab1087f6de13, 329eb9, 2b8b7d7] no exist container session match the info to be found.
CST 2026-07-17 18:48:31.458  1657  1657 I A04200/WINDOW: [a92ab1087f6de13, 329eb9, 2b8b7d7] SCBRootSceneSession: onPendingSceneSessionActivation sceneInfo.persistentId:30 callState: 0 callerPersistentId: 0 windowMode: 0 appIndex: 0 needClearInNotShowRecent: falsedeviceTypes:  resizable: 0 supportWindowMode:  isPreloadStart: undefined
CST 2026-07-17 18:48:31.458  1657  1657 I A04200/WINDOW: [a92ab1087f6de13, 329eb9, 2b8b7d7] SCBRootSceneSession: onPendingSceneSessionActivation sceneInfo.screenName:UNKNOWN
CST 2026-07-17 18:48:31.459  1657  1657 I A04200/WINDOW: [a92ab1087f6de13, 329eb9, 2b8b7d7] SCBRootSceneSession: fileManagerMode: , extraFormIdentity: 
CST 2026-07-17 18:48:31.459  1657  1657 W A04223/SCBMain: [a92ab1087f6de13, 329eb9, 2b8b7d7] startSceneFromOther:{persistentId:30, screenId: 0, bundleInfo:EntryAbility/cn.alfadb.netbird.r1probe/entry/0, unclearableSession:undefined, callerPersistentId:0, callerAbilityName: , toPersistentId:0, launchType:0, isNewInstance:false, fullScreenStart:false, _windowMode:1, isAppUseControl:undefined, isUnclearableInRecent:undefined, focusedOnShow:true, isAtomicService:falseisStartupInstallFree:false, isNewAppInstance:false, appInstanceKey:}, startMode:1, forceStart:null, forceNewWant:null
CST 2026-07-17 18:48:31.459  1657  1657 W A04200/WINDOW: [a92ab1087f6de13, 329eb9, 2b8b7d7] SCBSSM: isExclusion, app startup detect
CST 2026-07-17 18:48:31.459  1657  1657 I A01b01/HOME: [a92ab1087f6de13, 329eb9, 2b8b7d7] SampleManager: isSampleMg: false
CST 2026-07-17 18:48:31.459  1657  1657 I A04200/WINDOW: [a92ab1087f6de13, 329eb9, 2b8b7d7] SCBSSM: SCBSSM
CST 2026-07-17 18:48:31.459  1657  1657 I A04200/WINDOW: [a92ab1087f6de13, 329eb9, 2b8b7d7] SCBSSM: SCBSSM
CST 2026-07-17 18:48:31.459  1657  1657 I A04200/WINDOW: [a92ab1087f6de13, 329eb9, 2b8b7d7] SCBSSM: Start scene on screen with screenId: 0!
CST 2026-07-17 18:48:31.460  1657  1657 W A01b01/HOME: [a92ab1087f6de13, 329eb9, 2b8b7d7] SCBSPVM: [SCBMain][id:30][sceneInfo:cn.alfadb.netbird.r1probe/entry/EntryAbility/0][screenId:0]onStartSceneFromOther.
CST 2026-07-17 18:48:31.460  1657  1657 I A04200/WINDOW: [a92ab1087f6de13, 329eb9, 2b8b7d7] SCBMultiWindowUtils: interceptStartSceneFromDockForCompatibleMultiWindow skip, not start from dock to float
CST 2026-07-17 18:48:31.460  1657  1657 I A04200/WINDOW: [a92ab1087f6de13, 329eb9, 2b8b7d7] [SCBMission]SCBSceneMissionManager: Not find mainSession tuple global by persistentId
CST 2026-07-17 18:48:31.460  1657  1657 I A04222/WMSMission: [a92ab1087f6de13, 329eb9, 2b8b7d7] [Screen:0][Panel:1] get none existing session.
CST 2026-07-17 18:48:31.460  1657  1657 I A04222/WMSMission: [a92ab1087f6de13, 329eb9, 2b8b7d7] [Screen:0][Panel:1] get none existing session.
CST 2026-07-17 18:48:31.460  1657  1657 I A04222/WMSMission: [a92ab1087f6de13, 329eb9, 2b8b7d7] [Screen:0][Panel:2] get none existing session.
CST 2026-07-17 18:48:31.460  1657  1657 I A04222/WMSMission: [a92ab1087f6de13, 329eb9, 2b8b7d7] [Screen:0][Panel:2] get none existing session.
CST 2026-07-17 18:48:31.460  1657  1657 I A04223/SCBMain: [a92ab1087f6de13, 329eb9, 2b8b7d7] no exist container session match the info to be found.
CST 2026-07-17 18:48:31.460  1657  1657 I A04200/WINDOW: [a92ab1087f6de13, 329eb9, 2b8b7d7] [SCBMission]SCBTvCastMissionHandler: null session not on cast, ignore intercept
CST 2026-07-17 18:48:31.460  1657  1657 I A04222/WMSMission: [a92ab1087f6de13, 329eb9, 2b8b7d7] [Screen:0][Panel:1] get none existing session.
CST 2026-07-17 18:48:31.460  1657  1657 I A04222/WMSMission: [a92ab1087f6de13, 329eb9, 2b8b7d7] [Screen:0][Panel:1] get none existing session.
CST 2026-07-17 18:48:31.460  1657  1657 I A04222/WMSMission: [a92ab1087f6de13, 329eb9, 2b8b7d7] [Screen:0][Panel:2] get none existing session.
CST 2026-07-17 18:48:31.460  1657  1657 I A04222/WMSMission: [a92ab1087f6de13, 329eb9, 2b8b7d7] [Screen:0][Panel:2] get none existing session.
CST 2026-07-17 18:48:31.461  1657  1657 I A04223/SCBMain: [a92ab1087f6de13, 329eb9, 2b8b7d7] no exist container session match the info to be found.
CST 2026-07-17 18:48:31.461  1657  1657 E A04222/WMSMission: [a92ab1087f6de13, 329eb9, 2b8b7d7] [Screen:0][Panel:1] invalid persistentId
CST 2026-07-17 18:48:31.461  1657  1657 I A04222/WMSMission: [a92ab1087f6de13, 329eb9, 2b8b7d7] [Screen:0][Panel:1] get none existing session.
CST 2026-07-17 18:48:31.461  1657  1657 E A04222/WMSMission: [a92ab1087f6de13, 329eb9, 2b8b7d7] [Screen:0][Panel:2] invalid persistentId
CST 2026-07-17 18:48:31.461  1657  1657 I A04222/WMSMission: [a92ab1087f6de13, 329eb9, 2b8b7d7] [Screen:0][Panel:2] get none existing session.
CST 2026-07-17 18:48:31.461  1657  1657 I A04223/SCBMain: [a92ab1087f6de13, 329eb9, 2b8b7d7] no exist container session match the info to be found.
CST 2026-07-17 18:48:31.461  1657  1657 W A01b09/RECENT: [a92ab1087f6de13, 329eb9, 2b8b7d7] SCBScenePanelSession: setBgBlurEnable, isBlurEnable: true, caller function name: showWallpaperAfterRotate
CST 2026-07-17 18:48:31.462  1657  1657 W A01b01/HOME: [a92ab1087f6de13, 329eb9, 2b8b7d7] SCBSPVM: onStartSceneFromOther cardId empty isStartCard=false
CST 2026-07-17 18:48:31.462  1657  1657 I A04223/SCBMain: [a92ab1087f6de13, 329eb9, 2b8b7d7] [id:30][screenId:0]requestSceneSession, callerPersistentId:0, needLinkCaller:true
CST 2026-07-17 18:48:31.462  1657  1657 I A04223/SCBMain: [a92ab1087f6de13, 329eb9, 2b8b7d7] find sceneSession from other screen
CST 2026-07-17 18:48:31.462  1657  1657 I A04222/WMSMission: [a92ab1087f6de13, 329eb9, 2b8b7d7] [Screen:0][Panel:1] get none existing session.
CST 2026-07-17 18:48:31.462  1657  1657 I A04222/WMSMission: [a92ab1087f6de13, 329eb9, 2b8b7d7] [Screen:0][Panel:1] get none existing session.
CST 2026-07-17 18:48:31.462  1657  1657 I A04222/WMSMission: [a92ab1087f6de13, 329eb9, 2b8b7d7] [Screen:0][Panel:2] get none existing session.
CST 2026-07-17 18:48:31.462  1657  1657 I A04222/WMSMission: [a92ab1087f6de13, 329eb9, 2b8b7d7] [Screen:0][Panel:2] get none existing session.
CST 2026-07-17 18:48:31.462  1657  1657 I A04223/SCBMain: [a92ab1087f6de13, 329eb9, 2b8b7d7] no exist container session match the info to be found.
CST 2026-07-17 18:48:31.462  1657  1657 I A04200/WINDOW: [a92ab1087f6de13, 329eb9, 2b8b7d7] SCBSSM: popSceneFromOtherScreen toScreen: 0, needBackground: trueneedRefreshFocus: true, needUpdateScreenId: true,persistentId:30
CST 2026-07-17 18:48:31.462  1657  1657 E A04200/WINDOW: [a92ab1087f6de13, 329eb9, 2b8b7d7] [SCBMission]SCBSceneMissionManager: findMainSessionGlobalById error, not exist.
CST 2026-07-17 18:48:31.462  1657  1657 I A04200/WINDOW: [a92ab1087f6de13, 329eb9, 2b8b7d7] [SCBMission]SCBSceneMissionManager: popSceneFromOtherScreenByPersistentId not found target session
CST 2026-07-17 18:48:31.462  1657  1657 I A04200/WINDOW: [a92ab1087f6de13, 329eb9, 2b8b7d7] SCBSSM: isProjectionBundleName bundleName = cn.alfadb.netbird.r1probe, screenId = 0
CST 2026-07-17 18:48:31.462  1657  1657 I A04223/SCBMain: [a92ab1087f6de13, 329eb9, 2b8b7d7] requestSceneSession using exist persistentId: 30
CST 2026-07-17 18:48:31.462  1657  1657 W A04200/WINDOW: [a92ab1087f6de13, 329eb9, 2b8b7d7] SCBSPVM: getSceneSessionByPersistentId find nothing, id 30
CST 2026-07-17 18:48:31.462  1657  1657 W A04223/SCBMain: [a92ab1087f6de13, 329eb9, 2b8b7d7] [id:30][sceneInfo:cn.alfadb.netbird.r1probe/entry/EntryAbility/0][screenId:0]request New SceneSession.
CST 2026-07-17 18:48:31.462  1657  1657 W A04200/WINDOW: [a92ab1087f6de13, 329eb9, 2b8b7d7] [SCBMission]SCBSceneMissionManager: getTargetAppCountOldestSceneSession:session is new.
CST 2026-07-17 18:48:31.463  1657  1657 I A04223/SCBMain: [a92ab1087f6de13, 329eb9, 2b8b7d7] set isAbilityHook false
CST 2026-07-17 18:48:31.463  1657  1657 I A04200/WINDOW: [a92ab1087f6de13, 329eb9, 2b8b7d7] SCBSSM: isAncoApplication bundleName: cn.alfadb.netbird.r1probe, isAnco: false
CST 2026-07-17 18:48:31.463  1657  1657 I A01b00/SCB: [a92ab1087f6de13, 329eb9, 2b8b7d7] SCBCategoryResourceManager: getPageConfig cn.alfadb.netbird.r1probe config len:0
CST 2026-07-17 18:48:31.463  1657  1657 I A01b00/SCB: [a92ab1087f6de13, 329eb9, 2b8b7d7] SCBLogicalDeviceResourceManager: [getLogicalDeviceConfigByBundleName] bundleName:cn.alfadb.netbird.r1probe, config:{}
CST 2026-07-17 18:48:31.463  1657  1657 I A01b00/SCB: [a92ab1087f6de13, 329eb9, 2b8b7d7] SCBCategoryResourceManager: [getArkUIAndWebConfig] app:cn.alfadb.netbird.r1probe, config length:66
CST 2026-07-17 18:48:31.463  1657  1657 I A01b00/SCB: [a92ab1087f6de13, 329eb9, 2b8b7d7] SCBCategoryResourceManager: [getAppCombinedCompatibleConfig] app:cn.alfadb.netbird.r1probe, logicalDeviceConfig lenth: 2, arkUIAndWebConfig length:66
CST 2026-07-17 18:48:31.463  1657  1657 I A01b00/SCB: [a92ab1087f6de13, 329eb9, 2b8b7d7] SCBCategoryResourceManager: [getAppCombinedCompatibleConfig] app:cn.alfadb.netbird.r1probe, combinedCompatibleConfig length:83
CST 2026-07-17 18:48:31.463  1657  1657 I C04202/WMSMain: [a92ab1087f6de13, 329eb9, 2b8b7d7] OnRequestSceneSession: [cn.alfadb.netbird.r1probe, entry, EntryAbility], sceneType: 1, errCode=0
CST 2026-07-17 18:48:31.463  1657  2126 I C0420a/WMSLife: [a92ab1087f6de13, 14c1bf4, 329eb9] GetSceneSessionBySessionInfo: get exist session persistentId: 30
CST 2026-07-17 18:48:31.463  1657  2126 I C04201/DMS: [a92ab1087f6de13, 14c1bf4, 329eb9] Notify ability EntryAbility bundle cn.alfadb.netbird.r1probe update toScreen id: 0
CST 2026-07-17 18:48:31.463  1657  2126 E C0420a/WMSLife: [a92ab1087f6de13, 14c1bf4, 329eb9] UpdateAbilityHookState: sceneSession is null or isAbilityHook is false
CST 2026-07-17 18:48:31.463  1657  1657 I C0420a/WMSLife: [a92ab1087f6de13, 329eb9, 2b8b7d7] JsSceneSession: created, id:30
CST 2026-07-17 18:48:31.463  1657  1657 I C04206/WMSSystem: [a92ab1087f6de13, 329eb9, 2b8b7d7] CreateFbTemplateInfo: template 0
CST 2026-07-17 18:48:31.464  1657  1657 I A04223/SCBMain: [a92ab1087f6de13, 329eb9, 2b8b7d7] [id:30][sceneInfo:cn.alfadb.netbird.r1probe/entry/EntryAbility/0][screenId:0]requestSceneSession suceess, udpate persistentId from 30 to 30, udpate appInstanceKey from  to 
CST 2026-07-17 18:48:31.464  1657  1657 I A04223/SCBMain: [a92ab1087f6de13, 329eb9, 2b8b7d7] getSingleHandCompatibleModeConfig
CST 2026-07-17 18:48:31.464  1657  1657 I A04200/WINDOW: [a92ab1087f6de13, 329eb9, 2b8b7d7] SCBSSM: isAncoApplication bundleName: cn.alfadb.netbird.r1probe, isAnco: false
CST 2026-07-17 18:48:31.466  1657  1657 I A04200/WINDOW: [a92ab1087f6de13, 329eb9, 2b8b7d7] ContainerSessionInitBasicStrategy: Initialize the basic data state and mission management data status of the sceneSession.
CST 2026-07-17 18:48:31.466  1657  1657 I A04200/WINDOW: [a92ab1087f6de13, 329eb9, 2b8b7d7] SCBSceneSession: SCBSceneSession registerData category:0.
CST 2026-07-17 18:48:31.466  1657  1657 I A04200/WINDOW: [a92ab1087f6de13, 329eb9, 2b8b7d7] SCBSceneSession: SCBSceneSession registerData category:1.
CST 2026-07-17 18:48:31.466  1657  1657 I A04200/WINDOW: [a92ab1087f6de13, 329eb9, 2b8b7d7] SCBSceneSession: SCBSceneSession registerState category:0.
CST 2026-07-17 18:48:31.466  1657  1657 I A04200/WINDOW: [a92ab1087f6de13, 329eb9, 2b8b7d7] SCBSSM: isAncoApplication bundleName: cn.alfadb.netbird.r1probe, isAnco: false
CST 2026-07-17 18:48:31.466  1657  1657 I C0421c/WMSCompat: [a92ab1087f6de13, 329eb9, 2b8b7d7] SetIsPcAppInPad: enable: 0
CST 2026-07-17 18:48:31.466  1657  1657 I A01b00/SCB: [a92ab1087f6de13, 329eb9, 2b8b7d7] SCBCategoryResourceManager: isSpecificSystemBarInvisible bundleName: cn.alfadb.netbird.r1probe isSpecificSystemBarInvisible: false
CST 2026-07-17 18:48:31.466  1657  1657 I A01b00/SCB: [a92ab1087f6de13, 329eb9, 2b8b7d7] SCBCategoryResourceManager: isOrientationLandscape bundleName: cn.alfadb.netbird.r1probe isOrientationLandscape: false
CST 2026-07-17 18:48:31.466  1657  1657 E A01b00/SCB: [a92ab1087f6de13, 329eb9, 2b8b7d7] SCBCategoryResourceManager: isLayoutFullScreen is not pcMode
CST 2026-07-17 18:48:31.466  1657  2126 I C04200/WMS: [a92ab1087f6de13, 10d1b, 329eb9] SetDefaultRequestedOrientation id: 30 defaultRequestedOrientation: 0
CST 2026-07-17 18:48:31.466  1657  1657 I A04200/WINDOW: [a92ab1087f6de13, 329eb9, 2b8b7d7] SCBSceneSession: requestOrientation: 0 queryKey: cn.alfadb.netbird.r1probeentryEntryAbility
CST 2026-07-17 18:48:31.467  1657  1657 I A04200/WINDOW: [a92ab1087f6de13, 329eb9, 2b8b7d7] SCBSceneSession: getSupportWindowModes: bundleName: cn.alfadb.netbird.r1probe supportWindowModes [0,1,2]queryKey:cn.alfadb.netbird.r1probeentryEntryAbility
CST 2026-07-17 18:48:31.467  1657  1657 I C04203/WMSSub: [a92ab1087f6de13, 329eb9, 2b8b7d7] RegisterCreateSubSessionListener: id: 30
CST 2026-07-17 18:48:31.467  1657  1657 I C0420a/WMSLife: [a92ab1087f6de13, 329eb9, 2b8b7d7] ProcessClearSubSessionRegister: success
CST 2026-07-17 18:48:31.467  1657  2126 I C0421e/WMSAnimation: [a92ab1087f6de13, 2bf2ed0, 329eb9] SetTransitionAnimationCallback id: 30
CST 2026-07-17 18:48:31.467  1657  1657 I C04217/WMSAttribute: [a92ab1087f6de13, 329eb9, 2b8b7d7] ProcessDefaultDensityEnabledRegister: success
CST 2026-07-17 18:48:31.467  1657  1657 I C04207/WMSFocus: [a92ab1087f6de13, 329eb9, 2b8b7d7] NotifySessionFocusableChange: id: 30, focusable: 1
CST 2026-07-17 18:48:31.468  1657  2126 I C04215/WMSHierarchy: [a92ab1087f6de13, 11624ab, 329eb9] OnSessionTopmostChange: State: 0
CST 2026-07-17 18:48:31.468  1657  1657 I C04200/WMS: [a92ab1087f6de13, 329eb9, 2b8b7d7] OnSessionTouchableChange: 1
CST 2026-07-17 18:48:31.468  1657  2126 I C04205/WMSDialog: [a92ab1087f6de13, 1ad480a, 329eb9] SetClickModalWindowOutsideListener id: 30
CST 2026-07-17 18:48:31.468  1657  2126 I C04200/WMS: [a92ab1087f6de13, 3311110, 329eb9] OnShowWhenLocked: 0
CST 2026-07-17 18:48:31.468  1657  1657 I C04205/WMSDialog: [a92ab1087f6de13, 329eb9, 2b8b7d7] RegisterBindDialogTargetListener: Id: 30
CST 2026-07-17 18:48:31.468  1657  1657 I C0420e/WMSPiP: [a92ab1087f6de13, 329eb9, 2b8b7d7] ProcessUpdatePiPTemplateInfoRegister: success
CST 2026-07-17 18:48:31.469  1657  1657 I C04219/WMSDecor: [a92ab1087f6de13, 329eb9, 2b8b7d7] ProcessWindowMovingRegister: success
CST 2026-07-17 18:48:31.469  1657  2126 I C04202/WMSMain: [a92ab1087f6de13, 88e239, 329eb9] SetWindowMovingCallback id: 30
CST 2026-07-17 18:48:31.469  1657  1657 I C04202/WMSMain: [a92ab1087f6de13, 329eb9, 2b8b7d7] ProcessSessionLockStateChangeRegister: success
CST 2026-07-17 18:48:31.469  1657  1657 I C0420a/WMSLife: [a92ab1087f6de13, 329eb9, 2b8b7d7] RegisterUpdateAppUseControlCallback: success
CST 2026-07-17 18:48:31.469  1657  2126 I C0420a/WMSLife: [a92ab1087f6de13, 1425333, 329eb9] UpdatePrivacyModeControlInfo: no need to update privacy mode control info
CST 2026-07-17 18:48:31.469  1657  1657 I A04223/SCBMain: [a92ab1087f6de13, 329eb9, 2b8b7d7] cacheNewSceneSession of id: 30, exist: false.
CST 2026-07-17 18:48:31.469  1657  1657 I A04200/WINDOW: [a92ab1087f6de13, 329eb9, 2b8b7d7] SCBSceneSession: create SCBSceneSessoin success, id:30.
CST 2026-07-17 18:48:31.469  1657  1813 I C03900/HDS: [hds_drawable_descriptor.cpp-ProcessIcon:101]set pixelmap editable : 0 .
CST 2026-07-17 18:48:31.469  1657  3063 I C04216/WMSPattern: [a92ab1087f6de13, 3586a77, 329eb9] GetCallerSessionColorMode: bundle cn.alfadb.netbird.r1probe, caller 
CST 2026-07-17 18:48:31.469  1657  3063 I C04216/WMSPattern: [a92ab1087f6de13, 3586a77, 329eb9] GetIsDarkFromConfiguration: colorMode: light
CST 2026-07-17 18:48:31.469  1657  3063 I C04216/WMSPattern: [a92ab1087f6de13, 3586a77, 329eb9] GetIsDarkFromConfiguration: colorMode: light
CST 2026-07-17 18:48:31.469  1657  3063 I C04216/WMSPattern: [a92ab1087f6de13, 3586a77, 329eb9] GetStartWindowColorFollowApp: follow sys: cn.alfadb.netbird.r1probe
CST 2026-07-17 18:48:31.469  1657  1813 E C02b61/PixelMap: set ashmem name failed
CST 2026-07-17 18:48:31.470  1657  1813 W A01b00/SCB: GraphicUtils --> combinePic from HdsIcon, bundleName: com.huawei.hms.floatingnavigation, iconSizeOfGrid: 64, hasBorder: true
CST 2026-07-17 18:48:31.470  1657  1813 I A01b00/SCB: IconResourceFwk --> getBundleIcon end param: com.huawei.hms.floatingnavigation, 64, true true
CST 2026-07-17 18:48:31.470  1657  3063 W C04216/WMSPattern: [a92ab1087f6de13, 3586a77, 329eb9] GetStartingWindowInfoFromRdb: fff2f6f8, resource:///16777222.svg, 0, , 1
CST 2026-07-17 18:48:31.470  1657  3063 I C04216/WMSPattern: [a92ab1087f6de13, 3586a77, 329eb9] GetStartupPage: update1,0
CST 2026-07-17 18:48:31.471  1657  3063 I C04216/WMSPattern: [a92ab1087f6de13, 3586a77, 329eb9] SetPreloadStartingWindow: svgBufferInfo 30
CST 2026-07-17 18:48:31.471  1657  3063 I C04216/WMSPattern: [a92ab1087f6de13, 3586a77, 329eb9] PreLoadStartingWindow session 30, isSvg 1
CST 2026-07-17 18:48:31.474  1657  1657 W A04200/WINDOW: [a92ab1087f6de13, 329eb9, 2b8b7d7] SCBSPVM: Failed to get scene containerSession with session id: 30
CST 2026-07-17 18:48:31.474  1657  1657 I A01b01/HOME: [a92ab1087f6de13, 329eb9, 2b8b7d7] SCBSPVM: postStartSceneFromOtherEvent: cn.alfadb.netbird.r1probe + EntryAbility
CST 2026-07-17 18:48:31.474  1657  1657 I A01a01/NC: [a92ab1087f6de13, 329eb9, 2b8b7d7] DropdownPanelView: OnStartSceneFromOtherEvent. for cn.alfadb.netbird.r1probe isStartingByNtfItemClick
CST 2026-07-17 18:48:31.474  1657  1657 I A01a00/SYS_UI: [a92ab1087f6de13, 329eb9, 2b8b7d7] ViewManagerAdapter: isViewShowing viewType 20
CST 2026-07-17 18:48:31.474  1657  1657 W A04200/WINDOW: [a92ab1087f6de13, 329eb9, 2b8b7d7] SCBSplitViewAnimationManager: BackAndOneSplitAnimationBreak containerSession is not availiable
CST 2026-07-17 18:48:31.474  1657  1657 I A04200/WINDOW: [a92ab1087f6de13, 329eb9, 2b8b7d7] SCBSPVM: GuidanceLog set unNeedKnowMore
CST 2026-07-17 18:48:31.474  1657  3066 I C01653/NativePreferences: [a92ab1087f6de13, 3ac2fac, 329eb9] XmlReadFile: file:/***/el1/***/MULT***INFO, m:0.
CST 2026-07-17 18:48:31.475  1657  1657 I A04200/WINDOW: [a92ab1087f6de13, 329eb9, 2b8b7d7] SCBMultiWindowUtils: [SCBMultiWindowGuideUtils.initParam]: Case = FLOATING_TO_SPLITING. TimeStamp = -1, AppearTimes = 0
CST 2026-07-17 18:48:31.475  1657  1657 I A04200/WINDOW: [a92ab1087f6de13, 329eb9, 2b8b7d7] SCBMultiWindowUtils: [SCBMultiWindowGuideUtils.initParam]: Case = SPLITING_GUIDE. TimeStamp = -1, AppearTimes = 0
CST 2026-07-17 18:48:31.475  1657  1657 I A04200/WINDOW: [a92ab1087f6de13, 329eb9, 2b8b7d7] SCBMultiWindowUtils: [SCBMultiWindowGuideUtils.initParam]: Case = SPLITING_TO_MID. TimeStamp = -1, AppearTimes = 0
CST 2026-07-17 18:48:31.475  1657  1657 I A04200/WINDOW: [a92ab1087f6de13, 329eb9, 2b8b7d7] SCBMultiWindowUtils: [SCBMultiWindowGuideUtils.initParam]: Case = FLOATING_TIPS. TimeStamp = -1, AppearTimes = 0
CST 2026-07-17 18:48:31.475  1657  1657 I A04200/WINDOW: [a92ab1087f6de13, 329eb9, 2b8b7d7] SCBMultiWindowUtils: [SCBMultiWindowGuideUtils.initParam]: Case = SPLITING_TIPS. TimeStamp = -1, AppearTimes = 0
CST 2026-07-17 18:48:31.475  1657  1657 I A04200/WINDOW: [a92ab1087f6de13, 329eb9, 2b8b7d7] SCBMultiWindowUtils: [SCBMultiWindowGuideUtils.initParam]: Case = MID_SCENE_GUIDE. TimeStamp = -1, AppearTimes = 0
CST 2026-07-17 18:48:31.475  1657  1797 I C02b61/ImageCode: DoEncode:(224, 224) cost 4819 us
CST 2026-07-17 18:48:31.475  1657  1657 I A04200/WINDOW: [a92ab1087f6de13, 329eb9, 2b8b7d7] SCBMultiWindowUtils: [SCBMultiWindowGuideUtils.initParam]: Case = TIPS_MID_SCENE. TimeStamp = -1, AppearTimes = 0
CST 2026-07-17 18:48:31.475  1657  1657 I A04200/WINDOW: [a92ab1087f6de13, 329eb9, 2b8b7d7] SCBMultiWindowUtils: [SCBMultiWindowGuideUtils.initParam]: Case = WAITING_MID_SCENE. TimeStamp = -1, AppearTimes = 0
CST 2026-07-17 18:48:31.475  1657  1657 I A04200/WINDOW: [a92ab1087f6de13, 329eb9, 2b8b7d7] SCBMultiWindowUtils: CUBE GuidanceLog isNeedKnowMore false
CST 2026-07-17 18:48:31.475  1657  1657 I A04200/WINDOW: [a92ab1087f6de13, 329eb9, 2b8b7d7] SCBSplitManager: interruptStartSceneForSplit scenePanelState is 0 not SPLIT
CST 2026-07-17 18:48:31.475  1657  1657 W A04200/WINDOW: [a92ab1087f6de13, 329eb9, 2b8b7d7] SCBSPVM: Failed to get scene containerSession with session id: 30
CST 2026-07-17 18:48:31.475  1657  1657 W A04200/WINDOW: [a92ab1087f6de13, 329eb9, 2b8b7d7] SCBSPVM: Failed to getSessionFromFloatingScene with session id: 30
CST 2026-07-17 18:48:31.476  1657  1657 I A04200/WINDOW: [a92ab1087f6de13, 329eb9, 2b8b7d7] SCBSPVM: Get containerSession with id:30 from special scene list
CST 2026-07-17 18:48:31.476  1657  1657 I A01b01/HOME: [a92ab1087f6de13, 329eb9, 2b8b7d7] SCBTM: findTransitionController. bundleName: cn.alfadb.netbird.r1probe, overlayBundleName: undefined
CST 2026-07-17 18:48:31.476  1657  1657 W A01b01/HOME: [a92ab1087f6de13, 329eb9, 2b8b7d7] PageDesktopModel: findTransitionController shortcutId empty bundleName:cn.alfadb.netbird.r1probe
CST 2026-07-17 18:48:31.476  1657  1657 W A01b01/HOME: [a92ab1087f6de13, 329eb9, 2b8b7d7] PageDesktopModel: findTransitionController bundleName: cn.alfadb.netbird.r1probe, abilityName: EntryAbility, startType: 0, formCardId: undefined, cardId: undefined, extraId: undefined, appIndex: 0, shortcutId: undefined, appInstanceKey: %{public}s
CST 2026-07-17 18:48:31.476  1657  1657 W A01b01/HOME: [a92ab1087f6de13, 329eb9, 2b8b7d7] SCBTM: Find controller success ? true, findData: {"bundleName":"cn.alfadb.netbird.r1probe","abilityName":"EntryAbility","appIndex":0,"appIconId":"","iconRadius":0,"appIconNumber":0,"startAppType":0,"isOpenFolder":false}
CST 2026-07-17 18:48:31.476  1657  1657 I A04200/WINDOW: [a92ab1087f6de13, 329eb9, 2b8b7d7] SCBFloatManager: isAtomicServiceFloatScene: notSupportAtomicServiceFloatScene
CST 2026-07-17 18:48:31.476  1657  1657 I A01b00/SCB: [a92ab1087f6de13, 329eb9, 2b8b7d7] LuoShuStateManager --> getLuoShuStateInfo: report {"luoShuState":0,"scenePanelState":0,"eventType":-1,"screenInfo":{"isLandscape":false,"foldState":1},"screenId":0,"holdingHandStatus":1}
CST 2026-07-17 18:48:31.476  1657  1657 E C03f05/NAPI: [a92ab1087f6de13, 329eb9, 2b8b7d7] DfxCollectStackWithDepth is not loaded in taskpool/worker.
CST 2026-07-17 18:48:31.477  1657  1657 I C03f05/NAPI: [a92ab1087f6de13, 329eb9, 2b8b7d7] taskpool:: taskId 2185898063 in seqRunner 139902483232128 immediately.
CST 2026-07-17 18:48:31.477  1657  1812 I C03f05/NAPI: taskpool:: Task Perform: j71, 2185898063, runningLoop: 139902209614528
CST 2026-07-17 18:48:31.477  1657  1657 W A01b01/HOME: [a92ab1087f6de13, 329eb9, 2b8b7d7] SCBSPVM: [SCBMain]onStartSceneFromOther isNewWant false. StartApp:cn.alfadb.netbird.r1probe
CST 2026-07-17 18:48:31.477  1657  1799 I C01631/GaussPD:  [0] [ADAPTER] [139901066529536] Not support binlog_default.writeLock file enable del monitor sysno = 25
CST 2026-07-17 18:48:31.477  1657  1799 I C01631/GaussPD:  [0] [ADAPTER] [139901066529536] Not support binlog_default.writeLock file enable del monitor sysno = 25
CST 2026-07-17 18:48:31.477  1657  1799 I C01631/GaussPD:  [0] [ADAPTER] [139901066529536] Not support binlog_default.writeLock file enable del monitor sysno = 25
CST 2026-07-17 18:48:31.477  1657  1799 I C01631/GaussPD:  [0] [ADAPTER] [139901066529536] Not support binlog_default.writeLock file enable del monitor sysno = 25
CST 2026-07-17 18:48:31.477  1657  1799 I C01631/GaussPD:  [0] [ADAPTER] [139901066529536] Not support binlog_default.writeIndex file enable del monitor sysno = 25
CST 2026-07-17 18:48:31.478  1657  1799 I C01631/GaussPD:  [0] [ADAPTER] [139901066529536] Not support binlog_default.writeIndex file enable del monitor sysno = 25
CST 2026-07-17 18:48:31.478  1657  1813 I A01a01/NC: NotificationConfigManager: update icon result: com.huawei.hms.floatingnavigation, 47374
CST 2026-07-17 18:48:31.478  1657  1813 I A01b00/SCB: IconResourceFwk --> getBundleIcon start param: com.huawei.hmos.fontinstaller, 64, true true
CST 2026-07-17 18:48:31.478  1657  1813 W A01b00/SCB: IconResourceUtils --> getIconResource from bms getBundleResourceInfo for com.huawei.hmos.fontinstaller 0
CST 2026-07-17 18:48:31.479  1657  1657 I A04200/WINDOW: [a92ab1087f6de13, 329eb9, 2b8b7d7] ContainerSessionInitBasicStrategy: Initialize the basic data state and mission management data status of the containerSession.
CST 2026-07-17 18:48:31.479  1657  1657 I A0420a/WMSLife: [a92ab1087f6de13, 329eb9, 2b8b7d7] registerData category:0.
CST 2026-07-17 18:48:31.479   766  1196 I C01120/BMS: icon rdb get resource icon start -n com.huawei.hmos.fontinstaller -i 0 -f 16
CST 2026-07-17 18:48:31.479  1657  1657 I A0420a/WMSLife: [a92ab1087f6de13, 329eb9, 2b8b7d7] registerData category:1.
CST 2026-07-17 18:48:31.479  1657  1657 I A0420a/WMSLife: [a92ab1087f6de13, 329eb9, 2b8b7d7] registerState category:1.
CST 2026-07-17 18:48:31.479   766  1196 E C01650/StepResultSet: GoToRow:position[0] rowCount[0] rowPos_[-1]!
CST 2026-07-17 18:48:31.479  1657  1657 I A0420a/WMSLife: [a92ab1087f6de13, 329eb9, 2b8b7d7] registerState category:0.
CST 2026-07-17 18:48:31.480  1657  1657 I A01b01/HOME: [a92ab1087f6de13, 329eb9, 2b8b7d7] SCBSCS: set NeedRenderClip clipWidth from 0 to 1320
CST 2026-07-17 18:48:31.480  1657  1657 I A01b01/HOME: [a92ab1087f6de13, 329eb9, 2b8b7d7] SCBSCS: set NeedRenderClip clipHeight from 0 to 2856
CST 2026-07-17 18:48:31.480  1657  1657 I A04200/WINDOW: [a92ab1087f6de13, 329eb9, 2b8b7d7] SCBSSM: isAncoApplication bundleName: cn.alfadb.netbird.r1probe, isAnco: false
CST 2026-07-17 18:48:31.480  1657  1657 I A04200/WMS: [a92ab1087f6de13, 329eb9, 2b8b7d7] create container success: isAnco:false, EntryAbility/cn.alfadb.netbird.r1probe/entry/0(persistentId: 30)(containerId: 1)
CST 2026-07-17 18:48:31.480  1657  1657 I A04200/WINDOW: [a92ab1087f6de13, 329eb9, 2b8b7d7] SCBSPM: Add scene container session, id: 1
CST 2026-07-17 18:48:31.480  1657  1657 I A01b01/HOME: [a92ab1087f6de13, 329eb9, 2b8b7d7] SCBSPVM: [SCBMain]onStartSceneFromOther add new session: 1
CST 2026-07-17 18:48:31.480  1657  1657 I A01b00/SCB: [a92ab1087f6de13, 329eb9, 2b8b7d7] LuoShuStateManager --> getLuoShuStateInfo: SCBSPVM {"luoShuState":0,"scenePanelState":0,"eventType":-1,"screenInfo":{"isLandscape":false,"foldState":1},"screenId":0,"holdingHandStatus":1}
CST 2026-07-17 18:48:31.480  1657  1657 I A04223/SCBMain: [a92ab1087f6de13, 329eb9, 2b8b7d7] [id:30][screenId:0]requestSceneSession, callerPersistentId:0, needLinkCaller:true
CST 2026-07-17 18:48:31.481  1657  1657 I A04223/SCBMain: [a92ab1087f6de13, 329eb9, 2b8b7d7] find sceneSession from other screen
CST 2026-07-17 18:48:31.481  1657  1657 I A04222/WMSMission: [a92ab1087f6de13, 329eb9, 2b8b7d7] [Screen:0][Panel:1] get existing session from usage-total list.
CST 2026-07-17 18:48:31.481  1657  1657 I A04200/WINDOW: [a92ab1087f6de13, 329eb9, 2b8b7d7] SCBSSM: popSceneFromOtherScreen toScreen: 0, needBackground: trueneedRefreshFocus: true, needUpdateScreenId: true,persistentId:30
CST 2026-07-17 18:48:31.481  1657  1657 I A04200/WINDOW: [a92ab1087f6de13, 329eb9, 2b8b7d7] [SCBMission]SCBSceneMissionManager: popSceneFromOtherScreenByPersistentId sceneSession on targetScreen, ignored
CST 2026-07-17 18:48:31.481  1657  1657 I A04200/WINDOW: [a92ab1087f6de13, 329eb9, 2b8b7d7] SCBSSM: isProjectionBundleName bundleName = cn.alfadb.netbird.r1probe, screenId = 0
CST 2026-07-17 18:48:31.481  1657  1657 I A04223/SCBMain: [a92ab1087f6de13, 329eb9, 2b8b7d7] requestSceneSession using exist persistentId: 30
CST 2026-07-17 18:48:31.481  1657  1657 I A04223/SCBMain: [a92ab1087f6de13, 329eb9, 2b8b7d7] getSceneSessionByPersistentId from containerSessionList id: 30
CST 2026-07-17 18:48:31.481  1657  1657 I A04200/WINDOW: [a92ab1087f6de13, 329eb9, 2b8b7d7] SCBSPVM: getSceneContainerSessionWithPersistentId from containerSessionList id: 30
CST 2026-07-17 18:48:31.481  1657  1657 I A04223/SCBMain: [a92ab1087f6de13, 329eb9, 2b8b7d7] [id:30][screenId:0]requestSceneSession, callerPersistentId:0, needLinkCaller:true
CST 2026-07-17 18:48:31.481  1657  1657 I A04223/SCBMain: [a92ab1087f6de13, 329eb9, 2b8b7d7] find sceneSession from other screen
CST 2026-07-17 18:48:31.481  1657  1657 I A04222/WMSMission: [a92ab1087f6de13, 329eb9, 2b8b7d7] [Screen:0][Panel:1] get existing session from usage-total list.
CST 2026-07-17 18:48:31.481  1657  1657 I A04200/WINDOW: [a92ab1087f6de13, 329eb9, 2b8b7d7] SCBSSM: popSceneFromOtherScreen toScreen: 0, needBackground: trueneedRefreshFocus: true, needUpdateScreenId: true,persistentId:30
CST 2026-07-17 18:48:31.481  1657  1657 I A04200/WINDOW: [a92ab1087f6de13, 329eb9, 2b8b7d7] [SCBMission]SCBSceneMissionManager: popSceneFromOtherScreenByPersistentId sceneSession on targetScreen, ignored
CST 2026-07-17 18:48:31.481  1657  1657 I A04200/WINDOW: [a92ab1087f6de13, 329eb9, 2b8b7d7] SCBSSM: isProjectionBundleName bundleName = cn.alfadb.netbird.r1probe, screenId = 0
CST 2026-07-17 18:48:31.481  1657  1657 I A04223/SCBMain: [a92ab1087f6de13, 329eb9, 2b8b7d7] requestSceneSession using exist persistentId: 30
CST 2026-07-17 18:48:31.481  1657  1657 I A04223/SCBMain: [a92ab1087f6de13, 329eb9, 2b8b7d7] getSceneSessionByPersistentId from containerSessionList id: 30
CST 2026-07-17 18:48:31.481  1657  1657 I A04200/WINDOW: [a92ab1087f6de13, 329eb9, 2b8b7d7] SCBSPVM: getSceneContainerSessionWithPersistentId from containerSessionList id: 30
CST 2026-07-17 18:48:31.481  1657  1657 I A01b01/HOME: [a92ab1087f6de13, 329eb9, 2b8b7d7] SCBTM: findTransitionController. bundleName: cn.alfadb.netbird.r1probe, overlayBundleName: undefined
CST 2026-07-17 18:48:31.482  1657  1657 W A01b01/HOME: [a92ab1087f6de13, 329eb9, 2b8b7d7] PageDesktopModel: findTransitionController shortcutId empty bundleName:cn.alfadb.netbird.r1probe
CST 2026-07-17 18:48:31.482  1657  1657 W A01b01/HOME: [a92ab1087f6de13, 329eb9, 2b8b7d7] PageDesktopModel: findTransitionController bundleName: cn.alfadb.netbird.r1probe, abilityName: EntryAbility, startType: 0, formCardId: undefined, cardId: undefined, extraId: undefined, appIndex: 0, shortcutId: undefined, appInstanceKey: %{public}s
CST 2026-07-17 18:48:31.482  1657  1657 W A01b01/HOME: [a92ab1087f6de13, 329eb9, 2b8b7d7] SCBTM: Find controller success ? true, findData: {"bundleName":"cn.alfadb.netbird.r1probe","abilityName":"EntryAbility","appIndex":0,"appIconId":"","iconRadius":0,"appIconNumber":0,"startAppType":0,"isOpenFolder":false}
CST 2026-07-17 18:48:31.482  1657  1657 E A01b01/HOME: [a92ab1087f6de13, 329eb9, 2b8b7d7] SCBSPVM: overlayCardInfo is invalid
CST 2026-07-17 18:48:31.482  1657  1657 W A01b01/HOME: [a92ab1087f6de13, 329eb9, 2b8b7d7] SCBSPVM: onStartSceneFromOther cardId empty isStartCard=false
CST 2026-07-17 18:48:31.482  1657  1657 I A01b01/HOME: [a92ab1087f6de13, 329eb9, 2b8b7d7] SCBTM: findTransitionController. bundleName: cn.alfadb.netbird.r1probe, overlayBundleName: undefined
CST 2026-07-17 18:48:31.482  1657  1657 W A01b01/HOME: [a92ab1087f6de13, 329eb9, 2b8b7d7] PageDesktopModel: findTransitionController shortcutId empty bundleName:cn.alfadb.netbird.r1probe
CST 2026-07-17 18:48:31.482  1657  1657 W A01b01/HOME: [a92ab1087f6de13, 329eb9, 2b8b7d7] PageDesktopModel: findTransitionController bundleName: cn.alfadb.netbird.r1probe, abilityName: EntryAbility, startType: 0, formCardId: undefined, cardId: undefined, extraId: undefined, appIndex: 0, shortcutId: undefined, appInstanceKey: %{public}s
CST 2026-07-17 18:48:31.482  1657  1657 W A01b01/HOME: [a92ab1087f6de13, 329eb9, 2b8b7d7] SCBTM: Find controller success ? true, findData: {"bundleName":"cn.alfadb.netbird.r1probe","abilityName":"EntryAbility","appIndex":0,"appIconId":"","iconRadius":0,"appIconNumber":0,"startAppType":0,"isOpenFolder":false}
CST 2026-07-17 18:48:31.482  1657  1657 W A01b01/HOME: [a92ab1087f6de13, 329eb9, 2b8b7d7] SCBSPVM: onStartSceneFromOther cardId empty isStartCard=false
CST 2026-07-17 18:48:31.482  1657  1657 I A04223/SCBMain: [a92ab1087f6de13, 329eb9, 2b8b7d7] [id:30][screenId:0]requestSceneSession, callerPersistentId:0, needLinkCaller:true
CST 2026-07-17 18:48:31.482  1657  1657 I A04223/SCBMain: [a92ab1087f6de13, 329eb9, 2b8b7d7] find sceneSession from other screen
CST 2026-07-17 18:48:31.482  1657  1657 I A04222/WMSMission: [a92ab1087f6de13, 329eb9, 2b8b7d7] [Screen:0][Panel:1] get existing session from usage-total list.
CST 2026-07-17 18:48:31.482  1657  1657 I A04200/WINDOW: [a92ab1087f6de13, 329eb9, 2b8b7d7] SCBSSM: popSceneFromOtherScreen toScreen: 0, needBackground: trueneedRefreshFocus: true, needUpdateScreenId: true,persistentId:30
CST 2026-07-17 18:48:31.482  1657  1657 I A04200/WINDOW: [a92ab1087f6de13, 329eb9, 2b8b7d7] [SCBMission]SCBSceneMissionManager: popSceneFromOtherScreenByPersistentId sceneSession on targetScreen, ignored
CST 2026-07-17 18:48:31.482  1657  1657 I A04200/WINDOW: [a92ab1087f6de13, 329eb9, 2b8b7d7] SCBSSM: isProjectionBundleName bundleName = cn.alfadb.netbird.r1probe, screenId = 0
CST 2026-07-17 18:48:31.482  1657  1657 I A04223/SCBMain: [a92ab1087f6de13, 329eb9, 2b8b7d7] requestSceneSession using exist persistentId: 30
CST 2026-07-17 18:48:31.482  1657  1657 I A04223/SCBMain: [a92ab1087f6de13, 329eb9, 2b8b7d7] getSceneSessionByPersistentId from containerSessionList id: 30
CST 2026-07-17 18:48:31.483  1657  1657 I A04200/WINDOW: [a92ab1087f6de13, 329eb9, 2b8b7d7] SCBSPVM: getSceneContainerSessionWithPersistentId from containerSessionList id: 30
CST 2026-07-17 18:48:31.483  1657  1657 W A01b01/HOME: [a92ab1087f6de13, 329eb9, 2b8b7d7] SCBSPVM: isSceneContainerStartOther: true
CST 2026-07-17 18:48:31.483  1657  1657 I A01b00/SCB: [a92ab1087f6de13, 329eb9, 2b8b7d7] LuoShuStateManager --> getLuoShuStateInfo: SCBWindowRotateController {"luoShuState":0,"scenePanelState":0,"eventType":-1,"screenInfo":{"isLandscape":false,"foldState":1},"screenId":0,"holdingHandStatus":1}
CST 2026-07-17 18:48:31.483  1657  1657 I A0421d/WMSRotation: [a92ab1087f6de13, 329eb9, 2b8b7d7] [isNonHook] luoShuState: 0
CST 2026-07-17 18:48:31.483  1657  1657 E A0421d/WMSRotation: [a92ab1087f6de13, 329eb9, 2b8b7d7] [needRotateWithFlowLight] no need add rotation
CST 2026-07-17 18:48:31.483  1657  1657 W A0421d/WMSRotation: [a92ab1087f6de13, 329eb9, 2b8b7d7] [getRotatedScreenProperty] this.rotation: 0; getRotatedScreenProperty: {rect: [0, 0, 1320, 2856], rotation: 0}
CST 2026-07-17 18:48:31.483  1657  1657 W A01b01/HOME: [a92ab1087f6de13, 329eb9, 2b8b7d7] SCBSPVM: [onStartSceneFromOther] isNeed: false, windowAnimation: true
CST 2026-07-17 18:48:31.483  1657  1657 I A0421d/WMSRotation: [a92ab1087f6de13, 329eb9, 2b8b7d7] [startSceneWithRotationIfNeed] containerSession EntryAbility/cn.alfadb.netbird.r1probe/entry/0(persistentId: 30)(containerId: 1), needAnimation false isFromRecent false fromUser false isPageRotation false
CST 2026-07-17 18:48:31.483  1657  1657 I A0421d/WMSRotation: [a92ab1087f6de13, 329eb9, 2b8b7d7] [startSceneWithRotationIfNeed] containerSession EntryAbility/cn.alfadb.netbird.r1probe/entry/0(persistentId: 30)(containerId: 1)needAnimation false isFromRecent false fromUser false isPageRotation false
CST 2026-07-17 18:48:31.483  1657  1657 I A0421d/WMSRotation: [a92ab1087f6de13, 329eb9, 2b8b7d7] [coverSensorRotation] cover sensor rotation.
CST 2026-07-17 18:48:31.483  1657  1657 I A01b00/SCB: [a92ab1087f6de13, 329eb9, 2b8b7d7] SCBCompatibilityModeController: [addInvertedPortraitOrientationIfNeeded] requestOrientation:undefined
CST 2026-07-17 18:48:31.483  1657  1657 I A01b00/SCB: [a92ab1087f6de13, 329eb9, 2b8b7d7] SCBCompatibilityModeResourceManager: [isCurrentSupportAddInvertedPortraitOrientation] isSupportAddInvertedPortraitOrientation: false
CST 2026-07-17 18:48:31.483  1657  1657 I A01b00/SCB: [a92ab1087f6de13, 329eb9, 2b8b7d7] SCBCompatibilityModeResourceManager: [isNeedAddInvertedPortraitOrientation] current device status is not support adding inverted portrait orientation
CST 2026-07-17 18:48:31.483  1657  1657 I A04200/WINDOW: [a92ab1087f6de13, 329eb9, 2b8b7d7] SCBScreenSM: screenRotationLocked value:true
CST 2026-07-17 18:48:31.484  1657  1657 W A0421d/WMSRotation: [a92ab1087f6de13, 329eb9, 2b8b7d7] [getTargetRotation] bundleName:cn.alfadb.netbird.r1probe requestOrientation:0 isScreenLocked:true isPlacedRotateFriendlyDevicePlaced:false fixedRotation: -1 rotationCommand: {"isIgnorePlacedState":false,"isFromDropDown":false}
CST 2026-07-17 18:48:31.484  1657  1657 I A04200/WINDOW: [a92ab1087f6de13, 329eb9, 2b8b7d7] SCBSSM: targetOrientation does not belong to the userOrientation type
CST 2026-07-17 18:48:31.484  1657  1657 I A0421d/WMSRotation: [a92ab1087f6de13, 329eb9, 2b8b7d7] [notifySupportRotationChange] container requestOrientation: 0 scene requestOrientation: 0
CST 2026-07-17 18:48:31.484  1657  1657 I A0421d/WMSRotation: [a92ab1087f6de13, 329eb9, 2b8b7d7] [notifySupportRotationChange] displayId: 0 persistentId: 30 container: [true,false,false,false] scene: [true,false,false,false] reason: ContainerRequestedOrientationChange
CST 2026-07-17 18:48:31.484  1657  1657 I A04200/WINDOW: [a92ab1087f6de13, 329eb9, 2b8b7d7] SCBSSM: notifySupportRotationChange
CST 2026-07-17 18:48:31.484  1657  1657 I C0421d/WMSRotation: [a92ab1087f6de13, 329eb9, 2b8b7d7] OnNotifySupportRotationChange: persistentId: 30, container size: 4, scene size: 4
CST 2026-07-17 18:48:31.484  1657  1657 I A0421d/WMSRotation: [a92ab1087f6de13, 329eb9, 2b8b7d7] [startSceneWithRotationIfNeed] before rotate with targetRotation=0, sensorRotation=0, currentScreenRotation=0, currentContainerRotation=0, tempRotation=, name=cn.alfadb.netbird.r1probe
CST 2026-07-17 18:48:31.484  1657  1657 I A0421d/WMSRotation: [a92ab1087f6de13, 329eb9, 2b8b7d7] [rotateWindowPolicy] no need to rotate with same targetRotation
CST 2026-07-17 18:48:31.484  1657  1657 W A01b01/HOME: [a92ab1087f6de13, 329eb9, 2b8b7d7] SCBSPVM: [SCBMain]onStartSceneFromOther EntryAbility/cn.alfadb.netbird.r1probe/entry/0(persistentId: 30)(containerId: 1) isActive:false isStartCard:false needBlurAnimation:true scenePanelState:0
CST 2026-07-17 18:48:31.484  1657  1657 I A01b09/RECENT: [a92ab1087f6de13, 329eb9, 2b8b7d7] RecentPanelViewModel: [SCBMain]onStartSceneFromOther undefined notShowSessionDestroy
CST 2026-07-17 18:48:31.484  1657  1657 I A01b00/SCB: [a92ab1087f6de13, 329eb9, 2b8b7d7] LuoShuStateManager --> getLuoShuStateInfo: SCBSPVM {"luoShuState":0,"scenePanelState":0,"eventType":-1,"screenInfo":{"isLandscape":false,"foldState":1},"screenId":0,"holdingHandStatus":1}
CST 2026-07-17 18:48:31.484  1657  1657 I A0421d/WMSRotation: [a92ab1087f6de13, 329eb9, 2b8b7d7] no active session return!
CST 2026-07-17 18:48:31.484  1657  1657 W A01b01/HOME: [a92ab1087f6de13, 329eb9, 2b8b7d7] SCBSPVM: [SCBMain]onStartSceneFromOther do not need minimize former scene, activeContainer is null? true
CST 2026-07-17 18:48:31.485  1657  1657 I A04200/WINDOW: [a92ab1087f6de13, 329eb9, 2b8b7d7] SCBSPM: Remove container id: 1, 30
CST 2026-07-17 18:48:31.485  1657  1657 I A01b09/RECENT: [a92ab1087f6de13, 329eb9, 2b8b7d7] RecentDockRefreshAlarm: start alarm recent dock: EntryAbility/cn.alfadb.netbird.r1probe/entry/0(persistentId: 30)(containerId: 1)
CST 2026-07-17 18:48:31.485  1657  1657 W A0420a/WMSLife: [a92ab1087f6de13, 329eb9, 2b8b7d7] Request scene container session activation, name: EntryAbility/cn.alfadb.netbird.r1probe/entry/0(persistentId: 30)(containerId: 1) isNewActive: false, isPersist: true, reason: undefined
CST 2026-07-17 18:48:31.485  1657  1657 I A01b00/SCB: [a92ab1087f6de13, 329eb9, 2b8b7d7] LuoShuStateManager --> getLuoShuStateInfo: SCBScreenSM {"luoShuState":0,"scenePanelState":0,"eventType":-1,"screenInfo":{"isLandscape":false,"foldState":1},"screenId":0,"holdingHandStatus":1}
CST 2026-07-17 18:48:31.485  1657  1657 I A04200/WINDOW: [a92ab1087f6de13, 329eb9, 2b8b7d7] SCBSceneRecentMissionManager: add id 30 to recentMissionIdSet
CST 2026-07-17 18:48:31.485  1657  1657 W A04223/SCBMain: [a92ab1087f6de13, 329eb9, 2b8b7d7] requestSessionActivation primarySession priNewActive: false
CST 2026-07-17 18:48:31.485  1657  1657 I A04223/SCBMain: [a92ab1087f6de13, 329eb9, 2b8b7d7] requestSceneSessionActivation: isNewActive: false, isPersist: true, reason: undefined, name: EntryAbility/cn.alfadb.netbird.r1probe/entry/0(persistentId: 30), containerRotation: 0
CST 2026-07-17 18:48:31.485  1657  1657 I A0420a/WMSLife: [a92ab1087f6de13, 329eb9, 2b8b7d7] [id:30]requestSceneSessionActivation.
CST 2026-07-17 18:48:31.485  1657  1657 I A0420a/WMSLife: [a92ab1087f6de13, 329eb9, 2b8b7d7] setIsPendingToBackgroundState, state:false
CST 2026-07-17 18:48:31.485  1657  1657 I C0420a/WMSLife: [a92ab1087f6de13, 329eb9, 2b8b7d7] SetIsPendingToBackgroundState: id:30 State:0
CST 2026-07-17 18:48:31.486  1657  1657 I A0420a/WMSLife: [a92ab1087f6de13, 329eb9, 2b8b7d7] setIsActivatedAfterScreenLocked, isScreenLocked: false
CST 2026-07-17 18:48:31.486  1657  1657 I C0420a/WMSLife: [a92ab1087f6de13, 329eb9, 2b8b7d7] SetIsActivatedAfterScreenLocked: id:30, isLocked:0
CST 2026-07-17 18:48:31.486  1657  1657 I C0420a/WMSLife: [a92ab1087f6de13, 329eb9, 2b8b7d7] OnRequestSceneSessionActivation: in
CST 2026-07-17 18:48:31.486  1657  2126 I C04202/WMSMain: [a92ab1087f6de13, 390927c, 329eb9] Request active id:30, system:0, isNewActive:0, requestId:1
CST 2026-07-17 18:48:31.486  1657  2126 W C0420b/WMSKeyboard: [a92ab1087f6de13, 390927c, 329eb9] RequestInputMethodCloseKeyboard: keyboardSession is nullptr, id: 30
CST 2026-07-17 18:48:31.486  1657  2126 I C0421b/WMSStartupPage: [a92ab1087f6de13, 390927c, 329eb9] GetEnableRemoveStartingWindowFromBMS: enable.remove.starting.window default false
CST 2026-07-17 18:48:31.486  1657  2126 I C04202/WMSMain: [a92ab1087f6de13, 390927c, 329eb9] FillSessionInfo: bundleName:cn.alfadb.netbird.r1probe removeMissionAfterTerminate:0 excludeFromMissions:0 label:$string:ability_name iconPath:$media:start_icon collaboratorType:/data/app/el1/bundle/public/cn.alfadb.netbird.r1probe.
CST 2026-07-17 18:48:31.486  1657  2126 I C0420a/WMSLife: [a92ab1087f6de13, 390927c, 329eb9] GetRequestWantFromTaskInfoMap: exsit, persistentId:30, requestId:1
CST 2026-07-17 18:48:31.486  1657  2126 I C0420a/WMSLife: [a92ab1087f6de13, 390927c, 329eb9] SetAbilitySessionInfo: Is SCB Call, set flag:0, persistentId:30, requestId:1
CST 2026-07-17 18:48:31.486  1657  2126 I C0420a/WMSLife: [a92ab1087f6de13, 390927c, 329eb9] RequestSceneSessionActivationInner: [id: 30] want-ability: EntryAbility, bundle: cn.alfadb.netbird.r1probe, module: entry, appIndex: 0, requestId:1
CST 2026-07-17 18:48:31.486  1657  2126 I C0420a/WMSLife: [a92ab1087f6de13, 390927c, 329eb9] operator(): start notify listeners, bundleName:cn.alfadb.netbird.r1probe, Id:30, event:2, reason: 0
CST 2026-07-17 18:48:31.486  1657  2126 I C04202/WMSMain: [a92ab1087f6de13, 390927c, 329eb9] RequestSceneSessionActivationInner: [id: 30] Begin StartUIAbility, system: 0,reuseDelegatorWindow 0 isShowAbility 0
CST 2026-07-17 18:48:31.486  1657  3065 I C01336/AMS: [a92ab1087f6de13, 36586b9, 390927c] [AMC432]scb call, StartUIAbilityBySCB target: cn.alfadb.netbird.r1probe/EntryAbility, persistentId: 30, appIndex: -1, pageConfigSize:0, requestCode:-1
CST 2026-07-17 18:48:31.487   766  1196 I C01336/AMS: [a92ab1087f6de13, 25c823b, 36586b9] [ABMS3083]call, sceneFlag:4, restart: 0
CST 2026-07-17 18:48:31.489  1657  1657 E A01b00/SCB: [a92ab1087f6de13, 329eb9, 2b8b7d7] SCBCategoryResourceManager: isSupportFullScreenInForceSplit: cn.alfadb.netbird.r1probe is not in featureMap
CST 2026-07-17 18:48:31.489  1657  1657 I A01b00/SCB: [a92ab1087f6de13, 329eb9, 2b8b7d7] SCBCategoryResourceManager: updateFullScreenInForceSplitStatusIfNeed: isFullScreenInForceSplit no change
CST 2026-07-17 18:48:31.489  1657  1657 I A04223/SCBMain: [a92ab1087f6de13, 329eb9, 2b8b7d7] isForegroundAndActive: sessionState: 0, isActive: true
CST 2026-07-17 18:48:31.489  1657  1657 I A04200/WINDOW: [a92ab1087f6de13, 329eb9, 2b8b7d7] SCBSSM: isInOutdoorExploreMode: false
CST 2026-07-17 18:48:31.489  1657  1657 I A04200/WMS: [a92ab1087f6de13, 329eb9, 2b8b7d7] modifyPersistentMap, bundleName: cn.alfadb.netbird.r1probe
CST 2026-07-17 18:48:31.489  1657  1657 I A01b01/HOME: [a92ab1087f6de13, 329eb9, 2b8b7d7] SCBSPVM: enter FULLSCENE
CST 2026-07-17 18:48:31.489  1657  1798 I C01631/GaussPD: [a92ab1087f6de13, 49f155, 329eb9]  [0] [ADAPTER] [139901074930432] Not support binlog_default.writeLock file enable del monitor sysno = 25
CST 2026-07-17 18:48:31.489  1657  1798 I C01631/GaussPD: [a92ab1087f6de13, 49f155, 329eb9]  [0] [ADAPTER] [139901074930432] Not support binlog_default.writeLock file enable del monitor sysno = 25
CST 2026-07-17 18:48:31.489  1657  1798 I C01631/GaussPD: [a92ab1087f6de13, 49f155, 329eb9]  [0] [ADAPTER] [139901074930432] Not support binlog_default.writeLock file enable del monitor sysno = 25
CST 2026-07-17 18:48:31.490  1657  1657 I A01b09/RECENT: [a92ab1087f6de13, 329eb9, 2b8b7d7] RecentPanel: RecentViewParam init
CST 2026-07-17 18:48:31.490  1657  1657 W A01b01/HOME: [a92ab1087f6de13, 329eb9, 2b8b7d7] SCBSCS: [SCBSCS] border radius from topLeft: 0, topRight: 0, bottomLeft: 0, bottomRight: 0 to 36. reason: init, extra: EntryAbility/cn.alfadb.netbird.r1probe/entry/0(persistentId: 30)(containerId: 1)
CST 2026-07-17 18:48:31.490  1657  1657 W A01b01/HOME: [a92ab1087f6de13, 329eb9, 2b8b7d7] SCBSCS: [SCBSCS] sceneAlpha from 0 to 1. reason: init, extra: EntryAbility/cn.alfadb.netbird.r1probe/entry/0(persistentId: 30)(containerId: 1)
CST 2026-07-17 18:48:31.490  1657  1657 I A01b01/HOME: [a92ab1087f6de13, 329eb9, 2b8b7d7] SCBSCS: initSmallFolderBg isExitToSmallFolder: false
CST 2026-07-17 18:48:31.490  1657  1657 I A04200/WINDOW: [a92ab1087f6de13, 329eb9, 2b8b7d7] SCBSPVM: updateScenePanelState from 0 to 1
CST 2026-07-17 18:48:31.490  1657  1657 I A01b00/SCB: [a92ab1087f6de13, 329eb9, 2b8b7d7] SCBDesktop --> scenePanelState change 1
CST 2026-07-17 18:48:31.491  2283  2283 I A000ff/ThemeEngine: [a92ab1087f6de13, 30830b3, 316860f] EngineProxy --> Receiving IPC call with matched key sceneState
CST 2026-07-17 18:48:31.491  1657  1813 E C01707/CONCUR: [Interface] task 1813 apply qos failed, errno = 4
CST 2026-07-17 18:48:31.508  1657  1813 I C02b61/ImageSource: CreatePixelMap success, id:1784285311482250,dSize:(0,0),srcSize: (512,512),dHdr:1,sHdr:1,memType: 2,cost 25854 us
CST 2026-07-17 18:48:31.508  1657  1813 E C02b61/PixelMap: set ashmem name failed
CST 2026-07-17 18:48:31.509   766  1196 I C01336/AMS: [a92ab1087f6de13, 25c823b, 36586b9] [start_ability_utils.cpp54]appIndex:-1
CST 2026-07-17 18:48:31.510   766  1522 I C01202/Unordered: [a92ab1087f6de13, 412d0e, 12a732c] Pid 1657 publish SCENE_PANEL_EVENT to 100 end(4,4,0,0)
CST 2026-07-17 18:48:31.510   766  1517 W C01123/BMSCommon: [a92ab1087f6de13, a5dfa7, 25c823b] uid(5523) invalid
CST 2026-07-17 18:48:31.511   766  1196 W C01336/AMS: [a92ab1087f6de13, 25c823b, 36586b9] [ABMS3903]null callerToken
CST 2026-07-17 18:48:31.511   766  1196 I C01336/AMS: [a92ab1087f6de13, 25c823b, 36586b9] [UALM215]StartUIAbility session:30. bundle:cn.alfadb.netbird.r1probe, ability:EntryAbility, instanceKey:, requestId: 1, isCallBySCB: 0, reuseDelegator: 0, scenarios:0, requestCode:-1
CST 2026-07-17 18:48:31.512  2283  2283 I A000ff/ThemeEngine: [a92ab1087f6de13, 30830b3, 316860f] EngineProxy --> onWindowScbStateChange preSceneState: -1, currentSceneState: 1
CST 2026-07-17 18:48:31.512  1657  1657 I A01b00/SCB: [a92ab1087f6de13, 329eb9, 2b8b7d7] SCBDesktop --> updateScenePanelState, sceneState:1
CST 2026-07-17 18:48:31.512  1657  1657 I A01c05/FORM: [a92ab1087f6de13, 329eb9, 2b8b7d7] PageDesktopViewModel --> localEventListener receive event: launcher.event.REQUEST_FORM_RECYCLE
CST 2026-07-17 18:48:31.512  1657  1657 I A01c05/FORM: [a92ab1087f6de13, 329eb9, 2b8b7d7] PageDesktopViewModel --> current recycleFormEventHandler, state = true, currentStartApp = false
CST 2026-07-17 18:48:31.511   337   413 I C01705/EXACT_PREREAD: [a92ab1087f6de13, 2f24da7, 1eee286] [(StartAppStartupPrereadWork):630] uid: 20020062 pid: 0 appStartupScene: cn.alfadb.netbird.r1probe/cn.alfadb.netbird.r1probe
CST 2026-07-17 18:48:31.512  1657  1657 I A01b01/HOME: [a92ab1087f6de13, 329eb9, 2b8b7d7] SCBDesktopAddViewModel --> closeDesktopAddDialog event:isBackGesture: false isKeyboardShowing: undefined isSearchPage: false
CST 2026-07-17 18:48:31.512  1657  1657 I A01c05/FORM: [a92ab1087f6de13, 329eb9, 2b8b7d7] FormStackExpandView: formstack expand onScenePanelStateChange: 1
CST 2026-07-17 18:48:31.513   337   403 I C01727/SceneRecognizeExt: [a92ab1087f6de13, e108f, 3196ca5] [ReportEnterUserInteractionSceneInner]report enter user interaction scene
CST 2026-07-17 18:48:31.513   337   413 E C01700/RSS: [a92ab1087f6de13, 2f24da7, 1eee286] GetRealPath: get real path failed.
CST 2026-07-17 18:48:31.513   337   413 E C01705/EXACT_PREREAD: [a92ab1087f6de13, 2f24da7, 1eee286] [(GetMonitorState):1128] failed to get real path, errno: 2
CST 2026-07-17 18:48:31.513   337   413 E C01705/EXACT_PREREAD: [a92ab1087f6de13, 2f24da7, 1eee286] [(GetAvailableMonitor):1093] failed to get monitor: 0 state.
CST 2026-07-17 18:48:31.513   337   413 E C01700/RSS: [a92ab1087f6de13, 2f24da7, 1eee286] GetRealPath: get real path failed.
CST 2026-07-17 18:48:31.513   337   413 E C01705/EXACT_PREREAD: [a92ab1087f6de13, 2f24da7, 1eee286] [(GetMonitorState):1128] failed to get real path, errno: 2
CST 2026-07-17 18:48:31.513   337   413 E C01705/EXACT_PREREAD: [a92ab1087f6de13, 2f24da7, 1eee286] [(GetAvailableMonitor):1093] failed to get monitor: 1 state.
CST 2026-07-17 18:48:31.513   337   413 E C01705/EXACT_PREREAD: [a92ab1087f6de13, 2f24da7, 1eee286] [(CheckAndBindMonitorBeforeWorkStart):1006] get invalid monitorIdx: -1
CST 2026-07-17 18:48:31.513   337   413 E C01705/EXACT_PREREAD: [a92ab1087f6de13, 2f24da7, 1eee286] [(StartAppStartupPrereadWork):181] check workstate or bind monitor failed.
CST 2026-07-17 18:48:31.513   337   413 E C01705/EXACT_PREREAD: [a92ab1087f6de13, 2f24da7, 1eee286] [(ExecuteCommand):126] execute cmd:1 failed.
CST 2026-07-17 18:48:31.514  1657  1813 E C01707/CONCUR: [Interface] task 1813 apply qos failed, errno = 4
CST 2026-07-17 18:48:31.515  1657  1798 I C01631/GaussPD: [a92ab1087f6de13, 49f155, 329eb9]  [0] [ADAPTER] [139901074930432] Not support binlog_default.writeLock file enable del monitor sysno = 25
CST 2026-07-17 18:48:31.515  1657  1798 I C01631/GaussPD: [a92ab1087f6de13, 49f155, 329eb9]  [0] [ADAPTER] [139901074930432] Not support binlog_default.writeIndex file enable del monitor sysno = 25
CST 2026-07-17 18:48:31.515  1657  1798 I C01631/GaussPD: [a92ab1087f6de13, 49f155, 329eb9]  [0] [ADAPTER] [139901074930432] Not support binlog_default.writeIndex file enable del monitor sysno = 25
CST 2026-07-17 18:48:31.516  1012  1464 I C04619/Common: [a92ab1087f6de13, 3daa70a, 105ec23] [common_event_receiver.cpp:54]HandleScenePanelStateEvent# HandleScenePanelStateEvent eventType: SCENE_PANEL_STATE_CHANGE.
CST 2026-07-17 18:48:31.517  1657  1657 I A0ff00/SEARCH: [a92ab1087f6de13, 329eb9, 2b8b7d7] [HiSearch]: HiSearchComponent, onScenePanelStateChange, 0, 1
CST 2026-07-17 18:48:31.517  1657  1657 I A0ff00/SEARCH: [a92ab1087f6de13, 329eb9, 2b8b7d7] [HiSearch]: SearchInput, onScenePanelStateChange 1
CST 2026-07-17 18:48:31.517  1012  1464 I C04619/Common: [a92ab1087f6de13, 3daa70a, 105ec23] [common_event_receiver.cpp:56]HandleScenePanelStateEvent# HandleScenePanelStateEvent state: 1.
CST 2026-07-17 18:48:31.517  1657  1657 I A01a00/SYS_UI: [a92ab1087f6de13, 329eb9, 2b8b7d7] SystemUIView: onScenePanelStateChange: 1
CST 2026-07-17 18:48:31.517  1657  1657 I A01b00/SCB: [a92ab1087f6de13, 329eb9, 2b8b7d7] LuoShuStateFSM --> setScenePanelState: 1
CST 2026-07-17 18:48:31.517  1657  1657 I A01b0a/GESTURE: [a92ab1087f6de13, 329eb9, 2b8b7d7] AIBarView --> ScenepanelState has change to 1
CST 2026-07-17 18:48:31.518  1657  1657 I A01b0a/GESTURE: [a92ab1087f6de13, 329eb9, 2b8b7d7] FloatingNavigationManager --> setScenePanelState 1
CST 2026-07-17 18:48:31.518  1657  1657 I A01b0a/GESTURE: [a92ab1087f6de13, 329eb9, 2b8b7d7] FloatingNavigationManager --> sendFloatingIsInApp true
CST 2026-07-17 18:48:31.518  1657  1657 I A01b0a/GESTURE: [a92ab1087f6de13, 329eb9, 2b8b7d7] FloatingNavigationManager --> sendFloatingNavIsInApp switch is closed
CST 2026-07-17 18:48:31.518  1657  1657 I A01b09/RECENT: [a92ab1087f6de13, 329eb9, 2b8b7d7] RecentPanel: is scrolling value is  false  state is  1 
CST 2026-07-17 18:48:31.518  1657  1657 I A01b00/SCB: [a92ab1087f6de13, 329eb9, 2b8b7d7] PerformanceReporter: Enter calledScene:32, currentMemScene:33
CST 2026-07-17 18:48:31.519  1657  1657 E C03f05/NAPI: [a92ab1087f6de13, 329eb9, 2b8b7d7] DfxCollectStackWithDepth is not loaded in taskpool/worker.
CST 2026-07-17 18:48:31.519  1657  1657 I C03f05/NAPI: [a92ab1087f6de13, 329eb9, 2b8b7d7] taskpool:: add taskId: 2183374192 to seqRunner 139902483232128.
CST 2026-07-17 18:48:31.519  1657  1657 I A04200/WINDOW: [a92ab1087f6de13, 329eb9, 2b8b7d7] SCBSpecialScenePanel: isBgBlurEnable, isEnableBlur, isTripleAnimBlur, isBgBlurAboveKeyguardEnabled: true, true, false, false
CST 2026-07-17 18:48:31.520  1657  1657 W A01a01/NC: [a92ab1087f6de13, 2bbcd66, 329eb9] DropdownPanelView: onStartSceneFromOtherEvent return. event: cn.alfadb.netbird.r1probe isViewShowing:false
CST 2026-07-17 18:48:31.520   766  1162 W C011fc/BMSExt: [a92ab1087f6de13, ce1fb2, 1846905] [IsTargetApp:729]bundleName or appIdentifier is empty
CST 2026-07-17 18:48:31.521  1657  1800 E C01e00/ResourceManager: [a92ab1087f6de13, 3559324, 1846905] GetStringById error id = 16777219
CST 2026-07-17 18:48:31.521  1657  1800 E C01e00/ResourceManagerJs: [a92ab1087f6de13, 3559324, 1846905] GetStringById failed state id = 16777219
CST 2026-07-17 18:48:31.522  1657  1813 I C02b61/ImageSource: CreatePixelMap success, id:1784285311508692,dSize:(0,0),srcSize: (512,512),dHdr:1,sHdr:1,memType: 2,cost 13266 us
CST 2026-07-17 18:48:31.522  1657  1813 E C02b61/PixelMap: set ashmem name failed
CST 2026-07-17 18:48:31.522  1657  1657 W C0393b/AceWindowScene: [a92ab1087f6de13, 329eb9, 2b8b7d7] [(100000:100000:scope)] parentId:346, nodeId:347, sessionId:3
CST 2026-07-17 18:48:31.522  1657  1657 I A04200/WINDOW: [a92ab1087f6de13, 329eb9, 2b8b7d7] SCBScenePanel: [scenePanelCanvasStyles] set Scale to: 1
CST 2026-07-17 18:48:31.525  1657  1813 I C02b61/ImageSource: CreatePixelMap success, id:1784285311523688,dSize:(0,0),srcSize: (192,192),dHdr:1,sHdr:1,memType: 2,cost 1427 us
CST 2026-07-17 18:48:31.525  1657  1813 E C02b61/PixelMap: set ashmem name failed
CST 2026-07-17 18:48:31.527   513  1323 E C01707/CONCUR: [a92ab1087f6de13, 2fe24af, 25c823b] [Interface] task 1323 apply qos failed, errno = 4
CST 2026-07-17 18:48:31.527  1657  1657 I A01b0a/GESTURE: [a92ab1087f6de13, 329eb9, 2b8b7d7] SCBGestureNavBarViewModel: checkGameStatus:false, isShowingAiBar:false
CST 2026-07-17 18:48:31.527   513  1323 E C01611/QosManager: [a92ab1087f6de13, 2fe24af, 25c823b] QosManager: Failed to set thread QoS to QOS_USER_INTERACTIVE, ret: -1
CST 2026-07-17 18:48:31.527  1657  1657 I A01b0a/GESTURE: [a92ab1087f6de13, 329eb9, 2b8b7d7] AIBarView --> checkShowAiBar. isShowingAiBar:true
CST 2026-07-17 18:48:31.527   513  1323 I C01610/KVDBServiceStub: [a92ab1087f6de13, 2fe24af, 25c823b] OnRemoteRequest: code:1 callingPid:766
CST 2026-07-17 18:48:31.528  1657  1657 E C03947/AceStateMgmt: [a92ab1087f6de13, 329eb9, 2b8b7d7] [(100000:100000:scope)] FIX THIS APPLICATION ERROR: @Component 'AIBarView': State variable 'fullScreenParam' has changed during render! It's illegal to change @Component state while build (initial render or re-render) is on-going. Application error!
CST 2026-07-17 18:48:31.528  1657  1657 I A01b0a/GESTURE: [a92ab1087f6de13, 329eb9, 2b8b7d7] aiBarViewData --> powerMode:600 thermalLevel:1 isEnterDeliver:false
CST 2026-07-17 18:48:31.529   766  1196 I C01630/DistributedDB: [a92ab1087f6de13, 25c823b, 36586b9] before open db,db file: [size: 65536, mtime: 1784275499, inode: 824289]; db wal file: [size: 0, mtime: 1784275499, inode: 824290]; db shm file: [size: 32768, mtime: 1784285046, inode: 824291]; db dwr file: [stat() failed, errCode: -1, errno: 2]; 
CST 2026-07-17 18:48:31.530  1657  1657 I C0393b/AceWindowScene: [a92ab1087f6de13, 329eb9, 2b8b7d7] [(100000:100000:scope)] OnAttachToFrameNode id: 4, node id: 2115, type: 2109, name: BackgroundBlurView2
CST 2026-07-17 18:48:31.530  1657  1657 I A01b01/HOME: [a92ab1087f6de13, 329eb9, 2b8b7d7] SCBSceneContainer: init.
CST 2026-07-17 18:48:31.531  1657  1657 I A0420b/WMSKeyboard: [a92ab1087f6de13, 329eb9, 2b8b7d7] registerkeyboardGravityChangeCallbacks
CST 2026-07-17 18:48:31.531  1657  1657 I A0420b/WMSKeyboard: [a92ab1087f6de13, 329eb9, 2b8b7d7] registerKeyboardShowCallback
CST 2026-07-17 18:48:31.531  1657  1657 I A01b0a/GESTURE: [a92ab1087f6de13, 329eb9, 2b8b7d7] SCBEventExclusiveManager: registerEventExclusive, caller:SPLIT_GESTURE
CST 2026-07-17 18:48:31.531  1657  1813 W A01b00/SCB: GraphicUtils --> com.huawei.hmos.fontinstaller - getHdsIcon, size: (512, 512), pixelFormat: 4, leftTopPixel is transparent: true, 0-0-0-0
CST 2026-07-17 18:48:31.531  1657  1813 E C03900/HDS: [hds_drawable_descriptor.cpp-GetOtherIconsInfo:395]Get icon by name from resource failed, iconName: icon_mask, isGlobalMask: 0, state: 9001004
CST 2026-07-17 18:48:31.532  1657  1657 I A04200/WINDOW: [a92ab1087f6de13, 329eb9, 2b8b7d7] SCBScreenSM: priority: 0 regScreenRotateat aboutToAppear (SCBSceneContainer.ts:1377:47)
CST 2026-07-17 18:48:31.532  1657  1657 I A04200/WINDOW: [a92ab1087f6de13, 329eb9, 2b8b7d7] SCBScreenSM: regScreenRotate screenId: 0 8
CST 2026-07-17 18:48:31.532  1657  1657 I A01b00/SCB: [a92ab1087f6de13, 329eb9, 2b8b7d7] IconResourceManager: getCombIcon is penglai false, **.netbird.r1probe, entry, EntryAbility, 0, CombIcon_AppIconParam, undefined, false
CST 2026-07-17 18:48:31.532  1657  1657 I A04200/WINDOW: [a92ab1087f6de13, 329eb9, 2b8b7d7] SCBSingleHandController: registerAppShouldShowSingleButtonCallback: 30
CST 2026-07-17 18:48:31.532  1657  1657 I A04200/WINDOW: [a92ab1087f6de13, 329eb9, 2b8b7d7] SCBSingleHandController: getAppShouldShowSingleButton: bundleName=30, shouldShow=false, mapSize=0
CST 2026-07-17 18:48:31.532  1657  1657 I A01b00/SCB: [a92ab1087f6de13, 2891380, 329eb9] MemoryCache --> getCombIcon cacheKey cn.alfadb.netbird.r1probe#entryEntryAbility0
CST 2026-07-17 18:48:31.532  1657  1657 W A01b00/SCB: [a92ab1087f6de13, 29ebbbe, 2891380] IconResourceManager: combIcon is empty: false, bundleName: **.netbird.r1probe
CST 2026-07-17 18:48:31.532   766  1196 I C01630/DistributedDB: [a92ab1087f6de13, 25c823b, 36586b9] [SqlSingleUp] metaSplit[0], secLabel[3], secFlag[0], version[104]
CST 2026-07-17 18:48:31.533   766  1196 I C01630/DistributedDB: [a92ab1087f6de13, 25c823b, 36586b9] [SqlSinEngine] create cloud log table success
CST 2026-07-17 18:48:31.534   766  1196 I C01630/DistributedDB: [a92ab1087f6de13, 25c823b, 36586b9] [SqlSinStore] [] Get schema error:-1003.
CST 2026-07-17 18:48:31.535   766  1196 W C01630/DistributedDB: [a92ab1087f6de13, 25c823b, 36586b9] [InitCurrentMaxStamp] Reset statement failed: -100
CST 2026-07-17 18:48:31.535   766  1196 I C01630/DistributedDB: [a92ab1087f6de13, 25c823b, 36586b9] [KVDB] [StartSyncerWithNoLock] [kø¦] event=3
CST 2026-07-17 18:48:31.535  3152  3152 W C02c02/PARAM: Selinux check name persist.init.debug.loglevel in u:object_r:startup_init_param:s0 [3152 2000 2000] failed
CST 2026-07-17 18:48:31.535   766  1196 I C01630/DistributedDB: [a92ab1087f6de13, 25c823b, 36586b9] Database identifier:6bf8a6, dir:241e8a
CST 2026-07-17 18:48:31.535  3152  3152 W C02c02/PARAM: Selinux check name persist.init.debug.loglevel in u:object_r:startup_init_param:s0 [3152 2000 2000] failed
CST 2026-07-17 18:48:31.535  3152  3152 W C02c02/PARAM: SystemReadParam failed!name is:persist.init.debug.loglevel,err:1002
CST 2026-07-17 18:48:31.535   766  1196 I C01630/DistributedDB: [a92ab1087f6de13, 25c823b, 36586b9] [Syncer] EnableAutoSync enable = 0, Label=6BF
CST 2026-07-17 18:48:31.535   766  1196 I C01630/DistributedDB: [a92ab1087f6de13, 25c823b, 36586b9] Set the max log size to 209715200
CST 2026-07-17 18:48:31.536   766  1196 E C01610/StoreUtil: [a92ab1087f6de13, 25c823b, 36586b9] SetServiceGid: file not exit, filePath:/da***.db ,code:2
CST 2026-07-17 18:48:31.536   766  1196 I C01610/KvStoreServiceDeathNotifier: [a92ab1087f6de13, 25c823b, 36586b9] AddServiceDeathWatcher: Success set size: <private>
CST 2026-07-17 18:48:31.536   766  1196 I C01630/DistributedDB: [a92ab1087f6de13, 25c823b, 36586b9] [KvStoreNbDelegate] rebuild 0
CST 2026-07-17 18:48:31.536  1657  1657 W A01b01/HOME: [a92ab1087f6de13, 329eb9, 2b8b7d7] SCBSceneContainer: [SCBMain] EntryAbility/cn.alfadb.netbird.r1probe/entry/0(persistentId: 30)(containerId: 1) enableShow change from false to true. Detail:isPrebuildStageEnableShow:false, showInRecent:false, sceneContainerSession.enableShow:true, showInScrolling:false
CST 2026-07-17 18:48:31.537  1657  1813 W C03900/HDS: [hds_drawable_descriptor.cpp-ProcessIcon:91]Mask size {192, 192}, bundleName: com.huawei.hmos.fontinstaller
CST 2026-07-17 18:48:31.539  1657  1657 I A01b01/HOME: [a92ab1087f6de13, 329eb9, 2b8b7d7] SCBSceneContainer: issShowTransitionIconOrCard state is 0, isCombinationIcon:false
CST 2026-07-17 18:48:31.542   513  1323 E C01707/CONCUR: [a92ab1087f6de13, 3ae28e8, 25c823b] [Interface] task 1323 apply qos failed, errno = 4
CST 2026-07-17 18:48:31.542   513  1323 E C01611/QosManager: [a92ab1087f6de13, 3ae28e8, 25c823b] QosManager: Failed to set thread QoS to QOS_USER_INTERACTIVE, ret: -1
CST 2026-07-17 18:48:31.542   513  1323 I C01610/KVDBServiceStub: [a92ab1087f6de13, 3ae28e8, 25c823b] OnRemoteRequest: code:2 callingPid:766
CST 2026-07-17 18:48:31.542   513  1323 I C01610/KVDBServiceImpl: [a92ab1087f6de13, 3ae28e8, 25c823b] AfterCreate: appId:app_config_data_storage storeId:app***fos instanceId:0 type:1 dir:/***/el1/***/kvd*** isCreated:1 dataType:1
CST 2026-07-17 18:48:31.543   766  1196 W C02d33/HiTraceC: [a92ab1087f6de13, 25c823b, 36586b9] HiTraceEnd failed: invalid end id.
CST 2026-07-17 18:48:31.543   766  1196 I C01336/AMS: [a92ab1087f6de13, 25c823b, 36586b9] [app_exit_reason_data_manager.cpp640]tokenId <private> module entry abillity EntryAbility
CST 2026-07-17 18:48:31.543   766  1196 W C01336/AMS: [a92ab1087f6de13, 25c823b, 36586b9] [app_exit_reason_data_manager.cpp659]KEY_NOT_FOUND
CST 2026-07-17 18:48:31.543   766  1196 I C01336/AMS: [a92ab1087f6de13, 25c823b, 36586b9] [app_exit_reason_data_manager.cpp590]tokenId <private> module entry ability EntryAbility 
CST 2026-07-17 18:48:31.543   766  1196 W C01336/AMS: [a92ab1087f6de13, 25c823b, 36586b9] [app_exit_reason_data_manager.cpp607]DBStatus:27459591
CST 2026-07-17 18:48:31.543   766  1196 W C01336/AMS: [a92ab1087f6de13, 25c823b, 36586b9] [ability_start_with_wait_observer_manager.cpp193]invaid observerId
CST 2026-07-17 18:48:31.543   766  1196 W C01336/AMS: [a92ab1087f6de13, 25c823b, 36586b9] [ABR1600]nullptr
CST 2026-07-17 18:48:31.543  1657  1657 I A01b01/HOME: [a92ab1087f6de13, 329eb9, 2b8b7d7] SCBSceneContainer: isAnimSnapshotShow false, isShowContainerSnapshot.
CST 2026-07-17 18:48:31.543   766  1196 I C01336/AMS: [a92ab1087f6de13, 25c823b, 36586b9] [ABR287]LoadLifecycle: abilityName:EntryAbility
CST 2026-07-17 18:48:31.544   766  1196 I C0135b/KeepAlive: [a92ab1087f6de13, 25c823b, 36586b9] [keep_alive_process_manager.cpp336]not supported
CST 2026-07-17 18:48:31.544   766  1196 I C01357/ProcessMgr: [a92ab1087f6de13, 25c823b, 36586b9] [ams_mgr_scheduler.cpp90]SubmitLoadTask: cn.alfadb.netbird.r1probe-EntryAbility
CST 2026-07-17 18:48:31.544   766  1548 W C011fc/BMSExt: [a92ab1087f6de13, 160efb8, 25c823b] [IsTargetApp:729]bundleName or appIdentifier is empty
CST 2026-07-17 18:48:31.544   766  1548 I C01357/ProcessMgr: [a92ab1087f6de13, 160efb8, 25c823b] [AMSI1969]name:EntryAbility startProcessName = cn.alfadb.netbird.r1probe
CST 2026-07-17 18:48:31.545   766  1548 I C01311/AppMS: [a92ab1087f6de13, 160efb8, 25c823b] [AMSI2015]appRecord null, appInfo->bundleName:cn.alfadb.netbird.r1probe
CST 2026-07-17 18:48:31.545   766  1548 I C01357/ProcessMgr: [a92ab1087f6de13, 160efb8, 25c823b] [AMSI2380]processName:cn.alfadb.netbird.r1probe, isPreload:0
CST 2026-07-17 18:48:31.546  1657  1657 I A04200/WINDOW: [a92ab1087f6de13, 329eb9, 2b8b7d7] SCBSceneViewModel: init.
CST 2026-07-17 18:48:31.546  1657  1657 I A04200/WINDOW: [a92ab1087f6de13, 329eb9, 2b8b7d7] SCBSceneSession: registerOnUpdateSessionIconCallback
CST 2026-07-17 18:48:31.546  1657  1657 W A04200/WINDOW: [a92ab1087f6de13, 329eb9, 2b8b7d7] SCBSceneSession: registerCreateSubSessionCallback, id: 30, on panel: undefined
CST 2026-07-17 18:48:31.546  1657  1657 I A04200/WINDOW: [a92ab1087f6de13, 329eb9, 2b8b7d7] SCBSceneSession: [SCBDialog] registerCreateDialogCallback, id: 30, on panel: undefined
CST 2026-07-17 18:48:31.546  1657  1657 I A04200/WINDOW: [a92ab1087f6de13, 329eb9, 2b8b7d7] SCBSceneSession: registerSessionTouchableChangeCallback
CST 2026-07-17 18:48:31.546  1657  1657 I A04200/WINDOW: [a92ab1087f6de13, 329eb9, 2b8b7d7] SCBSceneSession: registerSessionSystemBarPropertyCallback
CST 2026-07-17 18:48:31.546  1657  1657 I A04200/WINDOW: [a92ab1087f6de13, 329eb9, 2b8b7d7] SCBSceneSession: registerUpdatePiPTemplateInfoCallback, persistentId: 30
CST 2026-07-17 18:48:31.546   766  1548 I C05a01/ATM: [a92ab1087f6de13, 160efb8, 25c823b] [GetKernelPermissions]TokenID=537316656.
CST 2026-07-17 18:48:31.546  1657  1657 I A04200/WINDOW: [a92ab1087f6de13, 329eb9, 2b8b7d7] SCBKioskModeManager: sceneType=SCBScene30 registerKioskModeChangeEvent success.
CST 2026-07-17 18:48:31.547   766  1548 I C01311/AppMS: [a92ab1087f6de13, 160efb8, 25c823b] [AMSI5504]apl: normal, startFlags: 1099511627784, userId: 100
CST 2026-07-17 18:48:31.547   766  1548 I C01300/AAFwk: [a92ab1087f6de13, 160efb8, 25c823b] [task_handler_wrap.cpp56]Invalid status
CST 2026-07-17 18:48:31.547   766  1548 I C02c11/APPSPAWN_CLIENT: [a92ab1087f6de13, 160efb8, 25c823b] AppSpawnClientSendMsg reqId:26 msgLen:1912 fd:147 cn.alfadb.netbird.r1probe
CST 2026-07-17 18:48:31.547   182   182 I C02c11/APPSPAWN: connectionId:3 buffLen:1912
CST 2026-07-17 18:48:31.547   182   182 I C02c11/APPSPAWN: Recv msgHeader magic:0xef201234 type:0 id:26 len:1912 cn.alfadb.netbird.r1probe
CST 2026-07-17 18:48:31.547  1657  1657 I C04204/WMSScb: [a92ab1087f6de13, 329eb9, 2b8b7d7] GetRSUIContext: SetSessionRSUIContext: CreateLeashWindowNode: RSUIContext [token: 7116760809473, tid: 1657], sessionId: 30, screenId:0
CST 2026-07-17 18:48:31.547  1657  1657 I C01406/OHOS::RS: [a92ab1087f6de13, 329eb9, 2b8b7d7] RSTransactionHandler::Begin syncId:0, transactionHandler:1059838408, remoteTransactionDataStack.size:0
CST 2026-07-17 18:48:31.547  1657  1657 I C01406/OHOS::RS: [a92ab1087f6de13, 329eb9, 2b8b7d7] RSTransactionHandler::Commit transactionHandler:1059838408
CST 2026-07-17 18:48:31.547  1657  1657 I C04204/WMSScb: [a92ab1087f6de13, 329eb9, 2b8b7d7] GetSurfaceNode: id: 30, surfaceNode: RSNode is null, original: RSUIContext [token: 7116760809473, tid: 1657]
CST 2026-07-17 18:48:31.547  1657  1657 W C0393b/AceWindowScene: [a92ab1087f6de13, 329eb9, 2b8b7d7] [(100000:100000:scope)] OnAttachToFrameNode id: 30, node id: 2172, name: cn.alfadb.netbird.r1probe, state: 0, in recents: 0, appLockControl: 0, prelaunch: 0
CST 2026-07-17 18:48:31.547   182   182 W C02c11/APPSPAWN: errno:2 bind mount /mnt/hmdfs/100/cloud/data/cn.alfadb.netbird.r1probe to /mnt/debugtmp/100/debug_hap/cn.alfadb.netbird.r1probe/data/storage/el2/cloud
CST 2026-07-17 18:48:31.547  1657  1657 I C04216/WMSPattern: [a92ab1087f6de13, 329eb9, 2b8b7d7] GetCallerSessionColorMode: bundle cn.alfadb.netbird.r1probe, caller 
CST 2026-07-17 18:48:31.547  1657  1657 I C04216/WMSPattern: [a92ab1087f6de13, 329eb9, 2b8b7d7] GetIsDarkFromConfiguration: colorMode: light
CST 2026-07-17 18:48:31.547  1657  1657 I C04216/WMSPattern: [a92ab1087f6de13, 329eb9, 2b8b7d7] GetIsDarkFromConfiguration: colorMode: light
CST 2026-07-17 18:48:31.548  1657  1657 I C04216/WMSPattern: [a92ab1087f6de13, 329eb9, 2b8b7d7] GetStartWindowColorFollowApp: follow sys: cn.alfadb.netbird.r1probe
CST 2026-07-17 18:48:31.548  1657  1657 W C04216/WMSPattern: [a92ab1087f6de13, 329eb9, 2b8b7d7] GetStartingWindowInfoFromCache: fff2f6f8, resource:///16777222.svg, 0, , 0
CST 2026-07-17 18:48:31.548  1657  1657 I C04216/WMSPattern: [a92ab1087f6de13, 329eb9, 2b8b7d7] GetPreloadStartingWindow: svgBufferInfo 30
CST 2026-07-17 18:48:31.548  1657  1657 I C04216/WMSPattern: [a92ab1087f6de13, 329eb9, 2b8b7d7] GetCallerSessionColorMode: bundle cn.alfadb.netbird.r1probe, caller 
CST 2026-07-17 18:48:31.548  1657  1657 I C04216/WMSPattern: [a92ab1087f6de13, 329eb9, 2b8b7d7] GetIsDarkFromConfiguration: colorMode: light
CST 2026-07-17 18:48:31.548  1657  1657 I C04216/WMSPattern: [a92ab1087f6de13, 329eb9, 2b8b7d7] GetIsDarkFromConfiguration: colorMode: light
CST 2026-07-17 18:48:31.548  1657  1657 I C04216/WMSPattern: [a92ab1087f6de13, 329eb9, 2b8b7d7] GetStartWindowColorFollowApp: follow sys: cn.alfadb.netbird.r1probe
CST 2026-07-17 18:48:31.548  1657  1657 I C04216/WMSPattern: [a92ab1087f6de13, 329eb9, 2b8b7d7] ResetPreloadStartingWindow: 30
CST 2026-07-17 18:48:31.548  1657  1657 I C0393b/AceWindowScene: [a92ab1087f6de13, 329eb9, 2b8b7d7] [(100000:100000:scope)] use preload buffer id:30
CST 2026-07-17 18:48:31.548  1657  1657 I C0393b/AceWindowScene: [a92ab1087f6de13, 329eb9, 2b8b7d7] [(100000:100000:scope)] AddChild StartingWindow, 2172
CST 2026-07-17 18:48:31.549  1657  1657 I A01b00/SCB: [a92ab1087f6de13, 329eb9, 2b8b7d7] LuoShuStateManager --> getLuoShuStateInfo: WMUtils {"luoShuState":0,"scenePanelState":1,"eventType":-1,"screenInfo":{"isLandscape":false,"foldState":1},"screenId":0,"holdingHandStatus":1}
CST 2026-07-17 18:48:31.549   634  2365 I C02515/DISP: [InitBufferHandle:229] express init gbuffer id 93d0000003c ret 0 err 0 fd 6 512 512 pixel 4 size 1048576 usage 2b
CST 2026-07-17 18:48:31.549   634  2365 I C02515/DISP: [ExpressAllocMem:271] ExpressAllocMem requeset BufferHandle 6, width 512, heigt 512, format 20
CST 2026-07-17 18:48:31.577  1657  1657 I C01406/RSNode: [a92ab1087f6de13, 329eb9, 2b8b7d7] RSNode::AddChild, Id: 7116760810266, SurfaceNode:[Id: 7116760810267, name: WindowScene_r1probe30]
CST 2026-07-17 18:48:31.578  1657  1657 I C01406/RSNode: [a92ab1087f6de13, 329eb9, 2b8b7d7] RSNode::AddChild, Id: 7116760809575, SurfaceNode:[Id: 7116760809479, name: BackgroundBlurView2]
CST 2026-07-17 18:48:31.578  1657  1657 I A04200/WINDOW: [a92ab1087f6de13, 329eb9, 2b8b7d7] SCBSPM: onBlurTransitionActive blurScale:1 source:SCBScenePanel > startBlurAnimation leg 1 isForegroundBlurActive:false
CST 2026-07-17 18:48:31.579  1657  1657 W A01b09/RECENT: [a92ab1087f6de13, 329eb9, 2b8b7d7] SCBScenePanelSession: setBgBlurScale, blurScale: 0 to 1,caller function name: SCBScenePanel > startBlurAnimation leg 1
CST 2026-07-17 18:48:31.579   182   182 I C02c11/APPSPAWN: AppSpawn msgId:26 msgLen:1912 tlvCount:7 processName:cn.alfadb.netbird.r1probe
CST 2026-07-17 18:48:31.579   182   182 I C02c11/APPSPAWN: cn.alfadb.netbird.r1probe App flags 0x8 0x104
CST 2026-07-17 18:48:31.579  1657  1657 I A01b00/SCB: [a92ab1087f6de13, 329eb9, 2b8b7d7] PerformanceReporter: exitScene:64, currentMemScene:33
CST 2026-07-17 18:48:31.579   182   182 I C02c11/APPSPAWN: cn.alfadb.netbird.r1probe App permission bits flags 0x0 0x0
CST 2026-07-17 18:48:31.579   182   182 I C02c11/APPSPAWN: uid:20020062 gid:20020062 count:2
CST 2026-07-17 18:48:31.579   182   182 I C02c11/APPSPAWN: cn.alfadb.netbird.r1probe index:0 apl:normal hapFlags:0x0
CST 2026-07-17 18:48:31.580  1657  1657 I A01b09/RECENT: [a92ab1087f6de13, 329eb9, 2b8b7d7] RecentPanelViewModel: setScenePanelTouchableByNavigation is false, scenePanelState is 1 isTouchableByNavBar:false isTouchable:undefined
CST 2026-07-17 18:48:31.580  1657  1657 I A04204/WMSScb: [a92ab1087f6de13, 329eb9, 2b8b7d7] setSessionTouchable:false this.sessionChangeCallback:undefined
CST 2026-07-17 18:48:31.580  1657  1657 I A04223/SCBMain: [a92ab1087f6de13, 329eb9, 2b8b7d7] notifyForegroundInteractiveStatus, persistentId:30 interactive:true
CST 2026-07-17 18:48:31.581  1657  1657 I A01b01/HOME: [a92ab1087f6de13, 329eb9, 2b8b7d7] SCBSPVM: close formservice and managerview when fullscene
CST 2026-07-17 18:48:31.581  1657  1657 I A01b0a/GESTURE: [a92ab1087f6de13, 329eb9, 2b8b7d7] FlowLightManager --> SCBSPVM updateFlowLightOpacity 1
CST 2026-07-17 18:48:31.582  1657  1657 I A01b00/SCB: [a92ab1087f6de13, 329eb9, 2b8b7d7] LuoShuStateManager --> getLuoShuStateInfo: SAEManager {"luoShuState":0,"scenePanelState":1,"eventType":-1,"screenInfo":{"isLandscape":false,"foldState":1},"screenId":0,"holdingHandStatus":1}
CST 2026-07-17 18:48:31.582  1657  1657 I A01b00/SCB: [a92ab1087f6de13, 329eb9, 2b8b7d7] LuoShuStateManager --> Module SAEManager registered successfully
CST 2026-07-17 18:48:31.582  1657  1657 I A01a00/SYS_UI: [a92ab1087f6de13, 329eb9, 2b8b7d7] OverlayStartAnimHelper: checkStartOverlayTransitionIn
CST 2026-07-17 18:48:31.582  1657  1657 E A01a00/SYS_UI: [a92ab1087f6de13, 329eb9, 2b8b7d7] OverlayStartAnimHelper: overlayCardInfo is invalid
CST 2026-07-17 18:48:31.582  1657  1657 I A04200/WINDOW: [a92ab1087f6de13, 329eb9, 2b8b7d7] SCBSSM: resetStartingSceneFromPiP
CST 2026-07-17 18:48:31.582  1657  1657 I A01b01/HOME: [a92ab1087f6de13, 329eb9, 2b8b7d7] SCBSPVM: Not SmartKey quickAccessMenu
CST 2026-07-17 18:48:31.582  1657  1657 W A01b01/HOME: [a92ab1087f6de13, 329eb9, 2b8b7d7] SCBSPVM: [SCBMain]onStartSceneFromOther !isActive call sceneContainerZoomIn
CST 2026-07-17 18:48:31.582  1657  1657 I A04200/WINDOW: [a92ab1087f6de13, 329eb9, 2b8b7d7] SCBFloatManager: minimizeAllFloatContainer reason:minimizeAllFloatWindowFromFullScreen
CST 2026-07-17 18:48:31.583  1657  1657 I A01b01/HOME: [a92ab1087f6de13, 329eb9, 2b8b7d7] SCBSCS: initSmallFolderBg isExitToSmallFolder: false
CST 2026-07-17 18:48:31.583  1657  1657 W A01b01/HOME: [a92ab1087f6de13, 329eb9, 2b8b7d7] SCBSCS: [SCBScenePanelViewModel] sceneAlpha from 1 to 0. reason: sceneContainerZoomIn, extra: EntryAbility/cn.alfadb.netbird.r1probe/entry/0(persistentId: 30)(containerId: 1)
CST 2026-07-17 18:48:31.583  1657  1657 W A04202/WMSMain: [a92ab1087f6de13, 329eb9, 2b8b7d7] add failed. EntryAbility/cn.alfadb.netbird.r1probe/entry/0(persistentId: 30)(containerId: 1) already existed in array
CST 2026-07-17 18:48:31.583  1657  1657 I A04200/WINDOW: [a92ab1087f6de13, 329eb9, 2b8b7d7] SCBSceneRecentMissionManager: add id 30 to recentMissionIdSet
CST 2026-07-17 18:48:31.583  1657  1657 I A04200/WINDOW: [a92ab1087f6de13, 329eb9, 2b8b7d7] SCBSPM: Remove container id: 1, 30
CST 2026-07-17 18:48:31.583  1657  1657 I A01b09/RECENT: [a92ab1087f6de13, 329eb9, 2b8b7d7] RecentDockRefreshAlarm: refresh recent dock: EntryAbility/cn.alfadb.netbird.r1probe/entry/0(persistentId: 30)(containerId: 1)
CST 2026-07-17 18:48:31.583  3152  3152 W C02c02/PARAM: Selinux check name persist.init.debug.loglevel in u:object_r:startup_init_param:s0 [3152 2000 2000] failed
CST 2026-07-17 18:48:31.583  1657  1657 I A01b09/RECENT: [a92ab1087f6de13, 329eb9, 2b8b7d7] RecentDockRefreshAlarm: start alarm recent dock: EntryAbility/cn.alfadb.netbird.r1probe/entry/0(persistentId: 30)(containerId: 1)
CST 2026-07-17 18:48:31.583  3152  3152 W C02c02/PARAM: Selinux check name persist.init.debug.loglevel in u:object_r:startup_init_param:s0 [3152 2000 2000] failed
CST 2026-07-17 18:48:31.583  3152  3152 W C02c02/PARAM: SystemReadParam failed!name is:persist.init.debug.loglevel,err:1002
CST 2026-07-17 18:48:31.583  1657  1657 W A01b01/HOME: [a92ab1087f6de13, 329eb9, 2b8b7d7] SCBSCS: Add count 1, 0
CST 2026-07-17 18:48:31.584  1657  1657 I A01b01/HOME: [a92ab1087f6de13, 329eb9, 2b8b7d7] SCBTM: Add count 1, 0
CST 2026-07-17 18:48:31.584  1657  1657 W A01b01/HOME: [a92ab1087f6de13, 329eb9, 2b8b7d7] SCBSCS: getTransitionCount from session 1, 1
CST 2026-07-17 18:48:31.584  1657  1657 W A01b01/HOME: [a92ab1087f6de13, 329eb9, 2b8b7d7] SCBTM: getTransitionCount from animationMap 1, 1
CST 2026-07-17 18:48:31.584  1657  1657 I A01b01/HOME: [a92ab1087f6de13, 329eb9, 2b8b7d7] SCBScenePanelAnimator: persistentId: 30 callerPersistentId: 0 activePersistentId: undefined
CST 2026-07-17 18:48:31.584  1657  1657 I A01b00/SCB: [a92ab1087f6de13, 329eb9, 2b8b7d7] LuoShuStateManager --> getLuoShuStateInfo: SCBScenePanelAnimator {"luoShuState":0,"scenePanelState":1,"eventType":-1,"screenInfo":{"isLandscape":false,"foldState":1},"screenId":0,"holdingHandStatus":1}
CST 2026-07-17 18:48:31.584  1657  1657 I A01b01/HOME: [a92ab1087f6de13, 329eb9, 2b8b7d7] SCBScenePanelAnimator: sceneContainerZoomIn
CST 2026-07-17 18:48:31.584  1657  1657 W A01b01/HOME: [a92ab1087f6de13, 329eb9, 2b8b7d7] SCBTM: notifySceneTransitionIn isTransitionInFromOther: true
CST 2026-07-17 18:48:31.584  1657  1657 I A01b01/HOME: [a92ab1087f6de13, 329eb9, 2b8b7d7] SCBTM: cancelAndResetCloseAppAnimate change currentTransitionController
CST 2026-07-17 18:48:31.584  1657  1657 I A01b01/HOME: [a92ab1087f6de13, 329eb9, 2b8b7d7] SCBTM: cleanTransition ignore
CST 2026-07-17 18:48:31.584  1657  1657 I A0001b/AA: [a92ab1087f6de13, 329eb9, 2b8b7d7] OutSideWindowManager: globalSearchStatus: 0
CST 2026-07-17 18:48:31.584  1657  1657 I C03930/AceAnimation: [a92ab1087f6de13, 329eb9, 2b8b7d7] [(100000:100000:scope)] animateTo starts, dur:1000, curve:responsiveSpring(0.260,1.157,0.000), delay:50, cnt:21
CST 2026-07-17 18:48:31.586  1657  1657 I A01b01/HOME: [a92ab1087f6de13, 329eb9, 2b8b7d7] SCBSceneContainer: issShowTransitionIconOrCard state is 0, isCombinationIcon:false
CST 2026-07-17 18:48:31.587  2992  2992 I C02c11/APPSPAWN: AppSpawnChild id 25 flags:0xc
CST 2026-07-17 18:48:31.587  2992  2992 I C02c02/PARAM: ResetParamSecurityLabel Fd:18
CST 2026-07-17 18:48:31.588   931  2974 I C01409/APS_MANAGER: [a92ab1087f6de13, 359ca06, 11f126b] SetScene pkgName = com.ohos.sceneboard, scene = START_APP_ANIMATION, state = 1
CST 2026-07-17 18:48:31.588   931  2974 W C01409/APS_MANAGER: [a92ab1087f6de13, 359ca06, 11f126b] FrameRateControl removeSceneInfo: unknow scene!
CST 2026-07-17 18:48:31.588  1657  1657 I C0392c/AceForEach: [a92ab1087f6de13, 329eb9, 2b8b7d7] [(100000:100000:scope)] ForEachNode skip mark dirty. Id[2134], Ids.size[1]
CST 2026-07-17 18:48:31.588  2992  2992 I C02d33/HitraceOption: FilterAppTrace cn.alfadb.netbird.r1probe 2992
CST 2026-07-17 18:48:31.588  1657  1657 I A01b01/HOME: [a92ab1087f6de13, 329eb9, 2b8b7d7] SCBSceneContainer: isAnimSnapshotShow false, isShowContainerSnapshot.
CST 2026-07-17 18:48:31.589   766  1196 W C01311/AppMS: [a92ab1087f6de13, 25c823b, 36586b9] [AMSI9922]caller token not SA
CST 2026-07-17 18:48:31.589   766  1196 W C01364/UN: [a92ab1087f6de13, 25c823b, 36586b9] [user_controller.cpp257]invalid user lock status: 1
CST 2026-07-17 18:48:31.589   766  1110 I C01336/AMS: [a92ab1087f6de13, 2faa549, 25c823b] [ability_event_util.cpp83]HandleBundleFirstLaunch: bundleName=cn.alfadb.netbird.r1probe, userId=100,appIndex=0, appId=cn.alfadb.netbird.r1probe_, callerBundleName=_system
CST 2026-07-17 18:48:31.589   766  1110 I C01316/BMSHelper: [a92ab1087f6de13, 2faa549, 25c823b] [bundle_mgr_helper.cpp663]appName: cn.alfadb.netbird.r1probe, appIndex: 0
CST 2026-07-17 18:48:31.589  1657  3065 I C0420a/WMSLife: [a92ab1087f6de13, 36586b9, 390927c] start ui ability sceneFlag:4 isRestart:0 pageConfig:0 retCode: 0
CST 2026-07-17 18:48:31.589  2992  2992 W C02c11/APPSPAWN: errno:2 bind mount /system/app/ArkWebCoreLegacy to /mnt/sandbox/100/cn.alfadb.netbird.r1probe/system/app/ArkWebCoreLegacy
CST 2026-07-17 18:48:31.589   766  1110 I C01123/BMSCommon: [a92ab1087f6de13, 2faa549, 25c823b] rdb SaveStorageBundleInfo -n cn.alfadb.netbird.r1probe
CST 2026-07-17 18:48:31.590  2992  2992 W C02c11/APPSPAWN: errno:2 bind mount /vendor/etc/hiai to /mnt/sandbox/100/cn.alfadb.netbird.r1probe/vendor/etc/hiai
CST 2026-07-17 18:48:31.590  2992  2992 W C02c11/APPSPAWN: errno:2 bind mount /data/data/hiai to /mnt/sandbox/100/cn.alfadb.netbird.r1probe/data/data/hiai
CST 2026-07-17 18:48:31.590  1657  2126 I C0420a/WMSLife: [a92ab1087f6de13, 390927c, 329eb9] ResetSessionInfoAfterStartUIAbility: in
CST 2026-07-17 18:48:31.590  1657  2126 I C04202/WMSMain: [a92ab1087f6de13, 390927c, 329eb9] Cold start, identityToken:1784285311486, bundleName:cn.alfadb.netbird.r1probe
CST 2026-07-17 18:48:31.590  1657  2126 I C0420a/WMSLife: [a92ab1087f6de13, 390927c, 329eb9] ResetSessionConnectState: [id: 30] state: 0
CST 2026-07-17 18:48:31.590  1657  2126 I C0420c/WMSEvent: [a92ab1087f6de13, 390927c, 329eb9] SetCallingPid: id:30, -1
CST 2026-07-17 18:48:31.590  1657  2126 I C0420a/WMSLife: [a92ab1087f6de13, 390927c, 329eb9] ResetIsActive: [id: 30] isActive: 0
CST 2026-07-17 18:48:31.590  1657  2126 I C0420a/WMSLife: [a92ab1087f6de13, 390927c, 329eb9] UpdatePrivacyModeControlInfo: no need to update privacy mode control info
CST 2026-07-17 18:48:31.591  1657  2126 I C0420a/WMSLife: [a92ab1087f6de13, 390927c, 329eb9] RemoveRequestTaskInfo: persistentId:30, requestId:1, infoMap size:1, wantMap size:0
CST 2026-07-17 18:48:31.591  1657  2126 I C0420b/WMSKeyboard: [a92ab1087f6de13, 13fa946, 329eb9] CheckEmptyKeyboardAvoidAreaIfNeeded: check keyboard avoid area, isPhoneNotFreeMultiWindow: 1, isPadNotFreeMultiWindow: 0
CST 2026-07-17 18:48:31.591  2992  2992 W C02c11/APPSPAWN: errno:2 bind mount /data/service/el1/public/themes/100/a/app to /mnt/sandbox/100/cn.alfadb.netbird.r1probe/data/themes/a/app
CST 2026-07-17 18:48:31.591   232  2130 I C01d00/accessibility: [a92ab1087f6de13, 357db9e, 33271d9] [(WindowUpdateAll:1027)]WindowUpdateAll start activeWindowId_: 10
CST 2026-07-17 18:48:31.591  2992  2992 W C02c11/APPSPAWN: errno:2 bind mount /data/service/el1/public/themes/100/b/app to /mnt/sandbox/100/cn.alfadb.netbird.r1probe/data/themes/b/app
CST 2026-07-17 18:48:31.591  1657  2126 I C04208/WMSLayout: [a92ab1087f6de13, 13fa946, 329eb9] operator(): UpdateRect: id:4, reason:0 OnBoundsChanged rect:win=[0 0 1320 2856] client=[0 0 0 0]
CST 2026-07-17 18:48:31.591   232  2130 I C01d00/accessibility: [a92ab1087f6de13, 357db9e, 33271d9] [(SetActiveWindow:398)]windowId is 10, activeWindowId_: -1
CST 2026-07-17 18:48:31.591  1657  2126 I C04209/WMSImms: [a92ab1087f6de13, 3683f95, 329eb9] PrintAvoidAreaInfo: win 30 display 0 type 0 rect [0 0 1320 2856] bar [0 0 1320 136]
CST 2026-07-17 18:48:31.591   232  2130 I C01d00/accessibility: [a92ab1087f6de13, 357db9e, 33271d9] [(WindowUpdateAll:1079)]WindowUpdateAll end activeWindowId_: 10
CST 2026-07-17 18:48:31.592   766  1110 I C01631/GaussPD: [a92ab1087f6de13, 2faa549, 25c823b]  [0] [ADAPTER] [140010336267008] Not support binlog_default.writeLock file enable del monitor sysno = 25
CST 2026-07-17 18:48:31.592   766  1110 I C01631/GaussPD: [a92ab1087f6de13, 2faa549, 25c823b]  [0] [ADAPTER] [140010336267008] Not support binlog_default.writeLock file enable del monitor sysno = 25
CST 2026-07-17 18:48:31.592   766  1110 I C01631/GaussPD: [a92ab1087f6de13, 2faa549, 25c823b]  [0] [ADAPTER] [140010336267008] Not support binlog_default.writeLock file enable del monitor sysno = 25
CST 2026-07-17 18:48:31.592  2992  2992 W C02c11/APPSPAWN: errno:2 bind mount /data/service/el1/100/for-all-app/fonts to /mnt/sandbox/100/cn.alfadb.netbird.r1probe/data/service/el1/public/for-all-app/fonts
CST 2026-07-17 18:48:31.592   766  1110 I C01631/GaussPD: [a92ab1087f6de13, 2faa549, 25c823b]  [0] [ADAPTER] [140010336267008] Not support binlog_default.writeLock file enable del monitor sysno = 25
CST 2026-07-17 18:48:31.592  2992  2992 W C02c11/APPSPAWN: errno:2 bind mount /chip_prod/lib64/passthrough to /mnt/sandbox/100/cn.alfadb.netbird.r1probe/chip_prod/lib64/passthrough
CST 2026-07-17 18:48:31.592   766  1162 W C04201/DMS: [a92ab1087f6de13, 254da13, 3683f95] screen_cutout_controller.cpp GetCutoutArea: display:[ID: 0, W: 1320, H: 2856, R: 0,Mode 0]
CST 2026-07-17 18:48:31.592  1657  2126 I C04209/WMSImms: [a92ab1087f6de13, 3683f95, 329eb9] PrintAvoidAreaInfo: win 30 display 0 type 1 rect [0 0 1320 2856] bar [517 45 285 103]
CST 2026-07-17 18:48:31.592  1657  2126 I C0420b/WMSKeyboard: [a92ab1087f6de13, 3683f95, 329eb9] CheckEmptyKeyboardAvoidAreaIfNeeded: check keyboard avoid area, isPhoneNotFreeMultiWindow: 1, isPadNotFreeMultiWindow: 0
CST 2026-07-17 18:48:31.592  2992  2992 W C02c11/APPSPAWN: errno:2 bind mount /data/app/el1/bundle/public/com.huawei.hmos.arkwebcorelegacy to /mnt/sandbox/100/cn.alfadb.netbird.r1probe/data/storage/el1/bundle/arkwebcorelegacy
CST 2026-07-17 18:48:31.592  2992  2992 W C02c11/APPSPAWN: check dir /data/app/el1/bundle/public/com.huawei.hmos.arkwebcorelegacy failed,strerror:No such file or directory
CST 2026-07-17 18:48:31.592  1657  2126 I C04209/WMSImms: [a92ab1087f6de13, 3683f95, 329eb9] PrintAvoidAreaInfo: win 30 display 0 type 4 rect [0 0 1320 2856] bar [429 2758 462 98]
CST 2026-07-17 18:48:31.592  1657  2126 I C04208/WMSLayout: [a92ab1087f6de13, 3683f95, 329eb9] operator(): UpdateRect: id:30, reason:0 OnBoundsChanged rect:win=[0 0 1320 2856] client=[0 0 0 0]
CST 2026-07-17 18:48:31.593  1657  1657 W C0393b/AceWindowScene: [a92ab1087f6de13, 329eb9, 2b8b7d7] [(100000:100000:scope)] parentId:2171, nodeId:2172, sessionId:30
CST 2026-07-17 18:48:31.593  2992  2992 W C02c11/APPSPAWN: check dir /data/app/el1/public/aot_compiler/ark_cache/cn.alfadb.netbird.r1probe failed,strerror:No such file or directory
CST 2026-07-17 18:48:31.593  1657  1657 I A01b00/SCB: [a92ab1087f6de13, 329eb9, 2b8b7d7] LuoShuStateManager --> getLuoShuStateInfo: WMUtils {"luoShuState":0,"scenePanelState":1,"eventType":-1,"screenInfo":{"isLandscape":false,"foldState":1},"screenId":0,"holdingHandStatus":1}
CST 2026-07-17 18:48:31.594  1657  1657 I A01b0f/TE: [a92ab1087f6de13, 329eb9, 2b8b7d7] WallpaperManager --> updateDeskTopWallpaperScale scale = 1.1;
CST 2026-07-17 18:48:31.594   634  2365 I C02515/DISP: [ExpressFreeMem:317] freeMem bufferhandle gbuffer_id 93d0000003c, width 512, heigt 512
CST 2026-07-17 18:48:31.595   766  1330 I C01202/Unordered: [a92ab1087f6de13, 3f463f0, 1a3a836] Pid 766 publish usual.event.APP_FIRST_LAUNCH to -1 end(0,0,0,0)
CST 2026-07-17 18:48:31.595  1657  1657 I A0001b/AA: [a92ab1087f6de13, 329eb9, 2b8b7d7] OutSideWindowManager: globalSearchStatus: 0
CST 2026-07-17 18:48:31.596  1657  1657 W A01b00/SCB: [a92ab1087f6de13, 329eb9, 2b8b7d7] SCBDesktop --> onDesktopAnimateScaleChanged changeScale to 0.88, due to:onActive
CST 2026-07-17 18:48:31.596  1657  1657 I A0001b/AA: [a92ab1087f6de13, 329eb9, 2b8b7d7] OutSideWindowManager: globalSearchStatus: 0
CST 2026-07-17 18:48:31.596  1657  1657 I A01b00/SCB: [a92ab1087f6de13, 329eb9, 2b8b7d7] LuoShuStateManager --> getLuoShuStateInfo: SCBWindowRotateController {"luoShuState":0,"scenePanelState":1,"eventType":-1,"screenInfo":{"isLandscape":false,"foldState":1},"screenId":0,"holdingHandStatus":1}
CST 2026-07-17 18:48:31.596  1657  1657 I A0421d/WMSRotation: [a92ab1087f6de13, 329eb9, 2b8b7d7] [isNonHook] luoShuState: 0
CST 2026-07-17 18:48:31.596  1657  1657 E A0421d/WMSRotation: [a92ab1087f6de13, 329eb9, 2b8b7d7] [needRotateWithFlowLight] no need add rotation
CST 2026-07-17 18:48:31.596  1657  1657 W A0421d/WMSRotation: [a92ab1087f6de13, 329eb9, 2b8b7d7] [getRotatedScreenProperty] this.rotation: 0; getRotatedScreenProperty: {rect: [0, 0, 1320, 2856], rotation: 0}
CST 2026-07-17 18:48:31.596  1657  1657 I A0421d/WMSRotation: [a92ab1087f6de13, 329eb9, 2b8b7d7] [startSceneWithRotationIfNeed] containerSession EntryAbility/cn.alfadb.netbird.r1probe/entry/0(persistentId: 30)(containerId: 1)needAnimation false isFromRecent false fromUser false isPageRotation false
CST 2026-07-17 18:48:31.597  1657  1657 I A0421d/WMSRotation: [a92ab1087f6de13, 329eb9, 2b8b7d7] [coverSensorRotation] cover sensor rotation.
CST 2026-07-17 18:48:31.597  1657  1657 I A01b00/SCB: [a92ab1087f6de13, 329eb9, 2b8b7d7] SCBCompatibilityModeController: [addInvertedPortraitOrientationIfNeeded] requestOrientation:undefined
CST 2026-07-17 18:48:31.597  1657  1657 I A01b00/SCB: [a92ab1087f6de13, 329eb9, 2b8b7d7] SCBCompatibilityModeResourceManager: [isCurrentSupportAddInvertedPortraitOrientation] isSupportAddInvertedPortraitOrientation: false
CST 2026-07-17 18:48:31.597  1657  1657 I A01b00/SCB: [a92ab1087f6de13, 329eb9, 2b8b7d7] SCBCompatibilityModeResourceManager: [isNeedAddInvertedPortraitOrientation] current device status is not support adding inverted portrait orientation
CST 2026-07-17 18:48:31.597  1657  1657 I A04200/WINDOW: [a92ab1087f6de13, 329eb9, 2b8b7d7] SCBScreenSM: screenRotationLocked value:true
CST 2026-07-17 18:48:31.597  1657  1657 W A0421d/WMSRotation: [a92ab1087f6de13, 329eb9, 2b8b7d7] [getTargetRotation] bundleName:cn.alfadb.netbird.r1probe requestOrientation:0 isScreenLocked:true isPlacedRotateFriendlyDevicePlaced:false fixedRotation: -1 rotationCommand: {"isIgnorePlacedState":false,"isFromDropDown":false}
CST 2026-07-17 18:48:31.597  1657  1657 I A04200/WINDOW: [a92ab1087f6de13, 329eb9, 2b8b7d7] SCBSSM: targetOrientation does not belong to the userOrientation type
CST 2026-07-17 18:48:31.597  1657  1657 I A0421d/WMSRotation: [a92ab1087f6de13, 329eb9, 2b8b7d7] [notifySupportRotationChange] container requestOrientation: 0 scene requestOrientation: 0
CST 2026-07-17 18:48:31.597  1657  1657 I A0421d/WMSRotation: [a92ab1087f6de13, 329eb9, 2b8b7d7] [notifySupportRotationChange] displayId: 0 persistentId: 30 container: [true,false,false,false] scene: [true,false,false,false] reason: ContainerRequestedOrientationChange
CST 2026-07-17 18:48:31.597  1657  1657 I A04200/WINDOW: [a92ab1087f6de13, 329eb9, 2b8b7d7] SCBSSM: notifySupportRotationChange
CST 2026-07-17 18:48:31.597  1657  1657 I C0421d/WMSRotation: [a92ab1087f6de13, 329eb9, 2b8b7d7] OnNotifySupportRotationChange: persistentId: 30, container size: 4, scene size: 4
CST 2026-07-17 18:48:31.597  1657  1657 I A0421d/WMSRotation: [a92ab1087f6de13, 329eb9, 2b8b7d7] [startSceneWithRotationIfNeed] before rotate with targetRotation=0, sensorRotation=0, currentScreenRotation=0, currentContainerRotation=0, tempRotation=, name=cn.alfadb.netbird.r1probe
CST 2026-07-17 18:48:31.597  1657  1657 I A0421d/WMSRotation: [a92ab1087f6de13, 329eb9, 2b8b7d7] [rotateWindowPolicy] no need to rotate with same targetRotation
CST 2026-07-17 18:48:31.597  1657  1657 I A01b00/SCB: [a92ab1087f6de13, 329eb9, 2b8b7d7] LuoShuStateManager --> getLuoShuStateInfo: SCBScreenSM {"luoShuState":0,"scenePanelState":1,"eventType":-1,"screenInfo":{"isLandscape":false,"foldState":1},"screenId":0,"holdingHandStatus":1}
CST 2026-07-17 18:48:31.597  1657  1657 I A01b01/HOME: [a92ab1087f6de13, 329eb9, 2b8b7d7] SCBSCS: [SCBSCS] scaleX from 1 to 0.035. reason: startOther, extra: EntryAbility/cn.alfadb.netbird.r1probe/entry/0(persistentId: 30)(containerId: 1)
CST 2026-07-17 18:48:31.598  1657  1657 I A01b01/HOME: [a92ab1087f6de13, 329eb9, 2b8b7d7] SCBSCS: [SCBSCS] scaleY from 1 to 0.035. reason: startOther, extra: EntryAbility/cn.alfadb.netbird.r1probe/entry/0(persistentId: 30)(containerId: 1)
CST 2026-07-17 18:48:31.598  1657  1657 W A01b01/HOME: [a92ab1087f6de13, 329eb9, 2b8b7d7] SCBSCS: [SCBSCS] translateY from 0 to -163.20000000000002. reason: startOther, extra: EntryAbility/cn.alfadb.netbird.r1probe/entry/0(persistentId: 30)(containerId: 1)
CST 2026-07-17 18:48:31.598  1657  1657 W A01b01/HOME: [a92ab1087f6de13, 329eb9, 2b8b7d7] StartAndExitUtil: get screenStateKey: F_portrait, responseType: 1, response: 0.3
CST 2026-07-17 18:48:31.598  2992  2992 W C02c11/APPSPAWN: mount /mnt/sandbox/100/cn.alfadb.netbird.r1probe/mnt/storage/external time 5000 us
CST 2026-07-17 18:48:31.600  1657  1657 W A04200/WINDOW: [a92ab1087f6de13, 329eb9, 2b8b7d7] WindowAnimation: [SCBAnimation] start animation with type ZOOM_IN param {"curve":{"__curveString":"responsive-spring-motion(0.300000,1.157000,0.000000)"}}
CST 2026-07-17 18:48:31.600  1657  1657 I C03930/AceAnimation: [a92ab1087f6de13, 329eb9, 2b8b7d7] [(100000:100000:scope)] animateTo starts, dur:1000, curve:responsiveSpring(0.300,1.157,0.000), cnt:22
CST 2026-07-17 18:48:31.601  1657  1657 I A01b01/HOME: [a92ab1087f6de13, 329eb9, 2b8b7d7] SCBSCS: [SCBSCS] scaleX from 0.035 to 1. reason: onTransitionInactive, extra: EntryAbility/cn.alfadb.netbird.r1probe/entry/0(persistentId: 30)(containerId: 1)
CST 2026-07-17 18:48:31.602  1657  1657 I A01b01/HOME: [a92ab1087f6de13, 329eb9, 2b8b7d7] SCBSCS: [SCBSCS] scaleY from 0.035 to 1. reason: onTransitionInactive, extra: EntryAbility/cn.alfadb.netbird.r1probe/entry/0(persistentId: 30)(containerId: 1)
CST 2026-07-17 18:48:31.602  1657  1657 W A01b01/HOME: [a92ab1087f6de13, 329eb9, 2b8b7d7] SCBSCS: [SCBSCS] translateY from -163.20000000000002 to 0. reason: onTransitionInactive, extra: EntryAbility/cn.alfadb.netbird.r1probe/entry/0(persistentId: 30)(containerId: 1)
CST 2026-07-17 18:48:31.602  1657  1657 I A04200/WINDOW: [a92ab1087f6de13, 329eb9, 2b8b7d7] SCBSPM: onBlurTransitionActive blurScale:1 source:SCBScenePanel > sceneContainerZoomIn isForegroundBlurActive:false
CST 2026-07-17 18:48:31.603  1657  1657 I C03930/AceAnimation: [a92ab1087f6de13, 329eb9, 2b8b7d7] [(100000:100000:scope)] animateTo starts, dur:250, curve:linear, delay:20, cnt:23
CST 2026-07-17 18:48:31.603  1657  1657 W A01b01/HOME: [a92ab1087f6de13, 329eb9, 2b8b7d7] SCBSCS: [SCBScenePanelViewModel] sceneAlpha from 0 to 1. reason: sceneContainerZoomIn, extra: EntryAbility/cn.alfadb.netbird.r1probe/entry/0(persistentId: 30)(containerId: 1)
CST 2026-07-17 18:48:31.603  1657  1657 I A01b01/HOME: [a92ab1087f6de13, 329eb9, 2b8b7d7] SCBSCS: setMotionBlurRadius: 0.5, caller: sceneContainerZoomIn
CST 2026-07-17 18:48:31.604  1657  1657 I A01b00/SCB: [a92ab1087f6de13, 329eb9, 2b8b7d7] LocalEventManager: sendLocalEvent, send local event with no receiver
CST 2026-07-17 18:48:31.604  1657  1657 I A0001b/AA: [a92ab1087f6de13, 329eb9, 2b8b7d7] OutSideWindowManager: globalSearchStatus: 0
CST 2026-07-17 18:48:31.604  1657  1657 I A01b09/RECENT: [a92ab1087f6de13, 329eb9, 2b8b7d7] QuickSwitchRaiseTopAlarm: cancel alarm, reason: start scene from other
CST 2026-07-17 18:48:31.604  1657  1657 I A04200/WINDOW: [a92ab1087f6de13, 329eb9, 2b8b7d7] [SCBMission]SCBSceneMissionManager: startSceneFromOther, to: EntryAbility/cn.alfadb.netbird.r1probe/entry/0 on screen 0
CST 2026-07-17 18:48:31.604  1657  1657 I A04200/WINDOW: [a92ab1087f6de13, 329eb9, 2b8b7d7] [SCBMission]SCBSceneMissionManager: no need defer start
CST 2026-07-17 18:48:31.604  1657  1657 I A04222/WMSMission: [a92ab1087f6de13, 329eb9, 2b8b7d7] switch to onStartSceneTransition activeSessionId:30, toSessionId:30
CST 2026-07-17 18:48:31.604  1657  1657 W A04222/WMSMission: [a92ab1087f6de13, 329eb9, 2b8b7d7] [Screen:0][Panel:1]getMissionProcessor null, fallback to empty default
CST 2026-07-17 18:48:31.604  1657  1657 W A04222/WMSMission: [a92ab1087f6de13, 329eb9, 2b8b7d7] [Screen:0][Panel:2]getMissionProcessor null, fallback to empty default
CST 2026-07-17 18:48:31.605  1657  1657 I C0420a/WMSLife: [a92ab1087f6de13, 329eb9, 2b8b7d7] RemoveLifeCycleTask: Removed lifeCyleTask PendingSessionActivation. PersistentId=30
CST 2026-07-17 18:48:31.605  1657  1657 I C0420a/WMSLife: [a92ab1087f6de13, 329eb9, 2b8b7d7] ProcessPendingSessionActivationResult: persistentId:30, requestId:1,resultCode:1, resultMessage:
CST 2026-07-17 18:48:31.605  1657  1657 I A01b00/SCB: [a92ab1087f6de13, 329eb9, 2b8b7d7] LuoShuStateManager --> getLuoShuStateInfo: WMUtils {"luoShuState":0,"scenePanelState":1,"eventType":-1,"screenInfo":{"isLandscape":false,"foldState":1},"screenId":0,"holdingHandStatus":1}
CST 2026-07-17 18:48:31.608  1657  2126 I C04214/WMSPipeLine: UpdateVisibilityInner: id: 4, visibility: 0 -> 1
CST 2026-07-17 18:48:31.608  1657  1657 I C0392a/AceUiExtensionComponent: [(100000:100000:scope)] [@1991][ID: 1] HandleVisibleAreaChange visible: 0, curVisible: 1, ratio: 0.826446, displayArea: RectT (0.00, 0.00) - [1320.00 x 2856.00].
CST 2026-07-17 18:48:31.608  1657  2126 I C0420b/WMSKeyboard: CheckEmptyKeyboardAvoidAreaIfNeeded: check keyboard avoid area, isPhoneNotFreeMultiWindow: 1, isPadNotFreeMultiWindow: 0
CST 2026-07-17 18:48:31.608  1657  1657 I C02d66/Hiview-PerfMonitor: ProcessJank: JankFrameMonitor::ProcessJank jank >= threshold
CST 2026-07-17 18:48:31.608  1657  2126 I C04215/WMSHierarchy: UpdateZOrderInner: id: 4, zOrder: 0 -> 101, lastZOrder: 0
CST 2026-07-17 18:48:31.609  1657  2126 I C04214/WMSPipeLine: UpdateVisibilityInner: id: 30, visibility: 0 -> 1
CST 2026-07-17 18:48:31.609  1657  2126 I C04215/WMSHierarchy: UpdateZOrderInner: id: 30, zOrder: 0 -> 102, lastZOrder: 0
CST 2026-07-17 18:48:31.609  1657  1657 I A04200/WINDOW: [a92ab1087f6de13, 166900b, 7b77b] SCBSceneSession: onSessionWindowLimitsChange
CST 2026-07-17 18:48:31.609  1657  1657 I C0421e/WMSAnimation: [a92ab1087f6de13, 1136413, 2471621] OnOutlineParamsChange, id: 30, enabled: 0, params: [ color: 4284791644, width: 4vp, shape: 1 ]
CST 2026-07-17 18:48:31.609  1657  1657 I A04200/WINDOW: [a92ab1087f6de13, 1136413, 2471621] SCBSceneOutlineController: [SceneOutline] init
CST 2026-07-17 18:48:31.609  1657  2126 I C04207/WMSFocus: NotifyFocusStatus: name: SCBDesktop7/SCBDesktop7/SCBDesktop7, id: 10, isFocused: 0
CST 2026-07-17 18:48:31.609  1657  1657 I A04200/WINDOW: [a92ab1087f6de13, 1136413, 2471621] SCBSceneSession: SceneOutlineParamsChangeCallbackList length:0, on scene outline params change: { enabled=false, color=4284791644, width=4vp, shape=1, isOutterLine=true, isShowOutline=false }
CST 2026-07-17 18:48:31.609  1657  1657 I C04217/WMSAttribute: [a92ab1087f6de13, 14e6082, 3c583f4] isSkip change to 0
CST 2026-07-17 18:48:31.609  1657  1657 I A04200/WINDOW: [a92ab1087f6de13, 14e6082, 3c583f4] SCBSceneSession: persistentId: 30 snapshot skip change to false!
CST 2026-07-17 18:48:31.609  1657  1657 I A01b00/SCB: TaskpoolUtil: task sequenceExecute
CST 2026-07-17 18:48:31.609  1657  1657 I A01b00/SCB: TaskpoolUtil: task sequenceExecute finally
CST 2026-07-17 18:48:31.609  1657  2126 W C04207/WMSFocus: NotifyHighlightChange: Invalid [10, 0]
CST 2026-07-17 18:48:31.609  1657  1657 I A04200/WINDOW: [a92ab1087f6de13, 278815d, 329eb9] SCBMultiWindowUtils: [SCBMultiWindowGuideUtils.preferenceFlush]: Succeeded in flushing.
CST 2026-07-17 18:48:31.609  1657  1657 I A04200/WINDOW: [a92ab1087f6de13, 2b9a2fd, 329eb9] SCBMultiWindowUtils: [SCBMultiWindowGuideUtils.preferenceFlush]: Succeeded in flushing.
CST 2026-07-17 18:48:31.609  1657  2126 I C04207/WMSFocus: SetHighlightSessionIds: 30
CST 2026-07-17 18:48:31.609  1657  2126 I C03900/Ace: [(-1:100000:singleton)] [com.ohos.sceneboard][phone_sceneboard][100000]: window unfocus
CST 2026-07-17 18:48:31.609  1657  1657 E A01b01/HOME: [a92ab1087f6de13, 330ba4e, 3559324] ResourceManager: getAppName error: {"code":9001001,"message":"GetStringById failed state"}
CST 2026-07-17 18:48:31.610  1657  2126 I C04207/WMSFocus: ShiftFocus: displayId: 0, focusedId: 10, nextId: 30, reason: 15
CST 2026-07-17 18:48:31.610  1657  2126 E C04215/WMSHierarchy: SceneZOrderCheckProcess: ZOrderCheck start
CST 2026-07-17 18:48:31.610   232  2203 I C01d00/accessibility: [(WindowUpdateAll:1027)]WindowUpdateAll start activeWindowId_: 10
CST 2026-07-17 18:48:31.610  1657  1657 I A01b01/HOME: [a92ab1087f6de13, 330ba4e, 3559324] ResourceManager: getBundleAppNameFromBms for cn.alfadb.netbird.r1probe resMgrName: R1 API 24 Probe
CST 2026-07-17 18:48:31.610  1657  1657 I A01b01/HOME: [a92ab1087f6de13, 330ba4e, 3559324] ResourceManager: setBundleAppNameCache cacheKey:cn.alfadb.netbird.r1probe, value: R1 API 24 Probe
CST 2026-07-17 18:48:31.611  1657  1657 W A01b01/HOME: [a92ab1087f6de13, 330ba4e, 3559324] ResourceManager: get appName by bundle, appname is R1 API 24 Probe
CST 2026-07-17 18:48:31.611  1657  1657 I A04223/SCBMain: [a92ab1087f6de13, 2b3ace7, 330ba4e] get app name: R1 API 24 Probe
CST 2026-07-17 18:48:31.611  1657  1657 I A04223/SCBMain: [a92ab1087f6de13, 2b3ace7, 330ba4e] setLabel, label:R1 API 24 Probe
CST 2026-07-17 18:48:31.611  1657  1657 I C0420a/WMSLife: [a92ab1087f6de13, 2b3ace7, 330ba4e] OnSetLabel: label:R1 API 24 Probe, id:30
CST 2026-07-17 18:48:31.611  1657  1657 I A04200/WINDOW: SCBSSM: onShiftFocus id: 10 -> 30, displayGroupId: 0
CST 2026-07-17 18:48:31.611  1657  2126 I C0420a/WMSLife: [a92ab1087f6de13, 18bffa6, 2b3ace7] UpdateSessionLabel set label success label:R1 API 24 Probe
CST 2026-07-17 18:48:31.611  1657  1657 I A01b00/SCB: ViewManagerPolicy --> 10 notifyViewLoseFocus
CST 2026-07-17 18:48:31.611  1657  1657 I A01b0a/GESTURE: SCBGestureManager: onLoseFocus
CST 2026-07-17 18:48:31.611  1657  1657 I A01b00/SCB: SCBDesktop --> Desktop lose focus, the scenePanelState is 1
CST 2026-07-17 18:48:31.611  1657  1657 I A01a00/SYS_UI: SystemUIView: onDeskTopChange: false
CST 2026-07-17 18:48:31.611  2992  2992 W C02c11/APPSPAWN: mount /mnt/sandbox/100/cn.alfadb.netbird.r1probe/mnt/storage/hmdfs time 8999 us
CST 2026-07-17 18:48:31.611   337   409 E C01704/TagSched: [a92ab4087f954ce] [OpenQosCtrl]Failed to open qos_ctrl device
CST 2026-07-17 18:48:31.611   337   409 E C01704/TagSched: [a92ab4087f954ce] [IsQosHandleOpen]get qosSetHandle_ fail
CST 2026-07-17 18:48:31.611   337   409 E C01704/TagSched: [a92ab4087f954ce] [SetQosInternal]qosSetHandle open fail
CST 2026-07-17 18:48:31.611  2992  2992 W C02c11/APPSPAWN: errno:2 bind mount /data/preload/app to /mnt/sandbox/100/cn.alfadb.netbird.r1probe/data/preload/app
CST 2026-07-17 18:48:31.612   337   577 I C01706/ueaServer-IntelliSenseServer: [a92ab4087f954ce] [ReportWindowFocus]:1657 lost focus in screen 0
CST 2026-07-17 18:48:31.612   337   577 I C01702/CgroupSchedEnhance: [a92ab4087f954ce] HandleSceneBoardUnFocusForQos handle sceneboard unfocused!
CST 2026-07-17 18:48:31.613  1657  2179 I C03f05/NAPI: taskpool:: Task Perform: j71, 2183374192, runningLoop: 139902474599376
CST 2026-07-17 18:48:31.614   232  2203 I C01d00/accessibility: [(WindowUpdateAll:1079)]WindowUpdateAll end activeWindowId_: -1
CST 2026-07-17 18:48:31.614   337   577 E C01702/CGS: [a92ab4087f954ce] SetThreadSchedPolicy failed; fd = -1
CST 2026-07-17 18:48:31.614   337   577 E C01702/CGS: [a92ab4087f954ce] SetThreadSchedPolicy failed; fd = -1
CST 2026-07-17 18:48:31.614   337   577 E C01702/CgroupUtils: [a92ab4087f954ce] SetThreadPolicyAndReport set <private> <private> to group <private> failed, ret=-1!
CST 2026-07-17 18:48:31.614   766  1110 I C01631/GaussPD: [a92ab1087f6de13, 2faa549, 25c823b]  [0] [ADAPTER] [140010336267008] Not support binlog_default.writeLock file enable del monitor sysno = 25
CST 2026-07-17 18:48:31.614   766  1110 I C01631/GaussPD: [a92ab1087f6de13, 2faa549, 25c823b]  [0] [ADAPTER] [140010336267008] Not support binlog_default.writeIndex file enable del monitor sysno = 25
CST 2026-07-17 18:48:31.614   766  1110 I C01631/GaussPD: [a92ab1087f6de13, 2faa549, 25c823b]  [0] [ADAPTER] [140010336267008] Not support binlog_default.writeIndex file enable del monitor sysno = 25
CST 2026-07-17 18:48:31.615   337   413 E C01731/SUSPEND_MSG: [a92ab5087f9601c] [(ThawOneApplication):37] suspend manager is not ready.
CST 2026-07-17 18:48:31.615  1657  1675 I C04207/WMSFocus: NotifyRssThawApp, uid: 20020011
CST 2026-07-17 18:48:31.616  1657  2129 I C0420c/WMSEvent: LogWinInfo: eid:10,size:9,idList:3|0|1|100|1657|1657|1;4|0|1|101|1657|1657|1|0,0,1320,2856;7|0|0|1|1657|1657|1;10|0|0|2|1657|1657|1;17|0|1|3|1657|1657|1;19|0|2048|2200|1657|1657|1;21|0|0|2202|1657|1657|1;25|0|2048|4102|1657|1657|2;30|0|0|102|-1|-1|1|-84,-84,1488,3024;30|0,0|1,1|-84,-84,1488,3024
CST 2026-07-17 18:48:31.616  1657  2129 I C0420c/WMSEvent: LogWinInfo: eid:11,size:9,idList:3|0|1|100|1657|1657|1;4|0|1|101|1657|1657|1;7|0|0|1|1657|1657|1;10|0|0|2|1657|1657|1;17|0|1|3|1657|1657|1;19|0|2048|2200|1657|1657|1;21|0|0|2202|1657|1657|1;25|0|2048|4102|1657|1657|2;30|0|0|102|-1|-1|1;30|0,0|1,1|-84,-84,1488,3024
CST 2026-07-17 18:48:31.618   634  2365 I C02515/DISP: [InitBufferHandle:229] express init gbuffer id 93d0000003d ret 0 err 0 fd 6 222 222 pixel 4 size 197136 usage 2b
CST 2026-07-17 18:48:31.618   634  2365 I C02515/DISP: [ExpressAllocMem:271] ExpressAllocMem requeset BufferHandle 6, width 222, heigt 222, format 20
CST 2026-07-17 18:48:31.619   284   529 I C02803/InputWindowsManager: [|8263]newMainDisplayInfo:0, oldMainDisplayInfo:0
CST 2026-07-17 18:48:31.619   284   529 I C02803/InputWindowsManager: [|8263]newMainDisplayInfo:0, oldMainDisplayInfo:0
CST 2026-07-17 18:48:31.620   284   529 I C02803/InputWindowsManager: [|2067]19|0|2758|1320|98|1,0|0|1320|98
CST 2026-07-17 18:48:31.620   284   529 I C02803/InputWindowsManager: [|8263]newMainDisplayInfo:0, oldMainDisplayInfo:0
CST 2026-07-17 18:48:31.620   284   529 I C02803/InputWindowsManager: [|8263]newMainDisplayInfo:0, oldMainDisplayInfo:0
CST 2026-07-17 18:48:31.620   284   529 I C02803/InputWindowsManager: [|2067]19|0|2758|1320|98|1,0|0|1320|98
CST 2026-07-17 18:48:31.621  1657  1657 W A01b01/HOME: ExposureManager --> desktop exposure desktopExposureTimeStart: 47526, lastTime: 6879
CST 2026-07-17 18:48:31.621  1657  1657 W A01b01/HOME: ExposureManager --> desktop exposure displayCount: 1
CST 2026-07-17 18:48:31.621  1657  1657 W A01b01/HOME: ExposureManager --> desktop exposure pageIndexStart: 0, pageIndexEnd: 1, pageCount: 1
CST 2026-07-17 18:48:31.621  1657  1657 I A01b01/HOME: BaseLayoutCacheManager: getAllGridLayoutItemList from exposure, size: 5
CST 2026-07-17 18:48:31.621  1657  1657 W A01b01/HOME: ExposureManager --> desktop exposure save data: {desktopPageIndex:1,exposureTime:6,exposureCount:1,desktopAppInfoList:[{bundleName:cn.alfadb.netbird.r1probe,coordinate:{column:0,row:0},station:desktop},{bundleName:com.ohos.contacts,coordinate:{column:0,row:0},station:dock},{bundleName:com.huawei.hmos.browser,coordinate:{column:1,row:0},station:dock},],desktopFolderInfoList:[],desktopCardInfoList:[],desktopStackInfoList:[]}
CST 2026-07-17 18:48:31.621  2992  2992 W C02c11/APPSPAWN: mount /mnt/sandbox/100/cn.alfadb.netbird.r1probe/mnt/storage/ANCO_APP_DATA time 10000 us
CST 2026-07-17 18:48:31.622  1657  1657 I A04200/WINDOW: SCBWindowFocusController: setFocusedSession, displayGroupId: 0, sessionId: 30, displayId: 0, screenId: 0
CST 2026-07-17 18:48:31.623  1657  1657 I A01b00/SCB: TaskpoolUtil: task sequenceExecute
CST 2026-07-17 18:48:31.623  1657  1657 I A01b00/SCB: TaskpoolUtil: task sequenceExecute finally
CST 2026-07-17 18:48:31.624  1657  1657 I C03900/Ace: [(100000:100000:scope)] Update application state , state: ON_INACTIVE
CST 2026-07-17 18:48:31.624  1657  1657 I C0391c/AceFocus: [(100000:100000:scope)] Window: 1 lost focus.
CST 2026-07-17 18:48:31.624  1657  1657 I C0391c/AceFocus: [(100000:100000:scope)] Scope(Stack/191) has no last focusNode.
CST 2026-07-17 18:48:31.624  1657  1657 I C0391d/AceMouse: [(100000:100000:scope)] VsyncMouseFormat mouseFormat_ and lastVsyncMouseFormat_ = 0 is same.
CST 2026-07-17 18:48:31.625  3157  3157 W C02c02/PARAM: Selinux check name persist.init.debug.loglevel in u:object_r:startup_init_param:s0 [3157 2000 2000] failed
CST 2026-07-17 18:48:31.625  3157  3157 W C02c02/PARAM: Selinux check name persist.init.debug.loglevel in u:object_r:startup_init_param:s0 [3157 2000 2000] failed
CST 2026-07-17 18:48:31.625  3157  3157 W C02c02/PARAM: SystemReadParam failed!name is:persist.init.debug.loglevel,err:1002
CST 2026-07-17 18:48:31.625  1657  1657 I A0001b/AA: SubscriberController --> subscribe, success: DESKTOP
CST 2026-07-17 18:48:31.625  1657  1657 I A0001b/AA: SubscriberController --> onDeskTopEvent event: SCENE_PANEL_EVENT
CST 2026-07-17 18:48:31.625  1657  1657 I A0001b/AA: SubscriberController --> onDeskTopEvent CUSTOM_SCENE_PANEL_EVENT: true
CST 2026-07-17 18:48:31.625  1657  1657 I A04200/WINDOW: SCBMultiWindowManager: receive custom scenePanel event to: 1
CST 2026-07-17 18:48:31.625  1657  1657 I A04200/WINDOW: SCBSceneSessionManagerSubscriber --> subscribe, success: SCBSceneSessionManager
CST 2026-07-17 18:48:31.625  1657  1657 I A04200/WINDOW: SCBSSM: handleScenePanelStateChange state: 1
CST 2026-07-17 18:48:31.625  1657  1657 I C04202/WMSMain: NotifySCBRecentStateChange: isRecent update 0
CST 2026-07-17 18:48:31.632  2992  2992 E C02c11/APPSPAWN: [sandbox_dec.c:180]open dec file fail.
CST 2026-07-17 18:48:31.632   634  2365 I C02515/DISP: [ExpressFreeMem:317] freeMem bufferhandle gbuffer_id 93d0000003d, width 222, heigt 222
CST 2026-07-17 18:48:31.632  2992  2992 I C05a03/Selinux: Hap type for cn.alfadb.netbird.r1probe is changing from u:r:appspawn:s0 to o:r:debug_hap:s0:x94,x334,x512,x868,x1024
CST 2026-07-17 18:48:31.632  2992  2992 I C05a03/Selinux: Hap setcon finish for cn.alfadb.netbird.r1probe
CST 2026-07-17 18:48:31.633   765   765 I C01406/OHOS::RS: RSRenderNode:: add child surfaceNode[id:7116760810267 name:session30] parent'S isOnTheTree_:0
CST 2026-07-17 18:48:31.633   765   765 I C01406/OHOS::RS: RSSurfaceRenderNode:SetIsOnTheTree, node:[name: WindowScene_r1probe30, id: 7116760810267], on tree: 1, nodeType: 4, uniqueId: null, screenNodeId: 3285649981440
CST 2026-07-17 18:48:31.633   765   765 I C01406/OHOS::RS: RSSurfaceRenderNode:SetIsOnTheTree, node:[name: BackgroundBlurView2, id: 7116760809479], on tree: 1, nodeType: 1, uniqueId: 3285649981443, screenNodeId: 3285649981440
CST 2026-07-17 18:48:31.633   765   765 E C01406/RSScreenManager: IsAllScreensPowerOff: screenPowerStatus_ is empty.
CST 2026-07-17 18:48:31.635  2992  2992 I C05a05/SecCompEnhanceClient: [RegisterCheckCallback]Register secComp: sessionId=3347906337, seqNum=******946.
CST 2026-07-17 18:48:31.636  3159  3159 W C02c02/PARAM: Selinux check name persist.init.debug.loglevel in u:object_r:startup_init_param:s0 [3159 2000 2000] failed
CST 2026-07-17 18:48:31.636  3159  3159 W C02c02/PARAM: Selinux check name persist.init.debug.loglevel in u:object_r:startup_init_param:s0 [3159 2000 2000] failed
CST 2026-07-17 18:48:31.636  3159  3159 W C02c02/PARAM: SystemReadParam failed!name is:persist.init.debug.loglevel,err:1002
CST 2026-07-17 18:48:31.636   765   765 I C01406/RSUniRenderVisitor: OcclusionInfo [SCBGestureBack22, 7116760809681, 0], [SCBStatusBar18, 7116760809669, 0], [SCBGestureNavBar16, 7116760809664, 0], [BackgroundBlurView2, 7116760809479, 0], [SCBFormCenter14, 7116760809654, 0], [SCBDesktop7, 7116760809499, 0], [SCBWallpaper5, 7116760809482, 0], 
CST 2026-07-17 18:48:31.636  1657  2126 I C04217/WMSAttribute: Visibility changed, size: 1, WindowVisibilityInfos [name, winId, visibleState]: [BackgroundBlurView2, 4, 0], 
CST 2026-07-17 18:48:31.637   765   906 I C01406/skia: RSSurfaceRenderNodeDrawable::OnDraw name:com.ohos.sceneboardEngineServiceAbility, the number of total processedNodes: 9
CST 2026-07-17 18:48:31.637  2992  3160 W C057c1/IPCWorkThread: ThreadHandler: proto:0 policy:1 name:OS_IPC_0_3160 invoker:7752528
CST 2026-07-17 18:48:31.638   765   906 I C01406/OHOS::GE: GEExternalDynamicLoader load
CST 2026-07-17 18:48:31.638   765   906 E C01406/OHOS::GE: GEExternalDynamicLoader lib handle is null
CST 2026-07-17 18:48:31.639  2992  3161 W C057c1/IPCWorkThread: ThreadHandler: proto:0 policy:0 name:OS_IPC_1_3161 invoker:7753104
CST 2026-07-17 18:48:31.639   765   765 E C01406/RSScreenManager: IsAllScreensPowerOff: screenPowerStatus_ is empty.
CST 2026-07-17 18:48:31.640  2992  2992 I C02d0b/HICHECKER: hichecker param is empty.
CST 2026-07-17 18:48:31.640  2992  2992 I C04500/webview: SelectWebcoreBeforeProcessRun: SelectWebcoreBeforeProcessRun for app cn.alfadb.netbird.r1probe.
CST 2026-07-17 18:48:31.640  2992  2992 I C04500/webview: CalculateActiveWebEngineVersion: CalculateActiveWebEngineVersion, enforce EVERGREEN
CST 2026-07-17 18:48:31.641   182   182 I C02c11/APPSPAWN: Child process:cn.alfadb.netbird.r1probe success pid:2992 appId:25 result:0
CST 2026-07-17 18:48:31.641   182   182 I C02c11/APPSPAWN: Add cn.alfadb.netbird.r1probe,pid=2992 success
CST 2026-07-17 18:48:31.641   182   182 I C02c11/APPSPAWN: watch app process pid:2992,pidFd:40
CST 2026-07-17 18:48:31.641   182   182 E C02c11/APPSPAWN: [appspawn_cgroup.c:54]Failed to open file errno: 2 path: /dev/pids/100/cn.alfadb.netbird.r1probe/app_2992/cgroup.procs
CST 2026-07-17 18:48:31.641   182   182 E C02c11/APPSPAWN: [appspawn_cgroup.c:158]write pid to cgroup.procs fail /dev/pids/100/cn.alfadb.netbird.r1probe/app_2992/cgroup.procs
CST 2026-07-17 18:48:31.641   182   182 I C02c11/APPSPAWN: SendMessageComplete connectionId:3 result:0 app:cn.alfadb.netbird.r1probe pid:2992
CST 2026-07-17 18:48:31.641   766  1548 I C02c11/APPSPAWN_CLIENT: [a92ab1087f6de13, 160efb8, 25c823b] AppSpawnClientSendMsg reqId:26 fd:147 end result:0x0 pid:2992
CST 2026-07-17 18:48:31.641  2992  2992 I C01317/AppKit: [MTHRD3220]mainthread start, pid:2992
CST 2026-07-17 18:48:31.641   766  1548 I C01311/AppMS: [a92ab1087f6de13, 160efb8, 25c823b] [ASC667]pid2992
CST 2026-07-17 18:48:31.641   766  1548 I C01311/AppMS: [a92ab1087f6de13, 160efb8, 25c823b] [AMSI5724]spawned pname_cn.alfadb.netbird.r1probe, pid_2992, idx_0
CST 2026-07-17 18:48:31.642   766  1548 W C01336/AMS: [a92ab1087f6de13, 160efb8, 25c823b] [resident_process_manager.cpp269]rdbResult: 5
CST 2026-07-17 18:48:31.642   913   923 I C02b91/AVSession: [a92ab1087f6de13, 3eac6e, 160efb8] [HandleAppStateChanged]uid=20020062|pid=2992|state=0
CST 2026-07-17 18:48:31.642   766  1589 W C01123/BMSCommon: [a92ab1087f6de13, 2f7b5f9, 160efb8] uid(2000) invalid
CST 2026-07-17 18:48:31.642   233   281 I C02b83/AudioServiceAppStateListener: [a92ab1087f6de13, aaad69, 160efb8] [OnAppStateChanged]app state changed, bundleName=cn.alfadb.netbird.r1probe uid=20020062 pid=2992 state=0
CST 2026-07-17 18:48:31.642  2992  3163 I C02d06/XCollie: init default task finished.
CST 2026-07-17 18:48:31.643   766  1589 I C01311/AppMS: [a92ab1087f6de13, 2da8088, 160efb8] [ASOM755]b:cn.alfadb.netbird.r1probe pid:2992 u:20020062 pt:0 et:255 pName:cn.alfadb.netbird.r1probe ru:-1 tMode:0 cPid:3138 cU:2000
CST 2026-07-17 18:48:31.645   337   405 I C01718/StandbyService: [a92ab1087f6de13, 2829904, 387abbb] [OnProcessStatusChanged:938] process status change, uid: 20020062, pid: 2992, name: cn.alfadb.netbird.r1probe, alive: 1
CST 2026-07-17 18:48:31.646   337   581 I C01706/ueaServer-FrameMsgIntf: [a92ab1087f6de13, 33abf03, 18875bd] ReportProcessInfo pid is 2992, uid is 20020062
CST 2026-07-17 18:48:31.646   337   578 E C01704/TagSched: [a92ab1087f6de13, 2238ed5, 17cce24] [OpenQosCtrl]Failed to open qos_ctrl device
CST 2026-07-17 18:48:31.646   337   578 E C01704/TagSched: [a92ab1087f6de13, 2238ed5, 17cce24] [IsQosHandleOpen]get qosSetHandle_ fail
CST 2026-07-17 18:48:31.646   337   578 E C01704/TagSched: [a92ab1087f6de13, 2238ed5, 17cce24] [SetQosInternal]qosSetHandle open fail
CST 2026-07-17 18:48:31.646   337   578 E C01706/qos_manager: [a92ab1087f6de13, 1154a93, 33abf03] thread 578 belong to user 1096 open auth node failed
CST 2026-07-17 18:48:31.646   337   578 E C01706/ueaServer-IntelliSenseServer: [a92ab1087f6de13, 1154a93, 33abf03] auth_enable 2992 failed
CST 2026-07-17 18:48:31.646   337   578 I C01706/ueaServer-IntelliSenseServer: [a92ab1087f6de13, 1154a93, 33abf03] Get app info:2992 20020062 cn.alfadb.netbird.r1probe 0
CST 2026-07-17 18:48:31.646   337   578 I C01744/PerformanceEnhance: [a92ab1087f6de13, 1349cb7, 39bc95a] [HandleProcessStateChange]process create 2992
CST 2026-07-17 18:48:31.646   337   578 I C01731/SUSPEND_MSG: [a92ab1087f6de13, 39e119d, 39bc95a] 20020062_cn.alfadb.netbird.r1probe_2992 create, type:0_255_0
CST 2026-07-17 18:48:31.646   337   578 E C01713/SUSPEND_MANAGER: [a92ab1087f6de13, 39e119d, 39bc95a] [(SendProcessEvent):1167] suspend manager is not ready.
CST 2026-07-17 18:48:31.646   337   578 I C01705/EXACT_PREREAD: [a92ab1087f6de13, 1774ab, 247098f] [(StartAppStartupCollectWork):678] uid: 20020062 pid: 2992 appStartupScene: cn.alfadb.netbird.r1probe/cn.alfadb.netbird.r1probe
CST 2026-07-17 18:48:31.647   337   578 E C01705/EXACT_PREREAD: [a92ab1087f6de13, 1774ab, 247098f] [(StartAppStartupCollectWork):210] check workstate or bind monitor failed.
CST 2026-07-17 18:48:31.647   337   581 I C01706/ueaServer-IntelliSenseServer: [a92ab1087f6de13, 3550db3, 274809] ProcessInfo NewAppRecord
CST 2026-07-17 18:48:31.647   337   578 I C01702/CgroupEventHandler: [a92ab1087f6de13, 28c4deb, 8e30da] HandleProcessCreated : 20020062, 2992, 0, 0, cn.alfadb.netbird.r1probe, 255, cn.alfadb.netbird.r1probe
CST 2026-07-17 18:48:31.647   337   578 E C01702/CGS: [a92ab1087f6de13, 28c4deb, 8e30da] AddTidToCgroup failed to write; fd = 77, errno = 13
CST 2026-07-17 18:48:31.647   337   578 E C01702/CGS: [a92ab1087f6de13, 28c4deb, 8e30da] AddTidToCgroup failed to write; fd = 87, errno = 13
CST 2026-07-17 18:48:31.647   766  1556 W C01123/BMSCommon: [a92ab1087f6de13, 1218954, 160efb8] uid(2000) invalid
CST 2026-07-17 18:48:31.647   369   452 I C015b5/NetMgrEnhanced: [a92ab1087f6de13, 1824937, 3b8720f] OnAppStarted appName:cn.alfadb.netbird.r1probe uid:20020062 pid:2992 state:0
CST 2026-07-17 18:48:31.648   279  2968 I C02699/MM: [a92ab1087f6de13, 35658ab, 2da8088] OnProcessCreated 20020062,2992,cn.alfadb.netbird.r1probe,cn.alfadb.netbird.r1probe,0,0,0,0,-1,-1
CST 2026-07-17 18:48:31.648   337   578 I C01702/CgroupAdjuster: [a92ab1087f6de13, 28c4deb, 8e30da] ApplyProcessGroup:2992's cgroup from 255 to 0. Reason:20002. Event:3
CST 2026-07-17 18:48:31.648   337   578 I C01704/TagSched: [a92ab1087f6de13, 340bd15, 28c4deb] [ReportCgroupInfo]ReportCgroupInfo: pid:2992 from 255 to 0 withSuppressType: 0
CST 2026-07-17 18:48:31.648   337   578 E C01704/TagSched: [a92ab1087f6de13, 9b6698, 340bd15] [OpenQosCtrl]Failed to open qos_ctrl device
CST 2026-07-17 18:48:31.648   337   578 E C01704/TagSched: [a92ab1087f6de13, 9b6698, 340bd15] [IsQosHandleOpen]get qosSetHandle_ fail
CST 2026-07-17 18:48:31.648   337   578 E C01704/TagSched: [a92ab1087f6de13, 9b6698, 340bd15] [SetQosInternal]qosSetHandle open fail
CST 2026-07-17 18:48:31.648   337   577 I C01706/ueaServer-FrameMsgIntf: [a92ab1087f6de13, ba55c7, 28c4deb] CgroupChanged pid is 2992, uid is 20020062, oldGroup is 255, newGroup is 0
CST 2026-07-17 18:48:31.649  1657  1657 I A01a00/SYS_UI: [a92ab1087f6de13, 2f8215e, 1b2ffad] PhoneAppManager: ability[cn.alfadb.netbird.r1probe|undefined|EntryAbility] state change to 0
CST 2026-07-17 18:48:31.650   369   450 I C015b5/NetMgrEnhanced: [a92ab1087f6de13, 225b7b6, 2029452] NotifyAbilityStateChanged:uid=2******2, pid=2992, state=0, abilityName=EntryAbility
CST 2026-07-17 18:48:31.651   337   578 E C01702/CGS: [a92ab1087f6de13, 6ac16a, b57c01] AddTidToCgroup failed to write; fd = 85, errno = 13
CST 2026-07-17 18:48:31.651   337   578 E C01702/CGS: [a92ab1087f6de13, 6ac16a, b57c01] AddTidToCgroup failed to write; fd = 95, errno = 13
CST 2026-07-17 18:48:31.651  3162  3162 W C02c02/PARAM: Selinux check name persist.init.debug.loglevel in u:object_r:startup_init_param:s0 [3162 2000 2000] failed
CST 2026-07-17 18:48:31.651  3162  3162 W C02c02/PARAM: Selinux check name persist.init.debug.loglevel in u:object_r:startup_init_param:s0 [3162 2000 2000] failed
CST 2026-07-17 18:48:31.651  3162  3162 W C02c02/PARAM: SystemReadParam failed!name is:persist.init.debug.loglevel,err:1002
CST 2026-07-17 18:48:31.651   766  1548 W C01123/BMSCommon: uid(3058) invalid
CST 2026-07-17 18:48:31.652  1215  1225 E C01560/MultiLinkUtils: IsDeviceSupportMultiLink chipname is empty or doesn't exist, return unknown
CST 2026-07-17 18:48:31.652   369   459 I C015b5/NetMgrEnhanced: uid=2******1, pid=1657, state=2, bundleName=com.ohos.sceneboard, isFocused =0.
CST 2026-07-17 18:48:31.652  1215  1225 E C01560/MultiLinkUtils: Chip type not suppoort MultiLink
CST 2026-07-17 18:48:31.652   369   369 I C015b5/NetMgrEnhanced: uid:20020011, pid:1657, state:2, isFocused:0, com.ohos.sceneboard
CST 2026-07-17 18:48:31.652  1215  1244 I C01560/WifiFrameWork: OnForegroundApplicationChanged bundleName: com.ohos.sceneboard, uid: 20020011, state: 2, isFocused: 0
CST 2026-07-17 18:48:31.652  1215  1249 I C01560/StaStateMachine: SeparatedState-msgCode=12324 received. m_instId=0
CST 2026-07-17 18:48:31.652  1215  1249 I C01560/StaStateMachine: InitState-msgCode=12324 is received. m_instId = 0
CST 2026-07-17 18:48:31.652  1215  1249 I C01560/StaStateMachine: ClosedState-msgCode=12324 is received. m_instId = 0
CST 2026-07-17 18:48:31.653  2408  2886 I C05a05/AppStateObserver: [AddProcessToForegroundSet]pid 1657 is already in foreground
CST 2026-07-17 18:48:31.653   284   284 I C02801/AppStateObserver: [|39]Process state change app name:com.ohos.sceneboard, uid:20020011, state:2
CST 2026-07-17 18:48:31.653   913   923 I C02b91/AVSession: [HandleAppStateChanged]uid=20020011|pid=1657|state=2
CST 2026-07-17 18:48:31.653   172   194 I C02d10/ProcessStatus: UpdateProcessForegroundState: pid=1657 state=FOREGROUND
CST 2026-07-17 18:48:31.654   766  1195 W C011fc/BMSExt: [a92ab1087f6de13, 3f20611, aaad69] [IsTargetApp:729]bundleName or appIdentifier is empty
CST 2026-07-17 18:48:31.654   233   281 I C02b83/AudioServiceAppStateListener: [OnAppStateChanged]app state changed, bundleName=com.ohos.sceneboard uid=20020011 pid=1657 state=2
CST 2026-07-17 18:48:31.654   233   281 I C02b83/AudioServiceAppStateListener: [a92ab1087f6de13, 334097f, 1704880] [OnAppStateChanged]app state changed, bundleName=cn.alfadb.netbird.r1probe uid=20020062 pid=2992 state=99
CST 2026-07-17 18:48:31.655   337   581 I C01706/ueaServer-FrameMsgIntf: [a92ab7087f9ff15] ReportProcessInfo pid is 1657, uid is 20020011
CST 2026-07-17 18:48:31.656  1215  1225 I C01560/WifiFrameWork: OnForegroundApplicationChanged bundleName: com.ohos.sceneboard, uid: 20020011, state: 2, isFocused: 0
CST 2026-07-17 18:48:31.656  1215  1355 I C01560/StaStateMachine: SeparatedState-msgCode=12324 received. m_instId=0
CST 2026-07-17 18:48:31.656  1215  1355 I C01560/StaStateMachine: InitState-msgCode=12324 is received. m_instId = 0
CST 2026-07-17 18:48:31.656  1215  1355 I C01560/StaStateMachine: ClosedState-msgCode=12324 is received. m_instId = 0
CST 2026-07-17 18:48:31.656   337   412 I C01706/ueaServer-IntelliSenseServer: [a92ab7087f9ff15] Get app info:1657 20020011 com.ohos.sceneboard 2
CST 2026-07-17 18:48:31.656   337   412 I C01705/IOLIMIT: [a92ab7087f9ff15] [(HandleAppStateChange):263] Add foreground list app uid: 20020011, pid: 1657.
CST 2026-07-17 18:48:31.656   279   310 I C02699/MM: [a92ab1087f6de13, 277294a, 35658ab] UpdatePriorityLocked CRE: 2992, 20020062, 0, [], 00000
CST 2026-07-17 18:48:31.657   913   923 I C02b91/AVSession: [a92ab1087f6de13, 8c6d18, 1704880] [HandleAppStateChanged]uid=20020062|pid=2992|state=99
CST 2026-07-17 18:48:31.657   361  1523 I C05a01/ATM: [RegisterSecCompEnhance]Register sec comp enhance success, pid 2992, total 12.
CST 2026-07-17 18:48:31.657  1657  2127 I C04217/WMSAttribute: operator(): memMgrWindowInfos size: 1
CST 2026-07-17 18:48:31.657   766  1112 I C01311/AppMS: [ARR2195]wnd call, com.ohos.sceneboard_1657, isEmpty_0, c_2 -> p_0
CST 2026-07-17 18:48:31.658   337   578 I C01702/CgroupAdjuster: [a92ab1087f6de13, 6ac16a, b57c01] ApplyProcessGroup:2992's cgroup from 0 to 4. Reason:20016. Event:1
CST 2026-07-17 18:48:31.658   337   578 I C01704/TagSched: [a92ab1087f6de13, 27e9ff5, 6ac16a] [ReportCgroupInfo]ReportCgroupInfo: pid:2992 from 0 to 4 withSuppressType: 0
CST 2026-07-17 18:48:31.658   337   578 I C01706/ueaServer-FrameMsgIntf: [a92ab1087f6de13, 36ebf32, 6ac16a] CgroupChanged pid is 2992, uid is 20020062, oldGroup is 0, newGroup is 4
CST 2026-07-17 18:48:31.658   337   578 E C01704/TagSched: [a92ab1087f6de13, 2abb80c, 27e9ff5] [OpenQosCtrl]Failed to open qos_ctrl device
CST 2026-07-17 18:48:31.658   337   578 E C01704/TagSched: [a92ab1087f6de13, 2abb80c, 27e9ff5] [IsQosHandleOpen]get qosSetHandle_ fail
CST 2026-07-17 18:48:31.658   337   578 E C01704/TagSched: [a92ab1087f6de13, 2abb80c, 27e9ff5] [SetQosInternal]qosSetHandle open fail
CST 2026-07-17 18:48:31.658   337   578 I C01706/ueaServer-IntelliSenseServer: [a92ab1087f6de13, 3a67253, 36ebf32] web test CgroupChange NewForeground uid is 20020062
CST 2026-07-17 18:48:31.658   337   578 I C01706/ueaServer-IntelliSenseServer: [a92ab1087f6de13, 3a67253, 36ebf32] [ReportMessage]pid 2992 change to foreground.
CST 2026-07-17 18:48:31.658   337   578 E C01706/ueaServer-IntelliSenseServer: [a92ab1087f6de13, 3a67253, 36ebf32] [CreateNewRtgGrp]:fopen file failed, errno = 2
CST 2026-07-17 18:48:31.658   337   578 E C01706/ueaServer-IntelliSenseServer: [a92ab1087f6de13, 3a67253, 36ebf32] [TryCreateRtg]: createNewRtgGroup failed! grpId:-1
CST 2026-07-17 18:48:31.658   284   284 I C02801/AppStateObserver: [|90]The foregroundAppData_.size():2
CST 2026-07-17 18:48:31.659  1657  1737 I C02515/DISP: [ExpressFreeMem:317] freeMem bufferhandle gbuffer_id 93d0000003c, width 512, heigt 512
CST 2026-07-17 18:48:31.662  3166  3166 W C02c02/PARAM: Selinux check name persist.init.debug.loglevel in u:object_r:startup_init_param:s0 [3166 2000 2000] failed
CST 2026-07-17 18:48:31.662  3166  3166 W C02c02/PARAM: Selinux check name persist.init.debug.loglevel in u:object_r:startup_init_param:s0 [3166 2000 2000] failed
CST 2026-07-17 18:48:31.662  3166  3166 W C02c02/PARAM: SystemReadParam failed!name is:persist.init.debug.loglevel,err:1002
CST 2026-07-17 18:48:31.669  3166  3166 W C02c02/PARAM: Selinux check name persist.init.debug.loglevel in u:object_r:startup_init_param:s0 [3166 2000 2000] failed
CST 2026-07-17 18:48:31.669  3166  3166 W C02c02/PARAM: Selinux check name persist.init.debug.loglevel in u:object_r:startup_init_param:s0 [3166 2000 2000] failed
CST 2026-07-17 18:48:31.669  3166  3166 W C02c02/PARAM: SystemReadParam failed!name is:persist.init.debug.loglevel,err:1002
CST 2026-07-17 18:48:31.670   247   255 E C01707/CONCUR: [a92ab1087f6de13, 3364a03, 27e9ff5] [TaskControllerInterface] ReportData failed, funcLoader_ load func failed
CST 2026-07-17 18:48:31.671  2992  2992 I C01317/AppKit: [MTHRD431]attach
CST 2026-07-17 18:48:31.671   337   578 E C01706/qos_manager: [a92ab1087f6de13, 3a67253, 36ebf32] thread 578 belong to user 1096 open auth node failed
CST 2026-07-17 18:48:31.671   337   578 E C01706/ueaServer-IntelliSenseServer: [a92ab1087f6de13, 3a67253, 36ebf32] auth_enable 2992 failed
CST 2026-07-17 18:48:31.685   766  1494 W C01300/AAFwk: [event_handler_wrap.cpp118]can't find event: 14_2992 
CST 2026-07-17 18:48:31.685   766  1494 I C01311/AppMS: [AMSI2581]attach cn.alfadb.netbird.r1probe pid:2992
CST 2026-07-17 18:48:31.655   337   581 I C01731/SUSPEND_MSG: [a92ab8087f9ff50] 20020011_com.ohos.sceneboard_1657, state:2
CST 2026-07-17 18:48:31.686   337   581 E C01724/TASK_DETECTION: [a92ab8087f9ff50] [OnAppStateChanged:632]Task detection feature is not ready
CST 2026-07-17 18:48:31.686   337   581 W C01731/SUSPEND_MSG: [a92ab8087f9ff50] [(CheckPluginConsumeTime):189] WARNING:cost time(30ms) over 10 ms! resType: 55
CST 2026-07-17 18:48:31.686   380   420 I C01f0b/Common: MsdpMovementManage ProcessEvent eventId=6
CST 2026-07-17 18:48:31.689  2992  3169 W C057c1/IPCWorkThread: ThreadHandler: proto:0 policy:0 name:OS_IPC_2_3169 invoker:7751376
CST 2026-07-17 18:48:31.689  2992  3161 I C01317/AppKit: [MTHRD825]ScheduleLaunchAbility called, ability EntryAbility, type is 1.
CST 2026-07-17 18:48:31.692  1657  1657 I A01b09/RECENT: RecentDockRefreshAlarm: refresh recent dock: EntryAbility/cn.alfadb.netbird.r1probe/entry/0(persistentId: 30)(containerId: 1)
CST 2026-07-17 18:48:31.693  1657  1737 I C02515/DISP: [ExpressFreeMem:317] freeMem bufferhandle gbuffer_id 93d0000003d, width 222, heigt 222
CST 2026-07-17 18:48:31.701   766  1196 W C011fc/BMSExt: [IsTargetApp:729]bundleName or appIdentifier is empty
CST 2026-07-17 18:48:31.701  1657  1737 I C03900/HDS: [hds_drawable_descriptor.cpp-ProcessIcon:101]set pixelmap editable : 0 .
CST 2026-07-17 18:48:31.701  1657  1737 E C02b61/PixelMap: set ashmem name failed
CST 2026-07-17 18:48:31.702  1657  1737 W A01b00/SCB: GraphicUtils --> combinePic from HdsIcon, bundleName: com.huawei.hmos.fontinstaller, iconSizeOfGrid: 64, hasBorder: true
CST 2026-07-17 18:48:31.702  1657  1737 I A01b00/SCB: IconResourceFwk --> getBundleIcon end param: com.huawei.hmos.fontinstaller, 64, true true
CST 2026-07-17 18:48:31.708  1657  1657 I A04200/WINDOW: SCBSceneSession: onSessionShowWhenLockedChange, status:false of id:30 ignored.
CST 2026-07-17 18:48:31.710  1657  1800 I C02b61/ImageCode: DoEncode:(224, 224) cost 6958 us
CST 2026-07-17 18:48:31.712  1657  1798 I C01631/GaussPD:  [0] [ADAPTER] [139901074930432] Not support binlog_default.writeLock file enable del monitor sysno = 25
CST 2026-07-17 18:48:31.712  1657  1798 I C01631/GaussPD:  [0] [ADAPTER] [139901074930432] Not support binlog_default.writeLock file enable del monitor sysno = 25
CST 2026-07-17 18:48:31.712  1657  1798 I C01631/GaussPD:  [0] [ADAPTER] [139901074930432] Not support binlog_default.writeLock file enable del monitor sysno = 25
CST 2026-07-17 18:48:31.713  1657  1798 I C01631/GaussPD:  [0] [ADAPTER] [139901074930432] Not support binlog_default.writeLock file enable del monitor sysno = 25
CST 2026-07-17 18:48:31.713  1657  1798 I C01631/GaussPD:  [0] [ADAPTER] [139901074930432] Not support binlog_default.writeIndex file enable del monitor sysno = 25
CST 2026-07-17 18:48:31.713  1657  1798 I C01631/GaussPD:  [0] [ADAPTER] [139901074930432] Not support binlog_default.writeIndex file enable del monitor sysno = 25
CST 2026-07-17 18:48:31.713  1657  1737 I A01a01/NC: NotificationConfigManager: update icon result: com.huawei.hmos.fontinstaller, 35070
CST 2026-07-17 18:48:31.713  1657  1737 I A01b00/SCB: IconResourceFwk --> getBundleIcon start param: com.ohos.formrenderservice, 64, true true
CST 2026-07-17 18:48:31.713  1657  1737 W A01b00/SCB: IconResourceUtils --> getIconResource from bms getBundleResourceInfo for com.ohos.formrenderservice 0
CST 2026-07-17 18:48:31.714   766  1196 I C01120/BMS: icon rdb get resource icon start -n com.ohos.formrenderservice -i 0 -f 16
CST 2026-07-17 18:48:31.714   766  1196 E C01650/StepResultSet: GoToRow:position[0] rowCount[0] rowPos_[-1]!
CST 2026-07-17 18:48:31.716  1657  1737 I C02b61/ImageSource: CreatePixelMap success, id:1784285311715425,dSize:(0,0),srcSize: (216,216),dHdr:1,sHdr:1,memType: 2,cost 1362 us
CST 2026-07-17 18:48:31.717  1657  1737 E C02b61/PixelMap: set ashmem name failed
CST 2026-07-17 18:48:31.717  1657  1737 W A01b00/SCB: GraphicUtils --> com.ohos.formrenderservice - getHdsIcon, size: (216, 216), pixelFormat: 4, leftTopPixel is transparent: true, 0-0-0-0
CST 2026-07-17 18:48:31.717  1657  1737 E C03900/HDS: [hds_drawable_descriptor.cpp-GetOtherIconsInfo:395]Get icon by name from resource failed, iconName: icon_mask, isGlobalMask: 0, state: 9001004
CST 2026-07-17 18:48:31.718  1657  1737 W C03900/HDS: [hds_drawable_descriptor.cpp-ProcessIcon:91]Mask size {192, 192}, bundleName: com.ohos.formrenderservice
CST 2026-07-17 18:48:31.724  2992  2992 I C03900/ACE_UIContent: [69]AceForwardCompatibility [cn.alfadb.netbird.r1probe] force:1 newpipe:1
CST 2026-07-17 18:48:31.726  1767  1834 I C0430a/file_monitor_service: [MainMissionStatus:197]CanExit
CST 2026-07-17 18:48:31.726  1767  1834 I C0430a/file_monitor_service: [MainMissionStatus:203]SecondaryScanner idle
CST 2026-07-17 18:48:31.772  2992  2992 I C01317/AppKit: [MTHRD1813]SmartGC: process is start. enable warm startup SmartGC: 0
CST 2026-07-17 18:48:31.772  2086  2116 I C02a04/UsbService: UsbAccessoryManager::InitUsbAccessoryInterface start
CST 2026-07-17 18:48:31.772  2992  2992 I C03f00/ArkCompiler: [ecmascript] asmint: 1, aot: 0, jit: 1, baseline jit: 0, bundle name: cn.alfadb.netbird.r1probe, arkTSMode: dynamic
CST 2026-07-17 18:48:31.773   178   619 E C02510/devsvc_manager_stub: StubGetService service usb_device_interface_service not found
CST 2026-07-17 18:48:31.773  2086  2116 E C02510/hdi_servmgr_client: get hdi service usb_device_interface_service failed, -1
CST 2026-07-17 18:48:31.773  2086  2116 E C02510/usb_device_interface_proxy: Get:get remote object failed!
CST 2026-07-17 18:48:31.773  2086  2116 E C02a04/UsbService: UsbAccessoryManager:: Get inteface failed
CST 2026-07-17 18:48:31.773  2086  2116 E C02a04/UsbService: usbAccessoryManager_ is nullptr or InitUsbAccessoryInterface failed
CST 2026-07-17 18:48:31.778  1012  1180 I C04621/CFWKService: [dynamic_thread_pool.cpp:227]ScheduleTask# thread 139745645185792 idle long time, current = 9, idle = 8, max = 64
CST 2026-07-17 18:48:31.778   634  2365 I C02515/DISP: [InitBufferHandle:229] express init gbuffer id 93d0000003e ret 0 err 0 fd 6 216 216 pixel 4 size 186624 usage 2b
CST 2026-07-17 18:48:31.778   634  2365 I C02515/DISP: [ExpressAllocMem:271] ExpressAllocMem requeset BufferHandle 6, width 216, heigt 216, format 20
CST 2026-07-17 18:48:31.778  1012  1180 I C04621/CFWKService: [dynamic_thread_pool.cpp:276]ExitCurrentThread# thread 139745645185792 destroyed
CST 2026-07-17 18:48:31.779   634  2365 I C02515/DISP: [ExpressFreeMem:317] freeMem bufferhandle gbuffer_id 93d0000003e, width 216, heigt 216
CST 2026-07-17 18:48:31.780   634  2365 I C02515/DISP: [InitBufferHandle:229] express init gbuffer id 93d0000003f ret 0 err 0 fd 6 222 222 pixel 4 size 197136 usage 2b
CST 2026-07-17 18:48:31.780   634  2365 I C02515/DISP: [ExpressAllocMem:271] ExpressAllocMem requeset BufferHandle 6, width 222, heigt 222, format 20
CST 2026-07-17 18:48:31.780   634  2365 I C02515/DISP: [ExpressFreeMem:317] freeMem bufferhandle gbuffer_id 93d0000003f, width 222, heigt 222
CST 2026-07-17 18:48:31.781  1657  1737 I C02515/DISP: [ExpressFreeMem:317] freeMem bufferhandle gbuffer_id 93d0000003e, width 216, heigt 216
CST 2026-07-17 18:48:31.783  2992  2992 I C03f00/ArkCompiler: [ecmascript] multi-thread check enabled: 0
CST 2026-07-17 18:48:31.783  2992  3173 E C01707/CONCUR: [Interface] task 3173 apply qos failed, errno = 4
CST 2026-07-17 18:48:31.783  2992  2992 I C03f00/ArkCompiler: [pgo] reset pgo profiler, pgo profiler is disabled
CST 2026-07-17 18:48:31.784  2992  2992 I C03301/LIBUV: clean up handles in loop(1328)
CST 2026-07-17 18:48:31.784  2992  2992 I C03301/LIBUV: loop:(1328) closed in 0s
CST 2026-07-17 18:48:31.784  2992  2992 I C03301/LIBUV: close:1328, async_io_wfd:16
CST 2026-07-17 18:48:31.784  2992  2992 I C03301/LIBUV: close:1328, backend_fd:10
CST 2026-07-17 18:48:31.784  2992  2992 I C03301/LIBUV: init:0
CST 2026-07-17 18:48:31.784  2992  2992 I C03301/LIBUV: init:0, backend_fd:10
CST 2026-07-17 18:48:31.784  2992  2992 I C03301/LIBUV: open:0, pipefd[0]:16
CST 2026-07-17 18:48:31.785  2992  2992 I C03f00/ArkCompiler: [ecmascript] can not find aot file
CST 2026-07-17 18:48:31.785  2992  2992 W C01305/Base: [zip_file.cpp(ExtractToBufByName:966)]GetEntry from pkgContextInfo.json err
CST 2026-07-17 18:48:31.795  2992  2992 I C03f00/ArkCompiler: StartServer, componentName = <private>
CST 2026-07-17 18:48:31.795  2992  2992 W C01321/JsRuntime: [CSM161]not Connected
CST 2026-07-17 18:48:31.795  2992  2992 I C03f00/ArkCompiler: [ecmascript] JSNApi::NotifyDebugMode, tid = 2992, debugApp = 1, isDebugMode = 0, instanceId = 0
CST 2026-07-17 18:48:31.797   145   191 I C02c03/PARAM_WATCHER: [watcher_manager.cpp:72]Add remote watcher remoteWatcherId 46 2992 success
CST 2026-07-17 18:48:31.797   145   191 I C02c03/PARAM_WATCHER: SendLocalChange start keyPrefix persist.hdc.jdwp remoteWatcherId 46
CST 2026-07-17 18:48:31.798   145   191 I C02c03/PARAM_WATCHER: [watcher_manager.cpp:187]Add watcher persist.hdc.jdwp remoteWatcherId: 46 groupId 101 success
CST 2026-07-17 18:48:31.798  2992  3178 I C02c03/PARAM_WATCHER: Add watcher keyPrefix persist.hdc.jdwp remoteWatcherId 46 success
CST 2026-07-17 18:48:31.806  2992  2992 I C03f00/ArkCompiler: [compiler] __jit_debug_register_code() is called.
CST 2026-07-17 18:48:31.806  2992  2992 I C03f00/ArkCompiler: [compiler] success to register stub.an to debugger.
CST 2026-07-17 18:48:31.807  2992  3172 I C01317/AppKit: [DRH373]success to create /data/storage/el2/base/cache/rawheap
CST 2026-07-17 18:48:31.807  2992  2992 W C01e00/ResourceManager: update userId, currentUserId_= 0, userId= 100
CST 2026-07-17 18:48:31.808  2992  2992 E C01e00/ResourceManager: LoadThemesRes failed, userId = 100, bundleName = cn.alfadb.netbird.r1probe
CST 2026-07-17 18:48:31.808  2992  2992 W C01e00/ResourceManager: theme resources will clean, id 100
CST 2026-07-17 18:48:31.808  2992  3170 W C01653/NativePreferences: LoadFromDisk: The settingXml /***/el1/***/i18*** load failed.
CST 2026-07-17 18:48:31.810   766  1196 W C011fc/BMSExt: [IsTargetApp:729]bundleName or appIdentifier is empty
CST 2026-07-17 18:48:31.810   766  1196 I C011fc/BMSExt: [GetBundleInfo:523]GetBundleInfo ret 0
CST 2026-07-17 18:48:31.810   766  1196 I C011fc/BMSExt: [GetCompatibleDeviceType:65]calc deviceType bundleName: cn.alfadb.netbird.r1probe, deviceType: 
CST 2026-07-17 18:48:31.810  2992  2992 E C01301/CompatiblePolicyDeviceType: [calculateResourceType:81]deviceType is empty.
CST 2026-07-17 18:48:31.811  2992  2992 W C01301/Ability: [resource_config_helper.cpp183]invalid source:
CST 2026-07-17 18:48:31.811  2992  2992 W C01301/Ability: [resource_config_helper.cpp183]invalid source:
CST 2026-07-17 18:48:31.811  2992  2992 I C01317/AppKit: [application_cleaner.cpp94]ClearTempData
CST 2026-07-17 18:48:31.822  2992  2992 I C01317/AppKit: [MTHRD2688]NotifyApplicationPreAbilityCreate
CST 2026-07-17 18:48:31.830  2992  2992 I C01317/AppKit: [JAS193]LoadModule
CST 2026-07-17 18:48:31.830  2992  2992 W C01317/AppKit: [JAS966]null stage
CST 2026-07-17 18:48:31.830  2992  2992 W C01317/AppKit: [JAS236]Not found AbilityStage.js
CST 2026-07-17 18:48:31.830  2992  2992 I C01317/AppKit: [OH_APP424]OnAboutToCreateAbility
CST 2026-07-17 18:48:31.830  2992  2992 W C01317/AppKit: [JAS331]Not found AbilityStage.js
CST 2026-07-17 18:48:31.834   766  1196 E C01336/AMS: [ABR3442]SetAppRecoveryFlag:65535
CST 2026-07-17 18:48:31.835  2992  2992 I C03f00/ArkCompiler: [ecmascript] start to execute module buffer with secure memory: /data/storage/el1/bundle/entry/ets/entryability/EntryAbility.abc
CST 2026-07-17 18:48:31.835  2992  3174 I C03f00/ArkCompiler: [pgo] will save profiler to file /data/storage/ark-profile/rt_entry.ap
CST 2026-07-17 18:48:31.835  2992  2992 E C03f00/ArkCompiler: [common] Can not open xpm proc file, do not check secure memory anymore.
CST 2026-07-17 18:48:31.838   172  1818 E C02d66/XPerf: [InquiryOhImpl::ExtractStringValue] Canonical FilePath: /sys/class/ithermal/lpm/lpm_freq failed.
CST 2026-07-17 18:48:31.838  2992  2992 I C03f04/MMG: [NMM:322]Tail:default/e2network
CST 2026-07-17 18:48:31.838   172  1818 E C02d66/XPerf: [InquiryOhImpl::ExtractStringValue] Canonical FilePath: /sys/class/power_supply/Battery/status failed.
CST 2026-07-17 18:48:31.838  2992  2992 I A02900/R1Api24Probe: Node-API E2 C network module initialized version=e2-c-network-api24-probe/0.0.1
CST 2026-07-17 18:48:31.839  2992  2992 I C03f04/MMG: [NMM:322]Tail:default/probe
CST 2026-07-17 18:48:31.839  2992  2992 I A02900/R1Api24Probe: Node-API E1 C module initialized version=e1-c-api24-probe/0.0.1
CST 2026-07-17 18:48:31.840  2992  2992 I C01320/JsEnv: [JSENV299]timing: 5
CST 2026-07-17 18:48:31.840  2992  2992 I C01320/JSENV: Callee constructor is OK string
CST 2026-07-17 18:48:31.840  2992  2992 I C01320/JSENV: Ability::constructor callee is object [object Object]
CST 2026-07-17 18:48:31.842  2992  2992 I C03f00/ArkCompiler: [ecmascript] start to execute ark buffer with secure memory use file: /data/storage/el1/bundle/entry/ets/modules.abc, entrypoint: @bundle:cn.alfadb.netbird.r1probe/entry/build/generated/r/ResourceTable
CST 2026-07-17 18:48:31.845  2992  2992 I C01332/UIAbility: [ui_ability_thread.cpp173]Lifecycle:Attach
CST 2026-07-17 18:48:31.845   766  1196 I C01336/AMS: [ABMS7238]AttachAbilityThread
CST 2026-07-17 18:48:31.846   766  1196 I C01336/AMS: [UALM538]lifecycle name: EntryAbility
CST 2026-07-17 18:48:31.846   766  1196 I C01336/AMS: [ABR556]RemoveLoadTimeoutTask:31
CST 2026-07-17 18:48:31.846   766  1135 I C01311/AppMS: [ARR938]appState: 1, pState: 0, cn.alfadb.netbird.r1probe/EntryAbility
CST 2026-07-17 18:48:31.846  2992  2992 I C01317/AppKit: [MTHRD2864]called
CST 2026-07-17 18:48:31.846  2992  2992 I C03f00/ArkCompiler: [gc] app is not inBackground
CST 2026-07-17 18:48:31.851  1657  1737 I C02515/DISP: [ExpressFreeMem:317] freeMem bufferhandle gbuffer_id 93d0000003f, width 222, heigt 222
CST 2026-07-17 18:48:31.893  2516  3058 E C02e00/UPDATE_SA: [hap_connection.cpp(50)]GetHapRemoteObject, remoteObj is nullptr, bundle com.huawei.hmos.ouc
CST 2026-07-17 18:48:31.893  2516  3058 I C01352/ExtMgr: [extension_manager_client.cpp134]name:com.huawei.hmos.ouc ServiceExtAbility, userId:-1.
CST 2026-07-17 18:48:31.894  2992  2992 E C01707/CONCUR: [Interface] task 3174 apply qos failed, errno = 4
CST 2026-07-17 18:48:31.894   766  1196 I C01342/ServiceExt: [ABMS5529]element: com.huawei.hmos.ouc/ServiceExtAbility
CST 2026-07-17 18:48:31.894   766  1196 W C01123/BMSCommon: bundle not exist -n com.huawei.hmos.ouc -u 100 -i 0 -f 0
CST 2026-07-17 18:48:31.895   766  1196 W C01336/AMS: [start_ability_utils.cpp76]failed: com.huawei.hmos.ouc
CST 2026-07-17 18:48:31.895   766  1196 W C01336/AMS: [crowd_test_interceptor.cpp54]GetAppInfo failed
CST 2026-07-17 18:48:31.895   766  1196 W C01120/BMS: app_control_manager.cpp:GetAppRunningControlRule:397 getAppId failed,-n:com.huawei.hmos.ouc
CST 2026-07-17 18:48:31.895   766  1196 W C01123/BMSCommon: uid(6666) invalid
CST 2026-07-17 18:48:31.896   766  1196 I C01336/AMS: [start_ability_utils.cpp54]appIndex:-1
CST 2026-07-17 18:48:31.896   766  1196 W C01123/BMSCommon: bundle not exist -n com.huawei.hmos.ouc -u 100 -i 0 -f 1062
CST 2026-07-17 18:48:31.896   766  1196 I C01121/BMSQuery: ExplicitQueryAbility no match -n com.huawei.hmos.ouc -a ServiceExtAbility -u 100 -i 0
CST 2026-07-17 18:48:31.897   766  1196 W C01120/BMS: query abilitys_ext code 8521480
CST 2026-07-17 18:48:31.897   766  1196 W C01123/BMSCommon: bundle not exist -n com.huawei.hmos.ouc -u 100 -i 0 -f 1062
CST 2026-07-17 18:48:31.897   766  1196 W C01121/BMSQuery: bundle_data_mgr.cpp:ExplicitQueryExtensionInfo:7239 ExplicitQueryExtensionInfo failed
CST 2026-07-17 18:48:31.897   766  1196 I C01121/BMSQuery: ExplicitQueryExtension size:0 -n com.huawei.hmos.ouc -e ServiceExtAbility -u 100 -i 0
CST 2026-07-17 18:48:31.897   766  1196 W C01121/BMSQuery: bundle_data_mgr.cpp:GetCloneAppIndexes:2463 no bundleName com.huawei.hmos.ouc found
CST 2026-07-17 18:48:31.897   766  1196 W C01121/BMSQuery: bundle_mgr_host_impl.cpp:QueryExtensionAbilityInfos:3425 no valid extension info can be inquired
CST 2026-07-17 18:48:31.897   766  1196 E C01336/AMS: [start_ability_utils.cpp290]extensionInfo empty
CST 2026-07-17 18:48:31.897   766  1196 E C01342/ServiceExt: [ABMS5868]generate request error
CST 2026-07-17 18:48:31.898  2516  3058 E C02e00/UPDATE_SA: [hap_connection.cpp(82)]HapConnection call interface failed, ret 2097152
CST 2026-07-17 18:48:31.898  2516  3058 E C02e00/UPDATE_SA: [ouc_hap_connection.cpp(72)]SendRemoteRequest, can not connect to ouc
CST 2026-07-17 18:48:31.899  1657  1737 I C03900/HDS: [hds_drawable_descriptor.cpp-ProcessIcon:101]set pixelmap editable : 0 .
CST 2026-07-17 18:48:31.900  1657  1737 E C02b61/PixelMap: set ashmem name failed
CST 2026-07-17 18:48:31.900  1657  1737 W A01b00/SCB: GraphicUtils --> combinePic from HdsIcon, bundleName: com.ohos.formrenderservice, iconSizeOfGrid: 64, hasBorder: true
CST 2026-07-17 18:48:31.900  1657  1737 I A01b00/SCB: IconResourceFwk --> getBundleIcon end param: com.ohos.formrenderservice, 64, true true
CST 2026-07-17 18:48:31.906  1657  1799 I C02b61/ImageCode: DoEncode:(224, 224) cost 4889 us
CST 2026-07-17 18:48:31.908  1657  1800 I C01631/GaussPD:  [0] [ADAPTER] [139901058128640] Not support binlog_default.writeLock file enable del monitor sysno = 25
CST 2026-07-17 18:48:31.908  1657  1800 I C01631/GaussPD:  [0] [ADAPTER] [139901058128640] Not support binlog_default.writeLock file enable del monitor sysno = 25
CST 2026-07-17 18:48:31.908  1657  1800 I C01631/GaussPD:  [0] [ADAPTER] [139901058128640] Not support binlog_default.writeLock file enable del monitor sysno = 25
CST 2026-07-17 18:48:31.908  1657  1800 I C01631/GaussPD:  [0] [ADAPTER] [139901058128640] Not support binlog_default.writeLock file enable del monitor sysno = 25
CST 2026-07-17 18:48:31.908  1657  1800 I C01631/GaussPD:  [0] [ADAPTER] [139901058128640] Not support binlog_default.writeIndex file enable del monitor sysno = 25
CST 2026-07-17 18:48:31.908  1657  1800 I C01631/GaussPD:  [0] [ADAPTER] [139901058128640] Not support binlog_default.writeIndex file enable del monitor sysno = 25
CST 2026-07-17 18:48:31.908  1657  1737 I A01a01/NC: NotificationConfigManager: update icon result: com.ohos.formrenderservice, 15114
CST 2026-07-17 18:48:31.908  1657  1737 I A01b00/SCB: IconResourceFwk --> getBundleIcon start param: com.huawei.hms.huaweiid, 64, true true
CST 2026-07-17 18:48:31.908  1657  1737 W A01b00/SCB: IconResourceUtils --> getIconResource from bms getBundleResourceInfo for com.huawei.hms.huaweiid 0
CST 2026-07-17 18:48:31.909   766  1196 I C01120/BMS: icon rdb get resource icon start -n com.huawei.hms.huaweiid -i 0 -f 16
CST 2026-07-17 18:48:31.909   766  1196 E C01650/StepResultSet: GoToRow:position[0] rowCount[0] rowPos_[-1]!
CST 2026-07-17 18:48:31.910  1657  1737 I C02b61/ImageSource: CreatePixelMap success, id:1784285311910005,dSize:(0,0),srcSize: (108,108),dHdr:1,sHdr:1,memType: 2,cost 753 us
CST 2026-07-17 18:48:31.910  1657  1737 E C02b61/PixelMap: set ashmem name failed
CST 2026-07-17 18:48:31.911  1657  1737 W A01b00/SCB: GraphicUtils --> com.huawei.hms.huaweiid - getHdsIcon, size: (108, 108), pixelFormat: 4, leftTopPixel is transparent: true, 0-0-0-0
CST 2026-07-17 18:48:31.911  1657  1737 E C03900/HDS: [hds_drawable_descriptor.cpp-GetOtherIconsInfo:395]Get icon by name from resource failed, iconName: icon_mask, isGlobalMask: 0, state: 9001004
CST 2026-07-17 18:48:31.911  1657  1737 W C03900/HDS: [hds_drawable_descriptor.cpp-ProcessIcon:91]Mask size {192, 192}, bundleName: com.huawei.hms.huaweiid
CST 2026-07-17 18:48:31.911  1657  1737 I C02b61/PostProc: initSLRFactor insert:445500926
CST 2026-07-17 18:48:31.913  1657  2227 I C02b61/PixelMap: PixelMap::scale SLR 165, srcSize: [192, 192], dstSize: [108, 108], cost: 1
CST 2026-07-17 18:48:31.914  2992  2992 E C01707/CONCUR: [Interface] task 3175 apply qos failed, errno = 4
CST 2026-07-17 18:48:31.922  2992  2992 E C01707/CONCUR: [Interface] task 3176 apply qos failed, errno = 4
CST 2026-07-17 18:48:31.923   766  1589 I C01357/ProcessMgr: [ARR1096]ability size: 1
CST 2026-07-17 18:48:31.923   766  1589 I C01311/AppMS: [module_running_record.cpp194]change from 1 to 2. bundle: cn.alfadb.netbird.r1probe, ability: EntryAbility.
CST 2026-07-17 18:48:31.923   766  1589 I C01336/AMS: [ABMS8065]OnAbilityRequestDone cn.alfadb.netbird.r1probe-EntryAbility state:2
CST 2026-07-17 18:48:31.923   766  1589 I C01336/AMS: [UALM592]Ability is cn.alfadb.netbird.r1probe/EntryAbility, start to foreground.
CST 2026-07-17 18:48:31.923   766  1589 I C01336/AMS: [ABR394]ForegroundLifecycle EntryAbility
CST 2026-07-17 18:48:31.923   913   923 I C02b91/AVSession: [HandleAppStateChanged]uid=20020062|pid=2992|state=2
CST 2026-07-17 18:48:31.923   766  1589 I C01311/AppMS: [AMSI2830]cn.alfadb.netbird.r1probe foregrounded pState: 1
CST 2026-07-17 18:48:31.923   233   574 I C02b83/AudioServiceAppStateListener: [OnAppStateChanged]app state changed, bundleName=cn.alfadb.netbird.r1probe uid=20020062 pid=2992 state=2
CST 2026-07-17 18:48:31.923   233   574 W C02b8b/DfxMsgManager: [UpdateAppState]discard unstarted audio stream app state
CST 2026-07-17 18:48:31.923   766  1589 E C01311/AppMS: [AMSI6419]not uiextension. uiextension type: 255
CST 2026-07-17 18:48:31.923   766  1589 W C01123/BMSCommon: uid(2000) invalid
CST 2026-07-17 18:48:31.923   766  1589 W C01123/BMSCommon: uid(2000) invalid
CST 2026-07-17 18:48:31.924  1215  2881 I C01560/WifiFrameWork: OnForegroundApplicationChanged bundleName: cn.alfadb.netbird.r1probe, uid: 20020062, state: 2, isFocused: 0
CST 2026-07-17 18:48:31.924  1215  1215 E C01560/MultiLinkUtils: IsDeviceSupportMultiLink chipname is empty or doesn't exist, return unknown
CST 2026-07-17 18:48:31.924  1215  1215 E C01560/MultiLinkUtils: Chip type not suppoort MultiLink
CST 2026-07-17 18:48:31.924   369   369 I C015b5/NetMgrEnhanced: uid:20020062, pid:2992, state:2, isFocused:0, cn.alfadb.netbird.r1probe
CST 2026-07-17 18:48:31.924  1215  1249 I C01560/StaStateMachine: SeparatedState-msgCode=12324 received. m_instId=0
CST 2026-07-17 18:48:31.924  1215  1249 I C01560/StaStateMachine: InitState-msgCode=12324 is received. m_instId = 0
CST 2026-07-17 18:48:31.924  1215  1249 I C01560/StaStateMachine: ClosedState-msgCode=12324 is received. m_instId = 0
CST 2026-07-17 18:48:31.925   369   457 I C015b5/NetMgrEnhanced: uid=2******2, pid=2992, state=2, bundleName=cn.alfadb.netbird.r1probe, isFocused =0.
CST 2026-07-17 18:48:31.925  1215  2881 I C01560/WifiFrameWork: OnForegroundApplicationChanged bundleName: cn.alfadb.netbird.r1probe, uid: 20020062, state: 2, isFocused: 0
CST 2026-07-17 18:48:31.925  1215  1248 I C01560/StaStateMachine: SeparatedState-msgCode=12324 received. m_instId=0
CST 2026-07-17 18:48:31.925  1215  1248 I C01560/StaStateMachine: InitState-msgCode=12324 is received. m_instId = 0
CST 2026-07-17 18:48:31.925  1215  1248 I C01560/StaStateMachine: ClosedState-msgCode=12324 is received. m_instId = 0
CST 2026-07-17 18:48:31.925   284  1096 I C02801/AppStateObserver: [|39]Process state change app name:cn.alfadb.netbird.r1probe, uid:20020062, state:2
CST 2026-07-17 18:48:31.926   172  2101 I C02d10/ProcessStatus: UpdateProcessForegroundState: pid=2992 state=FOREGROUND
CST 2026-07-17 18:48:31.926   369   452 I C015b5/NetMgrEnhanced: NotifyAbilityStateChanged:uid=2******2, pid=2992, state=2, abilityName=EntryAbility
CST 2026-07-17 18:48:31.926   279   279 I C02699/MM: HandleProcessFgOrBg FG:p=2992,u=20020062,pName=cn.alfadb.netbird.r1probe,isKA=0
CST 2026-07-17 18:48:31.926  1012  1016 I C04619/Publish: [system_ability_adapter.cpp:22]OnAbilityStateChanged# pid:2992, uid:20020062, bundleName:cn.alfadb.netbird.r1probe, abilityState:2, isFocused:0
CST 2026-07-17 18:48:31.926   284  1096 I C02801/AppStateObserver: [|90]The foregroundAppData_.size():3
CST 2026-07-17 18:48:31.927   380   420 I C01f0b/Common: MsdpMovementManage ProcessEvent eventId=6
CST 2026-07-17 18:48:31.927   279   304 I C02699/MM: UpdatePriorityLocked FG: 2992, 20020062, 0, [], 00000
CST 2026-07-17 18:48:31.927   279   304 I C02699/MM: HandleAppForeground appName=cn.alfadb.netbird.r1probe appId=20020062
CST 2026-07-17 18:48:31.927  2992  3161 I C01332/UIAbility: [ui_ability_thread.cpp321]name:EntryAbility,targeState:5,isNewWant:0
CST 2026-07-17 18:48:31.927   279   304 I C02699/MM: SwapInMemcg appId=20020062 userId=100 cost=184us
CST 2026-07-17 18:48:31.927   337   578 I C01706/ueaServer-FrameMsgIntf: [a92abe087fe2468] ReportProcessInfo pid is 2992, uid is 20020062
CST 2026-07-17 18:48:31.927   337   579 I C01731/SUSPEND_MSG: [a92abf087fe26b6] 20020062_cn.alfadb.netbird.r1probe_2992, state:2
CST 2026-07-17 18:48:31.927   337   579 E C01724/TASK_DETECTION: [a92abf087fe26b6] [OnAppStateChanged:632]Task detection feature is not ready
CST 2026-07-17 18:48:31.928   337   578 I C01706/ueaServer-IntelliSenseServer: [a92abe087fe2468] Get app info:2992 20020062 cn.alfadb.netbird.r1probe 2
CST 2026-07-17 18:48:31.928   337   413 I C01705/IOLIMIT: [a92abe087fe2468] [(HandleAppStateChange):263] Add foreground list app uid: 20020062, pid: 2992.
CST 2026-07-17 18:48:31.928   337   564 I C01710/BUNDLE_ACTIVE: [bundle_active_app_state_obsever.cpp(OnAbilityStateChanged):61]OnAblityStateChanged userid is 100, bundle name is cn.alfadb.netbird.r1probe, uid is 20020062, event is 2, timestamp is 54713
CST 2026-07-17 18:48:31.929   634  2365 I C02515/DISP: [InitBufferHandle:229] express init gbuffer id 93d00000040 ret 0 err 0 fd 6 108 108 pixel 4 size 46656 usage 2b
CST 2026-07-17 18:48:31.929   634  2365 I C02515/DISP: [ExpressAllocMem:271] ExpressAllocMem requeset BufferHandle 6, width 108, heigt 108, format 20
CST 2026-07-17 18:48:31.929  1657  1657 I A0001b/AA: RecentlyUseController --> buildRecentlyUseInfo {"bundleName":"cn.alfadb.netbird.r1probe","moduleName":"entry","abilityName":"EntryAbility","pid":2992,"uid":20020062,"state":2,"abilityType":1,"isAtomicService":false,"callerBundleName":""}
CST 2026-07-17 18:48:31.929   233   574 I C02b87/AudioBackgroundManager: [InsertIntoAppStatesMap]appStatesMap_ add pid: 2992 with hasSession: 0, isBack: 0, hasBackgroundTask: 0, isFreeze: 0, isSystem: 0
CST 2026-07-17 18:48:31.930  2992  2992 I C01332/UIAbility: [ui_ability_thread.cpp240]Lifecycle:name EntryAbility
CST 2026-07-17 18:48:31.930   765   906 I C02515/DGLES: [d_glGetUniformLocation_special@glv3_status.cpp:1517] uniform ucornerPositionXY_S1 location remote -1
CST 2026-07-17 18:48:31.930  2992  2992 I C04201/DMS: AddDisplayIdFromAms: abilityToken and display[0] has been added.
CST 2026-07-17 18:48:31.931  2992  2992 W C04201/DMS: RegisterClientDeathListener: regis reverse death
CST 2026-07-17 18:48:31.931  2992  2992 I C04201/DMS: RegisterClientDeathListener: ENTER
CST 2026-07-17 18:48:31.931   765   906 E C02515/DGLES: [d_eglSwapBuffers_special@egl_gpu.cpp:729] thread output size 155207 speed 29k/s API_num 1698
CST 2026-07-17 18:48:31.931   765   906 W C01406/OHOS::RS: RSJankStats::SetJankStats jank frames 18
CST 2026-07-17 18:48:31.931   766  1196 I C04201/DMS: screen_session_manager.cpp RegisterClientDeathListener: pid: 2992, bundle name: cn.alfadb.netbird.r1probe
CST 2026-07-17 18:48:31.931   766  1196 W C04201/DMS: screen_session.cpp: call BMS
CST 2026-07-17 18:48:31.931   766  1196 I C04201/DMS: screen_session.cpp: pid:24, bundle:cn.alfadb.netbird.r1probe, api:24
CST 2026-07-17 18:48:31.933   337   416 I C01710/BUNDLE_ACTIVE: [bundle_active_bundle_mgr_helper.cpp(GetApplicationInfo):65]bundleMgr is null: 0 
CST 2026-07-17 18:48:31.926  1012  1016 I C04619/Publish: [system_ability_adapter.cpp:41]HandleAbilityStateChange# notify serviceName :OneTouchShare
CST 2026-07-17 18:48:31.933  1012  1016 I C04621/CFWKService: [dynamic_thread_pool.cpp:154]AddTask# pool = 8,idle/max threads = 8/64,groupId/GroupTask = 2/0
CST 2026-07-17 18:48:31.933  1012  1016 I C04619/Publish: [system_ability_adapter.cpp:48]HandleAbilityStateChange# add task: 1
CST 2026-07-17 18:48:31.934  1012  1174 I C04621/CFWKService: [dynamic_thread_pool.cpp:310]WorkInThread# run--->task 3902685927423342666 run in thread 139745651532257
CST 2026-07-17 18:48:31.934  1012  1174 I C04619/Publish: [system_ability_adapter.cpp:44]operator()# notify serviceName:OneTouchShare
CST 2026-07-17 18:48:31.935  2992  2992 I C01332/UIAbility: [JUA2036]JsUIAbility call js, name: onCreate
CST 2026-07-17 18:48:31.935  1657  1657 I A01a00/SYS_UI: PhoneAppManager: ability[cn.alfadb.netbird.r1probe|undefined|EntryAbility] state change to 2
CST 2026-07-17 18:48:31.935  1657  1657 I A01a00/SYS_UI: PhoneAppManager: checkAbilityForegroundChange change: 2, cn.alfadb.netbird.r1probe
CST 2026-07-17 18:48:31.936  1657  1657 I A01a01/NC: BannerNotificationEntryVm --> onForegroundAppEvent. cn.alfadb.netbird.r1probe
CST 2026-07-17 18:48:31.936  1657  1657 I A01a00/SYS_UI: AppLifeCycleManager: Ability state changed, uid: 20020062, key: cn.alfadb.netbird.r1probe_entry_EntryAbility_2992, isForeground: true, state 2
CST 2026-07-17 18:48:31.936  1657  1657 I A01a00/SYS_UI: AppLifeCycleManager: Ability state change: new foregroundAbilities: 20020062: cn.alfadb.netbird.r1probe_entry_EntryAbility_2992
CST 2026-07-17 18:48:31.936  1657  1657 I A01a00/SYS_UI: AppLifeCycleManager: App foreground state changed, uid: 20020062, true
CST 2026-07-17 18:48:31.936  1012  1174 I C04619/Common: [account_utils.cpp:26]GetForegroundAccountId# ret 0, the 100 account is foreground
CST 2026-07-17 18:48:31.936  1657  1657 W A01a00/SYS_UI: LiveCapsuleListVm: onAppForegroundStateChange foreground: true, uid: 20020062, bundleName: cn.alfadb.netbird.r1probe, orientation: 0
CST 2026-07-17 18:48:31.936   766  1196 I C01c30/SclockKit: [screenlock_system_ability.cpp(IsDeviceLocked:948)]IsDeviceLocked. userId=100, isDeviceLocked=0
CST 2026-07-17 18:48:31.936  1657  1657 W A01a00/SYS_UI: LiveCapsuleListVm: start to toggleCapsuleList, param:  {"isUpwards":false,"isUpdateImmediately":false,"needAnimation":true,"needShowStatusBar":false}
CST 2026-07-17 18:48:31.936  1012  1174 I C04619/Publish: [service_publish_manager.cpp:2247]IsSupportView# isLocked: 0, getLockedRes: 77856768, IsSceneRecent: 0
CST 2026-07-17 18:48:31.936  1657  1657 W A01a00/SYS_UI: LiveCapsuleListVm: Visible is not changed, stop toggleCapsuleList. isForceUpdate: undefined
CST 2026-07-17 18:48:31.936  1657  1657 I A01a00/SYS_UI: StatusBarColorPickerVm --> App 20020062, foreground: true
CST 2026-07-17 18:48:31.936  1657  1657 W A01c06/ICON: AppIconWeatherModel --> initWeatherListener, retryTimes: 4
CST 2026-07-17 18:48:31.937   635  2281 W C02515/DISP: [SetLayerMaskInfo:495] <private> is not supported
CST 2026-07-17 18:48:31.937   635   695 I C02515/DISP: [CommitComposeLayer:67] CommitComposeLayer! 10
CST 2026-07-17 18:48:31.938   634  2365 I C02515/DISP: [ExpressFreeMem:317] freeMem bufferhandle gbuffer_id 93d00000040, width 108, heigt 108
CST 2026-07-17 18:48:31.938   634  2365 I C02515/DISP: [InitBufferHandle:229] express init gbuffer id 93d00000041 ret 0 err 0 fd 6 222 222 pixel 4 size 197136 usage 2b
CST 2026-07-17 18:48:31.938   634  2365 I C02515/DISP: [ExpressAllocMem:271] ExpressAllocMem requeset BufferHandle 6, width 222, heigt 222, format 20
CST 2026-07-17 18:48:31.938   634  2365 I C02515/DISP: [ExpressFreeMem:317] freeMem bufferhandle gbuffer_id 93d00000041, width 222, heigt 222
CST 2026-07-17 18:48:31.940  1657  2227 I C02515/DISP: [ExpressFreeMem:317] freeMem bufferhandle gbuffer_id 93d00000040, width 108, heigt 108
CST 2026-07-17 18:48:31.969  2992  2992 I A02900/R1Api24Probe: EntryAbility onCreate
CST 2026-07-17 18:48:31.969  2992  2992 I C01332/UIAbility: [JUA2081]end, name: onCreate, time: 34
CST 2026-07-17 18:48:31.969  2992  2992 E C01332/UIAbility: [ui_ability_impl.cpp314]hasSaveData_: false
CST 2026-07-17 18:48:31.970  2992  2992 W C01332/UIAbility: [JUA1223]formatRegex: []
CST 2026-07-17 18:48:31.970  2992  2992 I C04202/WMSMain: Init: WindowScene with window session!
CST 2026-07-17 18:48:31.970  2992  2992 I C04202/WMSMain: Init: set isModuleAbilityHookEnd
CST 2026-07-17 18:48:31.971  2992  2992 I C04204/WMSScb: RS multi-instance enabled: 1
CST 2026-07-17 18:48:31.971  2992  2992 I C01406/OHOS::RS: multi-instance, create RSUIContextManager, isMultiInstanceOpen_ 1
CST 2026-07-17 18:48:31.971   337   416 I C01710/BUNDLE_ACTIVE: [bundle_active_bundle_mgr_helper.cpp(GetApplicationInfo):65]bundleMgr is null: 0 
CST 2026-07-17 18:48:31.973  1012  1174 I C04626/Motion: [motion_framework.cpp:230]IsMotionPlaying# motion is not playing
CST 2026-07-17 18:48:31.973  1012  1174 I C04619/Publish: [service_publish_manager.cpp:2434]GetFocusWindowInfo# enter
CST 2026-07-17 18:48:31.973  1012  1174 E C04619/Detect: [action_detect_manager.cpp:2330]LoadWindowStateLite# enter 10
CST 2026-07-17 18:48:31.973  1012  1174 I C04621/CFWKService: [plugin_loader.cpp:60]ConstructLib# construct 10 lib
CST 2026-07-17 18:48:31.972   337   416 I C01710/BUNDLE_ACTIVE: [bundle_active_user_history.cpp(ReportUsage):220]RegisterAppGroupCallBack AppGroupCallbackInfo build success
CST 2026-07-17 18:48:31.973   337   403 I C01710/BUNDLE_ACTIVE: [bundle_active_core.cpp(NotifOberserverGroupChanged):885]RegisterAppGroupCallBack will OnAppGroupChanged!,oldGroup is 60, newGroup is 10
CST 2026-07-17 18:48:31.973   337   403 I C01712/WORK_SCHEDULER: [OnAppGroupChanged:39]Bundle group changed, from 60 to 10 with userId = 100, bundleName = cn.alfadb.netbird.r1probe
CST 2026-07-17 18:48:31.973   337   403 I C01712/WORK_SCHEDULER: [AddGroup:134]activeGroupMap_ size 1
CST 2026-07-17 18:48:31.973   337   403 E C01712/WORK_SCHEDULER: [OnAppGroupChanged:47]OnAppGroupChanged no work found, bundleName = cn.alfadb.netbird.r1probe
CST 2026-07-17 18:48:31.984  1012  1174 I C04621/CFWKService: [window_state_manager_lite.cpp:43]WindowStateManagerLite# create
CST 2026-07-17 18:48:31.984  1012  1174 I C04621/CFWKService: [plugin_loader.cpp:32]RegisterInstance# enter
CST 2026-07-17 18:48:31.984  1012  1174 I C04621/CFWKService: [plugin_lib.cpp:25]PluginLib# libcfwk_onehop_lite.z.so open succ
CST 2026-07-17 18:48:31.984  1012  1174 I C04621/CFWKService: [plugin_loader.cpp:62]ConstructLib# construct complete
CST 2026-07-17 18:48:31.984  1012  1174 E C04621/CFWKService: [window_state_manager_lite.cpp:158]GetFocusWindowInfoLite# no enable
CST 2026-07-17 18:48:31.984  1012  1174 I C04621/CFWKService: [window_state_manager_lite.cpp:93]Enable# enter
CST 2026-07-17 18:48:31.985   766  1196 I C0420f/WMSRecover: mock_session_manager_service.cpp GetForegroundOsAccountDisplayId: displayId: 0
CST 2026-07-17 18:48:31.985   766  1196 I C0420f/WMSRecover: mock_session_manager_service.cpp RegisterSMSRecoverListener: clientUserId: 0, userId: 100, pid: 1012,isLite: 1, displayId: 0
CST 2026-07-17 18:48:31.985   766  1196 I C04210/WMSMultiUser: mock_session_manager_service.cpp NotifyWMSConnectionStatus: wms is already connected, notify client
CST 2026-07-17 18:48:31.986  1657  1662 I C04200/WMS: HandleRegisterWindowManagerAgent: type=0
CST 2026-07-17 18:48:31.986  1657  2126 I C0420e/WMSPiP: RegisterWindowManagerAgent: type: 0
CST 2026-07-17 18:48:31.986  1657  2126 I C04202/WMSMain: RegisterWindowManagerAgent: insert pid: 1012, type: 0
CST 2026-07-17 18:48:31.987  1657  1662 I C04207/WMSFocus: reply
CST 2026-07-17 18:48:31.987  1012  1174 E C04621/CFWKService: [window_state_manager_lite.cpp:139]GetFocusWindowInfoInner# invalid pid -1 uid -1
CST 2026-07-17 18:48:31.987  1012  1174 E C04621/CFWKService: [window_state_manager_lite.cpp:106]Enable# Get FocusWindowInfoInner failed.
CST 2026-07-17 18:48:31.987  1012  1174 E C04621/CFWKService: [window_state_manager_lite.cpp:165]GetFocusWindowInfoLite# invalid pid
CST 2026-07-17 18:48:31.987  1012  1174 I C04619/Publish: [service_publish_manager.cpp:2438]GetFocusWindowInfo# WindowInfo pid: -1, windowId: -1
CST 2026-07-17 18:48:31.987  1012  1174 I C04619/Publish: [service_publish_manager.cpp:2378]GetLatestPid# enter, windowId:-1 sceneType:0
CST 2026-07-17 18:48:31.987  1012  1174 I C04619/Publish: [service_publish_manager.cpp:2354]GetLatestPublishInfo# get targetPid: -1
CST 2026-07-17 18:48:31.987  1012  1174 I C04619/Publish: [service_publish_manager.cpp:3342]GetWinPublishListener# find windowId:-1, pid:-1, sceneType:0
CST 2026-07-17 18:48:31.987  1012  1174 I C04619/Publish: [service_publish_manager.cpp:3378]GetWinPublishListenerLocked# -1_-1_0 get listener failed
CST 2026-07-17 18:48:31.987  1012  1174 I C04619/Publish: [service_publish_manager.cpp:3351]GetWinPublishListener# find using default windowId:-1
CST 2026-07-17 18:48:31.987  1012  1174 I C04619/Publish: [service_publish_manager.cpp:3378]GetWinPublishListenerLocked# -1_-1_0 get listener failed
CST 2026-07-17 18:48:31.987  1012  1174 I C04619/Publish: [service_publish_manager.cpp:2378]GetLatestPid# enter, windowId:1 sceneType:0
CST 2026-07-17 18:48:31.987  1012  1174 I C04619/Publish: [service_publish_manager.cpp:2366]GetSCBLatestPublishInfo# get SCB scene targetPid: -1
CST 2026-07-17 18:48:31.987  1012  1174 I C04619/Publish: [service_publish_manager.cpp:3342]GetWinPublishListener# find windowId:-1, pid:-1, sceneType:0
CST 2026-07-17 18:48:31.987  1012  1174 I C04619/Publish: [service_publish_manager.cpp:3378]GetWinPublishListenerLocked# -1_-1_0 get listener failed
CST 2026-07-17 18:48:31.987  1012  1174 I C04619/Publish: [service_publish_manager.cpp:3351]GetWinPublishListener# find using default windowId:-1
CST 2026-07-17 18:48:31.987  1012  1174 I C04619/Publish: [service_publish_manager.cpp:3378]GetWinPublishListenerLocked# -1_-1_0 get listener failed
CST 2026-07-17 18:48:31.987  1012  1174 I C04619/Publish: [service_publish_manager.cpp:2346]GetFocusWindowPublishListener# get windowId:-1, pid:-1, Exit
CST 2026-07-17 18:48:31.987  1012  1174 I C04619/Detect: [action_detect_manager.cpp:131]UpdatePublishState# update : 0, old : 0
CST 2026-07-17 18:48:31.987  1012  1174 I C04621/CFWKService: [dynamic_thread_pool.cpp:318]WorkInThread# end--->task 3902685927423342666 run in thread 139745651532257 cost 53 ms
CST 2026-07-17 18:48:32.026   513  1323 E C01707/CONCUR: [Interface] task 1323 apply qos failed, errno = 4
CST 2026-07-17 18:48:32.026   513  1323 E C01611/QosManager: QosManager: Failed to set thread QoS to QOS_USER_INTERACTIVE, ret: -1
CST 2026-07-17 18:48:32.026   765   765 E C01406/RSScreenManager: IsAllScreensPowerOff: screenPowerStatus_ is empty.
CST 2026-07-17 18:48:32.026   766  1196 W C01123/BMSCommon: bundle not exist -n com.huawei.hmsapp.totemweather -u 100 -i 0 -f 32
CST 2026-07-17 18:48:32.026   766  1196 W C01121/BMSQuery: GetBundleInfo failed -n com.huawei.hmsapp.totemweather -u 100
CST 2026-07-17 18:48:32.026   513  1323 E C01651/BundleMgrProxy: GetBundleInfoFromBMS: GetBundleInfo failed!bundleName is com.huawei.hmsapp.totemweather, userId is 100
CST 2026-07-17 18:48:32.026   513  1323 E C01651/DataProviderConfig: GetFromProxyData: Get bundleInfo failed! bundleName:com.huawei.hmsapp.totemweather, userId:100, visitedId:100, uri:******icIconInfo
CST 2026-07-17 18:48:32.026   513  1323 E C01651/DataShareServiceImpl: GetBMSAndMetaDataStatus: CalledInfo failed! token:0x20087fab,ret:1001,uri:******icIconInfo
CST 2026-07-17 18:48:32.026   513  1323 E C01651/DataShareServiceImpl: GetSilentProxyStatus: BMS or metaData not ready to complete, token:0x20087fab, uri:******icIconInfo
CST 2026-07-17 18:48:32.028   145   191 I C02c03/PARAM_WATCHER: SendLocalChange start keyPrefix persist.sys.graphic.animationscale remoteWatcherId 46
CST 2026-07-17 18:48:32.028   318   318 E C01700/RSS: [a92ab3088006b04] DeliverResource, PluginMgr resType 1002 no lib register!
CST 2026-07-17 18:48:32.028   337   412 E C01704/TagSched: [a92ab3088006b04] [ExecutorCheckTidIsInPid][Executor] ExecutorCheckTidIsInPid get reply is invalied
CST 2026-07-17 18:48:32.028   337   412 I C01704/TagSched: [a92ab3088006b04] [SetQosRealtimeTask]ThreadModifyQos,setQos 765 tid[791],  qos[7]
CST 2026-07-17 18:48:32.028   337   412 E C01704/TagSched: [a92ab3088006b04] [OpenQosCtrl]Failed to open qos_ctrl device
CST 2026-07-17 18:48:32.028   337   412 E C01704/TagSched: [a92ab3088006b04] [IsQosHandleOpen]get qosSetHandle_ fail
CST 2026-07-17 18:48:32.028   337   412 E C01704/TagSched: [a92ab3088006b04] [SetQosInternal]qosSetHandle open fail
CST 2026-07-17 18:48:32.028   337   412 E C01704/TagSched: [a92ab3088006b04] [OpenQosCtrl]Failed to open qos_ctrl device
CST 2026-07-17 18:48:32.028   337   412 E C01704/TagSched: [a92ab3088006b04] [IsQosHandleOpen]get qosSetHandle_ fail
CST 2026-07-17 18:48:32.028   337   412 E C01704/TagSched: [a92ab3088006b04] [SetQosInternal]qosSetHandle open fail
CST 2026-07-17 18:48:32.028   145   191 I C02c03/PARAM_WATCHER: [watcher_manager.cpp:187]Add watcher persist.sys.graphic.animationscale remoteWatcherId: 46 groupId 82 success
CST 2026-07-17 18:48:32.028   337   412 E C01704/TagSched: [a92ab3088006b04] [OpenQosCtrl]Failed to open qos_ctrl device
CST 2026-07-17 18:48:32.028  1657  1657 E A01c06/ICON: AppIconWeatherModel --> get weather info failed, code: 15700010, message: The DataShareHelper is not initialized successfully.
CST 2026-07-17 18:48:32.028  2992  2992 I C02c03/PARAM_WATCHER: Add watcher keyPrefix persist.sys.graphic.animationscale remoteWatcherId 46 success
CST 2026-07-17 18:48:32.028   337   412 E C01704/TagSched: [a92ab3088006b04] [IsQosHandleOpen]get qosSetHandle_ fail
CST 2026-07-17 18:48:32.028  2992  2992 I C04204/WMSScb: InitRSUIDirector: Create RSUIDirector: RSUIDirector's RSUIContext [token: 12850542149633, tid: 2992], rsUIContext: RSUIContext is null
CST 2026-07-17 18:48:32.028   337   412 E C01704/TagSched: [a92ab3088006b04] [SetQosInternal]qosSetHandle open fail
CST 2026-07-17 18:48:32.028   337   412 E C01704/TagSched: [a92ab3088006b04] [OpenQosCtrl]Failed to open qos_ctrl device
CST 2026-07-17 18:48:32.028   337   412 E C01704/TagSched: [a92ab3088006b04] [IsQosHandleOpen]get qosSetHandle_ fail
CST 2026-07-17 18:48:32.028   337   412 E C01704/TagSched: [a92ab3088006b04] [SetQosInternal]qosSetHandle open fail
CST 2026-07-17 18:48:32.029   765   791 I C01406/RSClientToServiceConnection: CreateNodeAndSurface node id:12850542149634 name:r1probe0 surface id:3285649981469 name:r1probe0
CST 2026-07-17 18:48:32.029  1657  1657 I A01b0d/HICAR: TopAppManager --> COMMON_EVENT_TOP_APP_CHANGE success
CST 2026-07-17 18:48:32.029   766  1118 I C01202/Unordered: Pid 1657 publish COMMON_EVENT_TOP_APP_CHANGE to 100 end(0,0,0,0)
CST 2026-07-17 18:48:32.035  3183  3183 W C02c02/PARAM: Selinux check name persist.init.debug.loglevel in u:object_r:startup_init_param:s0 [3183 2000 2000] failed
CST 2026-07-17 18:48:32.035  3183  3183 W C02c02/PARAM: Selinux check name persist.init.debug.loglevel in u:object_r:startup_init_param:s0 [3183 2000 2000] failed
CST 2026-07-17 18:48:32.035  3183  3183 W C02c02/PARAM: SystemReadParam failed!name is:persist.init.debug.loglevel,err:1002
CST 2026-07-17 18:48:32.043  3183  3183 W C02c02/PARAM: Selinux check name persist.init.debug.loglevel in u:object_r:startup_init_param:s0 [3183 2000 2000] failed
CST 2026-07-17 18:48:32.043  3183  3183 W C02c02/PARAM: Selinux check name persist.init.debug.loglevel in u:object_r:startup_init_param:s0 [3183 2000 2000] failed
CST 2026-07-17 18:48:32.043  3183  3183 W C02c02/PARAM: SystemReadParam failed!name is:persist.init.debug.loglevel,err:1002
CST 2026-07-17 18:48:32.095   432  1070 I C02c02/PARAM: SystemSetParameter name persist.filemanagement.param_watcher.on id:8 ret:0
CST 2026-07-17 18:48:32.095   145   189 I C02c03/PARAM_WATCHER: ProcessParameterChange key:persist.filemanagement.param_watcher.on pid:142
CST 2026-07-17 18:48:32.096   145   189 I C02c03/PARAM_WATCHER: ProcessParameterChange key:persist.filemanagement.param_watcher.on pid:199
CST 2026-07-17 18:48:32.096   142   164 I C01800/SAMGR: key:persist.filemanagement.param_watcher.on, value:on
CST 2026-07-17 18:48:32.096   142   155 I C01800/SAMGR: DoEvent:3 K:persist.filemanagement.param_watcher.on V:on
CST 2026-07-17 18:48:32.096   142   155 I C01800/SAMGR: Scheduler SA:66016 load start 142,3_1_2
CST 2026-07-17 18:48:32.096   142   155 I C01800/SAMGR: Scheduler SA:66074 load start 142,3_1_2
CST 2026-07-17 18:48:32.096   199   219 I C0430c/FILE_MANAGER_SERVICE: [OnDealMonitorData] OnDealMonitorData begin
CST 2026-07-17 18:48:32.096   199   219 I C0430c/FILE_MANAGER_SERVICE: [OnDealMonitorData] OnDealMonitorData end
CST 2026-07-17 18:48:32.096   199   225 I C0430a/file_monitor_service: [Init:86]UserMgr::Init
CST 2026-07-17 18:48:32.101   199   225 I C0430a/file_monitor_service: [SearchPermMsgReq:369]0 perm msg searched.
CST 2026-07-17 18:48:32.101   199   225 I C0430c/FILE_MANAGER_SERVICE: [HandlePermissionChange] PermissionManager enter HandlePermissionChange
CST 2026-07-17 18:48:32.101   199   225 I C0430a/file_monitor_service: [Init:86]UserMgr::Init
CST 2026-07-17 18:48:32.104   432   432 I C0430a/file_monitor_service: [SetSearchResult:807]msgs size:0.
CST 2026-07-17 18:48:32.104   199   225 I C0430a/file_monitor_service: [SearchRequest:171]total:0,failed:0,tableID:66016,type:8589934591,state:1
CST 2026-07-17 18:48:32.104   199   225 I C0430c/FILE_MANAGER_SERVICE: [OnFileEventChange] records size:0
CST 2026-07-17 18:48:32.104   432  1070 I C02c02/PARAM: SystemSetParameter name persist.filemanagement.param_watcher.on id:9 ret:0
CST 2026-07-17 18:48:32.104   432  1070 I C0430a/file_monitor_service: [WakeUpClient:233]wake up client success.
CST 2026-07-17 18:48:32.104   145   189 I C02c03/PARAM_WATCHER: ProcessParameterChange key:persist.filemanagement.param_watcher.on pid:142
CST 2026-07-17 18:48:32.104   432  1070 I C0430a/file_monitor_service: [TimedTask:47]Perf stat changed, 2 to 0
CST 2026-07-17 18:48:32.104   145   189 I C02c03/PARAM_WATCHER: ProcessParameterChange key:persist.filemanagement.param_watcher.on pid:199
CST 2026-07-17 18:48:32.104   432   594 I C0430a/file_monitor_service: [OnEvent:1081]OnEvent Scanner: 128, data code: 0
CST 2026-07-17 18:48:32.104   432   594 I C0430a/file_monitor_service: [ProcessEvent:97]FileMonitor didn't subcribe event(128), pass.
CST 2026-07-17 18:48:32.104   432   594 I C0430a/file_monitor_service: [ProcessEvent:97]PowerListener didn't subcribe event(128), pass.
CST 2026-07-17 18:48:32.104   142   164 I C01800/SAMGR: key:persist.filemanagement.param_watcher.on, value:off
CST 2026-07-17 18:48:32.104   199   225 I C0430c/FILE_MANAGER_SERVICE: [OnFileEventChange] OnFileEventChange end
CST 2026-07-17 18:48:32.112   247   255 E C01707/CONCUR: [a92ab4087f954ce] [TaskControllerInterface] ReportData failed, funcLoader_ load func failed
CST 2026-07-17 18:48:32.119   641   722 I C02f07/SG_Service: [QuerySecurityEventConfig]Start DataCollectManager QuerySecurityEventConfig
CST 2026-07-17 18:48:32.119   641   722 I C02f07/SG_Service: [QuerySecurityEventConfig]enter QuerySecurityEventConfig
CST 2026-07-17 18:48:32.125   641   722 E C02f07/SG_Service: [IsCallerHasPublicPermissions]caller no permission
CST 2026-07-17 18:48:32.125   641   722 E C02f18/SECURITY_AUDIT_Service: DataCollectManager QuerySecurityEventConfig failed
CST 2026-07-17 18:48:32.138   765   906 I C02515/DGLES: [d_glGetUniformLocation_special@glv3_status.cpp:1517] uniform ucornerPositionXY_S1 location remote -1
CST 2026-07-17 18:48:32.139  1657  2227 I C02515/DISP: [ExpressFreeMem:317] freeMem bufferhandle gbuffer_id 93d00000041, width 222, heigt 222
CST 2026-07-17 18:48:32.140   765   906 I C02515/DGLES: [d_glGetUniformLocation_special@glv3_status.cpp:1517] uniform ulocalMatrix_S0 location remote -1
CST 2026-07-17 18:48:32.143   765   906 I C02515/DGLES: [d_glGetUniformLocation_special@glv3_status.cpp:1517] uniform ulocalMatrix_S0 location remote -1
CST 2026-07-17 18:48:32.146   765   906 W C01406/OHOS::RS: RSJankStats::SetJankStats jank frames 13
CST 2026-07-17 18:48:32.147   635  2281 W C02515/DISP: [SetLayerMaskInfo:495] <private> is not supported
CST 2026-07-17 18:48:32.147   635   695 I C02515/DISP: [CommitComposeLayer:67] CommitComposeLayer! 10
CST 2026-07-17 18:48:32.147   765   765 I C01406/RSClientToServiceConnection: CreateNodeAndSurface RegisterRenderNode id:12850542149634, name:r1probe0
CST 2026-07-17 18:48:32.147   765   765 E C01406/RSScreenManager: IsAllScreensPowerOff: screenPowerStatus_ is empty.
CST 2026-07-17 18:48:32.154  1657  2227 I C03900/HDS: [hds_drawable_descriptor.cpp-ProcessIcon:101]set pixelmap editable : 0 .
CST 2026-07-17 18:48:32.154  1657  2227 E C02b61/PixelMap: set ashmem name failed
CST 2026-07-17 18:48:32.154  1657  2227 W A01b00/SCB: GraphicUtils --> combinePic from HdsIcon, bundleName: com.huawei.hms.huaweiid, iconSizeOfGrid: 64, hasBorder: true
CST 2026-07-17 18:48:32.154  1657  2227 I A01b00/SCB: IconResourceFwk --> getBundleIcon end param: com.huawei.hms.huaweiid, 64, true true
CST 2026-07-17 18:48:32.155  2992  2992 W C01409/APS_MANAGER: redo Connect
CST 2026-07-17 18:48:32.155  2992  2992 I C01409/APS_MANAGER: Start to ConnectService
CST 2026-07-17 18:48:32.155  2992  2992 I C01409/APS_MANAGER: GetSystemAbilityManager success
CST 2026-07-17 18:48:32.156  2992  2992 I C01409/APS_MANAGER: GetSystemAbility success
CST 2026-07-17 18:48:32.156  2992  2992 I C01406/OHOS::RS: RSLogManager init log flag: 0x0(0)
CST 2026-07-17 18:48:32.156  2992  2992 I C01406/OHOS::RS: RSFrameRateLinker::Create id: 12850542149632
CST 2026-07-17 18:48:32.156  2992  2992 I C04202/WMSMain: VsyncStation: id 12850542149634 created
CST 2026-07-17 18:48:32.157  2992  2992 I C04200/WindowSceneSessionImpl: WindowSceneSessionImpl: [WMSCom] Constructor r1probe0
CST 2026-07-17 18:48:32.157  2992  2992 E C04200/WMS: SetWindowType: permission denied!
CST 2026-07-17 18:48:32.157  2992  2992 I C0420a/WMSLife: Create: Window Create name:r1probe0, state:0, mode:0
CST 2026-07-17 18:48:32.162  1657  1798 I C02b61/ImageCode: DoEncode:(224, 224) cost 6436 us
CST 2026-07-17 18:48:32.163  1657  1799 I C01631/GaussPD:  [0] [ADAPTER] [139901066529536] Not support binlog_default.writeLock file enable del monitor sysno = 25
CST 2026-07-17 18:48:32.163  1657  1799 I C01631/GaussPD:  [0] [ADAPTER] [139901066529536] Not support binlog_default.writeLock file enable del monitor sysno = 25
CST 2026-07-17 18:48:32.164  1657  1799 I C01631/GaussPD:  [0] [ADAPTER] [139901066529536] Not support binlog_default.writeLock file enable del monitor sysno = 25
CST 2026-07-17 18:48:32.164  1657  1799 I C01631/GaussPD:  [0] [ADAPTER] [139901066529536] Not support binlog_default.writeLock file enable del monitor sysno = 25
CST 2026-07-17 18:48:32.164  1657  1799 I C01631/GaussPD:  [0] [ADAPTER] [139901066529536] Not support binlog_default.writeIndex file enable del monitor sysno = 25
CST 2026-07-17 18:48:32.164  1657  1799 I C01631/GaussPD:  [0] [ADAPTER] [139901066529536] Not support binlog_default.writeIndex file enable del monitor sysno = 25
CST 2026-07-17 18:48:32.165  1657  2227 I A01a01/NC: NotificationConfigManager: update icon result: com.huawei.hms.huaweiid, 36266
CST 2026-07-17 18:48:32.165  1657  2227 I A01b00/SCB: IconResourceFwk --> getBundleIcon start param: com.huawei.hmos.fusionawareness, 64, true true
CST 2026-07-17 18:48:32.165  1657  2227 W A01b00/SCB: IconResourceUtils --> getIconResource from bms getBundleResourceInfo for com.huawei.hmos.fusionawareness 0
CST 2026-07-17 18:48:32.165   766  1196 I C01120/BMS: icon rdb get resource icon start -n com.huawei.hmos.fusionawareness -i 0 -f 16
CST 2026-07-17 18:48:32.166   766  1196 E C01650/StepResultSet: GoToRow:position[0] rowCount[0] rowPos_[-1]!
CST 2026-07-17 18:48:32.166  1657  2227 E C02b61/BufferSourceStream: buffer read finish, offset:991 ,dataSize991.
CST 2026-07-17 18:48:32.166  1657  2227 E C02b61/BufferSourceStream: buffer read fail.
CST 2026-07-17 18:48:32.167  1657  2227 E C02b61/PixelMap: set ashmem name failed
CST 2026-07-17 18:48:32.168  1657  2227 W A01b00/SCB: GraphicUtils --> com.huawei.hmos.fusionawareness - getHdsIcon, size: (51, 51), pixelFormat: 4, leftTopPixel is transparent: true, 0-0-0-0
CST 2026-07-17 18:48:32.168  1657  2227 E C03900/HDS: [hds_drawable_descriptor.cpp-GetOtherIconsInfo:395]Get icon by name from resource failed, iconName: icon_mask, isGlobalMask: 0, state: 9001004
CST 2026-07-17 18:48:32.168  1657  2227 W C03900/HDS: [hds_drawable_descriptor.cpp-ProcessIcon:91]Mask size {192, 192}, bundleName: com.huawei.hmos.fusionawareness
CST 2026-07-17 18:48:32.168  1657  2227 I C02b61/PostProc: initSLRFactor insert:217674640
CST 2026-07-17 18:48:32.169  1657  1813 I C02b61/PixelMap: PixelMap::scale SLR 169, srcSize: [192, 192], dstSize: [51, 51], cost: 0
CST 2026-07-17 18:48:32.174   913  3017 I C02b91/AVSession: [HandleFocusSession]uid=20020011, pid=1657 curTop:null
CST 2026-07-17 18:48:32.174   913  3017 E C02b91/AVSession: [HandleFocusSession]focusSession no play
CST 2026-07-17 18:48:32.185   634  2365 I C02515/DISP: [InitBufferHandle:229] express init gbuffer id 93d00000042 ret 0 err 0 fd 6 51 51 pixel 4 size 10404 usage 2b
CST 2026-07-17 18:48:32.185   634  2365 I C02515/DISP: [ExpressAllocMem:271] ExpressAllocMem requeset BufferHandle 6, width 51, heigt 51, format 20
CST 2026-07-17 18:48:32.192   634  2365 I C02515/DISP: [ExpressFreeMem:317] freeMem bufferhandle gbuffer_id 93d00000042, width 51, heigt 51
CST 2026-07-17 18:48:32.210   634  2365 I C02515/DISP: [InitBufferHandle:229] express init gbuffer id 93d00000043 ret 0 err 0 fd 6 222 222 pixel 4 size 197136 usage 2b
CST 2026-07-17 18:48:32.210   634  2365 I C02515/DISP: [ExpressAllocMem:271] ExpressAllocMem requeset BufferHandle 6, width 222, heigt 222, format 20
CST 2026-07-17 18:48:32.215   634  2365 I C02515/DISP: [ExpressFreeMem:317] freeMem bufferhandle gbuffer_id 93d00000043, width 222, heigt 222
CST 2026-07-17 18:48:32.216  1657  1813 I C02515/DISP: [ExpressFreeMem:317] freeMem bufferhandle gbuffer_id 93d00000042, width 51, heigt 51
CST 2026-07-17 18:48:32.248   765   906 W C01406/OHOS::RS: RSJankStats::SetJankStats jank frames 6
CST 2026-07-17 18:48:32.249   635   695 W C02515/DISP: [SetLayerMaskInfo:495] <private> is not supported
CST 2026-07-17 18:48:32.249   635   695 I C02515/DISP: [CommitComposeLayer:67] CommitComposeLayer! 10
CST 2026-07-17 18:48:32.250   765   765 E C01406/RSScreenManager: IsAllScreensPowerOff: screenPowerStatus_ is empty.
CST 2026-07-17 18:48:32.251  1657  1657 I C03930/AceAnimation: [(100000:100000:scope)] animateTo finish, cnt:23
CST 2026-07-17 18:48:32.251  1657  1657 I A01b01/HOME: SCBSCS: setMotionBlurRadius: 0, caller: sceneContainerZoomIn end
CST 2026-07-17 18:48:32.252  1657  1657 I A01b00/SCB: LuoShuStateManager --> getLuoShuStateInfo: SCBScreenSM {"luoShuState":0,"scenePanelState":1,"eventType":-1,"screenInfo":{"isLandscape":false,"foldState":1},"screenId":0,"holdingHandStatus":1}
CST 2026-07-17 18:48:32.258  2992  2992 I C0420a/WMSLife: Create: SetIsAbilityHookOff 0
CST 2026-07-17 18:48:32.258  2992  2992 W C0420a/WMSLife: IsWindowSessionInvalid: already destroyed or not created! id: 0 state_: 0
CST 2026-07-17 18:48:32.258  2992  2992 W C04200/WindowSceneSessionImpl: AdjustWindowAnimationFlag: session invalid!
CST 2026-07-17 18:48:32.258  2992  2992 I C04200/WindowSceneSessionImpl: Remove window flag WINDOW_FLAG_SHOW_WHEN_LOCKED
CST 2026-07-17 18:48:32.259   142  1024 I C01800/SAMGR: SubscribeSA:1901,2992_26_1
CST 2026-07-17 18:48:32.259   142  1024 I C01800/SAMGR: NotifyAddSA:1901,2992_1
CST 2026-07-17 18:48:32.259  2992  2992 I C0420a/WMSLife: Connect: in
CST 2026-07-17 18:48:32.259  1657  1662 I C01406/OHOS::RS: RSSurfaceNode::Unmarshalling, Node: 12850542149634, Name: r1probe0
CST 2026-07-17 18:48:32.260  1657  2126 I C0420a/WMSLife: ConnectInner: [id: 30] state: 0,isTerminating:0, callingPid:2992, disableDelegator:0
CST 2026-07-17 18:48:32.260  1657  2126 I C04217/WMSAttribute: GetAbilityColorMode: winId: 30, colorMode: , hasDarkRes: 0
CST 2026-07-17 18:48:32.260  1657  2126 I C01406/OHOS::RS: RSTransactionHandler::Begin syncId:0, transactionHandler:3299174886, remoteTransactionDataStack.size:0
CST 2026-07-17 18:48:32.260  1657  2126 I C01406/OHOS::RS: RSTransactionHandler::Commit transactionHandler:3299174886
CST 2026-07-17 18:48:32.260   337   579 E C01704/TagSched: [a92ab408803f831] [OpenQosCtrl]Failed to open qos_ctrl device
CST 2026-07-17 18:48:32.260   337   579 E C01704/TagSched: [a92ab408803f831] [IsQosHandleOpen]get qosSetHandle_ fail
CST 2026-07-17 18:48:32.260   337   579 E C01704/TagSched: [a92ab408803f831] [SetQosInternal]qosSetHandle open fail
CST 2026-07-17 18:48:32.260   337   579 E C01704/TagSched: [a92ab408803f831] [OpenQosCtrl]Failed to open qos_ctrl device
CST 2026-07-17 18:48:32.260   337   579 E C01704/TagSched: [a92ab408803f831] [IsQosHandleOpen]get qosSetHandle_ fail
CST 2026-07-17 18:48:32.260   337   579 E C01704/TagSched: [a92ab408803f831] [SetQosInternal]qosSetHandle open fail
CST 2026-07-17 18:48:32.260  1657  2126 I C04202/WMSMain: InitSessionPropertyWhenConnect: [id: 30] requestedOrientation: 0, defaultRequestedOrientation: 0, userRequestedOrientation: 0
CST 2026-07-17 18:48:32.260  1657  2126 I C0420c/WMSEvent: SetCallingPid: id:30, 2992
CST 2026-07-17 18:48:32.260  1657  2126 I C0420a/WMSLife: The windows of pid 2992 change to visibility.
CST 2026-07-17 18:48:32.260  1657  2126 I C0420a/WMSLife: OnSessionStateChange: id: 30, state: 1
CST 2026-07-17 18:48:32.260   766  1196 I C01311/AppMS: [WND_CHG_LSNR38]NotifyWindowPidVisibilityChanged called, pid:2992, visibilityState:0.
CST 2026-07-17 18:48:32.260  2992  3160 I C04208/WMSLayout: NotifyAppHookWindowInfoUpdated: in
CST 2026-07-17 18:48:32.261  1657  1657 I A0420a/WMSLife: onSessionStateChange state:1
CST 2026-07-17 18:48:32.261   766  1196 W C04201/DMS: screen_cutout_controller.cpp GetCutoutArea: display:[ID: 0, W: 1320, H: 2856, R: 0,Mode 0]
CST 2026-07-17 18:48:32.262  1657  2126 I C0420b/WMSKeyboard: CheckEmptyKeyboardAvoidAreaIfNeeded: check keyboard avoid area, isPhoneNotFreeMultiWindow: 1, isPadNotFreeMultiWindow: 0
CST 2026-07-17 18:48:32.262  1657  2126 I C0393b/AceWindowScene: [(-1:100000:singleton)] isAbilityHook: 0
CST 2026-07-17 18:48:32.262  1657  2126 I C0420a/WMSLife: ConnectInner: set session id 30 disableDelegator 0
CST 2026-07-17 18:48:32.262  1657  2126 I C04200/WMS: NotifyPropertyWhenConnect: In
CST 2026-07-17 18:48:32.262  1657  1657 I C04204/WMSScb: GetSurfaceNode: id: 30, surfaceNode: RSNode [id: 12850542149634], RSUIContext [token: 7116760809473, tid: 1657], original: RSUIContext [token: 7116760809473, tid: 1657]
CST 2026-07-17 18:48:32.262  1657  2126 I C04207/WMSFocus: NotifySessionFocusableChange: id: 30, focusable: 1
CST 2026-07-17 18:48:32.262  1657  2126 I C04200/WMS: OnSessionTouchableChange: 1
CST 2026-07-17 18:48:32.262  1657  2126 I C04200/WMS: OnShowWhenLocked: 0
CST 2026-07-17 18:48:32.262  1657  1657 I C0393b/AceWindowScene: [(100000:100000:scope)] AddChild AppWindow, 2172
CST 2026-07-17 18:48:32.262  1657  2126 I C0421a/WMSLayoutPc: RegisterFoldScreenStatusChangeCallback: id: 30
CST 2026-07-17 18:48:32.262  1657  2126 I C0421a/WMSLayoutPc: RegisterSystemKeyboardStatusChangeCallback: id: 30
CST 2026-07-17 18:48:32.262  1657  1657 I C0393b/AceWindowScene: [(100000:100000:scope)] Add app window finished, id: 30, node id: 2172, name: cn.alfadb.netbird.r1probe, rect: RectT (0.00, 0.00) - [1320.00 x 2856.00]
CST 2026-07-17 18:48:32.263  2992  3160 I C0421c/WMSCompat: SetAppHookWindowInfo: Id:0, preHookWindowInfo:[enableHookWindow: false, widthHookRatio: 1.000000, notifyWindowChange: false], newHookWindowInfo:[enableHookWindow: false, widthHookRatio: 1.000000, notifyWindowChange: false]
CST 2026-07-17 18:48:32.263  2992  2992 I C04208/WMSLayout: Connect: updateRect when connect.preRect:[0,0,0,0]rect:[0,0,1320,2856]
CST 2026-07-17 18:48:32.263  2992  3160 I C04208/WMSLayout: UpdateRect: id:30 name:r1probe0 rect:[0 0 1320 2856]->[0 0 1320 2856] reason:0 displayId:0
CST 2026-07-17 18:48:32.263  2992  3160 I C04208/WMSLayout: NotifyFirstValidLayoutUpdate: Id:30, rect:[0 0 1320 2856]
CST 2026-07-17 18:48:32.263  2992  3160 W C04208/WMSLayout: NotifySingleHandTransformChange: id:30, uiContent is nullptr
CST 2026-07-17 18:48:32.264  2992  2992 I C0420a/WMSLife: Connect: Window Connect [name:r1probe0, id:30, type:1], ret:0, oriDisplayId:0, curDisplayId:0
CST 2026-07-17 18:48:32.264  2992  2992 I C0421c/WMSCompat: SendCombinedCompatibleConfigToArkUI: bundleName: cn.alfadb.netbird.r1probe, combinedCompatibleConfig size: 2
CST 2026-07-17 18:48:32.264  2992  2992 I C0421c/WMSCompat: SendCombinedCompatibleConfigToArkUI: bundleName:cn.alfadb.netbird.r1probe, logicalDeviceConfig size:2, arkUIAndWebConfig size:66
CST 2026-07-17 18:48:32.264  2992  2992 I C03900/ACE_UIContent: [201]get angle info: {}
CST 2026-07-17 18:48:32.264  2992  2992 I C0421c/WMSCompat: SendCombinedCompatibleConfigToArkUI: Send null logical device config to arkui
CST 2026-07-17 18:48:32.264  2992  2992 I C0421c/WMSCompat: SendCombinedCompatibleConfigToArkUI: Send combined compatible config to arkui successfully!
CST 2026-07-17 18:48:32.264  2992  2992 I C04208/WMSLayout: SetWindowMode: windowId: 30, windowModeSupportType: 63, mode: 1
CST 2026-07-17 18:48:32.265   232  1020 I C01d00/accessibility: [(WindowUpdateAll:1027)]WindowUpdateAll start activeWindowId_: -1
CST 2026-07-17 18:48:32.265  1657  1662 E C04200/WMS: UpdateSessionPropertyByAction: permission denied! action: 262144
CST 2026-07-17 18:48:32.265  2992  2992 I C04208/WMSLayout: NotifyWindowStatusChange: id:30, windowMode:1, windowStatus:1, lastWindowStatus:0, skipRedundantWindowStatusNotifications:0
CST 2026-07-17 18:48:32.265  1657  1657 I C01406/RSNode: RSNode::AddChild, Id: 7116760810267, SurfaceNode:[Id: 12850542149634, name: r1probe0]
CST 2026-07-17 18:48:32.265   232  1020 I C01d00/accessibility: [(WindowUpdateAll:1079)]WindowUpdateAll end activeWindowId_: -1
CST 2026-07-17 18:48:32.265  2992  2992 I C04208/WMSLayout: SetConfigWindowLimitsVP: id:30, windowLimits:[0 0 0 0 0.000000 0.000000 1.000000 1]
CST 2026-07-17 18:48:32.266  1657  2126 I C04209/WMSImms: OnNeedAvoid win 30 status 0
CST 2026-07-17 18:48:32.266  2992  2992 I C04208/WMSLayout: GetSystemSizeLimits: px[6720,6720,1120,840], vp[1920,1920,320,240], configMax:1920, vpr:3.500000, winType:1
CST 2026-07-17 18:48:32.267  1657  1657 I A04200/WINDOW: SCBScene: [SCBKeyboard] keyboard session is null, no need update keyboard offset
CST 2026-07-17 18:48:32.267  1657  2126 I C04208/WMSLayout: HandleActionUpdateWindowLimits: id:30, px:[6720 6720 1120 840 0.000000 0.000000 3.500000 0], vp:[1920 1920 320 240 0.000000 0.000000 3.500000 1], userLimitsUnit:1
CST 2026-07-17 18:48:32.267  1657  1657 I A04200/WINDOW: SCBSceneSession: onSessionWindowLimitsChange
CST 2026-07-17 18:48:32.267  1657  2129 I C0420c/WMSEvent: LogWinInfo: eid:12,size:9,idList:3|0|1|100|1657|1657|1;4|0|1|101|1657|1657|1;7|0|0|1|1657|1657|1;10|0|0|2|1657|1657|1;17|0|1|3|1657|1657|1;19|0|2048|2200|1657|1657|1;21|0|0|2202|1657|1657|1;25|0|2048|4102|1657|1657|2;30|0|0|102|2992|2992|1;30|0,0|1,1|-84,-84,1488,3024
CST 2026-07-17 18:48:32.267  2992  2992 I C0421a/WMSLayoutPc: GetSupportedWindowModesConfiguration: winId: 30, windowModeSupportType: 15
CST 2026-07-17 18:48:32.267  2992  2992 I C04202/WMSMain: SetSupportedWindowModesForAncoInFreeWindow: is not anco app, need not update support window mode.
CST 2026-07-17 18:48:32.267  2992  2992 I C04208/WMSLayout: GetConfigurationFromAbilityInfo: windowId: 30, windowModeSupportType: 15, isAncoSupportFreeWindow: 0
CST 2026-07-17 18:48:32.267  1657  1662 E C04200/WMS: UpdateSessionPropertyByAction: permission denied! action: 2048
CST 2026-07-17 18:48:32.267   284   529 I C02803/InputWindowsManager: [|8263]newMainDisplayInfo:0, oldMainDisplayInfo:0
CST 2026-07-17 18:48:32.267   284   529 I C02803/InputWindowsManager: [|8263]newMainDisplayInfo:0, oldMainDisplayInfo:0
CST 2026-07-17 18:48:32.267   284   529 I C02803/InputWindowsManager: [|2067]19|0|2758|1320|98|1,0|0|1320|98
CST 2026-07-17 18:48:32.268  2992  2992 I C0420f/WMSRecover: RegisterSessionRecoverCallbackFunc: persistentId=30
CST 2026-07-17 18:48:32.268  2992  2992 I C04209/WMSImms: UpdateStatusBarColorByColorMode: win 30 type 1 hasDarkRes 0 colorMode light
CST 2026-07-17 18:48:32.268   232  2130 I C01d00/accessibility: [(WindowUpdateAll:1027)]WindowUpdateAll start activeWindowId_: -1
CST 2026-07-17 18:48:32.269  2992  2992 I C04200/WMS: IsMainHandlerAvailable: id:30, isAvailable:1
CST 2026-07-17 18:48:32.269  1657  1657 I A04200/WINDOW: SCBSSM: onStatusBarEnableChange screenId: 0 statusBarEnable: true
CST 2026-07-17 18:48:32.269  2992  2992 I C04200/WMS: IsMainHandlerAvailable: id:30, isAvailable:1
CST 2026-07-17 18:48:32.269  2992  2992 I C02800/InputManagerImpl: [][SetWindowInputEventConsumer:366] enter
CST 2026-07-17 18:48:32.269   232  2130 I C01d00/accessibility: [(WindowUpdateAll:1079)]WindowUpdateAll end activeWindowId_: -1
CST 2026-07-17 18:48:32.270   284   529 I C02800/ClientDeathHandler: [|113]Insert Death recipient pid:2992 has existed
CST 2026-07-17 18:48:32.270   284   284 I C02801/MMIService: [|4838]TransferBinderClientSrv result:0
CST 2026-07-17 18:48:32.271   284   284 I C02800/Util: [][GetProcessName:662] enter
CST 2026-07-17 18:48:32.271   284   284 I C02800/Util: [][GetProcessName] leave
CST 2026-07-17 18:48:32.271   284   284 I C02801/MMIService: [|643]Enter, programName:{cn.alfadb.netbird.r1probe:1}, moduleType:0, pid:2992
CST 2026-07-17 18:48:32.271   284   529 E C02801/UDSServer: [|59]Not found pid:2992
CST 2026-07-17 18:48:32.271   284   529 E C02800/Util: [|406]CHKPS(realpath(filePath.c_str(), realPath)) is null
CST 2026-07-17 18:48:32.271   284   529 E C02801/BundleNameParser: [|49]Read bundleName failed
CST 2026-07-17 18:48:32.271   284   529 E C02801/BundleNameParser: [|70]Init failed
CST 2026-07-17 18:48:32.271   284   529 I C02801/MMIService: [|314]The userdata:[fd:41, type:1]
CST 2026-07-17 18:48:32.271   284   529 I C02801/UDSServer: [|329]Add 41 in epollEvent map
CST 2026-07-17 18:48:32.271   284   529 I C02801/UDSServer: [|423]The pid:2992, fd:41
CST 2026-07-17 18:48:32.271   284   529 I C02801/UDSServer: [|442]AddSession end
CST 2026-07-17 18:48:32.271   284   529 I C02801/MMIService: [|733]Get fd:41
CST 2026-07-17 18:48:32.271   284   284 I C02801/MMIService: [|670]Leave, programName:cn.alfadb.netbird.r1probe, moduleType:0, alloc success
CST 2026-07-17 18:48:32.272  2992  2992 I C02800/MMIClient: [|267]Connection to server succeeded, fd:32
CST 2026-07-17 18:48:32.272  2992  2992 I C02800/MMIClient: [|166]Server was listening
CST 2026-07-17 18:48:32.272  2992  2992 I C02800/MMIClient: [|127]reuse current event handler, thread name:
CST 2026-07-17 18:48:32.272  2992  2992 I C02800/MMIClient: [|130]File fd is in listening
CST 2026-07-17 18:48:32.272  2992  2992 I C02800/InputManagerImpl: [][SetWindowInputEventConsumer] leave
CST 2026-07-17 18:48:32.272  2992  2992 I C0420c/WMSEvent: AddInputWindow: SetWindowInputEventConsumer success, wid:30
CST 2026-07-17 18:48:32.272  2992  2992 I C0420c/WMSEvent: LoadGameController: in
CST 2026-07-17 18:48:32.281  2992  2992 I C04732/GameController: [(RegisterEntryModule:24)]begin load gamecontroller_event
CST 2026-07-17 18:48:32.281  2992  2992 I C04732/GameController: [(StartInputToTouch:61)]Begin StartInputToTouch
CST 2026-07-17 18:48:32.281  2992  2992 I C0420c/WMSEvent: LoadGameController: dlopen GameController success
CST 2026-07-17 18:48:32.282   766  1166 W C011fc/BMSExt: [IsTargetApp:729]bundleName or appIdentifier is empty
CST 2026-07-17 18:48:32.282  2992  2992 I C0420c/WMSEvent: SubscribeEvent: Subscribe touch.events.touchpredict Event
CST 2026-07-17 18:48:32.282  2992  3186 I C04732/GameController: [(GetSelfBundleName:49)]The current bundleName [cn.alfadb.netbird.r1probe]. version [0.0.1]
CST 2026-07-17 18:48:32.282  2992  3186 I C04732/GameController: [(IsCommonApp:94)]The [cn.alfadb.netbird.r1probe] is a common app.
CST 2026-07-17 18:48:32.283  2992  3186 W C04732/GameController: [(ReadJsonFromFile:224)]realpath failed for [/data/service/el1/public/for-all-app/gamecontroller_server/game_support_key_mapping.json]
CST 2026-07-17 18:48:32.283  2992  3186 I C04732/GameController: [(SetSupportKeyMapping:73)]SetSupportKeyMapping. isSupportKeyMapping_ is [0]
CST 2026-07-17 18:48:32.283  2992  3186 I C04732/GameController: [(DoAsyncTask:76)]The app does not support input-to-touch feature.
CST 2026-07-17 18:48:32.283   142   164 I C01800/SAMGR: SubscribeSA:3299,2992_133_2
CST 2026-07-17 18:48:32.283   142   164 I C01800/SAMGR: NotifyAddSA:3299,2992_2
CST 2026-07-17 18:48:32.284  2992  2992 I C04217/WMSAttribute: ConnectServer: start connect
CST 2026-07-17 18:48:32.284   766  1522 I C01202/Subscriber: Subscribe cn.alfadb.netbird.r1probe(userId = 100, subId = 2992_20020062_-1_505_55068, ffrtCost 0 ms, taskCost 0 ms)
CST 2026-07-17 18:48:32.284  2992  2992 I C04217/WMSAttribute: ConnectServer: end connect
CST 2026-07-17 18:48:32.284  2992  2992 W C04217/WMSAttribute: RegisterGetWMSWindowListCallback: callback has registered
CST 2026-07-17 18:48:32.284  2992  2992 I C04217/WMSAttribute: RegisterGetWMSWindowListCallback: winId: 30
CST 2026-07-17 18:48:32.284  2992  2992 I C04217/WMSAttribute: UpdateColorMode: winId: 30, colorMode: light
CST 2026-07-17 18:48:32.284  2992  2992 I C04218/WMSPc: UpdateSidebarBlurStyleWhenColorModeChange: in, persistentId=30
CST 2026-07-17 18:48:32.284  2992  2992 W C04218/WMSPc: UpdateSidebarBlurStyleWhenColorModeChange: RSAnimatableProperty is null
CST 2026-07-17 18:48:32.284  2992  2992 I C04217/WMSAttribute: UpdateColorMode: winId: 30, colorMode: light, hasDarkRes: 0
CST 2026-07-17 18:48:32.284  2992  2992 I C0421c/WMSCompat: SetPcAppInpadSpecificSystemBarInvisible: isPcAppInpadSpecificSystemBarInvisible: 0
CST 2026-07-17 18:48:32.284  2992  2992 I C0421c/WMSCompat: SetPcAppInpadOrientationLandscape: isPcAppInpadOrientationLandscape: 0
CST 2026-07-17 18:48:32.284  2992  2992 I C0420a/WMSLife: Create: Window Create success [name:r1probe0, id:30], state:1, mode:1, enableDefaultDensity:0, displayId:0
CST 2026-07-17 18:48:32.284  2992  2992 E C04200/WMS: singleton_container.cpp GetSingleton: cant get OHOS::Rosen::WindowInfoReporter
CST 2026-07-17 18:48:32.286  2992  2992 I C01332/UIAbility: [JUA2036]JsUIAbility call js, name: onWindowStageCreate
CST 2026-07-17 18:48:32.286  2992  2992 I A02900/R1Api24Probe: EntryAbility windowStage onWindowStageCreate
CST 2026-07-17 18:48:32.286  2992  2992 I C04200/JsWindowStage: LoadContent: [NAPI]
CST 2026-07-17 18:48:32.286  2992  2992 I C01332/UIAbility: [JUA2081]end, name: onWindowStageCreate, time: 0
CST 2026-07-17 18:48:32.286  2992  2992 I C0420a/WMSLife: NotifyWindowStageCreateFinished: id: 30
CST 2026-07-17 18:48:32.286  2992  2992 I C01332/UIAbility: [JUA2036]JsUIAbility call js, name: onWillForeground
CST 2026-07-17 18:48:32.286  2992  2992 I C01332/UIAbility: [JUA2081]end, name: onWillForeground, time: 0
CST 2026-07-17 18:48:32.286  2992  2992 I C04202/WMSMain: GoForeground: reason: 4
CST 2026-07-17 18:48:32.286  2992  2992 I C0420a/WMSLife: Show: Window show [name: r1probe0, id: 30, type: 1], reason: 4, state:1, requestState:1
CST 2026-07-17 18:48:32.286  2992  2992 I C04208/WMSLayout: GetSystemSizeLimits: px[6720,6720,1120,840], vp[1920,1920,320,240], configMax:1920, vpr:3.500000, winType:1
CST 2026-07-17 18:48:32.286  2992  2992 I C04208/WMSLayout: UpdateNewSize: fullscreen or compatible mode could not update new size, Id: 30
CST 2026-07-17 18:48:32.286  1657  2126 I C04208/WMSLayout: HandleActionUpdateWindowLimits: id:30, px:[6720 6720 1120 840 0.000000 0.000000 3.500000 0], vp:[1920 1920 320 240 0.000000 0.000000 3.500000 1], userLimitsUnit:1
CST 2026-07-17 18:48:32.287  1657  1657 I A04200/WINDOW: SCBSceneSession: onSessionWindowLimitsChange
CST 2026-07-17 18:48:32.287  2992  2992 I C04217/WMSAttribute: IsSystemDensityChanged: windowId: 30, lastDensity: -1.000000, currDensity: 3.500000
CST 2026-07-17 18:48:32.287  1657  1662 I C04217/WMSAttribute: OnUpdateColorMode: winId: 30, colorMode: light, hasDarkRes: 0
CST 2026-07-17 18:48:32.287  1657  1662 I C04217/WMSAttribute: GetAbilityColorMode: winId: 30, colorMode: light, hasDarkRes: 0
CST 2026-07-17 18:48:32.287  1657  1662 I C01406/OHOS::RS: RSTransactionHandler::Begin syncId:0, transactionHandler:3299174886, remoteTransactionDataStack.size:0
CST 2026-07-17 18:48:32.287  1657  1662 I C01406/OHOS::RS: RSTransactionHandler::Commit transactionHandler:3299174886
CST 2026-07-17 18:48:32.287  2992  2992 W C04200/WindowSessionImpl: UpdateViewportConfig: uiContent is null!
CST 2026-07-17 18:48:32.287  1657  2126 I C0420a/WMSLife: OnSessionEvent event: 201
CST 2026-07-17 18:48:32.287  1657  2126 I C04200/WMS: OnSessionEvent: 201
CST 2026-07-17 18:48:32.288  1657  2126 I C0420a/WMSLife: Foreground: [id: 30] state:1, isTerminating:0
CST 2026-07-17 18:48:32.288  1657  2126 I C0420a/WMSLife: OnSessionStateChange: id: 30, state: 2
CST 2026-07-17 18:48:32.288  2992  2992 I C01332/UIAbility: [ui_ability_impl.cpp439]wnd call, AfterForeground
CST 2026-07-17 18:48:32.288  2992  2992 W C0420a/WMSLife: GetAttachStateSyncResult: lifecycleCallback is null
CST 2026-07-17 18:48:32.288  1657  2126 I C04207/WMSFocus: NotifyFocusStatus: name: cn.alfadb.netbird.r1probe/EntryAbility/r1probe0, id: 30, isFocused: 1
CST 2026-07-17 18:48:32.288  2992  2992 I C01406/OHOS::RS: RSFrameRateLinker::Create id: 12850542149633
CST 2026-07-17 18:48:32.289  1657  2126 I C04207/WMSFocus: NotifySessionFocused: Id:30
CST 2026-07-17 18:48:32.289   337   577 E C01704/TagSched: [a92ab6088046b51] [OpenQosCtrl]Failed to open qos_ctrl device
CST 2026-07-17 18:48:32.289   337   577 E C01704/TagSched: [a92ab6088046b51] [IsQosHandleOpen]get qosSetHandle_ fail
CST 2026-07-17 18:48:32.290   337   577 E C01704/TagSched: [a92ab6088046b51] [SetQosInternal]qosSetHandle open fail
CST 2026-07-17 18:48:32.290   337   577 E C01704/TagSched: [a92ab6088046b51] [OpenQosCtrl]Failed to open qos_ctrl device
CST 2026-07-17 18:48:32.290   337   577 E C01704/TagSched: [a92ab6088046b51] [IsQosHandleOpen]get qosSetHandle_ fail
CST 2026-07-17 18:48:32.290   337   577 E C01704/TagSched: [a92ab6088046b51] [SetQosInternal]qosSetHandle open fail
CST 2026-07-17 18:48:32.290   337   409 I C01706/ueaServer-IntelliSenseServer: [a92ab6088046b51] [ReportWindowFocus]:2992 get focus in screen 0
CST 2026-07-17 18:48:32.290   337   409 E C01704/TagSched: [a92ab6088046b51] [OpenQosCtrl]Failed to open qos_ctrl device
CST 2026-07-17 18:48:32.290   337   409 E C01704/TagSched: [a92ab6088046b51] [IsQosHandleOpen]get qosSetHandle_ fail
CST 2026-07-17 18:48:32.290   337   409 E C01704/TagSched: [a92ab6088046b51] [SetUclamp]qosSetHandle open fail
CST 2026-07-17 18:48:32.290   337   409 E C01704/TagSched: [a92ab6088046b51] [OpenQosCtrl]Failed to open qos_ctrl device
CST 2026-07-17 18:48:32.290   337   409 E C01704/TagSched: [a92ab6088046b51] [IsQosHandleOpen]get qosSetHandle_ fail
CST 2026-07-17 18:48:32.290   337   409 E C01704/TagSched: [a92ab6088046b51] [SetUclamp]qosSetHandle open fail
CST 2026-07-17 18:48:32.290   337   409 E C01704/TagSched: [a92ab6088046b51] [OpenQosCtrl]Failed to open qos_ctrl device
CST 2026-07-17 18:48:32.290   337   409 E C01704/TagSched: [a92ab6088046b51] [IsQosHandleOpen]get qosSetHandle_ fail
CST 2026-07-17 18:48:32.290   337   409 E C01704/TagSched: [a92ab6088046b51] [SetUclamp]qosSetHandle open fail
CST 2026-07-17 18:48:32.290  2992  3169 I C04207/WMSFocus: UpdateFocusState: focus: 1, id: 30
CST 2026-07-17 18:48:32.290  1657  2126 I C0420a/WMSLife: SetActive: new active:1, id:30, state:2
CST 2026-07-17 18:48:32.290  1657  2126 I C0420a/WMSLife: OnSessionStateChange: id: 30, state: 3
CST 2026-07-17 18:48:32.290  2992  3160 I C04207/WMSFocus: NotifyHighlightChange: windowId: 30, isHighlight: 1,
CST 2026-07-17 18:48:32.290   766  1517 I C01311/AppMS: [AMSI8418]uid:20020062, pid:2992
CST 2026-07-17 18:48:32.290  1657  2126 I C01406/OHOS::RS: RSTransactionHandler::Begin syncId:0, transactionHandler:2047251211, remoteTransactionDataStack.size:0
CST 2026-07-17 18:48:32.290  1657  2126 I C01406/OHOS::RS: RSSurfaceNode::SetSecurityLayer, surfaceNodeId:[7116760810267] isSecurityLayer:false
CST 2026-07-17 18:48:32.290  1657  2126 I C01406/OHOS::RS: RSTransactionHandler::Commit transactionHandler:2047251211
CST 2026-07-17 18:48:32.290  1657  2126 I C0421e/WMSAnimation: DisableUIFirstIfNeed: UIFirst is disabled, id: 30.
CST 2026-07-17 18:48:32.290  1657  1657 I A0420a/WMSLife: onSessionStateChange state:2
CST 2026-07-17 18:48:32.290   337   564 I C01710/BUNDLE_ACTIVE: [bundle_active_app_state_obsever.cpp(OnAbilityStateChanged):61]OnAblityStateChanged userid is 100, bundle name is cn.alfadb.netbird.r1probe, uid is 20020062, event is 2, timestamp is 55075
CST 2026-07-17 18:48:32.291   766  1494 W C01123/BMSCommon: uid(2000) invalid
CST 2026-07-17 18:48:32.291   337   406 I C01710/BUNDLE_ACTIVE: [bundle_active_bundle_mgr_helper.cpp(GetApplicationInfo):65]bundleMgr is null: 0 
CST 2026-07-17 18:48:32.291   232  2203 I C01d00/accessibility: [(WindowUpdateAll:1027)]WindowUpdateAll start activeWindowId_: -1
CST 2026-07-17 18:48:32.291   232  2203 I C01d00/accessibility: [(SetActiveWindow:398)]windowId is 30, activeWindowId_: -1
CST 2026-07-17 18:48:32.292  1215  1215 I C01560/WifiFrameWork: OnForegroundApplicationChanged bundleName: cn.alfadb.netbird.r1probe, uid: 20020062, state: 2, isFocused: 1
CST 2026-07-17 18:48:32.292   172   194 I C02d10/ProcessStatus: UpdateProcessForegroundState: pid=2992 state=FOREGROUND
CST 2026-07-17 18:48:32.293  2992  3160 E C0420a/WMSLife: NotifyUIExtHostRectChangeInGlobalDisplayListeners: uiContent is null
CST 2026-07-17 18:48:32.293  2992  3160 W C04208/WMSLayout: NotifySingleHandTransformChange: id:30, uiContent is nullptr
CST 2026-07-17 18:48:32.293   380   420 I C01f0b/TelephonyExtPower: IsUidHotSwitch: false
CST 2026-07-17 18:48:32.293   337  3189 W C057c1/IPCWorkThread: ThreadHandler: proto:0 policy:0 name:OS_IPC_10_3189 invoker:13294944
CST 2026-07-17 18:48:32.293   380   420 I C01f0b/TelephonyExtPower: Hot Switch List Add uid: 20020062
CST 2026-07-17 18:48:32.293   380   420 I C01f0b/Common: MsdpMovementManage ProcessEvent eventId=6
CST 2026-07-17 18:48:32.294  1657  1657 I A04200/WINDOW: SCBScreenSM: regScreenPropChange: at onSessionStateChange (SCBSceneSession.ts:3356:55)
CST 2026-07-17 18:48:32.294  1657  1657 I A04200/WINDOW: SCBScreenSM: recordEventFromScb
CST 2026-07-17 18:48:32.294  1657  1657 I A04200/WINDOW: SCBScreenSM: regScreenPropChange screenId: 0 true null false false25
CST 2026-07-17 18:48:32.294  1657  1657 I A04209/WMSImms: win:30 foreground
CST 2026-07-17 18:48:32.294   380   420 I C01f0b/ConnCure: IsUserDataEnabled: 1
CST 2026-07-17 18:48:32.294  1657  1657 I A01b00/SCB: SCBSSM: updateNavigationBarProperty navigationBarEnable: true
CST 2026-07-17 18:48:32.294  1657  1657 I A01b00/SCB: SCBSSM: updateNavigationBarProperty 0
CST 2026-07-17 18:48:32.295  1657  1657 I A01b0a/GESTURE: FloatingNavigationManager --> checkShowFloatingNavigation switch is closed
CST 2026-07-17 18:48:32.295  1657  1657 I A01b0a/GESTURE: GestureDockPreferenceUtil --> onSceneStateChange,isForegroud:true,bundleName:cn.alfadb.netbird.r1probe,appIndex:0 sceneInfo.abilityName:EntryAbility
CST 2026-07-17 18:48:32.295  1657  1657 I A01b0a/GESTURE: GestureDockPreferenceUtil --> addGestureDockRecentPreference
CST 2026-07-17 18:48:32.295  1657  1657 I A01b01/HOME: AppModel: currentBundleInfoList length: 7
CST 2026-07-17 18:48:32.295  1657  1657 I A01b0a/GESTURE: GestureDockPreferenceUtil --> addGestureDockRecentPreference, bundleName:cn.alfadb.netbird.r1probe appIndex:0 abilityName:EntryAbility.
CST 2026-07-17 18:48:32.295  1657  1657 I A01b09/RECENT: RecentGestureEventManager: onSceneStateChange,isForegroud:true,bundleName:cn.alfadb.netbird.r1probe abilityName:EntryAbility
CST 2026-07-17 18:48:32.295   284   284 I C02801/AppStateObserver: [|39]Process state change app name:cn.alfadb.netbird.r1probe, uid:20020062, state:2
CST 2026-07-17 18:48:32.296  1215  1215 E C01560/WifiEnhanceCmdClient: SendCommandToDriverByInterfaceName ioctl failed, error is: 95.
CST 2026-07-17 18:48:32.296  1215  1215 E C01560/WifiEnhanceRxListen: CheckRxListenSwitch enable rx_listen fail
CST 2026-07-17 18:48:32.296  1215  1215 E C01560/MultiLinkUtils: IsDeviceSupportMultiLink chipname is empty or doesn't exist, return unknown
CST 2026-07-17 18:48:32.296  1215  1215 E C01560/MultiLinkUtils: Chip type not suppoort MultiLink
CST 2026-07-17 18:48:32.296  1215  1215 I C01560/EnhanceEventSubscriberManager: OnForeGroundAppChanged cn.alfadb.netbird.r1probe uid:20020062
CST 2026-07-17 18:48:32.296  1657  1657 I A01b0a/GESTURE: AIBarView --> bundleName:cn.alfadb.netbird.r1probe isEnterDeliver:false
CST 2026-07-17 18:48:32.296  1657  1657 I A0420a/WMSLife: onSessionStateChange state:3
CST 2026-07-17 18:48:32.296  1657  1657 I A0001b/AA: RecentlyUseController --> buildRecentlyUseInfo {"bundleName":"cn.alfadb.netbird.r1probe","moduleName":"entry","abilityName":"EntryAbility","pid":2992,"uid":20020062,"state":2,"abilityType":1,"isAtomicService":false,"callerBundleName":""}
CST 2026-07-17 18:48:32.296  1012  1016 I C04621/CFWKService: [window_state_manager_lite.cpp:197]NotifyFocusChanged# focus on 2992, 20020062, 30
CST 2026-07-17 18:48:32.296  1657  1657 I A0001b/AA: RecentlyUseController --> buildRecentlyUseInfo abilityStateData is exit
CST 2026-07-17 18:48:32.297  1657  1657 I A01a00/SYS_UI: PhoneAppManager: ability[cn.alfadb.netbird.r1probe|undefined|EntryAbility] state change to 2
CST 2026-07-17 18:48:32.297   369   369 I C015b5/NetMgrEnhanced: uid:20020062, pid:2992, state:2, isFocused:1, cn.alfadb.netbird.r1probe
CST 2026-07-17 18:48:32.297  1657  1657 I A01b0a/GESTURE: AIBarView --> checkShowAiBar. isShowingAiBar:true
CST 2026-07-17 18:48:32.297  2992  3188 W C057c1/IPCWorkThread: ThreadHandler: proto:0 policy:0 name:OS_IPC_3_3188 invoker:7761184
CST 2026-07-17 18:48:32.297  2408  2970 I C05a05/AppStateObserver: [AddProcessToForegroundSet]pid 2992 is already in foreground
CST 2026-07-17 18:48:32.298   913  2021 I C02b91/AVSession: [HandleAppStateChanged]uid=20020062|pid=2992|state=2
CST 2026-07-17 18:48:32.298   233   233 I C02b83/AudioServiceAppStateListener: [OnAppStateChanged]app state changed, bundleName=cn.alfadb.netbird.r1probe uid=20020062 pid=2992 state=2
CST 2026-07-17 18:48:32.298   284   284 I C02801/AppStateObserver: [|90]The foregroundAppData_.size():3
CST 2026-07-17 18:48:32.299   233   233 W C02b8b/DfxMsgManager: [UpdateAppState]discard unstarted audio stream app state
CST 2026-07-17 18:48:32.299  1657  2119 I C04207/WMSFocus: NotifyRssThawApp, uid: 20020062
CST 2026-07-17 18:48:32.299  1657  1657 I A01b0a/GESTURE: aiBarViewData --> powerMode:600 thermalLevel:1 isEnterDeliver:false
CST 2026-07-17 18:48:32.300   337   581 E C01731/SUSPEND_MSG: [a92ab5088046a00] [(ThawOneApplication):37] suspend manager is not ready.
CST 2026-07-17 18:48:32.300  1215  1506 I C01560/StaStateMachine: SeparatedState-msgCode=12324 received. m_instId=0
CST 2026-07-17 18:48:32.300  1215  1506 I C01560/StaStateMachine: InitState-msgCode=12324 is received. m_instId = 0
CST 2026-07-17 18:48:32.300  1215  1506 I C01560/StaStateMachine: ClosedState-msgCode=12324 is received. m_instId = 0
CST 2026-07-17 18:48:32.300  1657  1813 I C02515/DISP: [ExpressFreeMem:317] freeMem bufferhandle gbuffer_id 93d00000043, width 222, heigt 222
CST 2026-07-17 18:48:32.300  1215  1506 I C01560/WifiEnhanceFsArbitration: CheckFastSleepSwitch: enter, arbitrationCond_: 168, fastSleepLevel_: 0, isScreenOn_: 1, isConnectState_: 0, isP2pConnected_: 0, isRssFastSleepOn_: 0, isLowLatencyApp_: 0, isWhiteListApp_: 0, isBlackListApp_: 0, aiWhiteListAppCategory_: 0, isRttGood_: 1
CST 2026-07-17 18:48:32.300  1215  2881 I C01560/WifiFrameWork: OnForegroundApplicationChanged bundleName: cn.alfadb.netbird.r1probe, uid: 20020062, state: 2, isFocused: 1
CST 2026-07-17 18:48:32.300  1215  1506 I C01560/StaStateMachine: SeparatedState-msgCode=12324 received. m_instId=0
CST 2026-07-17 18:48:32.300  1215  1506 I C01560/StaStateMachine: InitState-msgCode=12324 is received. m_instId = 0
CST 2026-07-17 18:48:32.300  1215  1506 I C01560/StaStateMachine: ClosedState-msgCode=12324 is received. m_instId = 0
CST 2026-07-17 18:48:32.301  1657  1657 I A01b0a/GESTURE: GestureDockPreferenceUtil --> Index is 0
CST 2026-07-17 18:48:32.301  1657  1657 I A01b0a/GESTURE: GestureDockPreferenceUtil --> app is already first in recent dock
CST 2026-07-17 18:48:32.301  2992  3188 I C04200/WindowSessionImpl: NotifyTransformChange: in
CST 2026-07-17 18:48:32.301  1657  2126 E C04215/WMSHierarchy: SceneZOrderCheckProcess: ZOrderCheck start
CST 2026-07-17 18:48:32.302   337   412 I C01706/ueaServer-FrameMsgIntf: [a92ab9088049b1d] ReportProcessInfo pid is 2992, uid is 20020062
CST 2026-07-17 18:48:32.302   337   581 I C01731/SUSPEND_MSG: [a92aba088049bb3] 20020062_cn.alfadb.netbird.r1probe_2992, state:2
CST 2026-07-17 18:48:32.302   337   581 E C01724/TASK_DETECTION: [a92aba088049bb3] [OnAppStateChanged:632]Task detection feature is not ready
CST 2026-07-17 18:48:32.302   337   581 I C01706/ueaServer-IntelliSenseServer: [a92ab9088049b1d] Get app info:2992 20020062 cn.alfadb.netbird.r1probe 2
CST 2026-07-17 18:48:32.302   337   581 I C01705/IOLIMIT: [a92ab9088049b1d] [(HandleAppStateChange):263] Add foreground list app uid: 20020062, pid: 2992.
CST 2026-07-17 18:48:32.303   337   581 E C01717/APP_TYPE_MGR: [a92aba088049bb3] App type manager service is not ready, RequestApplicationType failed
CST 2026-07-17 18:48:32.304   369   458 I C015b5/NetMgrEnhanced: NotifyAbilityStateChanged:uid=2******2, pid=2992, state=2, abilityName=EntryAbility
CST 2026-07-17 18:48:32.304   369   458 I C015b5/NetMgrEnhanced: uid=2******2, pid=2992, state=2, bundleName=cn.alfadb.netbird.r1probe, isFocused =1.
CST 2026-07-17 18:48:32.305   369   458 W C01650/RdbStoreManager: IsConfigInvalidChanged:no bundleName
CST 2026-07-17 18:48:32.305   369   458 E C01650/SilentProxy: IsSupportSilentFromService:GetRdbService failed, err is 27394049.
CST 2026-07-17 18:48:32.307   232  2203 I C01d00/accessibility: [(SetActiveWindow:398)]windowId is 30, activeWindowId_: 30
CST 2026-07-17 18:48:32.307   369   458 I C01650/ConnectionPool: Create:code:0 app[:] area[el1] cfg[0,0,0,0,5,0,0]net***.db:<DB,0xc81c3,12288,100660><DWR,0xc81c4,12288,100660><SHM,0xc81c7,32768,100660><WAL,0xc81c5,0,100660>, pathSize:60
CST 2026-07-17 18:48:32.308   369   458 W C015b5/NetMgrEnhanced: Qoe is not supported.
CST 2026-07-17 18:48:32.308   369   458 I C015b5/NetMgrEnhanced: qoeInterface is null
CST 2026-07-17 18:48:32.312   232  2203 I C01d00/accessibility: [(WindowUpdateAll:1079)]WindowUpdateAll end activeWindowId_: 30
CST 2026-07-17 18:48:32.312   232  2203 I C01d00/accessibility: [(WindowUpdateAll:1027)]WindowUpdateAll start activeWindowId_: 30
CST 2026-07-17 18:48:32.312   232  2203 I C01d00/accessibility: [(SetActiveWindow:398)]windowId is 30, activeWindowId_: -1
CST 2026-07-17 18:48:32.312   232  2203 I C01d00/accessibility: [(WindowUpdateAll:1079)]WindowUpdateAll end activeWindowId_: 30
CST 2026-07-17 18:48:32.312   232  2203 I C01d00/accessibility: [(WindowUpdateAll:1027)]WindowUpdateAll start activeWindowId_: 30
CST 2026-07-17 18:48:32.312   232  2203 I C01d00/accessibility: [(SetActiveWindow:398)]windowId is 30, activeWindowId_: -1
CST 2026-07-17 18:48:32.312   232  2203 I C01d00/accessibility: [(WindowUpdateAll:1079)]WindowUpdateAll end activeWindowId_: 30
CST 2026-07-17 18:48:32.312   232  2203 I C01d00/accessibility: [(WindowUpdateAll:1027)]WindowUpdateAll start activeWindowId_: 30
CST 2026-07-17 18:48:32.312   232  2203 I C01d00/accessibility: [(SetActiveWindow:398)]windowId is 30, activeWindowId_: -1
CST 2026-07-17 18:48:32.312   232  2203 I C01d00/accessibility: [(WindowUpdateAll:1079)]WindowUpdateAll end activeWindowId_: 30
CST 2026-07-17 18:48:32.312   232  2203 I C01d00/accessibility: [(WindowUpdateAll:1027)]WindowUpdateAll start activeWindowId_: 30
CST 2026-07-17 18:48:32.312   232  2203 I C01d00/accessibility: [(SetActiveWindow:398)]windowId is 30, activeWindowId_: -1
CST 2026-07-17 18:48:32.312   232  2203 I C01d00/accessibility: [(WindowUpdateAll:1079)]WindowUpdateAll end activeWindowId_: 30
CST 2026-07-17 18:48:32.365  1657  1657 I A04200/WINDOW: SCBSceneSession: onSessionShowWhenLockedChange, status:false of id:30 ignored.
CST 2026-07-17 18:48:32.371  1657  1813 I C03900/HDS: [hds_drawable_descriptor.cpp-ProcessIcon:101]set pixelmap editable : 0 .
CST 2026-07-17 18:48:32.371  1657  1813 E C02b61/PixelMap: set ashmem name failed
CST 2026-07-17 18:48:32.371  1657  1813 W A01b00/SCB: GraphicUtils --> combinePic from HdsIcon, bundleName: com.huawei.hmos.fusionawareness, iconSizeOfGrid: 64, hasBorder: true
CST 2026-07-17 18:48:32.371  1657  1813 I A01b00/SCB: IconResourceFwk --> getBundleIcon end param: com.huawei.hmos.fusionawareness, 64, true true
CST 2026-07-17 18:48:32.373   765   906 W C01406/OHOS::RS: RSJankStats::SetJankStats jank frames 7
CST 2026-07-17 18:48:32.374   635   695 W C02515/DISP: [SetLayerMaskInfo:495] <private> is not supported
CST 2026-07-17 18:48:32.374   635   695 I C02515/DISP: [CommitComposeLayer:67] CommitComposeLayer! 10
CST 2026-07-17 18:48:32.377  1657  1800 I C02b61/ImageCode: DoEncode:(224, 224) cost 5253 us
CST 2026-07-17 18:48:32.379  1657  1797 I C01631/GaussPD:  [0] [ADAPTER] [139902256663296] Not support binlog_default.writeLock file enable del monitor sysno = 25
CST 2026-07-17 18:48:32.379  1657  1797 I C01631/GaussPD:  [0] [ADAPTER] [139902256663296] Not support binlog_default.writeLock file enable del monitor sysno = 25
CST 2026-07-17 18:48:32.379  1657  1797 I C01631/GaussPD:  [0] [ADAPTER] [139902256663296] Not support binlog_default.writeLock file enable del monitor sysno = 25
CST 2026-07-17 18:48:32.379  1657  1797 I C01631/GaussPD:  [0] [ADAPTER] [139902256663296] Not support binlog_default.writeLock file enable del monitor sysno = 25
CST 2026-07-17 18:48:32.379  1657  1797 I C01631/GaussPD:  [0] [ADAPTER] [139902256663296] Not support binlog_default.writeIndex file enable del monitor sysno = 25
CST 2026-07-17 18:48:32.379  1657  1797 I C01631/GaussPD:  [0] [ADAPTER] [139902256663296] Not support binlog_default.writeIndex file enable del monitor sysno = 25
CST 2026-07-17 18:48:32.380  1657  1813 I A01a01/NC: NotificationConfigManager: update icon result: com.huawei.hmos.fusionawareness, 43974
CST 2026-07-17 18:48:32.380  1657  1813 I A01b00/SCB: IconResourceFwk --> getBundleIcon start param: com.ohos.inputmethodchoosedialog, 64, true true
CST 2026-07-17 18:48:32.380  1657  1813 W A01b00/SCB: IconResourceUtils --> getIconResource from bms getBundleResourceInfo for com.ohos.inputmethodchoosedialog 0
CST 2026-07-17 18:48:32.380   765   765 I C01406/OHOS::RS: RSSurfaceRenderNode:SetIsOnTheTree, node:[name: r1probe0, id: 12850542149634], on tree: 1, nodeType: 1, uniqueId: 3285649981469, screenNodeId: 3285649981440
CST 2026-07-17 18:48:32.380   765   765 E C01406/RSScreenManager: IsAllScreensPowerOff: screenPowerStatus_ is empty.
CST 2026-07-17 18:48:32.380   766  1166 I C01120/BMS: icon rdb get resource icon start -n com.ohos.inputmethodchoosedialog -i 0 -f 16
CST 2026-07-17 18:48:32.381   766  1166 E C01650/StepResultSet: GoToRow:position[0] rowCount[0] rowPos_[-1]!
CST 2026-07-17 18:48:32.381  2992  2992 I C01706/rtg_interface: rtg fOpen fail, errno = 2(No such file or directory)
CST 2026-07-17 18:48:32.381  2992  2992 I C01706/RsFrameReportExt: RsFrameReportExt:[LoadLibrary] load library success!
CST 2026-07-17 18:48:32.381  2992  2992 I C01706/RsFrameReportExt: RsFrameReportExt:[Init] dlopen libframe_ui_intf.so success!
CST 2026-07-17 18:48:32.381  2992  2992 E C01706/ueaClient-RmeCoreSched: [Init]: do not enabled!ret: -1
CST 2026-07-17 18:48:32.381  2992  2992 I C01706/ueaClient-FrameMsgMgr: [Init]:inited success!
CST 2026-07-17 18:48:32.381  2992  2992 I C01706/ueaClient-FrameUiIntf: [Init]:ret:1, inited:1
CST 2026-07-17 18:48:32.381   765   791 I C01400/Vsync: RequestNextVSync: First vsync is requested, name: MainDisplaySoloist
CST 2026-07-17 18:48:32.381   765   791 I C01400/Vsync: RequestNextVSync: First vsync RequestNextVSync conn:MainDisplaySoloist, rate:0, highPriorityRate:1
CST 2026-07-17 18:48:32.381  2992  2992 I C04217/WMSAttribute: InitWaterfallMode: winId: 30
CST 2026-07-17 18:48:32.381  2992  2992 I C04217/WMSAttribute: NotifyWaterfallModeChange: winId: 30, waterfall: 0, stat: 2
CST 2026-07-17 18:48:32.381  2992  2992 I C0420a/WMSLife: NotifyAfterDidForeground: reason: 4
CST 2026-07-17 18:48:32.381  2992  2992 I C04202/WMSMain: NotifyFreeMultiWindowModeResume: IsPcMode 0, isColdStart 1
CST 2026-07-17 18:48:32.381  2992  2992 I C0420a/WMSLife: Show: Window show success [name:r1probe0, id:30, type:1]
CST 2026-07-17 18:48:32.381  2992  2992 I C04208/WMSLayout: NotifyWindowStatusChange: id:30, windowMode:1, windowStatus:1, lastWindowStatus:1, skipRedundantWindowStatusNotifications:0
CST 2026-07-17 18:48:32.382   765   765 I C01406/RSUniRenderVisitor: OcclusionInfo [SCBGestureBack22, 7116760809681, 0], [SCBStatusBar18, 7116760809669, 0], [SCBGestureNavBar16, 7116760809664, 0], [r1probe0, 12850542149634, 0], [BackgroundBlurView2, 7116760809479, 0], [SCBFormCenter14, 7116760809654, 0], [SCBDesktop7, 7116760809499, 0], [SCBWallpaper5, 7116760809482, 0], 
CST 2026-07-17 18:48:32.382  1657  2126 I C04217/WMSAttribute: Visibility changed, size: 1, WindowVisibilityInfos [name, winId, visibleState]: [r1probe0, 30, 0], 
CST 2026-07-17 18:48:32.382   766  1055 I C01311/AppMS: [ARR2195]wnd call, cn.alfadb.netbird.r1probe_2992, isEmpty_0, c_2 -> p_0
CST 2026-07-17 18:48:32.382  1657  2126 I C04202/WMSMain: NotifyRSSWindowModeTypeUpdate: Notify RSS Window Mode Type Update, type : 3
CST 2026-07-17 18:48:32.383  2992  2992 W C04201/DMS: OnDisplayInfoChange: data is not changed.
CST 2026-07-17 18:48:32.383  1657  1813 I C02b61/ImageSource: CreatePixelMap success, id:1784285312381465,dSize:(0,0),srcSize: (114,114),dHdr:1,sHdr:1,memType: 2,cost 1640 us
CST 2026-07-17 18:48:32.383   337   579 E C01704/TagSched: [a92abc08805d782] [OpenQosCtrl]Failed to open qos_ctrl device
CST 2026-07-17 18:48:32.383  1657  1813 E C02b61/PixelMap: set ashmem name failed
CST 2026-07-17 18:48:32.383   337   579 E C01704/TagSched: [a92abc08805d782] [IsQosHandleOpen]get qosSetHandle_ fail
CST 2026-07-17 18:48:32.383   337   579 E C01704/TagSched: [a92abc08805d782] [SetQosInternal]qosSetHandle open fail
CST 2026-07-17 18:48:32.383   337   579 E C01704/TagSched: [a92abc08805d782] [OpenQosCtrl]Failed to open qos_ctrl device
CST 2026-07-17 18:48:32.383   337   579 E C01704/TagSched: [a92abc08805d782] [IsQosHandleOpen]get qosSetHandle_ fail
CST 2026-07-17 18:48:32.383   337   579 E C01704/TagSched: [a92abc08805d782] [SetQosInternal]qosSetHandle open fail
CST 2026-07-17 18:48:32.383   337   579 E C01704/TagSched: [a92abc08805d782] [OpenQosCtrl]Failed to open qos_ctrl device
CST 2026-07-17 18:48:32.383   337   579 E C01704/TagSched: [a92abc08805d782] [IsQosHandleOpen]get qosSetHandle_ fail
CST 2026-07-17 18:48:32.383   337   579 E C01704/TagSched: [a92abc08805d782] [SetUclamp]qosSetHandle open fail
CST 2026-07-17 18:48:32.383   337   579 E C01704/TagSched: [a92abc08805d782] [OpenQosCtrl]Failed to open qos_ctrl device
CST 2026-07-17 18:48:32.383   337   579 E C01704/TagSched: [a92abc08805d782] [IsQosHandleOpen]get qosSetHandle_ fail
CST 2026-07-17 18:48:32.383   337   579 E C01704/TagSched: [a92abc08805d782] [SetUclamp]qosSetHandle open fail
CST 2026-07-17 18:48:32.383  1657  1813 W A01b00/SCB: GraphicUtils --> com.ohos.inputmethodchoosedialog - getHdsIcon, size: (114, 114), pixelFormat: 4, leftTopPixel is transparent: true, 0-0-0-0
CST 2026-07-17 18:48:32.383  1657  1813 E C03900/HDS: [hds_drawable_descriptor.cpp-GetOtherIconsInfo:395]Get icon by name from resource failed, iconName: icon_mask, isGlobalMask: 0, state: 9001004
CST 2026-07-17 18:48:32.383  2992  2992 I C01332/UIAbility: [JUA2036]JsUIAbility call js, name: onForeground
CST 2026-07-17 18:48:32.383  2992  2992 I A02900/R1Api24Probe: EntryAbility foreground onForeground
CST 2026-07-17 18:48:32.383  1657  1813 W C03900/HDS: [hds_drawable_descriptor.cpp-ProcessIcon:91]Mask size {192, 192}, bundleName: com.ohos.inputmethodchoosedialog
CST 2026-07-17 18:48:32.383  2992  2992 I C01332/UIAbility: [JUA2081]end, name: onForeground, time: 0
CST 2026-07-17 18:48:32.383  2992  2992 I C01301/Ability: [page_config_manager.cpp49]configJson is empty
CST 2026-07-17 18:48:32.383  1657  2127 I C04217/WMSAttribute: operator(): memMgrWindowInfos size: 1
CST 2026-07-17 18:48:32.384   337  1023 I C04202/WMSMain: NotifyWindowModeChange: WindowManager::Impl UpdateWindowModeTypeInfo type: 3
CST 2026-07-17 18:48:32.384   766  1166 I C01336/AMS: [ABMS7852]Lifecycle: ability:/cn.alfadb.netbird.r1probe/entry/EntryAbility
CST 2026-07-17 18:48:32.384   766  1166 W C01336/AMS: [UALM156]2992 not found
CST 2026-07-17 18:48:32.385   279   306 I C02699/MM: wms call,pid:2992,Id:30,winNum:0->1
CST 2026-07-17 18:48:32.385   766  1166 W C01336/AMS: [ability_start_with_wait_observer_manager.cpp139]invaid observerId
CST 2026-07-17 18:48:32.385   279   306 I C02699/MM: UpdatePriorityLocked VISB: 2992, 20020062, 0, [], 00000
CST 2026-07-17 18:48:32.385  2992  2992 I C02d06/XCollie: success to submit start trace
CST 2026-07-17 18:48:32.385  2992  2992 I C02d06/XCollie: MainThread TraceCollector Start result: 0, Duration Time: 455 ms
CST 2026-07-17 18:48:32.385  2992  2992 I C0420a/WMSLife: NotifyAfterDidForeground execute
CST 2026-07-17 18:48:32.385  2992  2992 I C01332/UIAbility: [JUA2036]JsUIAbility call js, name: onDidForeground
CST 2026-07-17 18:48:32.385  2992  3172 I C02d10/HiViewRemoteService: GetHiViewRemoteService: refresh remote service instance.
CST 2026-07-17 18:48:32.385  2992  2992 I C01332/UIAbility: [JUA2081]end, name: onDidForeground, time: 0
CST 2026-07-17 18:48:32.385  2992  2992 I C04202/WMSMain: GoResume: in
CST 2026-07-17 18:48:32.385  2992  2992 I C0420a/WMSLife: Resume: in, isColdStart: 1, isDidForeground: 0
CST 2026-07-17 18:48:32.385  2992  2992 I C0420a/WMSLife: NotifyAfterLifecycleResumed: in
CST 2026-07-17 18:48:32.386  2992  2992 I C0420a/WMSLife: SetUIContentInner: pages/Index, state:2, persistentId: 30
CST 2026-07-17 18:48:32.386  2992  2992 I C0420a/WMSLife: SetUIContentComplete: persistentId=30
CST 2026-07-17 18:48:32.386  1657  1833 I C04200/WMS: NotifySessionMovedToFront: id: 30, system: 0
CST 2026-07-17 18:48:32.386  1657  1833 I C04200/SessionListenerController: NotifySessionMovedToFront: Id:30
CST 2026-07-17 18:48:32.386  2992  2992 I C03900/Ace: [(-1:-1:undefined)] CreateUIContent.
CST 2026-07-17 18:48:32.386  2992  2992 I C03934/AceUIEvent: [(-1:-1:undefined)] report ace loaded
CST 2026-07-17 18:48:32.386  2992  2992 I C04707/HaAceEngine: OnAceLoaded end
CST 2026-07-17 18:48:32.388  1657  2227 I C02b61/PixelMap: PixelMap::scale SLR 173, srcSize: [192, 192], dstSize: [114, 114], cost: 4
CST 2026-07-17 18:48:32.390   765   988 I C01400/Vsync: OnVSyncTrigger: F send
CST 2026-07-17 18:48:32.390   765   988 I C01400/Vsync: PostEvent: First vsync has send to : MainDisplaySoloist
CST 2026-07-17 18:48:32.391   172  2101 W C01650/RdbStoreManager: IsConfigInvalidChanged:no bundleName
CST 2026-07-17 18:48:32.391   172  2101 E C01650/SilentProxy: IsSupportSilentFromService:GetRdbService failed, err is 27394049.
CST 2026-07-17 18:48:32.391  2992  2992 I C03900/Ace: [(-2:-1:undefined)] Create ace bg threads pool.
CST 2026-07-17 18:48:32.392  2992  2992 I C03900/Ace: [(-2:-1:undefined)] Init RenderService UniRender Type:0
CST 2026-07-17 18:48:32.392  2992  2992 I C03900/Ace: [(-2:-1:undefined)] [cn.alfadb.netbird.r1probe][entry][-1]: UIContent: apiCompatibleVersion: 60101024, apiTargetVersion: 60101024, and apiReleaseType: Release, useNewPipe: 1, enableCustomComponentCrossAbility: 0
CST 2026-07-17 18:48:32.393   318   318 E C01700/RSS: [a92abe08805fdde] DeliverResource, PluginMgr resType 1002 no lib register!
CST 2026-07-17 18:48:32.393   337   579 E C01704/TagSched: [a92abe08805fdde] [ExecutorCheckTidIsInPid][Executor] ExecutorCheckTidIsInPid get reply is invalied
CST 2026-07-17 18:48:32.393   337   579 I C01704/TagSched: [a92abe08805fdde] [SetQosRealtimeTask]ThreadModifyQos,setQos 765 tid[991],  qos[7]
CST 2026-07-17 18:48:32.393   337   579 E C01704/TagSched: [a92abe08805fdde] [OpenQosCtrl]Failed to open qos_ctrl device
CST 2026-07-17 18:48:32.393   337   579 E C01704/TagSched: [a92abe08805fdde] [IsQosHandleOpen]get qosSetHandle_ fail
CST 2026-07-17 18:48:32.393   337   579 E C01704/TagSched: [a92abe08805fdde] [SetQosInternal]qosSetHandle open fail
CST 2026-07-17 18:48:32.393   337   579 E C01704/TagSched: [a92abe08805fdde] [OpenQosCtrl]Failed to open qos_ctrl device
CST 2026-07-17 18:48:32.393   337   579 E C01704/TagSched: [a92abe08805fdde] [IsQosHandleOpen]get qosSetHandle_ fail
CST 2026-07-17 18:48:32.393   337   579 E C01704/TagSched: [a92abe08805fdde] [SetQosInternal]qosSetHandle open fail
CST 2026-07-17 18:48:32.393   337   579 E C01704/TagSched: [a92abe08805fdde] [OpenQosCtrl]Failed to open qos_ctrl device
CST 2026-07-17 18:48:32.393   337   579 E C01704/TagSched: [a92abe08805fdde] [IsQosHandleOpen]get qosSetHandle_ fail
CST 2026-07-17 18:48:32.393   337   579 E C01704/TagSched: [a92abe08805fdde] [SetQosInternal]qosSetHandle open fail
CST 2026-07-17 18:48:32.393   172  2101 I C01650/ConnectionPool: Create:code:0 app[:] area[] cfg[0,0,0,0,1,0,0]tra***.db:<DB,0x1fa,32768,100660><DWR,0x203,12288,100660><SHM,0x205,32768,100660><WAL,0x204,0,100660>, pathSize:63
CST 2026-07-17 18:48:32.393   337   579 E C01704/TagSched: [a92abe08805fdde] [OpenQosCtrl]Failed to open qos_ctrl device
CST 2026-07-17 18:48:32.393   337   579 E C01704/TagSched: [a92abe08805fdde] [IsQosHandleOpen]get qosSetHandle_ fail
CST 2026-07-17 18:48:32.393   337   579 E C01704/TagSched: [a92abe08805fdde] [SetQosInternal]qosSetHandle open fail
CST 2026-07-17 18:48:32.393   145   191 I C02c03/PARAM_WATCHER: SendLocalChange start keyPrefix persist.sys.arkui.animationscale remoteWatcherId 46
CST 2026-07-17 18:48:32.394   145   191 I C02c03/PARAM_WATCHER: [watcher_manager.cpp:187]Add watcher persist.sys.arkui.animationscale remoteWatcherId: 46 groupId 103 success
CST 2026-07-17 18:48:32.394  2992  3193 W C04707/HaClient: =========Invalid Client=========
CST 2026-07-17 18:48:32.394  2992  2992 I C02c03/PARAM_WATCHER: Add watcher keyPrefix persist.sys.arkui.animationscale remoteWatcherId 46 success
CST 2026-07-17 18:48:32.394  2992  2992 E C03900/Ace: [(-2:-1:undefined)] ConfigParserBase read system file failed
CST 2026-07-17 18:48:32.394  2992  2992 W C03900/Ace: [(-2:-1:undefined)] ArkUiFeatureParamManager failed to load xml file
CST 2026-07-17 18:48:32.394  2992  2992 E C03900/Ace: [(-2:-1:undefined)] ConfigParserBase read system UI correction config file failed
CST 2026-07-17 18:48:32.394  2992  2992 W C03900/Ace: [(-2:-1:undefined)] ArkUiFeatureParamManager failed to load UI correction config file
CST 2026-07-17 18:48:32.394   172  2101 W C02d10/HiView-Service: InnerResponseStartAppTrace: deny: already capture trace uid=20020062 pid=2992
CST 2026-07-17 18:48:32.394  2992  3172 I C02d06/XCollie: Start to open trace result: 1203, interval: 9 ms
CST 2026-07-17 18:48:32.399  2992  3195 I C03900/Ace: [(-1:-1:undefined)] dlsym function ReportData success.
CST 2026-07-17 18:48:32.399  2992  3195 I C03900/Ace: [(-1:-1:undefined)] dlsym function ReportSyncEvent success.
CST 2026-07-17 18:48:32.402  2992  2992 I C03900/Ace: [(-2:-1:undefined)] SetLocale language tag: en-Latn-US, select language: en-US
CST 2026-07-17 18:48:32.402  2992  2992 I C03900/Ace: [(-2:-1:undefined)] [cn.alfadb.netbird.r1probe][entry][-1]: SetLanguage: en, colorMode: light, deviceAccess: 1
CST 2026-07-17 18:48:32.402  2992  2992 I C03900/Ace: [(-2:-1:undefined)] [cn.alfadb.netbird.r1probe][entry][-1]: Initialize UIContent isModelJson:true
CST 2026-07-17 18:48:32.403   766  1166 I C01120/BMS: [inner_bundle_info.h(GetAllPluginBundleInfo:2260)]pluginBundleInfos size: 0
CST 2026-07-17 18:48:32.403   766  1166 I C01120/BMS: [inner_bundle_info.h(GetAllPluginBundleInfo:2260)]pluginBundleInfos size: 0
CST 2026-07-17 18:48:32.404   766  1166 I C01120/BMS: [bundle_data_mgr.cpp(RegisterPluginEventCallback:12581)]success
CST 2026-07-17 18:48:32.404  2992  2992 I C03922/AceNavigation: [(-2:-1:undefined)] subscribe hsp Update successfully
CST 2026-07-17 18:48:32.404  2992  2992 I C03900/Ace: [(100000:100000:scope)] SetHapPath, Use hap path to load resource
CST 2026-07-17 18:48:32.404  2992  2992 I C04217/WMSAttribute: RegisterWaterfallModeChangeListener: winId: 30
CST 2026-07-17 18:48:32.404   766  1166 I C04201/DMS:  RegisterDisplayManagerAgent: type: 6, pid: 2992
CST 2026-07-17 18:48:32.405   766  1166 I C04201/DMS:  RegisterDisplayManagerAgent: type: 9, pid: 2992
CST 2026-07-17 18:48:32.405  2992  2992 I C04200/WMS: GetSurfaceNode: name:r1probe0, id:30
CST 2026-07-17 18:48:32.405  2992  2992 I C04200/WMS: GetSurfaceNode: name:r1probe0, id:30
CST 2026-07-17 18:48:32.405  2992  2992 I C03900/Ace: [(100000:100000:scope)] SetRSSurfaceNode 12850542149634 with rs multi
CST 2026-07-17 18:48:32.405  2992  2992 I C01406/OHOS::RS: RSUIContext::AttachFromUI. token: 12850542149633 uiPiplineNum: -1
CST 2026-07-17 18:48:32.406   634  2365 I C02515/DISP: [InitBufferHandle:229] express init gbuffer id 93d00000044 ret 0 err 0 fd 6 114 114 pixel 4 size 51984 usage 2b
CST 2026-07-17 18:48:32.406   634  2365 I C02515/DISP: [ExpressAllocMem:271] ExpressAllocMem requeset BufferHandle 6, width 114, heigt 114, format 20
CST 2026-07-17 18:48:32.406   318   318 E C01700/RSS: [a92ab108806335e] DeliverResource, PluginMgr resType 1002 no lib register!
CST 2026-07-17 18:48:32.406   337   409 E C01704/TagSched: [a92ab108806335e] [ExecutorCheckTidIsInPid][Executor] ExecutorCheckTidIsInPid get reply is invalied
CST 2026-07-17 18:48:32.406   337   409 I C01704/TagSched: [a92ab108806335e] [SetQosRealtimeTask]ThreadModifyQos,setQos 765 tid[2232],  qos[7]
CST 2026-07-17 18:48:32.406   337   409 E C01704/TagSched: [a92ab108806335e] [OpenQosCtrl]Failed to open qos_ctrl device
CST 2026-07-17 18:48:32.406   337   409 E C01704/TagSched: [a92ab108806335e] [IsQosHandleOpen]get qosSetHandle_ fail
CST 2026-07-17 18:48:32.406   337   409 E C01704/TagSched: [a92ab108806335e] [SetQosInternal]qosSetHandle open fail
CST 2026-07-17 18:48:32.406   337   409 E C01704/TagSched: [a92ab108806335e] [OpenQosCtrl]Failed to open qos_ctrl device
CST 2026-07-17 18:48:32.406   337   409 E C01704/TagSched: [a92ab108806335e] [IsQosHandleOpen]get qosSetHandle_ fail
CST 2026-07-17 18:48:32.406   337   409 E C01704/TagSched: [a92ab108806335e] [SetQosInternal]qosSetHandle open fail
CST 2026-07-17 18:48:32.406   337   409 E C01704/TagSched: [a92ab108806335e] [OpenQosCtrl]Failed to open qos_ctrl device
CST 2026-07-17 18:48:32.406   337   409 E C01704/TagSched: [a92ab108806335e] [IsQosHandleOpen]get qosSetHandle_ fail
CST 2026-07-17 18:48:32.406   337   409 E C01704/TagSched: [a92ab108806335e] [SetQosInternal]qosSetHandle open fail
CST 2026-07-17 18:48:32.406   337   409 E C01704/TagSched: [a92ab108806335e] [OpenQosCtrl]Failed to open qos_ctrl device
CST 2026-07-17 18:48:32.406   337   409 E C01704/TagSched: [a92ab108806335e] [IsQosHandleOpen]get qosSetHandle_ fail
CST 2026-07-17 18:48:32.406   337   409 E C01704/TagSched: [a92ab108806335e] [SetQosInternal]qosSetHandle open fail
CST 2026-07-17 18:48:32.411   634  2365 I C02515/DISP: [ExpressFreeMem:317] freeMem bufferhandle gbuffer_id 93d00000044, width 114, heigt 114
CST 2026-07-17 18:48:32.411  2992  2992 I C03925/AceRouter: [(100000:100000:scope)] createManager, deviceType: 0
CST 2026-07-17 18:48:32.412  2992  2992 W C03900/Ace: [(100000:100000:scope)] Invalid config:en_Latn_US-long-notround-vertical-light-phone-xxxhdpi
CST 2026-07-17 18:48:32.413  2992  2992 I C01406/OHOS::RS: RSSurfaceNode::SetAbilityState, surfaceNodeId:[12850542149634], ability state: background
CST 2026-07-17 18:48:32.413  2992  2992 I C03900/Ace: [(100000:100000:scope)] set translateManager to pipeline, instanceId:100000
CST 2026-07-17 18:48:32.413  2992  2992 I C0421d/WMSRotation: RegisterOrientationChangeListener: in
CST 2026-07-17 18:48:32.413  2992  2992 I C03900/Ace: [(100000:100000:scope)] AddPersistAfterLayoutTask size: 1
CST 2026-07-17 18:48:32.413   337  1023 E C01700/RSS: [a92ab2088064ede] DeliverResource, PluginMgr resType 511 no lib register!
CST 2026-07-17 18:48:32.413  2992  2992 I C03919/AceInputTracking: [(100000:100000:scope)] Debug touch pass mode 0
CST 2026-07-17 18:48:32.413  2992  2992 E C03934/AceUIEvent: [(100000:100000:scope)] AceTransform load failed: Error loading shared library /system/lib64/libtransform_interaction_ext.z.so: No such file or directory
CST 2026-07-17 18:48:32.413  2992  2992 I C03937/AceResource: [(100000:100000:scope)] ResourceAdapter UpdateResConfig with colorMode light
CST 2026-07-17 18:48:32.413  2992  2992 W C03900/Ace: [(100000:100000:scope)] not found systemTheme in HapModuleInfo, loading default OHOS_THEME
CST 2026-07-17 18:48:32.414  2992  2992 I C03900/Ace: [(100000:100000:scope)] Cannot Get File List from resources/styles/
CST 2026-07-17 18:48:32.414  2992  2992 W C03900/Ace: [(100000:100000:scope)] GetAsset failed: resources/styles/default.json
CST 2026-07-17 18:48:32.414  1657  1796 I C03f05/NAPI: taskpool:: A:3, R:0, I:3, O:0
CST 2026-07-17 18:48:32.415  1657  1800 I C03f05/NAPI: taskpool::Task PerformTask End: 2488169985, 17 18:48:05.829
CST 2026-07-17 18:48:32.415  1657  1800 I C03f05/NAPI: taskpool::Task PerformTask End: 2488171186, 17 18:48:05.839
CST 2026-07-17 18:48:32.415  1657  1800 I C03f05/NAPI: taskpool::Task PerformTask End: 2446031571, 17 18:48:09.156
CST 2026-07-17 18:48:32.415  1657  1800 I C03f05/NAPI: taskpool::Task PerformTask End: 2445501668, 17 18:48:09.725
CST 2026-07-17 18:48:32.415  1657  1800 I C03f05/NAPI: taskpool::Task PerformTask End: 2440671670, 17 18:48:10.574
CST 2026-07-17 18:48:32.415  1657  1800 I C03f05/NAPI: taskpool::Task PerformTask End: 2440672071, 17 18:48:10.574
CST 2026-07-17 18:48:32.415  1657  1800 I C03f05/NAPI: taskpool::Task PerformTask End: 2481484117, 17 18:48:10.574
CST 2026-07-17 18:48:32.415  1657  1800 I C03f05/NAPI: taskpool::Task PerformTask End: 2488170792, 17 18:48:10.882
CST 2026-07-17 18:48:32.415  1657  1800 I C03f05/NAPI: taskpool::Task PerformTask End: 2443770554, 17 18:48:10.990
CST 2026-07-17 18:48:32.415  1657  1800 I C03f05/NAPI: taskpool::Task PerformTask End: 2481480939, 17 18:48:10.990
CST 2026-07-17 18:48:32.415  1657  1800 I C03f05/NAPI: taskpool::Task PerformTask End: 2240571292, 17 18:48:16.730
CST 2026-07-17 18:48:32.415  1657  1800 I C03f05/NAPI: taskpool::Task PerformTask End: 2440675657, 17 18:48:16.730
CST 2026-07-17 18:48:32.415  1657  1800 I C03f05/NAPI: taskpool::Task PerformTask End: 2554563357, 17 18:48:16.732
CST 2026-07-17 18:48:32.415  1657  1800 I C03f05/NAPI: taskpool::Task PerformTask End: 2238846174, 17 18:48:16.732
CST 2026-07-17 18:48:32.415  1657  1800 I C03f05/NAPI: taskpool::Task PerformTask End: 2237135535, 17 18:48:16.736
CST 2026-07-17 18:48:32.415  1657  1800 I C03f05/NAPI: taskpool::Task PerformTask End: 2217612147, 17 18:48:16.758
CST 2026-07-17 18:48:32.415  1657  1800 I C03f05/NAPI: taskpool::Task PerformTask End: 2217611330, 17 18:48:16.759
CST 2026-07-17 18:48:32.415  1657  1800 I C03f05/NAPI: taskpool::Task PerformTask End: 2183613528, 17 18:48:16.760
CST 2026-07-17 18:48:32.415  1657  1800 I C03f05/NAPI: taskpool::Task PerformTask End: 2217615348, 17 18:48:16.801
CST 2026-07-17 18:48:32.415  1657  1800 I C03f05/NAPI: taskpool::Task PerformTask End: 1046058233, 17 18:48:16.801
CST 2026-07-17 18:48:32.415  1657  1800 I C03f05/NAPI: taskpool::Task PerformTask End: 2208034768, 17 18:48:16.801
CST 2026-07-17 18:48:32.415  1657  1800 I C03f05/NAPI: taskpool::Task PerformTask End: 2554561371, 17 18:48:16.801
CST 2026-07-17 18:48:32.415  1657  1800 I C03f05/NAPI: taskpool::Task PerformTask End: 2305590401, 17 18:48:16.801
CST 2026-07-17 18:48:32.415  1657  1800 I C03f05/NAPI: taskpool::Task PerformTask End: 2217615733, 17 18:48:16.802
CST 2026-07-17 18:48:32.415  1657  1800 I C03f05/NAPI: taskpool::Task PerformTask End: 2183622630, 17 18:48:16.803
CST 2026-07-17 18:48:32.415  1657  1800 I C03f05/NAPI: taskpool::Task PerformTask End: 1043754970, 17 18:48:17.299
CST 2026-07-17 18:48:32.415  1657  1800 I C03f05/NAPI: taskpool::Task PerformTask End: 1020483200, 17 18:48:17.316
CST 2026-07-17 18:48:32.415  1657  1800 I C03f05/NAPI: taskpool::Task PerformTask End: 2183624631, 17 18:48:17.317
CST 2026-07-17 18:48:32.415  1657  1800 I C03f05/NAPI: taskpool::Task PerformTask End: 2183389649, 17 18:48:17.326
CST 2026-07-17 18:48:32.415  1657  1800 I C03f05/NAPI: taskpool::Task PerformTask End: 2217616924, 17 18:48:17.326
CST 2026-07-17 18:48:32.415  1657  1800 I C03f05/NAPI: taskpool::Task PerformTask End: 2208035981, 17 18:48:17.326
CST 2026-07-17 18:48:32.415  1657  1800 I C03f05/NAPI: taskpool::Task PerformTask End: 2208036382, 17 18:48:17.326
CST 2026-07-17 18:48:32.415  1657  1800 I C03f05/NAPI: taskpool::Task PerformTask End: 2488170015, 17 18:48:17.327
CST 2026-07-17 18:48:32.415  1657  1800 I C03f05/NAPI: taskpool::Task PerformTask End: 1025651556, 17 18:48:17.491
CST 2026-07-17 18:48:32.415  1657  1800 I C03f05/NAPI: taskpool::Task PerformTask End: 2277023829, 17 18:48:17.493
CST 2026-07-17 18:48:32.415  1657  1800 I C03f05/NAPI: taskpool::Task PerformTask End: 2237132770, 17 18:48:17.494
CST 2026-07-17 18:48:32.415  1657  1800 I C03f05/NAPI: taskpool::Task PerformTask End: 1025650755, 17 18:48:17.494
CST 2026-07-17 18:48:32.415  1657  1800 I C03f05/NAPI: taskpool::Task PerformTask End: 1021547686, 17 18:48:17.632
CST 2026-07-17 18:48:32.415  1657  1800 I C03f05/NAPI: taskpool::Task PerformTask End: 1021548855, 17 18:48:17.633
CST 2026-07-17 18:48:32.415  1657  1800 I C03f05/NAPI: taskpool::Task PerformTask End: 1031171192, 17 18:48:17.633
CST 2026-07-17 18:48:32.415  1657  1800 I C03f05/NAPI: taskpool::Task PerformTask End: 2217614553, 17 18:48:17.677
CST 2026-07-17 18:48:32.415  1657  1800 I C03f05/NAPI: taskpool::Task PerformTask End: 2217616154, 17 18:48:17.678
CST 2026-07-17 18:48:32.415  1657  1800 I C03f05/NAPI: taskpool::Task PerformTask End: 1043757771, 17 18:48:17.888
CST 2026-07-17 18:48:32.415  1657  1800 I C03f05/NAPI: taskpool::Task PerformTask End: 2237822508, 17 18:48:17.888
CST 2026-07-17 18:48:32.415  1657  1800 I C03f05/NAPI: taskpool::Task PerformTask End: 2277026623, 17 18:48:17.888
CST 2026-07-17 18:48:32.415  1657  1800 I C03f05/NAPI: taskpool::Task PerformTask End: 1033266448, 17 18:48:17.889
CST 2026-07-17 18:48:32.415  1657  1800 I C03f05/NAPI: taskpool::Task PerformTask End: 2445501713, 17 18:48:17.890
CST 2026-07-17 18:48:32.415  1657  1800 I C03f05/NAPI: taskpool::Task PerformTask End: 2183606354, 17 18:48:17.922
CST 2026-07-17 18:48:32.415  1657  1800 I C03f05/NAPI: taskpool::Task PerformTask End: 2183607155, 17 18:48:17.922
CST 2026-07-17 18:48:32.415  1657  1800 I C03f05/NAPI: taskpool::Task PerformTask End: 1025658372, 17 18:48:17.922
CST 2026-07-17 18:48:32.415  1657  1800 I C03f05/NAPI: taskpool::Task PerformTask End: 2183377685, 17 18:48:17.923
CST 2026-07-17 18:48:32.415  1657  1800 I C03f05/NAPI: taskpool::Task PerformTask End: 2188884310, 17 18:48:17.923
CST 2026-07-17 18:48:32.415  1657  1800 I C03f05/NAPI: taskpool::Task PerformTask End: 2194308637, 17 18:48:17.924
CST 2026-07-17 18:48:32.415  1657  1800 I C03f05/NAPI: taskpool::Task PerformTask End: 1042997758, 17 18:48:17.924
CST 2026-07-17 18:48:32.415  1657  1800 I C03f05/NAPI: taskpool::Task PerformTask End: 2180246744, 17 18:48:17.944
CST 2026-07-17 18:48:32.415  1657  1800 I C03f05/NAPI: taskpool::Task PerformTask End: 2180244327, 17 18:48:17.963
CST 2026-07-17 18:48:32.415  1657  1800 I C03f05/NAPI: taskpool::Task PerformTask End: 1033668250, 17 18:48:17.966
CST 2026-07-17 18:48:32.415  1657  1800 I C03f05/NAPI: taskpool::Task PerformTask End: 1033268844, 17 18:48:17.997
CST 2026-07-17 18:48:32.415  1657  1800 I C03f05/NAPI: taskpool::Task PerformTask End: 1033666649, 17 18:48:18.107
CST 2026-07-17 18:48:32.415  1657  1800 I C03f05/NAPI: taskpool::Task PerformTask End: 1033673083, 17 18:48:18.518
CST 2026-07-17 18:48:32.415  1657  1800 I C03f05/NAPI: taskpool::Task PerformTask End: 1031170781, 17 18:48:18.762
CST 2026-07-17 18:48:32.415  1657  1800 I C03f05/NAPI: taskpool::Task PerformTask End: 1071217886, 17 18:48:18.763
CST 2026-07-17 18:48:32.415  1657  1800 I C03f05/NAPI: taskpool::Task PerformTask End: 1011342864, 17 18:48:18.763
CST 2026-07-17 18:48:32.415  1657  1800 I C03f05/NAPI: taskpool::Task PerformTask End: 2240566543, 17 18:48:18.766
CST 2026-07-17 18:48:32.415  1657  1800 I C03f05/NAPI: taskpool::Task PerformTask End: 2208033205, 17 18:48:18.826
CST 2026-07-17 18:48:32.415  1657  1800 I C03f05/NAPI: taskpool::Task PerformTask End: 2237129990, 17 18:48:18.827
CST 2026-07-17 18:48:32.415  1657  1800 I C03f05/NAPI: taskpool::Task PerformTask End: 2948952071, 17 18:48:18.833
CST 2026-07-17 18:48:32.415  1657  1800 I C03f05/NAPI: taskpool::Task PerformTask End: 1025653592, 17 18:48:18.833
CST 2026-07-17 18:48:32.415  1657  1800 I C03f05/NAPI: taskpool::Task PerformTask End: 2183375705, 17 18:48:18.833
CST 2026-07-17 18:48:32.415  1657  1800 I C03f05/NAPI: taskpool::Task PerformTask End: 1011168529, 17 18:48:18.835
CST 2026-07-17 18:48:32.415  1657  1800 I C03f05/NAPI: taskpool::Task PerformTask End: 1011167330, 17 18:48:18.835
CST 2026-07-17 18:48:32.415  1657  1800 I C03f05/NAPI: taskpool::Task PerformTask End: 1011171731, 17 18:48:18.835
CST 2026-07-17 18:48:32.415  1657  1800 I C03f05/NAPI: taskpool::Task PerformTask End: 1030687164, 17 18:48:19.779
CST 2026-07-17 18:48:32.415  1657  1800 I C03f05/NAPI: taskpool::Task PerformTask End: 2183376109, 17 18:48:19.870
CST 2026-07-17 18:48:32.415  1657  1800 I C03f05/NAPI: taskpool::Task PerformTask End: 2237201550, 17 18:48:19.876
CST 2026-07-17 18:48:32.415  1657  1800 I C03f05/NAPI: taskpool::Task PerformTask End: 2236653679, 17 18:48:20.071
CST 2026-07-17 18:48:32.415  1657  1800 I C03f05/NAPI: taskpool::Task PerformTask End: 1011342096, 17 18:48:20.075
CST 2026-07-17 18:48:32.415  1657  1800 I C03f05/NAPI: taskpool::Task PerformTask End: 2240566561, 17 18:48:20.079
CST 2026-07-17 18:48:32.415  1657  1800 I C03f05/NAPI: taskpool::Task PerformTask End: 1008234498, 17 18:48:20.126
CST 2026-07-17 18:48:32.415  1657  1800 I C03f05/NAPI: taskpool::Task PerformTask End: 1008234899, 17 18:48:20.131
CST 2026-07-17 18:48:32.415  1657  1800 I C03f05/NAPI: taskpool::Task PerformTask End: 1008235332, 17 18:48:20.365
CST 2026-07-17 18:48:32.415  1657  1800 I C03f05/NAPI: taskpool::Task PerformTask End: 1053307397, 17 18:48:20.370
CST 2026-07-17 18:48:32.415  1657  1800 I C03f05/NAPI: taskpool::Task PerformTask End: 1053311782, 17 18:48:20.420
CST 2026-07-17 18:48:32.415  1657  1800 I C03f05/NAPI: taskpool::Task PerformTask End: 1053311399, 17 18:48:20.452
CST 2026-07-17 18:48:32.415  1657  1800 I C03f05/NAPI: taskpool::Task PerformTask End: 1053312200, 17 18:48:20.461
CST 2026-07-17 18:48:32.415  1657  1800 I C03f05/NAPI: taskpool::Task PerformTask End: 2187443849, 17 18:48:20.489
CST 2026-07-17 18:48:32.415  1657  1800 I C03f05/NAPI: taskpool::Task PerformTask End: 1053307418, 17 18:48:20.529
CST 2026-07-17 18:48:32.415  1657  1800 I C03f05/NAPI: taskpool::Task PerformTask End: 1053308619, 17 18:48:20.567
CST 2026-07-17 18:48:32.415  1657  1800 I C03f05/NAPI: taskpool::Task PerformTask End: 1053310604, 17 18:48:20.573
CST 2026-07-17 18:48:32.415  1657  1800 I C03f05/NAPI: taskpool::Task PerformTask End: 1053313405, 17 18:48:20.576
CST 2026-07-17 18:48:32.415  1657  1800 I C03f05/NAPI: taskpool::Task PerformTask End: 2240570174, 17 18:48:20.581
CST 2026-07-17 18:48:32.415  1657  1800 I C03f05/NAPI: taskpool::Task PerformTask End: 2208036447, 17 18:48:20.585
CST 2026-07-17 18:48:32.415  1657  1800 I C03f05/NAPI: taskpool::Task PerformTask End: 2554567040, 17 18:48:20.589
CST 2026-07-17 18:48:32.415  1657  1800 I C03f05/NAPI: taskpool::Task PerformTask End: 2183376129, 17 18:48:20.593
CST 2026-07-17 18:48:32.415  1657  1800 I C03f05/NAPI: taskpool::Task PerformTask End: 1043002978, 17 18:48:20.597
CST 2026-07-17 18:48:32.415  1657  1800 I C03f05/NAPI: taskpool::Task PerformTask End: 1008234547, 17 18:48:20.601
CST 2026-07-17 18:48:32.415  1657  1800 I C03f05/NAPI: taskpool::Task PerformTask End: 1008236532, 17 18:48:20.604
CST 2026-07-17 18:48:32.415  1657  1800 I C03f05/NAPI: taskpool::Task PerformTask End: 1053307013, 17 18:48:20.610
CST 2026-07-17 18:48:32.415  1657  1800 I C03f05/NAPI: taskpool::Task PerformTask End: 1053307814, 17 18:48:20.615
CST 2026-07-17 18:48:32.415  1657  1800 I C03f05/NAPI: taskpool::Task PerformTask End: 2183613623, 17 18:48:20.636
CST 2026-07-17 18:48:32.415  1657  1800 I C03f05/NAPI: taskpool::Task PerformTask End: 1028447816, 17 18:48:20.640
CST 2026-07-17 18:48:32.415  1657  1800 I C03f05/NAPI: taskpool::Task PerformTask End: 2180251193, 17 18:48:20.644
CST 2026-07-17 18:48:32.415  1657  1800 I C03f05/NAPI: taskpool::Task PerformTask End: 2238848282, 17 18:48:20.649
CST 2026-07-17 18:48:32.415  1657  1800 I C03f05/NAPI: taskpool::Task PerformTask End: 1025652427, 17 18:48:20.654
CST 2026-07-17 18:48:32.415  1657  1800 I C03f05/NAPI: taskpool::Task PerformTask End: 1053314620, 17 18:48:20.658
CST 2026-07-17 18:48:32.415  1657  1800 I C03f05/NAPI: taskpool::Task PerformTask End: 1011167773, 17 18:48:20.727
CST 2026-07-17 18:48:32.415  1657  1800 I C03f05/NAPI: taskpool::Task PerformTask End: 1030692046, 17 18:48:20.748
CST 2026-07-17 18:48:32.415  1657  1800 I C03f05/NAPI: taskpool::Task PerformTask End: 1008237327, 17 18:48:20.821
CST 2026-07-17 18:48:32.415  1657  1800 I C03f05/NAPI: taskpool::Task PerformTask End: 2440675376, 17 18:48:20.825
CST 2026-07-17 18:48:32.415  1657  1800 I C03f05/NAPI: taskpool::Task PerformTask End: 1053313025, 17 18:48:20.830
CST 2026-07-17 18:48:32.415  1657  1800 I C03f05/NAPI: taskpool::Task PerformTask End: 2305591698, 17 18:48:20.838
CST 2026-07-17 18:48:32.415  1657  1800 I C03f05/NAPI: taskpool::Task PerformTask End: 2217618211, 17 18:48:20.872
CST 2026-07-17 18:48:32.415  1657  1800 I C03f05/NAPI: taskpool::Task PerformTask End: 1020783028, 17 18:48:20.876
CST 2026-07-17 18:48:32.415  1657  1800 I C03f05/NAPI: taskpool::Task PerformTask End: 2217613429, 17 18:48:20.880
CST 2026-07-17 18:48:32.415  1657  1800 I C03f05/NAPI: taskpool::Task PerformTask End: 1008236150, 17 18:48:20.961
CST 2026-07-17 18:48:32.415  1657  1800 I C03f05/NAPI: taskpool::Task PerformTask End: 1008238167, 17 18:48:21.006
CST 2026-07-17 18:48:32.415  1657  1800 I C03f05/NAPI: taskpool::Task PerformTask End: 1011172984, 17 18:48:21.013
CST 2026-07-17 18:48:32.415  1657  1800 I C03f05/NAPI: taskpool::Task PerformTask End: 2445504169, 17 18:48:21.070
CST 2026-07-17 18:48:32.415  1657  1800 I C03f05/NAPI: taskpool::Task PerformTask End: 2272851658, 17 18:48:21.123
CST 2026-07-17 18:48:32.415  1657  1800 I C03f05/NAPI: taskpool::Task PerformTask End: 2240569403, 17 18:48:21.165
CST 2026-07-17 18:48:32.415  1657  1800 I C03f05/NAPI: taskpool::Task PerformTask End: 2183607660, 17 18:48:21.172
CST 2026-07-17 18:48:32.415  1657  1800 I C03f05/NAPI: taskpool::Task PerformTask End: 2272853677, 17 18:48:21.178
CST 2026-07-17 18:48:32.415  1657  1800 I C03f05/NAPI: taskpool::Task PerformTask End: 2272854862, 17 18:48:21.199
CST 2026-07-17 18:48:32.415  1657  1800 I C03f05/NAPI: taskpool::Task PerformTask End: 2272855279, 17 18:48:21.246
CST 2026-07-17 18:48:32.415  1657  1800 I C03f05/NAPI: taskpool::Task PerformTask End: 2272856880, 17 18:48:21.270
CST 2026-07-17 18:48:32.415  1657  1800 I C03f05/NAPI: taskpool::Task PerformTask End: 2272853297, 17 18:48:21.317
CST 2026-07-17 18:48:32.415  1657  1800 I C03f05/NAPI: taskpool::Task PerformTask End: 2272854498, 17 18:48:21.351
CST 2026-07-17 18:48:32.415  1657  1800 I C03f05/NAPI: taskpool::Task PerformTask End: 2272856515, 17 18:48:21.399
CST 2026-07-17 18:48:32.415  1657  1800 I C03f05/NAPI: taskpool::Task PerformTask End: 2272851300, 17 18:48:21.404
CST 2026-07-17 18:48:32.415  1657  1800 I C03f05/NAPI: taskpool::Task PerformTask End: 2185893605, 17 18:48:21.455
CST 2026-07-17 18:48:32.415  1657  1800 I C03f05/NAPI: taskpool::Task PerformTask End: 2272857286, 17 18:48:21.471
CST 2026-07-17 18:48:32.415  1657  1800 I C03f05/NAPI: taskpool::Task PerformTask End: 2185895607, 17 18:48:21.522
CST 2026-07-17 18:48:32.415  1657  1800 I C03f05/NAPI: taskpool::Task PerformTask End: 2185894808, 17 18:48:21.530
CST 2026-07-17 18:48:32.415  1657  1800 I C03f05/NAPI: taskpool::Task PerformTask End: 2185893225, 17 18:48:21.535
CST 2026-07-17 18:48:32.415  1657  1800 I C03f05/NAPI: taskpool::Task PerformTask End: 1011342906, 17 18:48:21.544
CST 2026-07-17 18:48:32.415  1657  1800 I C03f05/NAPI: taskpool::Task PerformTask End: 1033674859, 17 18:48:21.679
CST 2026-07-17 18:48:32.415  1657  1800 I C03f05/NAPI: taskpool::Task PerformTask End: 2185898011, 17 18:48:21.698
CST 2026-07-17 18:48:32.415  1657  1800 I C03f05/NAPI: taskpool::Task PerformTask End: 1053208652, 17 18:48:24.154
CST 2026-07-17 18:48:32.415  1657  1800 I C03f05/NAPI: taskpool::Task PerformTask End: 1053205470, 17 18:48:24.193
CST 2026-07-17 18:48:32.415  1657  1800 I C03f05/NAPI: taskpool::Task PerformTask End: 2274832061, 17 18:48:24.217
CST 2026-07-17 18:48:32.415  1657  1800 I C03f05/NAPI: taskpool::Task PerformTask End: 1025654479, 17 18:48:24.720
CST 2026-07-17 18:48:32.415  1657  1800 I C03f05/NAPI: taskpool::Task PerformTask End: 2208032896, 17 18:48:24.742
CST 2026-07-17 18:48:32.415  1657  1800 I C03f05/NAPI: taskpool::Task PerformTask End: 2220746886, 17 18:48:24.938
CST 2026-07-17 18:48:32.415  1657  1800 I C03f05/NAPI: taskpool::Task PerformTask End: 1053210257, 17 18:48:24.939
CST 2026-07-17 18:48:32.415  1657  1800 I C03f05/NAPI: taskpool::Task PerformTask End: 1053209074, 17 18:48:24.939
CST 2026-07-17 18:48:32.415  1657  1800 I C03f05/NAPI: taskpool::Task PerformTask End: 2221944437, 17 18:48:24.939
CST 2026-07-17 18:48:32.415  1657  1800 I C03f05/NAPI: taskpool::Task PerformTask End: 2220748503, 17 18:48:24.939
CST 2026-07-17 18:48:32.415  1657  1800 I C03f05/NAPI: taskpool::Task PerformTask End: 1019674712, 17 18:48:24.939
CST 2026-07-17 18:48:32.415  1657  1800 I C03f05/NAPI: taskpool::Task PerformTask End: 2439439321, 17 18:48:24.939
CST 2026-07-17 18:48:32.415  1657  1800 I C03f05/NAPI: taskpool::Task PerformTask End: 2221938035, 17 18:48:24.939
CST 2026-07-17 18:48:32.415  1657  1800 I C03f05/NAPI: taskpool::Task PerformTask End: 2221942436, 17 18:48:24.941
CST 2026-07-17 18:48:32.415  1657  1800 I C03f05/NAPI: taskpool::Task PerformTask End: 2504457546, 17 18:48:25.034
CST 2026-07-17 18:48:32.415  1657  1800 I C03f05/NAPI: taskpool::Task PerformTask End: 1020487339, 17 18:48:25.090
CST 2026-07-17 18:48:32.415  1657  1800 I C03f05/NAPI: taskpool::Task PerformTask End: 2504490204, 17 18:48:25.197
CST 2026-07-17 18:48:32.415  1657  1800 I C03f05/NAPI: taskpool::Task PerformTask End: 2183618765, 17 18:48:25.257
CST 2026-07-17 18:48:32.415  1657  1800 I C03f05/NAPI: taskpool::Task PerformTask End: 1011174548, 17 18:48:27.936, Unsuccessful
CST 2026-07-17 18:48:32.415  1657  1800 I C03f05/NAPI: taskpool::Task PerformTask End: 2183612862, 17 18:48:27.939
CST 2026-07-17 18:48:32.415  1657  1800 I C03f05/NAPI: taskpool::Task PerformTask End: 2185898063, 17 18:48:31.609
CST 2026-07-17 18:48:32.415  1657  1800 I C03f05/NAPI: taskpool::Task PerformTask End: 2183374192, 17 18:48:31.623
CST 2026-07-17 18:48:32.425   765   765 I C01406/OHOS::RS: RSSurfaceRenderNode::SetAbilityState, surfaceNodeId:[12850542149634] ability state: background
CST 2026-07-17 18:48:32.425   634  2365 I C02515/DISP: [InitBufferHandle:229] express init gbuffer id 93d00000045 ret 0 err 0 fd 6 222 222 pixel 4 size 197136 usage 2b
CST 2026-07-17 18:48:32.425   634  2365 I C02515/DISP: [ExpressAllocMem:271] ExpressAllocMem requeset BufferHandle 6, width 222, heigt 222, format 20
CST 2026-07-17 18:48:32.425   765   765 E C01406/RSScreenManager: IsAllScreensPowerOff: screenPowerStatus_ is empty.
CST 2026-07-17 18:48:32.426   635   695 W C02515/DISP: [SetLayerMaskInfo:495] <private> is not supported
CST 2026-07-17 18:48:32.427   635   695 I C02515/DISP: [CommitComposeLayer:67] CommitComposeLayer! 10
CST 2026-07-17 18:48:32.428   634  2365 I C02515/DISP: [ExpressFreeMem:317] freeMem bufferhandle gbuffer_id 93d00000045, width 222, heigt 222
CST 2026-07-17 18:48:32.428  1657  2126 I C04202/WMSMain: RequestVsync: First vsync has requested, nodeId: 0
CST 2026-07-17 18:48:32.428   765   791 I C01400/Vsync: RequestNextVSync: First vsync is requested, name: WM_1657
CST 2026-07-17 18:48:32.428   765   791 I C01400/Vsync: RequestNextVSync: First vsync RequestNextVSync conn:WM_1657, rate:0, highPriorityRate:1
CST 2026-07-17 18:48:32.433  1657  2227 I C02515/DISP: [ExpressFreeMem:317] freeMem bufferhandle gbuffer_id 93d00000044, width 114, heigt 114
CST 2026-07-17 18:48:32.433  1657  1657 I C03930/AceAnimation: [(100000:100000:scope)] animateTo finish, cnt:22
CST 2026-07-17 18:48:32.433  2992  2992 I C01406/OHOS::RS: RSTransactionHandler::Begin syncId:0, transactionHandler:86309430, remoteTransactionDataStack.size:0
CST 2026-07-17 18:48:32.433  2992  2992 I C01406/OHOS::RS: RSTransactionHandler::Commit transactionHandler:86309430
CST 2026-07-17 18:48:32.433  2992  2992 W C01406/OHOS::RS: RSNodeMap::UnregisterNode: node id 12850542149634 not found
CST 2026-07-17 18:48:32.433  1657  1657 I A04200/WINDOW: WindowAnimation: [SCBAnimation] finish conatainerId 1, type ZOOM_IN
CST 2026-07-17 18:48:32.433  2992  2992 I C01406/OHOS::RS: RSRootNode::Create, Node:12850542149635, Token:12850542149633
CST 2026-07-17 18:48:32.434  2992  2992 I C03900/Ace: [(100000:100000:scope)] root node OnAttachToFrameNode, id:0
CST 2026-07-17 18:48:32.434   931  2974 I C01409/APS_MANAGER: SetScene pkgName = com.ohos.sceneboard, scene = START_APP_ANIMATION, state = 0
CST 2026-07-17 18:48:32.434  2992  2992 I C03900/Ace: [(100000:100000:scope)] Rosenwindow set root, rsId:12850542149635
CST 2026-07-17 18:48:32.434   931  2974 W C01409/APS_MANAGER: FrameRateControl removeSceneInfo: unknow scene!
CST 2026-07-17 18:48:32.434  2992  2992 I C01406/OHOS::RS: RSRootNode::AttachRSSurfaceNode, SurfaceNode:12850542149634, Node:12850542149635
CST 2026-07-17 18:48:32.434  1657  1657 W A01b01/HOME: SCBSCS: getTransitionCount from session 1, 1
CST 2026-07-17 18:48:32.434  1657  1657 W A01b01/HOME: SCBTM: getTransitionCount from animationMap 1, 1
CST 2026-07-17 18:48:32.434  1657  1657 I A01b01/HOME: SCBScenePanelAnimator: startSceneFromOther animation count: before 1,
CST 2026-07-17 18:48:32.434  1657  1657 I A01b01/HOME:         current 1
CST 2026-07-17 18:48:32.434  1657  1657 W A01b01/HOME: SCBSCS: getTransitionCount from session 1, 1
CST 2026-07-17 18:48:32.434  2992  2992 I C01406/OHOS::RS: RSTransactionHandler::Begin syncId:0, transactionHandler:1161071551, remoteTransactionDataStack.size:0
CST 2026-07-17 18:48:32.434  2992  2992 I C01406/OHOS::RS: RSTransactionHandler::Commit transactionHandler:1161071551
CST 2026-07-17 18:48:32.434  1657  1657 W A01b01/HOME: SCBTM: getTransitionCount from animationMap 1, 1
CST 2026-07-17 18:48:32.434  2992  2992 W C01406/OHOS::RS: RSNodeMap::UnregisterNode: node id 12850542149634 not found
CST 2026-07-17 18:48:32.434  1657  1657 I A01b01/HOME: SCBScenePanelAnimator: capsule animating is false
CST 2026-07-17 18:48:32.434  1657  1657 I A01b00/SCB: LuoShuStateManager --> getLuoShuStateInfo: SCBScenePanelViewModel {"luoShuState":0,"scenePanelState":1,"eventType":-1,"screenInfo":{"isLandscape":false,"foldState":1},"screenId":0,"holdingHandStatus":1}
CST 2026-07-17 18:48:32.434  2992  2992 E C01d02/accessibility_asacfwk: [(AccessibilitySystemAbilityClientImpl:78)]accessibility service is ready.
CST 2026-07-17 18:48:32.434  1657  1657 W A01b01/HOME: SCBSCS: [SCBScenePanelViewModel] border radius from topLeft: 36, topRight: 36, bottomLeft: 36, bottomRight: 36 to 0. reason: sceneContainerZoomIn, extra: EntryAbility/cn.alfadb.netbird.r1probe/entry/0(persistentId: 30)(containerId: 1)
CST 2026-07-17 18:48:32.435  1657  1657 W A01b01/HOME: SCBSCS: clearTransitionCount 1, 1
CST 2026-07-17 18:48:32.435  1657  1657 I A01b01/HOME: SCBTM: clearTransitionCount 1, 1
CST 2026-07-17 18:48:32.435  1657  1657 I A01b00/SCB: AnimateToScheduleUtils: raiseAppStartToCPUPriority: 1
CST 2026-07-17 18:48:32.435  1657  1657 I C03930/AceAnimation: [(100000:100000:scope)] animateTo finish, cnt:21
CST 2026-07-17 18:48:32.435  1657  1657 I A01b09/RECENT: SCBDesktopCacheManager: FreezeTrack setWallPaperScale old:1, new:1.1, reason:onActive
CST 2026-07-17 18:48:32.436   232   236 I C01d00/accessibility: [(GetAccessibilityState:115)]EnabledState[0], TouchGuideState[0], KeyEventObserverState[0], GestureState[0], ScreenReaderState[0], SingleClickMode[0], AnimationOffState[0], AudioMonoState[0], FlashReminderSwitch[0]
CST 2026-07-17 18:48:32.437   766  1111 W C01202/Subscriber: Subscribe accessibility.config.ready, without any restrict subid = 2992_20020062_-1_506_55222
CST 2026-07-17 18:48:32.437   766  1111 I C01202/Subscriber: Subscribe cn.alfadb.netbird.r1probe(userId = 100, subId = 2992_20020062_-1_506_55222, ffrtCost 0 ms, taskCost 1 ms)
CST 2026-07-17 18:48:32.438  2992  2992 I C03900/Ace: [(100000:100000:scope)] focusWindowId: 0, realHostWindowId: 0
CST 2026-07-17 18:48:32.438  2992  2992 I C03900/Ace: [(100000:100000:scope)] [cn.alfadb.netbird.r1probe][entry][100000]: window focus
CST 2026-07-17 18:48:32.438   145   191 I C02c03/PARAM_WATCHER: SendLocalChange start keyPrefix debug.graphic.frame remoteWatcherId 46
CST 2026-07-17 18:48:32.439   145   191 I C02c03/PARAM_WATCHER: [watcher_manager.cpp:187]Add watcher debug.graphic.frame remoteWatcherId: 46 groupId 104 success
CST 2026-07-17 18:48:32.439  2992  2992 I C02c03/PARAM_WATCHER: Add watcher keyPrefix debug.graphic.frame remoteWatcherId 46 success
CST 2026-07-17 18:48:32.439  2992  2992 E C03900/Ace: [(100000:100000:scope)] ERROR EACCES
CST 2026-07-17 18:48:32.439  2992  2992 E C03900/Ace: [(100000:100000:scope)] ERROR EACCES
CST 2026-07-17 18:48:32.439  2992  2992 I C03900/Ace: [(100000:100000:scope)] ArkUIInvisibleFreeze: 0
CST 2026-07-17 18:48:32.439  2992  2992 I C03900/Ace: [(100000:100000:scope)] [cn.alfadb.netbird.r1probe][entry][100000]: SetMinPlatformVersion is 60101024
CST 2026-07-17 18:48:32.439  2992  2992 I C04209/WMSImms: RegisterAvoidAreaChangeListener: win 30
CST 2026-07-17 18:48:32.440   766  1196 I C0420f/WMSRecover: mock_session_manager_service.cpp RegisterSMSRecoverListener: clientUserId: 100, userId: -1, pid: 2992,isLite: 0, displayId: 0
CST 2026-07-17 18:48:32.440  2992  2992 E C04200/IMockSessionManager: Read result failed, code is: 4.
CST 2026-07-17 18:48:32.440   766  1196 I C0420f/WMSRecover: mock_session_manager_service.cpp RegisterSMSRecoverListener: clientUserId: 100, userId: -1, pid: 2992,isLite: 1, displayId: 0
CST 2026-07-17 18:48:32.441  2992  2992 E C04200/IMockSessionManager: Read result failed, code is: 4.
CST 2026-07-17 18:48:32.441  2992  2992 I C04204/WMSScb: InitSceneSessionManagerProxy: enter
CST 2026-07-17 18:48:32.441  1657  2126 I C04209/WMSImms: UpdateSessionAvoidAreaListener win 30 haveListener 1
CST 2026-07-17 18:48:32.442   766  1196 W C04201/DMS: screen_cutout_controller.cpp GetCutoutArea: display:[ID: 0, W: 1320, H: 2856, R: 0,Mode 0]
CST 2026-07-17 18:48:32.442  1657  2126 I C0420b/WMSKeyboard: CheckEmptyKeyboardAvoidAreaIfNeeded: check keyboard avoid area, isPhoneNotFreeMultiWindow: 1, isPadNotFreeMultiWindow: 0
CST 2026-07-17 18:48:32.442   765   988 I C01400/Vsync: OnVSyncTrigger: F send
CST 2026-07-17 18:48:32.442   765   988 I C01400/Vsync: PostEvent: First vsync has send to : WM_1657
CST 2026-07-17 18:48:32.442  2992  3188 E C0420a/WMSLife: NotifyUIExtHostRectChangeInGlobalDisplayListeners: uiContent is null
CST 2026-07-17 18:48:32.442  2992  3188 I C04208/WMSLayout: UpdateRect: id:30 name:r1probe0 rect:[0 0 1320 2856]->[0 0 1320 2856] reason:23 displayId:0
CST 2026-07-17 18:48:32.443   766  1196 W C04201/DMS: screen_cutout_controller.cpp GetCutoutArea: display:[ID: 0, W: 1320, H: 2856, R: 0,Mode 0]
CST 2026-07-17 18:48:32.444  2992  2992 I C03917/AceSafeArea: [(100000:100000:scope)] InitializeSafeArea systemInsets:SafeAreaInsets left_: [start: 0, end: 0], top_: [start: 0, end: 136], right_: [start: 0, end: 0], bottom_: [start: 0, end: 0], cutoutInsets:SafeAreaInsets left_: [start: 0, end: 0], top_: [start: 45, end: 148], right_: [start: 0, end: 0], bottom_: [start: 0, end: 0], navInsets:SafeAreaInsets left_: [start: 0, end: 0], top_: [start: 0, end: 0], right_: [start: 0, end: 0], bottom_: [start: 2758, end: 2856]
CST 2026-07-17 18:48:32.444   766  1196 I C04201/DMS:  RegisterDisplayManagerAgent: type: 8, pid: 2992
CST 2026-07-17 18:48:32.444  2992  2992 I C0394e/AceWindow: [(100000:100000:scope)] Initialize displayId: 0, availableRect: [0, 0, 1320, 2856]
CST 2026-07-17 18:48:32.445  2992  2992 I C03900/Ace: [(100000:100000:scope)] Failed to open libthp_extra_innerapi.z.so, reason: Error loading shared library /system/lib64/libthp_extra_innerapi.z.so: No such file or directory
CST 2026-07-17 18:48:32.445  2992  2992 I C03900/Ace: [(-2:100000:singleton)] [cn.alfadb.netbird.r1probe][entry][100000]: Initialize: pages/Index
CST 2026-07-17 18:48:32.445  1657  1657 I C04202/WMSMain: VsyncCallbackInner: First vsync has come back, nodeId: 0
CST 2026-07-17 18:48:32.447  2992  2992 I C03900/Ace: [(100000:100000:scope)] RunPage:pages/Index
CST 2026-07-17 18:48:32.447  2992  2992 W C03900/Ace: [(100000:100000:scope)] GetAsset failed: manifest.json
CST 2026-07-17 18:48:32.448  2992  3199 I C03951/InputKeyFlow: [(-1:100000:singleton)] Subscribe touch.events.pass.through Event
CST 2026-07-17 18:48:32.448  2992  2992 I C04200/WMS: InitUIContent: [0, 0]
CST 2026-07-17 18:48:32.448  2992  2992 I C04208/WMSLayout: SetUIContentInner: single hand, id:30, posX:0, posY:0, scaleX:1.000000, scaleY:1.000000
CST 2026-07-17 18:48:32.448   145   191 I C02c03/PARAM_WATCHER: SendLocalChange start keyPrefix persist.ace.trace.layout.enabled remoteWatcherId 46
CST 2026-07-17 18:48:32.448   145   191 I C02c03/PARAM_WATCHER: [watcher_manager.cpp:187]Add watcher persist.ace.trace.layout.enabled remoteWatcherId: 46 groupId 105 success
CST 2026-07-17 18:48:32.449   766  1522 I C01202/Subscriber: Subscribe cn.alfadb.netbird.r1probe(userId = 100, subId = 2992_20020062_-1_507_55233, ffrtCost 0 ms, taskCost 0 ms)
CST 2026-07-17 18:48:32.449  2992  3200 I C02c03/PARAM_WATCHER: Add watcher keyPrefix persist.ace.trace.layout.enabled remoteWatcherId 46 success
CST 2026-07-17 18:48:32.449   145   191 I C02c03/PARAM_WATCHER: SendLocalChange start keyPrefix persist.ace.trace.inputevent.enabled remoteWatcherId 46
CST 2026-07-17 18:48:32.449  2992  2992 I C04219/WMSDecor: UpdateDecorEnable: decorVisible:1, id: 30
CST 2026-07-17 18:48:32.449  2992  2992 I C03900/Ace: [(-2:100000:singleton)] [cn.alfadb.netbird.r1probe][entry][100000]: UpdateWindowVisible: 1, hasDecor: 0
CST 2026-07-17 18:48:32.449   145   191 I C02c03/PARAM_WATCHER: [watcher_manager.cpp:187]Add watcher persist.ace.trace.inputevent.enabled remoteWatcherId: 46 groupId 106 success
CST 2026-07-17 18:48:32.449  2992  2992 I C03900/Ace: [(-2:100000:singleton)] [cn.alfadb.netbird.r1probe][entry][100000]: NotifyWindowMode mode = 1
CST 2026-07-17 18:48:32.449  2992  3200 I C02c03/PARAM_WATCHER: Add watcher keyPrefix persist.ace.trace.inputevent.enabled remoteWatcherId 46 success
CST 2026-07-17 18:48:32.449   145   191 I C02c03/PARAM_WATCHER: SendLocalChange start keyPrefix const.security.developermode.state remoteWatcherId 46
CST 2026-07-17 18:48:32.449   145   191 I C02c03/PARAM_WATCHER: [watcher_manager.cpp:187]Add watcher const.security.developermode.state remoteWatcherId: 46 groupId 107 success
CST 2026-07-17 18:48:32.449  2992  3200 I C02c03/PARAM_WATCHER: Add watcher keyPrefix const.security.developermode.state remoteWatcherId 46 success
CST 2026-07-17 18:48:32.450   145   191 I C02c03/PARAM_WATCHER: SendLocalChange start keyPrefix persist.ace.debug.statemgr.enabled remoteWatcherId 46
CST 2026-07-17 18:48:32.450   145   191 I C02c03/PARAM_WATCHER: [watcher_manager.cpp:187]Add watcher persist.ace.debug.statemgr.enabled remoteWatcherId: 46 groupId 108 success
CST 2026-07-17 18:48:32.450  2992  3200 I C02c03/PARAM_WATCHER: Add watcher keyPrefix persist.ace.debug.statemgr.enabled remoteWatcherId 46 success
CST 2026-07-17 18:48:32.450   145   191 I C02c03/PARAM_WATCHER: SendLocalChange start keyPrefix persist.ace.debug.boundary.enabled remoteWatcherId 46
CST 2026-07-17 18:48:32.450   232  1020 I C01d00/accessibility: [(WindowUpdateAll:1027)]WindowUpdateAll start activeWindowId_: 30
CST 2026-07-17 18:48:32.450  1657  2096 E C04200/WMS: UpdateSessionPropertyByAction: permission denied! action: 262144
CST 2026-07-17 18:48:32.450  2992  2992 I C03900/Ace: [(-2:100000:singleton)] [cn.alfadb.netbird.r1probe][entry][100000]: window foreground
CST 2026-07-17 18:48:32.450  2992  2992 I C03900/Ace: [(100000:100000:scope)] Update application state , state: ON_SHOW
CST 2026-07-17 18:48:32.450   145   191 I C02c03/PARAM_WATCHER: [watcher_manager.cpp:187]Add watcher persist.ace.debug.boundary.enabled remoteWatcherId: 46 groupId 109 success
CST 2026-07-17 18:48:32.451  2992  3200 I C02c03/PARAM_WATCHER: Add watcher keyPrefix persist.ace.debug.boundary.enabled remoteWatcherId 46 success
CST 2026-07-17 18:48:32.451  2992  2992 I C01406/OHOS::RS: RSSurfaceNode::SetAbilityState, surfaceNodeId:[12850542149634], ability state: foreground
CST 2026-07-17 18:48:32.451  2992  2992 I C03900/Ace: [(100000:100000:scope)] ArkUI requests first Vsync.
CST 2026-07-17 18:48:32.451   232  1020 I C01d00/accessibility: [(SetActiveWindow:398)]windowId is 30, activeWindowId_: -1
CST 2026-07-17 18:48:32.451  2992  2992 I C04202/WMSMain: RequestVsync: First vsync has requested, nodeId: 12850542149634
CST 2026-07-17 18:48:32.451   765   791 I C01400/Vsync: RequestNextVSync: First vsync is requested, name: WM_2992
CST 2026-07-17 18:48:32.451   765   791 I C01400/Vsync: RequestNextVSync: First vsync RequestNextVSync conn:WM_2992, rate:0, highPriorityRate:1
CST 2026-07-17 18:48:32.451   145   191 I C02c03/PARAM_WATCHER: SendLocalChange start keyPrefix persist.ace.performance.monitor.enabled remoteWatcherId 46
CST 2026-07-17 18:48:32.451   232  1020 I C01d00/accessibility: [(WindowUpdateAll:1079)]WindowUpdateAll end activeWindowId_: 30
CST 2026-07-17 18:48:32.451  2992  2992 I C03959/AceLayout: [(-2:100000:singleton)] [cn.alfadb.netbird.r1probe][entry][100000]: UpdateViewportConfig Viewport config: size: (1320, 2856) orientation: 0 density: 3.500000 position: (0, 0) transformHint: 0 displayId: 0, windowSizeChangeReason 0, is rsTransaction nullptr 1, , keyboardInfo is null
CST 2026-07-17 18:48:32.451  2992  2992 I C0394e/AceWindow: [(100000:100000:scope)] Update displayWindowRect in UpdateViewportConfig to : Rect (0.00, 0.00) - [0.00 x 0.00]
CST 2026-07-17 18:48:32.451   145   191 I C02c03/PARAM_WATCHER: [watcher_manager.cpp:187]Add watcher persist.ace.performance.monitor.enabled remoteWatcherId: 46 groupId 110 success
CST 2026-07-17 18:48:32.451  2992  3200 I C02c03/PARAM_WATCHER: Add watcher keyPrefix persist.ace.performance.monitor.enabled remoteWatcherId 46 success
CST 2026-07-17 18:48:32.451  2992  2992 I C04208/WMSLayout: UpdateViewportConfig: Id: 30, reason: 0, windowRect: [0 0 1320 2856], displayOrientation: 0, config[0, 0, 0, 3.500000]
CST 2026-07-17 18:48:32.451  2992  2992 I C03900/Ace: [(-2:100000:singleton)] [cn.alfadb.netbird.r1probe][entry][100000]: window focus
CST 2026-07-17 18:48:32.451  2992  2992 I C03900/Ace: [(-2:100000:singleton)] [cn.alfadb.netbird.r1probe][entry][100000]:window active
CST 2026-07-17 18:48:32.451  2992  2992 I C04208/WMSLayout: NotifyAfterUIContentReady: Renotify transform, id:30, scaleX:1.000000, scaleY:1.000000
CST 2026-07-17 18:48:32.453  1657  2227 I C02515/DISP: [ExpressFreeMem:317] freeMem bufferhandle gbuffer_id 93d00000045, width 222, heigt 222
CST 2026-07-17 18:48:32.453  2992  2992 W C01320/JsEnv: [source_map.cpp145]the stack without line info
CST 2026-07-17 18:48:32.453  2992  2992 I A02900/R1Api24Probe: EntryAbility onCreate observed=true
CST 2026-07-17 18:48:32.453  2992  2992 I A02900/R1Api24Probe: E1_TSFN_INITIALIZED|mainTid=2992|mechanism=napi_threadsafe_function
CST 2026-07-17 18:48:32.454  2992  3203 I A02900/R1Api24Probe: E1_PTHREAD_WARMUP_START|round=0|producerTid=3203
CST 2026-07-17 18:48:32.454  2992  3203 I A02900/R1Api24Probe: E1_PTHREAD_WARMUP_FINISH|round=0|producerTid=3203|queued=100|status=0
CST 2026-07-17 18:48:32.454  2992  2992 I C04200/JsWindowStage: Window [30, r1probe0] load content end, ret=0
CST 2026-07-17 18:48:32.454  2992  2992 I C04209/WMSImms: NotifyAvoidAreaChange: win 30 api 24 type 0 area top [0 0 1320 136] 
CST 2026-07-17 18:48:32.454  2992  2992 I C04209/WMSImms: NotifyAvoidAreaChange: win 30 api 24 type 1 area top [517 45 285 103] 
CST 2026-07-17 18:48:32.454  2992  2992 I C04209/WMSImms: NotifyAvoidAreaChange: win 30 api 24 type 2 area empty
CST 2026-07-17 18:48:32.454  2992  2992 I C04209/WMSImms: NotifyAvoidAreaChange: win 30 api 24 type 3 area empty
CST 2026-07-17 18:48:32.454  2992  2992 I C04209/WMSImms: NotifyAvoidAreaChange: win 30 api 24 type 4 area bottom [429 2758 462 98] 
CST 2026-07-17 18:48:32.454  2721  2721 I C04712/AppGalleryKit: [js_bridging(NAPI_ConnectServiceExtensionAbility)]NAPI_ConnExtension called
CST 2026-07-17 18:48:32.454  2992  2992 I C04208/WMSLayout: UpdateViewportConfig: Id: 30, reason: 0, windowRect: [0 0 1320 2856], displayOrientation: 0, config[0, 0, 0, 3.500000]
CST 2026-07-17 18:48:32.454  2721  2721 I C04712/AppGalleryKit: [js_bridging(NAPI_ConnectServiceExtensionAbility)]NAPI_ConnExtension end.
CST 2026-07-17 18:48:32.455  2721  2941 I C04712/AppGalleryKit: [service_util(GetAppGalleryBundleName)]get AppGallery Name success, name = com.huawei.hmsapp.appgallery
CST 2026-07-17 18:48:32.455  2992  2992 I C03900/Ace: [(100000:100000:scope)] Update application state , state: ON_ACTIVE
CST 2026-07-17 18:48:32.455  2721  2941 I C04712/AppGalleryKit: [service_auth(CheckCallerByName)]callerName:com.huawei.hmsapp.appgallery
CST 2026-07-17 18:48:32.455  2721  2941 I C04712/AppGalleryKit: [service_connect(GetConnectionInfo)]GetConnectionInfo, userId=-1
CST 2026-07-17 18:48:32.455  2721  2941 I C04712/AppGalleryKit: [service_connect(ConnectExtAbility)]ConnectExtAbility called, count = 1, taskStaus= 0, userId= -1
CST 2026-07-17 18:48:32.455  2721  2941 I C04712/AppGalleryKit: [service_util(GetAppGalleryBundleName)]get AppGallery Name success, name = com.huawei.hmsapp.appgallery
CST 2026-07-17 18:48:32.455  2721  2941 I C01352/ExtMgr: [extension_manager_client.cpp134]name:com.huawei.hmsapp.appgallery DownInstallServiceExtensionAbility, userId:-1.
CST 2026-07-17 18:48:32.455  2992  2992 I C01d02/accessibility_asacfwk: [(SubscribeStateObserver:652)]Observer has subscribed!
CST 2026-07-17 18:48:32.455  2992  2992 I C01d02/accessibility_asacfwk: [(SubscribeStateObserver:652)]Observer has subscribed!
CST 2026-07-17 18:48:32.455  2992  2992 I C01d02/accessibility_asacfwk: [(SubscribeStateObserver:652)]Observer has subscribed!
CST 2026-07-17 18:48:32.456  2992  2992 I C0391c/AceFocus: [(100000:100000:scope)] Window: 30 get focus.
CST 2026-07-17 18:48:32.456  2992  2992 W C0391c/AceFocus: [(100000:100000:scope)] Current focus view can not found!
CST 2026-07-17 18:48:32.456  2992  2992 I C0391c/AceFocus: [(100000:100000:scope)] Request focus on rootFocusHub: root/0
CST 2026-07-17 18:48:32.456   766  1166 I C01342/ServiceExt: [ABMS5529]element: com.huawei.hmsapp.appgallery/DownInstallServiceExtensionAbility
CST 2026-07-17 18:48:32.456  2992  2992 I C04208/WMSLayout: UpdateViewportConfig: Id: 30, reason: 23, windowRect: [0 0 1320 2856], displayOrientation: 0, config[0, 0, 0, 3.500000]
CST 2026-07-17 18:48:32.456  2992  2992 I C03925/AceRouter: [(100000:100000:scope)] Page router manager is creating page[1]: url: pages/Index path: pages/Index.js, recoverable: yes, namedRouter: no
CST 2026-07-17 18:48:32.456   766  1166 I C01336/AMS: [start_ability_utils.cpp54]appIndex:-1
CST 2026-07-17 18:48:32.457   766  1166 I C01121/BMSQuery: ExplicitQueryAbility no match -n com.huawei.hmsapp.appgallery -a DownInstallServiceExtensionAbility -u 100 -i 0
CST 2026-07-17 18:48:32.457   337   413 E C01704/TagSched: [a92ab708806f803] [OpenQosCtrl]Failed to open qos_ctrl device
CST 2026-07-17 18:48:32.457   337   413 E C01704/TagSched: [a92ab708806f803] [IsQosHandleOpen]get qosSetHandle_ fail
CST 2026-07-17 18:48:32.457   337   413 E C01704/TagSched: [a92ab708806f803] [SetUclamp]qosSetHandle open fail
CST 2026-07-17 18:48:32.458   337   578 E C01717/APP_TYPE_MGR: [a92ab808806f9ce] App type manager service is not ready, RequestApplicationType failed
CST 2026-07-17 18:48:32.458   337   578 I C01720/SmartGC: [a92ab808806f9ce] [GetAppType]bundleName cn.alfadb.netbird.r1probe type -1
CST 2026-07-17 18:48:32.458   766  1166 I C01121/BMSQuery: ExplicitQueryExtension size:1 -n com.huawei.hmsapp.appgallery -e DownInstallServiceExtensionAbility -u 100 -i 0
CST 2026-07-17 18:48:32.458   337   577 I C01705/EXACT_PREREAD: [a92ab708806f803] [(HandlePushPageStart):511] Push page info <bundleName: cn.alfadb.netbird.r1probe abilityName: EntryAbility pageUrl: pages.Index>;
CST 2026-07-17 18:48:32.458   337   577 I C01705/EXACT_PREREAD: [a92ab708806f803] [(HandlePushPageStart):518] ContinueAppStartupCollectWork uid: 20020062 pid: 2992 sceneName:cn.alfadb.netbird.r1probe/cn.alfadb.netbird.r1probe
CST 2026-07-17 18:48:32.458   766  1166 I C01340/Ext: [ABCM412]load
CST 2026-07-17 18:48:32.459   766  1166 I C01357/ProcessMgr: [ams_mgr_scheduler.cpp90]SubmitLoadTask: com.huawei.hmsapp.appgallery-DownInstallServiceExtensionAbility
CST 2026-07-17 18:48:32.461  2721  2941 I C04712/AppGalleryKit: [service_connect(Connect)]start wait
CST 2026-07-17 18:48:32.461  2721  2941 I C04712/AppGalleryKit: [service_connect(GetConnectTime)]connect called tokenType = 0, requestType = 0
CST 2026-07-17 18:48:32.461   765   988 I C01400/Vsync: OnVSyncTrigger: F send
CST 2026-07-17 18:48:32.461   765   988 I C01400/Vsync: PostEvent: First vsync has send to : WM_2992
CST 2026-07-17 18:48:32.462  2992  2992 W C03926/AceTheme: [(100000:100000:scope)] style text_pattern not contains linear_split_child_min_size!
CST 2026-07-17 18:48:32.462  2992  2992 W C03926/AceTheme: [(100000:100000:scope)] style text_pattern not contains menu_celia_ask_is_support!
CST 2026-07-17 18:48:32.463   337   411 E C01704/TagSched: [a92ab90880705d4] [OpenQosCtrl]Failed to open qos_ctrl device
CST 2026-07-17 18:48:32.463   337   411 E C01704/TagSched: [a92ab90880705d4] [IsQosHandleOpen]get qosSetHandle_ fail
CST 2026-07-17 18:48:32.463   337   411 E C01704/TagSched: [a92ab90880705d4] [SetUclamp]qosSetHandle open fail
CST 2026-07-17 18:48:32.463  2992  2992 I C0391c/AceFocus: [(100000:100000:scope)] view: page/2 show
CST 2026-07-17 18:48:32.464  2992  2992 I C03922/AceNavigation: [(100000:100000:scope)] can't find inner navigation
CST 2026-07-17 18:48:32.464  2992  2992 I C03933/AceKeyboard: [(100000:100000:scope)] StageManager FrameNode notNeedSoftKeyboard.
CST 2026-07-17 18:48:32.464  2992  2992 I C03933/AceKeyboard: [(100000:100000:scope)] Container not SceneBoardWindow.
CST 2026-07-17 18:48:32.465  2992  2992 I C03925/AceRouter: [(100000:100000:scope)] LoadPage Success
CST 2026-07-17 18:48:32.465  2992  2992 I C03917/AceSafeArea: [(-2:100000:singleton)] SetIsFullScreen 1
CST 2026-07-17 18:48:32.465   337   581 W C01727/SceneRecognizeExt: [a92aba0880719e0] [HandlePageReport]smart scan get config page info error, bundleName: cn.alfadb.netbird.r1probe
CST 2026-07-17 18:48:32.466  1657  2126 I C04208/WMSLayout: NotifyWindowStatusDidChangeAfterShowWindow: Notify completed, windowId: 30
CST 2026-07-17 18:48:32.467   635   695 W C02515/DISP: [SetLayerMaskInfo:495] <private> is not supported
CST 2026-07-17 18:48:32.467   635  2281 I C02515/DISP: [CommitComposeLayer:67] CommitComposeLayer! 10
CST 2026-07-17 18:48:32.470  1657  2227 I C03900/HDS: [hds_drawable_descriptor.cpp-ProcessIcon:101]set pixelmap editable : 0 .
CST 2026-07-17 18:48:32.470  1657  2227 E C02b61/PixelMap: set ashmem name failed
CST 2026-07-17 18:48:32.471  1657  2227 W A01b00/SCB: GraphicUtils --> combinePic from HdsIcon, bundleName: com.ohos.inputmethodchoosedialog, iconSizeOfGrid: 64, hasBorder: true
CST 2026-07-17 18:48:32.471  1657  2227 I A01b00/SCB: IconResourceFwk --> getBundleIcon end param: com.ohos.inputmethodchoosedialog, 64, true true
CST 2026-07-17 18:48:32.472   766  1548 I C01357/ProcessMgr: [AMSI1969]name:DownInstallServiceExtensionAbility startProcessName = AppGalleryService
CST 2026-07-17 18:48:32.472   766  1548 I C01311/AppMS: [AMSI2162]have apprecord
CST 2026-07-17 18:48:32.472   766  1548 E C01311/AppMS: [AMSI6419]not uiextension. uiextension type: 3
CST 2026-07-17 18:48:32.472   766  1548 I C01357/ProcessMgr: [AMSI4898]start com.huawei.hmsapp.appgallery/DownInstallServiceExtensionAbility
CST 2026-07-17 18:48:32.475   765   765 I C01406/OHOS::RS: RSSurfaceRenderNode::SetAbilityState, surfaceNodeId:[12850542149634] ability state: foreground
CST 2026-07-17 18:48:32.476   765   765 E C01406/RSScreenManager: IsAllScreensPowerOff: screenPowerStatus_ is empty.
CST 2026-07-17 18:48:32.476  1657  1797 I C02b61/ImageCode: DoEncode:(224, 224) cost 4309 us
CST 2026-07-17 18:48:32.478   369   457 I C015b5/NetMgrEnhanced: NotifyAbilityStateChanged:uid=2******0, pid=2721, state=0, abilityName=DownInstallServiceExtensionAbility
CST 2026-07-17 18:48:32.478  1657  1798 I C01631/GaussPD:  [0] [ADAPTER] [139901074930432] Not support binlog_default.writeLock file enable del monitor sysno = 25
CST 2026-07-17 18:48:32.478  1657  1798 I C01631/GaussPD:  [0] [ADAPTER] [139901074930432] Not support binlog_default.writeLock file enable del monitor sysno = 25
CST 2026-07-17 18:48:32.478  1657  1798 I C01631/GaussPD:  [0] [ADAPTER] [139901074930432] Not support binlog_default.writeLock file enable del monitor sysno = 25
CST 2026-07-17 18:48:32.478  1657  1798 I C01631/GaussPD:  [0] [ADAPTER] [139901074930432] Not support binlog_default.writeLock file enable del monitor sysno = 25
CST 2026-07-17 18:48:32.478  1657  1798 I C01631/GaussPD:  [0] [ADAPTER] [139901074930432] Not support binlog_default.writeIndex file enable del monitor sysno = 25
CST 2026-07-17 18:48:32.478  1657  1798 I C01631/GaussPD:  [0] [ADAPTER] [139901074930432] Not support binlog_default.writeIndex file enable del monitor sysno = 25
CST 2026-07-17 18:48:32.479  1657  2227 I A01a01/NC: NotificationConfigManager: update icon result: com.ohos.inputmethodchoosedialog, 38242
CST 2026-07-17 18:48:32.479  1657  2227 I A01b00/SCB: IconResourceFwk --> getBundleIcon start param: com.huawei.hms.mapservice, 64, true true
CST 2026-07-17 18:48:32.479  1657  2227 W A01b00/SCB: IconResourceUtils --> getIconResource from bms getBundleResourceInfo for com.huawei.hms.mapservice 0
CST 2026-07-17 18:48:32.479   337   412 I C01705/EXACT_PREREAD: [a92ab90880705d4] [(HandlePushPageComplete):548] Startup scene, SendDelayCollectTimeoutEvent uid: 20020062 pid: 2992 sceneName:cn.alfadb.netbird.r1probe/cn.alfadb.netbird.r1probe
CST 2026-07-17 18:48:32.479   337   577 E C01731/SUSPEND_MSG: [a92abb088073937] [(ThawOneApplication):37] suspend manager is not ready.
CST 2026-07-17 18:48:32.481  2721  2953 I C01317/AppKit: [MTHRD825]ScheduleLaunchAbility called, ability DownInstallServiceExtensionAbility, type is 5.
CST 2026-07-17 18:48:32.481  2992  3169 I C04208/WMSLayout: NotifyWindowStatusDidChange: Id:30, WindowMode:1, windowStatus:1, lastWindowStatus:0, listenerSize:0, rect:[0 0 1320 2856]
CST 2026-07-17 18:48:32.481  2992  2992 I C0392a/AceUiExtensionComponent: [(-2:100000:singleton)] NotifyWindowMode aliveUIExtensions = 0
CST 2026-07-17 18:48:32.481  2992  3204 W C057c1/IPCWorkThread: ThreadHandler: proto:0 policy:0 name:OS_IPC_4_3204 invoker:5715664
CST 2026-07-17 18:48:32.481   766  1166 I C01120/BMS: icon rdb get resource icon start -n com.huawei.hms.mapservice -i 0 -f 16
CST 2026-07-17 18:48:32.482   766  1166 E C01650/StepResultSet: GoToRow:position[0] rowCount[0] rowPos_[-1]!
CST 2026-07-17 18:48:32.487  1657  2227 I C02b61/ImageSource: CreatePixelMap success, id:1784285312484585,dSize:(0,0),srcSize: (288,288),dHdr:1,sHdr:1,memType: 2,cost 2649 us
CST 2026-07-17 18:48:32.487  1657  2227 E C02b61/PixelMap: set ashmem name failed
CST 2026-07-17 18:48:32.487   766  1517 W C01123/BMSCommon: uid(5523) invalid
CST 2026-07-17 18:48:32.487  1657  2227 W A01b00/SCB: GraphicUtils --> com.huawei.hms.mapservice - getHdsIcon, size: (288, 288), pixelFormat: 4, leftTopPixel is transparent: false, 255-170-0-255
CST 2026-07-17 18:48:32.487  1657  2227 E C03900/HDS: [hds_drawable_descriptor.cpp-GetOtherIconsInfo:395]Get icon by name from resource failed, iconName: icon_mask, isGlobalMask: 0, state: 9001004
CST 2026-07-17 18:48:32.488  1657  2227 W C03900/HDS: [hds_drawable_descriptor.cpp-ProcessIcon:91]Mask size {192, 192}, bundleName: com.huawei.hms.mapservice
CST 2026-07-17 18:48:32.489   142   164 I C01800/SAMGR: SubscribeSA:4606,2721_18_5
CST 2026-07-17 18:48:32.489   142   164 I C01800/SAMGR: NotifyAddSA:4606,2721_5
CST 2026-07-17 18:48:32.489   766  1196 I C01336/AMS: [ABMS7238]AttachAbilityThread
CST 2026-07-17 18:48:32.489  2992  2992 I C03900/Ace: [(100000:100000:scope)] Root node request first frame.
CST 2026-07-17 18:48:32.489  2992  2992 I C03900/Ace: [(100000:100000:scope)] Update application state , state: ON_ACTIVE
CST 2026-07-17 18:48:32.489   766  1196 I C01336/AMS: [ABR556]RemoveLoadTimeoutTask:32
CST 2026-07-17 18:48:32.489   766  1196 W C01336/AMS: [ABR2822]null sessionInfo
CST 2026-07-17 18:48:32.490  2721  2721 I C01340/Ext: [extension_impl.cpp79]DownInstallServiceExtensionAbility; 0; 1; 0
CST 2026-07-17 18:48:32.490  2992  2992 I C01d02/accessibility_asacfwk: [(SubscribeStateObserver:652)]Observer has subscribed!
CST 2026-07-17 18:48:32.490  2992  2992 I C01d02/accessibility_asacfwk: [(SubscribeStateObserver:652)]Observer has subscribed!
CST 2026-07-17 18:48:32.490  2992  2992 I C01d02/accessibility_asacfwk: [(SubscribeStateObserver:652)]Observer has subscribed!
CST 2026-07-17 18:48:32.490  2992  2992 I C0391c/AceFocus: [(100000:100000:scope)] Window: 30 get focus.
CST 2026-07-17 18:48:32.490  2992  2992 I C03900/Ace: [(100000:100000:scope)] Update application state , state: ON_ACTIVE
CST 2026-07-17 18:48:32.490  2992  2992 I C01d02/accessibility_asacfwk: [(SubscribeStateObserver:652)]Observer has subscribed!
CST 2026-07-17 18:48:32.490  2721  2721 I C01342/ServiceExt: [JSE591]CallFunc(onCreate)
CST 2026-07-17 18:48:32.490  2992  2992 I C01d02/accessibility_asacfwk: [(SubscribeStateObserver:652)]Observer has subscribed!
CST 2026-07-17 18:48:32.490  2992  2992 I C01d02/accessibility_asacfwk: [(SubscribeStateObserver:652)]Observer has subscribed!
CST 2026-07-17 18:48:32.490  2992  2992 I C04202/WMSMain: VsyncCallbackInner: First vsync has come back, nodeId: 12850542149634
CST 2026-07-17 18:48:32.491  2992  2992 W C03900/Ace: [(100000:100000:scope)] FeatureParamManager feature is missing or invalid
CST 2026-07-17 18:48:32.492  2721  2721 I C00501/Settings: n_g_v_sync
CST 2026-07-17 18:48:32.492  2721  2721 I C00501/Settings: str : secure
CST 2026-07-17 18:48:32.492  2721  2721 I C00501/Settings: Get key: appgallery_autoupdate_status
CST 2026-07-17 18:48:32.492  2721  2721 I C00501/Settings: u_c
CST 2026-07-17 18:48:32.493  2992  2992 I C01408/Text: InitTextBundleConfig: Adapter text height enabled 0
CST 2026-07-17 18:48:32.497   513  1323 E C01707/CONCUR: [Interface] task 1323 apply qos failed, errno = 4
CST 2026-07-17 18:48:32.497   513  1323 E C01611/QosManager: QosManager: Failed to set thread QoS to QOS_USER_INTERACTIVE, ret: -1
CST 2026-07-17 18:48:32.498  2992  2992 I C03900/Ace: [(100000:100000:scope)] ArkUi flush first frame messages.
CST 2026-07-17 18:48:32.498  2721  2721 I C00501/Settings: numRows 0, error code 0
CST 2026-07-17 18:48:32.498  2992  2992 I C0391c/AceFocus: [(100000:100000:scope)] Request focus on focusView: page/2.
CST 2026-07-17 18:48:32.499  2992  2992 I C0391c/AceFocus: [(100000:100000:scope)] WinFocusMove end, root/secure_field onBlur, Column/secure_field onFocus, start: 2, end: 1, update: 2
CST 2026-07-17 18:48:32.499  2992  2992 I C03933/AceKeyboard: [(100000:100000:scope)] current focus node: (Column/5). isDynamic: 0
CST 2026-07-17 18:48:32.499  2992  2992 I C03933/AceKeyboard: [(100000:100000:scope)] Trigger Window Focus Callback
CST 2026-07-17 18:48:32.499  2992  2992 I C03933/AceKeyboard: [(100000:100000:scope)] need keyboard : 0.
CST 2026-07-17 18:48:32.499  2992  2992 I C0420b/WMSKeyboard: id: 30, isNeedKeyboard: 0, keepKeyboardFlag: 0
CST 2026-07-17 18:48:32.499   766  1196 W C01300/AAFwk: [permission_verification.cpp66]ohos.permission.GET_RUNNING_INFO: PERMISSION_DENIED
CST 2026-07-17 18:48:32.499   766  1196 E C01311/AppMS: [AMSI6451]permission verify fail
CST 2026-07-17 18:48:32.499  2992  2992 I C0420b/WMSKeyboard: RequestInputMethodCloseKeyboard: Notify InputMethod framework close keyboard start. id: 30, isUIEProc: 0, hostWindowId: 30
CST 2026-07-17 18:48:32.499   766  1162 I C01336/AMS: [ABMS7852]Lifecycle: ability:/com.huawei.hmsapp.appgallery/service/DownInstallServiceExtensionAbility
CST 2026-07-17 18:48:32.499   766  1162 I C01340/Ext: [ABCM765]com.huawei.hmsapp.appgallery/DownInstallServiceExtensionAbility, INACTIVE
CST 2026-07-17 18:48:32.500   766  1162 I C01342/ServiceExt: [base_extension_record.cpp306]ConnectAbility called.
CST 2026-07-17 18:48:32.500  2721  2721 I C01342/ServiceExt: [JSE649]Call onConnect
CST 2026-07-17 18:48:32.500  2721  2721 I C01320/JSENV: startServiceExtensionAbility
CST 2026-07-17 18:48:32.500  2721  2721 I C01342/ServiceExt: [JSEC1218]called
CST 2026-07-17 18:48:32.500  2721  2938 I C01342/ServiceExt: [AMC362]name:DownInstallServiceExtensionAbility com.huawei.hmsapp.appgallery, userId=-1.
CST 2026-07-17 18:48:32.501   766  1166 I C01340/Ext: [ABCM821]com.huawei.hmsapp.appgallery/DownInstallServiceExtensionAbility
CST 2026-07-17 18:48:32.504   766  1166 I C01336/AMS: [CONN330]CancelConnectTimeoutTask:26
CST 2026-07-17 18:48:32.504   634  2365 I C02515/DISP: [InitBufferHandle:229] express init gbuffer id 93d00000046 ret 0 err 0 fd 6 288 288 pixel 4 size 331776 usage 2b
CST 2026-07-17 18:48:32.504   634  2365 I C02515/DISP: [ExpressAllocMem:271] ExpressAllocMem requeset BufferHandle 6, width 288, heigt 288, format 20
CST 2026-07-17 18:48:32.504   766  1166 I C01336/AMS: [CONN137]Connect,DownInstallServiceExtensionAbility
CST 2026-07-17 18:48:32.505   279   308 I C02699/MM: UpdatePriorityLocked BIND: 2721, 20020010, 100, [(766-0)], 11000
CST 2026-07-17 18:48:32.505   337   411 I C01731/SUSPEND_MSG: [a92ab608807b4a2] called:20020010_com.huawei.hmsapp.appgallery_DownInstallServiceExtensionAbility_2721,caller:20020010_2721_2721,connect:1_0
CST 2026-07-17 18:48:32.505   337   577 E C01702/CGS: [a92ab608807b4a2] AddTidToCgroup failed to write; fd = 79, errno = 13
CST 2026-07-17 18:48:32.505   337   577 E C01702/CGS: [a92ab608807b4a2] AddTidToCgroup failed to write; fd = 89, errno = 13
CST 2026-07-17 18:48:32.505   279   312 I C02699/MM: UpdatePriorityLocked EXT_CRE: 2721, 20020010, 100, [(766-0)], 11000
CST 2026-07-17 18:48:32.505   731   848 I C01c10/ImsaKit: line: 195, function: OnRemoteRequest,IMSA, code = 8, callingPid/Uid/timestamp: 2992/20020062/1784285312505
CST 2026-07-17 18:48:32.506   731   848 I C01c10/ImsaKit: line: 865, function: RequestHideInput,isFocusTriggered/windowId/displayId:0/30/0.
CST 2026-07-17 18:48:32.506  1657  2126 I C04207/WMSFocus: GetAllGroupInfo success
CST 2026-07-17 18:48:32.506  1657  2096 I C04207/WMSFocus: HandleGetAllGroupInfo: start reply
CST 2026-07-17 18:48:32.506   337   577 I C01702/CgroupAdjuster: [a92ab608807b4a2] ApplyProcessGroup:2721's cgroup from 0 to 1. Reason:20017. Event:26
CST 2026-07-17 18:48:32.506   337   577 I C01704/TagSched: [a92ab608807b4a2] [ReportCgroupInfo]ReportCgroupInfo: pid:2721 from 0 to 1 withSuppressType: 0
CST 2026-07-17 18:48:32.506   337   577 I C01706/ueaServer-FrameMsgIntf: [a92ab608807b4a2] CgroupChanged pid is 2721, uid is 20020010, oldGroup is 0, newGroup is 1
CST 2026-07-17 18:48:32.506   337   577 E C01704/TagSched: [a92ab608807b4a2] [OpenQosCtrl]Failed to open qos_ctrl device
CST 2026-07-17 18:48:32.506   337   577 E C01704/TagSched: [a92ab608807b4a2] [IsQosHandleOpen]get qosSetHandle_ fail
CST 2026-07-17 18:48:32.506   337   577 E C01704/TagSched: [a92ab608807b4a2] [SetQosInternal]qosSetHandle open fail
CST 2026-07-17 18:48:32.506   337   411 E C01713/SUSPEND_MANAGER: [a92ab608807b4a2] [(RemoveAndSendHandlerEvent):1290] suspend manager is not ready.
CST 2026-07-17 18:48:32.506   766  1166 I C01335/Connection: [CONN173]connectState:2
CST 2026-07-17 18:48:32.507   766  1196 I C01342/ServiceExt: [ABMS4201]Start extension ability come, bundlename: com.huawei.hmsapp.appgallery, ability is DownInstallServiceExtensionAbility, userId is -1
CST 2026-07-17 18:48:32.507   766  1196 I C01336/AMS: [start_ability_utils.cpp54]appIndex:-1
CST 2026-07-17 18:48:32.507   766  1196 I C01121/BMSQuery: ExplicitQueryExtension size:1 -n com.huawei.hmsapp.appgallery -e DownInstallServiceExtensionAbility -u 100 -i 0
CST 2026-07-17 18:48:32.507   731   848 I C01c10/ImsaKit: line: 164, function: NotifyInputStop,enter.
CST 2026-07-17 18:48:32.507   731   848 I C01c10/ImsaKit: line: 61, function: GetListenerInfo,ImeEventListenerManager::GetListenerInfo enter
CST 2026-07-17 18:48:32.507   731   848 I C01c10/ImsaKit: line: 181, function: NotifyInputStop,NotifyInputStopToClients end
CST 2026-07-17 18:48:32.507  2721  2953 I C04712/AppGalleryKit: [service_connect(GetConnectionInfo)]GetConnectionInfo, userId=-1
CST 2026-07-17 18:48:32.507  2721  2953 I C04712/AppGalleryKit: [service_connect(OnAbilityConnectDone)]OnAbilityConnectDone uri: /com.huawei.hmsapp.appgallery//DownInstallServiceExtensionAbility
CST 2026-07-17 18:48:32.507  2721  2953 I C01340/Ext: [ACCS144]connect end,DownInstallServiceExtensionAbility
CST 2026-07-17 18:48:32.507  2721  2941 I C04712/AppGalleryKit: [service_connect(Connect)]call connect finish
CST 2026-07-17 18:48:32.507   247   255 E C01707/CONCUR: [a92ab608807b4a2] [TaskControllerInterface] ReportData failed, funcLoader_ load func failed
CST 2026-07-17 18:48:32.507  2721  2721 I C04712/AppGalleryKit: [js_bridging(ConnectServiceExtensionAbilityCompletedTask)]ConnExtension Enter
CST 2026-07-17 18:48:32.507  2721  2721 I C04712/AppGalleryKit: [js_bridging(ConnectServiceExtensionAbilityCompletedTask)]ConnExtension success
CST 2026-07-17 18:48:32.508  2721  2721 I C04712/AppGalleryKit: [js_bridging(ConnectServiceExtensionAbilityCompletedTask)]ConnExtension  Exit
CST 2026-07-17 18:48:32.508  2992  2992 I C03903/AceSubWindow: [(100000:100000:scope)] hide menu ng exit, window not exist
CST 2026-07-17 18:48:32.508  2992  2992 I C04216/WMSPattern: FlushLayoutSize: NotifyFrameLayoutFinishFromApp, id: 30, rect: [0 0 1320 2856], notifyListener: 0
CST 2026-07-17 18:48:32.508  1657  1833 I C04216/WMSPattern: NotifyFrameLayoutFinishFromApp: 0, [0 0 1320 2856]
CST 2026-07-17 18:48:32.508  2992  2992 I C02d66/Hiview-PerfMonitor: ProcessJank: JankFrameMonitor::ProcessJank jank >= threshold
CST 2026-07-17 18:48:32.508   766  1196 I C01340/Ext: [ABCM158]com.huawei.hmsapp.appgallery/DownInstallServiceExtensionAbility
CST 2026-07-17 18:48:32.508  1657  1657 I C0393b/AceWindowScene: [(100000:100000:scope)] isAbilityHook: 0,BufferAvailableCallback id: 30,enableRemoveStartingWindow: 0, appBufferReady: 0
CST 2026-07-17 18:48:32.508  1657  1657 I C0393b/AceWindowScene: [(100000:100000:scope)] BufferAvailableCallback id: 30, isWindowSizeEqual: 1
CST 2026-07-17 18:48:32.509  2992  2992 I A02900/R1Api24Probe: E1_CALLBACK_WARMUP|round=0|sequence=1|producerTid=3203|consumerTid=2992|payload=r00-s001-x1f|hash=756858454|valid=true
CST 2026-07-17 18:48:32.509  2721  2721 I C01342/ServiceExt: [JSE591]CallFunc(onRequest)
CST 2026-07-17 18:48:32.509  2992  2992 I A02900/R1Api24Probe: E1_CALLBACK_WARMUP|round=0|sequence=2|producerTid=3203|consumerTid=2992|payload=r00-s002-x3e|hash=4260518984|valid=true
CST 2026-07-17 18:48:32.509  2992  2992 I A02900/R1Api24Probe: E1_CALLBACK_WARMUP|round=0|sequence=3|producerTid=3203|consumerTid=2992|payload=r00-s003-x5d|hash=567525258|valid=true
CST 2026-07-17 18:48:32.509  2992  2992 I A02900/R1Api24Probe: E1_CALLBACK_WARMUP|round=0|sequence=4|producerTid=3203|consumerTid=2992|payload=r00-s004-x7c|hash=3311082908|valid=true
CST 2026-07-17 18:48:32.509  2992  2992 I A02900/R1Api24Probe: E1_CALLBACK_WARMUP|round=0|sequence=5|producerTid=3203|consumerTid=2992|payload=r00-s005-x9b|hash=1891003038|valid=true
CST 2026-07-17 18:48:32.509  2992  2992 I A02900/R1Api24Probe: E1_CALLBACK_WARMUP|round=0|sequence=6|producerTid=3203|consumerTid=2992|payload=r00-s006-xba|hash=3881541173|valid=true
CST 2026-07-17 18:48:32.509  2992  2992 I A02900/R1Api24Probe: E1_CALLBACK_WARMUP|round=0|sequence=7|producerTid=3203|consumerTid=2992|payload=r00-s007-xd9|hash=2299021352|valid=true
CST 2026-07-17 18:48:32.509  2992  2992 I A02900/R1Api24Probe: E1_CALLBACK_WARMUP|round=0|sequence=8|producerTid=3203|consumerTid=2992|payload=r00-s008-xf8|hash=3799147456|valid=true
CST 2026-07-17 18:48:32.509  2992  2992 I A02900/R1Api24Probe: E1_CALLBACK_WARMUP|round=0|sequence=9|producerTid=3203|consumerTid=2992|payload=r00-s009-x17|hash=2634563057|valid=true
CST 2026-07-17 18:48:32.510  2992  2992 I A02900/R1Api24Probe: E1_CALLBACK_WARMUP|round=0|sequence=10|producerTid=3203|consumerTid=2992|payload=r00-s010-x36|hash=1242462062|valid=true
CST 2026-07-17 18:48:32.510  2992  2992 I A02900/R1Api24Probe: E1_CALLBACK_WARMUP|round=0|sequence=11|producerTid=3203|consumerTid=2992|payload=r00-s011-x55|hash=2911268630|valid=true
CST 2026-07-17 18:48:32.510  2992  2992 I A02900/R1Api24Probe: E1_CALLBACK_WARMUP|round=0|sequence=12|producerTid=3203|consumerTid=2992|payload=r00-s012-x74|hash=2059060282|valid=true
CST 2026-07-17 18:48:32.510  2992  2992 I A02900/R1Api24Probe: E1_CALLBACK_WARMUP|round=0|sequence=13|producerTid=3203|consumerTid=2992|payload=r00-s013-x93|hash=2703426726|valid=true
CST 2026-07-17 18:48:32.510  2992  2992 I A02900/R1Api24Probe: E1_CALLBACK_WARMUP|round=0|sequence=14|producerTid=3203|consumerTid=2992|payload=r00-s014-xb2|hash=288872163|valid=true
CST 2026-07-17 18:48:32.510  2992  2992 I A02900/R1Api24Probe: E1_CALLBACK_WARMUP|round=0|sequence=15|producerTid=3203|consumerTid=2992|payload=r00-s015-xd1|hash=3441733235|valid=true
CST 2026-07-17 18:48:32.510  2992  2992 I A02900/R1Api24Probe: E1_CALLBACK_WARMUP|round=0|sequence=16|producerTid=3203|consumerTid=2992|payload=r00-s016-xf0|hash=2621106091|valid=true
CST 2026-07-17 18:48:32.510  2992  2992 I A02900/R1Api24Probe: E1_CALLBACK_WARMUP|round=0|sequence=17|producerTid=3203|consumerTid=2992|payload=r00-s017-x0f|hash=1178851540|valid=true
CST 2026-07-17 18:48:32.510  2992  2992 I A02900/R1Api24Probe: E1_CALLBACK_WARMUP|round=0|sequence=18|producerTid=3203|consumerTid=2992|payload=r00-s018-x2e|hash=2401870710|valid=true
CST 2026-07-17 18:48:32.510  2992  2992 I A02900/R1Api24Probe: E1_CALLBACK_WARMUP|round=0|sequence=19|producerTid=3203|consumerTid=2992|payload=r00-s019-x4d|hash=1756809528|valid=true
CST 2026-07-17 18:48:32.510  2992  2992 I A02900/R1Api24Probe: E1_CALLBACK_WARMUP|round=0|sequence=20|producerTid=3203|consumerTid=2992|payload=r00-s020-x6c|hash=3675680815|valid=true
CST 2026-07-17 18:48:32.510  2992  2992 I A02900/R1Api24Probe: E1_CALLBACK_WARMUP|round=0|sequence=21|producerTid=3203|consumerTid=2992|payload=r00-s021-x8b|hash=1192037305|valid=true
CST 2026-07-17 18:48:32.510  2992  2992 I A02900/R1Api24Probe: E1_CALLBACK_WARMUP|round=0|sequence=22|producerTid=3203|consumerTid=2992|payload=r00-s022-xaa|hash=3297654212|valid=true
CST 2026-07-17 18:48:32.510  2992  2992 I A02900/R1Api24Probe: E1_CALLBACK_WARMUP|round=0|sequence=23|producerTid=3203|consumerTid=2992|payload=r00-s023-xc9|hash=834309633|valid=true
CST 2026-07-17 18:48:32.510  2992  2992 I A02900/R1Api24Probe: E1_CALLBACK_WARMUP|round=0|sequence=24|producerTid=3203|consumerTid=2992|payload=r00-s024-xe8|hash=3984911949|valid=true
CST 2026-07-17 18:48:32.510  2992  2992 I A02900/R1Api24Probe: E1_CALLBACK_WARMUP|round=0|sequence=25|producerTid=3203|consumerTid=2992|payload=r00-s025-x07|hash=1456796262|valid=true
CST 2026-07-17 18:48:32.510  2992  2992 I A02900/R1Api24Probe: E1_CALLBACK_WARMUP|round=0|sequence=26|producerTid=3203|consumerTid=2992|payload=r00-s026-x26|hash=1096654834|valid=true
CST 2026-07-17 18:48:32.510  2992  2992 I A02900/R1Api24Probe: E1_CALLBACK_WARMUP|round=0|sequence=27|producerTid=3203|consumerTid=2992|payload=r00-s027-x45|hash=125270870|valid=true
CST 2026-07-17 18:48:32.511  2992  2992 I A02900/R1Api24Probe: E1_CALLBACK_WARMUP|round=0|sequence=28|producerTid=3203|consumerTid=2992|payload=r00-s028-x64|hash=1788163982|valid=true
CST 2026-07-17 18:48:32.511  2992  2992 I A02900/R1Api24Probe: E1_CALLBACK_WARMUP|round=0|sequence=29|producerTid=3203|consumerTid=2992|payload=r00-s029-x83|hash=246519630|valid=true
CST 2026-07-17 18:48:32.511  2992  2992 I A02900/R1Api24Probe: E1_CALLBACK_WARMUP|round=0|sequence=30|producerTid=3203|consumerTid=2992|payload=r00-s030-xa2|hash=788960954|valid=true
CST 2026-07-17 18:48:32.511  2992  2992 I A02900/R1Api24Probe: E1_CALLBACK_WARMUP|round=0|sequence=31|producerTid=3203|consumerTid=2992|payload=r00-s031-xc1|hash=2021733202|valid=true
CST 2026-07-17 18:48:32.511  2992  2992 I A02900/R1Api24Probe: E1_CALLBACK_WARMUP|round=0|sequence=32|producerTid=3203|consumerTid=2992|payload=r00-s032-xe0|hash=99464374|valid=true
CST 2026-07-17 18:48:32.511  2992  2992 I A02900/R1Api24Probe: E1_CALLBACK_WARMUP|round=0|sequence=33|producerTid=3203|consumerTid=2992|payload=r00-s033-xff|hash=2901611856|valid=true
CST 2026-07-17 18:48:32.511  2992  2992 I A02900/R1Api24Probe: E1_CALLBACK_WARMUP|round=0|sequence=34|producerTid=3203|consumerTid=2992|payload=r00-s034-x1e|hash=1787107143|valid=true
CST 2026-07-17 18:48:32.511  2992  2992 I A02900/R1Api24Probe: E1_CALLBACK_WARMUP|round=0|sequence=35|producerTid=3203|consumerTid=2992|payload=r00-s035-x3d|hash=2227392917|valid=true
CST 2026-07-17 18:48:32.511  2992  2992 I A02900/R1Api24Probe: E1_CALLBACK_WARMUP|round=0|sequence=36|producerTid=3203|consumerTid=2992|payload=r00-s036-x5c|hash=4223794527|valid=true
CST 2026-07-17 18:48:32.511  2992  2992 I A02900/R1Api24Probe: E1_CALLBACK_WARMUP|round=0|sequence=37|producerTid=3203|consumerTid=2992|payload=r00-s037-x7b|hash=346072349|valid=true
CST 2026-07-17 18:48:32.511  2992  2992 I A02900/R1Api24Probe: E1_CALLBACK_WARMUP|round=0|sequence=38|producerTid=3203|consumerTid=2992|payload=r00-s038-x9a|hash=1763416647|valid=true
CST 2026-07-17 18:48:32.511  2992  2992 I A02900/R1Api24Probe: E1_CALLBACK_WARMUP|round=0|sequence=39|producerTid=3203|consumerTid=2992|payload=r00-s039-xb9|hash=4250501375|valid=true
CST 2026-07-17 18:48:32.511  2992  2992 I A02900/R1Api24Probe: E1_CALLBACK_WARMUP|round=0|sequence=40|producerTid=3203|consumerTid=2992|payload=r00-s040-xd8|hash=3144565358|valid=true
CST 2026-07-17 18:48:32.511  2992  2992 I A02900/R1Api24Probe: E1_CALLBACK_WARMUP|round=0|sequence=41|producerTid=3203|consumerTid=2992|payload=r00-s041-xf7|hash=2725362126|valid=true
CST 2026-07-17 18:48:32.511   635  2281 W C02515/DISP: [SetLayerMaskInfo:495] <private> is not supported
CST 2026-07-17 18:48:32.511  2992  2992 I A02900/R1Api24Probe: E1_CALLBACK_WARMUP|round=0|sequence=42|producerTid=3203|consumerTid=2992|payload=r00-s042-x16|hash=3852956471|valid=true
CST 2026-07-17 18:48:32.511  2992  2992 I A02900/R1Api24Probe: E1_CALLBACK_WARMUP|round=0|sequence=43|producerTid=3203|consumerTid=2992|payload=r00-s043-x35|hash=1524445883|valid=true
CST 2026-07-17 18:48:32.512  2992  2992 I A02900/R1Api24Probe: E1_CALLBACK_WARMUP|round=0|sequence=44|producerTid=3203|consumerTid=2992|payload=r00-s044-x54|hash=1981448527|valid=true
CST 2026-07-17 18:48:32.512   635   695 I C02515/DISP: [CommitComposeLayer:67] CommitComposeLayer! 10
CST 2026-07-17 18:48:32.512  2992  2992 I A02900/R1Api24Probe: E1_CALLBACK_WARMUP|round=0|sequence=45|producerTid=3203|consumerTid=2992|payload=r00-s045-x73|hash=635243679|valid=true
CST 2026-07-17 18:48:32.512  2992  2992 I A02900/R1Api24Probe: E1_CALLBACK_WARMUP|round=0|sequence=46|producerTid=3203|consumerTid=2992|payload=r00-s046-x92|hash=1734122399|valid=true
CST 2026-07-17 18:48:32.512  2992  2992 I A02900/R1Api24Probe: E1_CALLBACK_WARMUP|round=0|sequence=47|producerTid=3203|consumerTid=2992|payload=r00-s047-xb1|hash=2348174166|valid=true
CST 2026-07-17 18:48:32.512  2992  2992 I A02900/R1Api24Probe: E1_CALLBACK_WARMUP|round=0|sequence=48|producerTid=3203|consumerTid=2992|payload=r00-s048-xd0|hash=2907323614|valid=true
CST 2026-07-17 18:48:32.512  2992  2992 I A02900/R1Api24Probe: E1_CALLBACK_WARMUP|round=0|sequence=49|producerTid=3203|consumerTid=2992|payload=r00-s049-xef|hash=571283230|valid=true
CST 2026-07-17 18:48:32.512  2992  2992 I A02900/R1Api24Probe: E1_CALLBACK_WARMUP|round=0|sequence=50|producerTid=3203|consumerTid=2992|payload=r00-s050-x0e|hash=3124695204|valid=true
CST 2026-07-17 18:48:32.512  2992  2992 I A02900/R1Api24Probe: E1_CALLBACK_WARMUP|round=0|sequence=51|producerTid=3203|consumerTid=2992|payload=r00-s051-x2d|hash=92426578|valid=true
CST 2026-07-17 18:48:32.512  2992  2992 I A02900/R1Api24Probe: E1_CALLBACK_WARMUP|round=0|sequence=52|producerTid=3203|consumerTid=2992|payload=r00-s052-x4c|hash=3314028400|valid=true
CST 2026-07-17 18:48:32.512  2992  2992 I A02900/R1Api24Probe: E1_CALLBACK_WARMUP|round=0|sequence=53|producerTid=3203|consumerTid=2992|payload=r00-s053-x6b|hash=1098283950|valid=true
CST 2026-07-17 18:48:32.512  2992  2992 I A02900/R1Api24Probe: E1_CALLBACK_WARMUP|round=0|sequence=54|producerTid=3203|consumerTid=2992|payload=r00-s054-x8a|hash=1716205156|valid=true
CST 2026-07-17 18:48:32.512  2992  2992 I A02900/R1Api24Probe: E1_CALLBACK_WARMUP|round=0|sequence=55|producerTid=3203|consumerTid=2992|payload=r00-s055-xa9|hash=836595878|valid=true
CST 2026-07-17 18:48:32.512  2992  2992 I A02900/R1Api24Probe: E1_CALLBACK_WARMUP|round=0|sequence=56|producerTid=3203|consumerTid=2992|payload=r00-s056-xc8|hash=4134104850|valid=true
CST 2026-07-17 18:48:32.512  2992  2992 I A02900/R1Api24Probe: E1_CALLBACK_WARMUP|round=0|sequence=57|producerTid=3203|consumerTid=2992|payload=r00-s057-xe7|hash=2791854678|valid=true
CST 2026-07-17 18:48:32.512  2992  2992 I A02900/R1Api24Probe: E1_CALLBACK_WARMUP|round=0|sequence=58|producerTid=3203|consumerTid=2992|payload=r00-s058-x06|hash=2136421525|valid=true
CST 2026-07-17 18:48:32.512  2992  2992 I A02900/R1Api24Probe: E1_CALLBACK_WARMUP|round=0|sequence=59|producerTid=3203|consumerTid=2992|payload=r00-s059-x25|hash=3454248285|valid=true
CST 2026-07-17 18:48:32.512  2992  2992 I A02900/R1Api24Probe: E1_CALLBACK_WARMUP|round=0|sequence=60|producerTid=3203|consumerTid=2992|payload=r00-s060-x44|hash=2834413160|valid=true
CST 2026-07-17 18:48:32.512  2992  2992 I A02900/R1Api24Probe: E1_CALLBACK_WARMUP|round=0|sequence=61|producerTid=3203|consumerTid=2992|payload=r00-s061-x63|hash=537785640|valid=true
CST 2026-07-17 18:48:32.512  2992  2992 I A02900/R1Api24Probe: E1_CALLBACK_WARMUP|round=0|sequence=62|producerTid=3203|consumerTid=2992|payload=r00-s062-x82|hash=1769352508|valid=true
CST 2026-07-17 18:48:32.512  2992  2992 I A02900/R1Api24Probe: E1_CALLBACK_WARMUP|round=0|sequence=63|producerTid=3203|consumerTid=2992|payload=r00-s063-xa1|hash=997207043|valid=true
CST 2026-07-17 18:48:32.512  2992  2992 I A02900/R1Api24Probe: E1_CALLBACK_WARMUP|round=0|sequence=64|producerTid=3203|consumerTid=2992|payload=r00-s064-xc0|hash=1058017543|valid=true
CST 2026-07-17 18:48:32.512  2992  2992 I A02900/R1Api24Probe: E1_CALLBACK_WARMUP|round=0|sequence=65|producerTid=3203|consumerTid=2992|payload=r00-s065-xdf|hash=2547294321|valid=true
CST 2026-07-17 18:48:32.512  2992  2992 I A02900/R1Api24Probe: E1_CALLBACK_WARMUP|round=0|sequence=66|producerTid=3203|consumerTid=2992|payload=r00-s066-xfe|hash=246526735|valid=true
CST 2026-07-17 18:48:32.513  2992  2992 I A02900/R1Api24Probe: E1_CALLBACK_WARMUP|round=0|sequence=67|producerTid=3203|consumerTid=2992|payload=r00-s067-x1d|hash=3061084880|valid=true
CST 2026-07-17 18:48:32.513  2992  2992 I A02900/R1Api24Probe: E1_CALLBACK_WARMUP|round=0|sequence=68|producerTid=3203|consumerTid=2992|payload=r00-s068-x3c|hash=1203596486|valid=true
CST 2026-07-17 18:48:32.513  2992  2992 I A02900/R1Api24Probe: E1_CALLBACK_WARMUP|round=0|sequence=69|producerTid=3203|consumerTid=2992|payload=r00-s069-x5b|hash=1581556268|valid=true
CST 2026-07-17 18:48:32.513  2992  2992 I A02900/R1Api24Probe: E1_CALLBACK_WARMUP|round=0|sequence=70|producerTid=3203|consumerTid=2992|payload=r00-s070-x7a|hash=2885972425|valid=true
CST 2026-07-17 18:48:32.513  2992  2992 I A02900/R1Api24Probe: E1_CALLBACK_WARMUP|round=0|sequence=71|producerTid=3203|consumerTid=2992|payload=r00-s071-x99|hash=489395280|valid=true
CST 2026-07-17 18:48:32.513  2992  2992 I A02900/R1Api24Probe: E1_CALLBACK_WARMUP|round=0|sequence=72|producerTid=3203|consumerTid=2992|payload=r00-s072-xb8|hash=2811719069|valid=true
CST 2026-07-17 18:48:32.513  2992  2992 I A02900/R1Api24Probe: E1_CALLBACK_WARMUP|round=0|sequence=73|producerTid=3203|consumerTid=2992|payload=r00-s073-xd7|hash=1231339073|valid=true
CST 2026-07-17 18:48:32.513  2992  2992 I A02900/R1Api24Probe: E1_CALLBACK_WARMUP|round=0|sequence=74|producerTid=3203|consumerTid=2992|payload=r00-s074-xf6|hash=96077973|valid=true
CST 2026-07-17 18:48:32.513  2992  2992 I A02900/R1Api24Probe: E1_CALLBACK_WARMUP|round=0|sequence=75|producerTid=3203|consumerTid=2992|payload=r00-s075-x15|hash=3647162784|valid=true
CST 2026-07-17 18:48:32.513  2992  2992 I A02900/R1Api24Probe: E1_CALLBACK_WARMUP|round=0|sequence=76|producerTid=3203|consumerTid=2992|payload=r00-s076-x34|hash=4294497300|valid=true
CST 2026-07-17 18:48:32.513  2992  2992 I A02900/R1Api24Probe: E1_CALLBACK_WARMUP|round=0|sequence=77|producerTid=3203|consumerTid=2992|payload=r00-s077-x53|hash=1439522904|valid=true
CST 2026-07-17 18:48:32.513  2992  2992 I A02900/R1Api24Probe: E1_CALLBACK_WARMUP|round=0|sequence=78|producerTid=3203|consumerTid=2992|payload=r00-s078-x72|hash=2159345880|valid=true
CST 2026-07-17 18:48:32.513  2992  2992 I A02900/R1Api24Probe: E1_CALLBACK_WARMUP|round=0|sequence=79|producerTid=3203|consumerTid=2992|payload=r00-s079-x91|hash=2473062992|valid=true
CST 2026-07-17 18:48:32.513   634  2365 I C02515/DISP: [ExpressFreeMem:317] freeMem bufferhandle gbuffer_id 93d00000046, width 288, heigt 288
CST 2026-07-17 18:48:32.513  2992  2992 I A02900/R1Api24Probe: E1_CALLBACK_WARMUP|round=0|sequence=80|producerTid=3203|consumerTid=2992|payload=r00-s080-xb0|hash=1671440380|valid=true
CST 2026-07-17 18:48:32.513  2992  2992 I A02900/R1Api24Probe: E1_CALLBACK_WARMUP|round=0|sequence=81|producerTid=3203|consumerTid=2992|payload=r00-s081-xcf|hash=1529654652|valid=true
CST 2026-07-17 18:48:32.513  2992  2992 I A02900/R1Api24Probe: E1_CALLBACK_WARMUP|round=0|sequence=82|producerTid=3203|consumerTid=2992|payload=r00-s082-xee|hash=2148656178|valid=true
CST 2026-07-17 18:48:32.514  2992  2992 I A02900/R1Api24Probe: E1_CALLBACK_WARMUP|round=0|sequence=83|producerTid=3203|consumerTid=2992|payload=r00-s083-x0d|hash=1855816999|valid=true
CST 2026-07-17 18:48:32.514  2992  2992 I A02900/R1Api24Probe: E1_CALLBACK_WARMUP|round=0|sequence=84|producerTid=3203|consumerTid=2992|payload=r00-s084-x2c|hash=1274157241|valid=true
CST 2026-07-17 18:48:32.514  2992  2992 I A02900/R1Api24Probe: E1_CALLBACK_WARMUP|round=0|sequence=85|producerTid=3203|consumerTid=2992|payload=r00-s085-x4b|hash=967020463|valid=true
CST 2026-07-17 18:48:32.514  2992  2992 I A02900/R1Api24Probe: E1_CALLBACK_WARMUP|round=0|sequence=86|producerTid=3203|consumerTid=2992|payload=r00-s086-x6a|hash=74650625|valid=true
CST 2026-07-17 18:48:32.514  2992  2992 I A02900/R1Api24Probe: E1_CALLBACK_WARMUP|round=0|sequence=87|producerTid=3203|consumerTid=2992|payload=r00-s087-x89|hash=1075059596|valid=true
CST 2026-07-17 18:48:32.514  2992  2992 I A02900/R1Api24Probe: E1_CALLBACK_WARMUP|round=0|sequence=88|producerTid=3203|consumerTid=2992|payload=r00-s088-xa8|hash=1429573111|valid=true
CST 2026-07-17 18:48:32.514  2992  2992 I A02900/R1Api24Probe: E1_CALLBACK_WARMUP|round=0|sequence=89|producerTid=3203|consumerTid=2992|payload=r00-s089-xc7|hash=56773767|valid=true
CST 2026-07-17 18:48:32.514  2992  2992 I A02900/R1Api24Probe: E1_CALLBACK_WARMUP|round=0|sequence=90|producerTid=3203|consumerTid=2992|payload=r00-s090-xe6|hash=1246678808|valid=true
CST 2026-07-17 18:48:32.514  2992  2992 I A02900/R1Api24Probe: E1_CALLBACK_WARMUP|round=0|sequence=91|producerTid=3203|consumerTid=2992|payload=r00-s091-x05|hash=3247670015|valid=true
CST 2026-07-17 18:48:32.514  2992  2992 I A02900/R1Api24Probe: E1_CALLBACK_WARMUP|round=0|sequence=92|producerTid=3203|consumerTid=2992|payload=r00-s092-x24|hash=2432265751|valid=true
CST 2026-07-17 18:48:32.515  2992  2992 I A02900/R1Api24Probe: E1_CALLBACK_WARMUP|round=0|sequence=93|producerTid=3203|consumerTid=2992|payload=r00-s093-x43|hash=2985695051|valid=true
CST 2026-07-17 18:48:32.515  2992  2992 I A02900/R1Api24Probe: E1_CALLBACK_WARMUP|round=0|sequence=94|producerTid=3203|consumerTid=2992|payload=r00-s094-x62|hash=45414831|valid=true
CST 2026-07-17 18:48:32.515  2992  2992 I A02900/R1Api24Probe: E1_CALLBACK_WARMUP|round=0|sequence=95|producerTid=3203|consumerTid=2992|payload=r00-s095-x81|hash=3866152343|valid=true
CST 2026-07-17 18:48:32.515  2992  2992 I A02900/R1Api24Probe: E1_CALLBACK_WARMUP|round=0|sequence=96|producerTid=3203|consumerTid=2992|payload=r00-s096-xa0|hash=296280556|valid=true
CST 2026-07-17 18:48:32.515  2992  2992 I A02900/R1Api24Probe: E1_CALLBACK_WARMUP|round=0|sequence=97|producerTid=3203|consumerTid=2992|payload=r00-s097-xbf|hash=1053703614|valid=true
CST 2026-07-17 18:48:32.515  2992  2992 I A02900/R1Api24Probe: E1_CALLBACK_WARMUP|round=0|sequence=98|producerTid=3203|consumerTid=2992|payload=r00-s098-xde|hash=2934959700|valid=true
CST 2026-07-17 18:48:32.515  2992  2992 I A02900/R1Api24Probe: E1_CALLBACK_WARMUP|round=0|sequence=99|producerTid=3203|consumerTid=2992|payload=r00-s099-xfd|hash=3128052986|valid=true
CST 2026-07-17 18:48:32.515  2992  2992 I A02900/R1Api24Probe: E1_CALLBACK_WARMUP|round=0|sequence=100|producerTid=3203|consumerTid=2992|payload=r00-s100-x1c|hash=2381328349|valid=true
CST 2026-07-17 18:48:32.517   337   412 E C01720/SmartGC: [a92aba08807e5dd] [ExitGCPauseSceneInner]ExitGCPauseSceneInner 55242 55302
CST 2026-07-17 18:48:32.521   337   413 E C01731/SUSPEND_MSG: [a92abb08807f58d] [(ThawOneApplication):37] suspend manager is not ready.
CST 2026-07-17 18:48:32.524   765   765 E C01406/RSScreenManager: IsAllScreensPowerOff: screenPowerStatus_ is empty.
CST 2026-07-17 18:48:32.525   765   765 I C01406/OHOS::RS: RSSurfaceRenderNode::NotifyUIBufferAvailable nodeId = 12850542149634
CST 2026-07-17 18:48:32.525   765   765 I C01406/RSUniRenderVisitor: OcclusionInfo [SCBGestureBack22, 7116760809681, 0], [SCBStatusBar18, 7116760809669, 0], [SCBGestureNavBar16, 7116760809664, 0], [r1probe0, 12850542149634, 0], [BackgroundBlurView2, 7116760809479, 2], [SCBFormCenter14, 7116760809654, 2], [SCBDesktop7, 7116760809499, 2], [SCBWallpaper5, 7116760809482, 2], 
CST 2026-07-17 18:48:32.525  1657  1833 I C0393b/AceWindowScene: [(-1:100000:singleton)] BufferAvailableCallback id:30
CST 2026-07-17 18:48:32.526  1657  2126 I C04217/WMSAttribute: Visibility changed, size: 4, WindowVisibilityInfos [name, winId, visibleState]: [BackgroundBlurView2, 4, 2], [SCBWallpaper5, 7, 2], [SCBDesktop7, 10, 2], [SCBFormCenter14, 17, 2], 
CST 2026-07-17 18:48:32.526  1657  1833 I C04202/WMSMain: NotifyCompleteFirstFrameDrawing:  id: 30, app info: [cn.alfadb.netbird.r1probe entry EntryAbility]
CST 2026-07-17 18:48:32.526  1657  1833 I C04200/WMS: Post CompleteFirstFrameDrawing task. Id: 30
CST 2026-07-17 18:48:32.526  1657  1833 I C04204/WMSScb: SetSkipSelfWhenShowOnVirtualScreen: surfaceNodeId: 30
CST 2026-07-17 18:48:32.526  1657  1833 I C0393b/AceWindowScene: [(-1:100000:singleton)] isAbilityHook: 0,BufferAvailableCallback id: 30,enableRemoveStartingWindow: 0, appBufferReady: 0
CST 2026-07-17 18:48:32.526  1657  2127 I C04217/WMSAttribute: operator(): memMgrWindowInfos size: 4
CST 2026-07-17 18:48:32.526  1657  1657 I A04200/WINDOW: SCBSceneSession: onBufferAvailableChange, isBufferAvailable: true, id: 30,      bundleName: cn.alfadb.netbird.r1probe
CST 2026-07-17 18:48:32.526  1657  2126 I C04200/SessionListenerController: NotifySessionCreated: Id:30
CST 2026-07-17 18:48:32.526  1657  2126 I C0420a/WMSLife: operator(): start notify listeners, bundleName:cn.alfadb.netbird.r1probe, Id:30, event:0, reason: 0
CST 2026-07-17 18:48:32.526  1657  1657 I A04200/WINDOW: SCBScenePersistent: Set persistentId = 30 isAlive to true
CST 2026-07-17 18:48:32.526  1657  1657 I A04200/WINDOW: SCBSceneSession: bufferAvailableCallbackList length: 0
CST 2026-07-17 18:48:32.526  1657  1657 I A04209/WMSImms: win:30 app prop is applied
CST 2026-07-17 18:48:32.526  1657  1797 I C01631/GaussPD:  [0] [ADAPTER] [139902256663296] Not support binlog_default.writeLock file enable del monitor sysno = 25
CST 2026-07-17 18:48:32.526  1657  1797 I C01631/GaussPD:  [0] [ADAPTER] [139902256663296] Not support binlog_default.writeLock file enable del monitor sysno = 25
CST 2026-07-17 18:48:32.526  1657  1797 I C01631/GaussPD:  [0] [ADAPTER] [139902256663296] Not support binlog_default.writeLock file enable del monitor sysno = 25
CST 2026-07-17 18:48:32.527  1657  1657 I A04209/WMSImms: update prop to callbacks. screenId:0 mainscreenId:0 window:30, prop:[5,true,"#00FFFFFF","#FF000000",false,false,null], size:5 reason: sceneSession isSetEnable:false isSetColor:false isLand:false 
CST 2026-07-17 18:48:32.527  1657  1657 I A01a00/SYS_UI: SystemUI_BannerVm --> onSystemBarProperty
CST 2026-07-17 18:48:32.527  1657  1657 I A01a00/SYS_UI: TaskQueue: Add task SCBStatusBarVM_onSystemBarPropertyChange, count: 1
CST 2026-07-17 18:48:32.527  1657  1657 I A01a00/SYS_UI: TaskQueue: execute queueName SCBStatusBarVM, task onSystemBarPropertyChange, runningCount 1, startTime 1784285312527
CST 2026-07-17 18:48:32.527  1657  1657 I A01a00/SYS_UI: SCBStatusBarView: registerSystemBarPropertyCallbacks, enable: true, enableAnimation:false, isExitRecentTask: false
CST 2026-07-17 18:48:32.527  1657  1657 I A01a00/SYS_UI: TimeoutPromise: Create for SCBStatusBarView_isEnablePromise.
CST 2026-07-17 18:48:32.527  1657  1657 I A01a00/SYS_UI: TimeoutPromise: StartTimeout for SCBStatusBarView_isEnablePromise timeout 500
CST 2026-07-17 18:48:32.528   766  1111 I C01311/AppMS: [ARR2195]wnd call, com.ohos.sceneboard_1657, isEmpty_0, c_2 -> p_0
CST 2026-07-17 18:48:32.528   766  1166 W C01336/AMS: [ability_start_with_wait_observer_manager.cpp139]invaid observerId
CST 2026-07-17 18:48:32.528  1657  1657 I A04200/WINDOW: SCBSSM: setIsShowStatusBarTemporary 30 false
CST 2026-07-17 18:48:32.528  1657  1657 I A01a00/SYS_UI: TimeoutPromise: Manually resolve fot SCBStatusBarView_isEnablePromise. reason: SCBStatusBarView_isEnablePromise
CST 2026-07-17 18:48:32.528  1657  1657 W A01a00/SYS_UI: SCBStatusBarView: isEnable changed: true, statusBarOpacity is 1, immersive is false, enable animation: false
CST 2026-07-17 18:48:32.528  1657  1657 W A01a00/SYS_UI: StatusBarVMV2: System bar property change from #FFFFFFFF to #FF000000 #00FFFFFF
CST 2026-07-17 18:48:32.528  1657  1657 I A01a00/SYS_UI: StatusBarVMV2: updateTintContentColor enable true, enableAnimation false contentColor #FF000000
CST 2026-07-17 18:48:32.529  1657  1657 W A01a00/SYS_UI: StatusBarBridgeView: onPluginContentColorChange #FF000000
CST 2026-07-17 18:48:32.529  1657  1797 I C01631/GaussPD:  [0] [ADAPTER] [139902256663296] Not support binlog_default.writeLock file enable del monitor sysno = 25
CST 2026-07-17 18:48:32.529  1657  1797 I C01631/GaussPD:  [0] [ADAPTER] [139902256663296] Not support binlog_default.writeIndex file enable del monitor sysno = 25
CST 2026-07-17 18:48:32.529  1657  1657 I A01b00/SCB: SCBCategoryResourceManager: isForceFullScreenWithDock bundleName: cn.alfadb.netbird.r1probe
CST 2026-07-17 18:48:32.529  1657  1657 I A01b00/SCB:                   isForceFullScreenWithDock: false
CST 2026-07-17 18:48:32.529  1657  1657 I A01a00/SYS_UI: TaskQueue: Run task SCBStatusBarVM_onSystemBarPropertyChange, time: 2, count: 0
CST 2026-07-17 18:48:32.529  1657  1657 W A01a00/SYS_UI: TaskQueue: stop run task, queueName SCBStatusBarVM, isFreeze: false, runningCount: 0, tasks length: 0
CST 2026-07-17 18:48:32.530   766  1196 W C04201/DMS: screen_cutout_controller.cpp GetCutoutArea: display:[ID: 0, W: 1320, H: 2856, R: 0,Mode 0]
CST 2026-07-17 18:48:32.530  1657  1657 I C0393b/AceWindowScene: [(100000:100000:scope)] RemoveChild StartingWindow, 2172
CST 2026-07-17 18:48:32.530  1657  1657 I C0393b/AceWindowScene: [(100000:100000:scope)] Remove starting window finished, id: 30, node id: 2172, name: cn.alfadb.netbird.r1probe
CST 2026-07-17 18:48:32.530  1657  1797 I C01631/GaussPD:  [0] [ADAPTER] [139902256663296] Not support binlog_default.writeIndex file enable del monitor sysno = 25
CST 2026-07-17 18:48:32.535  1657  1657 I A01a00/SYS_UI: StatusBarBridgeView: FrameCallback do
CST 2026-07-17 18:48:32.535  1657  1657 I A01a00/SYS_UI: StatusBarColorPickerVm --> on isImmersive change: false,color: #FF000000--windowSetColor
CST 2026-07-17 18:48:32.535  1657  1657 I A01a00/SYS_UI: StatusBarColorPickerVm --> color enable false
CST 2026-07-17 18:48:32.536  1657  1657 I A01a00/SYS_UI: BatteryComponent-batteryIcon --> onContentColorChange #FF000000 batterySocTextTop 0
CST 2026-07-17 18:48:32.536  1657  1657 I A01a00/SYS_UI: GroupBackgroundEffect --> LightNess: 0 colorStr: #FF000000
CST 2026-07-17 18:48:32.536  1657  1657 I A01a00/SYS_UI: StatusBarHeightVm: clearShowHeight GroupBackgroundEffect_left_group
CST 2026-07-17 18:48:32.536  1657  1657 I A01a00/SYS_UI: StatusBarHeightVm: checkHeightChange: cacheUseHeight 39 maxHeight 39 maxHotArea: 39
CST 2026-07-17 18:48:32.537  1657  1657 I A01a00/SYS_UI: GroupBackgroundEffect --> LightNess: 0 colorStr: #FF000000
CST 2026-07-17 18:48:32.537  1657  1657 I A01a00/SYS_UI: StatusBarHeightVm: clearShowHeight GroupBackgroundEffect_right_group
CST 2026-07-17 18:48:32.537  1657  1657 I A01a00/SYS_UI: StatusBarHeightVm: checkHeightChange: cacheUseHeight 39 maxHeight 39 maxHotArea: 39
CST 2026-07-17 18:48:32.537  1657  1657 I A01a00/SYS_UI: LiveCapsuleListVm: shadow capsule color = #4D000000
CST 2026-07-17 18:48:32.537   634  2365 I C02515/DISP: [InitBufferHandle:229] express init gbuffer id 93d00000047 ret 0 err 0 fd 6 222 222 pixel 4 size 197136 usage 2b
CST 2026-07-17 18:48:32.537   634  2365 I C02515/DISP: [ExpressAllocMem:271] ExpressAllocMem requeset BufferHandle 6, width 222, heigt 222, format 20
CST 2026-07-17 18:48:32.540   337   412 E C01704/TagSched: [a92ab6088046b51] [OpenQosCtrl]Failed to open qos_ctrl device
CST 2026-07-17 18:48:32.540   337   412 E C01704/TagSched: [a92ab6088046b51] [IsQosHandleOpen]get qosSetHandle_ fail
CST 2026-07-17 18:48:32.540   337   412 E C01704/TagSched: [a92ab6088046b51] [SetUclamp]qosSetHandle open fail
CST 2026-07-17 18:48:32.543   634  2365 I C02515/DISP: [ExpressFreeMem:317] freeMem bufferhandle gbuffer_id 93d00000047, width 222, heigt 222
CST 2026-07-17 18:48:32.546   765  1081 E C01700/RSS: ResSchedClient::ReportData type not subscribed.
CST 2026-07-17 18:48:32.546   635   695 W C02515/DISP: [SetLayerMaskInfo:495] <private> is not supported
CST 2026-07-17 18:48:32.546   635  2281 I C02515/DISP: [CommitComposeLayer:67] CommitComposeLayer! 10
CST 2026-07-17 18:48:32.549  1657  1737 I C02515/DISP: [ExpressFreeMem:317] freeMem bufferhandle gbuffer_id 93d00000046, width 288, heigt 288
CST 2026-07-17 18:48:32.567   765   765 E C01406/RSScreenManager: IsAllScreensPowerOff: screenPowerStatus_ is empty.
CST 2026-07-17 18:48:32.568  1657  1737 I C02515/DISP: [ExpressFreeMem:317] freeMem bufferhandle gbuffer_id 93d00000047, width 222, heigt 222
CST 2026-07-17 18:48:32.582   635  2281 W C02515/DISP: [SetLayerMaskInfo:495] <private> is not supported
CST 2026-07-17 18:48:32.583   635  2281 I C02515/DISP: [CommitComposeLayer:67] CommitComposeLayer! 10
CST 2026-07-17 18:48:32.583   765   765 E C01406/RSScreenManager: IsAllScreensPowerOff: screenPowerStatus_ is empty.
CST 2026-07-17 18:48:32.592  2992  2992 I A02900/R1Api24Probe: E1_TSFN_WARMUP|verdict=PASS|callbacks=100|producerTid=3203|consumerTid=2992|beforeFd=37|afterFd=38|beforeThreads=27|afterThreads=29
CST 2026-07-17 18:48:32.592  2992  2992 I A02900/R1Api24Probe: E1_INITIAL_RESOURCE|pid=2992|mainTid=2992|fd=38|threads=29|mechanism=napi_threadsafe_function|baseline=post-warmup
CST 2026-07-17 18:48:32.592  2992  2992 I A02900/R1Api24Probe: E1_BUFFER_SAMPLE|round=1|sample=1|length=0|leftSentinel=41|rightSentinel=214|hash=2166136261|guards=true|nativeTid=2992
CST 2026-07-17 18:48:32.592  2992  2992 I A02900/R1Api24Probe: E1_BUFFER_SAMPLE|round=1|sample=2|length=1|leftSentinel=42|rightSentinel=213|hash=789356349|guards=true|nativeTid=2992
CST 2026-07-17 18:48:32.592  2992  2992 I A02900/R1Api24Probe: E1_BUFFER_SAMPLE|round=1|sample=3|length=2|leftSentinel=43|rightSentinel=212|hash=2447758296|guards=true|nativeTid=2992
CST 2026-07-17 18:48:32.592  2992  2992 I A02900/R1Api24Probe: E1_BUFFER_SAMPLE|round=1|sample=4|length=3|leftSentinel=44|rightSentinel=211|hash=638900014|guards=true|nativeTid=2992
CST 2026-07-17 18:48:32.593  2992  2992 I A02900/R1Api24Probe: E1_BUFFER_SAMPLE|round=1|sample=5|length=4|leftSentinel=45|rightSentinel=210|hash=1149293757|guards=true|nativeTid=2992
CST 2026-07-17 18:48:32.593  2992  2992 I A02900/R1Api24Probe: E1_BUFFER_SAMPLE|round=1|sample=6|length=5|leftSentinel=46|rightSentinel=209|hash=1871015433|guards=true|nativeTid=2992
CST 2026-07-17 18:48:32.593  2992  2992 I A02900/R1Api24Probe: E1_BUFFER_SAMPLE|round=1|sample=7|length=6|leftSentinel=47|rightSentinel=208|hash=2824416860|guards=true|nativeTid=2992
CST 2026-07-17 18:48:32.593  2992  2992 I A02900/R1Api24Probe: E1_BUFFER_SAMPLE|round=1|sample=8|length=7|leftSentinel=48|rightSentinel=207|hash=3791206910|guards=true|nativeTid=2992
CST 2026-07-17 18:48:32.593  2992  2992 I A02900/R1Api24Probe: E1_BUFFER_SAMPLE|round=1|sample=9|length=8|leftSentinel=49|rightSentinel=206|hash=1678132149|guards=true|nativeTid=2992
CST 2026-07-17 18:48:32.593  2992  2992 I A02900/R1Api24Probe: E1_BUFFER_SAMPLE|round=1|sample=10|length=9|leftSentinel=50|rightSentinel=205|hash=384415237|guards=true|nativeTid=2992
CST 2026-07-17 18:48:32.593  2992  2992 I A02900/R1Api24Probe: E1_BUFFER_SAMPLE|round=1|sample=11|length=10|leftSentinel=51|rightSentinel=204|hash=3894617496|guards=true|nativeTid=2992
CST 2026-07-17 18:48:32.593  2992  2992 I A02900/R1Api24Probe: E1_BUFFER_SAMPLE|round=1|sample=12|length=11|leftSentinel=52|rightSentinel=203|hash=1652375358|guards=true|nativeTid=2992
CST 2026-07-17 18:48:32.593  2992  2992 I A02900/R1Api24Probe: E1_BUFFER_SAMPLE|round=1|sample=13|length=12|leftSentinel=53|rightSentinel=202|hash=2977148941|guards=true|nativeTid=2992
CST 2026-07-17 18:48:32.593  2992  2992 I A02900/R1Api24Probe: E1_BUFFER_SAMPLE|round=1|sample=14|length=13|leftSentinel=54|rightSentinel=201|hash=938916129|guards=true|nativeTid=2992
CST 2026-07-17 18:48:32.593  2992  2992 I A02900/R1Api24Probe: E1_BUFFER_SAMPLE|round=1|sample=15|length=14|leftSentinel=55|rightSentinel=200|hash=2140236044|guards=true|nativeTid=2992
CST 2026-07-17 18:48:32.594  2992  2992 I A02900/R1Api24Probe: E1_BUFFER_SAMPLE|round=1|sample=16|length=15|leftSentinel=56|rightSentinel=199|hash=4161338126|guards=true|nativeTid=2992
CST 2026-07-17 18:48:32.594  2992  2992 I A02900/R1Api24Probe: E1_BUFFER_SAMPLE|round=1|sample=17|length=16|leftSentinel=57|rightSentinel=198|hash=2570811941|guards=true|nativeTid=2992
CST 2026-07-17 18:48:32.594  2992  2992 I A02900/R1Api24Probe: E1_BUFFER_SAMPLE|round=1|sample=18|length=17|leftSentinel=58|rightSentinel=197|hash=1281986125|guards=true|nativeTid=2992
CST 2026-07-17 18:48:32.594  2992  2992 I A02900/R1Api24Probe: E1_BUFFER_SAMPLE|round=1|sample=19|length=18|leftSentinel=59|rightSentinel=196|hash=3503394136|guards=true|nativeTid=2992
CST 2026-07-17 18:48:32.594  2992  2992 I A02900/R1Api24Probe: E1_BUFFER_SAMPLE|round=1|sample=20|length=19|leftSentinel=60|rightSentinel=195|hash=827513358|guards=true|nativeTid=2992
CST 2026-07-17 18:48:32.594  2992  2992 I A02900/R1Api24Probe: E1_BUFFER_SAMPLE|round=1|sample=21|length=20|leftSentinel=61|rightSentinel=194|hash=3222019197|guards=true|nativeTid=2992
CST 2026-07-17 18:48:32.594  2992  2992 I A02900/R1Api24Probe: E1_BUFFER_SAMPLE|round=1|sample=22|length=21|leftSentinel=62|rightSentinel=193|hash=3932132345|guards=true|nativeTid=2992
CST 2026-07-17 18:48:32.594  2992  2992 I A02900/R1Api24Probe: E1_BUFFER_SAMPLE|round=1|sample=23|length=22|leftSentinel=63|rightSentinel=192|hash=3460681596|guards=true|nativeTid=2992
CST 2026-07-17 18:48:32.594  2992  2992 I A02900/R1Api24Probe: E1_BUFFER_SAMPLE|round=1|sample=24|length=23|leftSentinel=64|rightSentinel=191|hash=2900183486|guards=true|nativeTid=2992
CST 2026-07-17 18:48:32.594  2992  2992 I A02900/R1Api24Probe: E1_BUFFER_SAMPLE|round=1|sample=25|length=24|leftSentinel=65|rightSentinel=190|hash=3256198741|guards=true|nativeTid=2992
CST 2026-07-17 18:48:32.594  2992  2992 I A02900/R1Api24Probe: E1_BUFFER_SAMPLE|round=1|sample=26|length=25|leftSentinel=66|rightSentinel=189|hash=1527382997|guards=true|nativeTid=2992
CST 2026-07-17 18:48:32.595  2992  2992 I A02900/R1Api24Probe: E1_BUFFER_SAMPLE|round=1|sample=27|length=26|leftSentinel=67|rightSentinel=188|hash=2580325080|guards=true|nativeTid=2992
CST 2026-07-17 18:48:32.595  1657  1737 I C03900/HDS: [hds_drawable_descriptor.cpp-ProcessIcon:101]set pixelmap editable : 0 .
CST 2026-07-17 18:48:32.595  2992  2992 I A02900/R1Api24Probe: E1_BUFFER_SAMPLE|round=1|sample=28|length=27|leftSentinel=68|rightSentinel=187|hash=1006177566|guards=true|nativeTid=2992
CST 2026-07-17 18:48:32.595  2992  2992 I A02900/R1Api24Probe: E1_BUFFER_SAMPLE|round=1|sample=29|length=28|leftSentinel=69|rightSentinel=186|hash=2022833997|guards=true|nativeTid=2992
CST 2026-07-17 18:48:32.595  1657  1737 E C02b61/PixelMap: set ashmem name failed
CST 2026-07-17 18:48:32.595  2992  2992 I A02900/R1Api24Probe: E1_BUFFER_SAMPLE|round=1|sample=30|length=29|leftSentinel=70|rightSentinel=185|hash=2809291185|guards=true|nativeTid=2992
CST 2026-07-17 18:48:32.595  2992  2992 I A02900/R1Api24Probe: E1_BUFFER_SAMPLE|round=1|sample=31|length=30|leftSentinel=71|rightSentinel=184|hash=2829547916|guards=true|nativeTid=2992
CST 2026-07-17 18:48:32.595  1657  1737 W A01b00/SCB: GraphicUtils --> combinePic from HdsIcon, bundleName: com.huawei.hms.mapservice, iconSizeOfGrid: 64, hasBorder: true
CST 2026-07-17 18:48:32.595  1657  1737 I A01b00/SCB: IconResourceFwk --> getBundleIcon end param: com.huawei.hms.mapservice, 64, true true
CST 2026-07-17 18:48:32.595  2992  2992 I A02900/R1Api24Probe: E1_BUFFER_SAMPLE|round=1|sample=32|length=31|leftSentinel=72|rightSentinel=183|hash=2375212174|guards=true|nativeTid=2992
CST 2026-07-17 18:48:32.595  2992  2992 I A02900/R1Api24Probe: E1_BUFFER_SAMPLE|round=1|sample=33|length=32|leftSentinel=73|rightSentinel=182|hash=3098176389|guards=true|nativeTid=2992
CST 2026-07-17 18:48:32.595  2992  2992 I A02900/R1Api24Probe: E1_BUFFER_SAMPLE|round=1|sample=34|length=33|leftSentinel=74|rightSentinel=181|hash=3408153181|guards=true|nativeTid=2992
CST 2026-07-17 18:48:32.595  2992  2992 I A02900/R1Api24Probe: E1_BUFFER_SAMPLE|round=1|sample=35|length=34|leftSentinel=75|rightSentinel=180|hash=2859039704|guards=true|nativeTid=2992
CST 2026-07-17 18:48:32.595  2992  2992 I A02900/R1Api24Probe: E1_BUFFER_SAMPLE|round=1|sample=36|length=35|leftSentinel=76|rightSentinel=179|hash=1545920622|guards=true|nativeTid=2992
CST 2026-07-17 18:48:32.596  2992  2992 I A02900/R1Api24Probe: E1_BUFFER_SAMPLE|round=1|sample=37|length=36|leftSentinel=77|rightSentinel=178|hash=872636605|guards=true|nativeTid=2992
CST 2026-07-17 18:48:32.596  2992  2992 I A02900/R1Api24Probe: E1_BUFFER_SAMPLE|round=1|sample=38|length=37|leftSentinel=78|rightSentinel=177|hash=979923177|guards=true|nativeTid=2992
CST 2026-07-17 18:48:32.596  2992  2992 I A02900/R1Api24Probe: E1_BUFFER_SAMPLE|round=1|sample=39|length=38|leftSentinel=79|rightSentinel=176|hash=3071619420|guards=true|nativeTid=2992
CST 2026-07-17 18:48:32.596  2992  2992 I A02900/R1Api24Probe: E1_BUFFER_SAMPLE|round=1|sample=40|length=39|leftSentinel=80|rightSentinel=175|hash=3964753854|guards=true|nativeTid=2992
CST 2026-07-17 18:48:32.596  2992  2992 I A02900/R1Api24Probe: E1_BUFFER_SAMPLE|round=1|sample=41|length=40|leftSentinel=81|rightSentinel=174|hash=1227541493|guards=true|nativeTid=2992
CST 2026-07-17 18:48:32.596  2992  2992 I A02900/R1Api24Probe: E1_BUFFER_SAMPLE|round=1|sample=42|length=41|leftSentinel=82|rightSentinel=173|hash=3954418213|guards=true|nativeTid=2992
CST 2026-07-17 18:48:32.596  2992  2992 I A02900/R1Api24Probe: E1_BUFFER_SAMPLE|round=1|sample=43|length=42|leftSentinel=83|rightSentinel=172|hash=2673847128|guards=true|nativeTid=2992
CST 2026-07-17 18:48:32.596  2992  2992 I A02900/R1Api24Probe: E1_BUFFER_SAMPLE|round=1|sample=44|length=43|leftSentinel=84|rightSentinel=171|hash=3726126462|guards=true|nativeTid=2992
CST 2026-07-17 18:48:32.596  2992  2992 I A02900/R1Api24Probe: E1_BUFFER_SAMPLE|round=1|sample=45|length=44|leftSentinel=85|rightSentinel=170|hash=2930649485|guards=true|nativeTid=2992
CST 2026-07-17 18:48:32.596  2992  2992 I A02900/R1Api24Probe: E1_BUFFER_SAMPLE|round=1|sample=46|length=45|leftSentinel=86|rightSentinel=169|hash=1238554177|guards=true|nativeTid=2992
CST 2026-07-17 18:48:32.597  2992  2992 I A02900/R1Api24Probe: E1_BUFFER_SAMPLE|round=1|sample=47|length=46|leftSentinel=87|rightSentinel=168|hash=3561559500|guards=true|nativeTid=2992
CST 2026-07-17 18:48:32.597  2992  2992 I A02900/R1Api24Probe: E1_BUFFER_SAMPLE|round=1|sample=48|length=47|leftSentinel=88|rightSentinel=167|hash=1230829646|guards=true|nativeTid=2992
CST 2026-07-17 18:48:32.597  2992  2992 I A02900/R1Api24Probe: E1_BUFFER_SAMPLE|round=1|sample=49|length=48|leftSentinel=89|rightSentinel=166|hash=467099301|guards=true|nativeTid=2992
CST 2026-07-17 18:48:32.597  2992  2992 I A02900/R1Api24Probe: E1_BUFFER_SAMPLE|round=1|sample=50|length=49|leftSentinel=90|rightSentinel=165|hash=85719981|guards=true|nativeTid=2992
CST 2026-07-17 18:48:32.597  2992  2992 I A02900/R1Api24Probe: E1_BUFFER_SAMPLE|round=1|sample=51|length=50|leftSentinel=91|rightSentinel=164|hash=1988797336|guards=true|nativeTid=2992
CST 2026-07-17 18:48:32.597  2992  2992 I A02900/R1Api24Probe: E1_BUFFER_SAMPLE|round=1|sample=52|length=51|leftSentinel=92|rightSentinel=163|hash=4286704462|guards=true|nativeTid=2992
CST 2026-07-17 18:48:32.597  2992  2992 I A02900/R1Api24Probe: E1_BUFFER_SAMPLE|round=1|sample=53|length=52|leftSentinel=93|rightSentinel=162|hash=2996210173|guards=true|nativeTid=2992
CST 2026-07-17 18:48:32.597  2992  2992 I A02900/R1Api24Probe: E1_BUFFER_SAMPLE|round=1|sample=54|length=53|leftSentinel=94|rightSentinel=161|hash=3293542297|guards=true|nativeTid=2992
CST 2026-07-17 18:48:32.597  2992  2992 I A02900/R1Api24Probe: E1_BUFFER_SAMPLE|round=1|sample=55|length=54|leftSentinel=95|rightSentinel=160|hash=3602158780|guards=true|nativeTid=2992
CST 2026-07-17 18:48:32.597  2992  2992 I A02900/R1Api24Probe: E1_BUFFER_SAMPLE|round=1|sample=56|length=55|leftSentinel=96|rightSentinel=159|hash=2466805758|guards=true|nativeTid=2992
CST 2026-07-17 18:48:32.597  2992  2992 I A02900/R1Api24Probe: E1_BUFFER_SAMPLE|round=1|sample=57|length=56|leftSentinel=97|rightSentinel=158|hash=1814283861|guards=true|nativeTid=2992
CST 2026-07-17 18:48:32.597  2992  2992 I A02900/R1Api24Probe: E1_BUFFER_SAMPLE|round=1|sample=58|length=57|leftSentinel=98|rightSentinel=157|hash=3422088629|guards=true|nativeTid=2992
CST 2026-07-17 18:48:32.598  2992  2992 I A02900/R1Api24Probe: E1_BUFFER_SAMPLE|round=1|sample=59|length=58|leftSentinel=99|rightSentinel=156|hash=1774455896|guards=true|nativeTid=2992
CST 2026-07-17 18:48:32.598  2992  2992 I A02900/R1Api24Probe: E1_BUFFER_SAMPLE|round=1|sample=60|length=59|leftSentinel=100|rightSentinel=155|hash=2068178910|guards=true|nativeTid=2992
CST 2026-07-17 18:48:32.598  2992  2992 I A02900/R1Api24Probe: E1_BUFFER_SAMPLE|round=1|sample=61|length=60|leftSentinel=101|rightSentinel=154|hash=2428630733|guards=true|nativeTid=2992
CST 2026-07-17 18:48:32.598  2992  2992 I A02900/R1Api24Probe: E1_BUFFER_SAMPLE|round=1|sample=62|length=61|leftSentinel=102|rightSentinel=153|hash=1112120017|guards=true|nativeTid=2992
CST 2026-07-17 18:48:32.598  2992  2992 I A02900/R1Api24Probe: E1_BUFFER_SAMPLE|round=1|sample=63|length=62|leftSentinel=103|rightSentinel=152|hash=1070775244|guards=true|nativeTid=2992
CST 2026-07-17 18:48:32.598  2992  2992 I A02900/R1Api24Probe: E1_BUFFER_SAMPLE|round=1|sample=64|length=63|leftSentinel=104|rightSentinel=151|hash=3128877646|guards=true|nativeTid=2992
CST 2026-07-17 18:48:32.598  2992  2992 I A02900/R1Api24Probe: E1_BUFFER_SAMPLE|round=1|sample=65|length=64|leftSentinel=105|rightSentinel=150|hash=2837281605|guards=true|nativeTid=2992
CST 2026-07-17 18:48:32.598  2992  2992 I A02900/R1Api24Probe: E1_BUFFER_SAMPLE|round=1|sample=66|length=65|leftSentinel=106|rightSentinel=149|hash=2832483965|guards=true|nativeTid=2992
CST 2026-07-17 18:48:32.598  2992  2992 I A02900/R1Api24Probe: E1_BUFFER_SAMPLE|round=1|sample=67|length=66|leftSentinel=107|rightSentinel=148|hash=4106759768|guards=true|nativeTid=2992
CST 2026-07-17 18:48:32.598  2992  2992 I A02900/R1Api24Probe: E1_BUFFER_SAMPLE|round=1|sample=68|length=67|leftSentinel=108|rightSentinel=147|hash=607940910|guards=true|nativeTid=2992
CST 2026-07-17 18:48:32.598  2992  2992 I A02900/R1Api24Probe: E1_BUFFER_SAMPLE|round=1|sample=69|length=68|leftSentinel=109|rightSentinel=146|hash=4090614461|guards=true|nativeTid=2992
CST 2026-07-17 18:48:32.598  2992  2992 I A02900/R1Api24Probe: E1_BUFFER_SAMPLE|round=1|sample=70|length=69|leftSentinel=110|rightSentinel=145|hash=3187191369|guards=true|nativeTid=2992
CST 2026-07-17 18:48:32.598  2992  2992 I A02900/R1Api24Probe: E1_BUFFER_SAMPLE|round=1|sample=71|length=70|leftSentinel=111|rightSentinel=144|hash=4184378844|guards=true|nativeTid=2992
CST 2026-07-17 18:48:32.598  2992  2992 I A02900/R1Api24Probe: E1_BUFFER_SAMPLE|round=1|sample=72|length=71|leftSentinel=112|rightSentinel=143|hash=3480364798|guards=true|nativeTid=2992
CST 2026-07-17 18:48:32.599  2992  2992 I A02900/R1Api24Probe: E1_BUFFER_SAMPLE|round=1|sample=73|length=72|leftSentinel=113|rightSentinel=142|hash=1603915957|guards=true|nativeTid=2992
CST 2026-07-17 18:48:32.599  2992  2992 I A02900/R1Api24Probe: E1_BUFFER_SAMPLE|round=1|sample=74|length=73|leftSentinel=114|rightSentinel=141|hash=2438831429|guards=true|nativeTid=2992
CST 2026-07-17 18:48:32.599  2992  2992 I A02900/R1Api24Probe: E1_BUFFER_SAMPLE|round=1|sample=75|length=74|leftSentinel=115|rightSentinel=140|hash=2528501784|guards=true|nativeTid=2992
CST 2026-07-17 18:48:32.599  2992  2992 I A02900/R1Api24Probe: E1_BUFFER_SAMPLE|round=1|sample=76|length=75|leftSentinel=116|rightSentinel=139|hash=1657900478|guards=true|nativeTid=2992
CST 2026-07-17 18:48:32.599  2992  2992 I A02900/R1Api24Probe: E1_BUFFER_SAMPLE|round=1|sample=77|length=76|leftSentinel=117|rightSentinel=138|hash=3226517901|guards=true|nativeTid=2992
CST 2026-07-17 18:48:32.599  2992  2992 I A02900/R1Api24Probe: E1_BUFFER_SAMPLE|round=1|sample=78|length=77|leftSentinel=118|rightSentinel=137|hash=502507873|guards=true|nativeTid=2992
CST 2026-07-17 18:48:32.599  2992  2992 I A02900/R1Api24Probe: E1_BUFFER_SAMPLE|round=1|sample=79|length=78|leftSentinel=119|rightSentinel=136|hash=622508556|guards=true|nativeTid=2992
CST 2026-07-17 18:48:32.599  2992  2992 I A02900/R1Api24Probe: E1_BUFFER_SAMPLE|round=1|sample=80|length=79|leftSentinel=120|rightSentinel=135|hash=4070986638|guards=true|nativeTid=2992
CST 2026-07-17 18:48:32.599  2992  2992 I A02900/R1Api24Probe: E1_BUFFER_SAMPLE|round=1|sample=81|length=80|leftSentinel=121|rightSentinel=134|hash=2483118117|guards=true|nativeTid=2992
CST 2026-07-17 18:48:32.599  2992  2992 I A02900/R1Api24Probe: E1_BUFFER_SAMPLE|round=1|sample=82|length=81|leftSentinel=122|rightSentinel=133|hash=4280716685|guards=true|nativeTid=2992
CST 2026-07-17 18:48:32.599  2992  2992 I A02900/R1Api24Probe: E1_BUFFER_SAMPLE|round=1|sample=83|length=82|leftSentinel=123|rightSentinel=132|hash=4199260760|guards=true|nativeTid=2992
CST 2026-07-17 18:48:32.599  2992  2992 I A02900/R1Api24Probe: E1_BUFFER_SAMPLE|round=1|sample=84|length=83|leftSentinel=124|rightSentinel=131|hash=704299150|guards=true|nativeTid=2992
CST 2026-07-17 18:48:32.599  2992  2992 I A02900/R1Api24Probe: E1_BUFFER_SAMPLE|round=1|sample=85|length=84|leftSentinel=125|rightSentinel=130|hash=2681694717|guards=true|nativeTid=2992
CST 2026-07-17 18:48:32.600  2992  2992 I A02900/R1Api24Probe: E1_BUFFER_SAMPLE|round=1|sample=86|length=85|leftSentinel=126|rightSentinel=129|hash=3213455417|guards=true|nativeTid=2992
CST 2026-07-17 18:48:32.600  2992  2992 I A02900/R1Api24Probe: E1_BUFFER_SAMPLE|round=1|sample=87|length=86|leftSentinel=127|rightSentinel=128|hash=1396798332|guards=true|nativeTid=2992
CST 2026-07-17 18:48:32.600  2992  2992 I A02900/R1Api24Probe: E1_BUFFER_SAMPLE|round=1|sample=88|length=87|leftSentinel=128|rightSentinel=127|hash=3086689598|guards=true|nativeTid=2992
CST 2026-07-17 18:48:32.600  2992  2992 I A02900/R1Api24Probe: E1_BUFFER_SAMPLE|round=1|sample=89|length=88|leftSentinel=129|rightSentinel=126|hash=1139210069|guards=true|nativeTid=2992
CST 2026-07-17 18:48:32.600  2992  2992 I A02900/R1Api24Probe: E1_BUFFER_SAMPLE|round=1|sample=90|length=89|leftSentinel=130|rightSentinel=125|hash=2350605333|guards=true|nativeTid=2992
CST 2026-07-17 18:48:32.600  2992  2992 I A02900/R1Api24Probe: E1_BUFFER_SAMPLE|round=1|sample=91|length=90|leftSentinel=131|rightSentinel=124|hash=3121639384|guards=true|nativeTid=2992
CST 2026-07-17 18:48:32.600  2992  2992 I A02900/R1Api24Probe: E1_BUFFER_SAMPLE|round=1|sample=92|length=91|leftSentinel=132|rightSentinel=123|hash=584184734|guards=true|nativeTid=2992
CST 2026-07-17 18:48:32.600  2992  2992 I A02900/R1Api24Probe: E1_BUFFER_SAMPLE|round=1|sample=93|length=92|leftSentinel=133|rightSentinel=122|hash=4012258509|guards=true|nativeTid=2992
CST 2026-07-17 18:48:32.600  2992  2992 I A02900/R1Api24Probe: E1_BUFFER_SAMPLE|round=1|sample=94|length=93|leftSentinel=134|rightSentinel=121|hash=1933062769|guards=true|nativeTid=2992
CST 2026-07-17 18:48:32.600  2992  2992 I A02900/R1Api24Probe: E1_BUFFER_SAMPLE|round=1|sample=95|length=94|leftSentinel=135|rightSentinel=120|hash=259510028|guards=true|nativeTid=2992
CST 2026-07-17 18:48:32.600  2992  2992 I A02900/R1Api24Probe: E1_BUFFER_SAMPLE|round=1|sample=96|length=95|leftSentinel=136|rightSentinel=119|hash=2278123790|guards=true|nativeTid=2992
CST 2026-07-17 18:48:32.600  2992  2992 I A02900/R1Api24Probe: E1_BUFFER_SAMPLE|round=1|sample=97|length=96|leftSentinel=137|rightSentinel=118|hash=2481992709|guards=true|nativeTid=2992
CST 2026-07-17 18:48:32.600  2992  2992 I A02900/R1Api24Probe: E1_BUFFER_SAMPLE|round=1|sample=98|length=97|leftSentinel=138|rightSentinel=117|hash=1898329245|guards=true|nativeTid=2992
CST 2026-07-17 18:48:32.600  2992  2992 I A02900/R1Api24Probe: E1_BUFFER_SAMPLE|round=1|sample=99|length=98|leftSentinel=139|rightSentinel=116|hash=3491461592|guards=true|nativeTid=2992
CST 2026-07-17 18:48:32.601  2992  2992 I A02900/R1Api24Probe: E1_BUFFER_SAMPLE|round=1|sample=100|length=99|leftSentinel=140|rightSentinel=115|hash=3317817582|guards=true|nativeTid=2992
CST 2026-07-17 18:48:32.601  2992  2992 I A02900/R1Api24Probe: E1_FD_CREATED|fdA=37|fdB=38|creatorTid=2992|owner=ArkTS
CST 2026-07-17 18:48:32.601  2992  2992 I A02900/R1Api24Probe: E1_FD_RESULT|round=1|fdA=37|fdB=38|duplicateFd=39|written=23|read=23|payload=fd-round-01-sentinel-25|payloadHash=1745844509|closeA=0|closeDuplicate=0|closeB=0|duplicateCloseA=-1|errnoA=9|duplicateCloseB=-1|errnoB=9|owner=closed-by-native|nativeTid=2992
CST 2026-07-17 18:48:32.601  2992  3206 I A02900/R1Api24Probe: E1_PTHREAD_START|round=1|producerTid=3206
CST 2026-07-17 18:48:32.601  1657  1799 I C02b61/ImageCode: DoEncode:(224, 224) cost 5447 us
CST 2026-07-17 18:48:32.601  2992  3206 I A02900/R1Api24Probe: E1_PTHREAD_FINISH|round=1|producerTid=3206|queued=100|status=0
CST 2026-07-17 18:48:32.601  2992  2992 I A02900/R1Api24Probe: E1_CALLBACK_SAMPLE|round=1|sequence=1|producerTid=3206|consumerTid=2992|payload=r01-s001-x30|hash=3809237319|valid=true
CST 2026-07-17 18:48:32.601  2992  2992 I A02900/R1Api24Probe: E1_CALLBACK_SAMPLE|round=1|sequence=2|producerTid=3206|consumerTid=2992|payload=r01-s002-x4f|hash=3078139351|valid=true
CST 2026-07-17 18:48:32.601  2992  2992 I A02900/R1Api24Probe: E1_CALLBACK_SAMPLE|round=1|sequence=3|producerTid=3206|consumerTid=2992|payload=r01-s003-x6e|hash=850314447|valid=true
CST 2026-07-17 18:48:32.601  2992  2992 I A02900/R1Api24Probe: E1_CALLBACK_SAMPLE|round=1|sequence=4|producerTid=3206|consumerTid=2992|payload=r01-s004-x8d|hash=2278282083|valid=true
CST 2026-07-17 18:48:32.601  2992  2992 I A02900/R1Api24Probe: E1_CALLBACK_SAMPLE|round=1|sequence=5|producerTid=3206|consumerTid=2992|payload=r01-s005-xac|hash=1949351376|valid=true
CST 2026-07-17 18:48:32.601  2992  2992 I A02900/R1Api24Probe: E1_CALLBACK_SAMPLE|round=1|sequence=6|producerTid=3206|consumerTid=2992|payload=r01-s006-xcb|hash=546538972|valid=true
CST 2026-07-17 18:48:32.601  2992  2992 I A02900/R1Api24Probe: E1_CALLBACK_SAMPLE|round=1|sequence=7|producerTid=3206|consumerTid=2992|payload=r01-s007-xea|hash=1821597364|valid=true
CST 2026-07-17 18:48:32.601  2992  2992 I A02900/R1Api24Probe: E1_CALLBACK_SAMPLE|round=1|sequence=8|producerTid=3206|consumerTid=2992|payload=r01-s008-x09|hash=308567152|valid=true
CST 2026-07-17 18:48:32.601  2992  2992 I A02900/R1Api24Probe: E1_CALLBACK_SAMPLE|round=1|sequence=9|producerTid=3206|consumerTid=2992|payload=r01-s009-x28|hash=3562785486|valid=true
CST 2026-07-17 18:48:32.602  2992  2992 I A02900/R1Api24Probe: E1_CALLBACK_SAMPLE|round=1|sequence=10|producerTid=3206|consumerTid=2992|payload=r01-s010-x47|hash=710722471|valid=true
CST 2026-07-17 18:48:32.602  2992  2992 I A02900/R1Api24Probe: E1_CALLBACK_SAMPLE|round=1|sequence=11|producerTid=3206|consumerTid=2992|payload=r01-s011-x66|hash=3753091897|valid=true
CST 2026-07-17 18:48:32.602  2992  2992 I A02900/R1Api24Probe: E1_CALLBACK_SAMPLE|round=1|sequence=12|producerTid=3206|consumerTid=2992|payload=r01-s012-x85|hash=3349438519|valid=true
CST 2026-07-17 18:48:32.602  2992  2992 I A02900/R1Api24Probe: E1_CALLBACK_SAMPLE|round=1|sequence=13|producerTid=3206|consumerTid=2992|payload=r01-s013-xa4|hash=1091497482|valid=true
CST 2026-07-17 18:48:32.602  2992  2992 I A02900/R1Api24Probe: E1_CALLBACK_SAMPLE|round=1|sequence=14|producerTid=3206|consumerTid=2992|payload=r01-s014-xc3|hash=143088148|valid=true
CST 2026-07-17 18:48:32.602  2992  2992 I A02900/R1Api24Probe: E1_CALLBACK_SAMPLE|round=1|sequence=15|producerTid=3206|consumerTid=2992|payload=r01-s015-xe2|hash=2458512574|valid=true
CST 2026-07-17 18:48:32.602  2992  2992 I A02900/R1Api24Probe: E1_CALLBACK_SAMPLE|round=1|sequence=16|producerTid=3206|consumerTid=2992|payload=r01-s016-x01|hash=3404442543|valid=true
CST 2026-07-17 18:48:32.602  2992  2992 I A02900/R1Api24Probe: E1_CALLBACK_SAMPLE|round=1|sequence=17|producerTid=3206|consumerTid=2992|payload=r01-s017-x20|hash=2563246689|valid=true
CST 2026-07-17 18:48:32.602  2992  2992 I A02900/R1Api24Probe: E1_CALLBACK_SAMPLE|round=1|sequence=18|producerTid=3206|consumerTid=2992|payload=r01-s018-x3f|hash=45248047|valid=true
CST 2026-07-17 18:48:32.602  2992  2992 I A02900/R1Api24Probe: E1_CALLBACK_SAMPLE|round=1|sequence=19|producerTid=3206|consumerTid=2992|payload=r01-s019-x5e|hash=3128747475|valid=true
CST 2026-07-17 18:48:32.602  2992  2992 I A02900/R1Api24Probe: E1_CALLBACK_SAMPLE|round=1|sequence=20|producerTid=3206|consumerTid=2992|payload=r01-s020-x7d|hash=4136879786|valid=true
CST 2026-07-17 18:48:32.602  2992  2992 I A02900/R1Api24Probe: E1_CALLBACK_SAMPLE|round=1|sequence=21|producerTid=3206|consumerTid=2992|payload=r01-s021-x9c|hash=651997430|valid=true
CST 2026-07-17 18:48:32.602  2992  2992 I A02900/R1Api24Probe: E1_CALLBACK_SAMPLE|round=1|sequence=22|producerTid=3206|consumerTid=2992|payload=r01-s022-xbb|hash=3042146327|valid=true
CST 2026-07-17 18:48:32.602  2992  2992 I A02900/R1Api24Probe: E1_CALLBACK_SAMPLE|round=1|sequence=23|producerTid=3206|consumerTid=2992|payload=r01-s023-xda|hash=2849188543|valid=true
CST 2026-07-17 18:48:32.602  2992  2992 I A02900/R1Api24Probe: E1_CALLBACK_SAMPLE|round=1|sequence=24|producerTid=3206|consumerTid=2992|payload=r01-s024-xf9|hash=3338932192|valid=true
CST 2026-07-17 18:48:32.602  2992  2992 I A02900/R1Api24Probe: E1_CALLBACK_SAMPLE|round=1|sequence=25|producerTid=3206|consumerTid=2992|payload=r01-s025-x18|hash=638503311|valid=true
CST 2026-07-17 18:48:32.602  2992  2992 I A02900/R1Api24Probe: E1_CALLBACK_SAMPLE|round=1|sequence=26|producerTid=3206|consumerTid=2992|payload=r01-s026-x37|hash=2991932085|valid=true
CST 2026-07-17 18:48:32.602  2992  2992 I A02900/R1Api24Probe: E1_CALLBACK_SAMPLE|round=1|sequence=27|producerTid=3206|consumerTid=2992|payload=r01-s027-x56|hash=120175423|valid=true
CST 2026-07-17 18:48:32.602  2992  2992 I A02900/R1Api24Probe: E1_CALLBACK_SAMPLE|round=1|sequence=28|producerTid=3206|consumerTid=2992|payload=r01-s028-x75|hash=2311250549|valid=true
CST 2026-07-17 18:48:32.602  2992  2992 I A02900/R1Api24Probe: E1_CALLBACK_SAMPLE|round=1|sequence=29|producerTid=3206|consumerTid=2992|payload=r01-s029-x94|hash=1381183831|valid=true
CST 2026-07-17 18:48:32.602  2992  2992 I A02900/R1Api24Probe: E1_CALLBACK_SAMPLE|round=1|sequence=30|producerTid=3206|consumerTid=2992|payload=r01-s030-xb3|hash=461194087|valid=true
CST 2026-07-17 18:48:32.602  2992  2992 I A02900/R1Api24Probe: E1_CALLBACK_SAMPLE|round=1|sequence=31|producerTid=3206|consumerTid=2992|payload=r01-s031-xd2|hash=2349113937|valid=true
CST 2026-07-17 18:48:32.602  2992  2992 I A02900/R1Api24Probe: E1_CALLBACK_SAMPLE|round=1|sequence=32|producerTid=3206|consumerTid=2992|payload=r01-s032-xf1|hash=4259241735|valid=true
CST 2026-07-17 18:48:32.602  2992  2992 I A02900/R1Api24Probe: E1_CALLBACK_SAMPLE|round=1|sequence=33|producerTid=3206|consumerTid=2992|payload=r01-s033-x10|hash=929781352|valid=true
CST 2026-07-17 18:48:32.602  2992  2992 I A02900/R1Api24Probe: E1_CALLBACK_SAMPLE|round=1|sequence=34|producerTid=3206|consumerTid=2992|payload=r01-s034-x2f|hash=1595867852|valid=true
CST 2026-07-17 18:48:32.602  2992  2992 I A02900/R1Api24Probe: E1_CALLBACK_SAMPLE|round=1|sequence=35|producerTid=3206|consumerTid=2992|payload=r01-s035-x4e|hash=285480912|valid=true
CST 2026-07-17 18:48:32.602  1657  1800 I C01631/GaussPD:  [0] [ADAPTER] [139901058128640] Not support binlog_default.writeLock file enable del monitor sysno = 25
CST 2026-07-17 18:48:32.602  2992  2992 I A02900/R1Api24Probe: E1_CALLBACK_SAMPLE|round=1|sequence=36|producerTid=3206|consumerTid=2992|payload=r01-s036-x6d|hash=2297670388|valid=true
CST 2026-07-17 18:48:32.603  1657  1800 I C01631/GaussPD:  [0] [ADAPTER] [139901058128640] Not support binlog_default.writeLock file enable del monitor sysno = 25
CST 2026-07-17 18:48:32.603  2992  2992 I A02900/R1Api24Probe: E1_CALLBACK_SAMPLE|round=1|sequence=37|producerTid=3206|consumerTid=2992|payload=r01-s037-x8c|hash=692250044|valid=true
CST 2026-07-17 18:48:32.603  2992  2992 I A02900/R1Api24Probe: E1_CALLBACK_SAMPLE|round=1|sequence=38|producerTid=3206|consumerTid=2992|payload=r01-s038-xab|hash=3185849539|valid=true
CST 2026-07-17 18:48:32.603  1657  1800 I C01631/GaussPD:  [0] [ADAPTER] [139901058128640] Not support binlog_default.writeLock file enable del monitor sysno = 25
CST 2026-07-17 18:48:32.603  2992  2992 I A02900/R1Api24Probe: E1_CALLBACK_SAMPLE|round=1|sequence=39|producerTid=3206|consumerTid=2992|payload=r01-s039-xca|hash=2607331039|valid=true
CST 2026-07-17 18:48:32.603  2992  2992 I A02900/R1Api24Probe: E1_CALLBACK_SAMPLE|round=1|sequence=40|producerTid=3206|consumerTid=2992|payload=r01-s040-xe9|hash=1187060629|valid=true
CST 2026-07-17 18:48:32.603  2992  2992 I A02900/R1Api24Probe: E1_CALLBACK_SAMPLE|round=1|sequence=41|producerTid=3206|consumerTid=2992|payload=r01-s041-x08|hash=1087525160|valid=true
CST 2026-07-17 18:48:32.603  2992  2992 I A02900/R1Api24Probe: E1_CALLBACK_SAMPLE|round=1|sequence=42|producerTid=3206|consumerTid=2992|payload=r01-s042-x27|hash=4129863834|valid=true
CST 2026-07-17 18:48:32.603  2992  2992 I A02900/R1Api24Probe: E1_CALLBACK_SAMPLE|round=1|sequence=43|producerTid=3206|consumerTid=2992|payload=r01-s043-x46|hash=2575222452|valid=true
CST 2026-07-17 18:48:32.603  1657  1800 I C01631/GaussPD:  [0] [ADAPTER] [139901058128640] Not support binlog_default.writeLock file enable del monitor sysno = 25
CST 2026-07-17 18:48:32.603  2992  2992 I A02900/R1Api24Probe: E1_CALLBACK_SAMPLE|round=1|sequence=44|producerTid=3206|consumerTid=2992|payload=r01-s044-x65|hash=4227003622|valid=true
CST 2026-07-17 18:48:32.603  1657  1800 I C01631/GaussPD:  [0] [ADAPTER] [139901058128640] Not support binlog_default.writeIndex file enable del monitor sysno = 25
CST 2026-07-17 18:48:32.603  2992  2992 I A02900/R1Api24Probe: E1_CALLBACK_SAMPLE|round=1|sequence=45|producerTid=3206|consumerTid=2992|payload=r01-s045-x84|hash=3692624104|valid=true
CST 2026-07-17 18:48:32.603  2992  2992 I A02900/R1Api24Probe: E1_CALLBACK_SAMPLE|round=1|sequence=46|producerTid=3206|consumerTid=2992|payload=r01-s046-xa3|hash=2446668469|valid=true
CST 2026-07-17 18:48:32.603  2992  2992 I A02900/R1Api24Probe: E1_CALLBACK_SAMPLE|round=1|sequence=47|producerTid=3206|consumerTid=2992|payload=r01-s047-xc2|hash=2041143367|valid=true
CST 2026-07-17 18:48:32.603  2992  2992 I A02900/R1Api24Probe: E1_CALLBACK_SAMPLE|round=1|sequence=48|producerTid=3206|consumerTid=2992|payload=r01-s048-xe1|hash=1421347717|valid=true
CST 2026-07-17 18:48:32.603  1657  1800 I C01631/GaussPD:  [0] [ADAPTER] [139901058128640] Not support binlog_default.writeIndex file enable del monitor sysno = 25
CST 2026-07-17 18:48:32.603  2992  2992 I A02900/R1Api24Probe: E1_CALLBACK_SAMPLE|round=1|sequence=49|producerTid=3206|consumerTid=2992|payload=r01-s049-x00|hash=3365937640|valid=true
CST 2026-07-17 18:48:32.603  2992  2992 I A02900/R1Api24Probe: E1_CALLBACK_SAMPLE|round=1|sequence=50|producerTid=3206|consumerTid=2992|payload=r01-s050-x1f|hash=1802649537|valid=true
CST 2026-07-17 18:48:32.603  2992  2992 I A02900/R1Api24Probe: E1_CALLBACK_SAMPLE|round=1|sequence=51|producerTid=3206|consumerTid=2992|payload=r01-s051-x3e|hash=4018099797|valid=true
CST 2026-07-17 18:48:32.603  2992  2992 I A02900/R1Api24Probe: E1_CALLBACK_SAMPLE|round=1|sequence=52|producerTid=3206|consumerTid=2992|payload=r01-s052-x5d|hash=727710213|valid=true
CST 2026-07-17 18:48:32.603  2992  2992 I A02900/R1Api24Probe: E1_CALLBACK_SAMPLE|round=1|sequence=53|producerTid=3206|consumerTid=2992|payload=r01-s053-x7c|hash=69991565|valid=true
CST 2026-07-17 18:48:32.603  2992  2992 I A02900/R1Api24Probe: E1_CALLBACK_SAMPLE|round=1|sequence=54|producerTid=3206|consumerTid=2992|payload=r01-s054-x9b|hash=4142220217|valid=true
CST 2026-07-17 18:48:32.603  2992  2992 I A02900/R1Api24Probe: E1_CALLBACK_SAMPLE|round=1|sequence=55|producerTid=3206|consumerTid=2992|payload=r01-s055-xba|hash=3612718512|valid=true
CST 2026-07-17 18:48:32.603  2992  2992 I A02900/R1Api24Probe: E1_CALLBACK_SAMPLE|round=1|sequence=56|producerTid=3206|consumerTid=2992|payload=r01-s056-xd9|hash=3654249911|valid=true
CST 2026-07-17 18:48:32.603  1657  1737 I A01a01/NC: NotificationConfigManager: update icon result: com.huawei.hms.mapservice, 49794
CST 2026-07-17 18:48:32.603  2992  2992 I A02900/R1Api24Probe: E1_CALLBACK_SAMPLE|round=1|sequence=57|producerTid=3206|consumerTid=2992|payload=r01-s057-xf8|hash=3461156625|valid=true
CST 2026-07-17 18:48:32.603  2992  2992 I A02900/R1Api24Probe: E1_CALLBACK_SAMPLE|round=1|sequence=58|producerTid=3206|consumerTid=2992|payload=r01-s058-x17|hash=1954830950|valid=true
CST 2026-07-17 18:48:32.603  1657  1737 I A01b00/SCB: IconResourceFwk --> getBundleIcon start param: com.huawei.hmos.health.core, 64, true true
CST 2026-07-17 18:48:32.603  1657  1737 W A01b00/SCB: IconResourceUtils --> getIconResource from bms getBundleResourceInfo for com.huawei.hmos.health.core 0
CST 2026-07-17 18:48:32.603  2992  2992 I A02900/R1Api24Probe: E1_CALLBACK_SAMPLE|round=1|sequence=59|producerTid=3206|consumerTid=2992|payload=r01-s059-x36|hash=781625172|valid=true
CST 2026-07-17 18:48:32.603  2992  2992 I A02900/R1Api24Probe: E1_CALLBACK_SAMPLE|round=1|sequence=60|producerTid=3206|consumerTid=2992|payload=r01-s060-x55|hash=268291879|valid=true
CST 2026-07-17 18:48:32.603  2992  2992 I A02900/R1Api24Probe: E1_CALLBACK_SAMPLE|round=1|sequence=61|producerTid=3206|consumerTid=2992|payload=r01-s061-x74|hash=4053903173|valid=true
CST 2026-07-17 18:48:32.604  2992  2992 I A02900/R1Api24Probe: E1_CALLBACK_SAMPLE|round=1|sequence=62|producerTid=3206|consumerTid=2992|payload=r01-s062-x93|hash=144789231|valid=true
CST 2026-07-17 18:48:32.604  2992  2992 I A02900/R1Api24Probe: E1_CALLBACK_SAMPLE|round=1|sequence=63|producerTid=3206|consumerTid=2992|payload=r01-s063-xb2|hash=1335970104|valid=true
CST 2026-07-17 18:48:32.604  2992  2992 I A02900/R1Api24Probe: E1_CALLBACK_SAMPLE|round=1|sequence=64|producerTid=3206|consumerTid=2992|payload=r01-s064-xd1|hash=1880139626|valid=true
CST 2026-07-17 18:48:32.604  2992  2992 I A02900/R1Api24Probe: E1_CALLBACK_SAMPLE|round=1|sequence=65|producerTid=3206|consumerTid=2992|payload=r01-s065-xf0|hash=365642508|valid=true
CST 2026-07-17 18:48:32.604  2992  2992 I A02900/R1Api24Probe: E1_CALLBACK_SAMPLE|round=1|sequence=66|producerTid=3206|consumerTid=2992|payload=r01-s066-x0f|hash=208866017|valid=true
CST 2026-07-17 18:48:32.604  2992  2992 I A02900/R1Api24Probe: E1_CALLBACK_SAMPLE|round=1|sequence=67|producerTid=3206|consumerTid=2992|payload=r01-s067-x2e|hash=3867211481|valid=true
CST 2026-07-17 18:48:32.604  2992  2992 I A02900/R1Api24Probe: E1_CALLBACK_SAMPLE|round=1|sequence=68|producerTid=3206|consumerTid=2992|payload=r01-s068-x4d|hash=1676370245|valid=true
CST 2026-07-17 18:48:32.604  2992  2992 I A02900/R1Api24Probe: E1_CALLBACK_SAMPLE|round=1|sequence=69|producerTid=3206|consumerTid=2992|payload=r01-s069-x6c|hash=3257064401|valid=true
CST 2026-07-17 18:48:32.604  2992  2992 I A02900/R1Api24Probe: E1_CALLBACK_SAMPLE|round=1|sequence=70|producerTid=3206|consumerTid=2992|payload=r01-s070-x8b|hash=1353472090|valid=true
CST 2026-07-17 18:48:32.604  2992  2992 I A02900/R1Api24Probe: E1_CALLBACK_SAMPLE|round=1|sequence=71|producerTid=3206|consumerTid=2992|payload=r01-s071-xaa|hash=2103382061|valid=true
CST 2026-07-17 18:48:32.604  2992  2992 I A02900/R1Api24Probe: E1_CALLBACK_SAMPLE|round=1|sequence=72|producerTid=3206|consumerTid=2992|payload=r01-s072-xc9|hash=2357336690|valid=true
CST 2026-07-17 18:48:32.604  2992  2992 I A02900/R1Api24Probe: E1_CALLBACK_SAMPLE|round=1|sequence=73|producerTid=3206|consumerTid=2992|payload=r01-s073-xe8|hash=2845635792|valid=true
CST 2026-07-17 18:48:32.604  2992  2992 I A02900/R1Api24Probe: E1_CALLBACK_SAMPLE|round=1|sequence=74|producerTid=3206|consumerTid=2992|payload=r01-s074-x07|hash=3704525157|valid=true
CST 2026-07-17 18:48:32.604  2992  2992 I A02900/R1Api24Probe: E1_CALLBACK_SAMPLE|round=1|sequence=75|producerTid=3206|consumerTid=2992|payload=r01-s075-x26|hash=3171616707|valid=true
CST 2026-07-17 18:48:32.604  2992  2992 I A02900/R1Api24Probe: E1_CALLBACK_SAMPLE|round=1|sequence=76|producerTid=3206|consumerTid=2992|payload=r01-s076-x45|hash=3509660669|valid=true
CST 2026-07-17 18:48:32.604  2992  2992 I A02900/R1Api24Probe: E1_CALLBACK_SAMPLE|round=1|sequence=77|producerTid=3206|consumerTid=2992|payload=r01-s077-x64|hash=15822595|valid=true
CST 2026-07-17 18:48:32.604  2992  2992 I A02900/R1Api24Probe: E1_CALLBACK_SAMPLE|round=1|sequence=78|producerTid=3206|consumerTid=2992|payload=r01-s078-x83|hash=2248652261|valid=true
CST 2026-07-17 18:48:32.604  2992  2992 I A02900/R1Api24Probe: E1_CALLBACK_SAMPLE|round=1|sequence=79|producerTid=3206|consumerTid=2992|payload=r01-s079-xa2|hash=811008988|valid=true
CST 2026-07-17 18:48:32.604  2992  2992 I A02900/R1Api24Probe: E1_CALLBACK_SAMPLE|round=1|sequence=80|producerTid=3206|consumerTid=2992|payload=r01-s080-xc1|hash=2725004851|valid=true
CST 2026-07-17 18:48:32.604  2992  2992 I A02900/R1Api24Probe: E1_CALLBACK_SAMPLE|round=1|sequence=81|producerTid=3206|consumerTid=2992|payload=r01-s081-xe0|hash=4194537609|valid=true
CST 2026-07-17 18:48:32.605   766  1196 I C01120/BMS: icon rdb get resource icon start -n com.huawei.hmos.health.core -i 0 -f 16
CST 2026-07-17 18:48:32.605  2992  2992 I A02900/R1Api24Probe: E1_CALLBACK_SAMPLE|round=1|sequence=82|producerTid=3206|consumerTid=2992|payload=r01-s082-xff|hash=2626791981|valid=true
CST 2026-07-17 18:48:32.605  2992  2992 I A02900/R1Api24Probe: E1_CALLBACK_SAMPLE|round=1|sequence=83|producerTid=3206|consumerTid=2992|payload=r01-s083-x1e|hash=3462326808|valid=true
CST 2026-07-17 18:48:32.605  2992  2992 I A02900/R1Api24Probe: E1_CALLBACK_SAMPLE|round=1|sequence=84|producerTid=3206|consumerTid=2992|payload=r01-s084-x3d|hash=164301176|valid=true
CST 2026-07-17 18:48:32.605  2992  2992 I A02900/R1Api24Probe: E1_CALLBACK_SAMPLE|round=1|sequence=85|producerTid=3206|consumerTid=2992|payload=r01-s085-x5c|hash=144739820|valid=true
CST 2026-07-17 18:48:32.605   766  1196 E C01650/StepResultSet: GoToRow:position[0] rowCount[0] rowPos_[-1]!
CST 2026-07-17 18:48:32.605  2992  2992 I A02900/R1Api24Probe: E1_CALLBACK_SAMPLE|round=1|sequence=86|producerTid=3206|consumerTid=2992|payload=r01-s086-x7b|hash=1284954232|valid=true
CST 2026-07-17 18:48:32.605  2992  2992 I A02900/R1Api24Probe: E1_CALLBACK_SAMPLE|round=1|sequence=87|producerTid=3206|consumerTid=2992|payload=r01-s087-x9a|hash=2162149648|valid=true
CST 2026-07-17 18:48:32.605  2992  2992 I A02900/R1Api24Probe: E1_CALLBACK_SAMPLE|round=1|sequence=88|producerTid=3206|consumerTid=2992|payload=r01-s088-xb9|hash=2510489318|valid=true
CST 2026-07-17 18:48:32.605  2992  2992 I A02900/R1Api24Probe: E1_CALLBACK_SAMPLE|round=1|sequence=89|producerTid=3206|consumerTid=2992|payload=r01-s089-xd8|hash=1337782512|valid=true
CST 2026-07-17 18:48:32.605  2992  2992 I A02900/R1Api24Probe: E1_CALLBACK_SAMPLE|round=1|sequence=90|producerTid=3206|consumerTid=2992|payload=r01-s090-xf7|hash=3601173537|valid=true
CST 2026-07-17 18:48:32.605  2992  2992 I A02900/R1Api24Probe: E1_CALLBACK_SAMPLE|round=1|sequence=91|producerTid=3206|consumerTid=2992|payload=r01-s091-x16|hash=851179930|valid=true
CST 2026-07-17 18:48:32.605  2992  2992 I A02900/R1Api24Probe: E1_CALLBACK_SAMPLE|round=1|sequence=92|producerTid=3206|consumerTid=2992|payload=r01-s092-x35|hash=1643826924|valid=true
CST 2026-07-17 18:48:32.605  2992  2992 I A02900/R1Api24Probe: E1_CALLBACK_SAMPLE|round=1|sequence=93|producerTid=3206|consumerTid=2992|payload=r01-s093-x54|hash=1981373894|valid=true
CST 2026-07-17 18:48:32.605  2992  2992 I A02900/R1Api24Probe: E1_CALLBACK_SAMPLE|round=1|sequence=94|producerTid=3206|consumerTid=2992|payload=r01-s094-x73|hash=2907098440|valid=true
CST 2026-07-17 18:48:32.605  2992  2992 I A02900/R1Api24Probe: E1_CALLBACK_SAMPLE|round=1|sequence=95|producerTid=3206|consumerTid=2992|payload=r01-s095-x92|hash=3448815970|valid=true
CST 2026-07-17 18:48:32.605  2992  2992 I A02900/R1Api24Probe: E1_CALLBACK_SAMPLE|round=1|sequence=96|producerTid=3206|consumerTid=2992|payload=r01-s096-xb1|hash=2325357881|valid=true
CST 2026-07-17 18:48:32.605  2992  2992 I A02900/R1Api24Probe: E1_CALLBACK_SAMPLE|round=1|sequence=97|producerTid=3206|consumerTid=2992|payload=r01-s097-xd0|hash=3129854031|valid=true
CST 2026-07-17 18:48:32.605  2992  2992 I A02900/R1Api24Probe: E1_CALLBACK_SAMPLE|round=1|sequence=98|producerTid=3206|consumerTid=2992|payload=r01-s098-xef|hash=718629441|valid=true
CST 2026-07-17 18:48:32.605  2992  2992 I A02900/R1Api24Probe: E1_CALLBACK_SAMPLE|round=1|sequence=99|producerTid=3206|consumerTid=2992|payload=r01-s099-x0e|hash=3725385634|valid=true
CST 2026-07-17 18:48:32.605  2992  2992 I A02900/R1Api24Probe: E1_CALLBACK_SAMPLE|round=1|sequence=100|producerTid=3206|consumerTid=2992|payload=r01-s100-x2d|hash=772859922|valid=true
CST 2026-07-17 18:48:32.613  2721  2721 I A00000/moduleframework: strConfigKey: DynamicConfig_ImmediateTask
CST 2026-07-17 18:48:32.613  2721  2721 I A00000/moduleframework: hspInfo.name: account
CST 2026-07-17 18:48:32.613  2721  2721 I A00000/moduleframework: getStringByNameSync error: {"code":"9001003"}
CST 2026-07-17 18:48:32.613  2721  2721 I A00000/moduleframework: hspInfo.name: appAssist4Developer
CST 2026-07-17 18:48:32.613  2721  2721 I A00000/moduleframework: getStringByNameSync error: {"code":"9001003"}
CST 2026-07-17 18:48:32.613  2721  2721 I A00000/moduleframework: hspInfo.name: appInstall4Developer
CST 2026-07-17 18:48:32.613  2721  2721 I A00000/moduleframework: configContent: 102#src/main/ets/impl/unifiedinstall/wifitask/particles/ImmediateRecoverTodoTask
CST 2026-07-17 18:48:32.614  2721  2721 I A00000/moduleframework: hspInfo.name: appView4Developer
CST 2026-07-17 18:48:32.614  2721  2721 I A00000/moduleframework: getStringByNameSync error: {"code":"9001003"}
CST 2026-07-17 18:48:32.614  2721  2721 I A00000/moduleframework: hspInfo.name: attribution
CST 2026-07-17 18:48:32.614  2721  2721 I A00000/moduleframework: getStringByNameSync error: {"code":"9001003"}
CST 2026-07-17 18:48:32.614  2721  2721 I A00000/moduleframework: hspInfo.name: backgroundTaskFramework
CST 2026-07-17 18:48:32.614  2721  2721 I A00000/moduleframework: getStringByNameSync error: {"code":"9001003"}
CST 2026-07-17 18:48:32.614  2721  2721 I A00000/moduleframework: hspInfo.name: crossDevice
CST 2026-07-17 18:48:32.614  2721  2721 I A00000/moduleframework: getStringByNameSync error: {"code":"9001003"}
CST 2026-07-17 18:48:32.614  2721  2721 I A00000/moduleframework: hspInfo.name: downloadInstall
CST 2026-07-17 18:48:32.615  2721  2721 I A00000/moduleframework: configContent: 101#src/main/ets/impl/wifitask/ImmediateWifiWaitTask
CST 2026-07-17 18:48:32.615  2721  2721 I A00000/moduleframework: hspInfo.name: ecologicalRuleControl
CST 2026-07-17 18:48:32.615  2721  2721 I A00000/moduleframework: getStringByNameSync error: {"code":"9001003"}
CST 2026-07-17 18:48:32.615  2721  2721 I A00000/moduleframework: hspInfo.name: enhanceUIToolkit
CST 2026-07-17 18:48:32.615  2721  2721 I A00000/moduleframework: getStringByNameSync error: {"code":"9001003"}
CST 2026-07-17 18:48:32.615  2721  2721 I A00000/moduleframework: hspInfo.name: essentialToolkit
CST 2026-07-17 18:48:32.615  2721  2721 I A00000/moduleframework: getStringByNameSync error: {"code":"9001003"}
CST 2026-07-17 18:48:32.615  2721  2721 I A00000/moduleframework: hspInfo.name: maintenanceOperations
CST 2026-07-17 18:48:32.615  2721  2721 I A00000/moduleframework: getStringByNameSync error: {"code":"9001003"}
CST 2026-07-17 18:48:32.616  2721  2721 I A00000/moduleframework: hspInfo.name: networkFramework
CST 2026-07-17 18:48:32.616  2721  2721 I A00000/moduleframework: getStringByNameSync error: {"code":"9001003"}
CST 2026-07-17 18:48:32.616  2721  2721 I A00000/moduleframework: hspInfo.name: operationActivities
CST 2026-07-17 18:48:32.616  2721  2721 I A00000/moduleframework: getStringByNameSync error: {"code":"9001003"}
CST 2026-07-17 18:48:32.616  2721  2721 I A00000/moduleframework: hspInfo.name: privacyCompliance
CST 2026-07-17 18:48:32.616  2721  2721 I A00000/moduleframework: getStringByNameSync error: {"code":"9001003"}
CST 2026-07-17 18:48:32.616  2721  2721 I A00000/moduleframework: hspInfo.name: sdkFacade
CST 2026-07-17 18:48:32.616  2721  2721 I A00000/moduleframework: getStringByNameSync error: {"code":"9001003"}
CST 2026-07-17 18:48:32.616  2721  2721 I A00000/moduleframework: hspInfo.name: upgrade
CST 2026-07-17 18:48:32.616  2721  2721 I A00000/moduleframework: getStringByNameSync error: {"code":"9001003"}
CST 2026-07-17 18:48:32.616  2721  2721 I A00000/moduleframework: hspInfo.name: userInfo
CST 2026-07-17 18:48:32.617  2721  2721 I A00000/moduleframework: getStringByNameSync error: {"code":"9001003"}
CST 2026-07-17 18:48:32.617  2721  2721 I A00000/moduleframework: ohpmModuleName: download-Install
CST 2026-07-17 18:48:32.617  2721  2721 I A00000/moduleframework: getConfigInstance full path:@normalized:N&downloadInstall&&@hw-ae-business/download-install/src/main/ets/impl/wifitask/ImmediateWifiWaitTask&
CST 2026-07-17 18:48:32.617  2721  2721 I A00000/moduleframework: getConfigInstance clazzName:ImmediateWifiWaitTask
CST 2026-07-17 18:48:32.617  1657  1737 E C01707/CONCUR: [Interface] task 1737 apply qos failed, errno = 4
CST 2026-07-17 18:48:32.617  2721  2721 I A00000/moduleframework: getConfigInstance import:ImmediateWifiWaitTask
CST 2026-07-17 18:48:32.618  2721  2721 I A00000/moduleframework: ohpmModuleName: app-Install-4-Developer
CST 2026-07-17 18:48:32.618  2721  2721 I A00000/moduleframework: getConfigInstance full path:@normalized:N&appInstall4Developer&&@hw-ae-business/app-install-4-developer/src/main/ets/impl/unifiedinstall/wifitask/particles/ImmediateRecoverTodoTask&
CST 2026-07-17 18:48:32.618  2721  2721 I A00000/moduleframework: getConfigInstance clazzName:ImmediateRecoverTodoTask
CST 2026-07-17 18:48:32.619  2721  2721 I A00000/moduleframework: getConfigInstance import:ImmediateRecoverTodoTask
CST 2026-07-17 18:48:32.619  2721  2721 I C04712/AppGalleryKit: [js_bridging(NAPI_DisconnectServiceExtensionAbility)]NAPI_DisconnectServiceExtensionAbility called
CST 2026-07-17 18:48:32.619  2721  2721 I C04712/AppGalleryKit: [service_util(GetAppGalleryBundleName)]get AppGallery Name success, name = com.huawei.hmsapp.appgallery
CST 2026-07-17 18:48:32.619  2721  2721 I C04712/AppGalleryKit: [service_auth(CheckCallerByName)]callerName:com.huawei.hmsapp.appgallery
CST 2026-07-17 18:48:32.619  2721  2721 I C04712/AppGalleryKit: [service_connect(GetConnectionInfo)]GetConnectionInfo, userId=-1
CST 2026-07-17 18:48:32.619  2721  2721 I C04712/AppGalleryKit: [service_connect(DisConnectExtAbility)]DisConnectExtAbility called, count = 0, taskStaus= 0, userId= -1
CST 2026-07-17 18:48:32.620  2721  2721 I C04712/AppGalleryKit: [js_bridging(NAPI_DisconnectServiceExtensionAbility)]NAPI_DisconnectServiceExtensionAbility end.
CST 2026-07-17 18:48:32.620   766  1196 I C011ff/ERMS: [ERMS_CACHE(SetErmsParam:1322)] set erms param, operType=0,param=WifiPendingTask,value=1
CST 2026-07-17 18:48:32.620   766  1196 W C01650/RdbStoreManager: IsConfigInvalidChanged:no bundleName
CST 2026-07-17 18:48:32.620   766  1196 E C01650/SilentProxy: IsSupportSilentFromService:GetRdbService failed, err is 27394049.
CST 2026-07-17 18:48:32.623  1657  1737 I C02b61/ImageSource: CreatePixelMap success, id:1784285312607145,dSize:(0,0),srcSize: (512,512),dHdr:1,sHdr:1,memType: 2,cost 16668 us
CST 2026-07-17 18:48:32.624  1657  1737 E C02b61/PixelMap: set ashmem name failed
CST 2026-07-17 18:48:32.624   766  1196 I C01650/ConnectionPool: Create:code:0 app[:] area[el1] cfg[0,0,0,0,1,0,0]erm***.db:<DB,0xc82a5,147456,100660><DWR,0xc82b2,28672,100660><SHM,0xc82bb,32768,100660><WAL,0xc82b3,0,100660>, pathSize:63
CST 2026-07-17 18:48:32.624   766  1196 I C011ff/ERMS: [ERMS_RDB_CallBack(OnOpen:108)] OnOpen
CST 2026-07-17 18:48:32.624  1657  1737 W A01b00/SCB: GraphicUtils --> com.huawei.hmos.health.core - getHdsIcon, size: (512, 512), pixelFormat: 4, leftTopPixel is transparent: false, 46-161-255-254
CST 2026-07-17 18:48:32.624  1657  1737 E C03900/HDS: [hds_drawable_descriptor.cpp-GetOtherIconsInfo:395]Get icon by name from resource failed, iconName: icon_mask, isGlobalMask: 0, state: 9001004
CST 2026-07-17 18:48:32.627   766  1196 I C011ff/ERMS: [ERMS_CACHE(SetErmsParam:1349)] set erms param success
CST 2026-07-17 18:48:32.627   766  1196 I C011ff/ERMS: [WIFI_PENDING(TaskParamChange:169)] ParamChange,task=WifiPendingTask,value=1,screenState=1,wifiTask=1,wifiState=0,netTask=0,netState=1
CST 2026-07-17 18:48:32.627   766  1196 I C011ff/ERMS: [WIFI_PENDING(RegisterNetConnChangeEvent:331)] register net conn change event start!
CST 2026-07-17 18:48:32.627   766  1196 I C011ff/ERMS: [WIFI_PENDING(RegisterNetConnChangeEvent:334)] netConnChangeSubscriber already subscribed.
CST 2026-07-17 18:48:32.627   766  1196 I C011ff/ERMS: [ERMS_MAIN(SetErmsParamData:826)] SetErmsParamData end
CST 2026-07-17 18:48:32.628  2721  2721 I C011ff/ERMS: [js_ecologicalrulemgrservice(NAPI_SetErmsParamData:728)] NAPI_SetErmsParamData end
CST 2026-07-17 18:48:32.628  1657  1737 W C03900/HDS: [hds_drawable_descriptor.cpp-ProcessIcon:91]Mask size {192, 192}, bundleName: com.huawei.hmos.health.core
CST 2026-07-17 18:48:32.634   635  2281 W C02515/DISP: [SetLayerMaskInfo:495] <private> is not supported
CST 2026-07-17 18:48:32.635   635   695 I C02515/DISP: [CommitComposeLayer:67] CommitComposeLayer! 10
CST 2026-07-17 18:48:32.638   765   765 E C01406/RSScreenManager: IsAllScreensPowerOff: screenPowerStatus_ is empty.
CST 2026-07-17 18:48:32.638   634  2365 I C02515/DISP: [InitBufferHandle:229] express init gbuffer id 93d00000048 ret 0 err 0 fd 6 512 512 pixel 4 size 1048576 usage 2b
CST 2026-07-17 18:48:32.638   634  2365 I C02515/DISP: [ExpressAllocMem:271] ExpressAllocMem requeset BufferHandle 6, width 512, heigt 512, format 20
CST 2026-07-17 18:48:32.644   634  2365 I C02515/DISP: [ExpressFreeMem:317] freeMem bufferhandle gbuffer_id 93d00000048, width 512, heigt 512
CST 2026-07-17 18:48:32.653  2992  2992 I A02900/R1Api24Probe: E1_ROUND_RESULT|verdict=PASS|round=1|pid=2992|mainTid=2992|producerTid=3206|consumerTid=2992|buffers=100|callbacks=100|fdTransfers=1|bufferHashAggregate=1003354277|callbackHashAggregate=1107886077|fdPayloadHash=1745844509|beforeFd=38|afterFd=38|beforeThreads=29|afterThreads=29|monotonicIncrease=false
CST 2026-07-17 18:48:32.654  2992  2992 I A02900/R1Api24Probe: E1_BUFFER_SAMPLE|round=2|sample=1|length=0|leftSentinel=82|rightSentinel=173|hash=2166136261|guards=true|nativeTid=2992
CST 2026-07-17 18:48:32.654  2992  2992 I A02900/R1Api24Probe: E1_BUFFER_SAMPLE|round=2|sample=2|length=1|leftSentinel=83|rightSentinel=172|hash=3255563174|guards=true|nativeTid=2992
CST 2026-07-17 18:48:32.654  2992  2992 I A02900/R1Api24Probe: E1_BUFFER_SAMPLE|round=2|sample=3|length=2|leftSentinel=84|rightSentinel=171|hash=771061448|guards=true|nativeTid=2992
CST 2026-07-17 18:48:32.654  2992  2992 I A02900/R1Api24Probe: E1_BUFFER_SAMPLE|round=2|sample=4|length=3|leftSentinel=85|rightSentinel=170|hash=372235737|guards=true|nativeTid=2992
CST 2026-07-17 18:48:32.654  2992  2992 I A02900/R1Api24Probe: E1_BUFFER_SAMPLE|round=2|sample=5|length=4|leftSentinel=86|rightSentinel=169|hash=774863657|guards=true|nativeTid=2992
CST 2026-07-17 18:48:32.654  2992  2992 I A02900/R1Api24Probe: E1_BUFFER_SAMPLE|round=2|sample=6|length=5|leftSentinel=87|rightSentinel=168|hash=1743486890|guards=true|nativeTid=2992
CST 2026-07-17 18:48:32.654  2992  2992 I A02900/R1Api24Probe: E1_BUFFER_SAMPLE|round=2|sample=7|length=6|leftSentinel=88|rightSentinel=167|hash=254712328|guards=true|nativeTid=2992
CST 2026-07-17 18:48:32.654  2992  2992 I A02900/R1Api24Probe: E1_BUFFER_SAMPLE|round=2|sample=8|length=7|leftSentinel=89|rightSentinel=166|hash=177545361|guards=true|nativeTid=2992
CST 2026-07-17 18:48:32.654  2992  2992 I A02900/R1Api24Probe: E1_BUFFER_SAMPLE|round=2|sample=9|length=8|leftSentinel=90|rightSentinel=165|hash=366390381|guards=true|nativeTid=2992
CST 2026-07-17 18:48:32.655  2992  2992 I A02900/R1Api24Probe: E1_BUFFER_SAMPLE|round=2|sample=10|length=9|leftSentinel=91|rightSentinel=164|hash=1832534150|guards=true|nativeTid=2992
CST 2026-07-17 18:48:32.655  2992  2992 I A02900/R1Api24Probe: E1_BUFFER_SAMPLE|round=2|sample=11|length=10|leftSentinel=92|rightSentinel=163|hash=3237279640|guards=true|nativeTid=2992
CST 2026-07-17 18:48:32.655  2992  2992 I A02900/R1Api24Probe: E1_BUFFER_SAMPLE|round=2|sample=12|length=11|leftSentinel=93|rightSentinel=162|hash=3150194825|guards=true|nativeTid=2992
CST 2026-07-17 18:48:32.655  2992  2992 I A02900/R1Api24Probe: E1_BUFFER_SAMPLE|round=2|sample=13|length=12|leftSentinel=94|rightSentinel=161|hash=3941119777|guards=true|nativeTid=2992
CST 2026-07-17 18:48:32.655  2992  2992 I A02900/R1Api24Probe: E1_BUFFER_SAMPLE|round=2|sample=14|length=13|leftSentinel=95|rightSentinel=160|hash=2806665050|guards=true|nativeTid=2992
CST 2026-07-17 18:48:32.655  2992  2992 I A02900/R1Api24Probe: E1_BUFFER_SAMPLE|round=2|sample=15|length=14|leftSentinel=96|rightSentinel=159|hash=1063991608|guards=true|nativeTid=2992
CST 2026-07-17 18:48:32.655  2992  2992 I A02900/R1Api24Probe: E1_BUFFER_SAMPLE|round=2|sample=16|length=15|leftSentinel=97|rightSentinel=158|hash=1966418241|guards=true|nativeTid=2992
CST 2026-07-17 18:48:32.655  2992  2992 I A02900/R1Api24Probe: E1_BUFFER_SAMPLE|round=2|sample=17|length=16|leftSentinel=98|rightSentinel=157|hash=954915285|guards=true|nativeTid=2992
CST 2026-07-17 18:48:32.655  2992  2992 I A02900/R1Api24Probe: E1_BUFFER_SAMPLE|round=2|sample=18|length=17|leftSentinel=99|rightSentinel=156|hash=753794662|guards=true|nativeTid=2992
CST 2026-07-17 18:48:32.655  2992  2992 I A02900/R1Api24Probe: E1_BUFFER_SAMPLE|round=2|sample=19|length=18|leftSentinel=100|rightSentinel=155|hash=2044636200|guards=true|nativeTid=2992
CST 2026-07-17 18:48:32.656  2992  2992 I A02900/R1Api24Probe: E1_BUFFER_SAMPLE|round=2|sample=20|length=19|leftSentinel=101|rightSentinel=154|hash=3893415641|guards=true|nativeTid=2992
CST 2026-07-17 18:48:32.656  2992  2992 I A02900/R1Api24Probe: E1_BUFFER_SAMPLE|round=2|sample=21|length=20|leftSentinel=102|rightSentinel=153|hash=1221730297|guards=true|nativeTid=2992
CST 2026-07-17 18:48:32.656  2992  2992 I A02900/R1Api24Probe: E1_BUFFER_SAMPLE|round=2|sample=22|length=21|leftSentinel=103|rightSentinel=152|hash=117830154|guards=true|nativeTid=2992
CST 2026-07-17 18:48:32.656  2992  2992 I A02900/R1Api24Probe: E1_BUFFER_SAMPLE|round=2|sample=23|length=22|leftSentinel=104|rightSentinel=151|hash=989177032|guards=true|nativeTid=2992
CST 2026-07-17 18:48:32.656  2992  2992 I A02900/R1Api24Probe: E1_BUFFER_SAMPLE|round=2|sample=24|length=23|leftSentinel=105|rightSentinel=150|hash=2123436145|guards=true|nativeTid=2992
CST 2026-07-17 18:48:32.656  2992  2992 I A02900/R1Api24Probe: E1_BUFFER_SAMPLE|round=2|sample=25|length=24|leftSentinel=106|rightSentinel=149|hash=3219394941|guards=true|nativeTid=2992
CST 2026-07-17 18:48:32.656  2992  2992 I A02900/R1Api24Probe: E1_BUFFER_SAMPLE|round=2|sample=26|length=25|leftSentinel=107|rightSentinel=148|hash=3870028998|guards=true|nativeTid=2992
CST 2026-07-17 18:48:32.656  2992  2992 I A02900/R1Api24Probe: E1_BUFFER_SAMPLE|round=2|sample=27|length=26|leftSentinel=108|rightSentinel=147|hash=3391516472|guards=true|nativeTid=2992
CST 2026-07-17 18:48:32.656  2992  2992 I A02900/R1Api24Probe: E1_BUFFER_SAMPLE|round=2|sample=28|length=27|leftSentinel=109|rightSentinel=146|hash=4049712009|guards=true|nativeTid=2992
CST 2026-07-17 18:48:32.657  2992  2992 I A02900/R1Api24Probe: E1_BUFFER_SAMPLE|round=2|sample=29|length=28|leftSentinel=110|rightSentinel=145|hash=1925620689|guards=true|nativeTid=2992
CST 2026-07-17 18:48:32.657  2992  2992 I A02900/R1Api24Probe: E1_BUFFER_SAMPLE|round=2|sample=30|length=29|leftSentinel=111|rightSentinel=144|hash=2996063962|guards=true|nativeTid=2992
CST 2026-07-17 18:48:32.657  2992  2992 I A02900/R1Api24Probe: E1_BUFFER_SAMPLE|round=2|sample=31|length=30|leftSentinel=112|rightSentinel=143|hash=727153720|guards=true|nativeTid=2992
CST 2026-07-17 18:48:32.657  2992  2992 I A02900/R1Api24Probe: E1_BUFFER_SAMPLE|round=2|sample=32|length=31|leftSentinel=113|rightSentinel=142|hash=3398332897|guards=true|nativeTid=2992
CST 2026-07-17 18:48:32.657  2992  2992 I A02900/R1Api24Probe: E1_BUFFER_SAMPLE|round=2|sample=33|length=32|leftSentinel=114|rightSentinel=141|hash=4012527909|guards=true|nativeTid=2992
CST 2026-07-17 18:48:32.657  2992  2992 I A02900/R1Api24Probe: E1_BUFFER_SAMPLE|round=2|sample=34|length=33|leftSentinel=115|rightSentinel=140|hash=1262183142|guards=true|nativeTid=2992
CST 2026-07-17 18:48:32.657  2992  2992 I A02900/R1Api24Probe: E1_BUFFER_SAMPLE|round=2|sample=35|length=34|leftSentinel=116|rightSentinel=139|hash=2126851208|guards=true|nativeTid=2992
CST 2026-07-17 18:48:32.657  2992  2992 I A02900/R1Api24Probe: E1_BUFFER_SAMPLE|round=2|sample=36|length=35|leftSentinel=117|rightSentinel=138|hash=1056271449|guards=true|nativeTid=2992
CST 2026-07-17 18:48:32.657  2992  2992 I A02900/R1Api24Probe: E1_BUFFER_SAMPLE|round=2|sample=37|length=36|leftSentinel=118|rightSentinel=137|hash=2722252553|guards=true|nativeTid=2992
CST 2026-07-17 18:48:32.657  2992  2992 I A02900/R1Api24Probe: E1_BUFFER_SAMPLE|round=2|sample=38|length=37|leftSentinel=119|rightSentinel=136|hash=79438826|guards=true|nativeTid=2992
CST 2026-07-17 18:48:32.657  2992  2992 I A02900/R1Api24Probe: E1_BUFFER_SAMPLE|round=2|sample=39|length=38|leftSentinel=120|rightSentinel=135|hash=3557081032|guards=true|nativeTid=2992
CST 2026-07-17 18:48:32.658  2992  2992 I A02900/R1Api24Probe: E1_BUFFER_SAMPLE|round=2|sample=40|length=39|leftSentinel=121|rightSentinel=134|hash=3419302673|guards=true|nativeTid=2992
CST 2026-07-17 18:48:32.658  2992  2992 I A02900/R1Api24Probe: E1_BUFFER_SAMPLE|round=2|sample=41|length=40|leftSentinel=122|rightSentinel=133|hash=2844505357|guards=true|nativeTid=2992
CST 2026-07-17 18:48:32.658  2992  2992 I A02900/R1Api24Probe: E1_BUFFER_SAMPLE|round=2|sample=42|length=41|leftSentinel=123|rightSentinel=132|hash=1603086342|guards=true|nativeTid=2992
CST 2026-07-17 18:48:32.658  2992  2992 I A02900/R1Api24Probe: E1_BUFFER_SAMPLE|round=2|sample=43|length=42|leftSentinel=124|rightSentinel=131|hash=3568174552|guards=true|nativeTid=2992
CST 2026-07-17 18:48:32.658  2992  2992 I A02900/R1Api24Probe: E1_BUFFER_SAMPLE|round=2|sample=44|length=43|leftSentinel=125|rightSentinel=130|hash=3035908489|guards=true|nativeTid=2992
CST 2026-07-17 18:48:32.658  2992  2992 I A02900/R1Api24Probe: E1_BUFFER_SAMPLE|round=2|sample=45|length=44|leftSentinel=126|rightSentinel=129|hash=2702910529|guards=true|nativeTid=2992
CST 2026-07-17 18:48:32.658  2992  2992 I A02900/R1Api24Probe: E1_BUFFER_SAMPLE|round=2|sample=46|length=45|leftSentinel=127|rightSentinel=128|hash=2554521498|guards=true|nativeTid=2992
CST 2026-07-17 18:48:32.658  2992  2992 I A02900/R1Api24Probe: E1_BUFFER_SAMPLE|round=2|sample=47|length=46|leftSentinel=128|rightSentinel=127|hash=3331860088|guards=true|nativeTid=2992
CST 2026-07-17 18:48:32.658  2992  2992 I A02900/R1Api24Probe: E1_BUFFER_SAMPLE|round=2|sample=48|length=47|leftSentinel=129|rightSentinel=126|hash=3693502465|guards=true|nativeTid=2992
CST 2026-07-17 18:48:32.658  2992  2992 I A02900/R1Api24Probe: E1_BUFFER_SAMPLE|round=2|sample=49|length=48|leftSentinel=130|rightSentinel=125|hash=3912386165|guards=true|nativeTid=2992
CST 2026-07-17 18:48:32.659  2992  2992 I A02900/R1Api24Probe: E1_BUFFER_SAMPLE|round=2|sample=50|length=49|leftSentinel=131|rightSentinel=124|hash=729619174|guards=true|nativeTid=2992
CST 2026-07-17 18:48:32.659  2992  2992 I A02900/R1Api24Probe: E1_BUFFER_SAMPLE|round=2|sample=51|length=50|leftSentinel=132|rightSentinel=123|hash=4184711656|guards=true|nativeTid=2992
CST 2026-07-17 18:48:32.659  2992  2992 I A02900/R1Api24Probe: E1_BUFFER_SAMPLE|round=2|sample=52|length=51|leftSentinel=133|rightSentinel=122|hash=932647385|guards=true|nativeTid=2992
CST 2026-07-17 18:48:32.659  2992  2992 I A02900/R1Api24Probe: E1_BUFFER_SAMPLE|round=2|sample=53|length=52|leftSentinel=134|rightSentinel=121|hash=2231126041|guards=true|nativeTid=2992
CST 2026-07-17 18:48:32.659  2992  2992 I A02900/R1Api24Probe: E1_BUFFER_SAMPLE|round=2|sample=54|length=53|leftSentinel=135|rightSentinel=120|hash=1170418186|guards=true|nativeTid=2992
CST 2026-07-17 18:48:32.659  2992  2992 I A02900/R1Api24Probe: E1_BUFFER_SAMPLE|round=2|sample=55|length=54|leftSentinel=136|rightSentinel=119|hash=3848590344|guards=true|nativeTid=2992
CST 2026-07-17 18:48:32.659  2992  2992 I A02900/R1Api24Probe: E1_BUFFER_SAMPLE|round=2|sample=56|length=55|leftSentinel=137|rightSentinel=118|hash=2872627121|guards=true|nativeTid=2992
CST 2026-07-17 18:48:32.659  2992  2992 I A02900/R1Api24Probe: E1_BUFFER_SAMPLE|round=2|sample=57|length=56|leftSentinel=138|rightSentinel=117|hash=1649299933|guards=true|nativeTid=2992
CST 2026-07-17 18:48:32.659  2992  2992 I A02900/R1Api24Probe: E1_BUFFER_SAMPLE|round=2|sample=58|length=57|leftSentinel=139|rightSentinel=116|hash=886356486|guards=true|nativeTid=2992
CST 2026-07-17 18:48:32.660  2992  2992 I A02900/R1Api24Probe: E1_BUFFER_SAMPLE|round=2|sample=59|length=58|leftSentinel=140|rightSentinel=115|hash=56201336|guards=true|nativeTid=2992
CST 2026-07-17 18:48:32.660  2992  2992 I A02900/R1Api24Probe: E1_BUFFER_SAMPLE|round=2|sample=60|length=59|leftSentinel=141|rightSentinel=114|hash=4281663497|guards=true|nativeTid=2992
CST 2026-07-17 18:48:32.660  2992  2992 I A02900/R1Api24Probe: E1_BUFFER_SAMPLE|round=2|sample=61|length=60|leftSentinel=142|rightSentinel=113|hash=709859569|guards=true|nativeTid=2992
CST 2026-07-17 18:48:32.660  2992  2992 I A02900/R1Api24Probe: E1_BUFFER_SAMPLE|round=2|sample=62|length=61|leftSentinel=143|rightSentinel=112|hash=2066618010|guards=true|nativeTid=2992
CST 2026-07-17 18:48:32.660  2992  2992 I A02900/R1Api24Probe: E1_BUFFER_SAMPLE|round=2|sample=63|length=62|leftSentinel=144|rightSentinel=111|hash=3210527608|guards=true|nativeTid=2992
CST 2026-07-17 18:48:32.660  2992  2992 I A02900/R1Api24Probe: E1_BUFFER_SAMPLE|round=2|sample=64|length=63|leftSentinel=145|rightSentinel=110|hash=1094352737|guards=true|nativeTid=2992
CST 2026-07-17 18:48:32.660  2992  2992 I A02900/R1Api24Probe: E1_BUFFER_SAMPLE|round=2|sample=65|length=64|leftSentinel=146|rightSentinel=109|hash=1749922821|guards=true|nativeTid=2992
CST 2026-07-17 18:48:32.660  2992  2992 I A02900/R1Api24Probe: E1_BUFFER_SAMPLE|round=2|sample=66|length=65|leftSentinel=147|rightSentinel=108|hash=1110950310|guards=true|nativeTid=2992
CST 2026-07-17 18:48:32.660  2992  2992 I A02900/R1Api24Probe: E1_BUFFER_SAMPLE|round=2|sample=67|length=66|leftSentinel=148|rightSentinel=107|hash=641830984|guards=true|nativeTid=2992
CST 2026-07-17 18:48:32.661  2992  2992 I A02900/R1Api24Probe: E1_BUFFER_SAMPLE|round=2|sample=68|length=67|leftSentinel=149|rightSentinel=106|hash=247748953|guards=true|nativeTid=2992
CST 2026-07-17 18:48:32.661  2992  2992 I A02900/R1Api24Probe: E1_BUFFER_SAMPLE|round=2|sample=69|length=68|leftSentinel=150|rightSentinel=105|hash=2341970025|guards=true|nativeTid=2992
CST 2026-07-17 18:48:32.661  2992  2992 I A02900/R1Api24Probe: E1_BUFFER_SAMPLE|round=2|sample=70|length=69|leftSentinel=151|rightSentinel=104|hash=2990740138|guards=true|nativeTid=2992
CST 2026-07-17 18:48:32.661  2992  2992 I A02900/R1Api24Probe: E1_BUFFER_SAMPLE|round=2|sample=71|length=70|leftSentinel=152|rightSentinel=103|hash=2323090568|guards=true|nativeTid=2992
CST 2026-07-17 18:48:32.661  2992  2992 I A02900/R1Api24Probe: E1_BUFFER_SAMPLE|round=2|sample=72|length=71|leftSentinel=153|rightSentinel=102|hash=4016329105|guards=true|nativeTid=2992
CST 2026-07-17 18:48:32.661  2992  2992 I A02900/R1Api24Probe: E1_BUFFER_SAMPLE|round=2|sample=73|length=72|leftSentinel=154|rightSentinel=101|hash=1070330413|guards=true|nativeTid=2992
CST 2026-07-17 18:48:32.661  2992  2992 I A02900/R1Api24Probe: E1_BUFFER_SAMPLE|round=2|sample=74|length=73|leftSentinel=155|rightSentinel=100|hash=705591942|guards=true|nativeTid=2992
CST 2026-07-17 18:48:32.661  2992  2992 I A02900/R1Api24Probe: E1_BUFFER_SAMPLE|round=2|sample=75|length=74|leftSentinel=156|rightSentinel=99|hash=1891403800|guards=true|nativeTid=2992
CST 2026-07-17 18:48:32.662  2992  2992 I A02900/R1Api24Probe: E1_BUFFER_SAMPLE|round=2|sample=76|length=75|leftSentinel=157|rightSentinel=98|hash=4040648457|guards=true|nativeTid=2992
CST 2026-07-17 18:48:32.662  2992  2992 I A02900/R1Api24Probe: E1_BUFFER_SAMPLE|round=2|sample=77|length=76|leftSentinel=158|rightSentinel=97|hash=505319393|guards=true|nativeTid=2992
CST 2026-07-17 18:48:32.662  2992  2992 I A02900/R1Api24Probe: E1_BUFFER_SAMPLE|round=2|sample=78|length=77|leftSentinel=159|rightSentinel=96|hash=3436084186|guards=true|nativeTid=2992
CST 2026-07-17 18:48:32.662  2992  2992 I A02900/R1Api24Probe: E1_BUFFER_SAMPLE|round=2|sample=79|length=78|leftSentinel=160|rightSentinel=95|hash=3829180856|guards=true|nativeTid=2992
CST 2026-07-17 18:48:32.662  2992  2992 I A02900/R1Api24Probe: E1_BUFFER_SAMPLE|round=2|sample=80|length=79|leftSentinel=161|rightSentinel=94|hash=1594469825|guards=true|nativeTid=2992
CST 2026-07-17 18:48:32.663   765   765 E C01406/RSScreenManager: IsAllScreensPowerOff: screenPowerStatus_ is empty.
CST 2026-07-17 18:48:32.664  2992  2992 I A02900/R1Api24Probe: E1_BUFFER_SAMPLE|round=2|sample=81|length=80|leftSentinel=162|rightSentinel=93|hash=1899837845|guards=true|nativeTid=2992
CST 2026-07-17 18:48:32.664  2992  2992 I A02900/R1Api24Probe: E1_BUFFER_SAMPLE|round=2|sample=82|length=81|leftSentinel=163|rightSentinel=92|hash=2061992550|guards=true|nativeTid=2992
CST 2026-07-17 18:48:32.664  2992  2992 I A02900/R1Api24Probe: E1_BUFFER_SAMPLE|round=2|sample=83|length=82|leftSentinel=164|rightSentinel=91|hash=185920424|guards=true|nativeTid=2992
CST 2026-07-17 18:48:32.664  2992  2992 I A02900/R1Api24Probe: E1_BUFFER_SAMPLE|round=2|sample=84|length=83|leftSentinel=165|rightSentinel=90|hash=1299581785|guards=true|nativeTid=2992
CST 2026-07-17 18:48:32.664  2992  2992 I A02900/R1Api24Probe: E1_BUFFER_SAMPLE|round=2|sample=85|length=84|leftSentinel=166|rightSentinel=89|hash=3762529721|guards=true|nativeTid=2992
CST 2026-07-17 18:48:32.664  2992  2992 I A02900/R1Api24Probe: E1_BUFFER_SAMPLE|round=2|sample=86|length=85|leftSentinel=167|rightSentinel=88|hash=1659312266|guards=true|nativeTid=2992
CST 2026-07-17 18:48:32.664  2992  2992 I A02900/R1Api24Probe: E1_BUFFER_SAMPLE|round=2|sample=87|length=86|leftSentinel=168|rightSentinel=87|hash=1338804552|guards=true|nativeTid=2992
CST 2026-07-17 18:48:32.664  2992  2992 I A02900/R1Api24Probe: E1_BUFFER_SAMPLE|round=2|sample=88|length=87|leftSentinel=169|rightSentinel=86|hash=1896474609|guards=true|nativeTid=2992
CST 2026-07-17 18:48:32.664  2992  2992 I A02900/R1Api24Probe: E1_BUFFER_SAMPLE|round=2|sample=89|length=88|leftSentinel=170|rightSentinel=85|hash=2670842941|guards=true|nativeTid=2992
CST 2026-07-17 18:48:32.665  2992  2992 I A02900/R1Api24Probe: E1_BUFFER_SAMPLE|round=2|sample=90|length=89|leftSentinel=171|rightSentinel=84|hash=3984066630|guards=true|nativeTid=2992
CST 2026-07-17 18:48:32.665  2992  2992 I A02900/R1Api24Probe: E1_BUFFER_SAMPLE|round=2|sample=91|length=90|leftSentinel=172|rightSentinel=83|hash=4002591032|guards=true|nativeTid=2992
CST 2026-07-17 18:48:32.665  2992  2992 I A02900/R1Api24Probe: E1_BUFFER_SAMPLE|round=2|sample=92|length=91|leftSentinel=173|rightSentinel=82|hash=2240255497|guards=true|nativeTid=2992
CST 2026-07-17 18:48:32.665  2992  2992 I A02900/R1Api24Probe: E1_BUFFER_SAMPLE|round=2|sample=93|length=92|leftSentinel=174|rightSentinel=81|hash=1007975441|guards=true|nativeTid=2992
CST 2026-07-17 18:48:32.665  2992  2992 I A02900/R1Api24Probe: E1_BUFFER_SAMPLE|round=2|sample=94|length=93|leftSentinel=175|rightSentinel=80|hash=1854176858|guards=true|nativeTid=2992
CST 2026-07-17 18:48:32.665  2992  2992 I A02900/R1Api24Probe: E1_BUFFER_SAMPLE|round=2|sample=95|length=94|leftSentinel=176|rightSentinel=79|hash=4136003640|guards=true|nativeTid=2992
CST 2026-07-17 18:48:32.665   634  2365 I C02515/DISP: [InitBufferHandle:229] express init gbuffer id 93d00000049 ret 0 err 0 fd 6 222 222 pixel 4 size 197136 usage 2b
CST 2026-07-17 18:48:32.665   634  2365 I C02515/DISP: [ExpressAllocMem:271] ExpressAllocMem requeset BufferHandle 6, width 222, heigt 222, format 20
CST 2026-07-17 18:48:32.665  2992  2992 I A02900/R1Api24Probe: E1_BUFFER_SAMPLE|round=2|sample=96|length=95|leftSentinel=177|rightSentinel=78|hash=2956514401|guards=true|nativeTid=2992
CST 2026-07-17 18:48:32.665   635   695 W C02515/DISP: [SetLayerMaskInfo:495] <private> is not supported
CST 2026-07-17 18:48:32.665  2992  2992 I A02900/R1Api24Probe: E1_BUFFER_SAMPLE|round=2|sample=97|length=96|leftSentinel=178|rightSentinel=77|hash=224583909|guards=true|nativeTid=2992
CST 2026-07-17 18:48:32.666  2992  2992 I A02900/R1Api24Probe: E1_BUFFER_SAMPLE|round=2|sample=98|length=97|leftSentinel=179|rightSentinel=76|hash=677674214|guards=true|nativeTid=2992
CST 2026-07-17 18:48:32.666  2992  2992 I A02900/R1Api24Probe: E1_BUFFER_SAMPLE|round=2|sample=99|length=98|leftSentinel=180|rightSentinel=75|hash=812257160|guards=true|nativeTid=2992
CST 2026-07-17 18:48:32.666  2992  2992 I A02900/R1Api24Probe: E1_BUFFER_SAMPLE|round=2|sample=100|length=99|leftSentinel=181|rightSentinel=74|hash=1759055449|guards=true|nativeTid=2992
CST 2026-07-17 18:48:32.666  2992  2992 I A02900/R1Api24Probe: E1_FD_CREATED|fdA=37|fdB=38|creatorTid=2992|owner=ArkTS
CST 2026-07-17 18:48:32.666  2992  2992 I A02900/R1Api24Probe: E1_FD_RESULT|round=2|fdA=37|fdB=38|duplicateFd=39|written=23|read=23|payload=fd-round-02-sentinel-4a|payloadHash=4098012082|closeA=0|closeDuplicate=0|closeB=0|duplicateCloseA=-1|errnoA=9|duplicateCloseB=-1|errnoB=9|owner=closed-by-native|nativeTid=2992
CST 2026-07-17 18:48:32.666  2992  3210 I A02900/R1Api24Probe: E1_PTHREAD_START|round=2|producerTid=3210
CST 2026-07-17 18:48:32.667  2992  3210 I A02900/R1Api24Probe: E1_PTHREAD_FINISH|round=2|producerTid=3210|queued=100|status=0
CST 2026-07-17 18:48:32.667  2992  2992 I A02900/R1Api24Probe: E1_CALLBACK_SAMPLE|round=2|sequence=1|producerTid=3210|consumerTid=2992|payload=r02-s001-x41|hash=692109288|valid=true
CST 2026-07-17 18:48:32.667  2992  2992 I A02900/R1Api24Probe: E1_CALLBACK_SAMPLE|round=2|sequence=2|producerTid=3210|consumerTid=2992|payload=r02-s002-x60|hash=414176580|valid=true
CST 2026-07-17 18:48:32.667  2992  2992 I A02900/R1Api24Probe: E1_CALLBACK_SAMPLE|round=2|sequence=3|producerTid=3210|consumerTid=2992|payload=r02-s003-x7f|hash=1125027060|valid=true
CST 2026-07-17 18:48:32.667  2992  2992 I A02900/R1Api24Probe: E1_CALLBACK_SAMPLE|round=2|sequence=4|producerTid=3210|consumerTid=2992|payload=r02-s004-x9e|hash=1750733894|valid=true
CST 2026-07-17 18:48:32.667  2992  2992 I A02900/R1Api24Probe: E1_CALLBACK_SAMPLE|round=2|sequence=5|producerTid=3210|consumerTid=2992|payload=r02-s005-xbd|hash=1254297621|valid=true
CST 2026-07-17 18:48:32.667  2992  2992 I A02900/R1Api24Probe: E1_CALLBACK_SAMPLE|round=2|sequence=6|producerTid=3210|consumerTid=2992|payload=r02-s006-xdc|hash=2790552855|valid=true
CST 2026-07-17 18:48:32.667  2992  2992 I A02900/R1Api24Probe: E1_CALLBACK_SAMPLE|round=2|sequence=7|producerTid=3210|consumerTid=2992|payload=r02-s007-xfb|hash=845550961|valid=true
CST 2026-07-17 18:48:32.667  2992  2992 I A02900/R1Api24Probe: E1_CALLBACK_SAMPLE|round=2|sequence=8|producerTid=3210|consumerTid=2992|payload=r02-s008-x1a|hash=3185818438|valid=true
CST 2026-07-17 18:48:32.667  2992  2992 I A02900/R1Api24Probe: E1_CALLBACK_SAMPLE|round=2|sequence=9|producerTid=3210|consumerTid=2992|payload=r02-s009-x39|hash=700719799|valid=true
CST 2026-07-17 18:48:32.667  2992  2992 I A02900/R1Api24Probe: E1_CALLBACK_SAMPLE|round=2|sequence=10|producerTid=3210|consumerTid=2992|payload=r02-s010-x58|hash=3300336116|valid=true
CST 2026-07-17 18:48:32.667  2992  2992 I A02900/R1Api24Probe: E1_CALLBACK_SAMPLE|round=2|sequence=11|producerTid=3210|consumerTid=2992|payload=r02-s011-x77|hash=118817048|valid=true
CST 2026-07-17 18:48:32.667  2992  2992 I A02900/R1Api24Probe: E1_CALLBACK_SAMPLE|round=2|sequence=12|producerTid=3210|consumerTid=2992|payload=r02-s012-x96|hash=472395092|valid=true
CST 2026-07-17 18:48:32.668  2992  2992 I A02900/R1Api24Probe: E1_CALLBACK_SAMPLE|round=2|sequence=13|producerTid=3210|consumerTid=2992|payload=r02-s013-xb5|hash=2394519377|valid=true
CST 2026-07-17 18:48:32.668  2992  2992 I A02900/R1Api24Probe: E1_CALLBACK_SAMPLE|round=2|sequence=14|producerTid=3210|consumerTid=2992|payload=r02-s014-xd4|hash=3862381925|valid=true
CST 2026-07-17 18:48:32.668  2992  2992 I A02900/R1Api24Probe: E1_CALLBACK_SAMPLE|round=2|sequence=15|producerTid=3210|consumerTid=2992|payload=r02-s015-xf3|hash=3316432369|valid=true
CST 2026-07-17 18:48:32.668  2992  2992 I A02900/R1Api24Probe: E1_CALLBACK_SAMPLE|round=2|sequence=16|producerTid=3210|consumerTid=2992|payload=r02-s016-x12|hash=1773258684|valid=true
CST 2026-07-17 18:48:32.668  2992  2992 I A02900/R1Api24Probe: E1_CALLBACK_SAMPLE|round=2|sequence=17|producerTid=3210|consumerTid=2992|payload=r02-s017-x31|hash=665693436|valid=true
CST 2026-07-17 18:48:32.668  2992  2992 I A02900/R1Api24Probe: E1_CALLBACK_SAMPLE|round=2|sequence=18|producerTid=3210|consumerTid=2992|payload=r02-s018-x50|hash=3461540612|valid=true
CST 2026-07-17 18:48:32.668  2992  2992 I A02900/R1Api24Probe: E1_CALLBACK_SAMPLE|round=2|sequence=19|producerTid=3210|consumerTid=2992|payload=r02-s019-x6f|hash=2426460966|valid=true
CST 2026-07-17 18:48:32.668  2992  2992 I A02900/R1Api24Probe: E1_CALLBACK_SAMPLE|round=2|sequence=20|producerTid=3210|consumerTid=2992|payload=r02-s020-x8e|hash=1786156345|valid=true
CST 2026-07-17 18:48:32.668  2992  2992 I A02900/R1Api24Probe: E1_CALLBACK_SAMPLE|round=2|sequence=21|producerTid=3210|consumerTid=2992|payload=r02-s021-xad|hash=1081121356|valid=true
CST 2026-07-17 18:48:32.668  2992  2992 I A02900/R1Api24Probe: E1_CALLBACK_SAMPLE|round=2|sequence=22|producerTid=3210|consumerTid=2992|payload=r02-s022-xcc|hash=2864075518|valid=true
CST 2026-07-17 18:48:32.668  2992  2992 I A02900/R1Api24Probe: E1_CALLBACK_SAMPLE|round=2|sequence=23|producerTid=3210|consumerTid=2992|payload=r02-s023-xeb|hash=2849498372|valid=true
CST 2026-07-17 18:48:32.668  2992  2992 I A02900/R1Api24Probe: E1_CALLBACK_SAMPLE|round=2|sequence=24|producerTid=3210|consumerTid=2992|payload=r02-s024-x0a|hash=1610297833|valid=true
CST 2026-07-17 18:48:32.668  2992  2992 I A02900/R1Api24Probe: E1_CALLBACK_SAMPLE|round=2|sequence=25|producerTid=3210|consumerTid=2992|payload=r02-s025-x29|hash=1165784604|valid=true
CST 2026-07-17 18:48:32.668  2992  2992 I A02900/R1Api24Probe: E1_CALLBACK_SAMPLE|round=2|sequence=26|producerTid=3210|consumerTid=2992|payload=r02-s026-x48|hash=2117672928|valid=true
CST 2026-07-17 18:48:32.668  2992  2992 I A02900/R1Api24Probe: E1_CALLBACK_SAMPLE|round=2|sequence=27|producerTid=3210|consumerTid=2992|payload=r02-s027-x67|hash=671705024|valid=true
CST 2026-07-17 18:48:32.668  2992  2992 I A02900/R1Api24Probe: E1_CALLBACK_SAMPLE|round=2|sequence=28|producerTid=3210|consumerTid=2992|payload=r02-s028-x86|hash=1985807416|valid=true
CST 2026-07-17 18:48:32.669  2992  2992 I A02900/R1Api24Probe: E1_CALLBACK_SAMPLE|round=2|sequence=29|producerTid=3210|consumerTid=2992|payload=r02-s029-xa5|hash=984500327|valid=true
CST 2026-07-17 18:48:32.669  2992  2992 I A02900/R1Api24Probe: E1_CALLBACK_SAMPLE|round=2|sequence=30|producerTid=3210|consumerTid=2992|payload=r02-s030-xc4|hash=1383103716|valid=true
CST 2026-07-17 18:48:32.669  2992  2992 I A02900/R1Api24Probe: E1_CALLBACK_SAMPLE|round=2|sequence=31|producerTid=3210|consumerTid=2992|payload=r02-s031-xe3|hash=654876200|valid=true
CST 2026-07-17 18:48:32.669  2992  2992 I A02900/R1Api24Probe: E1_CALLBACK_SAMPLE|round=2|sequence=32|producerTid=3210|consumerTid=2992|payload=r02-s032-x02|hash=1547056351|valid=true
CST 2026-07-17 18:48:32.669  2992  2992 I A02900/R1Api24Probe: E1_CALLBACK_SAMPLE|round=2|sequence=33|producerTid=3210|consumerTid=2992|payload=r02-s033-x21|hash=3210529623|valid=true
CST 2026-07-17 18:48:32.669  2992  2992 I A02900/R1Api24Probe: E1_CALLBACK_SAMPLE|round=2|sequence=34|producerTid=3210|consumerTid=2992|payload=r02-s034-x40|hash=3843880739|valid=true
CST 2026-07-17 18:48:32.669  2992  2992 I A02900/R1Api24Probe: E1_CALLBACK_SAMPLE|round=2|sequence=35|producerTid=3210|consumerTid=2992|payload=r02-s035-x5f|hash=1274062507|valid=true
CST 2026-07-17 18:48:32.669  2992  2992 I A02900/R1Api24Probe: E1_CALLBACK_SAMPLE|round=2|sequence=36|producerTid=3210|consumerTid=2992|payload=r02-s036-x7e|hash=33906581|valid=true
CST 2026-07-17 18:48:32.669  2992  2992 I A02900/R1Api24Probe: E1_CALLBACK_SAMPLE|round=2|sequence=37|producerTid=3210|consumerTid=2992|payload=r02-s037-x9d|hash=741085783|valid=true
CST 2026-07-17 18:48:32.669  2992  2992 I A02900/R1Api24Probe: E1_CALLBACK_SAMPLE|round=2|sequence=38|producerTid=3210|consumerTid=2992|payload=r02-s038-xbc|hash=2808748848|valid=true
CST 2026-07-17 18:48:32.669  2992  2992 I A02900/R1Api24Probe: E1_CALLBACK_SAMPLE|round=2|sequence=39|producerTid=3210|consumerTid=2992|payload=r02-s039-xdb|hash=3682014598|valid=true
CST 2026-07-17 18:48:32.669  2992  2992 I A02900/R1Api24Probe: E1_CALLBACK_SAMPLE|round=2|sequence=40|producerTid=3210|consumerTid=2992|payload=r02-s040-xfa|hash=1845459213|valid=true
CST 2026-07-17 18:48:32.669  2992  2992 I A02900/R1Api24Probe: E1_CALLBACK_SAMPLE|round=2|sequence=41|producerTid=3210|consumerTid=2992|payload=r02-s041-x19|hash=3644835701|valid=true
CST 2026-07-17 18:48:32.669  2992  2992 I A02900/R1Api24Probe: E1_CALLBACK_SAMPLE|round=2|sequence=42|producerTid=3210|consumerTid=2992|payload=r02-s042-x38|hash=746654165|valid=true
CST 2026-07-17 18:48:32.669  2992  2992 I A02900/R1Api24Probe: E1_CALLBACK_SAMPLE|round=2|sequence=43|producerTid=3210|consumerTid=2992|payload=r02-s043-x57|hash=3632837469|valid=true
CST 2026-07-17 18:48:32.669  2992  2992 I A02900/R1Api24Probe: E1_CALLBACK_SAMPLE|round=2|sequence=44|producerTid=3210|consumerTid=2992|payload=r02-s044-x76|hash=3804944441|valid=true
CST 2026-07-17 18:48:32.670  2992  2992 I A02900/R1Api24Probe: E1_CALLBACK_SAMPLE|round=2|sequence=45|producerTid=3210|consumerTid=2992|payload=r02-s045-x95|hash=1938749397|valid=true
CST 2026-07-17 18:48:32.670  2992  2992 I A02900/R1Api24Probe: E1_CALLBACK_SAMPLE|round=2|sequence=46|producerTid=3210|consumerTid=2992|payload=r02-s046-xb4|hash=1367646340|valid=true
CST 2026-07-17 18:48:32.670  2992  2992 I A02900/R1Api24Probe: E1_CALLBACK_SAMPLE|round=2|sequence=47|producerTid=3210|consumerTid=2992|payload=r02-s047-xd3|hash=887830324|valid=true
CST 2026-07-17 18:48:32.670  2992  2992 I A02900/R1Api24Probe: E1_CALLBACK_SAMPLE|round=2|sequence=48|producerTid=3210|consumerTid=2992|payload=r02-s048-xf2|hash=2745049564|valid=true
CST 2026-07-17 18:48:32.670  2992  2992 I A02900/R1Api24Probe: E1_CALLBACK_SAMPLE|round=2|sequence=49|producerTid=3210|consumerTid=2992|payload=r02-s049-x11|hash=1328021605|valid=true
CST 2026-07-17 18:48:32.670  2992  2992 I A02900/R1Api24Probe: E1_CALLBACK_SAMPLE|round=2|sequence=50|producerTid=3210|consumerTid=2992|payload=r02-s050-x30|hash=1130631614|valid=true
CST 2026-07-17 18:48:32.670  2992  2992 I A02900/R1Api24Probe: E1_CALLBACK_SAMPLE|round=2|sequence=51|producerTid=3210|consumerTid=2992|payload=r02-s051-x4f|hash=3151799744|valid=true
CST 2026-07-17 18:48:32.670  2992  2992 I A02900/R1Api24Probe: E1_CALLBACK_SAMPLE|round=2|sequence=52|producerTid=3210|consumerTid=2992|payload=r02-s052-x6e|hash=1962131030|valid=true
CST 2026-07-17 18:48:32.670  2992  2992 I A02900/R1Api24Probe: E1_CALLBACK_SAMPLE|round=2|sequence=53|producerTid=3210|consumerTid=2992|payload=r02-s053-x8d|hash=890867704|valid=true
CST 2026-07-17 18:48:32.670  2992  2992 I A02900/R1Api24Probe: E1_CALLBACK_SAMPLE|round=2|sequence=54|producerTid=3210|consumerTid=2992|payload=r02-s054-xac|hash=3126540217|valid=true
CST 2026-07-17 18:48:32.670  2992  2992 I A02900/R1Api24Probe: E1_CALLBACK_SAMPLE|round=2|sequence=55|producerTid=3210|consumerTid=2992|payload=r02-s055-xcb|hash=268173243|valid=true
CST 2026-07-17 18:48:32.670  2992  2992 I A02900/R1Api24Probe: E1_CALLBACK_SAMPLE|round=2|sequence=56|producerTid=3210|consumerTid=2992|payload=r02-s056-xea|hash=667060413|valid=true
CST 2026-07-17 18:48:32.670  2992  2992 I A02900/R1Api24Probe: E1_CALLBACK_SAMPLE|round=2|sequence=57|producerTid=3210|consumerTid=2992|payload=r02-s057-x09|hash=3939723195|valid=true
CST 2026-07-17 18:48:32.670  2992  2992 I A02900/R1Api24Probe: E1_CALLBACK_SAMPLE|round=2|sequence=58|producerTid=3210|consumerTid=2992|payload=r02-s058-x28|hash=1088760055|valid=true
CST 2026-07-17 18:48:32.670  2992  2992 I A02900/R1Api24Probe: E1_CALLBACK_SAMPLE|round=2|sequence=59|producerTid=3210|consumerTid=2992|payload=r02-s059-x47|hash=3026212827|valid=true
CST 2026-07-17 18:48:32.670  2992  2992 I A02900/R1Api24Probe: E1_CALLBACK_SAMPLE|round=2|sequence=60|producerTid=3210|consumerTid=2992|payload=r02-s060-x66|hash=1677004458|valid=true
CST 2026-07-17 18:48:32.670  2992  2992 I A02900/R1Api24Probe: E1_CALLBACK_SAMPLE|round=2|sequence=61|producerTid=3210|consumerTid=2992|payload=r02-s061-x85|hash=2151905702|valid=true
CST 2026-07-17 18:48:32.670   634  2365 I C02515/DISP: [ExpressFreeMem:317] freeMem bufferhandle gbuffer_id 93d00000049, width 222, heigt 222
CST 2026-07-17 18:48:32.670  2992  2992 I A02900/R1Api24Probe: E1_CALLBACK_SAMPLE|round=2|sequence=62|producerTid=3210|consumerTid=2992|payload=r02-s062-xa4|hash=1800930161|valid=true
CST 2026-07-17 18:48:32.671   635   695 I C02515/DISP: [CommitComposeLayer:67] CommitComposeLayer! 10
CST 2026-07-17 18:48:32.671  2992  2992 I A02900/R1Api24Probe: E1_CALLBACK_SAMPLE|round=2|sequence=63|producerTid=3210|consumerTid=2992|payload=r02-s063-xc3|hash=1751786473|valid=true
CST 2026-07-17 18:48:32.671  2992  2992 I A02900/R1Api24Probe: E1_CALLBACK_SAMPLE|round=2|sequence=64|producerTid=3210|consumerTid=2992|payload=r02-s064-xe2|hash=434595029|valid=true
CST 2026-07-17 18:48:32.671  2992  2992 I A02900/R1Api24Probe: E1_CALLBACK_SAMPLE|round=2|sequence=65|producerTid=3210|consumerTid=2992|payload=r02-s065-x01|hash=3849236958|valid=true
CST 2026-07-17 18:48:32.671  2992  2992 I A02900/R1Api24Probe: E1_CALLBACK_SAMPLE|round=2|sequence=66|producerTid=3210|consumerTid=2992|payload=r02-s066-x20|hash=3321174858|valid=true
CST 2026-07-17 18:48:32.671  2992  2992 I A02900/R1Api24Probe: E1_CALLBACK_SAMPLE|round=2|sequence=67|producerTid=3210|consumerTid=2992|payload=r02-s067-x3f|hash=2278484526|valid=true
CST 2026-07-17 18:48:32.671  2992  2992 I A02900/R1Api24Probe: E1_CALLBACK_SAMPLE|round=2|sequence=68|producerTid=3210|consumerTid=2992|payload=r02-s068-x5e|hash=342590660|valid=true
CST 2026-07-17 18:48:32.671  2992  2992 I A02900/R1Api24Probe: E1_CALLBACK_SAMPLE|round=2|sequence=69|producerTid=3210|consumerTid=2992|payload=r02-s069-x7d|hash=3354658734|valid=true
CST 2026-07-17 18:48:32.671  2992  2992 I A02900/R1Api24Probe: E1_CALLBACK_SAMPLE|round=2|sequence=70|producerTid=3210|consumerTid=2992|payload=r02-s070-x9c|hash=1317293123|valid=true
CST 2026-07-17 18:48:32.671  2992  2992 I A02900/R1Api24Probe: E1_CALLBACK_SAMPLE|round=2|sequence=71|producerTid=3210|consumerTid=2992|payload=r02-s071-xbb|hash=1155849532|valid=true
CST 2026-07-17 18:48:32.671  2992  2992 I A02900/R1Api24Probe: E1_CALLBACK_SAMPLE|round=2|sequence=72|producerTid=3210|consumerTid=2992|payload=r02-s072-xda|hash=368777626|valid=true
CST 2026-07-17 18:48:32.671  2992  2992 I A02900/R1Api24Probe: E1_CALLBACK_SAMPLE|round=2|sequence=73|producerTid=3210|consumerTid=2992|payload=r02-s073-xf9|hash=4147148791|valid=true
CST 2026-07-17 18:48:32.671  2992  2992 I A02900/R1Api24Probe: E1_CALLBACK_SAMPLE|round=2|sequence=74|producerTid=3210|consumerTid=2992|payload=r02-s074-x18|hash=3906787090|valid=true
CST 2026-07-17 18:48:32.671  2992  2992 I A02900/R1Api24Probe: E1_CALLBACK_SAMPLE|round=2|sequence=75|producerTid=3210|consumerTid=2992|payload=r02-s075-x37|hash=721751742|valid=true
CST 2026-07-17 18:48:32.671  2992  2992 I A02900/R1Api24Probe: E1_CALLBACK_SAMPLE|round=2|sequence=76|producerTid=3210|consumerTid=2992|payload=r02-s076-x56|hash=3894788858|valid=true
CST 2026-07-17 18:48:32.671  2992  2992 I A02900/R1Api24Probe: E1_CALLBACK_SAMPLE|round=2|sequence=77|producerTid=3210|consumerTid=2992|payload=r02-s077-x75|hash=3351877618|valid=true
CST 2026-07-17 18:48:32.671  2992  2992 I A02900/R1Api24Probe: E1_CALLBACK_SAMPLE|round=2|sequence=78|producerTid=3210|consumerTid=2992|payload=r02-s078-x94|hash=2866908250|valid=true
CST 2026-07-17 18:48:32.671  2992  2992 I A02900/R1Api24Probe: E1_CALLBACK_SAMPLE|round=2|sequence=79|producerTid=3210|consumerTid=2992|payload=r02-s079-xb3|hash=886018903|valid=true
CST 2026-07-17 18:48:32.671  2992  2992 I A02900/R1Api24Probe: E1_CALLBACK_SAMPLE|round=2|sequence=80|producerTid=3210|consumerTid=2992|payload=r02-s080-xd2|hash=595266426|valid=true
CST 2026-07-17 18:48:32.672  2992  2992 I A02900/R1Api24Probe: E1_CALLBACK_SAMPLE|round=2|sequence=81|producerTid=3210|consumerTid=2992|payload=r02-s081-xf1|hash=4255379630|valid=true
CST 2026-07-17 18:48:32.672  2992  2992 I A02900/R1Api24Probe: E1_CALLBACK_SAMPLE|round=2|sequence=82|producerTid=3210|consumerTid=2992|payload=r02-s082-x10|hash=3981793667|valid=true
CST 2026-07-17 18:48:32.672  2992  2992 I A02900/R1Api24Probe: E1_CALLBACK_SAMPLE|round=2|sequence=83|producerTid=3210|consumerTid=2992|payload=r02-s083-x2f|hash=2517900397|valid=true
CST 2026-07-17 18:48:32.672  2992  2992 I A02900/R1Api24Probe: E1_CALLBACK_SAMPLE|round=2|sequence=84|producerTid=3210|consumerTid=2992|payload=r02-s084-x4e|hash=3739283319|valid=true
CST 2026-07-17 18:48:32.672  2992  2992 I A02900/R1Api24Probe: E1_CALLBACK_SAMPLE|round=2|sequence=85|producerTid=3210|consumerTid=2992|payload=r02-s085-x6d|hash=4246479961|valid=true
CST 2026-07-17 18:48:32.672  2992  2992 I A02900/R1Api24Probe: E1_CALLBACK_SAMPLE|round=2|sequence=86|producerTid=3210|consumerTid=2992|payload=r02-s086-x8c|hash=2391451067|valid=true
CST 2026-07-17 18:48:32.672  2992  2992 I A02900/R1Api24Probe: E1_CALLBACK_SAMPLE|round=2|sequence=87|producerTid=3210|consumerTid=2992|payload=r02-s087-xab|hash=785584322|valid=true
CST 2026-07-17 18:48:32.672  2992  2992 I A02900/R1Api24Probe: E1_CALLBACK_SAMPLE|round=2|sequence=88|producerTid=3210|consumerTid=2992|payload=r02-s088-xca|hash=3082932960|valid=true
CST 2026-07-17 18:48:32.672  2992  2992 I A02900/R1Api24Probe: E1_CALLBACK_SAMPLE|round=2|sequence=89|producerTid=3210|consumerTid=2992|payload=r02-s089-xe9|hash=747718797|valid=true
CST 2026-07-17 18:48:32.672  2992  2992 I A02900/R1Api24Probe: E1_CALLBACK_SAMPLE|round=2|sequence=90|producerTid=3210|consumerTid=2992|payload=r02-s090-x08|hash=2478563745|valid=true
CST 2026-07-17 18:48:32.672  2992  2992 I A02900/R1Api24Probe: E1_CALLBACK_SAMPLE|round=2|sequence=91|producerTid=3210|consumerTid=2992|payload=r02-s091-x27|hash=1482960669|valid=true
CST 2026-07-17 18:48:32.672  2992  2992 I A02900/R1Api24Probe: E1_CALLBACK_SAMPLE|round=2|sequence=92|producerTid=3210|consumerTid=2992|payload=r02-s092-x46|hash=1603620965|valid=true
CST 2026-07-17 18:48:32.672  2992  2992 I A02900/R1Api24Probe: E1_CALLBACK_SAMPLE|round=2|sequence=93|producerTid=3210|consumerTid=2992|payload=r02-s093-x65|hash=3921036837|valid=true
CST 2026-07-17 18:48:32.672  2992  2992 I A02900/R1Api24Probe: E1_CALLBACK_SAMPLE|round=2|sequence=94|producerTid=3210|consumerTid=2992|payload=r02-s094-x84|hash=1210198209|valid=true
CST 2026-07-17 18:48:32.672  2992  2992 I A02900/R1Api24Probe: E1_CALLBACK_SAMPLE|round=2|sequence=95|producerTid=3210|consumerTid=2992|payload=r02-s095-xa3|hash=2795699602|valid=true
CST 2026-07-17 18:48:32.672  2992  2992 I A02900/R1Api24Probe: E1_CALLBACK_SAMPLE|round=2|sequence=96|producerTid=3210|consumerTid=2992|payload=r02-s096-xc2|hash=1134683438|valid=true
CST 2026-07-17 18:48:32.672  2992  2992 I A02900/R1Api24Probe: E1_CALLBACK_SAMPLE|round=2|sequence=97|producerTid=3210|consumerTid=2992|payload=r02-s097-xe1|hash=96491774|valid=true
CST 2026-07-17 18:48:32.673  2992  2992 I A02900/R1Api24Probe: E1_CALLBACK_SAMPLE|round=2|sequence=98|producerTid=3210|consumerTid=2992|payload=r02-s098-x00|hash=1233888705|valid=true
CST 2026-07-17 18:48:32.673  2992  2992 I A02900/R1Api24Probe: E1_CALLBACK_SAMPLE|round=2|sequence=99|producerTid=3210|consumerTid=2992|payload=r02-s099-x1f|hash=1087208077|valid=true
CST 2026-07-17 18:48:32.673  2992  2992 I A02900/R1Api24Probe: E1_CALLBACK_SAMPLE|round=2|sequence=100|producerTid=3210|consumerTid=2992|payload=r02-s100-x3e|hash=3222203459|valid=true
CST 2026-07-17 18:48:32.680  1657  2227 I C02515/DISP: [ExpressFreeMem:317] freeMem bufferhandle gbuffer_id 93d00000048, width 512, heigt 512
CST 2026-07-17 18:48:32.691   635   695 W C02515/DISP: [SetLayerMaskInfo:495] <private> is not supported
CST 2026-07-17 18:48:32.692   635   695 I C02515/DISP: [CommitComposeLayer:67] CommitComposeLayer! 10
CST 2026-07-17 18:48:32.701  1657  2227 I C02515/DISP: [ExpressFreeMem:317] freeMem bufferhandle gbuffer_id 93d00000049, width 222, heigt 222
CST 2026-07-17 18:48:32.705   765   765 E C01406/RSScreenManager: IsAllScreensPowerOff: screenPowerStatus_ is empty.
CST 2026-07-17 18:48:32.707   337   409 W C01704/TagSched: [a92ab708806f803] [operator()]The removed task is being executed, execute stop, Task = minUtilSched#10:2992:9
CST 2026-07-17 18:48:32.721  1657  2227 I C03900/HDS: [hds_drawable_descriptor.cpp-ProcessIcon:101]set pixelmap editable : 0 .
CST 2026-07-17 18:48:32.721  1657  2227 E C02b61/PixelMap: set ashmem name failed
CST 2026-07-17 18:48:32.721  1657  2227 W A01b00/SCB: GraphicUtils --> combinePic from HdsIcon, bundleName: com.huawei.hmos.health.core, iconSizeOfGrid: 64, hasBorder: true
CST 2026-07-17 18:48:32.721  1657  2227 I A01b00/SCB: IconResourceFwk --> getBundleIcon end param: com.huawei.hmos.health.core, 64, true true
CST 2026-07-17 18:48:32.722   635   695 W C02515/DISP: [SetLayerMaskInfo:495] <private> is not supported
CST 2026-07-17 18:48:32.722   765   765 E C01406/RSScreenManager: IsAllScreensPowerOff: screenPowerStatus_ is empty.
CST 2026-07-17 18:48:32.722   635   695 I C02515/DISP: [CommitComposeLayer:67] CommitComposeLayer! 10
CST 2026-07-17 18:48:32.723  2385  2385 I C02500/Qemud: Guest heartbeat success.
CST 2026-07-17 18:48:32.726  1767  1834 I C0430a/file_monitor_service: [MainMissionStatus:197]CanExit
CST 2026-07-17 18:48:32.726  1767  1834 I C0430a/file_monitor_service: [MainMissionStatus:203]SecondaryScanner idle
CST 2026-07-17 18:48:32.726  3212  3212 W C02c02/PARAM: Selinux check name persist.init.debug.loglevel in u:object_r:startup_init_param:s0 [3212 2000 2000] failed
CST 2026-07-17 18:48:32.727  3212  3212 W C02c02/PARAM: Selinux check name persist.init.debug.loglevel in u:object_r:startup_init_param:s0 [3212 2000 2000] failed
CST 2026-07-17 18:48:32.727  3212  3212 W C02c02/PARAM: SystemReadParam failed!name is:persist.init.debug.loglevel,err:1002
CST 2026-07-17 18:48:32.728  2992  2992 I A02900/R1Api24Probe: E1_ROUND_RESULT|verdict=PASS|round=2|pid=2992|mainTid=2992|producerTid=3210|consumerTid=2992|buffers=100|callbacks=100|fdTransfers=1|bufferHashAggregate=1954082213|callbackHashAggregate=418017168|fdPayloadHash=4098012082|beforeFd=38|afterFd=38|beforeThreads=29|afterThreads=29|monotonicIncrease=false
CST 2026-07-17 18:48:32.728  2992  2992 I A02900/R1Api24Probe: E1_BUFFER_SAMPLE|round=3|sample=1|length=0|leftSentinel=123|rightSentinel=132|hash=2166136261|guards=true|nativeTid=2992
CST 2026-07-17 18:48:32.728  2992  2992 I A02900/R1Api24Probe: E1_BUFFER_SAMPLE|round=3|sample=2|length=1|leftSentinel=124|rightSentinel=131|hash=3775669363|guards=true|nativeTid=2992
CST 2026-07-17 18:48:32.728  2992  2992 I A02900/R1Api24Probe: E1_BUFFER_SAMPLE|round=3|sample=3|length=2|leftSentinel=125|rightSentinel=130|hash=1397497516|guards=true|nativeTid=2992
CST 2026-07-17 18:48:32.728  2992  2992 I A02900/R1Api24Probe: E1_BUFFER_SAMPLE|round=3|sample=4|length=3|leftSentinel=126|rightSentinel=129|hash=3169959456|guards=true|nativeTid=2992
CST 2026-07-17 18:48:32.728  2992  2992 I A02900/R1Api24Probe: E1_BUFFER_SAMPLE|round=3|sample=5|length=4|leftSentinel=127|rightSentinel=128|hash=4179709657|guards=true|nativeTid=2992
CST 2026-07-17 18:48:32.728  2992  2992 I A02900/R1Api24Probe: E1_BUFFER_SAMPLE|round=3|sample=6|length=5|leftSentinel=128|rightSentinel=127|hash=2459630275|guards=true|nativeTid=2992
CST 2026-07-17 18:48:32.729  2992  2992 I A02900/R1Api24Probe: E1_BUFFER_SAMPLE|round=3|sample=7|length=6|leftSentinel=129|rightSentinel=126|hash=20793172|guards=true|nativeTid=2992
CST 2026-07-17 18:48:32.729  2992  2992 I A02900/R1Api24Probe: E1_BUFFER_SAMPLE|round=3|sample=8|length=7|leftSentinel=130|rightSentinel=125|hash=4135311932|guards=true|nativeTid=2992
CST 2026-07-17 18:48:32.729  2992  2992 I A02900/R1Api24Probe: E1_BUFFER_SAMPLE|round=3|sample=9|length=8|leftSentinel=131|rightSentinel=124|hash=2912242821|guards=true|nativeTid=2992
CST 2026-07-17 18:48:32.729  2992  2992 I A02900/R1Api24Probe: E1_BUFFER_SAMPLE|round=3|sample=10|length=9|leftSentinel=132|rightSentinel=123|hash=1281499043|guards=true|nativeTid=2992
CST 2026-07-17 18:48:32.729  2992  2992 I A02900/R1Api24Probe: E1_BUFFER_SAMPLE|round=3|sample=11|length=10|leftSentinel=133|rightSentinel=122|hash=283671836|guards=true|nativeTid=2992
CST 2026-07-17 18:48:32.729  2992  2992 I A02900/R1Api24Probe: E1_BUFFER_SAMPLE|round=3|sample=12|length=11|leftSentinel=134|rightSentinel=121|hash=1677556168|guards=true|nativeTid=2992
CST 2026-07-17 18:48:32.729  2992  2992 I A02900/R1Api24Probe: E1_BUFFER_SAMPLE|round=3|sample=13|length=12|leftSentinel=135|rightSentinel=120|hash=178329481|guards=true|nativeTid=2992
CST 2026-07-17 18:48:32.729  2992  2992 I A02900/R1Api24Probe: E1_BUFFER_SAMPLE|round=3|sample=14|length=13|leftSentinel=136|rightSentinel=119|hash=1200514227|guards=true|nativeTid=2992
CST 2026-07-17 18:48:32.729  2992  2992 I A02900/R1Api24Probe: E1_BUFFER_SAMPLE|round=3|sample=15|length=14|leftSentinel=137|rightSentinel=118|hash=1394375652|guards=true|nativeTid=2992
CST 2026-07-17 18:48:32.729  2992  2992 I A02900/R1Api24Probe: E1_BUFFER_SAMPLE|round=3|sample=16|length=15|leftSentinel=138|rightSentinel=117|hash=2618262484|guards=true|nativeTid=2992
CST 2026-07-17 18:48:32.729  2992  2992 I A02900/R1Api24Probe: E1_BUFFER_SAMPLE|round=3|sample=17|length=16|leftSentinel=139|rightSentinel=116|hash=1392754309|guards=true|nativeTid=2992
CST 2026-07-17 18:48:32.729  2992  2992 I A02900/R1Api24Probe: E1_BUFFER_SAMPLE|round=3|sample=18|length=17|leftSentinel=140|rightSentinel=115|hash=2365475795|guards=true|nativeTid=2992
CST 2026-07-17 18:48:32.729  2992  2992 I A02900/R1Api24Probe: E1_BUFFER_SAMPLE|round=3|sample=19|length=18|leftSentinel=141|rightSentinel=114|hash=4131390572|guards=true|nativeTid=2992
CST 2026-07-17 18:48:32.729  2992  2992 I A02900/R1Api24Probe: E1_BUFFER_SAMPLE|round=3|sample=20|length=19|leftSentinel=142|rightSentinel=113|hash=406369168|guards=true|nativeTid=2992
CST 2026-07-17 18:48:32.729  2992  2992 I A02900/R1Api24Probe: E1_BUFFER_SAMPLE|round=3|sample=21|length=20|leftSentinel=143|rightSentinel=112|hash=3262084921|guards=true|nativeTid=2992
CST 2026-07-17 18:48:32.729  2992  2992 I A02900/R1Api24Probe: E1_BUFFER_SAMPLE|round=3|sample=22|length=21|leftSentinel=144|rightSentinel=111|hash=1193954563|guards=true|nativeTid=2992
CST 2026-07-17 18:48:32.730  2992  2992 I A02900/R1Api24Probe: E1_BUFFER_SAMPLE|round=3|sample=23|length=22|leftSentinel=145|rightSentinel=110|hash=1418153396|guards=true|nativeTid=2992
CST 2026-07-17 18:48:32.730  2992  2992 I A02900/R1Api24Probe: E1_BUFFER_SAMPLE|round=3|sample=24|length=23|leftSentinel=146|rightSentinel=109|hash=1339639180|guards=true|nativeTid=2992
CST 2026-07-17 18:48:32.730  2992  2992 I A02900/R1Api24Probe: E1_BUFFER_SAMPLE|round=3|sample=25|length=24|leftSentinel=147|rightSentinel=108|hash=57335045|guards=true|nativeTid=2992
CST 2026-07-17 18:48:32.730  2992  2992 I A02900/R1Api24Probe: E1_BUFFER_SAMPLE|round=3|sample=26|length=25|leftSentinel=148|rightSentinel=107|hash=773646595|guards=true|nativeTid=2992
CST 2026-07-17 18:48:32.730  2992  2992 I A02900/R1Api24Probe: E1_BUFFER_SAMPLE|round=3|sample=27|length=26|leftSentinel=149|rightSentinel=106|hash=908007132|guards=true|nativeTid=2992
CST 2026-07-17 18:48:32.730  2992  2992 I A02900/R1Api24Probe: E1_BUFFER_SAMPLE|round=3|sample=28|length=27|leftSentinel=150|rightSentinel=105|hash=1960851608|guards=true|nativeTid=2992
CST 2026-07-17 18:48:32.731  1657  1798 I C02b61/ImageCode: DoEncode:(224, 224) cost 4961 us
CST 2026-07-17 18:48:32.731  2992  2992 I A02900/R1Api24Probe: E1_BUFFER_SAMPLE|round=3|sample=29|length=28|leftSentinel=151|rightSentinel=104|hash=2007322633|guards=true|nativeTid=2992
CST 2026-07-17 18:48:32.731  2992  2992 I A02900/R1Api24Probe: E1_BUFFER_SAMPLE|round=3|sample=30|length=29|leftSentinel=152|rightSentinel=103|hash=3273295411|guards=true|nativeTid=2992
CST 2026-07-17 18:48:32.731  2992  2992 I A02900/R1Api24Probe: E1_BUFFER_SAMPLE|round=3|sample=31|length=30|leftSentinel=153|rightSentinel=102|hash=3848925444|guards=true|nativeTid=2992
CST 2026-07-17 18:48:32.731  2992  2992 I A02900/R1Api24Probe: E1_BUFFER_SAMPLE|round=3|sample=32|length=31|leftSentinel=154|rightSentinel=101|hash=818428452|guards=true|nativeTid=2992
CST 2026-07-17 18:48:32.731  2992  2992 I A02900/R1Api24Probe: E1_BUFFER_SAMPLE|round=3|sample=33|length=32|leftSentinel=155|rightSentinel=100|hash=2073039941|guards=true|nativeTid=2992
CST 2026-07-17 18:48:32.731  2992  2992 I A02900/R1Api24Probe: E1_BUFFER_SAMPLE|round=3|sample=34|length=33|leftSentinel=156|rightSentinel=99|hash=2737593011|guards=true|nativeTid=2992
CST 2026-07-17 18:48:32.732  2992  2992 I A02900/R1Api24Probe: E1_BUFFER_SAMPLE|round=3|sample=35|length=34|leftSentinel=157|rightSentinel=98|hash=4104781996|guards=true|nativeTid=2992
CST 2026-07-17 18:48:32.732  2992  2992 I A02900/R1Api24Probe: E1_BUFFER_SAMPLE|round=3|sample=36|length=35|leftSentinel=158|rightSentinel=97|hash=3045913088|guards=true|nativeTid=2992
CST 2026-07-17 18:48:32.732  2992  2992 I A02900/R1Api24Probe: E1_BUFFER_SAMPLE|round=3|sample=37|length=36|leftSentinel=159|rightSentinel=96|hash=3658541145|guards=true|nativeTid=2992
CST 2026-07-17 18:48:32.732  2992  2992 I A02900/R1Api24Probe: E1_BUFFER_SAMPLE|round=3|sample=38|length=37|leftSentinel=160|rightSentinel=95|hash=682234243|guards=true|nativeTid=2992
CST 2026-07-17 18:48:32.732  2992  2992 I A02900/R1Api24Probe: E1_BUFFER_SAMPLE|round=3|sample=39|length=38|leftSentinel=161|rightSentinel=94|hash=859318292|guards=true|nativeTid=2992
CST 2026-07-17 18:48:32.732  2992  2992 I A02900/R1Api24Probe: E1_BUFFER_SAMPLE|round=3|sample=40|length=39|leftSentinel=162|rightSentinel=93|hash=3420304220|guards=true|nativeTid=2992
CST 2026-07-17 18:48:32.732  2992  2992 I A02900/R1Api24Probe: E1_BUFFER_SAMPLE|round=3|sample=41|length=40|leftSentinel=163|rightSentinel=92|hash=3982351685|guards=true|nativeTid=2992
CST 2026-07-17 18:48:32.732  2992  2992 I A02900/R1Api24Probe: E1_BUFFER_SAMPLE|round=3|sample=42|length=41|leftSentinel=164|rightSentinel=91|hash=1726002275|guards=true|nativeTid=2992
CST 2026-07-17 18:48:32.732  2992  2992 I A02900/R1Api24Probe: E1_BUFFER_SAMPLE|round=3|sample=43|length=42|leftSentinel=165|rightSentinel=90|hash=1634739228|guards=true|nativeTid=2992
CST 2026-07-17 18:48:32.732  2992  2992 I A02900/R1Api24Probe: E1_BUFFER_SAMPLE|round=3|sample=44|length=43|leftSentinel=166|rightSentinel=89|hash=898384616|guards=true|nativeTid=2992
CST 2026-07-17 18:48:32.733  2992  2992 I A02900/R1Api24Probe: E1_BUFFER_SAMPLE|round=3|sample=45|length=44|leftSentinel=167|rightSentinel=88|hash=3699875529|guards=true|nativeTid=2992
CST 2026-07-17 18:48:32.733  2992  2992 I A02900/R1Api24Probe: E1_BUFFER_SAMPLE|round=3|sample=46|length=45|leftSentinel=168|rightSentinel=87|hash=2040281331|guards=true|nativeTid=2992
CST 2026-07-17 18:48:32.733  2992  2992 I A02900/R1Api24Probe: E1_BUFFER_SAMPLE|round=3|sample=47|length=46|leftSentinel=169|rightSentinel=86|hash=2592052324|guards=true|nativeTid=2992
CST 2026-07-17 18:48:32.733  2992  2992 I A02900/R1Api24Probe: E1_BUFFER_SAMPLE|round=3|sample=48|length=47|leftSentinel=170|rightSentinel=85|hash=3638861620|guards=true|nativeTid=2992
CST 2026-07-17 18:48:32.733  2992  2992 I A02900/R1Api24Probe: E1_BUFFER_SAMPLE|round=3|sample=49|length=48|leftSentinel=171|rightSentinel=84|hash=3692576837|guards=true|nativeTid=2992
CST 2026-07-17 18:48:32.733  1657  1799 I C01631/GaussPD:  [0] [ADAPTER] [139901066529536] Not support binlog_default.writeLock file enable del monitor sysno = 25
CST 2026-07-17 18:48:32.733  1657  1799 I C01631/GaussPD:  [0] [ADAPTER] [139901066529536] Not support binlog_default.writeLock file enable del monitor sysno = 25
CST 2026-07-17 18:48:32.733  1657  1799 I C01631/GaussPD:  [0] [ADAPTER] [139901066529536] Not support binlog_default.writeLock file enable del monitor sysno = 25
CST 2026-07-17 18:48:32.733  2992  2992 I A02900/R1Api24Probe: E1_BUFFER_SAMPLE|round=3|sample=50|length=49|leftSentinel=172|rightSentinel=83|hash=2129827731|guards=true|nativeTid=2992
CST 2026-07-17 18:48:32.733  1657  1799 I C01631/GaussPD:  [0] [ADAPTER] [139901066529536] Not support binlog_default.writeLock file enable del monitor sysno = 25
CST 2026-07-17 18:48:32.733  2992  2992 I A02900/R1Api24Probe: E1_BUFFER_SAMPLE|round=3|sample=51|length=50|leftSentinel=173|rightSentinel=82|hash=3321192556|guards=true|nativeTid=2992
CST 2026-07-17 18:48:32.734  1657  1799 I C01631/GaussPD:  [0] [ADAPTER] [139901066529536] Not support binlog_default.writeIndex file enable del monitor sysno = 25
CST 2026-07-17 18:48:32.734  2992  2992 I A02900/R1Api24Probe: E1_BUFFER_SAMPLE|round=3|sample=52|length=51|leftSentinel=174|rightSentinel=81|hash=2170726832|guards=true|nativeTid=2992
CST 2026-07-17 18:48:32.734  2992  2992 I A02900/R1Api24Probe: E1_BUFFER_SAMPLE|round=3|sample=53|length=52|leftSentinel=175|rightSentinel=80|hash=3207036665|guards=true|nativeTid=2992
CST 2026-07-17 18:48:32.734  1657  1799 I C01631/GaussPD:  [0] [ADAPTER] [139901066529536] Not support binlog_default.writeIndex file enable del monitor sysno = 25
CST 2026-07-17 18:48:32.734  2992  2992 I A02900/R1Api24Probe: E1_BUFFER_SAMPLE|round=3|sample=54|length=53|leftSentinel=176|rightSentinel=79|hash=3271541699|guards=true|nativeTid=2992
CST 2026-07-17 18:48:32.734  2992  2992 I A02900/R1Api24Probe: E1_BUFFER_SAMPLE|round=3|sample=55|length=54|leftSentinel=177|rightSentinel=78|hash=1630960308|guards=true|nativeTid=2992
CST 2026-07-17 18:48:32.734  2992  2992 I A02900/R1Api24Probe: E1_BUFFER_SAMPLE|round=3|sample=56|length=55|leftSentinel=178|rightSentinel=77|hash=1758153708|guards=true|nativeTid=2992
CST 2026-07-17 18:48:32.734  1657  2227 I A01a01/NC: NotificationConfigManager: update icon result: com.huawei.hmos.health.core, 33162
CST 2026-07-17 18:48:32.734  2992  2992 I A02900/R1Api24Probe: E1_BUFFER_SAMPLE|round=3|sample=57|length=56|leftSentinel=179|rightSentinel=76|hash=1607449477|guards=true|nativeTid=2992
CST 2026-07-17 18:48:32.734  1657  2227 I A01b00/SCB: IconResourceFwk --> getBundleIcon start param: com.ohos.medialibrary.medialibrarydata, 64, true true
CST 2026-07-17 18:48:32.734  1657  2227 W A01b00/SCB: IconResourceUtils --> getIconResource from bms getBundleResourceInfo for com.ohos.medialibrary.medialibrarydata 0
CST 2026-07-17 18:48:32.734  2992  2992 I A02900/R1Api24Probe: E1_BUFFER_SAMPLE|round=3|sample=58|length=57|leftSentinel=180|rightSentinel=75|hash=2436477507|guards=true|nativeTid=2992
CST 2026-07-17 18:48:32.734  2992  2992 I A02900/R1Api24Probe: E1_BUFFER_SAMPLE|round=3|sample=59|length=58|leftSentinel=181|rightSentinel=74|hash=4173467612|guards=true|nativeTid=2992
CST 2026-07-17 18:48:32.734  2992  2992 I A02900/R1Api24Probe: E1_BUFFER_SAMPLE|round=3|sample=60|length=59|leftSentinel=182|rightSentinel=73|hash=3646844600|guards=true|nativeTid=2992
CST 2026-07-17 18:48:32.735  2992  2992 I A02900/R1Api24Probe: E1_BUFFER_SAMPLE|round=3|sample=61|length=60|leftSentinel=183|rightSentinel=72|hash=1982956873|guards=true|nativeTid=2992
CST 2026-07-17 18:48:32.735  2992  2992 I A02900/R1Api24Probe: E1_BUFFER_SAMPLE|round=3|sample=62|length=61|leftSentinel=184|rightSentinel=71|hash=2919605491|guards=true|nativeTid=2992
CST 2026-07-17 18:48:32.735   766  1196 I C01120/BMS: icon rdb get resource icon start -n com.ohos.medialibrary.medialibrarydata -i 0 -f 16
CST 2026-07-17 18:48:32.735  2992  2992 I A02900/R1Api24Probe: E1_BUFFER_SAMPLE|round=3|sample=63|length=62|leftSentinel=185|rightSentinel=70|hash=724260292|guards=true|nativeTid=2992
CST 2026-07-17 18:48:32.735   766  1196 E C01650/StepResultSet: GoToRow:position[0] rowCount[0] rowPos_[-1]!
CST 2026-07-17 18:48:32.735  2992  2992 I A02900/R1Api24Probe: E1_BUFFER_SAMPLE|round=3|sample=64|length=63|leftSentinel=186|rightSentinel=69|hash=3908890692|guards=true|nativeTid=2992
CST 2026-07-17 18:48:32.735  2992  2992 I A02900/R1Api24Probe: E1_BUFFER_SAMPLE|round=3|sample=65|length=64|leftSentinel=187|rightSentinel=68|hash=2647594181|guards=true|nativeTid=2992
CST 2026-07-17 18:48:32.735  2992  2992 I A02900/R1Api24Probe: E1_BUFFER_SAMPLE|round=3|sample=66|length=65|leftSentinel=188|rightSentinel=67|hash=3607506419|guards=true|nativeTid=2992
CST 2026-07-17 18:48:32.735  2992  2992 I A02900/R1Api24Probe: E1_BUFFER_SAMPLE|round=3|sample=67|length=66|leftSentinel=189|rightSentinel=66|hash=3146045740|guards=true|nativeTid=2992
CST 2026-07-17 18:48:32.735  2992  2992 I A02900/R1Api24Probe: E1_BUFFER_SAMPLE|round=3|sample=68|length=67|leftSentinel=190|rightSentinel=65|hash=6893152|guards=true|nativeTid=2992
CST 2026-07-17 18:48:32.735  2992  2992 I A02900/R1Api24Probe: E1_BUFFER_SAMPLE|round=3|sample=69|length=68|leftSentinel=191|rightSentinel=64|hash=1726331737|guards=true|nativeTid=2992
CST 2026-07-17 18:48:32.736  2992  2992 I A02900/R1Api24Probe: E1_BUFFER_SAMPLE|round=3|sample=70|length=69|leftSentinel=192|rightSentinel=63|hash=2221129795|guards=true|nativeTid=2992
CST 2026-07-17 18:48:32.736  2992  2992 I A02900/R1Api24Probe: E1_BUFFER_SAMPLE|round=3|sample=71|length=70|leftSentinel=193|rightSentinel=62|hash=3412649172|guards=true|nativeTid=2992
CST 2026-07-17 18:48:32.736  2992  2992 I A02900/R1Api24Probe: E1_BUFFER_SAMPLE|round=3|sample=72|length=71|leftSentinel=194|rightSentinel=61|hash=4284604668|guards=true|nativeTid=2992
CST 2026-07-17 18:48:32.736  2992  2992 I A02900/R1Api24Probe: E1_BUFFER_SAMPLE|round=3|sample=73|length=72|leftSentinel=195|rightSentinel=60|hash=3099569669|guards=true|nativeTid=2992
CST 2026-07-17 18:48:32.736  2992  2992 I A02900/R1Api24Probe: E1_BUFFER_SAMPLE|round=3|sample=74|length=73|leftSentinel=196|rightSentinel=59|hash=2899804579|guards=true|nativeTid=2992
CST 2026-07-17 18:48:32.736  2992  2992 I A02900/R1Api24Probe: E1_BUFFER_SAMPLE|round=3|sample=75|length=74|leftSentinel=197|rightSentinel=58|hash=915826332|guards=true|nativeTid=2992
CST 2026-07-17 18:48:32.736  2992  2992 I A02900/R1Api24Probe: E1_BUFFER_SAMPLE|round=3|sample=76|length=75|leftSentinel=198|rightSentinel=57|hash=1417968008|guards=true|nativeTid=2992
CST 2026-07-17 18:48:32.736  2992  2992 I A02900/R1Api24Probe: E1_BUFFER_SAMPLE|round=3|sample=77|length=76|leftSentinel=199|rightSentinel=56|hash=2812794889|guards=true|nativeTid=2992
CST 2026-07-17 18:48:32.736  2992  2992 I A02900/R1Api24Probe: E1_BUFFER_SAMPLE|round=3|sample=78|length=77|leftSentinel=200|rightSentinel=55|hash=2180622003|guards=true|nativeTid=2992
CST 2026-07-17 18:48:32.737  1657  2227 I C02b61/ImageSource: CreatePixelMap success, id:1784285312735844,dSize:(0,0),srcSize: (114,114),dHdr:1,sHdr:1,memType: 2,cost 983 us
CST 2026-07-17 18:48:32.737  1657  2227 E C02b61/PixelMap: set ashmem name failed
CST 2026-07-17 18:48:32.737  2992  2992 I A02900/R1Api24Probe: E1_BUFFER_SAMPLE|round=3|sample=79|length=78|leftSentinel=201|rightSentinel=54|hash=3717504100|guards=true|nativeTid=2992
CST 2026-07-17 18:48:32.737  2992  2992 I A02900/R1Api24Probe: E1_BUFFER_SAMPLE|round=3|sample=80|length=79|leftSentinel=202|rightSentinel=53|hash=1193868692|guards=true|nativeTid=2992
CST 2026-07-17 18:48:32.737  2992  2992 I A02900/R1Api24Probe: E1_BUFFER_SAMPLE|round=3|sample=81|length=80|leftSentinel=203|rightSentinel=52|hash=469931909|guards=true|nativeTid=2992
CST 2026-07-17 18:48:32.737  2992  2992 I A02900/R1Api24Probe: E1_BUFFER_SAMPLE|round=3|sample=82|length=81|leftSentinel=204|rightSentinel=51|hash=3361299411|guards=true|nativeTid=2992
CST 2026-07-17 18:48:32.737  2992  2992 I A02900/R1Api24Probe: E1_BUFFER_SAMPLE|round=3|sample=83|length=82|leftSentinel=205|rightSentinel=50|hash=3018570092|guards=true|nativeTid=2992
CST 2026-07-17 18:48:32.737  2992  2992 I A02900/R1Api24Probe: E1_BUFFER_SAMPLE|round=3|sample=84|length=83|leftSentinel=206|rightSentinel=49|hash=2775676496|guards=true|nativeTid=2992
CST 2026-07-17 18:48:32.737  2992  2992 I A02900/R1Api24Probe: E1_BUFFER_SAMPLE|round=3|sample=85|length=84|leftSentinel=207|rightSentinel=48|hash=605053881|guards=true|nativeTid=2992
CST 2026-07-17 18:48:32.737  2992  2992 I A02900/R1Api24Probe: E1_BUFFER_SAMPLE|round=3|sample=86|length=85|leftSentinel=208|rightSentinel=47|hash=1782797571|guards=true|nativeTid=2992
CST 2026-07-17 18:48:32.737  3212  3212 W C02c02/PARAM: Selinux check name persist.init.debug.loglevel in u:object_r:startup_init_param:s0 [3212 2000 2000] failed
CST 2026-07-17 18:48:32.737  3212  3212 W C02c02/PARAM: Selinux check name persist.init.debug.loglevel in u:object_r:startup_init_param:s0 [3212 2000 2000] failed
CST 2026-07-17 18:48:32.737  3212  3212 W C02c02/PARAM: SystemReadParam failed!name is:persist.init.debug.loglevel,err:1002
CST 2026-07-17 18:48:32.737  2992  2992 I A02900/R1Api24Probe: E1_BUFFER_SAMPLE|round=3|sample=87|length=86|leftSentinel=209|rightSentinel=46|hash=3604038068|guards=true|nativeTid=2992
CST 2026-07-17 18:48:32.738  2992  2992 I A02900/R1Api24Probe: E1_BUFFER_SAMPLE|round=3|sample=88|length=87|leftSentinel=210|rightSentinel=45|hash=2853936332|guards=true|nativeTid=2992
CST 2026-07-17 18:48:32.738  2992  2992 I A02900/R1Api24Probe: E1_BUFFER_SAMPLE|round=3|sample=89|length=88|leftSentinel=211|rightSentinel=44|hash=1440025733|guards=true|nativeTid=2992
CST 2026-07-17 18:48:32.738  2992  2992 I A02900/R1Api24Probe: E1_BUFFER_SAMPLE|round=3|sample=90|length=89|leftSentinel=212|rightSentinel=43|hash=1201821187|guards=true|nativeTid=2992
CST 2026-07-17 18:48:32.738  2992  2992 I A02900/R1Api24Probe: E1_BUFFER_SAMPLE|round=3|sample=91|length=90|leftSentinel=213|rightSentinel=42|hash=2113814876|guards=true|nativeTid=2992
CST 2026-07-17 18:48:32.738  2992  2992 I A02900/R1Api24Probe: E1_BUFFER_SAMPLE|round=3|sample=92|length=91|leftSentinel=214|rightSentinel=41|hash=3160107480|guards=true|nativeTid=2992
CST 2026-07-17 18:48:32.738  2992  2992 I A02900/R1Api24Probe: E1_BUFFER_SAMPLE|round=3|sample=93|length=92|leftSentinel=215|rightSentinel=40|hash=2826982409|guards=true|nativeTid=2992
CST 2026-07-17 18:48:32.738  1657  2227 W A01b00/SCB: GraphicUtils --> com.ohos.medialibrary.medialibrarydata - getHdsIcon, size: (114, 114), pixelFormat: 4, leftTopPixel is transparent: true, 0-0-0-0
CST 2026-07-17 18:48:32.738  2992  2992 I A02900/R1Api24Probe: E1_BUFFER_SAMPLE|round=3|sample=94|length=93|leftSentinel=216|rightSentinel=39|hash=3918596147|guards=true|nativeTid=2992
CST 2026-07-17 18:48:32.738  1657  2227 E C03900/HDS: [hds_drawable_descriptor.cpp-GetOtherIconsInfo:395]Get icon by name from resource failed, iconName: icon_mask, isGlobalMask: 0, state: 9001004
CST 2026-07-17 18:48:32.738  2992  2992 I A02900/R1Api24Probe: E1_BUFFER_SAMPLE|round=3|sample=95|length=94|leftSentinel=217|rightSentinel=38|hash=1408989828|guards=true|nativeTid=2992
CST 2026-07-17 18:48:32.738  1657  2227 W C03900/HDS: [hds_drawable_descriptor.cpp-ProcessIcon:91]Mask size {192, 192}, bundleName: com.ohos.medialibrary.medialibrarydata
CST 2026-07-17 18:48:32.738  2992  2992 I A02900/R1Api24Probe: E1_BUFFER_SAMPLE|round=3|sample=96|length=95|leftSentinel=218|rightSentinel=37|hash=1373059428|guards=true|nativeTid=2992
CST 2026-07-17 18:48:32.739  2992  2992 I A02900/R1Api24Probe: E1_BUFFER_SAMPLE|round=3|sample=97|length=96|leftSentinel=219|rightSentinel=36|hash=3764929733|guards=true|nativeTid=2992
CST 2026-07-17 18:48:32.739  2992  2992 I A02900/R1Api24Probe: E1_BUFFER_SAMPLE|round=3|sample=98|length=97|leftSentinel=220|rightSentinel=35|hash=2066953907|guards=true|nativeTid=2992
CST 2026-07-17 18:48:32.739  2992  2992 I A02900/R1Api24Probe: E1_BUFFER_SAMPLE|round=3|sample=99|length=98|leftSentinel=221|rightSentinel=34|hash=2071033260|guards=true|nativeTid=2992
CST 2026-07-17 18:48:32.740  2992  2992 I A02900/R1Api24Probe: E1_BUFFER_SAMPLE|round=3|sample=100|length=99|leftSentinel=222|rightSentinel=33|hash=3784958784|guards=true|nativeTid=2992
CST 2026-07-17 18:48:32.740  2992  2992 I A02900/R1Api24Probe: E1_FD_CREATED|fdA=37|fdB=38|creatorTid=2992|owner=ArkTS
CST 2026-07-17 18:48:32.740  2992  2992 I A02900/R1Api24Probe: E1_FD_RESULT|round=3|fdA=37|fdB=38|duplicateFd=39|written=23|read=23|payload=fd-round-03-sentinel-6f|payloadHash=416398542|closeA=0|closeDuplicate=0|closeB=0|duplicateCloseA=-1|errnoA=9|duplicateCloseB=-1|errnoB=9|owner=closed-by-native|nativeTid=2992
CST 2026-07-17 18:48:32.740  2992  3215 I A02900/R1Api24Probe: E1_PTHREAD_START|round=3|producerTid=3215
CST 2026-07-17 18:48:32.741  2992  2992 I A02900/R1Api24Probe: E1_CALLBACK_SAMPLE|round=3|sequence=1|producerTid=3215|consumerTid=2992|payload=r03-s001-x52|hash=1809724361|valid=true
CST 2026-07-17 18:48:32.741  2992  2992 I A02900/R1Api24Probe: E1_CALLBACK_SAMPLE|round=3|sequence=2|producerTid=3215|consumerTid=2992|payload=r03-s002-x71|hash=777514887|valid=true
CST 2026-07-17 18:48:32.741  2992  2992 I A02900/R1Api24Probe: E1_CALLBACK_SAMPLE|round=3|sequence=3|producerTid=3215|consumerTid=2992|payload=r03-s003-x90|hash=1650297061|valid=true
CST 2026-07-17 18:48:32.741  2992  2992 I A02900/R1Api24Probe: E1_CALLBACK_SAMPLE|round=3|sequence=4|producerTid=3215|consumerTid=2992|payload=r03-s004-xaf|hash=802615754|valid=true
CST 2026-07-17 18:48:32.741  2992  2992 I A02900/R1Api24Probe: E1_CALLBACK_SAMPLE|round=3|sequence=5|producerTid=3215|consumerTid=2992|payload=r03-s005-xce|hash=1601299954|valid=true
CST 2026-07-17 18:48:32.741  2992  2992 I A02900/R1Api24Probe: E1_CALLBACK_SAMPLE|round=3|sequence=6|producerTid=3215|consumerTid=2992|payload=r03-s006-xed|hash=342946646|valid=true
CST 2026-07-17 18:48:32.742  2992  2992 I A02900/R1Api24Probe: E1_CALLBACK_SAMPLE|round=3|sequence=7|producerTid=3215|consumerTid=2992|payload=r03-s007-x0c|hash=4011620593|valid=true
CST 2026-07-17 18:48:32.742  2992  2992 I A02900/R1Api24Probe: E1_CALLBACK_SAMPLE|round=3|sequence=8|producerTid=3215|consumerTid=2992|payload=r03-s008-x2b|hash=1172464573|valid=true
CST 2026-07-17 18:48:32.744  2992  2992 I A02900/R1Api24Probe: E1_CALLBACK_SAMPLE|round=3|sequence=9|producerTid=3215|consumerTid=2992|payload=r03-s009-x4a|hash=2371279109|valid=true
CST 2026-07-17 18:48:32.745  2992  2992 I A02900/R1Api24Probe: E1_CALLBACK_SAMPLE|round=3|sequence=10|producerTid=3215|consumerTid=2992|payload=r03-s010-x69|hash=2044645021|valid=true
CST 2026-07-17 18:48:32.745  2992  2992 I A02900/R1Api24Probe: E1_CALLBACK_SAMPLE|round=3|sequence=11|producerTid=3215|consumerTid=2992|payload=r03-s011-x88|hash=805712443|valid=true
CST 2026-07-17 18:48:32.745  2992  2992 I A02900/R1Api24Probe: E1_CALLBACK_SAMPLE|round=3|sequence=12|producerTid=3215|consumerTid=2992|payload=r03-s012-xa7|hash=671149870|valid=true
CST 2026-07-17 18:48:32.745  2992  2992 I A02900/R1Api24Probe: E1_CALLBACK_SAMPLE|round=3|sequence=13|producerTid=3215|consumerTid=2992|payload=r03-s013-xc6|hash=2853044892|valid=true
CST 2026-07-17 18:48:32.745  2992  2992 I A02900/R1Api24Probe: E1_CALLBACK_SAMPLE|round=3|sequence=14|producerTid=3215|consumerTid=2992|payload=r03-s014-xe5|hash=1608014198|valid=true
CST 2026-07-17 18:48:32.746  2992  2992 I A02900/R1Api24Probe: E1_CALLBACK_SAMPLE|round=3|sequence=15|producerTid=3215|consumerTid=2992|payload=r03-s015-x04|hash=3555408883|valid=true
CST 2026-07-17 18:48:32.746  2992  2992 I A02900/R1Api24Probe: E1_CALLBACK_SAMPLE|round=3|sequence=16|producerTid=3215|consumerTid=2992|payload=r03-s016-x23|hash=3108420057|valid=true
CST 2026-07-17 18:48:32.746  2992  2992 I A02900/R1Api24Probe: E1_CALLBACK_SAMPLE|round=3|sequence=17|producerTid=3215|consumerTid=2992|payload=r03-s017-x42|hash=2662159279|valid=true
CST 2026-07-17 18:48:32.746  2992  2992 I A02900/R1Api24Probe: E1_CALLBACK_SAMPLE|round=3|sequence=18|producerTid=3215|consumerTid=2992|payload=r03-s018-x61|hash=2190284045|valid=true
CST 2026-07-17 18:48:32.746  2992  2992 I A02900/R1Api24Probe: E1_CALLBACK_SAMPLE|round=3|sequence=19|producerTid=3215|consumerTid=2992|payload=r03-s019-x80|hash=547973979|valid=true
CST 2026-07-17 18:48:32.746  2992  2992 I A02900/R1Api24Probe: E1_CALLBACK_SAMPLE|round=3|sequence=20|producerTid=3215|consumerTid=2992|payload=r03-s020-x9f|hash=593282692|valid=true
CST 2026-07-17 18:48:32.747  2992  2992 I A02900/R1Api24Probe: E1_CALLBACK_SAMPLE|round=3|sequence=21|producerTid=3215|consumerTid=2992|payload=r03-s021-xbe|hash=1317497569|valid=true
CST 2026-07-17 18:48:32.747  2992  2992 I A02900/R1Api24Probe: E1_CALLBACK_SAMPLE|round=3|sequence=22|producerTid=3215|consumerTid=2992|payload=r03-s022-xdd|hash=1536552441|valid=true
CST 2026-07-17 18:48:32.747  2992  2992 I A02900/R1Api24Probe: E1_CALLBACK_SAMPLE|round=3|sequence=23|producerTid=3215|consumerTid=2992|payload=r03-s023-xfc|hash=3003989517|valid=true
CST 2026-07-17 18:48:32.747  2992  2992 I A02900/R1Api24Probe: E1_CALLBACK_SAMPLE|round=3|sequence=24|producerTid=3215|consumerTid=2992|payload=r03-s024-x1b|hash=1914934636|valid=true
CST 2026-07-17 18:48:32.747  2992  2992 I A02900/R1Api24Probe: E1_CALLBACK_SAMPLE|round=3|sequence=25|producerTid=3215|consumerTid=2992|payload=r03-s025-x3a|hash=3305178412|valid=true
CST 2026-07-17 18:48:32.747  2992  2992 I A02900/R1Api24Probe: E1_CALLBACK_SAMPLE|round=3|sequence=26|producerTid=3215|consumerTid=2992|payload=r03-s026-x59|hash=1418443147|valid=true
CST 2026-07-17 18:48:32.748  2992  2992 I A02900/R1Api24Probe: E1_CALLBACK_SAMPLE|round=3|sequence=27|producerTid=3215|consumerTid=2992|payload=r03-s027-x78|hash=784888953|valid=true
CST 2026-07-17 18:48:32.748  2992  2992 I A02900/R1Api24Probe: E1_CALLBACK_SAMPLE|round=3|sequence=28|producerTid=3215|consumerTid=2992|payload=r03-s028-x97|hash=3439300575|valid=true
CST 2026-07-17 18:48:32.748  2992  2992 I A02900/R1Api24Probe: E1_CALLBACK_SAMPLE|round=3|sequence=29|producerTid=3215|consumerTid=2992|payload=r03-s029-xb6|hash=1441346624|valid=true
CST 2026-07-17 18:48:32.748  1657  1813 I C02b61/PixelMap: PixelMap::scale SLR 185, srcSize: [192, 192], dstSize: [114, 114], cost: 9
CST 2026-07-17 18:48:32.748  2992  2992 I A02900/R1Api24Probe: E1_CALLBACK_SAMPLE|round=3|sequence=30|producerTid=3215|consumerTid=2992|payload=r03-s030-xd5|hash=1247345817|valid=true
CST 2026-07-17 18:48:32.748  2992  2992 I A02900/R1Api24Probe: E1_CALLBACK_SAMPLE|round=3|sequence=31|producerTid=3215|consumerTid=2992|payload=r03-s031-xf4|hash=4035587007|valid=true
CST 2026-07-17 18:48:32.748  2992  2992 I A02900/R1Api24Probe: E1_CALLBACK_SAMPLE|round=3|sequence=32|producerTid=3215|consumerTid=2992|payload=r03-s032-x13|hash=921038988|valid=true
CST 2026-07-17 18:48:32.748  2992  2992 I A02900/R1Api24Probe: E1_CALLBACK_SAMPLE|round=3|sequence=33|producerTid=3215|consumerTid=2992|payload=r03-s033-x32|hash=3902685214|valid=true
CST 2026-07-17 18:48:32.749  2992  3215 I A02900/R1Api24Probe: E1_PTHREAD_FINISH|round=3|producerTid=3215|queued=100|status=0
CST 2026-07-17 18:48:32.749  2992  2992 I A02900/R1Api24Probe: E1_CALLBACK_SAMPLE|round=3|sequence=34|producerTid=3215|consumerTid=2992|payload=r03-s034-x51|hash=3688836|valid=true
CST 2026-07-17 18:48:32.749  2992  2992 I A02900/R1Api24Probe: E1_CALLBACK_SAMPLE|round=3|sequence=35|producerTid=3215|consumerTid=2992|payload=r03-s035-x70|hash=3337052022|valid=true
CST 2026-07-17 18:48:32.749  2992  2992 I A02900/R1Api24Probe: E1_CALLBACK_SAMPLE|round=3|sequence=36|producerTid=3215|consumerTid=2992|payload=r03-s036-x8f|hash=43887706|valid=true
CST 2026-07-17 18:48:32.749  2992  2992 I A02900/R1Api24Probe: E1_CALLBACK_SAMPLE|round=3|sequence=37|producerTid=3215|consumerTid=2992|payload=r03-s037-xae|hash=4269922733|valid=true
CST 2026-07-17 18:48:32.749  2992  2992 I A02900/R1Api24Probe: E1_CALLBACK_SAMPLE|round=3|sequence=38|producerTid=3215|consumerTid=2992|payload=r03-s038-xcd|hash=2975282281|valid=true
CST 2026-07-17 18:48:32.751  2992  2992 I A02900/R1Api24Probe: E1_CALLBACK_SAMPLE|round=3|sequence=39|producerTid=3215|consumerTid=2992|payload=r03-s039-xec|hash=486604697|valid=true
CST 2026-07-17 18:48:32.751  2992  2992 I A02900/R1Api24Probe: E1_CALLBACK_SAMPLE|round=3|sequence=40|producerTid=3215|consumerTid=2992|payload=r03-s040-x0b|hash=2815525987|valid=true
CST 2026-07-17 18:48:32.751  2992  2992 I A02900/R1Api24Probe: E1_CALLBACK_SAMPLE|round=3|sequence=41|producerTid=3215|consumerTid=2992|payload=r03-s041-x2a|hash=3099821835|valid=true
CST 2026-07-17 18:48:32.751  2992  2992 I A02900/R1Api24Probe: E1_CALLBACK_SAMPLE|round=3|sequence=42|producerTid=3215|consumerTid=2992|payload=r03-s042-x49|hash=2924553416|valid=true
CST 2026-07-17 18:48:32.751  2992  2992 I A02900/R1Api24Probe: E1_CALLBACK_SAMPLE|round=3|sequence=43|producerTid=3215|consumerTid=2992|payload=r03-s043-x68|hash=2709441134|valid=true
CST 2026-07-17 18:48:32.751  2992  2992 I A02900/R1Api24Probe: E1_CALLBACK_SAMPLE|round=3|sequence=44|producerTid=3215|consumerTid=2992|payload=r03-s044-x87|hash=322394264|valid=true
CST 2026-07-17 18:48:32.751  2992  2992 I A02900/R1Api24Probe: E1_CALLBACK_SAMPLE|round=3|sequence=45|producerTid=3215|consumerTid=2992|payload=r03-s045-xa6|hash=1484124617|valid=true
CST 2026-07-17 18:48:32.751  2992  2992 I A02900/R1Api24Probe: E1_CALLBACK_SAMPLE|round=3|sequence=46|producerTid=3215|consumerTid=2992|payload=r03-s046-xc5|hash=2489857559|valid=true
CST 2026-07-17 18:48:32.751  2992  2992 I A02900/R1Api24Probe: E1_CALLBACK_SAMPLE|round=3|sequence=47|producerTid=3215|consumerTid=2992|payload=r03-s047-xe4|hash=3585270349|valid=true
CST 2026-07-17 18:48:32.751  2992  2992 I A02900/R1Api24Probe: E1_CALLBACK_SAMPLE|round=3|sequence=48|producerTid=3215|consumerTid=2992|payload=r03-s048-x03|hash=4237382936|valid=true
CST 2026-07-17 18:48:32.751  2992  2992 I A02900/R1Api24Probe: E1_CALLBACK_SAMPLE|round=3|sequence=49|producerTid=3215|consumerTid=2992|payload=r03-s049-x22|hash=679604486|valid=true
CST 2026-07-17 18:48:32.751  2992  2992 I A02900/R1Api24Probe: E1_CALLBACK_SAMPLE|round=3|sequence=50|producerTid=3215|consumerTid=2992|payload=r03-s050-x41|hash=1058449767|valid=true
CST 2026-07-17 18:48:32.751  2992  2992 I A02900/R1Api24Probe: E1_CALLBACK_SAMPLE|round=3|sequence=51|producerTid=3215|consumerTid=2992|payload=r03-s051-x60|hash=3426903425|valid=true
CST 2026-07-17 18:48:32.751  2992  2992 I A02900/R1Api24Probe: E1_CALLBACK_SAMPLE|round=3|sequence=52|producerTid=3215|consumerTid=2992|payload=r03-s052-x7f|hash=4163034531|valid=true
CST 2026-07-17 18:48:32.751  2992  2992 I A02900/R1Api24Probe: E1_CALLBACK_SAMPLE|round=3|sequence=53|producerTid=3215|consumerTid=2992|payload=r03-s053-x9e|hash=2843723543|valid=true
CST 2026-07-17 18:48:32.752  2992  2992 I A02900/R1Api24Probe: E1_CALLBACK_SAMPLE|round=3|sequence=54|producerTid=3215|consumerTid=2992|payload=r03-s054-xbd|hash=910342362|valid=true
CST 2026-07-17 18:48:32.752  2992  2992 I A02900/R1Api24Probe: E1_CALLBACK_SAMPLE|round=3|sequence=55|producerTid=3215|consumerTid=2992|payload=r03-s055-xdc|hash=1512610122|valid=true
CST 2026-07-17 18:48:32.752  2992  2992 I A02900/R1Api24Probe: E1_CALLBACK_SAMPLE|round=3|sequence=56|producerTid=3215|consumerTid=2992|payload=r03-s056-xfb|hash=3406247286|valid=true
CST 2026-07-17 18:48:32.752  2992  2992 I A02900/R1Api24Probe: E1_CALLBACK_SAMPLE|round=3|sequence=57|producerTid=3215|consumerTid=2992|payload=r03-s057-x1a|hash=1709578959|valid=true
CST 2026-07-17 18:48:32.752  2992  2992 I A02900/R1Api24Probe: E1_CALLBACK_SAMPLE|round=3|sequence=58|producerTid=3215|consumerTid=2992|payload=r03-s058-x39|hash=3729675080|valid=true
CST 2026-07-17 18:48:32.752  2992  2992 I A02900/R1Api24Probe: E1_CALLBACK_SAMPLE|round=3|sequence=59|producerTid=3215|consumerTid=2992|payload=r03-s059-x58|hash=1635359610|valid=true
CST 2026-07-17 18:48:32.752  2992  2992 I A02900/R1Api24Probe: E1_CALLBACK_SAMPLE|round=3|sequence=60|producerTid=3215|consumerTid=2992|payload=r03-s060-x77|hash=3065213041|valid=true
CST 2026-07-17 18:48:32.752  2992  2992 I A02900/R1Api24Probe: E1_CALLBACK_SAMPLE|round=3|sequence=61|producerTid=3215|consumerTid=2992|payload=r03-s061-x96|hash=350751875|valid=true
CST 2026-07-17 18:48:32.752  2992  2992 I A02900/R1Api24Probe: E1_CALLBACK_SAMPLE|round=3|sequence=62|producerTid=3215|consumerTid=2992|payload=r03-s062-xb5|hash=913560064|valid=true
CST 2026-07-17 18:48:32.752  2992  2992 I A02900/R1Api24Probe: E1_CALLBACK_SAMPLE|round=3|sequence=63|producerTid=3215|consumerTid=2992|payload=r03-s063-xd4|hash=540604462|valid=true
CST 2026-07-17 18:48:32.752  2992  2992 I A02900/R1Api24Probe: E1_CALLBACK_SAMPLE|round=3|sequence=64|producerTid=3215|consumerTid=2992|payload=r03-s064-xf3|hash=3736553952|valid=true
CST 2026-07-17 18:48:32.752  2992  2992 I A02900/R1Api24Probe: E1_CALLBACK_SAMPLE|round=3|sequence=65|producerTid=3215|consumerTid=2992|payload=r03-s065-x12|hash=2024340123|valid=true
CST 2026-07-17 18:48:32.752  2992  2992 I A02900/R1Api24Probe: E1_CALLBACK_SAMPLE|round=3|sequence=66|producerTid=3215|consumerTid=2992|payload=r03-s066-x31|hash=2821138317|valid=true
CST 2026-07-17 18:48:32.752  2992  2992 I A02900/R1Api24Probe: E1_CALLBACK_SAMPLE|round=3|sequence=67|producerTid=3215|consumerTid=2992|payload=r03-s067-x50|hash=1378222431|valid=true
CST 2026-07-17 18:48:32.752  2992  2992 I A02900/R1Api24Probe: E1_CALLBACK_SAMPLE|round=3|sequence=68|producerTid=3215|consumerTid=2992|payload=r03-s068-x6f|hash=1082189939|valid=true
CST 2026-07-17 18:48:32.752  2992  2992 I A02900/R1Api24Probe: E1_CALLBACK_SAMPLE|round=3|sequence=69|producerTid=3215|consumerTid=2992|payload=r03-s069-x8e|hash=1144843963|valid=true
CST 2026-07-17 18:48:32.752  2992  2992 I A02900/R1Api24Probe: E1_CALLBACK_SAMPLE|round=3|sequence=70|producerTid=3215|consumerTid=2992|payload=r03-s070-xad|hash=4052577175|valid=true
CST 2026-07-17 18:48:32.753  2992  2992 I A02900/R1Api24Probe: E1_CALLBACK_SAMPLE|round=3|sequence=71|producerTid=3215|consumerTid=2992|payload=r03-s071-xcc|hash=3119568855|valid=true
CST 2026-07-17 18:48:32.753  2992  2992 I A02900/R1Api24Probe: E1_CALLBACK_SAMPLE|round=3|sequence=72|producerTid=3215|consumerTid=2992|payload=r03-s072-xeb|hash=2356594447|valid=true
CST 2026-07-17 18:48:32.753  2992  2992 I A02900/R1Api24Probe: E1_CALLBACK_SAMPLE|round=3|sequence=73|producerTid=3215|consumerTid=2992|payload=r03-s073-x0a|hash=2043444300|valid=true
CST 2026-07-17 18:48:32.753  2992  2992 I A02900/R1Api24Probe: E1_CALLBACK_SAMPLE|round=3|sequence=74|producerTid=3215|consumerTid=2992|payload=r03-s074-x29|hash=4260751319|valid=true
CST 2026-07-17 18:48:32.753  2992  2992 I A02900/R1Api24Probe: E1_CALLBACK_SAMPLE|round=3|sequence=75|producerTid=3215|consumerTid=2992|payload=r03-s075-x48|hash=2780031329|valid=true
CST 2026-07-17 18:48:32.753  2992  2992 I A02900/R1Api24Probe: E1_CALLBACK_SAMPLE|round=3|sequence=76|producerTid=3215|consumerTid=2992|payload=r03-s076-x67|hash=1616368099|valid=true
CST 2026-07-17 18:48:32.753  2992  2992 I A02900/R1Api24Probe: E1_CALLBACK_SAMPLE|round=3|sequence=77|producerTid=3215|consumerTid=2992|payload=r03-s077-x86|hash=2726199013|valid=true
CST 2026-07-17 18:48:32.753  2992  2992 I A02900/R1Api24Probe: E1_CALLBACK_SAMPLE|round=3|sequence=78|producerTid=3215|consumerTid=2992|payload=r03-s078-xa5|hash=2602284700|valid=true
CST 2026-07-17 18:48:32.753   765   765 E C01406/RSScreenManager: IsAllScreensPowerOff: screenPowerStatus_ is empty.
CST 2026-07-17 18:48:32.753   635   695 W C02515/DISP: [SetLayerMaskInfo:495] <private> is not supported
CST 2026-07-17 18:48:32.754  2992  2992 I A02900/R1Api24Probe: E1_CALLBACK_SAMPLE|round=3|sequence=79|producerTid=3215|consumerTid=2992|payload=r03-s079-xc4|hash=2038120566|valid=true
CST 2026-07-17 18:48:32.754  2992  2992 I A02900/R1Api24Probe: E1_CALLBACK_SAMPLE|round=3|sequence=80|producerTid=3215|consumerTid=2992|payload=r03-s080-xe3|hash=608231521|valid=true
CST 2026-07-17 18:48:32.754  2992  2992 I A02900/R1Api24Probe: E1_CALLBACK_SAMPLE|round=3|sequence=81|producerTid=3215|consumerTid=2992|payload=r03-s081-x02|hash=2180960912|valid=true
CST 2026-07-17 18:48:32.754  2992  2992 I A02900/R1Api24Probe: E1_CALLBACK_SAMPLE|round=3|sequence=82|producerTid=3215|consumerTid=2992|payload=r03-s082-x21|hash=2471242622|valid=true
CST 2026-07-17 18:48:32.754  2992  2992 I A02900/R1Api24Probe: E1_CALLBACK_SAMPLE|round=3|sequence=83|producerTid=3215|consumerTid=2992|payload=r03-s083-x40|hash=3843830856|valid=true
CST 2026-07-17 18:48:32.754  2992  2992 I A02900/R1Api24Probe: E1_CALLBACK_SAMPLE|round=3|sequence=84|producerTid=3215|consumerTid=2992|payload=r03-s084-x5f|hash=3365724094|valid=true
CST 2026-07-17 18:48:32.754  2992  2992 I A02900/R1Api24Probe: E1_CALLBACK_SAMPLE|round=3|sequence=85|producerTid=3215|consumerTid=2992|payload=r03-s085-x7e|hash=3751083014|valid=true
CST 2026-07-17 18:48:32.754  2992  2992 I A02900/R1Api24Probe: E1_CALLBACK_SAMPLE|round=3|sequence=86|producerTid=3215|consumerTid=2992|payload=r03-s086-x9d|hash=4104952690|valid=true
CST 2026-07-17 18:48:32.754  2992  2992 I A02900/R1Api24Probe: E1_CALLBACK_SAMPLE|round=3|sequence=87|producerTid=3215|consumerTid=2992|payload=r03-s087-xbc|hash=4269038719|valid=true
CST 2026-07-17 18:48:32.754  2992  2992 I A02900/R1Api24Probe: E1_CALLBACK_SAMPLE|round=3|sequence=88|producerTid=3215|consumerTid=2992|payload=r03-s088-xdb|hash=1530548083|valid=true
CST 2026-07-17 18:48:32.754  2992  2992 I A02900/R1Api24Probe: E1_CALLBACK_SAMPLE|round=3|sequence=89|producerTid=3215|consumerTid=2992|payload=r03-s089-xfa|hash=3205050379|valid=true
CST 2026-07-17 18:48:32.754  2992  2992 I A02900/R1Api24Probe: E1_CALLBACK_SAMPLE|round=3|sequence=90|producerTid=3215|consumerTid=2992|payload=r03-s090-x19|hash=1692539786|valid=true
CST 2026-07-17 18:48:32.754  2992  2992 I A02900/R1Api24Probe: E1_CALLBACK_SAMPLE|round=3|sequence=91|producerTid=3215|consumerTid=2992|payload=r03-s091-x38|hash=3914176160|valid=true
CST 2026-07-17 18:48:32.754  2992  2992 I A02900/R1Api24Probe: E1_CALLBACK_SAMPLE|round=3|sequence=92|producerTid=3215|consumerTid=2992|payload=r03-s092-x57|hash=1648641098|valid=true
CST 2026-07-17 18:48:32.754  2992  2992 I A02900/R1Api24Probe: E1_CALLBACK_SAMPLE|round=3|sequence=93|producerTid=3215|consumerTid=2992|payload=r03-s093-x76|hash=2327830984|valid=true
CST 2026-07-17 18:48:32.755  2992  2992 I A02900/R1Api24Probe: E1_CALLBACK_SAMPLE|round=3|sequence=94|producerTid=3215|consumerTid=2992|payload=r03-s094-x95|hash=3226392570|valid=true
CST 2026-07-17 18:48:32.755  2992  2992 I A02900/R1Api24Probe: E1_CALLBACK_SAMPLE|round=3|sequence=95|producerTid=3215|consumerTid=2992|payload=r03-s095-xb4|hash=1111406025|valid=true
CST 2026-07-17 18:48:32.755  2992  2992 I A02900/R1Api24Probe: E1_CALLBACK_SAMPLE|round=3|sequence=96|producerTid=3215|consumerTid=2992|payload=r03-s096-xd3|hash=2667038315|valid=true
CST 2026-07-17 18:48:32.755  2992  2992 I A02900/R1Api24Probe: E1_CALLBACK_SAMPLE|round=3|sequence=97|producerTid=3215|consumerTid=2992|payload=r03-s097-xf2|hash=4082927413|valid=true
CST 2026-07-17 18:48:32.755  2992  2992 I A02900/R1Api24Probe: E1_CALLBACK_SAMPLE|round=3|sequence=98|producerTid=3215|consumerTid=2992|payload=r03-s098-x11|hash=1815342666|valid=true
CST 2026-07-17 18:48:32.755  2992  2992 I A02900/R1Api24Probe: E1_CALLBACK_SAMPLE|round=3|sequence=99|producerTid=3215|consumerTid=2992|payload=r03-s099-x30|hash=272147280|valid=true
CST 2026-07-17 18:48:32.755  2992  2992 I A02900/R1Api24Probe: E1_CALLBACK_SAMPLE|round=3|sequence=100|producerTid=3215|consumerTid=2992|payload=r03-s100-x4f|hash=1074395664|valid=true
CST 2026-07-17 18:48:32.761   634  2365 I C02515/DISP: [InitBufferHandle:229] express init gbuffer id 93d0000004a ret 0 err 0 fd 6 114 114 pixel 4 size 51984 usage 2b
CST 2026-07-17 18:48:32.761   634  2365 I C02515/DISP: [ExpressAllocMem:271] ExpressAllocMem requeset BufferHandle 6, width 114, heigt 114, format 20
CST 2026-07-17 18:48:32.761   635   695 I C02515/DISP: [CommitComposeLayer:67] CommitComposeLayer! 10
CST 2026-07-17 18:48:32.764   634  2365 I C02515/DISP: [ExpressFreeMem:317] freeMem bufferhandle gbuffer_id 93d0000004a, width 114, heigt 114
CST 2026-07-17 18:48:32.769   337   406 I C01712/WORK_SCHEDULER: [CheckNetworkStatus:60]BEARER_ETHERNET
CST 2026-07-17 18:48:32.769   620   782 W C02926/BatteryInfo: charger is not online, so no type return
CST 2026-07-17 18:48:32.769   645   645 E C02510/battery_interface_proxy: GetPluggedType_ failed, error code is -2
CST 2026-07-17 18:48:32.769   337   406 I C01712/WORK_SCHEDULER: [CheckChargerStatus:105]CHARGER_PLUGGED_UNPLUGGED
CST 2026-07-17 18:48:32.770   337   406 I C01712/WORK_SCHEDULER: [CheckBatteryStatus:130]BATTERY_STATUS_OKAY
CST 2026-07-17 18:48:32.771   337   406 I C01712/WORK_SCHEDULER: [ToString:780]NETWORK,u7800_1,NETWORK&0
CST 2026-07-17 18:48:32.771   337   406 I C01712/WORK_SCHEDULER: [ToString:783]NETWORK,com.huawei.hmsapp.appgallery_u20020010_101,NETWORK&0
CST 2026-07-17 18:48:32.771   337   406 I C01712/WORK_SCHEDULER: [ToString:783]NETWORK,com.huawei.hmsapp.appgallery_u20020010_100,NETWORK&1,TIMER&0(55555:21600000)
CST 2026-07-17 18:48:32.771   337   406 I C01712/WORK_SCHEDULER: [ToString:783]NETWORK,com.huawei.hmsapp.appgallery_u20020010_102,NETWORK&1,TIMER&0(55555:427002353)
CST 2026-07-17 18:48:32.771   337   406 I C01712/WORK_SCHEDULER: [ToString:783]NETWORK,com.huawei.hmsapp.appgallery_u20020010_103,NETWORK&0
CST 2026-07-17 18:48:32.772   337   406 I C01712/WORK_SCHEDULER: [ToString:780]CHARGER,u5300_1,CHARGER&0
CST 2026-07-17 18:48:32.772   337   406 I C01712/WORK_SCHEDULER: [ToString:783]CHARGER,com.ohos.contactsdataability_u20020037_5,CHARGER&0
CST 2026-07-17 18:48:32.772   337   406 I C01712/WORK_SCHEDULER: [ToString:783]CHARGER,com.ohos.contactsdataability_u20020037_7,CHARGER&0
CST 2026-07-17 18:48:32.772   337   406 I C01712/WORK_SCHEDULER: [ToString:783]CHARGER,com.ohos.contactsdataability_u20020037_6,CHARGER&0
CST 2026-07-17 18:48:32.772   337   406 I C01712/WORK_SCHEDULER: [ToString:783]CHARGER,com.huawei.hmsapp.appgallery_u20020010_103,NETWORK&0
CST 2026-07-17 18:48:32.773  2086  2116 I C02a04/UsbService: UsbAccessoryManager::InitUsbAccessoryInterface start
CST 2026-07-17 18:48:32.774   178   619 E C02510/devsvc_manager_stub: StubGetService service usb_device_interface_service not found
CST 2026-07-17 18:48:32.774  2086  2116 E C02510/hdi_servmgr_client: get hdi service usb_device_interface_service failed, -1
CST 2026-07-17 18:48:32.774  2086  2116 E C02510/usb_device_interface_proxy: Get:get remote object failed!
CST 2026-07-17 18:48:32.774  2086  2116 E C02a04/UsbService: UsbAccessoryManager:: Get inteface failed
CST 2026-07-17 18:48:32.774  2086  2116 E C02a04/UsbService: usbAccessoryManager_ is nullptr or InitUsbAccessoryInterface failed
CST 2026-07-17 18:48:32.784   634  2365 I C02515/DISP: [InitBufferHandle:229] express init gbuffer id 93d0000004b ret 0 err 0 fd 6 222 222 pixel 4 size 197136 usage 2b
CST 2026-07-17 18:48:32.784   634  2365 I C02515/DISP: [ExpressAllocMem:271] ExpressAllocMem requeset BufferHandle 6, width 222, heigt 222, format 20
CST 2026-07-17 18:48:32.785   765   765 E C01406/RSScreenManager: IsAllScreensPowerOff: screenPowerStatus_ is empty.
CST 2026-07-17 18:48:32.789   634  2365 I C02515/DISP: [ExpressFreeMem:317] freeMem bufferhandle gbuffer_id 93d0000004b, width 222, heigt 222
CST 2026-07-17 18:48:32.789   635   695 W C02515/DISP: [SetLayerMaskInfo:495] <private> is not supported
CST 2026-07-17 18:48:32.789   635   695 I C02515/DISP: [CommitComposeLayer:67] CommitComposeLayer! 10
CST 2026-07-17 18:48:32.790  1657  1813 I C02515/DISP: [ExpressFreeMem:317] freeMem bufferhandle gbuffer_id 93d0000004a, width 114, heigt 114
CST 2026-07-17 18:48:32.799  2992  2992 I A02900/R1Api24Probe: E1_ROUND_RESULT|verdict=PASS|round=3|pid=2992|mainTid=2992|producerTid=3215|consumerTid=2992|buffers=100|callbacks=100|fdTransfers=1|bufferHashAggregate=94298481|callbackHashAggregate=989334770|fdPayloadHash=416398542|beforeFd=38|afterFd=38|beforeThreads=29|afterThreads=29|monotonicIncrease=false
CST 2026-07-17 18:48:32.800  2992  2992 I A02900/R1Api24Probe: E1_BUFFER_SAMPLE|round=4|sample=1|length=0|leftSentinel=164|rightSentinel=91|hash=2166136261|guards=true|nativeTid=2992
CST 2026-07-17 18:48:32.800  2992  2992 I A02900/R1Api24Probe: E1_BUFFER_SAMPLE|round=4|sample=2|length=1|leftSentinel=165|rightSentinel=90|hash=2215350796|guards=true|nativeTid=2992
CST 2026-07-17 18:48:32.800  2992  2992 I A02900/R1Api24Probe: E1_BUFFER_SAMPLE|round=4|sample=3|length=2|leftSentinel=166|rightSentinel=89|hash=1732835020|guards=true|nativeTid=2992
CST 2026-07-17 18:48:32.800  2992  2992 I A02900/R1Api24Probe: E1_BUFFER_SAMPLE|round=4|sample=4|length=3|leftSentinel=167|rightSentinel=88|hash=2269953011|guards=true|nativeTid=2992
CST 2026-07-17 18:48:32.800  2992  2992 I A02900/R1Api24Probe: E1_BUFFER_SAMPLE|round=4|sample=5|length=4|leftSentinel=168|rightSentinel=87|hash=921112837|guards=true|nativeTid=2992
CST 2026-07-17 18:48:32.800  2992  2992 I A02900/R1Api24Probe: E1_BUFFER_SAMPLE|round=4|sample=6|length=5|leftSentinel=169|rightSentinel=86|hash=599796644|guards=true|nativeTid=2992
CST 2026-07-17 18:48:32.800  2992  2992 I A02900/R1Api24Probe: E1_BUFFER_SAMPLE|round=4|sample=7|length=6|leftSentinel=170|rightSentinel=85|hash=3585545128|guards=true|nativeTid=2992
CST 2026-07-17 18:48:32.800  2992  2992 I A02900/R1Api24Probe: E1_BUFFER_SAMPLE|round=4|sample=8|length=7|leftSentinel=171|rightSentinel=84|hash=1540839815|guards=true|nativeTid=2992
CST 2026-07-17 18:48:32.800  2992  2992 I A02900/R1Api24Probe: E1_BUFFER_SAMPLE|round=4|sample=9|length=8|leftSentinel=172|rightSentinel=83|hash=1799424213|guards=true|nativeTid=2992
CST 2026-07-17 18:48:32.800  2992  2992 I A02900/R1Api24Probe: E1_BUFFER_SAMPLE|round=4|sample=10|length=9|leftSentinel=173|rightSentinel=82|hash=112004092|guards=true|nativeTid=2992
CST 2026-07-17 18:48:32.800  2992  2992 I A02900/R1Api24Probe: E1_BUFFER_SAMPLE|round=4|sample=11|length=10|leftSentinel=174|rightSentinel=81|hash=783909268|guards=true|nativeTid=2992
CST 2026-07-17 18:48:32.801  2992  2992 I A02900/R1Api24Probe: E1_BUFFER_SAMPLE|round=4|sample=12|length=11|leftSentinel=175|rightSentinel=80|hash=2604888803|guards=true|nativeTid=2992
CST 2026-07-17 18:48:32.801  2992  2992 I A02900/R1Api24Probe: E1_BUFFER_SAMPLE|round=4|sample=13|length=12|leftSentinel=176|rightSentinel=79|hash=2974930485|guards=true|nativeTid=2992
CST 2026-07-17 18:48:32.801  2992  2992 I A02900/R1Api24Probe: E1_BUFFER_SAMPLE|round=4|sample=14|length=13|leftSentinel=177|rightSentinel=78|hash=1907981140|guards=true|nativeTid=2992
CST 2026-07-17 18:48:32.801  2992  2992 I A02900/R1Api24Probe: E1_BUFFER_SAMPLE|round=4|sample=15|length=14|leftSentinel=178|rightSentinel=77|hash=3787855040|guards=true|nativeTid=2992
CST 2026-07-17 18:48:32.801  2992  2992 I A02900/R1Api24Probe: E1_BUFFER_SAMPLE|round=4|sample=16|length=15|leftSentinel=179|rightSentinel=76|hash=3691586343|guards=true|nativeTid=2992
CST 2026-07-17 18:48:32.801  2992  2992 I A02900/R1Api24Probe: E1_BUFFER_SAMPLE|round=4|sample=17|length=16|leftSentinel=180|rightSentinel=75|hash=3565283045|guards=true|nativeTid=2992
CST 2026-07-17 18:48:32.801  2992  2992 I A02900/R1Api24Probe: E1_BUFFER_SAMPLE|round=4|sample=18|length=17|leftSentinel=181|rightSentinel=74|hash=118349452|guards=true|nativeTid=2992
CST 2026-07-17 18:48:32.801  2992  2992 I A02900/R1Api24Probe: E1_BUFFER_SAMPLE|round=4|sample=19|length=18|leftSentinel=182|rightSentinel=73|hash=3104175036|guards=true|nativeTid=2992
CST 2026-07-17 18:48:32.801  1657  1657 I A01b0d/HICAR: TopAppManager --> COMMON_EVENT_TOP_APP_CHANGE success
CST 2026-07-17 18:48:32.801  2992  2992 I A02900/R1Api24Probe: E1_BUFFER_SAMPLE|round=4|sample=20|length=19|leftSentinel=183|rightSentinel=72|hash=238509011|guards=true|nativeTid=2992
CST 2026-07-17 18:48:32.801  2992  2992 I A02900/R1Api24Probe: E1_BUFFER_SAMPLE|round=4|sample=21|length=20|leftSentinel=184|rightSentinel=71|hash=66242629|guards=true|nativeTid=2992
CST 2026-07-17 18:48:32.801  2992  2992 I A02900/R1Api24Probe: E1_BUFFER_SAMPLE|round=4|sample=22|length=21|leftSentinel=185|rightSentinel=70|hash=2571940356|guards=true|nativeTid=2992
CST 2026-07-17 18:48:32.801  2992  2992 I A02900/R1Api24Probe: E1_BUFFER_SAMPLE|round=4|sample=23|length=22|leftSentinel=186|rightSentinel=69|hash=285289560|guards=true|nativeTid=2992
CST 2026-07-17 18:48:32.801  2992  2992 I A02900/R1Api24Probe: E1_BUFFER_SAMPLE|round=4|sample=24|length=23|leftSentinel=187|rightSentinel=68|hash=2954765319|guards=true|nativeTid=2992
CST 2026-07-17 18:48:32.801  2992  2992 I A02900/R1Api24Probe: E1_BUFFER_SAMPLE|round=4|sample=25|length=24|leftSentinel=188|rightSentinel=67|hash=3013010613|guards=true|nativeTid=2992
CST 2026-07-17 18:48:32.801  2992  2992 I A02900/R1Api24Probe: E1_BUFFER_SAMPLE|round=4|sample=26|length=25|leftSentinel=189|rightSentinel=66|hash=1705617532|guards=true|nativeTid=2992
CST 2026-07-17 18:48:32.801  2992  2992 I A02900/R1Api24Probe: E1_BUFFER_SAMPLE|round=4|sample=27|length=26|leftSentinel=190|rightSentinel=65|hash=1686694628|guards=true|nativeTid=2992
CST 2026-07-17 18:48:32.801   766  1111 I C01202/Unordered: Pid 1657 publish COMMON_EVENT_TOP_APP_CHANGE to 100 end(0,0,0,0)
CST 2026-07-17 18:48:32.801  2992  2992 I A02900/R1Api24Probe: E1_BUFFER_SAMPLE|round=4|sample=28|length=27|leftSentinel=191|rightSentinel=64|hash=2205065571|guards=true|nativeTid=2992
CST 2026-07-17 18:48:32.802  2992  2992 I A02900/R1Api24Probe: E1_BUFFER_SAMPLE|round=4|sample=29|length=28|leftSentinel=192|rightSentinel=63|hash=1480579125|guards=true|nativeTid=2992
CST 2026-07-17 18:48:32.802  2992  2992 I A02900/R1Api24Probe: E1_BUFFER_SAMPLE|round=4|sample=30|length=29|leftSentinel=193|rightSentinel=62|hash=991381492|guards=true|nativeTid=2992
CST 2026-07-17 18:48:32.802  2992  2992 I A02900/R1Api24Probe: E1_BUFFER_SAMPLE|round=4|sample=31|length=30|leftSentinel=194|rightSentinel=61|hash=2275537264|guards=true|nativeTid=2992
CST 2026-07-17 18:48:32.802  2992  2992 I A02900/R1Api24Probe: E1_BUFFER_SAMPLE|round=4|sample=32|length=31|leftSentinel=195|rightSentinel=60|hash=1448997351|guards=true|nativeTid=2992
CST 2026-07-17 18:48:32.802  2992  2992 I A02900/R1Api24Probe: E1_BUFFER_SAMPLE|round=4|sample=33|length=32|leftSentinel=196|rightSentinel=59|hash=1715512581|guards=true|nativeTid=2992
CST 2026-07-17 18:48:32.802  2992  2992 I A02900/R1Api24Probe: E1_BUFFER_SAMPLE|round=4|sample=34|length=33|leftSentinel=197|rightSentinel=58|hash=1181750028|guards=true|nativeTid=2992
CST 2026-07-17 18:48:32.802  2992  2992 I A02900/R1Api24Probe: E1_BUFFER_SAMPLE|round=4|sample=35|length=34|leftSentinel=198|rightSentinel=57|hash=1459873196|guards=true|nativeTid=2992
CST 2026-07-17 18:48:32.802  2992  2992 I A02900/R1Api24Probe: E1_BUFFER_SAMPLE|round=4|sample=36|length=35|leftSentinel=199|rightSentinel=56|hash=2493428915|guards=true|nativeTid=2992
CST 2026-07-17 18:48:32.802  2992  2992 I A02900/R1Api24Probe: E1_BUFFER_SAMPLE|round=4|sample=37|length=36|leftSentinel=200|rightSentinel=55|hash=3339947717|guards=true|nativeTid=2992
CST 2026-07-17 18:48:32.802  2992  2992 I A02900/R1Api24Probe: E1_BUFFER_SAMPLE|round=4|sample=38|length=37|leftSentinel=201|rightSentinel=54|hash=4113232164|guards=true|nativeTid=2992
CST 2026-07-17 18:48:32.802  2992  2992 I A02900/R1Api24Probe: E1_BUFFER_SAMPLE|round=4|sample=39|length=38|leftSentinel=202|rightSentinel=53|hash=489064456|guards=true|nativeTid=2992
CST 2026-07-17 18:48:32.802  2992  2992 I A02900/R1Api24Probe: E1_BUFFER_SAMPLE|round=4|sample=40|length=39|leftSentinel=203|rightSentinel=52|hash=2478804487|guards=true|nativeTid=2992
CST 2026-07-17 18:48:32.802  2992  2992 I A02900/R1Api24Probe: E1_BUFFER_SAMPLE|round=4|sample=41|length=40|leftSentinel=204|rightSentinel=51|hash=1773064981|guards=true|nativeTid=2992
CST 2026-07-17 18:48:32.802  2992  2992 I A02900/R1Api24Probe: E1_BUFFER_SAMPLE|round=4|sample=42|length=41|leftSentinel=205|rightSentinel=50|hash=1137586812|guards=true|nativeTid=2992
CST 2026-07-17 18:48:32.802  2992  2992 I A02900/R1Api24Probe: E1_BUFFER_SAMPLE|round=4|sample=43|length=42|leftSentinel=206|rightSentinel=49|hash=2797969972|guards=true|nativeTid=2992
CST 2026-07-17 18:48:32.802  2992  2992 I A02900/R1Api24Probe: E1_BUFFER_SAMPLE|round=4|sample=44|length=43|leftSentinel=207|rightSentinel=48|hash=3908824739|guards=true|nativeTid=2992
CST 2026-07-17 18:48:32.803  2992  2992 I A02900/R1Api24Probe: E1_BUFFER_SAMPLE|round=4|sample=45|length=44|leftSentinel=208|rightSentinel=47|hash=3174245621|guards=true|nativeTid=2992
CST 2026-07-17 18:48:32.803  2992  2992 I A02900/R1Api24Probe: E1_BUFFER_SAMPLE|round=4|sample=46|length=45|leftSentinel=209|rightSentinel=46|hash=3215620628|guards=true|nativeTid=2992
CST 2026-07-17 18:48:32.803  2992  2992 I A02900/R1Api24Probe: E1_BUFFER_SAMPLE|round=4|sample=47|length=46|leftSentinel=210|rightSentinel=45|hash=2821945376|guards=true|nativeTid=2992
CST 2026-07-17 18:48:32.803  2992  2992 I A02900/R1Api24Probe: E1_BUFFER_SAMPLE|round=4|sample=48|length=47|leftSentinel=211|rightSentinel=44|hash=551820711|guards=true|nativeTid=2992
CST 2026-07-17 18:48:32.803  2992  2992 I A02900/R1Api24Probe: E1_BUFFER_SAMPLE|round=4|sample=49|length=48|leftSentinel=212|rightSentinel=43|hash=1592343333|guards=true|nativeTid=2992
CST 2026-07-17 18:48:32.803  2992  2992 I A02900/R1Api24Probe: E1_BUFFER_SAMPLE|round=4|sample=50|length=49|leftSentinel=213|rightSentinel=42|hash=647137804|guards=true|nativeTid=2992
CST 2026-07-17 18:48:32.803  2992  2992 I A02900/R1Api24Probe: E1_BUFFER_SAMPLE|round=4|sample=51|length=50|leftSentinel=214|rightSentinel=41|hash=3775433564|guards=true|nativeTid=2992
CST 2026-07-17 18:48:32.803  2992  2992 I A02900/R1Api24Probe: E1_BUFFER_SAMPLE|round=4|sample=52|length=51|leftSentinel=215|rightSentinel=40|hash=1396231251|guards=true|nativeTid=2992
CST 2026-07-17 18:48:32.803  2992  2992 I A02900/R1Api24Probe: E1_BUFFER_SAMPLE|round=4|sample=53|length=52|leftSentinel=216|rightSentinel=39|hash=3174787205|guards=true|nativeTid=2992
CST 2026-07-17 18:48:32.803  2992  2992 I A02900/R1Api24Probe: E1_BUFFER_SAMPLE|round=4|sample=54|length=53|leftSentinel=217|rightSentinel=38|hash=2848308164|guards=true|nativeTid=2992
CST 2026-07-17 18:48:32.803  2992  2992 I A02900/R1Api24Probe: E1_BUFFER_SAMPLE|round=4|sample=55|length=54|leftSentinel=218|rightSentinel=37|hash=1625987448|guards=true|nativeTid=2992
CST 2026-07-17 18:48:32.803  2992  2992 I A02900/R1Api24Probe: E1_BUFFER_SAMPLE|round=4|sample=56|length=55|leftSentinel=219|rightSentinel=36|hash=2571008711|guards=true|nativeTid=2992
CST 2026-07-17 18:48:32.803  2992  2992 I A02900/R1Api24Probe: E1_BUFFER_SAMPLE|round=4|sample=57|length=56|leftSentinel=220|rightSentinel=35|hash=3768989557|guards=true|nativeTid=2992
CST 2026-07-17 18:48:32.804  2992  2992 I A02900/R1Api24Probe: E1_BUFFER_SAMPLE|round=4|sample=58|length=57|leftSentinel=221|rightSentinel=34|hash=3718320764|guards=true|nativeTid=2992
CST 2026-07-17 18:48:32.804  2992  2992 I A02900/R1Api24Probe: E1_BUFFER_SAMPLE|round=4|sample=59|length=58|leftSentinel=222|rightSentinel=33|hash=2811226116|guards=true|nativeTid=2992
CST 2026-07-17 18:48:32.804  2992  2992 I A02900/R1Api24Probe: E1_BUFFER_SAMPLE|round=4|sample=60|length=59|leftSentinel=223|rightSentinel=32|hash=3640415651|guards=true|nativeTid=2992
CST 2026-07-17 18:48:32.804  2992  2992 I A02900/R1Api24Probe: E1_BUFFER_SAMPLE|round=4|sample=61|length=60|leftSentinel=224|rightSentinel=31|hash=1609171061|guards=true|nativeTid=2992
CST 2026-07-17 18:48:32.804  2992  2992 I A02900/R1Api24Probe: E1_BUFFER_SAMPLE|round=4|sample=62|length=61|leftSentinel=225|rightSentinel=30|hash=1104462068|guards=true|nativeTid=2992
CST 2026-07-17 18:48:32.804  2992  2992 I A02900/R1Api24Probe: E1_BUFFER_SAMPLE|round=4|sample=63|length=62|leftSentinel=226|rightSentinel=29|hash=1385185424|guards=true|nativeTid=2992
CST 2026-07-17 18:48:32.804  2992  2992 I A02900/R1Api24Probe: E1_BUFFER_SAMPLE|round=4|sample=64|length=63|leftSentinel=227|rightSentinel=28|hash=2144559655|guards=true|nativeTid=2992
CST 2026-07-17 18:48:32.804  2992  2992 I A02900/R1Api24Probe: E1_BUFFER_SAMPLE|round=4|sample=65|length=64|leftSentinel=228|rightSentinel=27|hash=16592325|guards=true|nativeTid=2992
CST 2026-07-17 18:48:32.804  2992  2992 I A02900/R1Api24Probe: E1_BUFFER_SAMPLE|round=4|sample=66|length=65|leftSentinel=229|rightSentinel=26|hash=3993066764|guards=true|nativeTid=2992
CST 2026-07-17 18:48:32.804  2992  2992 I A02900/R1Api24Probe: E1_BUFFER_SAMPLE|round=4|sample=67|length=66|leftSentinel=230|rightSentinel=25|hash=3141240460|guards=true|nativeTid=2992
CST 2026-07-17 18:48:32.804  2992  2992 I A02900/R1Api24Probe: E1_BUFFER_SAMPLE|round=4|sample=68|length=67|leftSentinel=231|rightSentinel=24|hash=2499834227|guards=true|nativeTid=2992
CST 2026-07-17 18:48:32.804  2992  2992 I A02900/R1Api24Probe: E1_BUFFER_SAMPLE|round=4|sample=69|length=68|leftSentinel=232|rightSentinel=23|hash=725244165|guards=true|nativeTid=2992
CST 2026-07-17 18:48:32.804  2992  2992 I A02900/R1Api24Probe: E1_BUFFER_SAMPLE|round=4|sample=70|length=69|leftSentinel=233|rightSentinel=22|hash=4027960228|guards=true|nativeTid=2992
CST 2026-07-17 18:48:32.805  2992  2992 I A02900/R1Api24Probe: E1_BUFFER_SAMPLE|round=4|sample=71|length=70|leftSentinel=234|rightSentinel=21|hash=3614687080|guards=true|nativeTid=2992
CST 2026-07-17 18:48:32.805  2992  2992 I A02900/R1Api24Probe: E1_BUFFER_SAMPLE|round=4|sample=72|length=71|leftSentinel=235|rightSentinel=20|hash=4039644679|guards=true|nativeTid=2992
CST 2026-07-17 18:48:32.805  2992  2992 I A02900/R1Api24Probe: E1_BUFFER_SAMPLE|round=4|sample=73|length=72|leftSentinel=236|rightSentinel=19|hash=827241173|guards=true|nativeTid=2992
CST 2026-07-17 18:48:32.805  2992  2992 I A02900/R1Api24Probe: E1_BUFFER_SAMPLE|round=4|sample=74|length=73|leftSentinel=237|rightSentinel=18|hash=229263228|guards=true|nativeTid=2992
CST 2026-07-17 18:48:32.805  2992  2992 I A02900/R1Api24Probe: E1_BUFFER_SAMPLE|round=4|sample=75|length=74|leftSentinel=238|rightSentinel=17|hash=240896468|guards=true|nativeTid=2992
CST 2026-07-17 18:48:32.805  2992  2992 I A02900/R1Api24Probe: E1_BUFFER_SAMPLE|round=4|sample=76|length=75|leftSentinel=239|rightSentinel=16|hash=4053947107|guards=true|nativeTid=2992
CST 2026-07-17 18:48:32.805  2992  2992 I A02900/R1Api24Probe: E1_BUFFER_SAMPLE|round=4|sample=77|length=76|leftSentinel=240|rightSentinel=15|hash=230682165|guards=true|nativeTid=2992
CST 2026-07-17 18:48:32.805  2992  2992 I A02900/R1Api24Probe: E1_BUFFER_SAMPLE|round=4|sample=78|length=77|leftSentinel=241|rightSentinel=14|hash=1068450772|guards=true|nativeTid=2992
CST 2026-07-17 18:48:32.805  2992  2992 I A02900/R1Api24Probe: E1_BUFFER_SAMPLE|round=4|sample=79|length=78|leftSentinel=242|rightSentinel=13|hash=2500184320|guards=true|nativeTid=2992
CST 2026-07-17 18:48:32.805  2992  2992 I A02900/R1Api24Probe: E1_BUFFER_SAMPLE|round=4|sample=80|length=79|leftSentinel=243|rightSentinel=12|hash=209755815|guards=true|nativeTid=2992
CST 2026-07-17 18:48:32.805  2992  2992 I A02900/R1Api24Probe: E1_BUFFER_SAMPLE|round=4|sample=81|length=80|leftSentinel=244|rightSentinel=11|hash=3848140005|guards=true|nativeTid=2992
CST 2026-07-17 18:48:32.806  2992  2992 I A02900/R1Api24Probe: E1_BUFFER_SAMPLE|round=4|sample=82|length=81|leftSentinel=245|rightSentinel=10|hash=2196150412|guards=true|nativeTid=2992
CST 2026-07-17 18:48:32.806  2992  2992 I A02900/R1Api24Probe: E1_BUFFER_SAMPLE|round=4|sample=83|length=82|leftSentinel=246|rightSentinel=9|hash=1185038460|guards=true|nativeTid=2992
CST 2026-07-17 18:48:32.806  2992  2992 I A02900/R1Api24Probe: E1_BUFFER_SAMPLE|round=4|sample=84|length=83|leftSentinel=247|rightSentinel=8|hash=4123982163|guards=true|nativeTid=2992
CST 2026-07-17 18:48:32.806  2992  2992 I A02900/R1Api24Probe: E1_BUFFER_SAMPLE|round=4|sample=85|length=84|leftSentinel=248|rightSentinel=7|hash=684994373|guards=true|nativeTid=2992
CST 2026-07-17 18:48:32.806  2992  2992 I A02900/R1Api24Probe: E1_BUFFER_SAMPLE|round=4|sample=86|length=85|leftSentinel=249|rightSentinel=6|hash=2146564356|guards=true|nativeTid=2992
CST 2026-07-17 18:48:32.806  2992  2992 I A02900/R1Api24Probe: E1_BUFFER_SAMPLE|round=4|sample=87|length=86|leftSentinel=250|rightSentinel=5|hash=3909990040|guards=true|nativeTid=2992
CST 2026-07-17 18:48:32.806  2992  2992 I A02900/R1Api24Probe: E1_BUFFER_SAMPLE|round=4|sample=88|length=87|leftSentinel=251|rightSentinel=4|hash=1984670599|guards=true|nativeTid=2992
CST 2026-07-17 18:48:32.806  2992  2992 I A02900/R1Api24Probe: E1_BUFFER_SAMPLE|round=4|sample=89|length=88|leftSentinel=252|rightSentinel=3|hash=10812725|guards=true|nativeTid=2992
CST 2026-07-17 18:48:32.806  2992  2992 I A02900/R1Api24Probe: E1_BUFFER_SAMPLE|round=4|sample=90|length=89|leftSentinel=253|rightSentinel=2|hash=3751709948|guards=true|nativeTid=2992
CST 2026-07-17 18:48:32.807  2992  2992 I A02900/R1Api24Probe: E1_BUFFER_SAMPLE|round=4|sample=91|length=90|leftSentinel=254|rightSentinel=1|hash=1326547108|guards=true|nativeTid=2992
CST 2026-07-17 18:48:32.807  2992  2992 I A02900/R1Api24Probe: E1_BUFFER_SAMPLE|round=4|sample=92|length=91|leftSentinel=255|rightSentinel=0|hash=2950804579|guards=true|nativeTid=2992
CST 2026-07-17 18:48:32.807  2992  2992 I A02900/R1Api24Probe: E1_BUFFER_SAMPLE|round=4|sample=93|length=92|leftSentinel=0|rightSentinel=255|hash=550805173|guards=true|nativeTid=2992
CST 2026-07-17 18:48:32.807  2992  2992 I A02900/R1Api24Probe: E1_BUFFER_SAMPLE|round=4|sample=94|length=93|leftSentinel=1|rightSentinel=254|hash=3660823028|guards=true|nativeTid=2992
CST 2026-07-17 18:48:32.807  2992  2992 I A02900/R1Api24Probe: E1_BUFFER_SAMPLE|round=4|sample=95|length=94|leftSentinel=2|rightSentinel=253|hash=1488528944|guards=true|nativeTid=2992
CST 2026-07-17 18:48:32.807  2992  2992 I A02900/R1Api24Probe: E1_BUFFER_SAMPLE|round=4|sample=96|length=95|leftSentinel=3|rightSentinel=252|hash=2230309095|guards=true|nativeTid=2992
CST 2026-07-17 18:48:32.807  2992  2992 I A02900/R1Api24Probe: E1_BUFFER_SAMPLE|round=4|sample=97|length=96|leftSentinel=4|rightSentinel=251|hash=101063557|guards=true|nativeTid=2992
CST 2026-07-17 18:48:32.807  2992  2992 I A02900/R1Api24Probe: E1_BUFFER_SAMPLE|round=4|sample=98|length=97|leftSentinel=5|rightSentinel=250|hash=851337612|guards=true|nativeTid=2992
CST 2026-07-17 18:48:32.807  2992  2992 I A02900/R1Api24Probe: E1_BUFFER_SAMPLE|round=4|sample=99|length=98|leftSentinel=6|rightSentinel=249|hash=3380318956|guards=true|nativeTid=2992
CST 2026-07-17 18:48:32.807  2992  2992 I A02900/R1Api24Probe: E1_BUFFER_SAMPLE|round=4|sample=100|length=99|leftSentinel=7|rightSentinel=248|hash=3868860595|guards=true|nativeTid=2992
CST 2026-07-17 18:48:32.807  2992  2992 I A02900/R1Api24Probe: E1_FD_CREATED|fdA=37|fdB=38|creatorTid=2992|owner=ArkTS
CST 2026-07-17 18:48:32.808  2992  2992 I A02900/R1Api24Probe: E1_FD_RESULT|round=4|fdA=37|fdB=38|duplicateFd=39|written=23|read=23|payload=fd-round-04-sentinel-94|payloadHash=1382337890|closeA=0|closeDuplicate=0|closeB=0|duplicateCloseA=-1|errnoA=9|duplicateCloseB=-1|errnoB=9|owner=closed-by-native|nativeTid=2992
CST 2026-07-17 18:48:32.808  2992  3216 I A02900/R1Api24Probe: E1_PTHREAD_START|round=4|producerTid=3216
CST 2026-07-17 18:48:32.808  2992  2992 I A02900/R1Api24Probe: E1_CALLBACK_SAMPLE|round=4|sequence=1|producerTid=3216|consumerTid=2992|payload=r04-s001-x63|hash=652842826|valid=true
CST 2026-07-17 18:48:32.808  2992  3216 I A02900/R1Api24Probe: E1_PTHREAD_FINISH|round=4|producerTid=3216|queued=100|status=0
CST 2026-07-17 18:48:32.808  2992  2992 I A02900/R1Api24Probe: E1_CALLBACK_SAMPLE|round=4|sequence=2|producerTid=3216|consumerTid=2992|payload=r04-s002-x82|hash=1335009318|valid=true
CST 2026-07-17 18:48:32.808  2992  2992 I A02900/R1Api24Probe: E1_CALLBACK_SAMPLE|round=4|sequence=3|producerTid=3216|consumerTid=2992|payload=r04-s003-xa1|hash=1640591817|valid=true
CST 2026-07-17 18:48:32.808  2992  2992 I A02900/R1Api24Probe: E1_CALLBACK_SAMPLE|round=4|sequence=4|producerTid=3216|consumerTid=2992|payload=r04-s004-xc0|hash=2527538245|valid=true
CST 2026-07-17 18:48:32.808  2992  2992 I A02900/R1Api24Probe: E1_CALLBACK_SAMPLE|round=4|sequence=5|producerTid=3216|consumerTid=2992|payload=r04-s005-xdf|hash=4082310767|valid=true
CST 2026-07-17 18:48:32.808  2992  2992 I A02900/R1Api24Probe: E1_CALLBACK_SAMPLE|round=4|sequence=6|producerTid=3216|consumerTid=2992|payload=r04-s006-xfe|hash=1335013609|valid=true
CST 2026-07-17 18:48:32.808  2992  2992 I A02900/R1Api24Probe: E1_CALLBACK_SAMPLE|round=4|sequence=7|producerTid=3216|consumerTid=2992|payload=r04-s007-x1d|hash=3583050598|valid=true
CST 2026-07-17 18:48:32.808  2992  2992 I A02900/R1Api24Probe: E1_CALLBACK_SAMPLE|round=4|sequence=8|producerTid=3216|consumerTid=2992|payload=r04-s008-x3c|hash=1534614936|valid=true
CST 2026-07-17 18:48:32.808  2992  2992 I A02900/R1Api24Probe: E1_CALLBACK_SAMPLE|round=4|sequence=9|producerTid=3216|consumerTid=2992|payload=r04-s009-x5b|hash=1580359514|valid=true
CST 2026-07-17 18:48:32.808  2992  2992 I A02900/R1Api24Probe: E1_CALLBACK_SAMPLE|round=4|sequence=10|producerTid=3216|consumerTid=2992|payload=r04-s010-x7a|hash=2770956103|valid=true
CST 2026-07-17 18:48:32.808  2992  2992 I A02900/R1Api24Probe: E1_CALLBACK_SAMPLE|round=4|sequence=11|producerTid=3216|consumerTid=2992|payload=r04-s011-x99|hash=2769349050|valid=true
CST 2026-07-17 18:48:32.808  2992  2992 I A02900/R1Api24Probe: E1_CALLBACK_SAMPLE|round=4|sequence=12|producerTid=3216|consumerTid=2992|payload=r04-s012-xb8|hash=3777403063|valid=true
CST 2026-07-17 18:48:32.808  2992  2992 I A02900/R1Api24Probe: E1_CALLBACK_SAMPLE|round=4|sequence=13|producerTid=3216|consumerTid=2992|payload=r04-s013-xd7|hash=3169560795|valid=true
CST 2026-07-17 18:48:32.808  2992  2992 I A02900/R1Api24Probe: E1_CALLBACK_SAMPLE|round=4|sequence=14|producerTid=3216|consumerTid=2992|payload=r04-s014-xf6|hash=2171208703|valid=true
CST 2026-07-17 18:48:32.808  2992  2992 I A02900/R1Api24Probe: E1_CALLBACK_SAMPLE|round=4|sequence=15|producerTid=3216|consumerTid=2992|payload=r04-s015-x15|hash=13749050|valid=true
CST 2026-07-17 18:48:32.809  2992  2992 I A02900/R1Api24Probe: E1_CALLBACK_SAMPLE|round=4|sequence=16|producerTid=3216|consumerTid=2992|payload=r04-s016-x34|hash=1067228526|valid=true
CST 2026-07-17 18:48:32.809  2992  2992 I A02900/R1Api24Probe: E1_CALLBACK_SAMPLE|round=4|sequence=17|producerTid=3216|consumerTid=2992|payload=r04-s017-x53|hash=3595488178|valid=true
CST 2026-07-17 18:48:32.809  2992  2992 I A02900/R1Api24Probe: E1_CALLBACK_SAMPLE|round=4|sequence=18|producerTid=3216|consumerTid=2992|payload=r04-s018-x72|hash=2935217970|valid=true
CST 2026-07-17 18:48:32.809  2992  2992 I A02900/R1Api24Probe: E1_CALLBACK_SAMPLE|round=4|sequence=19|producerTid=3216|consumerTid=2992|payload=r04-s019-x91|hash=414516026|valid=true
CST 2026-07-17 18:48:32.809  2992  2992 I A02900/R1Api24Probe: E1_CALLBACK_SAMPLE|round=4|sequence=20|producerTid=3216|consumerTid=2992|payload=r04-s020-xb0|hash=1330462514|valid=true
CST 2026-07-17 18:48:32.809  2992  2992 I A02900/R1Api24Probe: E1_CALLBACK_SAMPLE|round=4|sequence=21|producerTid=3216|consumerTid=2992|payload=r04-s021-xcf|hash=251418358|valid=true
CST 2026-07-17 18:48:32.809  2992  2992 I A02900/R1Api24Probe: E1_CALLBACK_SAMPLE|round=4|sequence=22|producerTid=3216|consumerTid=2992|payload=r04-s022-xee|hash=3889827288|valid=true
CST 2026-07-17 18:48:32.809  2992  2992 I A02900/R1Api24Probe: E1_CALLBACK_SAMPLE|round=4|sequence=23|producerTid=3216|consumerTid=2992|payload=r04-s023-x0d|hash=2710989797|valid=true
CST 2026-07-17 18:48:32.809  2992  2992 I A02900/R1Api24Probe: E1_CALLBACK_SAMPLE|round=4|sequence=24|producerTid=3216|consumerTid=2992|payload=r04-s024-x2c|hash=350306091|valid=true
CST 2026-07-17 18:48:32.809  2992  2992 I A02900/R1Api24Probe: E1_CALLBACK_SAMPLE|round=4|sequence=25|producerTid=3216|consumerTid=2992|payload=r04-s025-x4b|hash=2127007181|valid=true
CST 2026-07-17 18:48:32.809  2992  2992 I A02900/R1Api24Probe: E1_CALLBACK_SAMPLE|round=4|sequence=26|producerTid=3216|consumerTid=2992|payload=r04-s026-x6a|hash=2913321491|valid=true
CST 2026-07-17 18:48:32.809  2992  2992 I A02900/R1Api24Probe: E1_CALLBACK_SAMPLE|round=4|sequence=27|producerTid=3216|consumerTid=2992|payload=r04-s027-x89|hash=2768056162|valid=true
CST 2026-07-17 18:48:32.809  2992  2992 I A02900/R1Api24Probe: E1_CALLBACK_SAMPLE|round=4|sequence=28|producerTid=3216|consumerTid=2992|payload=r04-s028-xa8|hash=1726572553|valid=true
CST 2026-07-17 18:48:32.809  2992  2992 I A02900/R1Api24Probe: E1_CALLBACK_SAMPLE|round=4|sequence=29|producerTid=3216|consumerTid=2992|payload=r04-s029-xc7|hash=3899480401|valid=true
CST 2026-07-17 18:48:32.809  2992  2992 I A02900/R1Api24Probe: E1_CALLBACK_SAMPLE|round=4|sequence=30|producerTid=3216|consumerTid=2992|payload=r04-s030-xe6|hash=3968460286|valid=true
CST 2026-07-17 18:48:32.809  2992  2992 I A02900/R1Api24Probe: E1_CALLBACK_SAMPLE|round=4|sequence=31|producerTid=3216|consumerTid=2992|payload=r04-s031-x05|hash=2906524801|valid=true
CST 2026-07-17 18:48:32.809  2992  2992 I A02900/R1Api24Probe: E1_CALLBACK_SAMPLE|round=4|sequence=32|producerTid=3216|consumerTid=2992|payload=r04-s032-x24|hash=3419138761|valid=true
CST 2026-07-17 18:48:32.809  2992  2992 I A02900/R1Api24Probe: E1_CALLBACK_SAMPLE|round=4|sequence=33|producerTid=3216|consumerTid=2992|payload=r04-s033-x43|hash=3438221597|valid=true
CST 2026-07-17 18:48:32.810  2992  2992 I A02900/R1Api24Probe: E1_CALLBACK_SAMPLE|round=4|sequence=34|producerTid=3216|consumerTid=2992|payload=r04-s034-x62|hash=2205093369|valid=true
CST 2026-07-17 18:48:32.810  2992  2992 I A02900/R1Api24Probe: E1_CALLBACK_SAMPLE|round=4|sequence=35|producerTid=3216|consumerTid=2992|payload=r04-s035-x81|hash=2193782481|valid=true
CST 2026-07-17 18:48:32.810  1657  1813 I C02515/DISP: [ExpressFreeMem:317] freeMem bufferhandle gbuffer_id 93d0000004b, width 222, heigt 222
CST 2026-07-17 18:48:32.810  2992  2992 I A02900/R1Api24Probe: E1_CALLBACK_SAMPLE|round=4|sequence=36|producerTid=3216|consumerTid=2992|payload=r04-s036-xa0|hash=492327562|valid=true
CST 2026-07-17 18:48:32.810  2992  2992 I A02900/R1Api24Probe: E1_CALLBACK_SAMPLE|round=4|sequence=37|producerTid=3216|consumerTid=2992|payload=r04-s037-xbf|hash=527555652|valid=true
CST 2026-07-17 18:48:32.810  2992  2992 I A02900/R1Api24Probe: E1_CALLBACK_SAMPLE|round=4|sequence=38|producerTid=3216|consumerTid=2992|payload=r04-s038-xde|hash=1581945270|valid=true
CST 2026-07-17 18:48:32.810  2992  2992 I A02900/R1Api24Probe: E1_CALLBACK_SAMPLE|round=4|sequence=39|producerTid=3216|consumerTid=2992|payload=r04-s039-xfd|hash=1827566168|valid=true
CST 2026-07-17 18:48:32.810  2992  2992 I A02900/R1Api24Probe: E1_CALLBACK_SAMPLE|round=4|sequence=40|producerTid=3216|consumerTid=2992|payload=r04-s040-x1c|hash=2127012690|valid=true
CST 2026-07-17 18:48:32.810  2992  2992 I A02900/R1Api24Probe: E1_CALLBACK_SAMPLE|round=4|sequence=41|producerTid=3216|consumerTid=2992|payload=r04-s041-x3b|hash=1329772104|valid=true
CST 2026-07-17 18:48:32.810  2992  2992 I A02900/R1Api24Probe: E1_CALLBACK_SAMPLE|round=4|sequence=42|producerTid=3216|consumerTid=2992|payload=r04-s042-x5a|hash=223427646|valid=true
CST 2026-07-17 18:48:32.810  2992  2992 I A02900/R1Api24Probe: E1_CALLBACK_SAMPLE|round=4|sequence=43|producerTid=3216|consumerTid=2992|payload=r04-s043-x79|hash=3939552039|valid=true
CST 2026-07-17 18:48:32.810  2992  2992 I A02900/R1Api24Probe: E1_CALLBACK_SAMPLE|round=4|sequence=44|producerTid=3216|consumerTid=2992|payload=r04-s044-x98|hash=2374998675|valid=true
CST 2026-07-17 18:48:32.810  2992  2992 I A02900/R1Api24Probe: E1_CALLBACK_SAMPLE|round=4|sequence=45|producerTid=3216|consumerTid=2992|payload=r04-s045-xb7|hash=4140578602|valid=true
CST 2026-07-17 18:48:32.810  2992  2992 I A02900/R1Api24Probe: E1_CALLBACK_SAMPLE|round=4|sequence=46|producerTid=3216|consumerTid=2992|payload=r04-s046-xd6|hash=893692030|valid=true
CST 2026-07-17 18:48:32.810  2992  2992 I A02900/R1Api24Probe: E1_CALLBACK_SAMPLE|round=4|sequence=47|producerTid=3216|consumerTid=2992|payload=r04-s047-xf5|hash=3383599754|valid=true
CST 2026-07-17 18:48:32.810  2992  2992 I A02900/R1Api24Probe: E1_CALLBACK_SAMPLE|round=4|sequence=48|producerTid=3216|consumerTid=2992|payload=r04-s048-x14|hash=4048295291|valid=true
CST 2026-07-17 18:48:32.810  2992  2992 I A02900/R1Api24Probe: E1_CALLBACK_SAMPLE|round=4|sequence=49|producerTid=3216|consumerTid=2992|payload=r04-s049-x33|hash=2299427587|valid=true
CST 2026-07-17 18:48:32.810  2992  2992 I A02900/R1Api24Probe: E1_CALLBACK_SAMPLE|round=4|sequence=50|producerTid=3216|consumerTid=2992|payload=r04-s050-x52|hash=2209599676|valid=true
CST 2026-07-17 18:48:32.810  2992  2992 I A02900/R1Api24Probe: E1_CALLBACK_SAMPLE|round=4|sequence=51|producerTid=3216|consumerTid=2992|payload=r04-s051-x71|hash=2593289556|valid=true
CST 2026-07-17 18:48:32.810  2992  2992 I A02900/R1Api24Probe: E1_CALLBACK_SAMPLE|round=4|sequence=52|producerTid=3216|consumerTid=2992|payload=r04-s052-x90|hash=1046628240|valid=true
CST 2026-07-17 18:48:32.810  2992  2992 I A02900/R1Api24Probe: E1_CALLBACK_SAMPLE|round=4|sequence=53|producerTid=3216|consumerTid=2992|payload=r04-s053-xaf|hash=2873247773|valid=true
CST 2026-07-17 18:48:32.810  2992  2992 I A02900/R1Api24Probe: E1_CALLBACK_SAMPLE|round=4|sequence=54|producerTid=3216|consumerTid=2992|payload=r04-s054-xce|hash=2412806319|valid=true
CST 2026-07-17 18:48:32.811  2992  2992 I A02900/R1Api24Probe: E1_CALLBACK_SAMPLE|round=4|sequence=55|producerTid=3216|consumerTid=2992|payload=r04-s055-xed|hash=3387031973|valid=true
CST 2026-07-17 18:48:32.811  2992  2992 I A02900/R1Api24Probe: E1_CALLBACK_SAMPLE|round=4|sequence=56|producerTid=3216|consumerTid=2992|payload=r04-s056-x0c|hash=2579557540|valid=true
CST 2026-07-17 18:48:32.811  2992  2992 I A02900/R1Api24Probe: E1_CALLBACK_SAMPLE|round=4|sequence=57|producerTid=3216|consumerTid=2992|payload=r04-s057-x2b|hash=4260917410|valid=true
CST 2026-07-17 18:48:32.811  2992  2992 I A02900/R1Api24Probe: E1_CALLBACK_SAMPLE|round=4|sequence=58|producerTid=3216|consumerTid=2992|payload=r04-s058-x4a|hash=864126096|valid=true
CST 2026-07-17 18:48:32.811  2992  2992 I A02900/R1Api24Probe: E1_CALLBACK_SAMPLE|round=4|sequence=59|producerTid=3216|consumerTid=2992|payload=r04-s059-x69|hash=3746964017|valid=true
CST 2026-07-17 18:48:32.811  2992  2992 I A02900/R1Api24Probe: E1_CALLBACK_SAMPLE|round=4|sequence=60|producerTid=3216|consumerTid=2992|payload=r04-s060-x88|hash=2439844580|valid=true
CST 2026-07-17 18:48:32.811  2992  2992 I A02900/R1Api24Probe: E1_CALLBACK_SAMPLE|round=4|sequence=61|producerTid=3216|consumerTid=2992|payload=r04-s061-xa7|hash=793899843|valid=true
CST 2026-07-17 18:48:32.811  2992  2992 I A02900/R1Api24Probe: E1_CALLBACK_SAMPLE|round=4|sequence=62|producerTid=3216|consumerTid=2992|payload=r04-s062-xc6|hash=2598891171|valid=true
CST 2026-07-17 18:48:32.811  2992  2992 I A02900/R1Api24Probe: E1_CALLBACK_SAMPLE|round=4|sequence=63|producerTid=3216|consumerTid=2992|payload=r04-s063-xe5|hash=720014015|valid=true
CST 2026-07-17 18:48:32.811  2992  2992 I A02900/R1Api24Probe: E1_CALLBACK_SAMPLE|round=4|sequence=64|producerTid=3216|consumerTid=2992|payload=r04-s064-x04|hash=3979211876|valid=true
CST 2026-07-17 18:48:32.811  2992  2992 I A02900/R1Api24Probe: E1_CALLBACK_SAMPLE|round=4|sequence=65|producerTid=3216|consumerTid=2992|payload=r04-s065-x23|hash=3960397588|valid=true
CST 2026-07-17 18:48:32.811  2992  2992 I A02900/R1Api24Probe: E1_CALLBACK_SAMPLE|round=4|sequence=66|producerTid=3216|consumerTid=2992|payload=r04-s066-x42|hash=1422606480|valid=true
CST 2026-07-17 18:48:32.811  2992  2992 I A02900/R1Api24Probe: E1_CALLBACK_SAMPLE|round=4|sequence=67|producerTid=3216|consumerTid=2992|payload=r04-s067-x61|hash=786083348|valid=true
CST 2026-07-17 18:48:32.811  2992  2992 I A02900/R1Api24Probe: E1_CALLBACK_SAMPLE|round=4|sequence=68|producerTid=3216|consumerTid=2992|payload=r04-s068-x80|hash=10931044|valid=true
CST 2026-07-17 18:48:32.811  2992  2992 I A02900/R1Api24Probe: E1_CALLBACK_SAMPLE|round=4|sequence=69|producerTid=3216|consumerTid=2992|payload=r04-s069-x9f|hash=2166115344|valid=true
CST 2026-07-17 18:48:32.811  2992  2992 I A02900/R1Api24Probe: E1_CALLBACK_SAMPLE|round=4|sequence=70|producerTid=3216|consumerTid=2992|payload=r04-s070-xbe|hash=1263309024|valid=true
CST 2026-07-17 18:48:32.811  2992  2992 I A02900/R1Api24Probe: E1_CALLBACK_SAMPLE|round=4|sequence=71|producerTid=3216|consumerTid=2992|payload=r04-s071-xdd|hash=3951743918|valid=true
CST 2026-07-17 18:48:32.811  2992  2992 I A02900/R1Api24Probe: E1_CALLBACK_SAMPLE|round=4|sequence=72|producerTid=3216|consumerTid=2992|payload=r04-s072-xfc|hash=1682501444|valid=true
CST 2026-07-17 18:48:32.811  2992  2992 I A02900/R1Api24Probe: E1_CALLBACK_SAMPLE|round=4|sequence=73|producerTid=3216|consumerTid=2992|payload=r04-s073-x1b|hash=3703523687|valid=true
CST 2026-07-17 18:48:32.811  2992  2992 I A02900/R1Api24Probe: E1_CALLBACK_SAMPLE|round=4|sequence=74|producerTid=3216|consumerTid=2992|payload=r04-s074-x3a|hash=1942533357|valid=true
CST 2026-07-17 18:48:32.811  2992  2992 I A02900/R1Api24Probe: E1_CALLBACK_SAMPLE|round=4|sequence=75|producerTid=3216|consumerTid=2992|payload=r04-s075-x59|hash=1395688852|valid=true
CST 2026-07-17 18:48:32.812  2992  2992 I A02900/R1Api24Probe: E1_CALLBACK_SAMPLE|round=4|sequence=76|producerTid=3216|consumerTid=2992|payload=r04-s076-x78|hash=3759918152|valid=true
CST 2026-07-17 18:48:32.812  2992  2992 I A02900/R1Api24Probe: E1_CALLBACK_SAMPLE|round=4|sequence=77|producerTid=3216|consumerTid=2992|payload=r04-s077-x97|hash=1333808924|valid=true
CST 2026-07-17 18:48:32.812  2992  2992 I A02900/R1Api24Probe: E1_CALLBACK_SAMPLE|round=4|sequence=78|producerTid=3216|consumerTid=2992|payload=r04-s078-xb6|hash=2932756721|valid=true
CST 2026-07-17 18:48:32.812  2992  2992 I A02900/R1Api24Probe: E1_CALLBACK_SAMPLE|round=4|sequence=79|producerTid=3216|consumerTid=2992|payload=r04-s079-xd5|hash=1989362073|valid=true
CST 2026-07-17 18:48:32.812  2992  2992 I A02900/R1Api24Probe: E1_CALLBACK_SAMPLE|round=4|sequence=80|producerTid=3216|consumerTid=2992|payload=r04-s080-xf4|hash=1284821904|valid=true
CST 2026-07-17 18:48:32.812  2992  2992 I A02900/R1Api24Probe: E1_CALLBACK_SAMPLE|round=4|sequence=81|producerTid=3216|consumerTid=2992|payload=r04-s081-x13|hash=2379326889|valid=true
CST 2026-07-17 18:48:32.812  2992  2992 I A02900/R1Api24Probe: E1_CALLBACK_SAMPLE|round=4|sequence=82|producerTid=3216|consumerTid=2992|payload=r04-s082-x32|hash=4190613409|valid=true
CST 2026-07-17 18:48:32.812  2992  2992 I A02900/R1Api24Probe: E1_CALLBACK_SAMPLE|round=4|sequence=83|producerTid=3216|consumerTid=2992|payload=r04-s083-x51|hash=3790940173|valid=true
CST 2026-07-17 18:48:32.812  2992  2992 I A02900/R1Api24Probe: E1_CALLBACK_SAMPLE|round=4|sequence=84|producerTid=3216|consumerTid=2992|payload=r04-s084-x70|hash=2385524393|valid=true
CST 2026-07-17 18:48:32.812  2992  2992 I A02900/R1Api24Probe: E1_CALLBACK_SAMPLE|round=4|sequence=85|producerTid=3216|consumerTid=2992|payload=r04-s085-x8f|hash=436096123|valid=true
CST 2026-07-17 18:48:32.812  2992  2992 I A02900/R1Api24Probe: E1_CALLBACK_SAMPLE|round=4|sequence=86|producerTid=3216|consumerTid=2992|payload=r04-s086-xae|hash=3471643958|valid=true
CST 2026-07-17 18:48:32.812  2992  2992 I A02900/R1Api24Probe: E1_CALLBACK_SAMPLE|round=4|sequence=87|producerTid=3216|consumerTid=2992|payload=r04-s087-xcd|hash=72091988|valid=true
CST 2026-07-17 18:48:32.812  2992  2992 I A02900/R1Api24Probe: E1_CALLBACK_SAMPLE|round=4|sequence=88|producerTid=3216|consumerTid=2992|payload=r04-s088-xec|hash=7605394|valid=true
CST 2026-07-17 18:48:32.812  2992  2992 I A02900/R1Api24Probe: E1_CALLBACK_SAMPLE|round=4|sequence=89|producerTid=3216|consumerTid=2992|payload=r04-s089-x0b|hash=109409659|valid=true
CST 2026-07-17 18:48:32.812  2992  2992 I A02900/R1Api24Probe: E1_CALLBACK_SAMPLE|round=4|sequence=90|producerTid=3216|consumerTid=2992|payload=r04-s090-x2a|hash=3533993950|valid=true
CST 2026-07-17 18:48:32.812  2992  2992 I A02900/R1Api24Probe: E1_CALLBACK_SAMPLE|round=4|sequence=91|producerTid=3216|consumerTid=2992|payload=r04-s091-x49|hash=3585950163|valid=true
CST 2026-07-17 18:48:32.812  2992  2992 I A02900/R1Api24Probe: E1_CALLBACK_SAMPLE|round=4|sequence=92|producerTid=3216|consumerTid=2992|payload=r04-s092-x68|hash=351717275|valid=true
CST 2026-07-17 18:48:32.813  2992  2992 I A02900/R1Api24Probe: E1_CALLBACK_SAMPLE|round=4|sequence=93|producerTid=3216|consumerTid=2992|payload=r04-s093-x87|hash=2394133479|valid=true
CST 2026-07-17 18:48:32.813  2992  2992 I A02900/R1Api24Probe: E1_CALLBACK_SAMPLE|round=4|sequence=94|producerTid=3216|consumerTid=2992|payload=r04-s094-xa6|hash=1240141412|valid=true
CST 2026-07-17 18:48:32.813  2992  2992 I A02900/R1Api24Probe: E1_CALLBACK_SAMPLE|round=4|sequence=95|producerTid=3216|consumerTid=2992|payload=r04-s095-xc5|hash=1396372596|valid=true
CST 2026-07-17 18:48:32.813  2992  2992 I A02900/R1Api24Probe: E1_CALLBACK_SAMPLE|round=4|sequence=96|producerTid=3216|consumerTid=2992|payload=r04-s096-xe4|hash=4143963944|valid=true
CST 2026-07-17 18:48:32.813  2992  2992 I A02900/R1Api24Probe: E1_CALLBACK_SAMPLE|round=4|sequence=97|producerTid=3216|consumerTid=2992|payload=r04-s097-x03|hash=3106875799|valid=true
CST 2026-07-17 18:48:32.813  2992  2992 I A02900/R1Api24Probe: E1_CALLBACK_SAMPLE|round=4|sequence=98|producerTid=3216|consumerTid=2992|payload=r04-s098-x22|hash=711907539|valid=true
CST 2026-07-17 18:48:32.813  2992  2992 I A02900/R1Api24Probe: E1_CALLBACK_SAMPLE|round=4|sequence=99|producerTid=3216|consumerTid=2992|payload=r04-s099-x41|hash=2067713507|valid=true
CST 2026-07-17 18:48:32.813  2992  2992 I A02900/R1Api24Probe: E1_CALLBACK_SAMPLE|round=4|sequence=100|producerTid=3216|consumerTid=2992|payload=r04-s100-x60|hash=1350858111|valid=true
CST 2026-07-17 18:48:32.816   635   695 W C02515/DISP: [SetLayerMaskInfo:495] <private> is not supported
CST 2026-07-17 18:48:32.817   635   695 I C02515/DISP: [CommitComposeLayer:67] CommitComposeLayer! 10
CST 2026-07-17 18:48:32.817   337   350 I C01711/RESOURCE_TASK: [a92ab00880c78e1] [CheckIfCanApplyCpuLevel:1196] CheckIfCanApplyCpuLevel: default scene, app bundleName com.huawei.hmsapp.appgallery not set cpuLevel: -1
CST 2026-07-17 18:48:32.818   337   401 I C01711/RESOURCE_TASK: [a92ab00880c78e1] [RemoveTargetResourceRecord:978] remove record from info map, mapkey 2721, uid: 20020010, bundle name: com.huawei.hmsapp.appgallery erasebit 1, reason: 2
CST 2026-07-17 18:48:32.819   337   578 I C01731/SUSPEND_MSG: [a92ab00880c78e1] pid:2721 resetResource:1
CST 2026-07-17 18:48:32.819   337   578 E C01731/SUSPEND_MSG: [a92ab00880c78e1] [(SetProcessResources):616] application resource pid: 2721 not found
CST 2026-07-17 18:48:32.819   337   578 E C01713/SUSPEND_MANAGER: [a92ab00880c78e1] [(RemoveAndSendHandlerEvent):1290] suspend manager is not ready.
CST 2026-07-17 18:48:32.819   337   578 I C01702/CgroupSchedEnhance: [a92ab00880c78e1] HandleEfficiencyResourcesStateChangedEvent uid 20020010, pid 2721, value 3, cpuLevel -1, resourceNumber: 1
CST 2026-07-17 18:48:32.819   337   578 I C01702/CgroupSchedEnhance: [a92ab00880c78e1] RemoveCpuLevelInfoFromMap, uid: 20020010 not find
CST 2026-07-17 18:48:32.820   279  1760 I C02699/MM: [a92ab00880c78e1] HandleEfficiencyResources 29:bName=com.huawei.hmsapp.appgallery,rN=1,u=20020010,p=2721
CST 2026-07-17 18:48:32.820   279   308 I C02699/MM: [a92ab00880c78e1] UpdatePriorityLocked CPUEND: 2721, 20020010, 100, [(766-0)], 11000
CST 2026-07-17 18:48:32.826   765   765 E C01406/RSScreenManager: IsAllScreensPowerOff: screenPowerStatus_ is empty.
CST 2026-07-17 18:48:32.834  2992  2992 I C01356/Recovery: [app_recovery.cpp489]fileDir: /data/storage/el2/base/files
CST 2026-07-17 18:48:32.834   635   695 W C02515/DISP: [SetLayerMaskInfo:495] <private> is not supported
CST 2026-07-17 18:48:32.834   635  2281 I C02515/DISP: [CommitComposeLayer:67] CommitComposeLayer! 10
CST 2026-07-17 18:48:32.840  1657  1813 I C03900/HDS: [hds_drawable_descriptor.cpp-ProcessIcon:101]set pixelmap editable : 0 .
CST 2026-07-17 18:48:32.840  1657  1813 E C02b61/PixelMap: set ashmem name failed
CST 2026-07-17 18:48:32.841  1657  1813 W A01b00/SCB: GraphicUtils --> combinePic from HdsIcon, bundleName: com.ohos.medialibrary.medialibrarydata, iconSizeOfGrid: 64, hasBorder: true
CST 2026-07-17 18:48:32.841  1657  1813 I A01b00/SCB: IconResourceFwk --> getBundleIcon end param: com.ohos.medialibrary.medialibrarydata, 64, true true
CST 2026-07-17 18:48:32.847   765   765 E C01406/RSScreenManager: IsAllScreensPowerOff: screenPowerStatus_ is empty.
CST 2026-07-17 18:48:32.851  1657  1800 I C02b61/ImageCode: DoEncode:(224, 224) cost 6275 us
CST 2026-07-17 18:48:32.853  1657  1797 I C01631/GaussPD:  [0] [ADAPTER] [139902256663296] Not support binlog_default.writeLock file enable del monitor sysno = 25
CST 2026-07-17 18:48:32.853  1657  1797 I C01631/GaussPD:  [0] [ADAPTER] [139902256663296] Not support binlog_default.writeLock file enable del monitor sysno = 25
CST 2026-07-17 18:48:32.853  1657  1797 I C01631/GaussPD:  [0] [ADAPTER] [139902256663296] Not support binlog_default.writeLock file enable del monitor sysno = 25
CST 2026-07-17 18:48:32.854  1657  1797 I C01631/GaussPD:  [0] [ADAPTER] [139902256663296] Not support binlog_default.writeLock file enable del monitor sysno = 25
CST 2026-07-17 18:48:32.854  1657  1797 I C01631/GaussPD:  [0] [ADAPTER] [139902256663296] Not support binlog_default.writeIndex file enable del monitor sysno = 25
CST 2026-07-17 18:48:32.854  1657  1797 I C01631/GaussPD:  [0] [ADAPTER] [139902256663296] Not support binlog_default.writeIndex file enable del monitor sysno = 25
CST 2026-07-17 18:48:32.854  1657  1813 I A01a01/NC: NotificationConfigManager: update icon result: com.ohos.medialibrary.medialibrarydata, 38242
CST 2026-07-17 18:48:32.854  1657  1813 I A01b00/SCB: IconResourceFwk --> getBundleIcon start param: com.huawei.hms.musicservice, 64, true true
CST 2026-07-17 18:48:32.855  1657  1813 W A01b00/SCB: IconResourceUtils --> getIconResource from bms getBundleResourceInfo for com.huawei.hms.musicservice 0
CST 2026-07-17 18:48:32.857   635  2281 W C02515/DISP: [SetLayerMaskInfo:495] <private> is not supported
CST 2026-07-17 18:48:32.857   635  2281 I C02515/DISP: [CommitComposeLayer:67] CommitComposeLayer! 10
CST 2026-07-17 18:48:32.863   766  1196 I C01120/BMS: icon rdb get resource icon start -n com.huawei.hms.musicservice -i 0 -f 16
CST 2026-07-17 18:48:32.864   766  1196 E C01650/StepResultSet: GoToRow:position[0] rowCount[0] rowPos_[-1]!
CST 2026-07-17 18:48:32.866  2992  2992 I A02900/R1Api24Probe: E1_ROUND_RESULT|verdict=PASS|round=4|pid=2992|mainTid=2992|producerTid=3216|consumerTid=2992|buffers=100|callbacks=100|fdTransfers=1|bufferHashAggregate=1443504017|callbackHashAggregate=2198459304|fdPayloadHash=1382337890|beforeFd=38|afterFd=38|beforeThreads=29|afterThreads=29|monotonicIncrease=false
CST 2026-07-17 18:48:32.866  2992  2992 I A02900/R1Api24Probe: E1_BUFFER_SAMPLE|round=5|sample=1|length=0|leftSentinel=205|rightSentinel=50|hash=2166136261|guards=true|nativeTid=2992
CST 2026-07-17 18:48:32.867  2992  2992 I A02900/R1Api24Probe: E1_BUFFER_SAMPLE|round=5|sample=2|length=1|leftSentinel=206|rightSentinel=49|hash=2601236033|guards=true|nativeTid=2992
CST 2026-07-17 18:48:32.867  2992  2992 I A02900/R1Api24Probe: E1_BUFFER_SAMPLE|round=5|sample=3|length=2|leftSentinel=207|rightSentinel=48|hash=2493492040|guards=true|nativeTid=2992
CST 2026-07-17 18:48:32.867  2992  2992 I A02900/R1Api24Probe: E1_BUFFER_SAMPLE|round=5|sample=4|length=3|leftSentinel=208|rightSentinel=47|hash=621387626|guards=true|nativeTid=2992
CST 2026-07-17 18:48:32.867  2992  2992 I A02900/R1Api24Probe: E1_BUFFER_SAMPLE|round=5|sample=5|length=4|leftSentinel=209|rightSentinel=46|hash=1198127517|guards=true|nativeTid=2992
CST 2026-07-17 18:48:32.867  2992  2992 I A02900/R1Api24Probe: E1_BUFFER_SAMPLE|round=5|sample=6|length=5|leftSentinel=210|rightSentinel=45|hash=2272567853|guards=true|nativeTid=2992
CST 2026-07-17 18:48:32.867  2992  2992 I A02900/R1Api24Probe: E1_BUFFER_SAMPLE|round=5|sample=7|length=6|leftSentinel=211|rightSentinel=44|hash=3076895140|guards=true|nativeTid=2992
CST 2026-07-17 18:48:32.867  2992  2992 I A02900/R1Api24Probe: E1_BUFFER_SAMPLE|round=5|sample=8|length=7|leftSentinel=212|rightSentinel=43|hash=4216500938|guards=true|nativeTid=2992
CST 2026-07-17 18:48:32.867  2992  2992 I A02900/R1Api24Probe: E1_BUFFER_SAMPLE|round=5|sample=9|length=8|leftSentinel=213|rightSentinel=42|hash=306499509|guards=true|nativeTid=2992
CST 2026-07-17 18:48:32.868  2992  2992 I A02900/R1Api24Probe: E1_BUFFER_SAMPLE|round=5|sample=10|length=9|leftSentinel=214|rightSentinel=41|hash=1036960313|guards=true|nativeTid=2992
CST 2026-07-17 18:48:32.868  2992  2992 I A02900/R1Api24Probe: E1_BUFFER_SAMPLE|round=5|sample=11|length=10|leftSentinel=215|rightSentinel=40|hash=1662325592|guards=true|nativeTid=2992
CST 2026-07-17 18:48:32.868  2992  2992 I A02900/R1Api24Probe: E1_BUFFER_SAMPLE|round=5|sample=12|length=11|leftSentinel=216|rightSentinel=39|hash=1428341306|guards=true|nativeTid=2992
CST 2026-07-17 18:48:32.871  2992  2992 I A02900/R1Api24Probe: E1_BUFFER_SAMPLE|round=5|sample=13|length=12|leftSentinel=217|rightSentinel=38|hash=3459684077|guards=true|nativeTid=2992
CST 2026-07-17 18:48:32.871  2992  2992 I A02900/R1Api24Probe: E1_BUFFER_SAMPLE|round=5|sample=14|length=13|leftSentinel=218|rightSentinel=37|hash=3308641653|guards=true|nativeTid=2992
CST 2026-07-17 18:48:32.871  2992  2992 I A02900/R1Api24Probe: E1_BUFFER_SAMPLE|round=5|sample=15|length=14|leftSentinel=219|rightSentinel=36|hash=4246120356|guards=true|nativeTid=2992
CST 2026-07-17 18:48:32.871  2992  2992 I A02900/R1Api24Probe: E1_BUFFER_SAMPLE|round=5|sample=16|length=15|leftSentinel=220|rightSentinel=35|hash=2697924698|guards=true|nativeTid=2992
CST 2026-07-17 18:48:32.871  2992  2992 I A02900/R1Api24Probe: E1_BUFFER_SAMPLE|round=5|sample=17|length=16|leftSentinel=221|rightSentinel=34|hash=1163111685|guards=true|nativeTid=2992
CST 2026-07-17 18:48:32.871  2992  2992 I A02900/R1Api24Probe: E1_BUFFER_SAMPLE|round=5|sample=18|length=17|leftSentinel=222|rightSentinel=33|hash=2481523697|guards=true|nativeTid=2992
CST 2026-07-17 18:48:32.871  2992  2992 I A02900/R1Api24Probe: E1_BUFFER_SAMPLE|round=5|sample=19|length=18|leftSentinel=223|rightSentinel=32|hash=4153516456|guards=true|nativeTid=2992
CST 2026-07-17 18:48:32.871  2992  2992 I A02900/R1Api24Probe: E1_BUFFER_SAMPLE|round=5|sample=20|length=19|leftSentinel=224|rightSentinel=31|hash=2367401514|guards=true|nativeTid=2992
CST 2026-07-17 18:48:32.871  2992  2992 I A02900/R1Api24Probe: E1_BUFFER_SAMPLE|round=5|sample=21|length=20|leftSentinel=225|rightSentinel=30|hash=2186800957|guards=true|nativeTid=2992
CST 2026-07-17 18:48:32.871  2992  2992 I A02900/R1Api24Probe: E1_BUFFER_SAMPLE|round=5|sample=22|length=21|leftSentinel=226|rightSentinel=29|hash=1973504125|guards=true|nativeTid=2992
CST 2026-07-17 18:48:32.871  2992  2992 I A02900/R1Api24Probe: E1_BUFFER_SAMPLE|round=5|sample=23|length=22|leftSentinel=227|rightSentinel=28|hash=1350111076|guards=true|nativeTid=2992
CST 2026-07-17 18:48:32.872  2992  2992 I A02900/R1Api24Probe: E1_BUFFER_SAMPLE|round=5|sample=24|length=23|leftSentinel=228|rightSentinel=27|hash=2424757226|guards=true|nativeTid=2992
CST 2026-07-17 18:48:32.872  2992  2992 I A02900/R1Api24Probe: E1_BUFFER_SAMPLE|round=5|sample=25|length=24|leftSentinel=229|rightSentinel=26|hash=878982517|guards=true|nativeTid=2992
CST 2026-07-17 18:48:32.872  2992  2992 I A02900/R1Api24Probe: E1_BUFFER_SAMPLE|round=5|sample=26|length=25|leftSentinel=230|rightSentinel=25|hash=4285872713|guards=true|nativeTid=2992
CST 2026-07-17 18:48:32.872  2992  2992 I A02900/R1Api24Probe: E1_BUFFER_SAMPLE|round=5|sample=27|length=26|leftSentinel=231|rightSentinel=24|hash=388562648|guards=true|nativeTid=2992
CST 2026-07-17 18:48:32.872  2992  2992 I A02900/R1Api24Probe: E1_BUFFER_SAMPLE|round=5|sample=28|length=27|leftSentinel=232|rightSentinel=23|hash=3956921530|guards=true|nativeTid=2992
CST 2026-07-17 18:48:32.872  2992  2992 I A02900/R1Api24Probe: E1_BUFFER_SAMPLE|round=5|sample=29|length=28|leftSentinel=233|rightSentinel=22|hash=2364827213|guards=true|nativeTid=2992
CST 2026-07-17 18:48:32.872  2992  2992 I A02900/R1Api24Probe: E1_BUFFER_SAMPLE|round=5|sample=30|length=29|leftSentinel=234|rightSentinel=21|hash=738652165|guards=true|nativeTid=2992
CST 2026-07-17 18:48:32.872  2992  2992 I A02900/R1Api24Probe: E1_BUFFER_SAMPLE|round=5|sample=31|length=30|leftSentinel=235|rightSentinel=20|hash=3678285732|guards=true|nativeTid=2992
CST 2026-07-17 18:48:32.872  2992  2992 I A02900/R1Api24Probe: E1_BUFFER_SAMPLE|round=5|sample=32|length=31|leftSentinel=236|rightSentinel=19|hash=96782714|guards=true|nativeTid=2992
CST 2026-07-17 18:48:32.872  2992  2992 I A02900/R1Api24Probe: E1_BUFFER_SAMPLE|round=5|sample=33|length=32|leftSentinel=237|rightSentinel=18|hash=1720142149|guards=true|nativeTid=2992
CST 2026-07-17 18:48:32.872  2992  2992 I A02900/R1Api24Probe: E1_BUFFER_SAMPLE|round=5|sample=34|length=33|leftSentinel=238|rightSentinel=17|hash=3768807585|guards=true|nativeTid=2992
CST 2026-07-17 18:48:32.872  2992  2992 I A02900/R1Api24Probe: E1_BUFFER_SAMPLE|round=5|sample=35|length=34|leftSentinel=239|rightSentinel=16|hash=2391204424|guards=true|nativeTid=2992
CST 2026-07-17 18:48:32.873  2992  2992 I A02900/R1Api24Probe: E1_BUFFER_SAMPLE|round=5|sample=36|length=35|leftSentinel=240|rightSentinel=15|hash=2402396074|guards=true|nativeTid=2992
CST 2026-07-17 18:48:32.873  2992  2992 I A02900/R1Api24Probe: E1_BUFFER_SAMPLE|round=5|sample=37|length=36|leftSentinel=241|rightSentinel=14|hash=1373962589|guards=true|nativeTid=2992
CST 2026-07-17 18:48:32.873  2992  2992 I A02900/R1Api24Probe: E1_BUFFER_SAMPLE|round=5|sample=38|length=37|leftSentinel=242|rightSentinel=13|hash=2022607053|guards=true|nativeTid=2992
CST 2026-07-17 18:48:32.873  2992  2992 I A02900/R1Api24Probe: E1_BUFFER_SAMPLE|round=5|sample=39|length=38|leftSentinel=243|rightSentinel=12|hash=1623327076|guards=true|nativeTid=2992
CST 2026-07-17 18:48:32.873  2992  2992 I A02900/R1Api24Probe: E1_BUFFER_SAMPLE|round=5|sample=40|length=39|leftSentinel=244|rightSentinel=11|hash=22208138|guards=true|nativeTid=2992
CST 2026-07-17 18:48:32.873  2992  2992 I A02900/R1Api24Probe: E1_BUFFER_SAMPLE|round=5|sample=41|length=40|leftSentinel=245|rightSentinel=10|hash=2590883125|guards=true|nativeTid=2992
CST 2026-07-17 18:48:32.873  2992  2992 I A02900/R1Api24Probe: E1_BUFFER_SAMPLE|round=5|sample=42|length=41|leftSentinel=246|rightSentinel=9|hash=1746919769|guards=true|nativeTid=2992
CST 2026-07-17 18:48:32.873  2992  2992 I A02900/R1Api24Probe: E1_BUFFER_SAMPLE|round=5|sample=43|length=42|leftSentinel=247|rightSentinel=8|hash=1013523608|guards=true|nativeTid=2992
CST 2026-07-17 18:48:32.873  2992  2992 I A02900/R1Api24Probe: E1_BUFFER_SAMPLE|round=5|sample=44|length=43|leftSentinel=248|rightSentinel=7|hash=2170550906|guards=true|nativeTid=2992
CST 2026-07-17 18:48:32.873  2992  2992 I A02900/R1Api24Probe: E1_BUFFER_SAMPLE|round=5|sample=45|length=44|leftSentinel=249|rightSentinel=6|hash=891997933|guards=true|nativeTid=2992
CST 2026-07-17 18:48:32.874  2992  2992 I A02900/R1Api24Probe: E1_BUFFER_SAMPLE|round=5|sample=46|length=45|leftSentinel=250|rightSentinel=5|hash=3753434069|guards=true|nativeTid=2992
CST 2026-07-17 18:48:32.874  2992  2992 I A02900/R1Api24Probe: E1_BUFFER_SAMPLE|round=5|sample=47|length=46|leftSentinel=251|rightSentinel=4|hash=1919635940|guards=true|nativeTid=2992
CST 2026-07-17 18:48:32.874  2992  2992 I A02900/R1Api24Probe: E1_BUFFER_SAMPLE|round=5|sample=48|length=47|leftSentinel=252|rightSentinel=3|hash=901947546|guards=true|nativeTid=2992
CST 2026-07-17 18:48:32.874  2992  2992 I A02900/R1Api24Probe: E1_BUFFER_SAMPLE|round=5|sample=49|length=48|leftSentinel=253|rightSentinel=2|hash=1013473029|guards=true|nativeTid=2992
CST 2026-07-17 18:48:32.874  2992  2992 I A02900/R1Api24Probe: E1_BUFFER_SAMPLE|round=5|sample=50|length=49|leftSentinel=254|rightSentinel=1|hash=1879703441|guards=true|nativeTid=2992
CST 2026-07-17 18:48:32.874  2992  2992 I A02900/R1Api24Probe: E1_BUFFER_SAMPLE|round=5|sample=51|length=50|leftSentinel=255|rightSentinel=0|hash=4115349480|guards=true|nativeTid=2992
CST 2026-07-17 18:48:32.874  2992  2992 I A02900/R1Api24Probe: E1_BUFFER_SAMPLE|round=5|sample=52|length=51|leftSentinel=0|rightSentinel=255|hash=3824840170|guards=true|nativeTid=2992
CST 2026-07-17 18:48:32.874  2992  2992 I A02900/R1Api24Probe: E1_BUFFER_SAMPLE|round=5|sample=53|length=52|leftSentinel=1|rightSentinel=254|hash=1792017213|guards=true|nativeTid=2992
CST 2026-07-17 18:48:32.874  2992  2992 I A02900/R1Api24Probe: E1_BUFFER_SAMPLE|round=5|sample=54|length=53|leftSentinel=2|rightSentinel=253|hash=1391643357|guards=true|nativeTid=2992
CST 2026-07-17 18:48:32.874  2992  2992 I A02900/R1Api24Probe: E1_BUFFER_SAMPLE|round=5|sample=55|length=54|leftSentinel=3|rightSentinel=252|hash=3063867236|guards=true|nativeTid=2992
CST 2026-07-17 18:48:32.874  2992  2992 I A02900/R1Api24Probe: E1_BUFFER_SAMPLE|round=5|sample=56|length=55|leftSentinel=4|rightSentinel=251|hash=1143930922|guards=true|nativeTid=2992
CST 2026-07-17 18:48:32.874  2992  2992 I A02900/R1Api24Probe: E1_BUFFER_SAMPLE|round=5|sample=57|length=56|leftSentinel=5|rightSentinel=250|hash=1683056885|guards=true|nativeTid=2992
CST 2026-07-17 18:48:32.875  2992  2992 I A02900/R1Api24Probe: E1_BUFFER_SAMPLE|round=5|sample=58|length=57|leftSentinel=6|rightSentinel=249|hash=4244909801|guards=true|nativeTid=2992
CST 2026-07-17 18:48:32.875  2992  2992 I A02900/R1Api24Probe: E1_BUFFER_SAMPLE|round=5|sample=59|length=58|leftSentinel=7|rightSentinel=248|hash=204505752|guards=true|nativeTid=2992
CST 2026-07-17 18:48:32.875  2992  2992 I A02900/R1Api24Probe: E1_BUFFER_SAMPLE|round=5|sample=60|length=59|leftSentinel=8|rightSentinel=247|hash=1208404090|guards=true|nativeTid=2992
CST 2026-07-17 18:48:32.875  2992  2992 I A02900/R1Api24Probe: E1_BUFFER_SAMPLE|round=5|sample=61|length=60|leftSentinel=9|rightSentinel=246|hash=1442853645|guards=true|nativeTid=2992
CST 2026-07-17 18:48:32.875  2992  2992 I A02900/R1Api24Probe: E1_BUFFER_SAMPLE|round=5|sample=62|length=61|leftSentinel=10|rightSentinel=245|hash=3237168293|guards=true|nativeTid=2992
CST 2026-07-17 18:48:32.875  2992  2992 I A02900/R1Api24Probe: E1_BUFFER_SAMPLE|round=5|sample=63|length=62|leftSentinel=11|rightSentinel=244|hash=333959588|guards=true|nativeTid=2992
CST 2026-07-17 18:48:32.875  2992  2992 I A02900/R1Api24Probe: E1_BUFFER_SAMPLE|round=5|sample=64|length=63|leftSentinel=12|rightSentinel=243|hash=436744762|guards=true|nativeTid=2992
CST 2026-07-17 18:48:32.875  2992  2992 I A02900/R1Api24Probe: E1_BUFFER_SAMPLE|round=5|sample=65|length=64|leftSentinel=13|rightSentinel=242|hash=1362537157|guards=true|nativeTid=2992
CST 2026-07-17 18:48:32.875  2992  2992 I A02900/R1Api24Probe: E1_BUFFER_SAMPLE|round=5|sample=66|length=65|leftSentinel=14|rightSentinel=241|hash=4132890241|guards=true|nativeTid=2992
CST 2026-07-17 18:48:32.875  2992  2992 I A02900/R1Api24Probe: E1_BUFFER_SAMPLE|round=5|sample=67|length=66|leftSentinel=15|rightSentinel=240|hash=3246178504|guards=true|nativeTid=2992
CST 2026-07-17 18:48:32.875  2992  2992 I A02900/R1Api24Probe: E1_BUFFER_SAMPLE|round=5|sample=68|length=67|leftSentinel=16|rightSentinel=239|hash=2917475178|guards=true|nativeTid=2992
CST 2026-07-17 18:48:32.875  2992  2992 I A02900/R1Api24Probe: E1_BUFFER_SAMPLE|round=5|sample=69|length=68|leftSentinel=17|rightSentinel=238|hash=3487980189|guards=true|nativeTid=2992
CST 2026-07-17 18:48:32.876  2992  2992 I A02900/R1Api24Probe: E1_BUFFER_SAMPLE|round=5|sample=70|length=69|leftSentinel=18|rightSentinel=237|hash=4148581997|guards=true|nativeTid=2992
CST 2026-07-17 18:48:32.876  2992  2992 I A02900/R1Api24Probe: E1_BUFFER_SAMPLE|round=5|sample=71|length=70|leftSentinel=19|rightSentinel=236|hash=1284800036|guards=true|nativeTid=2992
CST 2026-07-17 18:48:32.876  2992  2992 I A02900/R1Api24Probe: E1_BUFFER_SAMPLE|round=5|sample=72|length=71|leftSentinel=20|rightSentinel=235|hash=1065966922|guards=true|nativeTid=2992
CST 2026-07-17 18:48:32.876  2992  2992 I A02900/R1Api24Probe: E1_BUFFER_SAMPLE|round=5|sample=73|length=72|leftSentinel=21|rightSentinel=234|hash=2531421237|guards=true|nativeTid=2992
CST 2026-07-17 18:48:32.876  2992  2992 I A02900/R1Api24Probe: E1_BUFFER_SAMPLE|round=5|sample=74|length=73|leftSentinel=22|rightSentinel=233|hash=765682809|guards=true|nativeTid=2992
CST 2026-07-17 18:48:32.876  2992  2992 I A02900/R1Api24Probe: E1_BUFFER_SAMPLE|round=5|sample=75|length=74|leftSentinel=23|rightSentinel=232|hash=1681439576|guards=true|nativeTid=2992
CST 2026-07-17 18:48:32.876  2992  2992 I A02900/R1Api24Probe: E1_BUFFER_SAMPLE|round=5|sample=76|length=75|leftSentinel=24|rightSentinel=231|hash=3342831546|guards=true|nativeTid=2992
CST 2026-07-17 18:48:32.876  2992  2992 I A02900/R1Api24Probe: E1_BUFFER_SAMPLE|round=5|sample=77|length=76|leftSentinel=25|rightSentinel=230|hash=3918800365|guards=true|nativeTid=2992
CST 2026-07-17 18:48:32.876  2992  2992 I A02900/R1Api24Probe: E1_BUFFER_SAMPLE|round=5|sample=78|length=77|leftSentinel=26|rightSentinel=229|hash=147500213|guards=true|nativeTid=2992
CST 2026-07-17 18:48:32.877  2992  2992 I A02900/R1Api24Probe: E1_BUFFER_SAMPLE|round=5|sample=79|length=78|leftSentinel=27|rightSentinel=228|hash=2020200868|guards=true|nativeTid=2992
CST 2026-07-17 18:48:32.877  2992  2992 I A02900/R1Api24Probe: E1_BUFFER_SAMPLE|round=5|sample=80|length=79|leftSentinel=28|rightSentinel=227|hash=1264938714|guards=true|nativeTid=2992
CST 2026-07-17 18:48:32.877  2992  2992 I A02900/R1Api24Probe: E1_BUFFER_SAMPLE|round=5|sample=81|length=80|leftSentinel=29|rightSentinel=226|hash=162277509|guards=true|nativeTid=2992
CST 2026-07-17 18:48:32.877  2992  2992 I A02900/R1Api24Probe: E1_BUFFER_SAMPLE|round=5|sample=82|length=81|leftSentinel=30|rightSentinel=225|hash=2607546673|guards=true|nativeTid=2992
CST 2026-07-17 18:48:32.877  2992  2992 I A02900/R1Api24Probe: E1_BUFFER_SAMPLE|round=5|sample=83|length=82|leftSentinel=31|rightSentinel=224|hash=1387379368|guards=true|nativeTid=2992
CST 2026-07-17 18:48:32.877  2992  2992 I A02900/R1Api24Probe: E1_BUFFER_SAMPLE|round=5|sample=84|length=83|leftSentinel=32|rightSentinel=223|hash=4067550634|guards=true|nativeTid=2992
CST 2026-07-17 18:48:32.877  2992  2992 I A02900/R1Api24Probe: E1_BUFFER_SAMPLE|round=5|sample=85|length=84|leftSentinel=33|rightSentinel=222|hash=2948112957|guards=true|nativeTid=2992
CST 2026-07-17 18:48:32.878  2992  2992 I A02900/R1Api24Probe: E1_BUFFER_SAMPLE|round=5|sample=86|length=85|leftSentinel=34|rightSentinel=221|hash=144610749|guards=true|nativeTid=2992
CST 2026-07-17 18:48:32.878  2992  2992 I A02900/R1Api24Probe: E1_BUFFER_SAMPLE|round=5|sample=87|length=86|leftSentinel=35|rightSentinel=220|hash=3507420516|guards=true|nativeTid=2992
CST 2026-07-17 18:48:32.878  2992  2992 I A02900/R1Api24Probe: E1_BUFFER_SAMPLE|round=5|sample=88|length=87|leftSentinel=36|rightSentinel=219|hash=3329105258|guards=true|nativeTid=2992
CST 2026-07-17 18:48:32.878  2992  2992 I A02900/R1Api24Probe: E1_BUFFER_SAMPLE|round=5|sample=89|length=88|leftSentinel=37|rightSentinel=218|hash=2774155509|guards=true|nativeTid=2992
CST 2026-07-17 18:48:32.878  2992  2992 I A02900/R1Api24Probe: E1_BUFFER_SAMPLE|round=5|sample=90|length=89|leftSentinel=38|rightSentinel=217|hash=3582318345|guards=true|nativeTid=2992
CST 2026-07-17 18:48:32.878  2992  2992 I A02900/R1Api24Probe: E1_BUFFER_SAMPLE|round=5|sample=91|length=90|leftSentinel=39|rightSentinel=216|hash=716289368|guards=true|nativeTid=2992
CST 2026-07-17 18:48:32.878  2992  2992 I A02900/R1Api24Probe: E1_BUFFER_SAMPLE|round=5|sample=92|length=91|leftSentinel=40|rightSentinel=215|hash=1135696442|guards=true|nativeTid=2992
CST 2026-07-17 18:48:32.878  2992  2992 I A02900/R1Api24Probe: E1_BUFFER_SAMPLE|round=5|sample=93|length=92|leftSentinel=41|rightSentinel=214|hash=461566157|guards=true|nativeTid=2992
CST 2026-07-17 18:48:32.879   635  2281 W C02515/DISP: [SetLayerMaskInfo:495] <private> is not supported
CST 2026-07-17 18:48:32.879  2992  2992 I A02900/R1Api24Probe: E1_BUFFER_SAMPLE|round=5|sample=94|length=93|leftSentinel=42|rightSentinel=213|hash=4102373189|guards=true|nativeTid=2992
CST 2026-07-17 18:48:32.879   635  2281 I C02515/DISP: [CommitComposeLayer:67] CommitComposeLayer! 10
CST 2026-07-17 18:48:32.879  2992  2992 I A02900/R1Api24Probe: E1_BUFFER_SAMPLE|round=5|sample=95|length=94|leftSentinel=43|rightSentinel=212|hash=3662625700|guards=true|nativeTid=2992
CST 2026-07-17 18:48:32.879  1657  1813 E C01707/CONCUR: [Interface] task 1813 apply qos failed, errno = 4
CST 2026-07-17 18:48:32.879  2992  2992 I A02900/R1Api24Probe: E1_BUFFER_SAMPLE|round=5|sample=96|length=95|leftSentinel=44|rightSentinel=211|hash=2296649466|guards=true|nativeTid=2992
CST 2026-07-17 18:48:32.879  2992  2992 I A02900/R1Api24Probe: E1_BUFFER_SAMPLE|round=5|sample=97|length=96|leftSentinel=45|rightSentinel=210|hash=2255453125|guards=true|nativeTid=2992
CST 2026-07-17 18:48:32.879  2992  2992 I A02900/R1Api24Probe: E1_BUFFER_SAMPLE|round=5|sample=98|length=97|leftSentinel=46|rightSentinel=209|hash=2127086049|guards=true|nativeTid=2992
CST 2026-07-17 18:48:32.880  2992  2992 I A02900/R1Api24Probe: E1_BUFFER_SAMPLE|round=5|sample=99|length=98|leftSentinel=47|rightSentinel=208|hash=1280083144|guards=true|nativeTid=2992
CST 2026-07-17 18:48:32.880  2992  2992 I A02900/R1Api24Probe: E1_BUFFER_SAMPLE|round=5|sample=100|length=99|leftSentinel=48|rightSentinel=207|hash=350377770|guards=true|nativeTid=2992
CST 2026-07-17 18:48:32.880  2992  2992 I A02900/R1Api24Probe: E1_FD_CREATED|fdA=37|fdB=38|creatorTid=2992|owner=ArkTS
CST 2026-07-17 18:48:32.880  2992  2992 I A02900/R1Api24Probe: E1_FD_RESULT|round=5|fdA=37|fdB=38|duplicateFd=39|written=23|read=23|payload=fd-round-05-sentinel-b9|payloadHash=2416054757|closeA=0|closeDuplicate=0|closeB=0|duplicateCloseA=-1|errnoA=9|duplicateCloseB=-1|errnoB=9|owner=closed-by-native|nativeTid=2992
CST 2026-07-17 18:48:32.880  2992  3217 I A02900/R1Api24Probe: E1_PTHREAD_START|round=5|producerTid=3217
CST 2026-07-17 18:48:32.880  2992  3217 I A02900/R1Api24Probe: E1_PTHREAD_FINISH|round=5|producerTid=3217|queued=100|status=0
CST 2026-07-17 18:48:32.880  2992  2992 I A02900/R1Api24Probe: E1_CALLBACK_SAMPLE|round=5|sequence=1|producerTid=3217|consumerTid=2992|payload=r05-s001-x74|hash=2246757323|valid=true
CST 2026-07-17 18:48:32.880  2992  2992 I A02900/R1Api24Probe: E1_CALLBACK_SAMPLE|round=5|sequence=2|producerTid=3217|consumerTid=2992|payload=r05-s002-x93|hash=423687097|valid=true
CST 2026-07-17 18:48:32.880  2992  2992 I A02900/R1Api24Probe: E1_CALLBACK_SAMPLE|round=5|sequence=3|producerTid=3217|consumerTid=2992|payload=r05-s003-xb2|hash=3586062838|valid=true
CST 2026-07-17 18:48:32.881  2992  2992 I A02900/R1Api24Probe: E1_CALLBACK_SAMPLE|round=5|sequence=4|producerTid=3217|consumerTid=2992|payload=r05-s004-xd1|hash=878994556|valid=true
CST 2026-07-17 18:48:32.881  2992  2992 I A02900/R1Api24Probe: E1_CALLBACK_SAMPLE|round=5|sequence=5|producerTid=3217|consumerTid=2992|payload=r05-s005-xf0|hash=2738443810|valid=true
CST 2026-07-17 18:48:32.881  2992  2992 I A02900/R1Api24Probe: E1_CALLBACK_SAMPLE|round=5|sequence=6|producerTid=3217|consumerTid=2992|payload=r05-s006-x0f|hash=2769909115|valid=true
CST 2026-07-17 18:48:32.881  2992  2992 I A02900/R1Api24Probe: E1_CALLBACK_SAMPLE|round=5|sequence=7|producerTid=3217|consumerTid=2992|payload=r05-s007-x2e|hash=3370643795|valid=true
CST 2026-07-17 18:48:32.881  2992  2992 I A02900/R1Api24Probe: E1_CALLBACK_SAMPLE|round=5|sequence=8|producerTid=3217|consumerTid=2992|payload=r05-s008-x4d|hash=135719359|valid=true
CST 2026-07-17 18:48:32.881  2992  2992 I A02900/R1Api24Probe: E1_CALLBACK_SAMPLE|round=5|sequence=9|producerTid=3217|consumerTid=2992|payload=r05-s009-x6c|hash=211895027|valid=true
CST 2026-07-17 18:48:32.881  2992  2992 I A02900/R1Api24Probe: E1_CALLBACK_SAMPLE|round=5|sequence=10|producerTid=3217|consumerTid=2992|payload=r05-s010-x8b|hash=2931519112|valid=true
CST 2026-07-17 18:48:32.881  2992  2992 I A02900/R1Api24Probe: E1_CALLBACK_SAMPLE|round=5|sequence=11|producerTid=3217|consumerTid=2992|payload=r05-s011-xaa|hash=921880079|valid=true
CST 2026-07-17 18:48:32.881  2992  2992 I A02900/R1Api24Probe: E1_CALLBACK_SAMPLE|round=5|sequence=12|producerTid=3217|consumerTid=2992|payload=r05-s012-xc9|hash=1231884140|valid=true
CST 2026-07-17 18:48:32.881  2992  2992 I A02900/R1Api24Probe: E1_CALLBACK_SAMPLE|round=5|sequence=13|producerTid=3217|consumerTid=2992|payload=r05-s013-xe8|hash=3965404470|valid=true
CST 2026-07-17 18:48:32.881  2992  2992 I A02900/R1Api24Probe: E1_CALLBACK_SAMPLE|round=5|sequence=14|producerTid=3217|consumerTid=2992|payload=r05-s014-x07|hash=2318829531|valid=true
CST 2026-07-17 18:48:32.881  2992  2992 I A02900/R1Api24Probe: E1_CALLBACK_SAMPLE|round=5|sequence=15|producerTid=3217|consumerTid=2992|payload=r05-s015-x26|hash=3455511133|valid=true
CST 2026-07-17 18:48:32.881  2992  2992 I A02900/R1Api24Probe: E1_CALLBACK_SAMPLE|round=5|sequence=16|producerTid=3217|consumerTid=2992|payload=r05-s016-x45|hash=2783415851|valid=true
CST 2026-07-17 18:48:32.881  2992  2992 I A02900/R1Api24Probe: E1_CALLBACK_SAMPLE|round=5|sequence=17|producerTid=3217|consumerTid=2992|payload=r05-s017-x64|hash=3132749085|valid=true
CST 2026-07-17 18:48:32.882  2992  2992 I A02900/R1Api24Probe: E1_CALLBACK_SAMPLE|round=5|sequence=18|producerTid=3217|consumerTid=2992|payload=r05-s018-x83|hash=3850442291|valid=true
CST 2026-07-17 18:48:32.882  2992  2992 I A02900/R1Api24Probe: E1_CALLBACK_SAMPLE|round=5|sequence=19|producerTid=3217|consumerTid=2992|payload=r05-s019-xa2|hash=275077994|valid=true
CST 2026-07-17 18:48:32.882  2992  2992 I A02900/R1Api24Probe: E1_CALLBACK_SAMPLE|round=5|sequence=20|producerTid=3217|consumerTid=2992|payload=r05-s020-xc1|hash=166859721|valid=true
CST 2026-07-17 18:48:32.882  2992  2992 I A02900/R1Api24Probe: E1_CALLBACK_SAMPLE|round=5|sequence=21|producerTid=3217|consumerTid=2992|payload=r05-s021-xe0|hash=4091223299|valid=true
CST 2026-07-17 18:48:32.882  2992  2992 I A02900/R1Api24Probe: E1_CALLBACK_SAMPLE|round=5|sequence=22|producerTid=3217|consumerTid=2992|payload=r05-s022-xff|hash=1867630139|valid=true
CST 2026-07-17 18:48:32.882  2992  2992 I A02900/R1Api24Probe: E1_CALLBACK_SAMPLE|round=5|sequence=23|producerTid=3217|consumerTid=2992|payload=r05-s023-x1e|hash=2840895998|valid=true
CST 2026-07-17 18:48:32.882  2992  2992 I A02900/R1Api24Probe: E1_CALLBACK_SAMPLE|round=5|sequence=24|producerTid=3217|consumerTid=2992|payload=r05-s024-x3d|hash=1019652766|valid=true
CST 2026-07-17 18:48:32.882  2992  2992 I A02900/R1Api24Probe: E1_CALLBACK_SAMPLE|round=5|sequence=25|producerTid=3217|consumerTid=2992|payload=r05-s025-x5c|hash=2361821634|valid=true
CST 2026-07-17 18:48:32.882  2992  2992 I A02900/R1Api24Probe: E1_CALLBACK_SAMPLE|round=5|sequence=26|producerTid=3217|consumerTid=2992|payload=r05-s026-x7b|hash=33220662|valid=true
CST 2026-07-17 18:48:32.882  2992  2992 I A02900/R1Api24Probe: E1_CALLBACK_SAMPLE|round=5|sequence=27|producerTid=3217|consumerTid=2992|payload=r05-s027-x9a|hash=219516950|valid=true
CST 2026-07-17 18:48:32.882  2992  2992 I A02900/R1Api24Probe: E1_CALLBACK_SAMPLE|round=5|sequence=28|producerTid=3217|consumerTid=2992|payload=r05-s028-xb9|hash=2571719740|valid=true
CST 2026-07-17 18:48:32.882  2992  2992 I A02900/R1Api24Probe: E1_CALLBACK_SAMPLE|round=5|sequence=29|producerTid=3217|consumerTid=2992|payload=r05-s029-xd8|hash=1872493626|valid=true
CST 2026-07-17 18:48:32.882  2992  2992 I A02900/R1Api24Probe: E1_CALLBACK_SAMPLE|round=5|sequence=30|producerTid=3217|consumerTid=2992|payload=r05-s030-xf7|hash=1977380467|valid=true
CST 2026-07-17 18:48:32.882  2992  2992 I A02900/R1Api24Probe: E1_CALLBACK_SAMPLE|round=5|sequence=31|producerTid=3217|consumerTid=2992|payload=r05-s031-x16|hash=2688846544|valid=true
CST 2026-07-17 18:48:32.882  2992  2992 I A02900/R1Api24Probe: E1_CALLBACK_SAMPLE|round=5|sequence=32|producerTid=3217|consumerTid=2992|payload=r05-s032-x35|hash=2348040502|valid=true
CST 2026-07-17 18:48:32.883  2992  2992 I A02900/R1Api24Probe: E1_CALLBACK_SAMPLE|round=5|sequence=33|producerTid=3217|consumerTid=2992|payload=r05-s033-x54|hash=2980903148|valid=true
CST 2026-07-17 18:48:32.883  2992  2992 I A02900/R1Api24Probe: E1_CALLBACK_SAMPLE|round=5|sequence=34|producerTid=3217|consumerTid=2992|payload=r05-s034-x73|hash=2072704762|valid=true
CST 2026-07-17 18:48:32.883  2992  2992 I A02900/R1Api24Probe: E1_CALLBACK_SAMPLE|round=5|sequence=35|producerTid=3217|consumerTid=2992|payload=r05-s035-x92|hash=1791652072|valid=true
CST 2026-07-17 18:48:32.883  2992  2992 I A02900/R1Api24Probe: E1_CALLBACK_SAMPLE|round=5|sequence=36|producerTid=3217|consumerTid=2992|payload=r05-s036-xb1|hash=1127455507|valid=true
CST 2026-07-17 18:48:32.883  2992  2992 I A02900/R1Api24Probe: E1_CALLBACK_SAMPLE|round=5|sequence=37|producerTid=3217|consumerTid=2992|payload=r05-s037-xd0|hash=2889931125|valid=true
CST 2026-07-17 18:48:32.883  2992  2992 I A02900/R1Api24Probe: E1_CALLBACK_SAMPLE|round=5|sequence=38|producerTid=3217|consumerTid=2992|payload=r05-s038-xef|hash=1097379943|valid=true
CST 2026-07-17 18:48:32.883  2992  2992 I A02900/R1Api24Probe: E1_CALLBACK_SAMPLE|round=5|sequence=39|producerTid=3217|consumerTid=2992|payload=r05-s039-x0e|hash=1875353724|valid=true
CST 2026-07-17 18:48:32.883  2992  2992 I A02900/R1Api24Probe: E1_CALLBACK_SAMPLE|round=5|sequence=40|producerTid=3217|consumerTid=2992|payload=r05-s040-x2d|hash=3599202517|valid=true
CST 2026-07-17 18:48:32.883  2992  2992 I A02900/R1Api24Probe: E1_CALLBACK_SAMPLE|round=5|sequence=41|producerTid=3217|consumerTid=2992|payload=r05-s041-x4c|hash=130024249|valid=true
CST 2026-07-17 18:48:32.883  2992  2992 I A02900/R1Api24Probe: E1_CALLBACK_SAMPLE|round=5|sequence=42|producerTid=3217|consumerTid=2992|payload=r05-s042-x6b|hash=3185129809|valid=true
CST 2026-07-17 18:48:32.883  2992  2992 I A02900/R1Api24Probe: E1_CALLBACK_SAMPLE|round=5|sequence=43|producerTid=3217|consumerTid=2992|payload=r05-s043-x8a|hash=492062905|valid=true
CST 2026-07-17 18:48:32.883  2992  2992 I A02900/R1Api24Probe: E1_CALLBACK_SAMPLE|round=5|sequence=44|producerTid=3217|consumerTid=2992|payload=r05-s044-xa9|hash=1220672737|valid=true
CST 2026-07-17 18:48:32.883  2992  2992 I A02900/R1Api24Probe: E1_CALLBACK_SAMPLE|round=5|sequence=45|producerTid=3217|consumerTid=2992|payload=r05-s045-xc8|hash=924697355|valid=true
CST 2026-07-17 18:48:32.883  2992  2992 I A02900/R1Api24Probe: E1_CALLBACK_SAMPLE|round=5|sequence=46|producerTid=3217|consumerTid=2992|payload=r05-s046-xe7|hash=1923146809|valid=true
CST 2026-07-17 18:48:32.883  2992  2992 I A02900/R1Api24Probe: E1_CALLBACK_SAMPLE|round=5|sequence=47|producerTid=3217|consumerTid=2992|payload=r05-s047-x06|hash=741495120|valid=true
CST 2026-07-17 18:48:32.883  2992  2992 I A02900/R1Api24Probe: E1_CALLBACK_SAMPLE|round=5|sequence=48|producerTid=3217|consumerTid=2992|payload=r05-s048-x25|hash=2145955386|valid=true
CST 2026-07-17 18:48:32.884  2992  2992 I A02900/R1Api24Probe: E1_CALLBACK_SAMPLE|round=5|sequence=49|producerTid=3217|consumerTid=2992|payload=r05-s049-x44|hash=1344413892|valid=true
CST 2026-07-17 18:48:32.884  2992  2992 I A02900/R1Api24Probe: E1_CALLBACK_SAMPLE|round=5|sequence=50|producerTid=3217|consumerTid=2992|payload=r05-s050-x63|hash=1372848317|valid=true
CST 2026-07-17 18:48:32.884  2992  2992 I A02900/R1Api24Probe: E1_CALLBACK_SAMPLE|round=5|sequence=51|producerTid=3217|consumerTid=2992|payload=r05-s051-x82|hash=2110118467|valid=true
CST 2026-07-17 18:48:32.884  2992  2992 I A02900/R1Api24Probe: E1_CALLBACK_SAMPLE|round=5|sequence=52|producerTid=3217|consumerTid=2992|payload=r05-s052-xa1|hash=1372017342|valid=true
CST 2026-07-17 18:48:32.884  2992  2992 I A02900/R1Api24Probe: E1_CALLBACK_SAMPLE|round=5|sequence=53|producerTid=3217|consumerTid=2992|payload=r05-s053-xc0|hash=1280575508|valid=true
CST 2026-07-17 18:48:32.884  2992  2992 I A02900/R1Api24Probe: E1_CALLBACK_SAMPLE|round=5|sequence=54|producerTid=3217|consumerTid=2992|payload=r05-s054-xdf|hash=1022222584|valid=true
CST 2026-07-17 18:48:32.884  2992  2992 I A02900/R1Api24Probe: E1_CALLBACK_SAMPLE|round=5|sequence=55|producerTid=3217|consumerTid=2992|payload=r05-s055-xfe|hash=3472853700|valid=true
CST 2026-07-17 18:48:32.884  2992  2992 I A02900/R1Api24Probe: E1_CALLBACK_SAMPLE|round=5|sequence=56|producerTid=3217|consumerTid=2992|payload=r05-s056-x1d|hash=795477137|valid=true
CST 2026-07-17 18:48:32.884  2992  2992 I A02900/R1Api24Probe: E1_CALLBACK_SAMPLE|round=5|sequence=57|producerTid=3217|consumerTid=2992|payload=r05-s057-x3c|hash=3760237929|valid=true
CST 2026-07-17 18:48:32.884  2992  2992 I A02900/R1Api24Probe: E1_CALLBACK_SAMPLE|round=5|sequence=58|producerTid=3217|consumerTid=2992|payload=r05-s058-x5b|hash=1411188221|valid=true
CST 2026-07-17 18:48:32.884  2992  2992 I A02900/R1Api24Probe: E1_CALLBACK_SAMPLE|round=5|sequence=59|producerTid=3217|consumerTid=2992|payload=r05-s059-x7a|hash=958718825|valid=true
CST 2026-07-17 18:48:32.884  2992  2992 I A02900/R1Api24Probe: E1_CALLBACK_SAMPLE|round=5|sequence=60|producerTid=3217|consumerTid=2992|payload=r05-s060-x99|hash=3483414499|valid=true
CST 2026-07-17 18:48:32.884  2992  2992 I A02900/R1Api24Probe: E1_CALLBACK_SAMPLE|round=5|sequence=61|producerTid=3217|consumerTid=2992|payload=r05-s061-xb8|hash=2311119664|valid=true
CST 2026-07-17 18:48:32.884  2992  2992 I A02900/R1Api24Probe: E1_CALLBACK_SAMPLE|round=5|sequence=62|producerTid=3217|consumerTid=2992|payload=r05-s062-xd7|hash=2666666626|valid=true
CST 2026-07-17 18:48:32.884  2992  2992 I A02900/R1Api24Probe: E1_CALLBACK_SAMPLE|round=5|sequence=63|producerTid=3217|consumerTid=2992|payload=r05-s063-xf6|hash=676348316|valid=true
CST 2026-07-17 18:48:32.884  2992  2992 I A02900/R1Api24Probe: E1_CALLBACK_SAMPLE|round=5|sequence=64|producerTid=3217|consumerTid=2992|payload=r05-s064-x15|hash=1946607059|valid=true
CST 2026-07-17 18:48:32.885  2992  2992 I A02900/R1Api24Probe: E1_CALLBACK_SAMPLE|round=5|sequence=65|producerTid=3217|consumerTid=2992|payload=r05-s065-x34|hash=1974134865|valid=true
CST 2026-07-17 18:48:32.885  2992  2992 I A02900/R1Api24Probe: E1_CALLBACK_SAMPLE|round=5|sequence=66|producerTid=3217|consumerTid=2992|payload=r05-s066-x53|hash=2227047195|valid=true
CST 2026-07-17 18:48:32.885  2992  2992 I A02900/R1Api24Probe: E1_CALLBACK_SAMPLE|round=5|sequence=67|producerTid=3217|consumerTid=2992|payload=r05-s067-x72|hash=3033702073|valid=true
CST 2026-07-17 18:48:32.885  2992  2992 I A02900/R1Api24Probe: E1_CALLBACK_SAMPLE|round=5|sequence=68|producerTid=3217|consumerTid=2992|payload=r05-s068-x91|hash=1967737699|valid=true
CST 2026-07-17 18:48:32.885  2992  2992 I A02900/R1Api24Probe: E1_CALLBACK_SAMPLE|round=5|sequence=69|producerTid=3217|consumerTid=2992|payload=r05-s069-xb0|hash=2589938112|valid=true
CST 2026-07-17 18:48:32.885  2992  2992 I A02900/R1Api24Probe: E1_CALLBACK_SAMPLE|round=5|sequence=70|producerTid=3217|consumerTid=2992|payload=r05-s070-xcf|hash=843844397|valid=true
CST 2026-07-17 18:48:32.885  2992  2992 I A02900/R1Api24Probe: E1_CALLBACK_SAMPLE|round=5|sequence=71|producerTid=3217|consumerTid=2992|payload=r05-s071-xee|hash=309950209|valid=true
CST 2026-07-17 18:48:32.885  2992  2992 I A02900/R1Api24Probe: E1_CALLBACK_SAMPLE|round=5|sequence=72|producerTid=3217|consumerTid=2992|payload=r05-s072-x0d|hash=4096150686|valid=true
CST 2026-07-17 18:48:32.885  2992  2992 I A02900/R1Api24Probe: E1_CALLBACK_SAMPLE|round=5|sequence=73|producerTid=3217|consumerTid=2992|payload=r05-s073-x2c|hash=3521618318|valid=true
CST 2026-07-17 18:48:32.885  2992  2992 I A02900/R1Api24Probe: E1_CALLBACK_SAMPLE|round=5|sequence=74|producerTid=3217|consumerTid=2992|payload=r05-s074-x4b|hash=481589182|valid=true
CST 2026-07-17 18:48:32.885  2992  2992 I A02900/R1Api24Probe: E1_CALLBACK_SAMPLE|round=5|sequence=75|producerTid=3217|consumerTid=2992|payload=r05-s075-x6a|hash=1089451538|valid=true
CST 2026-07-17 18:48:32.885  2992  2992 I A02900/R1Api24Probe: E1_CALLBACK_SAMPLE|round=5|sequence=76|producerTid=3217|consumerTid=2992|payload=r05-s076-x89|hash=4183717081|valid=true
CST 2026-07-17 18:48:32.885  2992  2992 I A02900/R1Api24Probe: E1_CALLBACK_SAMPLE|round=5|sequence=77|producerTid=3217|consumerTid=2992|payload=r05-s077-xa8|hash=631646532|valid=true
CST 2026-07-17 18:48:32.885  2992  2992 I A02900/R1Api24Probe: E1_CALLBACK_SAMPLE|round=5|sequence=78|producerTid=3217|consumerTid=2992|payload=r05-s078-xc7|hash=1318446914|valid=true
CST 2026-07-17 18:48:32.885  2992  2992 I A02900/R1Api24Probe: E1_CALLBACK_SAMPLE|round=5|sequence=79|producerTid=3217|consumerTid=2992|payload=r05-s079-xe6|hash=1583660528|valid=true
CST 2026-07-17 18:48:32.886  2992  2992 I A02900/R1Api24Probe: E1_CALLBACK_SAMPLE|round=5|sequence=80|producerTid=3217|consumerTid=2992|payload=r05-s080-x05|hash=1366216952|valid=true
CST 2026-07-17 18:48:32.886  2992  2992 I A02900/R1Api24Probe: E1_CALLBACK_SAMPLE|round=5|sequence=81|producerTid=3217|consumerTid=2992|payload=r05-s081-x24|hash=3023008758|valid=true
CST 2026-07-17 18:48:32.886  2992  2992 I A02900/R1Api24Probe: E1_CALLBACK_SAMPLE|round=5|sequence=82|producerTid=3217|consumerTid=2992|payload=r05-s082-x43|hash=2241159732|valid=true
CST 2026-07-17 18:48:32.886  2992  2992 I A02900/R1Api24Probe: E1_CALLBACK_SAMPLE|round=5|sequence=83|producerTid=3217|consumerTid=2992|payload=r05-s083-x62|hash=2956873794|valid=true
CST 2026-07-17 18:48:32.886  2992  2992 I A02900/R1Api24Probe: E1_CALLBACK_SAMPLE|round=5|sequence=84|producerTid=3217|consumerTid=2992|payload=r05-s084-x81|hash=647960120|valid=true
CST 2026-07-17 18:48:32.886  2992  2992 I A02900/R1Api24Probe: E1_CALLBACK_SAMPLE|round=5|sequence=85|producerTid=3217|consumerTid=2992|payload=r05-s085-xa0|hash=1650282261|valid=true
CST 2026-07-17 18:48:32.886  2992  2992 I A02900/R1Api24Probe: E1_CALLBACK_SAMPLE|round=5|sequence=86|producerTid=3217|consumerTid=2992|payload=r05-s086-xbf|hash=4198751617|valid=true
CST 2026-07-17 18:48:32.886  2992  2992 I A02900/R1Api24Probe: E1_CALLBACK_SAMPLE|round=5|sequence=87|producerTid=3217|consumerTid=2992|payload=r05-s087-xde|hash=1479090217|valid=true
CST 2026-07-17 18:48:32.886  2992  2992 I A02900/R1Api24Probe: E1_CALLBACK_SAMPLE|round=5|sequence=88|producerTid=3217|consumerTid=2992|payload=r05-s088-xfd|hash=2367516773|valid=true
CST 2026-07-17 18:48:32.886  2992  2992 I A02900/R1Api24Probe: E1_CALLBACK_SAMPLE|round=5|sequence=89|producerTid=3217|consumerTid=2992|payload=r05-s089-x1c|hash=3194368840|valid=true
CST 2026-07-17 18:48:32.886  2992  2992 I A02900/R1Api24Probe: E1_CALLBACK_SAMPLE|round=5|sequence=90|producerTid=3217|consumerTid=2992|payload=r05-s090-x3b|hash=1792347215|valid=true
CST 2026-07-17 18:48:32.886  2992  2992 I A02900/R1Api24Probe: E1_CALLBACK_SAMPLE|round=5|sequence=91|producerTid=3217|consumerTid=2992|payload=r05-s091-x5a|hash=3908497907|valid=true
CST 2026-07-17 18:48:32.886  2992  2992 I A02900/R1Api24Probe: E1_CALLBACK_SAMPLE|round=5|sequence=92|producerTid=3217|consumerTid=2992|payload=r05-s092-x79|hash=468492848|valid=true
CST 2026-07-17 18:48:32.886  2992  2992 I A02900/R1Api24Probe: E1_CALLBACK_SAMPLE|round=5|sequence=93|producerTid=3217|consumerTid=2992|payload=r05-s093-x98|hash=970971330|valid=true
CST 2026-07-17 18:48:32.886  2992  2992 I A02900/R1Api24Probe: E1_CALLBACK_SAMPLE|round=5|sequence=94|producerTid=3217|consumerTid=2992|payload=r05-s094-xb7|hash=1437180117|valid=true
CST 2026-07-17 18:48:32.887  2992  2992 I A02900/R1Api24Probe: E1_CALLBACK_SAMPLE|round=5|sequence=95|producerTid=3217|consumerTid=2992|payload=r05-s095-xd6|hash=2579672979|valid=true
CST 2026-07-17 18:48:32.887  2992  2992 I A02900/R1Api24Probe: E1_CALLBACK_SAMPLE|round=5|sequence=96|producerTid=3217|consumerTid=2992|payload=r05-s096-xf5|hash=2203821597|valid=true
CST 2026-07-17 18:48:32.887  2992  2992 I A02900/R1Api24Probe: E1_CALLBACK_SAMPLE|round=5|sequence=97|producerTid=3217|consumerTid=2992|payload=r05-s097-x14|hash=3936823778|valid=true
CST 2026-07-17 18:48:32.887  2992  2992 I A02900/R1Api24Probe: E1_CALLBACK_SAMPLE|round=5|sequence=98|producerTid=3217|consumerTid=2992|payload=r05-s098-x33|hash=2873366100|valid=true
CST 2026-07-17 18:48:32.887  2992  2992 I A02900/R1Api24Probe: E1_CALLBACK_SAMPLE|round=5|sequence=99|producerTid=3217|consumerTid=2992|payload=r05-s099-x52|hash=2999095326|valid=true
CST 2026-07-17 18:48:32.887  2992  2992 I A02900/R1Api24Probe: E1_CALLBACK_SAMPLE|round=5|sequence=100|producerTid=3217|consumerTid=2992|payload=r05-s100-x71|hash=1617753884|valid=true
CST 2026-07-17 18:48:32.887  1657  1813 I C02b61/ImageSource: CreatePixelMap success, id:1784285312870660,dSize:(0,0),srcSize: (512,512),dHdr:1,sHdr:1,memType: 2,cost 16972 us
CST 2026-07-17 18:48:32.888  1657  1813 E C02b61/PixelMap: set ashmem name failed
CST 2026-07-17 18:48:32.888  1657  1813 W A01b00/SCB: GraphicUtils --> com.huawei.hms.musicservice - getHdsIcon, size: (512, 512), pixelFormat: 4, leftTopPixel is transparent: false, 107-67-255-254
CST 2026-07-17 18:48:32.888  1657  1813 E C03900/HDS: [hds_drawable_descriptor.cpp-GetOtherIconsInfo:395]Get icon by name from resource failed, iconName: icon_mask, isGlobalMask: 0, state: 9001004
CST 2026-07-17 18:48:32.892  1657  1813 W C03900/HDS: [hds_drawable_descriptor.cpp-ProcessIcon:91]Mask size {192, 192}, bundleName: com.huawei.hms.musicservice
CST 2026-07-17 18:48:32.898  2516  3058 E C02e00/UPDATE_SA: [hap_connection.cpp(50)]GetHapRemoteObject, remoteObj is nullptr, bundle com.huawei.hmos.ouc
CST 2026-07-17 18:48:32.899  2516  3058 I C01352/ExtMgr: [extension_manager_client.cpp134]name:com.huawei.hmos.ouc ServiceExtAbility, userId:-1.
CST 2026-07-17 18:48:32.899   766  1196 I C01342/ServiceExt: [ABMS5529]element: com.huawei.hmos.ouc/ServiceExtAbility
CST 2026-07-17 18:48:32.899   766  1196 W C01123/BMSCommon: bundle not exist -n com.huawei.hmos.ouc -u 100 -i 0 -f 0
CST 2026-07-17 18:48:32.899   766  1196 W C01336/AMS: [start_ability_utils.cpp76]failed: com.huawei.hmos.ouc
CST 2026-07-17 18:48:32.899   766  1196 W C01336/AMS: [crowd_test_interceptor.cpp54]GetAppInfo failed
CST 2026-07-17 18:48:32.900   766  1196 W C01120/BMS: app_control_manager.cpp:GetAppRunningControlRule:397 getAppId failed,-n:com.huawei.hmos.ouc
CST 2026-07-17 18:48:32.900   766  1196 W C01123/BMSCommon: uid(6666) invalid
CST 2026-07-17 18:48:32.900   766  1196 I C01336/AMS: [start_ability_utils.cpp54]appIndex:-1
CST 2026-07-17 18:48:32.900   766  1196 W C01123/BMSCommon: bundle not exist -n com.huawei.hmos.ouc -u 100 -i 0 -f 1062
CST 2026-07-17 18:48:32.900   766  1196 I C01121/BMSQuery: ExplicitQueryAbility no match -n com.huawei.hmos.ouc -a ServiceExtAbility -u 100 -i 0
CST 2026-07-17 18:48:32.901   766  1196 W C01120/BMS: query abilitys_ext code 8521480
CST 2026-07-17 18:48:32.901   766  1196 W C01123/BMSCommon: bundle not exist -n com.huawei.hmos.ouc -u 100 -i 0 -f 1062
CST 2026-07-17 18:48:32.901   766  1196 W C01121/BMSQuery: bundle_data_mgr.cpp:ExplicitQueryExtensionInfo:7239 ExplicitQueryExtensionInfo failed
CST 2026-07-17 18:48:32.901   766  1196 I C01121/BMSQuery: ExplicitQueryExtension size:0 -n com.huawei.hmos.ouc -e ServiceExtAbility -u 100 -i 0
CST 2026-07-17 18:48:32.901   766  1196 W C01121/BMSQuery: bundle_data_mgr.cpp:GetCloneAppIndexes:2463 no bundleName com.huawei.hmos.ouc found
CST 2026-07-17 18:48:32.901   766  1196 W C01121/BMSQuery: bundle_mgr_host_impl.cpp:QueryExtensionAbilityInfos:3425 no valid extension info can be inquired
CST 2026-07-17 18:48:32.901   766  1196 E C01336/AMS: [start_ability_utils.cpp290]extensionInfo empty
CST 2026-07-17 18:48:32.901   766  1196 E C01342/ServiceExt: [ABMS5868]generate request error
CST 2026-07-17 18:48:32.901  2516  3058 E C02e00/UPDATE_SA: [hap_connection.cpp(82)]HapConnection call interface failed, ret 2097152
CST 2026-07-17 18:48:32.901  2516  3058 E C02e00/UPDATE_SA: [ouc_hap_connection.cpp(72)]SendRemoteRequest, can not connect to ouc
CST 2026-07-17 18:48:32.901  2516  3058 E C02e00/UPDATE_SA: [ouc_hap_connection.cpp(279)]SendMessage request failed, code: 5
CST 2026-07-17 18:48:32.907   634  2365 I C02515/DISP: [InitBufferHandle:229] express init gbuffer id 93d0000004c ret 0 err 0 fd 6 512 512 pixel 4 size 1048576 usage 2b
CST 2026-07-17 18:48:32.907   634  2365 I C02515/DISP: [ExpressAllocMem:271] ExpressAllocMem requeset BufferHandle 6, width 512, heigt 512, format 20
CST 2026-07-17 18:48:32.912   634  2365 I C02515/DISP: [ExpressFreeMem:317] freeMem bufferhandle gbuffer_id 93d0000004c, width 512, heigt 512
CST 2026-07-17 18:48:32.925   634  2365 I C02515/DISP: [InitBufferHandle:229] express init gbuffer id 93d0000004d ret 0 err 0 fd 6 222 222 pixel 4 size 197136 usage 2b
CST 2026-07-17 18:48:32.925   634  2365 I C02515/DISP: [ExpressAllocMem:271] ExpressAllocMem requeset BufferHandle 6, width 222, heigt 222, format 20
CST 2026-07-17 18:48:32.929   634  2365 I C02515/DISP: [ExpressFreeMem:317] freeMem bufferhandle gbuffer_id 93d0000004d, width 222, heigt 222
CST 2026-07-17 18:48:32.932  1657  1813 I C02515/DISP: [ExpressFreeMem:317] freeMem bufferhandle gbuffer_id 93d0000004c, width 512, heigt 512
CST 2026-07-17 18:48:32.938  2992  2992 I A02900/R1Api24Probe: E1_ROUND_RESULT|verdict=PASS|round=5|pid=2992|mainTid=2992|producerTid=3217|consumerTid=2992|buffers=100|callbacks=100|fdTransfers=1|bufferHashAggregate=3976353045|callbackHashAggregate=3347215007|fdPayloadHash=2416054757|beforeFd=38|afterFd=38|beforeThreads=29|afterThreads=29|monotonicIncrease=false
CST 2026-07-17 18:48:32.938  2992  2992 I A02900/R1Api24Probe: E1_BUFFER_SAMPLE|round=6|sample=1|length=0|leftSentinel=246|rightSentinel=9|hash=2166136261|guards=true|nativeTid=2992
CST 2026-07-17 18:48:32.938  2992  2992 I A02900/R1Api24Probe: E1_BUFFER_SAMPLE|round=6|sample=2|length=1|leftSentinel=247|rightSentinel=8|hash=3188452698|guards=true|nativeTid=2992
CST 2026-07-17 18:48:32.938  2992  2992 I A02900/R1Api24Probe: E1_BUFFER_SAMPLE|round=6|sample=3|length=2|leftSentinel=248|rightSentinel=7|hash=11469480|guards=true|nativeTid=2992
CST 2026-07-17 18:48:32.938  2992  2992 I A02900/R1Api24Probe: E1_BUFFER_SAMPLE|round=6|sample=4|length=3|leftSentinel=249|rightSentinel=6|hash=2657479461|guards=true|nativeTid=2992
CST 2026-07-17 18:48:32.938  2992  2992 I A02900/R1Api24Probe: E1_BUFFER_SAMPLE|round=6|sample=5|length=4|leftSentinel=250|rightSentinel=5|hash=2497827153|guards=true|nativeTid=2992
CST 2026-07-17 18:48:32.938  2992  2992 I A02900/R1Api24Probe: E1_BUFFER_SAMPLE|round=6|sample=6|length=5|leftSentinel=251|rightSentinel=4|hash=2746811710|guards=true|nativeTid=2992
CST 2026-07-17 18:48:32.938  2992  2992 I A02900/R1Api24Probe: E1_BUFFER_SAMPLE|round=6|sample=7|length=6|leftSentinel=252|rightSentinel=3|hash=3115488984|guards=true|nativeTid=2992
CST 2026-07-17 18:48:32.938  2992  2992 I A02900/R1Api24Probe: E1_BUFFER_SAMPLE|round=6|sample=8|length=7|leftSentinel=253|rightSentinel=2|hash=2775009005|guards=true|nativeTid=2992
CST 2026-07-17 18:48:32.938  2992  2992 I A02900/R1Api24Probe: E1_BUFFER_SAMPLE|round=6|sample=9|length=8|leftSentinel=254|rightSentinel=1|hash=1598160957|guards=true|nativeTid=2992
CST 2026-07-17 18:48:32.938  2992  2992 I A02900/R1Api24Probe: E1_BUFFER_SAMPLE|round=6|sample=10|length=9|leftSentinel=255|rightSentinel=0|hash=3114738378|guards=true|nativeTid=2992
CST 2026-07-17 18:48:32.938  2992  2992 I A02900/R1Api24Probe: E1_BUFFER_SAMPLE|round=6|sample=11|length=10|leftSentinel=0|rightSentinel=255|hash=3994780056|guards=true|nativeTid=2992
CST 2026-07-17 18:48:32.938  2992  2992 I A02900/R1Api24Probe: E1_BUFFER_SAMPLE|round=6|sample=12|length=11|leftSentinel=1|rightSentinel=254|hash=793650485|guards=true|nativeTid=2992
CST 2026-07-17 18:48:32.938  2992  2992 I A02900/R1Api24Probe: E1_BUFFER_SAMPLE|round=6|sample=13|length=12|leftSentinel=2|rightSentinel=253|hash=302786937|guards=true|nativeTid=2992
CST 2026-07-17 18:48:32.938  2992  2992 I A02900/R1Api24Probe: E1_BUFFER_SAMPLE|round=6|sample=14|length=13|leftSentinel=3|rightSentinel=252|hash=2405961822|guards=true|nativeTid=2992
CST 2026-07-17 18:48:32.938  2992  2992 I A02900/R1Api24Probe: E1_BUFFER_SAMPLE|round=6|sample=15|length=14|leftSentinel=4|rightSentinel=251|hash=505802920|guards=true|nativeTid=2992
CST 2026-07-17 18:48:32.939  2992  2992 I A02900/R1Api24Probe: E1_BUFFER_SAMPLE|round=6|sample=16|length=15|leftSentinel=5|rightSentinel=250|hash=3135421661|guards=true|nativeTid=2992
CST 2026-07-17 18:48:32.939  2992  2992 I A02900/R1Api24Probe: E1_BUFFER_SAMPLE|round=6|sample=17|length=16|leftSentinel=6|rightSentinel=249|hash=2883510165|guards=true|nativeTid=2992
CST 2026-07-17 18:48:32.939  2992  2992 I A02900/R1Api24Probe: E1_BUFFER_SAMPLE|round=6|sample=18|length=17|leftSentinel=7|rightSentinel=248|hash=296964666|guards=true|nativeTid=2992
CST 2026-07-17 18:48:32.939  2992  2992 I A02900/R1Api24Probe: E1_BUFFER_SAMPLE|round=6|sample=19|length=18|leftSentinel=8|rightSentinel=247|hash=3952421992|guards=true|nativeTid=2992
CST 2026-07-17 18:48:32.939  2992  2992 I A02900/R1Api24Probe: E1_BUFFER_SAMPLE|round=6|sample=20|length=19|leftSentinel=9|rightSentinel=246|hash=3601626885|guards=true|nativeTid=2992
CST 2026-07-17 18:48:32.939  2992  2992 I A02900/R1Api24Probe: E1_BUFFER_SAMPLE|round=6|sample=21|length=20|leftSentinel=10|rightSentinel=245|hash=2698846689|guards=true|nativeTid=2992
CST 2026-07-17 18:48:32.939  2992  2992 I A02900/R1Api24Probe: E1_BUFFER_SAMPLE|round=6|sample=22|length=21|leftSentinel=11|rightSentinel=244|hash=3936230526|guards=true|nativeTid=2992
CST 2026-07-17 18:48:32.939  2992  2992 I A02900/R1Api24Probe: E1_BUFFER_SAMPLE|round=6|sample=23|length=22|leftSentinel=12|rightSentinel=243|hash=3373260792|guards=true|nativeTid=2992
CST 2026-07-17 18:48:32.939  2992  2992 I A02900/R1Api24Probe: E1_BUFFER_SAMPLE|round=6|sample=24|length=23|leftSentinel=13|rightSentinel=242|hash=2389866349|guards=true|nativeTid=2992
CST 2026-07-17 18:48:32.939  2992  2992 I A02900/R1Api24Probe: E1_BUFFER_SAMPLE|round=6|sample=25|length=24|leftSentinel=14|rightSentinel=241|hash=905913197|guards=true|nativeTid=2992
CST 2026-07-17 18:48:32.939  2992  2992 I A02900/R1Api24Probe: E1_BUFFER_SAMPLE|round=6|sample=26|length=25|leftSentinel=15|rightSentinel=240|hash=4163157962|guards=true|nativeTid=2992
CST 2026-07-17 18:48:32.939  2992  2992 I A02900/R1Api24Probe: E1_BUFFER_SAMPLE|round=6|sample=27|length=26|leftSentinel=16|rightSentinel=239|hash=609198488|guards=true|nativeTid=2992
CST 2026-07-17 18:48:32.939  2992  2992 I A02900/R1Api24Probe: E1_BUFFER_SAMPLE|round=6|sample=28|length=27|leftSentinel=17|rightSentinel=238|hash=3926029269|guards=true|nativeTid=2992
CST 2026-07-17 18:48:32.939  2992  2992 I A02900/R1Api24Probe: E1_BUFFER_SAMPLE|round=6|sample=29|length=28|leftSentinel=18|rightSentinel=237|hash=2324809929|guards=true|nativeTid=2992
CST 2026-07-17 18:48:32.939  2992  2992 I A02900/R1Api24Probe: E1_BUFFER_SAMPLE|round=6|sample=30|length=29|leftSentinel=19|rightSentinel=236|hash=3266148574|guards=true|nativeTid=2992
CST 2026-07-17 18:48:32.940  2992  2992 I A02900/R1Api24Probe: E1_BUFFER_SAMPLE|round=6|sample=31|length=30|leftSentinel=20|rightSentinel=235|hash=4008149128|guards=true|nativeTid=2992
CST 2026-07-17 18:48:32.940  2992  2992 I A02900/R1Api24Probe: E1_BUFFER_SAMPLE|round=6|sample=32|length=31|leftSentinel=21|rightSentinel=234|hash=4109740765|guards=true|nativeTid=2992
CST 2026-07-17 18:48:32.940  2992  2992 I A02900/R1Api24Probe: E1_BUFFER_SAMPLE|round=6|sample=33|length=32|leftSentinel=22|rightSentinel=233|hash=2136069477|guards=true|nativeTid=2992
CST 2026-07-17 18:48:32.940  2992  2992 I A02900/R1Api24Probe: E1_BUFFER_SAMPLE|round=6|sample=34|length=33|leftSentinel=23|rightSentinel=232|hash=749345690|guards=true|nativeTid=2992
CST 2026-07-17 18:48:32.940  2992  2992 I A02900/R1Api24Probe: E1_BUFFER_SAMPLE|round=6|sample=35|length=34|leftSentinel=24|rightSentinel=231|hash=3743368552|guards=true|nativeTid=2992
CST 2026-07-17 18:48:32.940  2992  2992 I A02900/R1Api24Probe: E1_BUFFER_SAMPLE|round=6|sample=36|length=35|leftSentinel=25|rightSentinel=230|hash=1104953509|guards=true|nativeTid=2992
CST 2026-07-17 18:48:32.940  2992  2992 I A02900/R1Api24Probe: E1_BUFFER_SAMPLE|round=6|sample=37|length=36|leftSentinel=26|rightSentinel=229|hash=425446833|guards=true|nativeTid=2992
CST 2026-07-17 18:48:32.940  2992  2992 I A02900/R1Api24Probe: E1_BUFFER_SAMPLE|round=6|sample=38|length=37|leftSentinel=27|rightSentinel=228|hash=3627806270|guards=true|nativeTid=2992
CST 2026-07-17 18:48:32.940  2992  2992 I A02900/R1Api24Probe: E1_BUFFER_SAMPLE|round=6|sample=39|length=38|leftSentinel=28|rightSentinel=227|hash=1468494360|guards=true|nativeTid=2992
CST 2026-07-17 18:48:32.940  2992  2992 I A02900/R1Api24Probe: E1_BUFFER_SAMPLE|round=6|sample=40|length=39|leftSentinel=29|rightSentinel=226|hash=1710562541|guards=true|nativeTid=2992
CST 2026-07-17 18:48:32.940  2992  2992 I A02900/R1Api24Probe: E1_BUFFER_SAMPLE|round=6|sample=41|length=40|leftSentinel=30|rightSentinel=225|hash=4030618909|guards=true|nativeTid=2992
CST 2026-07-17 18:48:32.940  2992  2992 I A02900/R1Api24Probe: E1_BUFFER_SAMPLE|round=6|sample=42|length=41|leftSentinel=31|rightSentinel=224|hash=1702816778|guards=true|nativeTid=2992
CST 2026-07-17 18:48:32.940  2992  2992 I A02900/R1Api24Probe: E1_BUFFER_SAMPLE|round=6|sample=43|length=42|leftSentinel=32|rightSentinel=223|hash=3030495960|guards=true|nativeTid=2992
CST 2026-07-17 18:48:32.940  2992  2992 I A02900/R1Api24Probe: E1_BUFFER_SAMPLE|round=6|sample=44|length=43|leftSentinel=33|rightSentinel=222|hash=605318517|guards=true|nativeTid=2992
CST 2026-07-17 18:48:32.940  2992  2992 I A02900/R1Api24Probe: E1_BUFFER_SAMPLE|round=6|sample=45|length=44|leftSentinel=34|rightSentinel=221|hash=3923219033|guards=true|nativeTid=2992
CST 2026-07-17 18:48:32.940  2992  2992 I A02900/R1Api24Probe: E1_BUFFER_SAMPLE|round=6|sample=46|length=45|leftSentinel=35|rightSentinel=220|hash=2409108574|guards=true|nativeTid=2992
CST 2026-07-17 18:48:32.941  2992  2992 I A02900/R1Api24Probe: E1_BUFFER_SAMPLE|round=6|sample=47|length=46|leftSentinel=36|rightSentinel=219|hash=582934888|guards=true|nativeTid=2992
CST 2026-07-17 18:48:32.941  2992  2992 I A02900/R1Api24Probe: E1_BUFFER_SAMPLE|round=6|sample=48|length=47|leftSentinel=37|rightSentinel=218|hash=586859613|guards=true|nativeTid=2992
CST 2026-07-17 18:48:32.941  2992  2992 I A02900/R1Api24Probe: E1_BUFFER_SAMPLE|round=6|sample=49|length=48|leftSentinel=38|rightSentinel=217|hash=3713040885|guards=true|nativeTid=2992
CST 2026-07-17 18:48:32.941  2992  2992 I A02900/R1Api24Probe: E1_BUFFER_SAMPLE|round=6|sample=50|length=49|leftSentinel=39|rightSentinel=216|hash=657548090|guards=true|nativeTid=2992
CST 2026-07-17 18:48:32.941  2992  2992 I A02900/R1Api24Probe: E1_BUFFER_SAMPLE|round=6|sample=51|length=50|leftSentinel=40|rightSentinel=215|hash=2915524008|guards=true|nativeTid=2992
CST 2026-07-17 18:48:32.941  2992  2992 I A02900/R1Api24Probe: E1_BUFFER_SAMPLE|round=6|sample=52|length=51|leftSentinel=41|rightSentinel=214|hash=921375301|guards=true|nativeTid=2992
CST 2026-07-17 18:48:32.941  2992  2992 I A02900/R1Api24Probe: E1_BUFFER_SAMPLE|round=6|sample=53|length=52|leftSentinel=42|rightSentinel=213|hash=2711479169|guards=true|nativeTid=2992
CST 2026-07-17 18:48:32.941  2992  2992 I A02900/R1Api24Probe: E1_BUFFER_SAMPLE|round=6|sample=54|length=53|leftSentinel=43|rightSentinel=212|hash=4100088126|guards=true|nativeTid=2992
CST 2026-07-17 18:48:32.941  2992  2992 I A02900/R1Api24Probe: E1_BUFFER_SAMPLE|round=6|sample=55|length=54|leftSentinel=44|rightSentinel=211|hash=3910192184|guards=true|nativeTid=2992
CST 2026-07-17 18:48:32.941  2992  2992 I A02900/R1Api24Probe: E1_BUFFER_SAMPLE|round=6|sample=56|length=55|leftSentinel=45|rightSentinel=210|hash=55411693|guards=true|nativeTid=2992
CST 2026-07-17 18:48:32.941  2992  2992 I A02900/R1Api24Probe: E1_BUFFER_SAMPLE|round=6|sample=57|length=56|leftSentinel=46|rightSentinel=209|hash=2774652493|guards=true|nativeTid=2992
CST 2026-07-17 18:48:32.941  2992  2992 I A02900/R1Api24Probe: E1_BUFFER_SAMPLE|round=6|sample=58|length=57|leftSentinel=47|rightSentinel=208|hash=3551430026|guards=true|nativeTid=2992
CST 2026-07-17 18:48:32.941  2992  2992 I A02900/R1Api24Probe: E1_BUFFER_SAMPLE|round=6|sample=59|length=58|leftSentinel=48|rightSentinel=207|hash=1295622872|guards=true|nativeTid=2992
CST 2026-07-17 18:48:32.941  2992  2992 I A02900/R1Api24Probe: E1_BUFFER_SAMPLE|round=6|sample=60|length=59|leftSentinel=49|rightSentinel=206|hash=3248261845|guards=true|nativeTid=2992
CST 2026-07-17 18:48:32.941  2992  2992 I A02900/R1Api24Probe: E1_BUFFER_SAMPLE|round=6|sample=61|length=60|leftSentinel=50|rightSentinel=205|hash=3035498345|guards=true|nativeTid=2992
CST 2026-07-17 18:48:32.941  2992  2992 I A02900/R1Api24Probe: E1_BUFFER_SAMPLE|round=6|sample=62|length=61|leftSentinel=51|rightSentinel=204|hash=741255966|guards=true|nativeTid=2992
CST 2026-07-17 18:48:32.942  2992  2992 I A02900/R1Api24Probe: E1_BUFFER_SAMPLE|round=6|sample=63|length=62|leftSentinel=52|rightSentinel=203|hash=4150907208|guards=true|nativeTid=2992
CST 2026-07-17 18:48:32.942  2992  2992 I A02900/R1Api24Probe: E1_BUFFER_SAMPLE|round=6|sample=64|length=63|leftSentinel=53|rightSentinel=202|hash=3761922653|guards=true|nativeTid=2992
CST 2026-07-17 18:48:32.942  2992  2992 I A02900/R1Api24Probe: E1_BUFFER_SAMPLE|round=6|sample=65|length=64|leftSentinel=54|rightSentinel=201|hash=149701637|guards=true|nativeTid=2992
CST 2026-07-17 18:48:32.942  2992  2992 I A02900/R1Api24Probe: E1_BUFFER_SAMPLE|round=6|sample=66|length=65|leftSentinel=55|rightSentinel=200|hash=1208767834|guards=true|nativeTid=2992
CST 2026-07-17 18:48:32.942  2992  2992 I A02900/R1Api24Probe: E1_BUFFER_SAMPLE|round=6|sample=67|length=66|leftSentinel=56|rightSentinel=199|hash=1930837288|guards=true|nativeTid=2992
CST 2026-07-17 18:48:32.942  2992  2992 I A02900/R1Api24Probe: E1_BUFFER_SAMPLE|round=6|sample=68|length=67|leftSentinel=57|rightSentinel=198|hash=1420097573|guards=true|nativeTid=2992
CST 2026-07-17 18:48:32.942  2992  2992 I A02900/R1Api24Probe: E1_BUFFER_SAMPLE|round=6|sample=69|length=68|leftSentinel=58|rightSentinel=197|hash=570423569|guards=true|nativeTid=2992
CST 2026-07-17 18:48:32.942  2992  2992 I A02900/R1Api24Probe: E1_BUFFER_SAMPLE|round=6|sample=70|length=69|leftSentinel=59|rightSentinel=196|hash=2069190462|guards=true|nativeTid=2992
CST 2026-07-17 18:48:32.942  2992  2992 I A02900/R1Api24Probe: E1_BUFFER_SAMPLE|round=6|sample=71|length=70|leftSentinel=60|rightSentinel=195|hash=2867494232|guards=true|nativeTid=2992
CST 2026-07-17 18:48:32.942  2992  2992 I A02900/R1Api24Probe: E1_BUFFER_SAMPLE|round=6|sample=72|length=71|leftSentinel=61|rightSentinel=194|hash=229657197|guards=true|nativeTid=2992
CST 2026-07-17 18:48:32.942  2992  2992 I A02900/R1Api24Probe: E1_BUFFER_SAMPLE|round=6|sample=73|length=72|leftSentinel=62|rightSentinel=193|hash=2195839101|guards=true|nativeTid=2992
CST 2026-07-17 18:48:32.942  2992  2992 I A02900/R1Api24Probe: E1_BUFFER_SAMPLE|round=6|sample=74|length=73|leftSentinel=63|rightSentinel=192|hash=2071360074|guards=true|nativeTid=2992
CST 2026-07-17 18:48:32.942  2992  2992 I A02900/R1Api24Probe: E1_BUFFER_SAMPLE|round=6|sample=75|length=74|leftSentinel=64|rightSentinel=191|hash=3110976024|guards=true|nativeTid=2992
CST 2026-07-17 18:48:32.942  2992  2992 I A02900/R1Api24Probe: E1_BUFFER_SAMPLE|round=6|sample=76|length=75|leftSentinel=65|rightSentinel=190|hash=2217432757|guards=true|nativeTid=2992
CST 2026-07-17 18:48:32.943  2992  2992 I A02900/R1Api24Probe: E1_BUFFER_SAMPLE|round=6|sample=77|length=76|leftSentinel=66|rightSentinel=189|hash=3884820921|guards=true|nativeTid=2992
CST 2026-07-17 18:48:32.943  2992  2992 I A02900/R1Api24Probe: E1_BUFFER_SAMPLE|round=6|sample=78|length=77|leftSentinel=67|rightSentinel=188|hash=986273118|guards=true|nativeTid=2992
CST 2026-07-17 18:48:32.943  2992  2992 I A02900/R1Api24Probe: E1_BUFFER_SAMPLE|round=6|sample=79|length=78|leftSentinel=68|rightSentinel=187|hash=1797124904|guards=true|nativeTid=2992
CST 2026-07-17 18:48:32.943  2992  2992 I A02900/R1Api24Probe: E1_BUFFER_SAMPLE|round=6|sample=80|length=79|leftSentinel=69|rightSentinel=186|hash=619848285|guards=true|nativeTid=2992
CST 2026-07-17 18:48:32.943  2992  2992 I A02900/R1Api24Probe: E1_BUFFER_SAMPLE|round=6|sample=81|length=80|leftSentinel=70|rightSentinel=185|hash=1422661717|guards=true|nativeTid=2992
CST 2026-07-17 18:48:32.943  2992  2992 I A02900/R1Api24Probe: E1_BUFFER_SAMPLE|round=6|sample=82|length=81|leftSentinel=71|rightSentinel=184|hash=1330237626|guards=true|nativeTid=2992
CST 2026-07-17 18:48:32.943  2992  2992 I A02900/R1Api24Probe: E1_BUFFER_SAMPLE|round=6|sample=83|length=82|leftSentinel=72|rightSentinel=183|hash=2684432616|guards=true|nativeTid=2992
CST 2026-07-17 18:48:32.943  2992  2992 I A02900/R1Api24Probe: E1_BUFFER_SAMPLE|round=6|sample=84|length=83|leftSentinel=73|rightSentinel=182|hash=771360389|guards=true|nativeTid=2992
CST 2026-07-17 18:48:32.943  2992  2992 I A02900/R1Api24Probe: E1_BUFFER_SAMPLE|round=6|sample=85|length=84|leftSentinel=74|rightSentinel=181|hash=4045099425|guards=true|nativeTid=2992
CST 2026-07-17 18:48:32.943  2992  2992 I A02900/R1Api24Probe: E1_BUFFER_SAMPLE|round=6|sample=86|length=85|leftSentinel=75|rightSentinel=180|hash=358736638|guards=true|nativeTid=2992
CST 2026-07-17 18:48:32.943  2992  2992 I A02900/R1Api24Probe: E1_BUFFER_SAMPLE|round=6|sample=87|length=86|leftSentinel=76|rightSentinel=179|hash=2654356984|guards=true|nativeTid=2992
CST 2026-07-17 18:48:32.943  2992  2992 I A02900/R1Api24Probe: E1_BUFFER_SAMPLE|round=6|sample=88|length=87|leftSentinel=77|rightSentinel=178|hash=460121069|guards=true|nativeTid=2992
CST 2026-07-17 18:48:32.943  2992  2992 I A02900/R1Api24Probe: E1_BUFFER_SAMPLE|round=6|sample=89|length=88|leftSentinel=78|rightSentinel=177|hash=3346146861|guards=true|nativeTid=2992
CST 2026-07-17 18:48:32.944  2992  2992 I A02900/R1Api24Probe: E1_BUFFER_SAMPLE|round=6|sample=90|length=89|leftSentinel=79|rightSentinel=176|hash=1630699850|guards=true|nativeTid=2992
CST 2026-07-17 18:48:32.944  2992  2992 I A02900/R1Api24Probe: E1_BUFFER_SAMPLE|round=6|sample=91|length=90|leftSentinel=80|rightSentinel=175|hash=276015000|guards=true|nativeTid=2992
CST 2026-07-17 18:48:32.944  2992  2992 I A02900/R1Api24Probe: E1_BUFFER_SAMPLE|round=6|sample=92|length=91|leftSentinel=81|rightSentinel=174|hash=525157205|guards=true|nativeTid=2992
CST 2026-07-17 18:48:32.944  2992  2992 I A02900/R1Api24Probe: E1_BUFFER_SAMPLE|round=6|sample=93|length=92|leftSentinel=82|rightSentinel=173|hash=3345943817|guards=true|nativeTid=2992
CST 2026-07-17 18:48:32.944  2992  2992 I A02900/R1Api24Probe: E1_BUFFER_SAMPLE|round=6|sample=94|length=93|leftSentinel=83|rightSentinel=172|hash=2090476510|guards=true|nativeTid=2992
CST 2026-07-17 18:48:32.944  2992  2992 I A02900/R1Api24Probe: E1_BUFFER_SAMPLE|round=6|sample=95|length=94|leftSentinel=84|rightSentinel=171|hash=623554696|guards=true|nativeTid=2992
CST 2026-07-17 18:48:32.944  2992  2992 I A02900/R1Api24Probe: E1_BUFFER_SAMPLE|round=6|sample=96|length=95|leftSentinel=85|rightSentinel=170|hash=1433430493|guards=true|nativeTid=2992
CST 2026-07-17 18:48:32.944  2992  2992 I A02900/R1Api24Probe: E1_BUFFER_SAMPLE|round=6|sample=97|length=96|leftSentinel=86|rightSentinel=169|hash=752965925|guards=true|nativeTid=2992
CST 2026-07-17 18:48:32.944  2992  2992 I A02900/R1Api24Probe: E1_BUFFER_SAMPLE|round=6|sample=98|length=97|leftSentinel=87|rightSentinel=168|hash=3101343514|guards=true|nativeTid=2992
CST 2026-07-17 18:48:32.944  2992  2992 I A02900/R1Api24Probe: E1_BUFFER_SAMPLE|round=6|sample=99|length=98|leftSentinel=88|rightSentinel=167|hash=2775801192|guards=true|nativeTid=2992
CST 2026-07-17 18:48:32.944  2992  2992 I A02900/R1Api24Probe: E1_BUFFER_SAMPLE|round=6|sample=100|length=99|leftSentinel=89|rightSentinel=166|hash=2090638501|guards=true|nativeTid=2992
CST 2026-07-17 18:48:32.944  2992  2992 I A02900/R1Api24Probe: E1_FD_CREATED|fdA=37|fdB=38|creatorTid=2992|owner=ArkTS
CST 2026-07-17 18:48:32.944  2992  2992 I A02900/R1Api24Probe: E1_FD_RESULT|round=6|fdA=37|fdB=38|duplicateFd=39|written=23|read=23|payload=fd-round-06-sentinel-de|payloadHash=1414031522|closeA=0|closeDuplicate=0|closeB=0|duplicateCloseA=-1|errnoA=9|duplicateCloseB=-1|errnoB=9|owner=closed-by-native|nativeTid=2992
CST 2026-07-17 18:48:32.945  2992  3218 I A02900/R1Api24Probe: E1_PTHREAD_START|round=6|producerTid=3218
CST 2026-07-17 18:48:32.945  2992  2992 I A02900/R1Api24Probe: E1_CALLBACK_SAMPLE|round=6|sequence=1|producerTid=3218|consumerTid=2992|payload=r06-s001-x85|hash=4272862892|valid=true
CST 2026-07-17 18:48:32.945  2992  3218 I A02900/R1Api24Probe: E1_PTHREAD_FINISH|round=6|producerTid=3218|queued=100|status=0
CST 2026-07-17 18:48:32.945  2992  2992 I A02900/R1Api24Probe: E1_CALLBACK_SAMPLE|round=6|sequence=2|producerTid=3218|consumerTid=2992|payload=r06-s002-xa4|hash=3802428107|valid=true
CST 2026-07-17 18:48:32.945  2992  2992 I A02900/R1Api24Probe: E1_CALLBACK_SAMPLE|round=6|sequence=3|producerTid=3218|consumerTid=2992|payload=r06-s003-xc3|hash=2032772051|valid=true
CST 2026-07-17 18:48:32.945  2992  2992 I A02900/R1Api24Probe: E1_CALLBACK_SAMPLE|round=6|sequence=4|producerTid=3218|consumerTid=2992|payload=r06-s004-xe2|hash=463949599|valid=true
CST 2026-07-17 18:48:32.945  2992  2992 I A02900/R1Api24Probe: E1_CALLBACK_SAMPLE|round=6|sequence=5|producerTid=3218|consumerTid=2992|payload=r06-s005-x01|hash=687683260|valid=true
CST 2026-07-17 18:48:32.945  2992  2992 I A02900/R1Api24Probe: E1_CALLBACK_SAMPLE|round=6|sequence=6|producerTid=3218|consumerTid=2992|payload=r06-s006-x20|hash=2314158448|valid=true
CST 2026-07-17 18:48:32.945  2992  2992 I A02900/R1Api24Probe: E1_CALLBACK_SAMPLE|round=6|sequence=7|producerTid=3218|consumerTid=2992|payload=r06-s007-x3f|hash=882376744|valid=true
CST 2026-07-17 18:48:32.945  2992  2992 I A02900/R1Api24Probe: E1_CALLBACK_SAMPLE|round=6|sequence=8|producerTid=3218|consumerTid=2992|payload=r06-s008-x5e|hash=36888202|valid=true
CST 2026-07-17 18:48:32.945  2992  2992 I A02900/R1Api24Probe: E1_CALLBACK_SAMPLE|round=6|sequence=9|producerTid=3218|consumerTid=2992|payload=r06-s009-x7d|hash=4273118784|valid=true
CST 2026-07-17 18:48:32.945  2992  2992 I A02900/R1Api24Probe: E1_CALLBACK_SAMPLE|round=6|sequence=10|producerTid=3218|consumerTid=2992|payload=r06-s010-x9c|hash=3425169605|valid=true
CST 2026-07-17 18:48:32.945  2992  2992 I A02900/R1Api24Probe: E1_CALLBACK_SAMPLE|round=6|sequence=11|producerTid=3218|consumerTid=2992|payload=r06-s011-xbb|hash=1097786178|valid=true
CST 2026-07-17 18:48:32.945  2992  2992 I A02900/R1Api24Probe: E1_CALLBACK_SAMPLE|round=6|sequence=12|producerTid=3218|consumerTid=2992|payload=r06-s012-xda|hash=3093440780|valid=true
CST 2026-07-17 18:48:32.945  2992  2992 I A02900/R1Api24Probe: E1_CALLBACK_SAMPLE|round=6|sequence=13|producerTid=3218|consumerTid=2992|payload=r06-s013-xf9|hash=3595597|valid=true
CST 2026-07-17 18:48:32.945  2992  2992 I A02900/R1Api24Probe: E1_CALLBACK_SAMPLE|round=6|sequence=14|producerTid=3218|consumerTid=2992|payload=r06-s014-x18|hash=4065510864|valid=true
CST 2026-07-17 18:48:32.946  2992  2992 I A02900/R1Api24Probe: E1_CALLBACK_SAMPLE|round=6|sequence=15|producerTid=3218|consumerTid=2992|payload=r06-s015-x37|hash=776468508|valid=true
CST 2026-07-17 18:48:32.946  2992  2992 I A02900/R1Api24Probe: E1_CALLBACK_SAMPLE|round=6|sequence=16|producerTid=3218|consumerTid=2992|payload=r06-s016-x56|hash=1102068960|valid=true
CST 2026-07-17 18:48:32.946  2992  2992 I A02900/R1Api24Probe: E1_CALLBACK_SAMPLE|round=6|sequence=17|producerTid=3218|consumerTid=2992|payload=r06-s017-x75|hash=3639100216|valid=true
CST 2026-07-17 18:48:32.946  2992  2992 I A02900/R1Api24Probe: E1_CALLBACK_SAMPLE|round=6|sequence=18|producerTid=3218|consumerTid=2992|payload=r06-s018-x94|hash=231450984|valid=true
CST 2026-07-17 18:48:32.946  2992  2992 I A02900/R1Api24Probe: E1_CALLBACK_SAMPLE|round=6|sequence=19|producerTid=3218|consumerTid=2992|payload=r06-s019-xb3|hash=2227925773|valid=true
CST 2026-07-17 18:48:32.946  2992  2992 I A02900/R1Api24Probe: E1_CALLBACK_SAMPLE|round=6|sequence=20|producerTid=3218|consumerTid=2992|payload=r06-s020-xd2|hash=3380095580|valid=true
CST 2026-07-17 18:48:32.946  2992  2992 I A02900/R1Api24Probe: E1_CALLBACK_SAMPLE|round=6|sequence=21|producerTid=3218|consumerTid=2992|payload=r06-s021-xf1|hash=1788955664|valid=true
CST 2026-07-17 18:48:32.946  2992  2992 I A02900/R1Api24Probe: E1_CALLBACK_SAMPLE|round=6|sequence=22|producerTid=3218|consumerTid=2992|payload=r06-s022-x10|hash=3166647381|valid=true
CST 2026-07-17 18:48:32.946  2992  2992 I A02900/R1Api24Probe: E1_CALLBACK_SAMPLE|round=6|sequence=23|producerTid=3218|consumerTid=2992|payload=r06-s023-x2f|hash=3219318119|valid=true
CST 2026-07-17 18:48:32.946  2992  2992 I A02900/R1Api24Probe: E1_CALLBACK_SAMPLE|round=6|sequence=24|producerTid=3218|consumerTid=2992|payload=r06-s024-x4e|hash=1764656877|valid=true
CST 2026-07-17 18:48:32.946  2992  2992 I A02900/R1Api24Probe: E1_CALLBACK_SAMPLE|round=6|sequence=25|producerTid=3218|consumerTid=2992|payload=r06-s025-x6d|hash=4176334355|valid=true
CST 2026-07-17 18:48:32.946  2992  2992 I A02900/R1Api24Probe: E1_CALLBACK_SAMPLE|round=6|sequence=26|producerTid=3218|consumerTid=2992|payload=r06-s026-x8c|hash=1625248913|valid=true
CST 2026-07-17 18:48:32.946  2992  2992 I A02900/R1Api24Probe: E1_CALLBACK_SAMPLE|round=6|sequence=27|producerTid=3218|consumerTid=2992|payload=r06-s027-xab|hash=1065435128|valid=true
CST 2026-07-17 18:48:32.946  2992  2992 I A02900/R1Api24Probe: E1_CALLBACK_SAMPLE|round=6|sequence=28|producerTid=3218|consumerTid=2992|payload=r06-s028-xca|hash=367564786|valid=true
CST 2026-07-17 18:48:32.946  2992  2992 I A02900/R1Api24Probe: E1_CALLBACK_SAMPLE|round=6|sequence=29|producerTid=3218|consumerTid=2992|payload=r06-s029-xe9|hash=185284843|valid=true
CST 2026-07-17 18:48:32.946  2992  2992 I A02900/R1Api24Probe: E1_CALLBACK_SAMPLE|round=6|sequence=30|producerTid=3218|consumerTid=2992|payload=r06-s030-x08|hash=3291540567|valid=true
CST 2026-07-17 18:48:32.946  2992  2992 I A02900/R1Api24Probe: E1_CALLBACK_SAMPLE|round=6|sequence=31|producerTid=3218|consumerTid=2992|payload=r06-s031-x27|hash=3511686283|valid=true
CST 2026-07-17 18:48:32.946  2992  2992 I A02900/R1Api24Probe: E1_CALLBACK_SAMPLE|round=6|sequence=32|producerTid=3218|consumerTid=2992|payload=r06-s032-x46|hash=2129849059|valid=true
CST 2026-07-17 18:48:32.946  2992  2992 I A02900/R1Api24Probe: E1_CALLBACK_SAMPLE|round=6|sequence=33|producerTid=3218|consumerTid=2992|payload=r06-s033-x65|hash=798373771|valid=true
CST 2026-07-17 18:48:32.946  2992  2992 I A02900/R1Api24Probe: E1_CALLBACK_SAMPLE|round=6|sequence=34|producerTid=3218|consumerTid=2992|payload=r06-s034-x84|hash=273402223|valid=true
CST 2026-07-17 18:48:32.946  2992  2992 I A02900/R1Api24Probe: E1_CALLBACK_SAMPLE|round=6|sequence=35|producerTid=3218|consumerTid=2992|payload=r06-s035-xa3|hash=3835870244|valid=true
CST 2026-07-17 18:48:32.946  2992  2992 I A02900/R1Api24Probe: E1_CALLBACK_SAMPLE|round=6|sequence=36|producerTid=3218|consumerTid=2992|payload=r06-s036-xc2|hash=2320734672|valid=true
CST 2026-07-17 18:48:32.947  2992  2992 I A02900/R1Api24Probe: E1_CALLBACK_SAMPLE|round=6|sequence=37|producerTid=3218|consumerTid=2992|payload=r06-s037-xe1|hash=1983686192|valid=true
CST 2026-07-17 18:48:32.947  2992  2992 I A02900/R1Api24Probe: E1_CALLBACK_SAMPLE|round=6|sequence=38|producerTid=3218|consumerTid=2992|payload=r06-s038-x00|hash=3434224935|valid=true
CST 2026-07-17 18:48:32.947  2992  2992 I A02900/R1Api24Probe: E1_CALLBACK_SAMPLE|round=6|sequence=39|producerTid=3218|consumerTid=2992|payload=r06-s039-x1f|hash=3670681343|valid=true
CST 2026-07-17 18:48:32.947  2992  2992 I A02900/R1Api24Probe: E1_CALLBACK_SAMPLE|round=6|sequence=40|producerTid=3218|consumerTid=2992|payload=r06-s040-x3e|hash=3200021220|valid=true
CST 2026-07-17 18:48:32.947  2992  2992 I A02900/R1Api24Probe: E1_CALLBACK_SAMPLE|round=6|sequence=41|producerTid=3218|consumerTid=2992|payload=r06-s041-x5d|hash=3516196574|valid=true
CST 2026-07-17 18:48:32.947  2992  2992 I A02900/R1Api24Probe: E1_CALLBACK_SAMPLE|round=6|sequence=42|producerTid=3218|consumerTid=2992|payload=r06-s042-x7c|hash=2534795020|valid=true
CST 2026-07-17 18:48:32.947  2992  2992 I A02900/R1Api24Probe: E1_CALLBACK_SAMPLE|round=6|sequence=43|producerTid=3218|consumerTid=2992|payload=r06-s043-x9b|hash=2586345742|valid=true
CST 2026-07-17 18:48:32.947  2992  2992 I A02900/R1Api24Probe: E1_CALLBACK_SAMPLE|round=6|sequence=44|producerTid=3218|consumerTid=2992|payload=r06-s044-xba|hash=3842346865|valid=true
CST 2026-07-17 18:48:32.947  2992  2992 I A02900/R1Api24Probe: E1_CALLBACK_SAMPLE|round=6|sequence=45|producerTid=3218|consumerTid=2992|payload=r06-s045-xd9|hash=1958680172|valid=true
CST 2026-07-17 18:48:32.947  2992  2992 I A02900/R1Api24Probe: E1_CALLBACK_SAMPLE|round=6|sequence=46|producerTid=3218|consumerTid=2992|payload=r06-s046-xf8|hash=1017792040|valid=true
CST 2026-07-17 18:48:32.947  2992  2992 I A02900/R1Api24Probe: E1_CALLBACK_SAMPLE|round=6|sequence=47|producerTid=3218|consumerTid=2992|payload=r06-s047-x17|hash=1737420681|valid=true
CST 2026-07-17 18:48:32.947  2992  2992 I A02900/R1Api24Probe: E1_CALLBACK_SAMPLE|round=6|sequence=48|producerTid=3218|consumerTid=2992|payload=r06-s048-x36|hash=423673669|valid=true
CST 2026-07-17 18:48:32.947  2992  2992 I A02900/R1Api24Probe: E1_CALLBACK_SAMPLE|round=6|sequence=49|producerTid=3218|consumerTid=2992|payload=r06-s049-x55|hash=303207929|valid=true
CST 2026-07-17 18:48:32.947  2992  2992 I A02900/R1Api24Probe: E1_CALLBACK_SAMPLE|round=6|sequence=50|producerTid=3218|consumerTid=2992|payload=r06-s050-x74|hash=2938962754|valid=true
CST 2026-07-17 18:48:32.947  2992  2992 I A02900/R1Api24Probe: E1_CALLBACK_SAMPLE|round=6|sequence=51|producerTid=3218|consumerTid=2992|payload=r06-s051-x93|hash=3730819198|valid=true
CST 2026-07-17 18:48:32.947  2992  2992 I A02900/R1Api24Probe: E1_CALLBACK_SAMPLE|round=6|sequence=52|producerTid=3218|consumerTid=2992|payload=r06-s052-xb2|hash=96825263|valid=true
CST 2026-07-17 18:48:32.947  2992  2992 I A02900/R1Api24Probe: E1_CALLBACK_SAMPLE|round=6|sequence=53|producerTid=3218|consumerTid=2992|payload=r06-s053-xd1|hash=2594092663|valid=true
CST 2026-07-17 18:48:32.947  2992  2992 I A02900/R1Api24Probe: E1_CALLBACK_SAMPLE|round=6|sequence=54|producerTid=3218|consumerTid=2992|payload=r06-s054-xf0|hash=3503276787|valid=true
CST 2026-07-17 18:48:32.947  2992  2992 I A02900/R1Api24Probe: E1_CALLBACK_SAMPLE|round=6|sequence=55|producerTid=3218|consumerTid=2992|payload=r06-s055-x0f|hash=2061605500|valid=true
CST 2026-07-17 18:48:32.947  2992  2992 I A02900/R1Api24Probe: E1_CALLBACK_SAMPLE|round=6|sequence=56|producerTid=3218|consumerTid=2992|payload=r06-s056-x2e|hash=65434314|valid=true
CST 2026-07-17 18:48:32.947  2992  2992 I A02900/R1Api24Probe: E1_CALLBACK_SAMPLE|round=6|sequence=57|producerTid=3218|consumerTid=2992|payload=r06-s057-x4d|hash=4095743924|valid=true
CST 2026-07-17 18:48:32.947  2992  2992 I A02900/R1Api24Probe: E1_CALLBACK_SAMPLE|round=6|sequence=58|producerTid=3218|consumerTid=2992|payload=r06-s058-x6c|hash=702497594|valid=true
CST 2026-07-17 18:48:32.947  2992  2992 I A02900/R1Api24Probe: E1_CALLBACK_SAMPLE|round=6|sequence=59|producerTid=3218|consumerTid=2992|payload=r06-s059-x8b|hash=1682122228|valid=true
CST 2026-07-17 18:48:32.948  2992  2992 I A02900/R1Api24Probe: E1_CALLBACK_SAMPLE|round=6|sequence=60|producerTid=3218|consumerTid=2992|payload=r06-s060-xaa|hash=2379766728|valid=true
CST 2026-07-17 18:48:32.948  2992  2992 I A02900/R1Api24Probe: E1_CALLBACK_SAMPLE|round=6|sequence=61|producerTid=3218|consumerTid=2992|payload=r06-s061-xc9|hash=2229500357|valid=true
CST 2026-07-17 18:48:32.948  1657  1813 I C02515/DISP: [ExpressFreeMem:317] freeMem bufferhandle gbuffer_id 93d0000004d, width 222, heigt 222
CST 2026-07-17 18:48:32.948  2992  2992 I A02900/R1Api24Probe: E1_CALLBACK_SAMPLE|round=6|sequence=62|producerTid=3218|consumerTid=2992|payload=r06-s062-xe8|hash=3733036493|valid=true
CST 2026-07-17 18:48:32.948  2992  2992 I A02900/R1Api24Probe: E1_CALLBACK_SAMPLE|round=6|sequence=63|producerTid=3218|consumerTid=2992|payload=r06-s063-x07|hash=1204920806|valid=true
CST 2026-07-17 18:48:32.948  2992  2992 I A02900/R1Api24Probe: E1_CALLBACK_SAMPLE|round=6|sequence=64|producerTid=3218|consumerTid=2992|payload=r06-s064-x26|hash=1929019734|valid=true
CST 2026-07-17 18:48:32.948  2992  2992 I A02900/R1Api24Probe: E1_CALLBACK_SAMPLE|round=6|sequence=65|producerTid=3218|consumerTid=2992|payload=r06-s065-x45|hash=2669803026|valid=true
CST 2026-07-17 18:48:32.948  2992  2992 I A02900/R1Api24Probe: E1_CALLBACK_SAMPLE|round=6|sequence=66|producerTid=3218|consumerTid=2992|payload=r06-s066-x64|hash=2031262982|valid=true
CST 2026-07-17 18:48:32.948  2992  2992 I A02900/R1Api24Probe: E1_CALLBACK_SAMPLE|round=6|sequence=67|producerTid=3218|consumerTid=2992|payload=r06-s067-x83|hash=2265593750|valid=true
CST 2026-07-17 18:48:32.948  2992  2992 I A02900/R1Api24Probe: E1_CALLBACK_SAMPLE|round=6|sequence=68|producerTid=3218|consumerTid=2992|payload=r06-s068-xa2|hash=2553943993|valid=true
CST 2026-07-17 18:48:32.948  2992  2992 I A02900/R1Api24Probe: E1_CALLBACK_SAMPLE|round=6|sequence=69|producerTid=3218|consumerTid=2992|payload=r06-s069-xc1|hash=2106697477|valid=true
CST 2026-07-17 18:48:32.948  2992  2992 I A02900/R1Api24Probe: E1_CALLBACK_SAMPLE|round=6|sequence=70|producerTid=3218|consumerTid=2992|payload=r06-s070-xe0|hash=4142556214|valid=true
CST 2026-07-17 18:48:32.948  2992  2992 I A02900/R1Api24Probe: E1_CALLBACK_SAMPLE|round=6|sequence=71|producerTid=3218|consumerTid=2992|payload=r06-s071-xff|hash=2649736400|valid=true
CST 2026-07-17 18:48:32.948  2992  2992 I A02900/R1Api24Probe: E1_CALLBACK_SAMPLE|round=6|sequence=72|producerTid=3218|consumerTid=2992|payload=r06-s072-x1e|hash=1808412539|valid=true
CST 2026-07-17 18:48:32.948  2992  2992 I A02900/R1Api24Probe: E1_CALLBACK_SAMPLE|round=6|sequence=73|producerTid=3218|consumerTid=2992|payload=r06-s073-x3d|hash=2517067865|valid=true
CST 2026-07-17 18:48:32.948  2992  2992 I A02900/R1Api24Probe: E1_CALLBACK_SAMPLE|round=6|sequence=74|producerTid=3218|consumerTid=2992|payload=r06-s074-x5c|hash=3971919071|valid=true
CST 2026-07-17 18:48:32.948  2992  2992 I A02900/R1Api24Probe: E1_CALLBACK_SAMPLE|round=6|sequence=75|producerTid=3218|consumerTid=2992|payload=r06-s075-x7b|hash=94196893|valid=true
CST 2026-07-17 18:48:32.948  2992  2992 I A02900/R1Api24Probe: E1_CALLBACK_SAMPLE|round=6|sequence=76|producerTid=3218|consumerTid=2992|payload=r06-s076-x9a|hash=661515571|valid=true
CST 2026-07-17 18:48:32.948  2992  2992 I A02900/R1Api24Probe: E1_CALLBACK_SAMPLE|round=6|sequence=77|producerTid=3218|consumerTid=2992|payload=r06-s077-xb9|hash=608600491|valid=true
CST 2026-07-17 18:48:32.948  2992  2992 I A02900/R1Api24Probe: E1_CALLBACK_SAMPLE|round=6|sequence=78|producerTid=3218|consumerTid=2992|payload=r06-s078-xd8|hash=91086095|valid=true
CST 2026-07-17 18:48:32.948  2992  2992 I A02900/R1Api24Probe: E1_CALLBACK_SAMPLE|round=6|sequence=79|producerTid=3218|consumerTid=2992|payload=r06-s079-xf7|hash=1232999163|valid=true
CST 2026-07-17 18:48:32.948  2992  2992 I A02900/R1Api24Probe: E1_CALLBACK_SAMPLE|round=6|sequence=80|producerTid=3218|consumerTid=2992|payload=r06-s080-x16|hash=3245248803|valid=true
CST 2026-07-17 18:48:32.948  2992  2992 I A02900/R1Api24Probe: E1_CALLBACK_SAMPLE|round=6|sequence=81|producerTid=3218|consumerTid=2992|payload=r06-s081-x35|hash=2005895783|valid=true
CST 2026-07-17 18:48:32.949  2992  2992 I A02900/R1Api24Probe: E1_CALLBACK_SAMPLE|round=6|sequence=82|producerTid=3218|consumerTid=2992|payload=r06-s082-x54|hash=4198304327|valid=true
CST 2026-07-17 18:48:32.949  2992  2992 I A02900/R1Api24Probe: E1_CALLBACK_SAMPLE|round=6|sequence=83|producerTid=3218|consumerTid=2992|payload=r06-s083-x73|hash=264541303|valid=true
CST 2026-07-17 18:48:32.949  2992  2992 I A02900/R1Api24Probe: E1_CALLBACK_SAMPLE|round=6|sequence=84|producerTid=3218|consumerTid=2992|payload=r06-s084-x92|hash=1016115051|valid=true
CST 2026-07-17 18:48:32.949  2992  2992 I A02900/R1Api24Probe: E1_CALLBACK_SAMPLE|round=6|sequence=85|producerTid=3218|consumerTid=2992|payload=r06-s085-xb1|hash=759010482|valid=true
CST 2026-07-17 18:48:32.949  2992  2992 I A02900/R1Api24Probe: E1_CALLBACK_SAMPLE|round=6|sequence=86|producerTid=3218|consumerTid=2992|payload=r06-s086-xd0|hash=504820782|valid=true
CST 2026-07-17 18:48:32.949  2992  2992 I A02900/R1Api24Probe: E1_CALLBACK_SAMPLE|round=6|sequence=87|producerTid=3218|consumerTid=2992|payload=r06-s087-xef|hash=3429625422|valid=true
CST 2026-07-17 18:48:32.949  2992  2992 I A02900/R1Api24Probe: E1_CALLBACK_SAMPLE|round=6|sequence=88|producerTid=3218|consumerTid=2992|payload=r06-s088-x0e|hash=3421301403|valid=true
CST 2026-07-17 18:48:32.949  2992  2992 I A02900/R1Api24Probe: E1_CALLBACK_SAMPLE|round=6|sequence=89|producerTid=3218|consumerTid=2992|payload=r06-s089-x2d|hash=868679109|valid=true
CST 2026-07-17 18:48:32.949  2992  2992 I A02900/R1Api24Probe: E1_CALLBACK_SAMPLE|round=6|sequence=90|producerTid=3218|consumerTid=2992|payload=r06-s090-x4c|hash=1241036616|valid=true
CST 2026-07-17 18:48:32.949  2992  2992 I A02900/R1Api24Probe: E1_CALLBACK_SAMPLE|round=6|sequence=91|producerTid=3218|consumerTid=2992|payload=r06-s091-x6b|hash=2241372134|valid=true
CST 2026-07-17 18:48:32.949  2992  2992 I A02900/R1Api24Probe: E1_CALLBACK_SAMPLE|round=6|sequence=92|producerTid=3218|consumerTid=2992|payload=r06-s092-x8a|hash=1251754920|valid=true
CST 2026-07-17 18:48:32.949  2992  2992 I A02900/R1Api24Probe: E1_CALLBACK_SAMPLE|round=6|sequence=93|producerTid=3218|consumerTid=2992|payload=r06-s093-xa9|hash=3176846106|valid=true
CST 2026-07-17 18:48:32.949  2992  2992 I A02900/R1Api24Probe: E1_CALLBACK_SAMPLE|round=6|sequence=94|producerTid=3218|consumerTid=2992|payload=r06-s094-xc8|hash=1371854778|valid=true
CST 2026-07-17 18:48:32.949  2992  2992 I A02900/R1Api24Probe: E1_CALLBACK_SAMPLE|round=6|sequence=95|producerTid=3218|consumerTid=2992|payload=r06-s095-xe7|hash=302582958|valid=true
CST 2026-07-17 18:48:32.949  2992  2992 I A02900/R1Api24Probe: E1_CALLBACK_SAMPLE|round=6|sequence=96|producerTid=3218|consumerTid=2992|payload=r06-s096-x06|hash=2825670321|valid=true
CST 2026-07-17 18:48:32.949  2992  2992 I A02900/R1Api24Probe: E1_CALLBACK_SAMPLE|round=6|sequence=97|producerTid=3218|consumerTid=2992|payload=r06-s097-x25|hash=153939593|valid=true
CST 2026-07-17 18:48:32.949  2992  2992 I A02900/R1Api24Probe: E1_CALLBACK_SAMPLE|round=6|sequence=98|producerTid=3218|consumerTid=2992|payload=r06-s098-x44|hash=2258065653|valid=true
CST 2026-07-17 18:48:32.949  2992  2992 I A02900/R1Api24Probe: E1_CALLBACK_SAMPLE|round=6|sequence=99|producerTid=3218|consumerTid=2992|payload=r06-s099-x63|hash=1691327745|valid=true
CST 2026-07-17 18:48:32.949  2992  2992 I A02900/R1Api24Probe: E1_CALLBACK_SAMPLE|round=6|sequence=100|producerTid=3218|consumerTid=2992|payload=r06-s100-x82|hash=820446225|valid=true
CST 2026-07-17 18:48:32.961  1657  1813 I C03900/HDS: [hds_drawable_descriptor.cpp-ProcessIcon:101]set pixelmap editable : 0 .
CST 2026-07-17 18:48:32.961  1657  1813 E C02b61/PixelMap: set ashmem name failed
CST 2026-07-17 18:48:32.962  1657  1813 W A01b00/SCB: GraphicUtils --> combinePic from HdsIcon, bundleName: com.huawei.hms.musicservice, iconSizeOfGrid: 64, hasBorder: true
CST 2026-07-17 18:48:32.962  1657  1813 I A01b00/SCB: IconResourceFwk --> getBundleIcon end param: com.huawei.hms.musicservice, 64, true true
CST 2026-07-17 18:48:32.967   645   784 I C02986/DisplayPowerBrightness: lux=[0/55014, 0/55167, 0/55312, 0/55459, 0/55606, 0/55751, ], bDelta=5.000000, dDelta=1.000000, size=54
CST 2026-07-17 18:48:32.967  1657  1799 I C02b61/ImageCode: DoEncode:(224, 224) cost 5118 us
CST 2026-07-17 18:48:32.969  1657  1800 I C01631/GaussPD:  [0] [ADAPTER] [139901058128640] Not support binlog_default.writeLock file enable del monitor sysno = 25
CST 2026-07-17 18:48:32.969  1657  1800 I C01631/GaussPD:  [0] [ADAPTER] [139901058128640] Not support binlog_default.writeLock file enable del monitor sysno = 25
CST 2026-07-17 18:48:32.969  1657  1800 I C01631/GaussPD:  [0] [ADAPTER] [139901058128640] Not support binlog_default.writeLock file enable del monitor sysno = 25
CST 2026-07-17 18:48:32.969  1657  1800 I C01631/GaussPD:  [0] [ADAPTER] [139901058128640] Not support binlog_default.writeLock file enable del monitor sysno = 25
CST 2026-07-17 18:48:32.969  1657  1800 I C01631/GaussPD:  [0] [ADAPTER] [139901058128640] Not support binlog_default.writeIndex file enable del monitor sysno = 25
CST 2026-07-17 18:48:32.970  1657  1800 I C01631/GaussPD:  [0] [ADAPTER] [139901058128640] Not support binlog_default.writeIndex file enable del monitor sysno = 25
CST 2026-07-17 18:48:32.970  1657  1813 I A01a01/NC: NotificationConfigManager: update icon result: com.huawei.hms.musicservice, 53026
CST 2026-07-17 18:48:32.970  1657  1813 I A01b00/SCB: IconResourceFwk --> getBundleIcon start param: com.huawei.hmos.hipreview, 64, true true
CST 2026-07-17 18:48:32.970  1657  1813 W A01b00/SCB: IconResourceUtils --> getIconResource from bms getBundleResourceInfo for com.huawei.hmos.hipreview 0
CST 2026-07-17 18:48:32.972   766  1196 I C01120/BMS: icon rdb get resource icon start -n com.huawei.hmos.hipreview -i 0 -f 16
CST 2026-07-17 18:48:32.972   766  1196 E C01650/StepResultSet: GoToRow:position[0] rowCount[0] rowPos_[-1]!
CST 2026-07-17 18:48:32.979  1657  1813 I C02b61/ImageSource: CreatePixelMap success, id:1784285312974917,dSize:(0,0),srcSize: (384,384),dHdr:1,sHdr:1,memType: 2,cost 4229 us
CST 2026-07-17 18:48:32.979  1657  1813 E C02b61/PixelMap: set ashmem name failed
CST 2026-07-17 18:48:32.979  1657  1813 W A01b00/SCB: GraphicUtils --> com.huawei.hmos.hipreview - getHdsIcon, size: (384, 384), pixelFormat: 4, leftTopPixel is transparent: true, 0-0-0-0
CST 2026-07-17 18:48:32.979  1657  1813 E C03900/HDS: [hds_drawable_descriptor.cpp-GetOtherIconsInfo:395]Get icon by name from resource failed, iconName: icon_mask, isGlobalMask: 0, state: 9001004
CST 2026-07-17 18:48:32.981  1657  1813 W C03900/HDS: [hds_drawable_descriptor.cpp-ProcessIcon:91]Mask size {192, 192}, bundleName: com.huawei.hmos.hipreview
CST 2026-07-17 18:48:32.994   634  2365 I C02515/DISP: [InitBufferHandle:229] express init gbuffer id 93d0000004e ret 0 err 0 fd 6 384 384 pixel 4 size 589824 usage 2b
CST 2026-07-17 18:48:32.994   634  2365 I C02515/DISP: [ExpressAllocMem:271] ExpressAllocMem requeset BufferHandle 6, width 384, heigt 384, format 20
CST 2026-07-17 18:48:32.999   634  2365 I C02515/DISP: [ExpressFreeMem:317] freeMem bufferhandle gbuffer_id 93d0000004e, width 384, heigt 384
CST 2026-07-17 18:48:33.000  2992  2992 I A02900/R1Api24Probe: E1_ROUND_RESULT|verdict=PASS|round=6|pid=2992|mainTid=2992|producerTid=3218|consumerTid=2992|buffers=100|callbacks=100|fdTransfers=1|bufferHashAggregate=1719213877|callbackHashAggregate=2234265595|fdPayloadHash=1414031522|beforeFd=38|afterFd=38|beforeThreads=29|afterThreads=29|monotonicIncrease=false
CST 2026-07-17 18:48:33.000  2992  2992 I A02900/R1Api24Probe: E1_BUFFER_SAMPLE|round=7|sample=1|length=0|leftSentinel=31|rightSentinel=224|hash=2166136261|guards=true|nativeTid=2992
CST 2026-07-17 18:48:33.000  2992  2992 I A02900/R1Api24Probe: E1_BUFFER_SAMPLE|round=7|sample=2|length=1|leftSentinel=32|rightSentinel=223|hash=1561023655|guards=true|nativeTid=2992
CST 2026-07-17 18:48:33.000  2992  2992 I A02900/R1Api24Probe: E1_BUFFER_SAMPLE|round=7|sample=3|length=2|leftSentinel=33|rightSentinel=222|hash=3185440612|guards=true|nativeTid=2992
CST 2026-07-17 18:48:33.000  2992  2992 I A02900/R1Api24Probe: E1_BUFFER_SAMPLE|round=7|sample=4|length=3|leftSentinel=34|rightSentinel=221|hash=1347676492|guards=true|nativeTid=2992
CST 2026-07-17 18:48:33.000  2992  2992 I A02900/R1Api24Probe: E1_BUFFER_SAMPLE|round=7|sample=5|length=4|leftSentinel=35|rightSentinel=220|hash=3827312321|guards=true|nativeTid=2992
CST 2026-07-17 18:48:33.000  2992  2992 I A02900/R1Api24Probe: E1_BUFFER_SAMPLE|round=7|sample=6|length=5|leftSentinel=36|rightSentinel=219|hash=27470695|guards=true|nativeTid=2992
CST 2026-07-17 18:48:33.000  2992  2992 I A02900/R1Api24Probe: E1_BUFFER_SAMPLE|round=7|sample=7|length=6|leftSentinel=37|rightSentinel=218|hash=3075981260|guards=true|nativeTid=2992
CST 2026-07-17 18:48:33.000  2992  2992 I A02900/R1Api24Probe: E1_BUFFER_SAMPLE|round=7|sample=8|length=7|leftSentinel=38|rightSentinel=217|hash=3112020984|guards=true|nativeTid=2992
CST 2026-07-17 18:48:33.000  2992  2992 I A02900/R1Api24Probe: E1_BUFFER_SAMPLE|round=7|sample=9|length=8|leftSentinel=39|rightSentinel=216|hash=2913126005|guards=true|nativeTid=2992
CST 2026-07-17 18:48:33.000  2992  2992 I A02900/R1Api24Probe: E1_BUFFER_SAMPLE|round=7|sample=10|length=9|leftSentinel=40|rightSentinel=215|hash=1354463895|guards=true|nativeTid=2992
CST 2026-07-17 18:48:33.001  2992  2992 I A02900/R1Api24Probe: E1_BUFFER_SAMPLE|round=7|sample=11|length=10|leftSentinel=41|rightSentinel=214|hash=1409211828|guards=true|nativeTid=2992
CST 2026-07-17 18:48:33.001  2992  2992 I A02900/R1Api24Probe: E1_BUFFER_SAMPLE|round=7|sample=12|length=11|leftSentinel=42|rightSentinel=213|hash=591283652|guards=true|nativeTid=2992
CST 2026-07-17 18:48:33.001  2992  2992 I A02900/R1Api24Probe: E1_BUFFER_SAMPLE|round=7|sample=13|length=12|leftSentinel=43|rightSentinel=212|hash=3108824193|guards=true|nativeTid=2992
CST 2026-07-17 18:48:33.001  2992  2992 I A02900/R1Api24Probe: E1_BUFFER_SAMPLE|round=7|sample=14|length=13|leftSentinel=44|rightSentinel=211|hash=2668514071|guards=true|nativeTid=2992
CST 2026-07-17 18:48:33.004  2992  2992 I A02900/R1Api24Probe: E1_BUFFER_SAMPLE|round=7|sample=15|length=14|leftSentinel=45|rightSentinel=210|hash=2476353948|guards=true|nativeTid=2992
CST 2026-07-17 18:48:33.005  2992  2992 I A02900/R1Api24Probe: E1_BUFFER_SAMPLE|round=7|sample=16|length=15|leftSentinel=46|rightSentinel=209|hash=2455142240|guards=true|nativeTid=2992
CST 2026-07-17 18:48:33.005  2992  2992 I A02900/R1Api24Probe: E1_BUFFER_SAMPLE|round=7|sample=17|length=16|leftSentinel=47|rightSentinel=208|hash=1783171045|guards=true|nativeTid=2992
CST 2026-07-17 18:48:33.005  2992  2992 I A02900/R1Api24Probe: E1_BUFFER_SAMPLE|round=7|sample=18|length=17|leftSentinel=48|rightSentinel=207|hash=1989175527|guards=true|nativeTid=2992
CST 2026-07-17 18:48:33.005  2992  2992 I A02900/R1Api24Probe: E1_BUFFER_SAMPLE|round=7|sample=19|length=18|leftSentinel=49|rightSentinel=206|hash=2974309700|guards=true|nativeTid=2992
CST 2026-07-17 18:48:33.005  2992  2992 I A02900/R1Api24Probe: E1_BUFFER_SAMPLE|round=7|sample=20|length=19|leftSentinel=50|rightSentinel=205|hash=3640640796|guards=true|nativeTid=2992
CST 2026-07-17 18:48:33.005  2992  2992 I A02900/R1Api24Probe: E1_BUFFER_SAMPLE|round=7|sample=21|length=20|leftSentinel=51|rightSentinel=204|hash=3458929217|guards=true|nativeTid=2992
CST 2026-07-17 18:48:33.005  2992  2992 I A02900/R1Api24Probe: E1_BUFFER_SAMPLE|round=7|sample=22|length=21|leftSentinel=52|rightSentinel=203|hash=4194641031|guards=true|nativeTid=2992
CST 2026-07-17 18:48:33.005  2992  2992 I A02900/R1Api24Probe: E1_BUFFER_SAMPLE|round=7|sample=23|length=22|leftSentinel=53|rightSentinel=202|hash=3268529292|guards=true|nativeTid=2992
CST 2026-07-17 18:48:33.005  2992  2992 I A02900/R1Api24Probe: E1_BUFFER_SAMPLE|round=7|sample=24|length=23|leftSentinel=54|rightSentinel=201|hash=4003981320|guards=true|nativeTid=2992
CST 2026-07-17 18:48:33.005  2992  2992 I A02900/R1Api24Probe: E1_BUFFER_SAMPLE|round=7|sample=25|length=24|leftSentinel=55|rightSentinel=200|hash=2786144117|guards=true|nativeTid=2992
CST 2026-07-17 18:48:33.005  2992  2992 I A02900/R1Api24Probe: E1_BUFFER_SAMPLE|round=7|sample=26|length=25|leftSentinel=56|rightSentinel=199|hash=1329439511|guards=true|nativeTid=2992
CST 2026-07-17 18:48:33.005  2992  2992 I A02900/R1Api24Probe: E1_BUFFER_SAMPLE|round=7|sample=27|length=26|leftSentinel=57|rightSentinel=198|hash=740789076|guards=true|nativeTid=2992
CST 2026-07-17 18:48:33.005  2992  2992 I A02900/R1Api24Probe: E1_BUFFER_SAMPLE|round=7|sample=28|length=27|leftSentinel=58|rightSentinel=197|hash=2514230420|guards=true|nativeTid=2992
CST 2026-07-17 18:48:33.005  2992  2992 I A02900/R1Api24Probe: E1_BUFFER_SAMPLE|round=7|sample=29|length=28|leftSentinel=59|rightSentinel=196|hash=2701193153|guards=true|nativeTid=2992
CST 2026-07-17 18:48:33.005  2992  2992 I A02900/R1Api24Probe: E1_BUFFER_SAMPLE|round=7|sample=30|length=29|leftSentinel=60|rightSentinel=195|hash=1240112183|guards=true|nativeTid=2992
CST 2026-07-17 18:48:33.005  2992  2992 I A02900/R1Api24Probe: E1_BUFFER_SAMPLE|round=7|sample=31|length=30|leftSentinel=61|rightSentinel=194|hash=1015695196|guards=true|nativeTid=2992
CST 2026-07-17 18:48:33.005  2992  2992 I A02900/R1Api24Probe: E1_BUFFER_SAMPLE|round=7|sample=32|length=31|leftSentinel=62|rightSentinel=193|hash=3657748944|guards=true|nativeTid=2992
CST 2026-07-17 18:48:33.006  2992  2992 I A02900/R1Api24Probe: E1_BUFFER_SAMPLE|round=7|sample=33|length=32|leftSentinel=63|rightSentinel=192|hash=3457455941|guards=true|nativeTid=2992
CST 2026-07-17 18:48:33.006  2992  2992 I A02900/R1Api24Probe: E1_BUFFER_SAMPLE|round=7|sample=34|length=33|leftSentinel=64|rightSentinel=191|hash=3672005607|guards=true|nativeTid=2992
CST 2026-07-17 18:48:33.006  2992  2992 I A02900/R1Api24Probe: E1_BUFFER_SAMPLE|round=7|sample=35|length=34|leftSentinel=65|rightSentinel=190|hash=4270267300|guards=true|nativeTid=2992
CST 2026-07-17 18:48:33.006  2992  2992 I A02900/R1Api24Probe: E1_BUFFER_SAMPLE|round=7|sample=36|length=35|leftSentinel=66|rightSentinel=189|hash=770758764|guards=true|nativeTid=2992
CST 2026-07-17 18:48:33.006  2992  2992 I A02900/R1Api24Probe: E1_BUFFER_SAMPLE|round=7|sample=37|length=36|leftSentinel=67|rightSentinel=188|hash=1203017345|guards=true|nativeTid=2992
CST 2026-07-17 18:48:33.006  2992  2992 I A02900/R1Api24Probe: E1_BUFFER_SAMPLE|round=7|sample=38|length=37|leftSentinel=68|rightSentinel=187|hash=3169193767|guards=true|nativeTid=2992
CST 2026-07-17 18:48:33.006  2992  2992 I A02900/R1Api24Probe: E1_BUFFER_SAMPLE|round=7|sample=39|length=38|leftSentinel=69|rightSentinel=186|hash=1290575820|guards=true|nativeTid=2992
CST 2026-07-17 18:48:33.006  2992  2992 I A02900/R1Api24Probe: E1_BUFFER_SAMPLE|round=7|sample=40|length=39|leftSentinel=70|rightSentinel=185|hash=1063890712|guards=true|nativeTid=2992
CST 2026-07-17 18:48:33.006  2992  2992 I A02900/R1Api24Probe: E1_BUFFER_SAMPLE|round=7|sample=41|length=40|leftSentinel=71|rightSentinel=184|hash=4252190389|guards=true|nativeTid=2992
CST 2026-07-17 18:48:33.006  2992  2992 I A02900/R1Api24Probe: E1_BUFFER_SAMPLE|round=7|sample=42|length=41|leftSentinel=72|rightSentinel=183|hash=2819448279|guards=true|nativeTid=2992
CST 2026-07-17 18:48:33.006  2992  2992 I A02900/R1Api24Probe: E1_BUFFER_SAMPLE|round=7|sample=43|length=42|leftSentinel=73|rightSentinel=182|hash=3113682100|guards=true|nativeTid=2992
CST 2026-07-17 18:48:33.006  2992  2992 I A02900/R1Api24Probe: E1_BUFFER_SAMPLE|round=7|sample=44|length=43|leftSentinel=74|rightSentinel=181|hash=2175787940|guards=true|nativeTid=2992
CST 2026-07-17 18:48:33.006  2992  2992 I A02900/R1Api24Probe: E1_BUFFER_SAMPLE|round=7|sample=45|length=44|leftSentinel=75|rightSentinel=180|hash=4221810113|guards=true|nativeTid=2992
CST 2026-07-17 18:48:33.006  2992  2992 I A02900/R1Api24Probe: E1_BUFFER_SAMPLE|round=7|sample=46|length=45|leftSentinel=76|rightSentinel=179|hash=1233004887|guards=true|nativeTid=2992
CST 2026-07-17 18:48:33.006  2992  2992 I A02900/R1Api24Probe: E1_BUFFER_SAMPLE|round=7|sample=47|length=46|leftSentinel=77|rightSentinel=178|hash=273671452|guards=true|nativeTid=2992
CST 2026-07-17 18:48:33.006  2992  2992 I A02900/R1Api24Probe: E1_BUFFER_SAMPLE|round=7|sample=48|length=47|leftSentinel=78|rightSentinel=177|hash=3547043200|guards=true|nativeTid=2992
CST 2026-07-17 18:48:33.007  2992  2992 I A02900/R1Api24Probe: E1_BUFFER_SAMPLE|round=7|sample=49|length=48|leftSentinel=79|rightSentinel=176|hash=844726821|guards=true|nativeTid=2992
CST 2026-07-17 18:48:33.007  2992  2992 I A02900/R1Api24Probe: E1_BUFFER_SAMPLE|round=7|sample=50|length=49|leftSentinel=80|rightSentinel=175|hash=1519579687|guards=true|nativeTid=2992
CST 2026-07-17 18:48:33.007  2992  2992 I A02900/R1Api24Probe: E1_BUFFER_SAMPLE|round=7|sample=51|length=50|leftSentinel=81|rightSentinel=174|hash=3271275588|guards=true|nativeTid=2992
CST 2026-07-17 18:48:33.007  2992  2992 I A02900/R1Api24Probe: E1_BUFFER_SAMPLE|round=7|sample=52|length=51|leftSentinel=82|rightSentinel=173|hash=1169929852|guards=true|nativeTid=2992
CST 2026-07-17 18:48:33.007  2992  2992 I A02900/R1Api24Probe: E1_BUFFER_SAMPLE|round=7|sample=53|length=52|leftSentinel=83|rightSentinel=172|hash=2525816129|guards=true|nativeTid=2992
CST 2026-07-17 18:48:33.007  2992  2992 I A02900/R1Api24Probe: E1_BUFFER_SAMPLE|round=7|sample=54|length=53|leftSentinel=84|rightSentinel=171|hash=2081307847|guards=true|nativeTid=2992
CST 2026-07-17 18:48:33.007  2992  2992 I A02900/R1Api24Probe: E1_BUFFER_SAMPLE|round=7|sample=55|length=54|leftSentinel=85|rightSentinel=170|hash=2276233868|guards=true|nativeTid=2992
CST 2026-07-17 18:48:33.007  2992  2992 I A02900/R1Api24Probe: E1_BUFFER_SAMPLE|round=7|sample=56|length=55|leftSentinel=86|rightSentinel=169|hash=401091880|guards=true|nativeTid=2992
CST 2026-07-17 18:48:33.007  2992  2992 I A02900/R1Api24Probe: E1_BUFFER_SAMPLE|round=7|sample=57|length=56|leftSentinel=87|rightSentinel=168|hash=4086555829|guards=true|nativeTid=2992
CST 2026-07-17 18:48:33.007  2992  2992 I A02900/R1Api24Probe: E1_BUFFER_SAMPLE|round=7|sample=58|length=57|leftSentinel=88|rightSentinel=167|hash=2159343831|guards=true|nativeTid=2992
CST 2026-07-17 18:48:33.007  2992  2992 I A02900/R1Api24Probe: E1_BUFFER_SAMPLE|round=7|sample=59|length=58|leftSentinel=89|rightSentinel=166|hash=1969734164|guards=true|nativeTid=2992
CST 2026-07-17 18:48:33.007  2992  2992 I A02900/R1Api24Probe: E1_BUFFER_SAMPLE|round=7|sample=60|length=59|leftSentinel=90|rightSentinel=165|hash=13910196|guards=true|nativeTid=2992
CST 2026-07-17 18:48:33.007  2992  2992 I A02900/R1Api24Probe: E1_BUFFER_SAMPLE|round=7|sample=61|length=60|leftSentinel=91|rightSentinel=164|hash=2882101441|guards=true|nativeTid=2992
CST 2026-07-17 18:48:33.007  2992  2992 I A02900/R1Api24Probe: E1_BUFFER_SAMPLE|round=7|sample=62|length=61|leftSentinel=92|rightSentinel=163|hash=772783863|guards=true|nativeTid=2992
CST 2026-07-17 18:48:33.007  2992  2992 I A02900/R1Api24Probe: E1_BUFFER_SAMPLE|round=7|sample=63|length=62|leftSentinel=93|rightSentinel=162|hash=2546403164|guards=true|nativeTid=2992
CST 2026-07-17 18:48:33.007  2992  2992 I A02900/R1Api24Probe: E1_BUFFER_SAMPLE|round=7|sample=64|length=63|leftSentinel=94|rightSentinel=161|hash=3162288176|guards=true|nativeTid=2992
CST 2026-07-17 18:48:33.008  2992  2992 I A02900/R1Api24Probe: E1_BUFFER_SAMPLE|round=7|sample=65|length=64|leftSentinel=95|rightSentinel=160|hash=344083781|guards=true|nativeTid=2992
CST 2026-07-17 18:48:33.008  2992  2992 I A02900/R1Api24Probe: E1_BUFFER_SAMPLE|round=7|sample=66|length=65|leftSentinel=96|rightSentinel=159|hash=4072183591|guards=true|nativeTid=2992
CST 2026-07-17 18:48:33.008  2992  2992 I A02900/R1Api24Probe: E1_BUFFER_SAMPLE|round=7|sample=67|length=66|leftSentinel=97|rightSentinel=158|hash=2409717476|guards=true|nativeTid=2992
CST 2026-07-17 18:48:33.008  2992  2992 I A02900/R1Api24Probe: E1_BUFFER_SAMPLE|round=7|sample=68|length=67|leftSentinel=98|rightSentinel=157|hash=3155488012|guards=true|nativeTid=2992
CST 2026-07-17 18:48:33.008  2992  2992 I A02900/R1Api24Probe: E1_BUFFER_SAMPLE|round=7|sample=69|length=68|leftSentinel=99|rightSentinel=156|hash=1988221249|guards=true|nativeTid=2992
CST 2026-07-17 18:48:33.008  2992  2992 I A02900/R1Api24Probe: E1_BUFFER_SAMPLE|round=7|sample=70|length=69|leftSentinel=100|rightSentinel=155|hash=3231230055|guards=true|nativeTid=2992
CST 2026-07-17 18:48:33.008  2992  2992 I A02900/R1Api24Probe: E1_BUFFER_SAMPLE|round=7|sample=71|length=70|leftSentinel=101|rightSentinel=154|hash=2226843980|guards=true|nativeTid=2992
CST 2026-07-17 18:48:33.008  2992  2992 I A02900/R1Api24Probe: E1_BUFFER_SAMPLE|round=7|sample=72|length=71|leftSentinel=102|rightSentinel=153|hash=2107463608|guards=true|nativeTid=2992
CST 2026-07-17 18:48:33.008  2992  2992 I A02900/R1Api24Probe: E1_BUFFER_SAMPLE|round=7|sample=73|length=72|leftSentinel=103|rightSentinel=152|hash=1649546229|guards=true|nativeTid=2992
CST 2026-07-17 18:48:33.008  2992  2992 I A02900/R1Api24Probe: E1_BUFFER_SAMPLE|round=7|sample=74|length=73|leftSentinel=104|rightSentinel=151|hash=2930805655|guards=true|nativeTid=2992
CST 2026-07-17 18:48:33.008  2992  2992 I A02900/R1Api24Probe: E1_BUFFER_SAMPLE|round=7|sample=75|length=74|leftSentinel=105|rightSentinel=150|hash=334288948|guards=true|nativeTid=2992
CST 2026-07-17 18:48:33.008  2992  2992 I A02900/R1Api24Probe: E1_BUFFER_SAMPLE|round=7|sample=76|length=75|leftSentinel=106|rightSentinel=149|hash=4288598404|guards=true|nativeTid=2992
CST 2026-07-17 18:48:33.008  2992  2992 I A02900/R1Api24Probe: E1_BUFFER_SAMPLE|round=7|sample=77|length=76|leftSentinel=107|rightSentinel=148|hash=3804789889|guards=true|nativeTid=2992
CST 2026-07-17 18:48:33.008  2992  2992 I A02900/R1Api24Probe: E1_BUFFER_SAMPLE|round=7|sample=78|length=77|leftSentinel=108|rightSentinel=147|hash=319945495|guards=true|nativeTid=2992
CST 2026-07-17 18:48:33.009  2992  2992 I A02900/R1Api24Probe: E1_BUFFER_SAMPLE|round=7|sample=79|length=78|leftSentinel=109|rightSentinel=146|hash=2847140508|guards=true|nativeTid=2992
CST 2026-07-17 18:48:33.009  2992  2992 I A02900/R1Api24Probe: E1_BUFFER_SAMPLE|round=7|sample=80|length=79|leftSentinel=110|rightSentinel=145|hash=440742432|guards=true|nativeTid=2992
CST 2026-07-17 18:48:33.009  2992  2992 I A02900/R1Api24Probe: E1_BUFFER_SAMPLE|round=7|sample=81|length=80|leftSentinel=111|rightSentinel=144|hash=3821939813|guards=true|nativeTid=2992
CST 2026-07-17 18:48:33.009  2992  2992 I A02900/R1Api24Probe: E1_BUFFER_SAMPLE|round=7|sample=82|length=81|leftSentinel=112|rightSentinel=143|hash=2434482407|guards=true|nativeTid=2992
CST 2026-07-17 18:48:33.009  2992  2992 I A02900/R1Api24Probe: E1_BUFFER_SAMPLE|round=7|sample=83|length=82|leftSentinel=113|rightSentinel=142|hash=2753379652|guards=true|nativeTid=2992
CST 2026-07-17 18:48:33.009  2992  2992 I A02900/R1Api24Probe: E1_BUFFER_SAMPLE|round=7|sample=84|length=83|leftSentinel=114|rightSentinel=141|hash=2252231772|guards=true|nativeTid=2992
CST 2026-07-17 18:48:33.009  2992  2992 I A02900/R1Api24Probe: E1_BUFFER_SAMPLE|round=7|sample=85|length=84|leftSentinel=115|rightSentinel=140|hash=145708993|guards=true|nativeTid=2992
CST 2026-07-17 18:48:33.009  2992  2992 I A02900/R1Api24Probe: E1_BUFFER_SAMPLE|round=7|sample=86|length=85|leftSentinel=116|rightSentinel=139|hash=3072680583|guards=true|nativeTid=2992
CST 2026-07-17 18:48:33.009  2992  2992 I A02900/R1Api24Probe: E1_BUFFER_SAMPLE|round=7|sample=87|length=86|leftSentinel=117|rightSentinel=138|hash=720269068|guards=true|nativeTid=2992
CST 2026-07-17 18:48:33.009  2992  2992 I A02900/R1Api24Probe: E1_BUFFER_SAMPLE|round=7|sample=88|length=87|leftSentinel=118|rightSentinel=137|hash=1751169352|guards=true|nativeTid=2992
CST 2026-07-17 18:48:33.009  2992  2992 I A02900/R1Api24Probe: E1_BUFFER_SAMPLE|round=7|sample=89|length=88|leftSentinel=119|rightSentinel=136|hash=610914165|guards=true|nativeTid=2992
CST 2026-07-17 18:48:33.009  2992  2992 I A02900/R1Api24Probe: E1_BUFFER_SAMPLE|round=7|sample=90|length=89|leftSentinel=120|rightSentinel=135|hash=1459809047|guards=true|nativeTid=2992
CST 2026-07-17 18:48:33.009  2992  2992 I A02900/R1Api24Probe: E1_BUFFER_SAMPLE|round=7|sample=91|length=90|leftSentinel=121|rightSentinel=134|hash=1797823956|guards=true|nativeTid=2992
CST 2026-07-17 18:48:33.010  2992  2992 I A02900/R1Api24Probe: E1_BUFFER_SAMPLE|round=7|sample=92|length=91|leftSentinel=122|rightSentinel=133|hash=10379476|guards=true|nativeTid=2992
CST 2026-07-17 18:48:33.010  2992  2992 I A02900/R1Api24Probe: E1_BUFFER_SAMPLE|round=7|sample=93|length=92|leftSentinel=123|rightSentinel=132|hash=881046849|guards=true|nativeTid=2992
CST 2026-07-17 18:48:33.010  2992  2992 I A02900/R1Api24Probe: E1_BUFFER_SAMPLE|round=7|sample=94|length=93|leftSentinel=124|rightSentinel=131|hash=2761328183|guards=true|nativeTid=2992
CST 2026-07-17 18:48:33.010  2992  2992 I A02900/R1Api24Probe: E1_BUFFER_SAMPLE|round=7|sample=95|length=94|leftSentinel=125|rightSentinel=130|hash=2638067036|guards=true|nativeTid=2992
CST 2026-07-17 18:48:33.010  2992  2992 I A02900/R1Api24Probe: E1_BUFFER_SAMPLE|round=7|sample=96|length=95|leftSentinel=126|rightSentinel=129|hash=2038660112|guards=true|nativeTid=2992
CST 2026-07-17 18:48:33.010  2992  2992 I A02900/R1Api24Probe: E1_BUFFER_SAMPLE|round=7|sample=97|length=96|leftSentinel=127|rightSentinel=128|hash=2055552197|guards=true|nativeTid=2992
CST 2026-07-17 18:48:33.010  2992  2992 I A02900/R1Api24Probe: E1_BUFFER_SAMPLE|round=7|sample=98|length=97|leftSentinel=128|rightSentinel=127|hash=769290471|guards=true|nativeTid=2992
CST 2026-07-17 18:48:33.010  2992  2992 I A02900/R1Api24Probe: E1_BUFFER_SAMPLE|round=7|sample=99|length=98|leftSentinel=129|rightSentinel=126|hash=1873465508|guards=true|nativeTid=2992
CST 2026-07-17 18:48:33.010  2992  2992 I A02900/R1Api24Probe: E1_BUFFER_SAMPLE|round=7|sample=100|length=99|leftSentinel=130|rightSentinel=125|hash=1557526700|guards=true|nativeTid=2992
CST 2026-07-17 18:48:33.010  2992  2992 I A02900/R1Api24Probe: E1_FD_CREATED|fdA=37|fdB=38|creatorTid=2992|owner=ArkTS
CST 2026-07-17 18:48:33.010  2992  2992 I A02900/R1Api24Probe: E1_FD_RESULT|round=7|fdA=37|fdB=38|duplicateFd=39|written=23|read=23|payload=fd-round-07-sentinel-03|payloadHash=3381443963|closeA=0|closeDuplicate=0|closeB=0|duplicateCloseA=-1|errnoA=9|duplicateCloseB=-1|errnoB=9|owner=closed-by-native|nativeTid=2992
CST 2026-07-17 18:48:33.010  2992  3219 I A02900/R1Api24Probe: E1_PTHREAD_START|round=7|producerTid=3219
CST 2026-07-17 18:48:33.011  2992  3219 I A02900/R1Api24Probe: E1_PTHREAD_FINISH|round=7|producerTid=3219|queued=100|status=0
CST 2026-07-17 18:48:33.011  2992  2992 I A02900/R1Api24Probe: E1_CALLBACK_SAMPLE|round=7|sequence=1|producerTid=3219|consumerTid=2992|payload=r07-s001-x96|hash=103111245|valid=true
CST 2026-07-17 18:48:33.011  2992  2992 I A02900/R1Api24Probe: E1_CALLBACK_SAMPLE|round=7|sequence=2|producerTid=3219|consumerTid=2992|payload=r07-s002-xb5|hash=624640774|valid=true
CST 2026-07-17 18:48:33.011  2992  2992 I A02900/R1Api24Probe: E1_CALLBACK_SAMPLE|round=7|sequence=3|producerTid=3219|consumerTid=2992|payload=r07-s003-xd4|hash=2669804776|valid=true
CST 2026-07-17 18:48:33.011  2992  2992 I A02900/R1Api24Probe: E1_CALLBACK_SAMPLE|round=7|sequence=4|producerTid=3219|consumerTid=2992|payload=r07-s004-xf3|hash=3689997206|valid=true
CST 2026-07-17 18:48:33.011  2992  2992 I A02900/R1Api24Probe: E1_CALLBACK_SAMPLE|round=7|sequence=5|producerTid=3219|consumerTid=2992|payload=r07-s005-x12|hash=3551115269|valid=true
CST 2026-07-17 18:48:33.011  2992  2992 I A02900/R1Api24Probe: E1_CALLBACK_SAMPLE|round=7|sequence=6|producerTid=3219|consumerTid=2992|payload=r07-s006-x31|hash=1829949371|valid=true
CST 2026-07-17 18:48:33.011  2992  2992 I A02900/R1Api24Probe: E1_CALLBACK_SAMPLE|round=7|sequence=7|producerTid=3219|consumerTid=2992|payload=r07-s007-x50|hash=3370607985|valid=true
CST 2026-07-17 18:48:33.011  2992  2992 I A02900/R1Api24Probe: E1_CALLBACK_SAMPLE|round=7|sequence=8|producerTid=3219|consumerTid=2992|payload=r07-s008-x6f|hash=2819489745|valid=true
CST 2026-07-17 18:48:33.011  2992  2992 I A02900/R1Api24Probe: E1_CALLBACK_SAMPLE|round=7|sequence=9|producerTid=3219|consumerTid=2992|payload=r07-s009-x8e|hash=3434909809|valid=true
CST 2026-07-17 18:48:33.011   634  2365 I C02515/DISP: [InitBufferHandle:229] express init gbuffer id 93d0000004f ret 0 err 0 fd 6 222 222 pixel 4 size 197136 usage 2b
CST 2026-07-17 18:48:33.011   634  2365 I C02515/DISP: [ExpressAllocMem:271] ExpressAllocMem requeset BufferHandle 6, width 222, heigt 222, format 20
CST 2026-07-17 18:48:33.011  2992  2992 I A02900/R1Api24Probe: E1_CALLBACK_SAMPLE|round=7|sequence=10|producerTid=3219|consumerTid=2992|payload=r07-s010-xad|hash=1464014853|valid=true
CST 2026-07-17 18:48:33.011  2992  2992 I A02900/R1Api24Probe: E1_CALLBACK_SAMPLE|round=7|sequence=11|producerTid=3219|consumerTid=2992|payload=r07-s011-xcc|hash=1844770645|valid=true
CST 2026-07-17 18:48:33.011  2992  2992 I A02900/R1Api24Probe: E1_CALLBACK_SAMPLE|round=7|sequence=12|producerTid=3219|consumerTid=2992|payload=r07-s012-xeb|hash=1221767517|valid=true
CST 2026-07-17 18:48:33.011  2992  2992 I A02900/R1Api24Probe: E1_CALLBACK_SAMPLE|round=7|sequence=13|producerTid=3219|consumerTid=2992|payload=r07-s013-x0a|hash=4136565894|valid=true
CST 2026-07-17 18:48:33.011  2992  2992 I A02900/R1Api24Probe: E1_CALLBACK_SAMPLE|round=7|sequence=14|producerTid=3219|consumerTid=2992|payload=r07-s014-x29|hash=3101314089|valid=true
CST 2026-07-17 18:48:33.011  2992  2992 I A02900/R1Api24Probe: E1_CALLBACK_SAMPLE|round=7|sequence=15|producerTid=3219|consumerTid=2992|payload=r07-s015-x48|hash=4274020895|valid=true
CST 2026-07-17 18:48:33.011  2992  2992 I A02900/R1Api24Probe: E1_CALLBACK_SAMPLE|round=7|sequence=16|producerTid=3219|consumerTid=2992|payload=r07-s016-x67|hash=1570693621|valid=true
CST 2026-07-17 18:48:33.011  2992  2992 I A02900/R1Api24Probe: E1_CALLBACK_SAMPLE|round=7|sequence=17|producerTid=3219|consumerTid=2992|payload=r07-s017-x86|hash=32885915|valid=true
CST 2026-07-17 18:48:33.011  2992  2992 I A02900/R1Api24Probe: E1_CALLBACK_SAMPLE|round=7|sequence=18|producerTid=3219|consumerTid=2992|payload=r07-s018-xa5|hash=3420590554|valid=true
CST 2026-07-17 18:48:33.012  2992  2992 I A02900/R1Api24Probe: E1_CALLBACK_SAMPLE|round=7|sequence=19|producerTid=3219|consumerTid=2992|payload=r07-s019-xc4|hash=1063644440|valid=true
CST 2026-07-17 18:48:33.012  2992  2992 I A02900/R1Api24Probe: E1_CALLBACK_SAMPLE|round=7|sequence=20|producerTid=3219|consumerTid=2992|payload=r07-s020-xe3|hash=408959667|valid=true
CST 2026-07-17 18:48:33.012  2992  2992 I A02900/R1Api24Probe: E1_CALLBACK_SAMPLE|round=7|sequence=21|producerTid=3219|consumerTid=2992|payload=r07-s021-x02|hash=2213739082|valid=true
CST 2026-07-17 18:48:33.012  2992  2992 I A02900/R1Api24Probe: E1_CALLBACK_SAMPLE|round=7|sequence=22|producerTid=3219|consumerTid=2992|payload=r07-s022-x21|hash=2975431004|valid=true
CST 2026-07-17 18:48:33.012  2992  2992 I A02900/R1Api24Probe: E1_CALLBACK_SAMPLE|round=7|sequence=23|producerTid=3219|consumerTid=2992|payload=r07-s023-x40|hash=454940170|valid=true
CST 2026-07-17 18:48:33.012  2992  2992 I A02900/R1Api24Probe: E1_CALLBACK_SAMPLE|round=7|sequence=24|producerTid=3219|consumerTid=2992|payload=r07-s024-x5f|hash=2834156304|valid=true
CST 2026-07-17 18:48:33.012  2992  2992 I A02900/R1Api24Probe: E1_CALLBACK_SAMPLE|round=7|sequence=25|producerTid=3219|consumerTid=2992|payload=r07-s025-x7e|hash=2799298024|valid=true
CST 2026-07-17 18:48:33.012  2992  2992 I A02900/R1Api24Probe: E1_CALLBACK_SAMPLE|round=7|sequence=26|producerTid=3219|consumerTid=2992|payload=r07-s026-x9d|hash=3581672572|valid=true
CST 2026-07-17 18:48:33.012  2992  2992 I A02900/R1Api24Probe: E1_CALLBACK_SAMPLE|round=7|sequence=27|producerTid=3219|consumerTid=2992|payload=r07-s027-xbc|hash=3614486617|valid=true
CST 2026-07-17 18:48:33.012  2992  2992 I A02900/R1Api24Probe: E1_CALLBACK_SAMPLE|round=7|sequence=28|producerTid=3219|consumerTid=2992|payload=r07-s028-xdb|hash=3949680781|valid=true
CST 2026-07-17 18:48:33.012  2992  2992 I A02900/R1Api24Probe: E1_CALLBACK_SAMPLE|round=7|sequence=29|producerTid=3219|consumerTid=2992|payload=r07-s029-xfa|hash=3254022765|valid=true
CST 2026-07-17 18:48:33.012  2992  2992 I A02900/R1Api24Probe: E1_CALLBACK_SAMPLE|round=7|sequence=30|producerTid=3219|consumerTid=2992|payload=r07-s030-x19|hash=2855579296|valid=true
CST 2026-07-17 18:48:33.012  2992  2992 I A02900/R1Api24Probe: E1_CALLBACK_SAMPLE|round=7|sequence=31|producerTid=3219|consumerTid=2992|payload=r07-s031-x38|hash=4191560274|valid=true
CST 2026-07-17 18:48:33.012  2992  2992 I A02900/R1Api24Probe: E1_CALLBACK_SAMPLE|round=7|sequence=32|producerTid=3219|consumerTid=2992|payload=r07-s032-x57|hash=2930480176|valid=true
CST 2026-07-17 18:48:33.012  2992  2992 I A02900/R1Api24Probe: E1_CALLBACK_SAMPLE|round=7|sequence=33|producerTid=3219|consumerTid=2992|payload=r07-s033-x76|hash=3173630626|valid=true
CST 2026-07-17 18:48:33.012  2992  2992 I A02900/R1Api24Probe: E1_CALLBACK_SAMPLE|round=7|sequence=34|producerTid=3219|consumerTid=2992|payload=r07-s034-x95|hash=3898023744|valid=true
CST 2026-07-17 18:48:33.012  2992  2992 I A02900/R1Api24Probe: E1_CALLBACK_SAMPLE|round=7|sequence=35|producerTid=3219|consumerTid=2992|payload=r07-s035-xb4|hash=2069563875|valid=true
CST 2026-07-17 18:48:33.012  2992  2992 I A02900/R1Api24Probe: E1_CALLBACK_SAMPLE|round=7|sequence=36|producerTid=3219|consumerTid=2992|payload=r07-s036-xd3|hash=3548843609|valid=true
CST 2026-07-17 18:48:33.012  2992  2992 I A02900/R1Api24Probe: E1_CALLBACK_SAMPLE|round=7|sequence=37|producerTid=3219|consumerTid=2992|payload=r07-s037-xf2|hash=2488756295|valid=true
CST 2026-07-17 18:48:33.012  2992  2992 I A02900/R1Api24Probe: E1_CALLBACK_SAMPLE|round=7|sequence=38|producerTid=3219|consumerTid=2992|payload=r07-s038-x11|hash=1937153632|valid=true
CST 2026-07-17 18:48:33.012  2992  2992 I A02900/R1Api24Probe: E1_CALLBACK_SAMPLE|round=7|sequence=39|producerTid=3219|consumerTid=2992|payload=r07-s039-x30|hash=3659865394|valid=true
CST 2026-07-17 18:48:33.012  2992  2992 I A02900/R1Api24Probe: E1_CALLBACK_SAMPLE|round=7|sequence=40|producerTid=3219|consumerTid=2992|payload=r07-s040-x4f|hash=2814337599|valid=true
CST 2026-07-17 18:48:33.012  2992  2992 I A02900/R1Api24Probe: E1_CALLBACK_SAMPLE|round=7|sequence=41|producerTid=3219|consumerTid=2992|payload=r07-s041-x6e|hash=591735575|valid=true
CST 2026-07-17 18:48:33.012  2992  2992 I A02900/R1Api24Probe: E1_CALLBACK_SAMPLE|round=7|sequence=42|producerTid=3219|consumerTid=2992|payload=r07-s042-x8d|hash=3364499567|valid=true
CST 2026-07-17 18:48:33.013  2992  2992 I A02900/R1Api24Probe: E1_CALLBACK_SAMPLE|round=7|sequence=43|producerTid=3219|consumerTid=2992|payload=r07-s043-xac|hash=377364772|valid=true
CST 2026-07-17 18:48:33.013  2992  2992 I A02900/R1Api24Probe: E1_CALLBACK_SAMPLE|round=7|sequence=44|producerTid=3219|consumerTid=2992|payload=r07-s044-xcb|hash=2877786500|valid=true
CST 2026-07-17 18:48:33.013  2992  2992 I A02900/R1Api24Probe: E1_CALLBACK_SAMPLE|round=7|sequence=45|producerTid=3219|consumerTid=2992|payload=r07-s045-xea|hash=4105358876|valid=true
CST 2026-07-17 18:48:33.013  2992  2992 I A02900/R1Api24Probe: E1_CALLBACK_SAMPLE|round=7|sequence=46|producerTid=3219|consumerTid=2992|payload=r07-s046-x09|hash=1126546452|valid=true
CST 2026-07-17 18:48:33.013  2992  2992 I A02900/R1Api24Probe: E1_CALLBACK_SAMPLE|round=7|sequence=47|producerTid=3219|consumerTid=2992|payload=r07-s047-x28|hash=3062809186|valid=true
CST 2026-07-17 18:48:33.013  2992  2992 I A02900/R1Api24Probe: E1_CALLBACK_SAMPLE|round=7|sequence=48|producerTid=3219|consumerTid=2992|payload=r07-s048-x47|hash=121707524|valid=true
CST 2026-07-17 18:48:33.013  2992  2992 I A02900/R1Api24Probe: E1_CALLBACK_SAMPLE|round=7|sequence=49|producerTid=3219|consumerTid=2992|payload=r07-s049-x66|hash=3435193602|valid=true
CST 2026-07-17 18:48:33.013  2992  2992 I A02900/R1Api24Probe: E1_CALLBACK_SAMPLE|round=7|sequence=50|producerTid=3219|consumerTid=2992|payload=r07-s050-x85|hash=3764754963|valid=true
CST 2026-07-17 18:48:33.013  2992  2992 I A02900/R1Api24Probe: E1_CALLBACK_SAMPLE|round=7|sequence=51|producerTid=3219|consumerTid=2992|payload=r07-s051-xa4|hash=2320141654|valid=true
CST 2026-07-17 18:48:33.013  2992  2992 I A02900/R1Api24Probe: E1_CALLBACK_SAMPLE|round=7|sequence=52|producerTid=3219|consumerTid=2992|payload=r07-s052-xc3|hash=4158688220|valid=true
CST 2026-07-17 18:48:33.013  2992  2992 I A02900/R1Api24Probe: E1_CALLBACK_SAMPLE|round=7|sequence=53|producerTid=3219|consumerTid=2992|payload=r07-s053-xe2|hash=2179145350|valid=true
CST 2026-07-17 18:48:33.013  2992  2992 I A02900/R1Api24Probe: E1_CALLBACK_SAMPLE|round=7|sequence=54|producerTid=3219|consumerTid=2992|payload=r07-s054-x01|hash=1143375915|valid=true
CST 2026-07-17 18:48:33.013  2992  2992 I A02900/R1Api24Probe: E1_CALLBACK_SAMPLE|round=7|sequence=55|producerTid=3219|consumerTid=2992|payload=r07-s055-x20|hash=1225227341|valid=true
CST 2026-07-17 18:48:33.013  2992  2992 I A02900/R1Api24Probe: E1_CALLBACK_SAMPLE|round=7|sequence=56|producerTid=3219|consumerTid=2992|payload=r07-s056-x3f|hash=3837223455|valid=true
CST 2026-07-17 18:48:33.013  2992  2992 I A02900/R1Api24Probe: E1_CALLBACK_SAMPLE|round=7|sequence=57|producerTid=3219|consumerTid=2992|payload=r07-s057-x5e|hash=3301660227|valid=true
CST 2026-07-17 18:48:33.013  2992  2992 I A02900/R1Api24Probe: E1_CALLBACK_SAMPLE|round=7|sequence=58|producerTid=3219|consumerTid=2992|payload=r07-s058-x7d|hash=2024856639|valid=true
CST 2026-07-17 18:48:33.013  2992  2992 I A02900/R1Api24Probe: E1_CALLBACK_SAMPLE|round=7|sequence=59|producerTid=3219|consumerTid=2992|payload=r07-s059-x9c|hash=3759467631|valid=true
CST 2026-07-17 18:48:33.013  2992  2992 I A02900/R1Api24Probe: E1_CALLBACK_SAMPLE|round=7|sequence=60|producerTid=3219|consumerTid=2992|payload=r07-s060-xbb|hash=2671613207|valid=true
CST 2026-07-17 18:48:33.013  2992  2992 I A02900/R1Api24Probe: E1_CALLBACK_SAMPLE|round=7|sequence=61|producerTid=3219|consumerTid=2992|payload=r07-s061-xda|hash=2478655423|valid=true
CST 2026-07-17 18:48:33.013  2992  2992 I A02900/R1Api24Probe: E1_CALLBACK_SAMPLE|round=7|sequence=62|producerTid=3219|consumerTid=2992|payload=r07-s062-xf9|hash=2856730332|valid=true
CST 2026-07-17 18:48:33.013  2992  2992 I A02900/R1Api24Probe: E1_CALLBACK_SAMPLE|round=7|sequence=63|producerTid=3219|consumerTid=2992|payload=r07-s063-x18|hash=1202850259|valid=true
CST 2026-07-17 18:48:33.013  2992  2992 I A02900/R1Api24Probe: E1_CALLBACK_SAMPLE|round=7|sequence=64|producerTid=3219|consumerTid=2992|payload=r07-s064-x37|hash=2621398965|valid=true
CST 2026-07-17 18:48:33.013  2992  2992 I A02900/R1Api24Probe: E1_CALLBACK_SAMPLE|round=7|sequence=65|producerTid=3219|consumerTid=2992|payload=r07-s065-x56|hash=4044609599|valid=true
CST 2026-07-17 18:48:33.014  2992  2992 I A02900/R1Api24Probe: E1_CALLBACK_SAMPLE|round=7|sequence=66|producerTid=3219|consumerTid=2992|payload=r07-s066-x75|hash=833722361|valid=true
CST 2026-07-17 18:48:33.014  2992  2992 I A02900/R1Api24Probe: E1_CALLBACK_SAMPLE|round=7|sequence=67|producerTid=3219|consumerTid=2992|payload=r07-s067-x94|hash=65358835|valid=true
CST 2026-07-17 18:48:33.014  2992  2992 I A02900/R1Api24Probe: E1_CALLBACK_SAMPLE|round=7|sequence=68|producerTid=3219|consumerTid=2992|payload=r07-s068-xb3|hash=3359991996|valid=true
CST 2026-07-17 18:48:33.014  2992  2992 I A02900/R1Api24Probe: E1_CALLBACK_SAMPLE|round=7|sequence=69|producerTid=3219|consumerTid=2992|payload=r07-s069-xd2|hash=3318925098|valid=true
CST 2026-07-17 18:48:33.014  2992  2992 I A02900/R1Api24Probe: E1_CALLBACK_SAMPLE|round=7|sequence=70|producerTid=3219|consumerTid=2992|payload=r07-s070-xf1|hash=2654459411|valid=true
CST 2026-07-17 18:48:33.014  2992  2992 I A02900/R1Api24Probe: E1_CALLBACK_SAMPLE|round=7|sequence=71|producerTid=3219|consumerTid=2992|payload=r07-s071-x10|hash=3476491628|valid=true
CST 2026-07-17 18:48:33.014  2992  2992 I A02900/R1Api24Probe: E1_CALLBACK_SAMPLE|round=7|sequence=72|producerTid=3219|consumerTid=2992|payload=r07-s072-x2f|hash=1750508100|valid=true
CST 2026-07-17 18:48:33.014  2992  2992 I A02900/R1Api24Probe: E1_CALLBACK_SAMPLE|round=7|sequence=73|producerTid=3219|consumerTid=2992|payload=r07-s073-x4e|hash=2563810216|valid=true
CST 2026-07-17 18:48:33.014  2992  2992 I A02900/R1Api24Probe: E1_CALLBACK_SAMPLE|round=7|sequence=74|producerTid=3219|consumerTid=2992|payload=r07-s074-x6d|hash=295582592|valid=true
CST 2026-07-17 18:48:33.014  2992  2992 I A02900/R1Api24Probe: E1_CALLBACK_SAMPLE|round=7|sequence=75|producerTid=3219|consumerTid=2992|payload=r07-s075-x8c|hash=475842312|valid=true
CST 2026-07-17 18:48:33.014  2992  2992 I A02900/R1Api24Probe: E1_CALLBACK_SAMPLE|round=7|sequence=76|producerTid=3219|consumerTid=2992|payload=r07-s076-xab|hash=758508275|valid=true
CST 2026-07-17 18:48:33.014  2992  2992 I A02900/R1Api24Probe: E1_CALLBACK_SAMPLE|round=7|sequence=77|producerTid=3219|consumerTid=2992|payload=r07-s077-xca|hash=1672305551|valid=true
CST 2026-07-17 18:48:33.014  2992  2992 I A02900/R1Api24Probe: E1_CALLBACK_SAMPLE|round=7|sequence=78|producerTid=3219|consumerTid=2992|payload=r07-s078-xe9|hash=3199309560|valid=true
CST 2026-07-17 18:48:33.014  2992  2992 I A02900/R1Api24Probe: E1_CALLBACK_SAMPLE|round=7|sequence=79|producerTid=3219|consumerTid=2992|payload=r07-s079-x08|hash=4127519445|valid=true
CST 2026-07-17 18:48:33.014  2992  2992 I A02900/R1Api24Probe: E1_CALLBACK_SAMPLE|round=7|sequence=80|producerTid=3219|consumerTid=2992|payload=r07-s080-x27|hash=323455362|valid=true
CST 2026-07-17 18:48:33.014  2992  2992 I A02900/R1Api24Probe: E1_CALLBACK_SAMPLE|round=7|sequence=81|producerTid=3219|consumerTid=2992|payload=r07-s081-x46|hash=1329674492|valid=true
CST 2026-07-17 18:48:33.014  2992  2992 I A02900/R1Api24Probe: E1_CALLBACK_SAMPLE|round=7|sequence=82|producerTid=3219|consumerTid=2992|payload=r07-s082-x65|hash=3868934914|valid=true
CST 2026-07-17 18:48:33.014  2992  2992 I A02900/R1Api24Probe: E1_CALLBACK_SAMPLE|round=7|sequence=83|producerTid=3219|consumerTid=2992|payload=r07-s083-x84|hash=1773180828|valid=true
CST 2026-07-17 18:48:33.014  2992  2992 I A02900/R1Api24Probe: E1_CALLBACK_SAMPLE|round=7|sequence=84|producerTid=3219|consumerTid=2992|payload=r07-s084-xa3|hash=3448368093|valid=true
CST 2026-07-17 18:48:33.014  2992  2992 I A02900/R1Api24Probe: E1_CALLBACK_SAMPLE|round=7|sequence=85|producerTid=3219|consumerTid=2992|payload=r07-s085-xc2|hash=2505959183|valid=true
CST 2026-07-17 18:48:33.014  2992  2992 I A02900/R1Api24Probe: E1_CALLBACK_SAMPLE|round=7|sequence=86|producerTid=3219|consumerTid=2992|payload=r07-s086-xe1|hash=642570393|valid=true
CST 2026-07-17 18:48:33.015  2992  2992 I A02900/R1Api24Probe: E1_CALLBACK_SAMPLE|round=7|sequence=87|producerTid=3219|consumerTid=2992|payload=r07-s087-x00|hash=2783908452|valid=true
CST 2026-07-17 18:48:33.015  2992  2992 I A02900/R1Api24Probe: E1_CALLBACK_SAMPLE|round=7|sequence=88|producerTid=3219|consumerTid=2992|payload=r07-s088-x1f|hash=3285977778|valid=true
CST 2026-07-17 18:48:33.015  2992  2992 I A02900/R1Api24Probe: E1_CALLBACK_SAMPLE|round=7|sequence=89|producerTid=3219|consumerTid=2992|payload=r07-s089-x3e|hash=450033850|valid=true
CST 2026-07-17 18:48:33.015  2992  2992 I A02900/R1Api24Probe: E1_CALLBACK_SAMPLE|round=7|sequence=90|producerTid=3219|consumerTid=2992|payload=r07-s090-x5d|hash=1817870649|valid=true
CST 2026-07-17 18:48:33.015  2992  2992 I A02900/R1Api24Probe: E1_CALLBACK_SAMPLE|round=7|sequence=91|producerTid=3219|consumerTid=2992|payload=r07-s091-x7c|hash=1960355385|valid=true
CST 2026-07-17 18:48:33.015  2992  2992 I A02900/R1Api24Probe: E1_CALLBACK_SAMPLE|round=7|sequence=92|producerTid=3219|consumerTid=2992|payload=r07-s092-x9b|hash=4294447785|valid=true
CST 2026-07-17 18:48:33.015  2992  2992 I A02900/R1Api24Probe: E1_CALLBACK_SAMPLE|round=7|sequence=93|producerTid=3219|consumerTid=2992|payload=r07-s093-xba|hash=2702207488|valid=true
CST 2026-07-17 18:48:33.015  2992  2992 I A02900/R1Api24Probe: E1_CALLBACK_SAMPLE|round=7|sequence=94|producerTid=3219|consumerTid=2992|payload=r07-s094-xd9|hash=3807988107|valid=true
CST 2026-07-17 18:48:33.015  2992  2992 I A02900/R1Api24Probe: E1_CALLBACK_SAMPLE|round=7|sequence=95|producerTid=3219|consumerTid=2992|payload=r07-s095-xf8|hash=2971026837|valid=true
CST 2026-07-17 18:48:33.015  2992  2992 I A02900/R1Api24Probe: E1_CALLBACK_SAMPLE|round=7|sequence=96|producerTid=3219|consumerTid=2992|payload=r07-s096-x17|hash=2233135886|valid=true
CST 2026-07-17 18:48:33.015  2992  2992 I A02900/R1Api24Probe: E1_CALLBACK_SAMPLE|round=7|sequence=97|producerTid=3219|consumerTid=2992|payload=r07-s097-x36|hash=517823420|valid=true
CST 2026-07-17 18:48:33.015  2992  2992 I A02900/R1Api24Probe: E1_CALLBACK_SAMPLE|round=7|sequence=98|producerTid=3219|consumerTid=2992|payload=r07-s098-x55|hash=1267552926|valid=true
CST 2026-07-17 18:48:33.015  2992  2992 I A02900/R1Api24Probe: E1_CALLBACK_SAMPLE|round=7|sequence=99|producerTid=3219|consumerTid=2992|payload=r07-s099-x74|hash=1475410276|valid=true
CST 2026-07-17 18:48:33.015  2992  2992 I A02900/R1Api24Probe: E1_CALLBACK_SAMPLE|round=7|sequence=100|producerTid=3219|consumerTid=2992|payload=r07-s100-x93|hash=3027450070|valid=true
CST 2026-07-17 18:48:33.017   634  2365 I C02515/DISP: [ExpressFreeMem:317] freeMem bufferhandle gbuffer_id 93d0000004f, width 222, heigt 222
CST 2026-07-17 18:48:33.017  1657  1813 I C02b61/PostProc: initSLRFactor insert:-271846257
CST 2026-07-17 18:48:33.020  1657  1737 I C02515/DISP: [ExpressFreeMem:317] freeMem bufferhandle gbuffer_id 93d0000004e, width 384, heigt 384
CST 2026-07-17 18:48:33.030  1657  1657 W A01c06/ICON: AppIconWeatherModel --> initWeatherListener, retryTimes: 4
CST 2026-07-17 18:48:33.035  1657  1737 I C02515/DISP: [ExpressFreeMem:317] freeMem bufferhandle gbuffer_id 93d0000004f, width 222, heigt 222
CST 2026-07-17 18:48:33.043   513  1323 E C01707/CONCUR: [Interface] task 1323 apply qos failed, errno = 4
CST 2026-07-17 18:48:33.043   513  1323 E C01611/QosManager: QosManager: Failed to set thread QoS to QOS_USER_INTERACTIVE, ret: -1
CST 2026-07-17 18:48:33.044   766  1196 W C01123/BMSCommon: bundle not exist -n com.huawei.hmsapp.totemweather -u 100 -i 0 -f 32
CST 2026-07-17 18:48:33.044   766  1196 W C01121/BMSQuery: GetBundleInfo failed -n com.huawei.hmsapp.totemweather -u 100
CST 2026-07-17 18:48:33.044   513  1323 E C01651/BundleMgrProxy: GetBundleInfoFromBMS: GetBundleInfo failed!bundleName is com.huawei.hmsapp.totemweather, userId is 100
CST 2026-07-17 18:48:33.044   513  1323 E C01651/DataProviderConfig: GetFromProxyData: Get bundleInfo failed! bundleName:com.huawei.hmsapp.totemweather, userId:100, visitedId:100, uri:******icIconInfo
CST 2026-07-17 18:48:33.044   513  1323 E C01651/DataShareServiceImpl: GetBMSAndMetaDataStatus: CalledInfo failed! token:0x20087fab,ret:1001,uri:******icIconInfo
CST 2026-07-17 18:48:33.044   513  1323 E C01651/DataShareServiceImpl: GetSilentProxyStatus: BMS or metaData not ready to complete, token:0x20087fab, uri:******icIconInfo
CST 2026-07-17 18:48:33.044  1657  1657 E A01c06/ICON: AppIconWeatherModel --> get weather info failed, code: 15700010, message: The DataShareHelper is not initialized successfully.
CST 2026-07-17 18:48:33.052  1657  1737 I C03900/HDS: [hds_drawable_descriptor.cpp-ProcessIcon:101]set pixelmap editable : 0 .
CST 2026-07-17 18:48:33.052  1657  1737 E C02b61/PixelMap: set ashmem name failed
CST 2026-07-17 18:48:33.052  1657  1737 W A01b00/SCB: GraphicUtils --> combinePic from HdsIcon, bundleName: com.huawei.hmos.hipreview, iconSizeOfGrid: 64, hasBorder: true
CST 2026-07-17 18:48:33.052  1657  1737 I A01b00/SCB: IconResourceFwk --> getBundleIcon end param: com.huawei.hmos.hipreview, 64, true true
CST 2026-07-17 18:48:33.057  1657  1797 I C02b61/ImageCode: DoEncode:(224, 224) cost 4356 us
CST 2026-07-17 18:48:33.058  1657  1798 I C01631/GaussPD:  [0] [ADAPTER] [139901074930432] Not support binlog_default.writeLock file enable del monitor sysno = 25
CST 2026-07-17 18:48:33.058  1657  1798 I C01631/GaussPD:  [0] [ADAPTER] [139901074930432] Not support binlog_default.writeLock file enable del monitor sysno = 25
CST 2026-07-17 18:48:33.058  1657  1798 I C01631/GaussPD:  [0] [ADAPTER] [139901074930432] Not support binlog_default.writeLock file enable del monitor sysno = 25
CST 2026-07-17 18:48:33.059  1657  1798 I C01631/GaussPD:  [0] [ADAPTER] [139901074930432] Not support binlog_default.writeLock file enable del monitor sysno = 25
CST 2026-07-17 18:48:33.059  1657  1798 I C01631/GaussPD:  [0] [ADAPTER] [139901074930432] Not support binlog_default.writeIndex file enable del monitor sysno = 25
CST 2026-07-17 18:48:33.059  1657  1798 I C01631/GaussPD:  [0] [ADAPTER] [139901074930432] Not support binlog_default.writeIndex file enable del monitor sysno = 25
CST 2026-07-17 18:48:33.059  1657  1737 I A01a01/NC: NotificationConfigManager: update icon result: com.huawei.hmos.hipreview, 35566
CST 2026-07-17 18:48:33.059  1657  1737 I A01b00/SCB: IconResourceFwk --> getBundleIcon start param: com.ohos.notificationdialog, 64, true true
CST 2026-07-17 18:48:33.059  1657  1737 W A01b00/SCB: IconResourceUtils --> getIconResource from bms getBundleResourceInfo for com.ohos.notificationdialog 0
CST 2026-07-17 18:48:33.060   766  1196 I C01120/BMS: icon rdb get resource icon start -n com.ohos.notificationdialog -i 0 -f 16
CST 2026-07-17 18:48:33.060   766  1196 E C01650/StepResultSet: GoToRow:position[0] rowCount[0] rowPos_[-1]!
CST 2026-07-17 18:48:33.061  1657  1737 I C02b61/ImageSource: CreatePixelMap success, id:1784285313060741,dSize:(0,0),srcSize: (114,114),dHdr:1,sHdr:1,memType: 2,cost 568 us
CST 2026-07-17 18:48:33.061  1657  1737 E C02b61/PixelMap: set ashmem name failed
CST 2026-07-17 18:48:33.061  1657  1737 W A01b00/SCB: GraphicUtils --> com.ohos.notificationdialog - getHdsIcon, size: (114, 114), pixelFormat: 4, leftTopPixel is transparent: true, 0-0-0-0
CST 2026-07-17 18:48:33.061  1657  1737 E C03900/HDS: [hds_drawable_descriptor.cpp-GetOtherIconsInfo:395]Get icon by name from resource failed, iconName: icon_mask, isGlobalMask: 0, state: 9001004
CST 2026-07-17 18:48:33.061  1657  1737 W C03900/HDS: [hds_drawable_descriptor.cpp-ProcessIcon:91]Mask size {192, 192}, bundleName: com.ohos.notificationdialog
CST 2026-07-17 18:48:33.063  1657  1813 I C02b61/PixelMap: PixelMap::scale SLR 197, srcSize: [192, 192], dstSize: [114, 114], cost: 1
CST 2026-07-17 18:48:33.067  2992  2992 I A02900/R1Api24Probe: E1_ROUND_RESULT|verdict=PASS|round=7|pid=2992|mainTid=2992|producerTid=3219|consumerTid=2992|buffers=100|callbacks=100|fdTransfers=1|bufferHashAggregate=1306351913|callbackHashAggregate=884704170|fdPayloadHash=3381443963|beforeFd=38|afterFd=38|beforeThreads=29|afterThreads=29|monotonicIncrease=false
CST 2026-07-17 18:48:33.067  2992  2992 I A02900/R1Api24Probe: E1_BUFFER_SAMPLE|round=8|sample=1|length=0|leftSentinel=72|rightSentinel=183|hash=2166136261|guards=true|nativeTid=2992
CST 2026-07-17 18:48:33.067  2992  2992 I A02900/R1Api24Probe: E1_BUFFER_SAMPLE|round=8|sample=2|length=1|leftSentinel=73|rightSentinel=182|hash=1879798416|guards=true|nativeTid=2992
CST 2026-07-17 18:48:33.067  2992  2992 I A02900/R1Api24Probe: E1_BUFFER_SAMPLE|round=8|sample=3|length=2|leftSentinel=74|rightSentinel=181|hash=1685821348|guards=true|nativeTid=2992
CST 2026-07-17 18:48:33.067  2992  2992 I A02900/R1Api24Probe: E1_BUFFER_SAMPLE|round=8|sample=4|length=3|leftSentinel=75|rightSentinel=180|hash=771478847|guards=true|nativeTid=2992
CST 2026-07-17 18:48:33.067  2992  2992 I A02900/R1Api24Probe: E1_BUFFER_SAMPLE|round=8|sample=5|length=4|leftSentinel=76|rightSentinel=179|hash=4224642741|guards=true|nativeTid=2992
CST 2026-07-17 18:48:33.067  2992  2992 I A02900/R1Api24Probe: E1_BUFFER_SAMPLE|round=8|sample=6|length=5|leftSentinel=77|rightSentinel=178|hash=1007183048|guards=true|nativeTid=2992
CST 2026-07-17 18:48:33.067  2992  2992 I A02900/R1Api24Probe: E1_BUFFER_SAMPLE|round=8|sample=7|length=6|leftSentinel=78|rightSentinel=177|hash=2559542776|guards=true|nativeTid=2992
CST 2026-07-17 18:48:33.067  2992  2992 I A02900/R1Api24Probe: E1_BUFFER_SAMPLE|round=8|sample=8|length=7|leftSentinel=79|rightSentinel=176|hash=893934083|guards=true|nativeTid=2992
CST 2026-07-17 18:48:33.067  2992  2992 I A02900/R1Api24Probe: E1_BUFFER_SAMPLE|round=8|sample=9|length=8|leftSentinel=80|rightSentinel=175|hash=776232629|guards=true|nativeTid=2992
CST 2026-07-17 18:48:33.067  2992  2992 I A02900/R1Api24Probe: E1_BUFFER_SAMPLE|round=8|sample=10|length=9|leftSentinel=81|rightSentinel=174|hash=444925184|guards=true|nativeTid=2992
CST 2026-07-17 18:48:33.068  2992  2992 I A02900/R1Api24Probe: E1_BUFFER_SAMPLE|round=8|sample=11|length=10|leftSentinel=82|rightSentinel=173|hash=1838572492|guards=true|nativeTid=2992
CST 2026-07-17 18:48:33.068  2992  2992 I A02900/R1Api24Probe: E1_BUFFER_SAMPLE|round=8|sample=12|length=11|leftSentinel=83|rightSentinel=172|hash=833330207|guards=true|nativeTid=2992
CST 2026-07-17 18:48:33.068  2992  2992 I A02900/R1Api24Probe: E1_BUFFER_SAMPLE|round=8|sample=13|length=12|leftSentinel=84|rightSentinel=171|hash=2966658565|guards=true|nativeTid=2992
CST 2026-07-17 18:48:33.068  2992  2992 I A02900/R1Api24Probe: E1_BUFFER_SAMPLE|round=8|sample=14|length=13|leftSentinel=85|rightSentinel=170|hash=1229904088|guards=true|nativeTid=2992
CST 2026-07-17 18:48:33.068  2992  2992 I A02900/R1Api24Probe: E1_BUFFER_SAMPLE|round=8|sample=15|length=14|leftSentinel=86|rightSentinel=169|hash=198025424|guards=true|nativeTid=2992
CST 2026-07-17 18:48:33.068  2992  2992 I A02900/R1Api24Probe: E1_BUFFER_SAMPLE|round=8|sample=16|length=15|leftSentinel=87|rightSentinel=168|hash=3179741811|guards=true|nativeTid=2992
CST 2026-07-17 18:48:33.068  2992  2992 I A02900/R1Api24Probe: E1_BUFFER_SAMPLE|round=8|sample=17|length=16|leftSentinel=88|rightSentinel=167|hash=1292071685|guards=true|nativeTid=2992
CST 2026-07-17 18:48:33.068  2992  2992 I A02900/R1Api24Probe: E1_BUFFER_SAMPLE|round=8|sample=18|length=17|leftSentinel=89|rightSentinel=166|hash=1655830960|guards=true|nativeTid=2992
CST 2026-07-17 18:48:33.068  2992  2992 I A02900/R1Api24Probe: E1_BUFFER_SAMPLE|round=8|sample=19|length=18|leftSentinel=90|rightSentinel=165|hash=1500231476|guards=true|nativeTid=2992
CST 2026-07-17 18:48:33.068  2992  2992 I A02900/R1Api24Probe: E1_BUFFER_SAMPLE|round=8|sample=20|length=19|leftSentinel=91|rightSentinel=164|hash=3736660415|guards=true|nativeTid=2992
CST 2026-07-17 18:48:33.068  2992  2992 I A02900/R1Api24Probe: E1_BUFFER_SAMPLE|round=8|sample=21|length=20|leftSentinel=92|rightSentinel=163|hash=3486230549|guards=true|nativeTid=2992
CST 2026-07-17 18:48:33.068  2992  2992 I A02900/R1Api24Probe: E1_BUFFER_SAMPLE|round=8|sample=22|length=21|leftSentinel=93|rightSentinel=162|hash=1000630856|guards=true|nativeTid=2992
CST 2026-07-17 18:48:33.068  2992  2992 I A02900/R1Api24Probe: E1_BUFFER_SAMPLE|round=8|sample=23|length=22|leftSentinel=94|rightSentinel=161|hash=1026854824|guards=true|nativeTid=2992
CST 2026-07-17 18:48:33.068  2992  2992 I A02900/R1Api24Probe: E1_BUFFER_SAMPLE|round=8|sample=24|length=23|leftSentinel=95|rightSentinel=160|hash=2857681283|guards=true|nativeTid=2992
CST 2026-07-17 18:48:33.068  2992  2992 I A02900/R1Api24Probe: E1_BUFFER_SAMPLE|round=8|sample=25|length=24|leftSentinel=96|rightSentinel=159|hash=3823278133|guards=true|nativeTid=2992
CST 2026-07-17 18:48:33.068  2992  2992 I A02900/R1Api24Probe: E1_BUFFER_SAMPLE|round=8|sample=26|length=25|leftSentinel=97|rightSentinel=158|hash=97374176|guards=true|nativeTid=2992
CST 2026-07-17 18:48:33.068  2992  2992 I A02900/R1Api24Probe: E1_BUFFER_SAMPLE|round=8|sample=27|length=26|leftSentinel=98|rightSentinel=157|hash=3477192348|guards=true|nativeTid=2992
CST 2026-07-17 18:48:33.068  2992  2992 I A02900/R1Api24Probe: E1_BUFFER_SAMPLE|round=8|sample=28|length=27|leftSentinel=99|rightSentinel=156|hash=4075917535|guards=true|nativeTid=2992
CST 2026-07-17 18:48:33.069  2992  2992 I A02900/R1Api24Probe: E1_BUFFER_SAMPLE|round=8|sample=29|length=28|leftSentinel=100|rightSentinel=155|hash=2859960229|guards=true|nativeTid=2992
CST 2026-07-17 18:48:33.069  2992  2992 I A02900/R1Api24Probe: E1_BUFFER_SAMPLE|round=8|sample=30|length=29|leftSentinel=101|rightSentinel=154|hash=2985881944|guards=true|nativeTid=2992
CST 2026-07-17 18:48:33.069  2992  2992 I A02900/R1Api24Probe: E1_BUFFER_SAMPLE|round=8|sample=31|length=30|leftSentinel=102|rightSentinel=153|hash=1167773856|guards=true|nativeTid=2992
CST 2026-07-17 18:48:33.069  2992  2992 I A02900/R1Api24Probe: E1_BUFFER_SAMPLE|round=8|sample=32|length=31|leftSentinel=103|rightSentinel=152|hash=3519132499|guards=true|nativeTid=2992
CST 2026-07-17 18:48:33.069  2992  2992 I A02900/R1Api24Probe: E1_BUFFER_SAMPLE|round=8|sample=33|length=32|leftSentinel=104|rightSentinel=151|hash=1795490949|guards=true|nativeTid=2992
CST 2026-07-17 18:48:33.069  2992  2992 I A02900/R1Api24Probe: E1_BUFFER_SAMPLE|round=8|sample=34|length=33|leftSentinel=105|rightSentinel=150|hash=2402270224|guards=true|nativeTid=2992
CST 2026-07-17 18:48:33.069  2992  2992 I A02900/R1Api24Probe: E1_BUFFER_SAMPLE|round=8|sample=35|length=34|leftSentinel=106|rightSentinel=149|hash=3652164292|guards=true|nativeTid=2992
CST 2026-07-17 18:48:33.069  2992  2992 I A02900/R1Api24Probe: E1_BUFFER_SAMPLE|round=8|sample=36|length=35|leftSentinel=107|rightSentinel=148|hash=807636799|guards=true|nativeTid=2992
CST 2026-07-17 18:48:33.069  2992  2992 I A02900/R1Api24Probe: E1_BUFFER_SAMPLE|round=8|sample=37|length=36|leftSentinel=108|rightSentinel=147|hash=880321781|guards=true|nativeTid=2992
CST 2026-07-17 18:48:33.069  2992  2992 I A02900/R1Api24Probe: E1_BUFFER_SAMPLE|round=8|sample=38|length=37|leftSentinel=109|rightSentinel=146|hash=2186179144|guards=true|nativeTid=2992
CST 2026-07-17 18:48:33.069  2992  2992 I A02900/R1Api24Probe: E1_BUFFER_SAMPLE|round=8|sample=39|length=38|leftSentinel=110|rightSentinel=145|hash=3594513688|guards=true|nativeTid=2992
CST 2026-07-17 18:48:33.069  2992  2992 I A02900/R1Api24Probe: E1_BUFFER_SAMPLE|round=8|sample=40|length=39|leftSentinel=111|rightSentinel=144|hash=3165034691|guards=true|nativeTid=2992
CST 2026-07-17 18:48:33.069  2992  2992 I A02900/R1Api24Probe: E1_BUFFER_SAMPLE|round=8|sample=41|length=40|leftSentinel=112|rightSentinel=143|hash=1619101301|guards=true|nativeTid=2992
CST 2026-07-17 18:48:33.069  2992  2992 I A02900/R1Api24Probe: E1_BUFFER_SAMPLE|round=8|sample=42|length=41|leftSentinel=113|rightSentinel=142|hash=3919956544|guards=true|nativeTid=2992
CST 2026-07-17 18:48:33.069  2992  2992 I A02900/R1Api24Probe: E1_BUFFER_SAMPLE|round=8|sample=43|length=42|leftSentinel=114|rightSentinel=141|hash=2924713964|guards=true|nativeTid=2992
CST 2026-07-17 18:48:33.069  2992  2992 I A02900/R1Api24Probe: E1_BUFFER_SAMPLE|round=8|sample=44|length=43|leftSentinel=115|rightSentinel=140|hash=3199353119|guards=true|nativeTid=2992
CST 2026-07-17 18:48:33.070  2992  2992 I A02900/R1Api24Probe: E1_BUFFER_SAMPLE|round=8|sample=45|length=44|leftSentinel=116|rightSentinel=139|hash=1374432325|guards=true|nativeTid=2992
CST 2026-07-17 18:48:33.070  2992  2992 I A02900/R1Api24Probe: E1_BUFFER_SAMPLE|round=8|sample=46|length=45|leftSentinel=117|rightSentinel=138|hash=3440150232|guards=true|nativeTid=2992
CST 2026-07-17 18:48:33.070  2992  2992 I A02900/R1Api24Probe: E1_BUFFER_SAMPLE|round=8|sample=47|length=46|leftSentinel=118|rightSentinel=137|hash=1395998448|guards=true|nativeTid=2992
CST 2026-07-17 18:48:33.070  2992  2992 I A02900/R1Api24Probe: E1_BUFFER_SAMPLE|round=8|sample=48|length=47|leftSentinel=119|rightSentinel=136|hash=3786953715|guards=true|nativeTid=2992
CST 2026-07-17 18:48:33.070  2992  2992 I A02900/R1Api24Probe: E1_BUFFER_SAMPLE|round=8|sample=49|length=48|leftSentinel=120|rightSentinel=135|hash=3438356805|guards=true|nativeTid=2992
CST 2026-07-17 18:48:33.070  2992  2992 I A02900/R1Api24Probe: E1_BUFFER_SAMPLE|round=8|sample=50|length=49|leftSentinel=121|rightSentinel=134|hash=2218172400|guards=true|nativeTid=2992
CST 2026-07-17 18:48:33.070  2992  2992 I A02900/R1Api24Probe: E1_BUFFER_SAMPLE|round=8|sample=51|length=50|leftSentinel=122|rightSentinel=133|hash=1290875540|guards=true|nativeTid=2992
CST 2026-07-17 18:48:33.070  2992  2992 I A02900/R1Api24Probe: E1_BUFFER_SAMPLE|round=8|sample=52|length=51|leftSentinel=123|rightSentinel=132|hash=1947520767|guards=true|nativeTid=2992
CST 2026-07-17 18:48:33.070  2992  2992 I A02900/R1Api24Probe: E1_BUFFER_SAMPLE|round=8|sample=53|length=52|leftSentinel=124|rightSentinel=131|hash=2341589973|guards=true|nativeTid=2992
CST 2026-07-17 18:48:33.070  2992  2992 I A02900/R1Api24Probe: E1_BUFFER_SAMPLE|round=8|sample=54|length=53|leftSentinel=125|rightSentinel=130|hash=3126207048|guards=true|nativeTid=2992
CST 2026-07-17 18:48:33.070  2992  2992 I A02900/R1Api24Probe: E1_BUFFER_SAMPLE|round=8|sample=55|length=54|leftSentinel=126|rightSentinel=129|hash=1146842824|guards=true|nativeTid=2992
CST 2026-07-17 18:48:33.070  2992  2992 I A02900/R1Api24Probe: E1_BUFFER_SAMPLE|round=8|sample=56|length=55|leftSentinel=127|rightSentinel=128|hash=3271565763|guards=true|nativeTid=2992
CST 2026-07-17 18:48:33.070  2992  2992 I A02900/R1Api24Probe: E1_BUFFER_SAMPLE|round=8|sample=57|length=56|leftSentinel=128|rightSentinel=127|hash=1853813877|guards=true|nativeTid=2992
CST 2026-07-17 18:48:33.070  2992  2992 I A02900/R1Api24Probe: E1_BUFFER_SAMPLE|round=8|sample=58|length=57|leftSentinel=129|rightSentinel=126|hash=2946451040|guards=true|nativeTid=2992
CST 2026-07-17 18:48:33.071  2992  2992 I A02900/R1Api24Probe: E1_BUFFER_SAMPLE|round=8|sample=59|length=58|leftSentinel=130|rightSentinel=125|hash=2590280188|guards=true|nativeTid=2992
CST 2026-07-17 18:48:33.071  2992  2992 I A02900/R1Api24Probe: E1_BUFFER_SAMPLE|round=8|sample=60|length=59|leftSentinel=131|rightSentinel=124|hash=1143773343|guards=true|nativeTid=2992
CST 2026-07-17 18:48:33.071  2992  2992 I A02900/R1Api24Probe: E1_BUFFER_SAMPLE|round=8|sample=61|length=60|leftSentinel=132|rightSentinel=123|hash=1286068581|guards=true|nativeTid=2992
CST 2026-07-17 18:48:33.071  2992  2992 I A02900/R1Api24Probe: E1_BUFFER_SAMPLE|round=8|sample=62|length=61|leftSentinel=133|rightSentinel=122|hash=3837653464|guards=true|nativeTid=2992
CST 2026-07-17 18:48:33.071  2992  2992 I A02900/R1Api24Probe: E1_BUFFER_SAMPLE|round=8|sample=63|length=62|leftSentinel=134|rightSentinel=121|hash=8289664|guards=true|nativeTid=2992
CST 2026-07-17 18:48:33.071  2992  2992 I A02900/R1Api24Probe: E1_BUFFER_SAMPLE|round=8|sample=64|length=63|leftSentinel=135|rightSentinel=120|hash=458746131|guards=true|nativeTid=2992
CST 2026-07-17 18:48:33.071  2992  2992 I A02900/R1Api24Probe: E1_BUFFER_SAMPLE|round=8|sample=65|length=64|leftSentinel=136|rightSentinel=119|hash=329740741|guards=true|nativeTid=2992
CST 2026-07-17 18:48:33.071  2992  2992 I A02900/R1Api24Probe: E1_BUFFER_SAMPLE|round=8|sample=66|length=65|leftSentinel=137|rightSentinel=118|hash=3642742928|guards=true|nativeTid=2992
CST 2026-07-17 18:48:33.071  2992  2992 I A02900/R1Api24Probe: E1_BUFFER_SAMPLE|round=8|sample=67|length=66|leftSentinel=138|rightSentinel=117|hash=1454978788|guards=true|nativeTid=2992
CST 2026-07-17 18:48:33.071  2992  2992 I A02900/R1Api24Probe: E1_BUFFER_SAMPLE|round=8|sample=68|length=67|leftSentinel=139|rightSentinel=116|hash=695383231|guards=true|nativeTid=2992
CST 2026-07-17 18:48:33.071  2992  2992 I A02900/R1Api24Probe: E1_BUFFER_SAMPLE|round=8|sample=69|length=68|leftSentinel=140|rightSentinel=115|hash=2856839093|guards=true|nativeTid=2992
CST 2026-07-17 18:48:33.072  2992  2992 I A02900/R1Api24Probe: E1_BUFFER_SAMPLE|round=8|sample=70|length=69|leftSentinel=141|rightSentinel=114|hash=2270709064|guards=true|nativeTid=2992
CST 2026-07-17 18:48:33.072  2992  2992 I A02900/R1Api24Probe: E1_BUFFER_SAMPLE|round=8|sample=71|length=70|leftSentinel=142|rightSentinel=113|hash=204089784|guards=true|nativeTid=2992
CST 2026-07-17 18:48:33.072  2992  2992 I A02900/R1Api24Probe: E1_BUFFER_SAMPLE|round=8|sample=72|length=71|leftSentinel=143|rightSentinel=112|hash=3386512899|guards=true|nativeTid=2992
CST 2026-07-17 18:48:33.072  2992  2992 I A02900/R1Api24Probe: E1_BUFFER_SAMPLE|round=8|sample=73|length=72|leftSentinel=144|rightSentinel=111|hash=472435381|guards=true|nativeTid=2992
CST 2026-07-17 18:48:33.072  2992  2992 I A02900/R1Api24Probe: E1_BUFFER_SAMPLE|round=8|sample=74|length=73|leftSentinel=145|rightSentinel=110|hash=1831935360|guards=true|nativeTid=2992
CST 2026-07-17 18:48:33.072  2992  2992 I A02900/R1Api24Probe: E1_BUFFER_SAMPLE|round=8|sample=75|length=74|leftSentinel=146|rightSentinel=109|hash=1575568908|guards=true|nativeTid=2992
CST 2026-07-17 18:48:33.072  2992  2992 I A02900/R1Api24Probe: E1_BUFFER_SAMPLE|round=8|sample=76|length=75|leftSentinel=147|rightSentinel=108|hash=2453167263|guards=true|nativeTid=2992
CST 2026-07-17 18:48:33.072  2992  2992 I A02900/R1Api24Probe: E1_BUFFER_SAMPLE|round=8|sample=77|length=76|leftSentinel=148|rightSentinel=107|hash=2467800581|guards=true|nativeTid=2992
CST 2026-07-17 18:48:33.072  2992  2992 I A02900/R1Api24Probe: E1_BUFFER_SAMPLE|round=8|sample=78|length=77|leftSentinel=149|rightSentinel=106|hash=3134693336|guards=true|nativeTid=2992
CST 2026-07-17 18:48:33.072  2992  2992 I A02900/R1Api24Probe: E1_BUFFER_SAMPLE|round=8|sample=79|length=78|leftSentinel=150|rightSentinel=105|hash=1036998928|guards=true|nativeTid=2992
CST 2026-07-17 18:48:33.072  2992  2992 I A02900/R1Api24Probe: E1_BUFFER_SAMPLE|round=8|sample=80|length=79|leftSentinel=151|rightSentinel=104|hash=1746929651|guards=true|nativeTid=2992
CST 2026-07-17 18:48:33.072  2992  2992 I A02900/R1Api24Probe: E1_BUFFER_SAMPLE|round=8|sample=81|length=80|leftSentinel=152|rightSentinel=103|hash=4076502789|guards=true|nativeTid=2992
CST 2026-07-17 18:48:33.072  2992  2992 I A02900/R1Api24Probe: E1_BUFFER_SAMPLE|round=8|sample=82|length=81|leftSentinel=153|rightSentinel=102|hash=3878698160|guards=true|nativeTid=2992
CST 2026-07-17 18:48:33.073  2992  2992 I A02900/R1Api24Probe: E1_BUFFER_SAMPLE|round=8|sample=83|length=82|leftSentinel=154|rightSentinel=101|hash=1146641652|guards=true|nativeTid=2992
CST 2026-07-17 18:48:33.073  2992  2992 I A02900/R1Api24Probe: E1_BUFFER_SAMPLE|round=8|sample=84|length=83|leftSentinel=155|rightSentinel=100|hash=1904828223|guards=true|nativeTid=2992
CST 2026-07-17 18:48:33.073  2992  2992 I A02900/R1Api24Probe: E1_BUFFER_SAMPLE|round=8|sample=85|length=84|leftSentinel=156|rightSentinel=99|hash=2077587349|guards=true|nativeTid=2992
CST 2026-07-17 18:48:33.073  2992  2992 I A02900/R1Api24Probe: E1_BUFFER_SAMPLE|round=8|sample=86|length=85|leftSentinel=157|rightSentinel=98|hash=3223960776|guards=true|nativeTid=2992
CST 2026-07-17 18:48:33.073  2992  2992 I A02900/R1Api24Probe: E1_BUFFER_SAMPLE|round=8|sample=87|length=86|leftSentinel=158|rightSentinel=97|hash=3737431528|guards=true|nativeTid=2992
CST 2026-07-17 18:48:33.073  2992  2992 I A02900/R1Api24Probe: E1_BUFFER_SAMPLE|round=8|sample=88|length=87|leftSentinel=159|rightSentinel=96|hash=3493640579|guards=true|nativeTid=2992
CST 2026-07-17 18:48:33.073  2992  2992 I A02900/R1Api24Probe: E1_BUFFER_SAMPLE|round=8|sample=89|length=88|leftSentinel=160|rightSentinel=95|hash=1364554933|guards=true|nativeTid=2992
CST 2026-07-17 18:48:33.073  2992  2992 I A02900/R1Api24Probe: E1_BUFFER_SAMPLE|round=8|sample=90|length=89|leftSentinel=161|rightSentinel=94|hash=1347116256|guards=true|nativeTid=2992
CST 2026-07-17 18:48:33.073  2992  2992 I A02900/R1Api24Probe: E1_BUFFER_SAMPLE|round=8|sample=91|length=90|leftSentinel=162|rightSentinel=93|hash=2431435100|guards=true|nativeTid=2992
CST 2026-07-17 18:48:33.073  2992  2992 I A02900/R1Api24Probe: E1_BUFFER_SAMPLE|round=8|sample=92|length=91|leftSentinel=163|rightSentinel=92|hash=403853023|guards=true|nativeTid=2992
CST 2026-07-17 18:48:33.073  2992  2992 I A02900/R1Api24Probe: E1_BUFFER_SAMPLE|round=8|sample=93|length=92|leftSentinel=164|rightSentinel=91|hash=1593322277|guards=true|nativeTid=2992
CST 2026-07-17 18:48:33.073  2992  2992 I A02900/R1Api24Probe: E1_BUFFER_SAMPLE|round=8|sample=94|length=93|leftSentinel=165|rightSentinel=90|hash=2133724376|guards=true|nativeTid=2992
CST 2026-07-17 18:48:33.073  2992  2992 I A02900/R1Api24Probe: E1_BUFFER_SAMPLE|round=8|sample=95|length=94|leftSentinel=166|rightSentinel=89|hash=3259374176|guards=true|nativeTid=2992
CST 2026-07-17 18:48:33.073  2992  2992 I A02900/R1Api24Probe: E1_BUFFER_SAMPLE|round=8|sample=96|length=95|leftSentinel=167|rightSentinel=88|hash=3933871699|guards=true|nativeTid=2992
CST 2026-07-17 18:48:33.074  2992  2992 I A02900/R1Api24Probe: E1_BUFFER_SAMPLE|round=8|sample=97|length=96|leftSentinel=168|rightSentinel=87|hash=4225243909|guards=true|nativeTid=2992
CST 2026-07-17 18:48:33.074  2992  2992 I A02900/R1Api24Probe: E1_BUFFER_SAMPLE|round=8|sample=98|length=97|leftSentinel=169|rightSentinel=86|hash=221197584|guards=true|nativeTid=2992
CST 2026-07-17 18:48:33.074  2992  2992 I A02900/R1Api24Probe: E1_BUFFER_SAMPLE|round=8|sample=99|length=98|leftSentinel=170|rightSentinel=85|hash=2476022788|guards=true|nativeTid=2992
CST 2026-07-17 18:48:33.074  2992  2992 I A02900/R1Api24Probe: E1_BUFFER_SAMPLE|round=8|sample=100|length=99|leftSentinel=171|rightSentinel=84|hash=1335433535|guards=true|nativeTid=2992
CST 2026-07-17 18:48:33.074  2992  2992 I A02900/R1Api24Probe: E1_FD_CREATED|fdA=37|fdB=38|creatorTid=2992|owner=ArkTS
CST 2026-07-17 18:48:33.074  2992  2992 I A02900/R1Api24Probe: E1_FD_RESULT|round=8|fdA=37|fdB=38|duplicateFd=39|written=23|read=23|payload=fd-round-08-sentinel-28|payloadHash=3915913625|closeA=0|closeDuplicate=0|closeB=0|duplicateCloseA=-1|errnoA=9|duplicateCloseB=-1|errnoB=9|owner=closed-by-native|nativeTid=2992
CST 2026-07-17 18:48:33.074   634  2365 I C02515/DISP: [InitBufferHandle:229] express init gbuffer id 93d00000050 ret 0 err 0 fd 6 114 114 pixel 4 size 51984 usage 2b
CST 2026-07-17 18:48:33.074   634  2365 I C02515/DISP: [ExpressAllocMem:271] ExpressAllocMem requeset BufferHandle 6, width 114, heigt 114, format 20
CST 2026-07-17 18:48:33.074  2992  3220 I A02900/R1Api24Probe: E1_PTHREAD_START|round=8|producerTid=3220
CST 2026-07-17 18:48:33.074  2992  3220 I A02900/R1Api24Probe: E1_PTHREAD_FINISH|round=8|producerTid=3220|queued=100|status=0
CST 2026-07-17 18:48:33.074  2992  2992 I A02900/R1Api24Probe: E1_CALLBACK_SAMPLE|round=8|sequence=1|producerTid=3220|consumerTid=2992|payload=r08-s001-xa7|hash=1990011473|valid=true
CST 2026-07-17 18:48:33.074  2992  2992 I A02900/R1Api24Probe: E1_CALLBACK_SAMPLE|round=8|sequence=2|producerTid=3220|consumerTid=2992|payload=r08-s002-xc6|hash=687301769|valid=true
CST 2026-07-17 18:48:33.074  2992  2992 I A02900/R1Api24Probe: E1_CALLBACK_SAMPLE|round=8|sequence=3|producerTid=3220|consumerTid=2992|payload=r08-s003-xe5|hash=3571825317|valid=true
CST 2026-07-17 18:48:33.074  2992  2992 I A02900/R1Api24Probe: E1_CALLBACK_SAMPLE|round=8|sequence=4|producerTid=3220|consumerTid=2992|payload=r08-s004-x04|hash=1673581446|valid=true
CST 2026-07-17 18:48:33.074  2992  2992 I A02900/R1Api24Probe: E1_CALLBACK_SAMPLE|round=8|sequence=5|producerTid=3220|consumerTid=2992|payload=r08-s005-x23|hash=3139277686|valid=true
CST 2026-07-17 18:48:33.074  2992  2992 I A02900/R1Api24Probe: E1_CALLBACK_SAMPLE|round=8|sequence=6|producerTid=3220|consumerTid=2992|payload=r08-s006-x42|hash=2186758114|valid=true
CST 2026-07-17 18:48:33.075  2992  2992 I A02900/R1Api24Probe: E1_CALLBACK_SAMPLE|round=8|sequence=7|producerTid=3220|consumerTid=2992|payload=r08-s007-x61|hash=2389789942|valid=true
CST 2026-07-17 18:48:33.075  2992  2992 I A02900/R1Api24Probe: E1_CALLBACK_SAMPLE|round=8|sequence=8|producerTid=3220|consumerTid=2992|payload=r08-s008-x80|hash=837029982|valid=true
CST 2026-07-17 18:48:33.075  2992  2992 I A02900/R1Api24Probe: E1_CALLBACK_SAMPLE|round=8|sequence=9|producerTid=3220|consumerTid=2992|payload=r08-s009-x9f|hash=2374977630|valid=true
CST 2026-07-17 18:48:33.075  2992  2992 I A02900/R1Api24Probe: E1_CALLBACK_SAMPLE|round=8|sequence=10|producerTid=3220|consumerTid=2992|payload=r08-s010-xbe|hash=41711334|valid=true
CST 2026-07-17 18:48:33.075  2992  2992 I A02900/R1Api24Probe: E1_CALLBACK_SAMPLE|round=8|sequence=11|producerTid=3220|consumerTid=2992|payload=r08-s011-xdd|hash=936451944|valid=true
CST 2026-07-17 18:48:33.075  2992  2992 I A02900/R1Api24Probe: E1_CALLBACK_SAMPLE|round=8|sequence=12|producerTid=3220|consumerTid=2992|payload=r08-s012-xfc|hash=3013232722|valid=true
CST 2026-07-17 18:48:33.075  2992  2992 I A02900/R1Api24Probe: E1_CALLBACK_SAMPLE|round=8|sequence=13|producerTid=3220|consumerTid=2992|payload=r08-s013-x1b|hash=130312297|valid=true
CST 2026-07-17 18:48:33.075  2992  2992 I A02900/R1Api24Probe: E1_CALLBACK_SAMPLE|round=8|sequence=14|producerTid=3220|consumerTid=2992|payload=r08-s014-x3a|hash=2218017371|valid=true
CST 2026-07-17 18:48:33.075  2992  2992 I A02900/R1Api24Probe: E1_CALLBACK_SAMPLE|round=8|sequence=15|producerTid=3220|consumerTid=2992|payload=r08-s015-x59|hash=4015243318|valid=true
CST 2026-07-17 18:48:33.075  2992  2992 I A02900/R1Api24Probe: E1_CALLBACK_SAMPLE|round=8|sequence=16|producerTid=3220|consumerTid=2992|payload=r08-s016-x78|hash=3028814018|valid=true
CST 2026-07-17 18:48:33.075  2992  2992 I A02900/R1Api24Probe: E1_CALLBACK_SAMPLE|round=8|sequence=17|producerTid=3220|consumerTid=2992|payload=r08-s017-x97|hash=608780926|valid=true
CST 2026-07-17 18:48:33.075  2992  2992 I A02900/R1Api24Probe: E1_CALLBACK_SAMPLE|round=8|sequence=18|producerTid=3220|consumerTid=2992|payload=r08-s018-xb6|hash=2045669883|valid=true
CST 2026-07-17 18:48:33.075  2992  2992 I A02900/R1Api24Probe: E1_CALLBACK_SAMPLE|round=8|sequence=19|producerTid=3220|consumerTid=2992|payload=r08-s019-xd5|hash=4000247331|valid=true
CST 2026-07-17 18:48:33.075  2992  2992 I A02900/R1Api24Probe: E1_CALLBACK_SAMPLE|round=8|sequence=20|producerTid=3220|consumerTid=2992|payload=r08-s020-xf4|hash=2179325694|valid=true
CST 2026-07-17 18:48:33.075  2992  2992 I A02900/R1Api24Probe: E1_CALLBACK_SAMPLE|round=8|sequence=21|producerTid=3220|consumerTid=2992|payload=r08-s021-x13|hash=765252391|valid=true
CST 2026-07-17 18:48:33.075  2992  2992 I A02900/R1Api24Probe: E1_CALLBACK_SAMPLE|round=8|sequence=22|producerTid=3220|consumerTid=2992|payload=r08-s022-x32|hash=2586495623|valid=true
CST 2026-07-17 18:48:33.075  2992  2992 I A02900/R1Api24Probe: E1_CALLBACK_SAMPLE|round=8|sequence=23|producerTid=3220|consumerTid=2992|payload=r08-s023-x51|hash=551922731|valid=true
CST 2026-07-17 18:48:33.075  2992  2992 I A02900/R1Api24Probe: E1_CALLBACK_SAMPLE|round=8|sequence=24|producerTid=3220|consumerTid=2992|payload=r08-s024-x70|hash=1282708127|valid=true
CST 2026-07-17 18:48:33.075  2992  2992 I A02900/R1Api24Probe: E1_CALLBACK_SAMPLE|round=8|sequence=25|producerTid=3220|consumerTid=2992|payload=r08-s025-x8f|hash=708536841|valid=true
CST 2026-07-17 18:48:33.075  2992  2992 I A02900/R1Api24Probe: E1_CALLBACK_SAMPLE|round=8|sequence=26|producerTid=3220|consumerTid=2992|payload=r08-s026-xae|hash=4177020252|valid=true
CST 2026-07-17 18:48:33.075  2992  2992 I A02900/R1Api24Probe: E1_CALLBACK_SAMPLE|round=8|sequence=27|producerTid=3220|consumerTid=2992|payload=r08-s027-xcd|hash=3204650550|valid=true
CST 2026-07-17 18:48:33.075  2992  2992 I A02900/R1Api24Probe: E1_CALLBACK_SAMPLE|round=8|sequence=28|producerTid=3220|consumerTid=2992|payload=r08-s028-xec|hash=3157640048|valid=true
CST 2026-07-17 18:48:33.075  2992  2992 I A02900/R1Api24Probe: E1_CALLBACK_SAMPLE|round=8|sequence=29|producerTid=3220|consumerTid=2992|payload=r08-s029-x0b|hash=1842578257|valid=true
CST 2026-07-17 18:48:33.076  2992  2992 I A02900/R1Api24Probe: E1_CALLBACK_SAMPLE|round=8|sequence=30|producerTid=3220|consumerTid=2992|payload=r08-s030-x2a|hash=1187278724|valid=true
CST 2026-07-17 18:48:33.076  2992  2992 I A02900/R1Api24Probe: E1_CALLBACK_SAMPLE|round=8|sequence=31|producerTid=3220|consumerTid=2992|payload=r08-s031-x49|hash=3912856589|valid=true
CST 2026-07-17 18:48:33.076  2992  2992 I A02900/R1Api24Probe: E1_CALLBACK_SAMPLE|round=8|sequence=32|producerTid=3220|consumerTid=2992|payload=r08-s032-x68|hash=5316765|valid=true
CST 2026-07-17 18:48:33.076  2992  2992 I A02900/R1Api24Probe: E1_CALLBACK_SAMPLE|round=8|sequence=33|producerTid=3220|consumerTid=2992|payload=r08-s033-x87|hash=4022585825|valid=true
CST 2026-07-17 18:48:33.076  2992  2992 I A02900/R1Api24Probe: E1_CALLBACK_SAMPLE|round=8|sequence=34|producerTid=3220|consumerTid=2992|payload=r08-s034-xa6|hash=1984079394|valid=true
CST 2026-07-17 18:48:33.076  2992  2992 I A02900/R1Api24Probe: E1_CALLBACK_SAMPLE|round=8|sequence=35|producerTid=3220|consumerTid=2992|payload=r08-s035-xc5|hash=2917351146|valid=true
CST 2026-07-17 18:48:33.076  2992  2992 I A02900/R1Api24Probe: E1_CALLBACK_SAMPLE|round=8|sequence=36|producerTid=3220|consumerTid=2992|payload=r08-s036-xe4|hash=1496233998|valid=true
CST 2026-07-17 18:48:33.076  2992  2992 I A02900/R1Api24Probe: E1_CALLBACK_SAMPLE|round=8|sequence=37|producerTid=3220|consumerTid=2992|payload=r08-s037-x03|hash=858808457|valid=true
CST 2026-07-17 18:48:33.076  2992  2992 I A02900/R1Api24Probe: E1_CALLBACK_SAMPLE|round=8|sequence=38|producerTid=3220|consumerTid=2992|payload=r08-s038-x22|hash=2727270085|valid=true
CST 2026-07-17 18:48:33.076  2992  2992 I A02900/R1Api24Probe: E1_CALLBACK_SAMPLE|round=8|sequence=39|producerTid=3220|consumerTid=2992|payload=r08-s039-x41|hash=146629517|valid=true
CST 2026-07-17 18:48:33.076  2992  2992 I A02900/R1Api24Probe: E1_CALLBACK_SAMPLE|round=8|sequence=40|producerTid=3220|consumerTid=2992|payload=r08-s040-x60|hash=2704906044|valid=true
CST 2026-07-17 18:48:33.076  2992  2992 I A02900/R1Api24Probe: E1_CALLBACK_SAMPLE|round=8|sequence=41|producerTid=3220|consumerTid=2992|payload=r08-s041-x7f|hash=720411628|valid=true
CST 2026-07-17 18:48:33.076  2992  2992 I A02900/R1Api24Probe: E1_CALLBACK_SAMPLE|round=8|sequence=42|producerTid=3220|consumerTid=2992|payload=r08-s042-x9e|hash=2119904394|valid=true
CST 2026-07-17 18:48:33.076  2992  2992 I A02900/R1Api24Probe: E1_CALLBACK_SAMPLE|round=8|sequence=43|producerTid=3220|consumerTid=2992|payload=r08-s043-xbd|hash=2152453081|valid=true
CST 2026-07-17 18:48:33.076  2992  2992 I A02900/R1Api24Probe: E1_CALLBACK_SAMPLE|round=8|sequence=44|producerTid=3220|consumerTid=2992|payload=r08-s044-xdc|hash=869775471|valid=true
CST 2026-07-17 18:48:33.076  2992  2992 I A02900/R1Api24Probe: E1_CALLBACK_SAMPLE|round=8|sequence=45|producerTid=3220|consumerTid=2992|payload=r08-s045-xfb|hash=3590906185|valid=true
CST 2026-07-17 18:48:33.076  2992  2992 I A02900/R1Api24Probe: E1_CALLBACK_SAMPLE|round=8|sequence=46|producerTid=3220|consumerTid=2992|payload=r08-s046-x1a|hash=3136249698|valid=true
CST 2026-07-17 18:48:33.076  2992  2992 I A02900/R1Api24Probe: E1_CALLBACK_SAMPLE|round=8|sequence=47|producerTid=3220|consumerTid=2992|payload=r08-s047-x39|hash=4166675123|valid=true
CST 2026-07-17 18:48:33.076  2992  2992 I A02900/R1Api24Probe: E1_CALLBACK_SAMPLE|round=8|sequence=48|producerTid=3220|consumerTid=2992|payload=r08-s048-x58|hash=1085438695|valid=true
CST 2026-07-17 18:48:33.076  2992  2992 I A02900/R1Api24Probe: E1_CALLBACK_SAMPLE|round=8|sequence=49|producerTid=3220|consumerTid=2992|payload=r08-s049-x77|hash=2320753959|valid=true
CST 2026-07-17 18:48:33.076  2992  2992 I A02900/R1Api24Probe: E1_CALLBACK_SAMPLE|round=8|sequence=50|producerTid=3220|consumerTid=2992|payload=r08-s050-x96|hash=2454166848|valid=true
CST 2026-07-17 18:48:33.076  2992  2992 I A02900/R1Api24Probe: E1_CALLBACK_SAMPLE|round=8|sequence=51|producerTid=3220|consumerTid=2992|payload=r08-s051-xb5|hash=4239319245|valid=true
CST 2026-07-17 18:48:33.076  2992  2992 I A02900/R1Api24Probe: E1_CALLBACK_SAMPLE|round=8|sequence=52|producerTid=3220|consumerTid=2992|payload=r08-s052-xd4|hash=961543293|valid=true
CST 2026-07-17 18:48:33.076  2992  2992 I A02900/R1Api24Probe: E1_CALLBACK_SAMPLE|round=8|sequence=53|producerTid=3220|consumerTid=2992|payload=r08-s053-xf3|hash=2440256873|valid=true
CST 2026-07-17 18:48:33.077  2992  2992 I A02900/R1Api24Probe: E1_CALLBACK_SAMPLE|round=8|sequence=54|producerTid=3220|consumerTid=2992|payload=r08-s054-x12|hash=1556972376|valid=true
CST 2026-07-17 18:48:33.077  2992  2992 I A02900/R1Api24Probe: E1_CALLBACK_SAMPLE|round=8|sequence=55|producerTid=3220|consumerTid=2992|payload=r08-s055-x31|hash=3813252776|valid=true
CST 2026-07-17 18:48:33.077  2992  2992 I A02900/R1Api24Probe: E1_CALLBACK_SAMPLE|round=8|sequence=56|producerTid=3220|consumerTid=2992|payload=r08-s056-x50|hash=682242900|valid=true
CST 2026-07-17 18:48:33.077  2992  2992 I A02900/R1Api24Probe: E1_CALLBACK_SAMPLE|round=8|sequence=57|producerTid=3220|consumerTid=2992|payload=r08-s057-x6f|hash=178240918|valid=true
CST 2026-07-17 18:48:33.077  2992  2992 I A02900/R1Api24Probe: E1_CALLBACK_SAMPLE|round=8|sequence=58|producerTid=3220|consumerTid=2992|payload=r08-s058-x8e|hash=1487286220|valid=true
CST 2026-07-17 18:48:33.077  2992  2992 I A02900/R1Api24Probe: E1_CALLBACK_SAMPLE|round=8|sequence=59|producerTid=3220|consumerTid=2992|payload=r08-s059-xad|hash=4193252065|valid=true
CST 2026-07-17 18:48:33.077  2992  2992 I A02900/R1Api24Probe: E1_CALLBACK_SAMPLE|round=8|sequence=60|producerTid=3220|consumerTid=2992|payload=r08-s060-xcc|hash=2706476966|valid=true
CST 2026-07-17 18:48:33.077  2992  2992 I A02900/R1Api24Probe: E1_CALLBACK_SAMPLE|round=8|sequence=61|producerTid=3220|consumerTid=2992|payload=r08-s061-xeb|hash=2681557228|valid=true
CST 2026-07-17 18:48:33.077  2992  2992 I A02900/R1Api24Probe: E1_CALLBACK_SAMPLE|round=8|sequence=62|producerTid=3220|consumerTid=2992|payload=r08-s062-x0a|hash=1163178613|valid=true
CST 2026-07-17 18:48:33.077  2992  2992 I A02900/R1Api24Probe: E1_CALLBACK_SAMPLE|round=8|sequence=63|producerTid=3220|consumerTid=2992|payload=r08-s063-x29|hash=878985480|valid=true
CST 2026-07-17 18:48:33.077  2992  2992 I A02900/R1Api24Probe: E1_CALLBACK_SAMPLE|round=8|sequence=64|producerTid=3220|consumerTid=2992|payload=r08-s064-x48|hash=2665687736|valid=true
CST 2026-07-17 18:48:33.077  2992  2992 I A02900/R1Api24Probe: E1_CALLBACK_SAMPLE|round=8|sequence=65|producerTid=3220|consumerTid=2992|payload=r08-s065-x67|hash=1437824232|valid=true
CST 2026-07-17 18:48:33.077  2992  2992 I A02900/R1Api24Probe: E1_CALLBACK_SAMPLE|round=8|sequence=66|producerTid=3220|consumerTid=2992|payload=r08-s066-x86|hash=786486188|valid=true
CST 2026-07-17 18:48:33.077  2992  2992 I A02900/R1Api24Probe: E1_CALLBACK_SAMPLE|round=8|sequence=67|producerTid=3220|consumerTid=2992|payload=r08-s067-xa5|hash=1351079883|valid=true
CST 2026-07-17 18:48:33.077  2992  2992 I A02900/R1Api24Probe: E1_CALLBACK_SAMPLE|round=8|sequence=68|producerTid=3220|consumerTid=2992|payload=r08-s068-xc4|hash=3988507447|valid=true
CST 2026-07-17 18:48:33.077  2992  2992 I A02900/R1Api24Probe: E1_CALLBACK_SAMPLE|round=8|sequence=69|producerTid=3220|consumerTid=2992|payload=r08-s069-xe3|hash=2169914455|valid=true
CST 2026-07-17 18:48:33.077  2992  2992 I A02900/R1Api24Probe: E1_CALLBACK_SAMPLE|round=8|sequence=70|producerTid=3220|consumerTid=2992|payload=r08-s070-x02|hash=2958645819|valid=true
CST 2026-07-17 18:48:33.077  2992  2992 I A02900/R1Api24Probe: E1_CALLBACK_SAMPLE|round=8|sequence=71|producerTid=3220|consumerTid=2992|payload=r08-s071-x21|hash=3635581763|valid=true
CST 2026-07-17 18:48:33.077  2992  2992 I A02900/R1Api24Probe: E1_CALLBACK_SAMPLE|round=8|sequence=72|producerTid=3220|consumerTid=2992|payload=r08-s072-x40|hash=4290171211|valid=true
CST 2026-07-17 18:48:33.077  2992  2992 I A02900/R1Api24Probe: E1_CALLBACK_SAMPLE|round=8|sequence=73|producerTid=3220|consumerTid=2992|payload=r08-s073-x5f|hash=2519816147|valid=true
CST 2026-07-17 18:48:33.077  2992  2992 I A02900/R1Api24Probe: E1_CALLBACK_SAMPLE|round=8|sequence=74|producerTid=3220|consumerTid=2992|payload=r08-s074-x7e|hash=73182281|valid=true
CST 2026-07-17 18:48:33.077  2992  2992 I A02900/R1Api24Probe: E1_CALLBACK_SAMPLE|round=8|sequence=75|producerTid=3220|consumerTid=2992|payload=r08-s075-x9d|hash=1876708291|valid=true
CST 2026-07-17 18:48:33.078  2992  2992 I A02900/R1Api24Probe: E1_CALLBACK_SAMPLE|round=8|sequence=76|producerTid=3220|consumerTid=2992|payload=r08-s076-xbc|hash=3788717856|valid=true
CST 2026-07-17 18:48:33.078  2992  2992 I A02900/R1Api24Probe: E1_CALLBACK_SAMPLE|round=8|sequence=77|producerTid=3220|consumerTid=2992|payload=r08-s077-xdb|hash=1493972918|valid=true
CST 2026-07-17 18:48:33.078  2992  2992 I A02900/R1Api24Probe: E1_CALLBACK_SAMPLE|round=8|sequence=78|producerTid=3220|consumerTid=2992|payload=r08-s078-xfa|hash=1022388684|valid=true
CST 2026-07-17 18:48:33.078  2992  2992 I A02900/R1Api24Probe: E1_CALLBACK_SAMPLE|round=8|sequence=79|producerTid=3220|consumerTid=2992|payload=r08-s079-x19|hash=838607224|valid=true
CST 2026-07-17 18:48:33.078  2992  2992 I A02900/R1Api24Probe: E1_CALLBACK_SAMPLE|round=8|sequence=80|producerTid=3220|consumerTid=2992|payload=r08-s080-x38|hash=1882105301|valid=true
CST 2026-07-17 18:48:33.078  2992  2992 I A02900/R1Api24Probe: E1_CALLBACK_SAMPLE|round=8|sequence=81|producerTid=3220|consumerTid=2992|payload=r08-s081-x57|hash=473321309|valid=true
CST 2026-07-17 18:48:33.078  2992  2992 I A02900/R1Api24Probe: E1_CALLBACK_SAMPLE|round=8|sequence=82|producerTid=3220|consumerTid=2992|payload=r08-s082-x76|hash=3447058773|valid=true
CST 2026-07-17 18:48:33.078  2992  2992 I A02900/R1Api24Probe: E1_CALLBACK_SAMPLE|round=8|sequence=83|producerTid=3220|consumerTid=2992|payload=r08-s083-x95|hash=282708185|valid=true
CST 2026-07-17 18:48:33.078  2992  2992 I A02900/R1Api24Probe: E1_CALLBACK_SAMPLE|round=8|sequence=84|producerTid=3220|consumerTid=2992|payload=r08-s084-xb4|hash=2503097476|valid=true
CST 2026-07-17 18:48:33.078  2992  2992 I A02900/R1Api24Probe: E1_CALLBACK_SAMPLE|round=8|sequence=85|producerTid=3220|consumerTid=2992|payload=r08-s085-xd3|hash=2023281460|valid=true
CST 2026-07-17 18:48:33.078  2992  2992 I A02900/R1Api24Probe: E1_CALLBACK_SAMPLE|round=8|sequence=86|producerTid=3220|consumerTid=2992|payload=r08-s086-xf2|hash=552398208|valid=true
CST 2026-07-17 18:48:33.078  2992  2992 I A02900/R1Api24Probe: E1_CALLBACK_SAMPLE|round=8|sequence=87|producerTid=3220|consumerTid=2992|payload=r08-s087-x11|hash=3276811889|valid=true
CST 2026-07-17 18:48:33.078  2992  2992 I A02900/R1Api24Probe: E1_CALLBACK_SAMPLE|round=8|sequence=88|producerTid=3220|consumerTid=2992|payload=r08-s088-x30|hash=4263241189|valid=true
CST 2026-07-17 18:48:33.078  2992  2992 I A02900/R1Api24Probe: E1_CALLBACK_SAMPLE|round=8|sequence=89|producerTid=3220|consumerTid=2992|payload=r08-s089-x4f|hash=3676387791|valid=true
CST 2026-07-17 18:48:33.078  2992  2992 I A02900/R1Api24Probe: E1_CALLBACK_SAMPLE|round=8|sequence=90|producerTid=3220|consumerTid=2992|payload=r08-s090-x6e|hash=3347461714|valid=true
CST 2026-07-17 18:48:33.078  2992  2992 I A02900/R1Api24Probe: E1_CALLBACK_SAMPLE|round=8|sequence=91|producerTid=3220|consumerTid=2992|payload=r08-s091-x8d|hash=2974785388|valid=true
CST 2026-07-17 18:48:33.078  2992  2992 I A02900/R1Api24Probe: E1_CALLBACK_SAMPLE|round=8|sequence=92|producerTid=3220|consumerTid=2992|payload=r08-s092-xac|hash=526750497|valid=true
CST 2026-07-17 18:48:33.078  2992  2992 I A02900/R1Api24Probe: E1_CALLBACK_SAMPLE|round=8|sequence=93|producerTid=3220|consumerTid=2992|payload=r08-s093-xcb|hash=873331299|valid=true
CST 2026-07-17 18:48:33.078  2992  2992 I A02900/R1Api24Probe: E1_CALLBACK_SAMPLE|round=8|sequence=94|producerTid=3220|consumerTid=2992|payload=r08-s094-xea|hash=637192649|valid=true
CST 2026-07-17 18:48:33.078  2992  2992 I A02900/R1Api24Probe: E1_CALLBACK_SAMPLE|round=8|sequence=95|producerTid=3220|consumerTid=2992|payload=r08-s095-x09|hash=3062743967|valid=true
CST 2026-07-17 18:48:33.078  2992  2992 I A02900/R1Api24Probe: E1_CALLBACK_SAMPLE|round=8|sequence=96|producerTid=3220|consumerTid=2992|payload=r08-s096-x28|hash=4126433031|valid=true
CST 2026-07-17 18:48:33.078  2992  2992 I A02900/R1Api24Probe: E1_CALLBACK_SAMPLE|round=8|sequence=97|producerTid=3220|consumerTid=2992|payload=r08-s097-x47|hash=1371055531|valid=true
CST 2026-07-17 18:48:33.078  2992  2992 I A02900/R1Api24Probe: E1_CALLBACK_SAMPLE|round=8|sequence=98|producerTid=3220|consumerTid=2992|payload=r08-s098-x66|hash=4154176151|valid=true
CST 2026-07-17 18:48:33.079  2992  2992 I A02900/R1Api24Probe: E1_CALLBACK_SAMPLE|round=8|sequence=99|producerTid=3220|consumerTid=2992|payload=r08-s099-x85|hash=2507965607|valid=true
CST 2026-07-17 18:48:33.079   634  2365 I C02515/DISP: [ExpressFreeMem:317] freeMem bufferhandle gbuffer_id 93d00000050, width 114, heigt 114
CST 2026-07-17 18:48:33.079  2992  2992 I A02900/R1Api24Probe: E1_CALLBACK_SAMPLE|round=8|sequence=100|producerTid=3220|consumerTid=2992|payload=r08-s100-xa4|hash=494325472|valid=true
CST 2026-07-17 18:48:33.090   634  2365 I C02515/DISP: [InitBufferHandle:229] express init gbuffer id 93d00000051 ret 0 err 0 fd 6 222 222 pixel 4 size 197136 usage 2b
CST 2026-07-17 18:48:33.090   634  2365 I C02515/DISP: [ExpressAllocMem:271] ExpressAllocMem requeset BufferHandle 6, width 222, heigt 222, format 20
CST 2026-07-17 18:48:33.095   634  2365 I C02515/DISP: [ExpressFreeMem:317] freeMem bufferhandle gbuffer_id 93d00000051, width 222, heigt 222
CST 2026-07-17 18:48:33.096  1657  1813 I C02515/DISP: [ExpressFreeMem:317] freeMem bufferhandle gbuffer_id 93d00000050, width 114, heigt 114
CST 2026-07-17 18:48:33.114  1657  1813 I C02515/DISP: [ExpressFreeMem:317] freeMem bufferhandle gbuffer_id 93d00000051, width 222, heigt 222
CST 2026-07-17 18:48:33.121  2721  3207 I C04712/AppGalleryKit: [service_connect(DisConnectWork)]DisConnectWork called, count = 0, taskStaus= 2, userId= -1
CST 2026-07-17 18:48:33.121  2721  3207 I C04712/AppGalleryKit: [service_connect(DoDisConnect)]DoDisConnect called
CST 2026-07-17 18:48:33.121  2721  3207 I C04712/AppGalleryKit: [service_connect(DoDisConnect)]start disConnect
CST 2026-07-17 18:48:33.121  2721  3207 I C01352/ExtMgr: [extension_manager_client.cpp176]call
CST 2026-07-17 18:48:33.122   766  1196 I C01342/ServiceExt: [ABMS5781]Disconnect
CST 2026-07-17 18:48:33.122   766  1196 I C01335/Connection: [CONN118]DisconnectAbility DownInstallServiceExtensionAbility called
CST 2026-07-17 18:48:33.122   766  1196 I C01342/ServiceExt: [base_extension_record.cpp172]DisconnectAbility, bundle:com.huawei.hmsapp.appgallery, ability:DownInstallServiceExtensionAbility.
CST 2026-07-17 18:48:33.122   766  1196 W C01340/Ext: [ABCM520]empty
CST 2026-07-17 18:48:33.122  2721  3207 I C04712/AppGalleryKit: [service_connect(DoDisConnect)]start wait
CST 2026-07-17 18:48:33.122  2721  3207 I C04712/AppGalleryKit: [service_connect(GetConnectTime)]connect called tokenType = 0, requestType = 0
CST 2026-07-17 18:48:33.123  2721  2721 I C01342/ServiceExt: [JSE685]Call onDisconnect
CST 2026-07-17 18:48:33.123  2721  2721 I C01320/JSENV: stopServiceExtensionAbility
CST 2026-07-17 18:48:33.123  2721  2721 I C01342/ServiceExt: [JSEC1344]called
CST 2026-07-17 18:48:33.123  2721  2940 I C01342/ServiceExt: [AMC442]name:DownInstallServiceExtensionAbility com.huawei.hmsapp.appgallery, userId=-1.
CST 2026-07-17 18:48:33.123   766  1166 I C01342/ServiceExt: [ABMS4726]bundlename:com.huawei.hmsapp.appgallery, ability:DownInstallServiceExtensionAbility, userId:-1
CST 2026-07-17 18:48:33.123   766  1166 I C01336/AMS: [start_ability_utils.cpp54]appIndex:-1
CST 2026-07-17 18:48:33.124   766  1196 I C01340/Ext: [ABCM947]schedule disconnect com.huawei.hmsapp.appgallery/DownInstallServiceExtensionAbility
CST 2026-07-17 18:48:33.124   337   409 I C01731/SUSPEND_MSG: [a92ab408811e6ee] called:20020010_com.huawei.hmsapp.appgallery_DownInstallServiceExtensionAbility_2721,caller:20020010_2721_2721,connect:0_1
CST 2026-07-17 18:48:33.124   337   409 E C01713/SUSPEND_MANAGER: [a92ab408811e6ee] [(RemoveAndSendHandlerEvent):1290] suspend manager is not ready.
CST 2026-07-17 18:48:33.125   279   306 I C02699/MM: UpdatePriorityLocked UNBIND: 2721, 20020010, 100, [(766-0)], 11000
CST 2026-07-17 18:48:33.125   337   579 E C01702/CGS: [a92ab408811e6ee] AddTidToCgroup failed to write; fd = 77, errno = 13
CST 2026-07-17 18:48:33.125   337   579 E C01702/CGS: [a92ab408811e6ee] AddTidToCgroup failed to write; fd = 87, errno = 13
CST 2026-07-17 18:48:33.126   766  1166 I C01121/BMSQuery: ExplicitQueryExtension size:1 -n com.huawei.hmsapp.appgallery -e DownInstallServiceExtensionAbility -u 100 -i 0
CST 2026-07-17 18:48:33.127   337   579 I C01702/CgroupAdjuster: [a92ab408811e6ee] ApplyProcessGroup:2721's cgroup from 1 to 0. Reason:20017. Event:26
CST 2026-07-17 18:48:33.127   337   411 I C01704/TagSched: [a92ab408811e6ee] [ReportCgroupInfo]ReportCgroupInfo: pid:2721 from 1 to 0 withSuppressType: 0
CST 2026-07-17 18:48:33.127   337   411 I C01706/ueaServer-FrameMsgIntf: [a92ab408811e6ee] CgroupChanged pid is 2721, uid is 20020010, oldGroup is 1, newGroup is 0
CST 2026-07-17 18:48:33.127   337   411 E C01704/TagSched: [a92ab408811e6ee] [OpenQosCtrl]Failed to open qos_ctrl device
CST 2026-07-17 18:48:33.127   337   411 E C01704/TagSched: [a92ab408811e6ee] [IsQosHandleOpen]get qosSetHandle_ fail
CST 2026-07-17 18:48:33.127   337   411 E C01704/TagSched: [a92ab408811e6ee] [SetQosInternal]qosSetHandle open fail
CST 2026-07-17 18:48:33.127   247   255 E C01707/CONCUR: [a92ab408811e6ee] [TaskControllerInterface] ReportData failed, funcLoader_ load func failed
CST 2026-07-17 18:48:33.127   766  1166 I C01340/Ext: [ABCM257]call
CST 2026-07-17 18:48:33.127  2992  2992 I A02900/R1Api24Probe: E1_ROUND_RESULT|verdict=PASS|round=8|pid=2992|mainTid=2992|producerTid=3220|consumerTid=2992|buffers=100|callbacks=100|fdTransfers=1|bufferHashAggregate=16833241|callbackHashAggregate=2374469709|fdPayloadHash=3915913625|beforeFd=38|afterFd=38|beforeThreads=29|afterThreads=29|monotonicIncrease=false
CST 2026-07-17 18:48:33.128  2992  2992 I A02900/R1Api24Probe: E1_BUFFER_SAMPLE|round=9|sample=1|length=0|leftSentinel=113|rightSentinel=142|hash=2166136261|guards=true|nativeTid=2992
CST 2026-07-17 18:48:33.128  2992  2992 I A02900/R1Api24Probe: E1_BUFFER_SAMPLE|round=9|sample=2|length=1|leftSentinel=114|rightSentinel=141|hash=386693493|guards=true|nativeTid=2992
CST 2026-07-17 18:48:33.128  2992  2992 I A02900/R1Api24Probe: E1_BUFFER_SAMPLE|round=9|sample=3|length=2|leftSentinel=115|rightSentinel=140|hash=162162328|guards=true|nativeTid=2992
CST 2026-07-17 18:48:33.128  2992  2992 I A02900/R1Api24Probe: E1_BUFFER_SAMPLE|round=9|sample=4|length=3|leftSentinel=116|rightSentinel=139|hash=3146878998|guards=true|nativeTid=2992
CST 2026-07-17 18:48:33.128  2992  2992 I A02900/R1Api24Probe: E1_BUFFER_SAMPLE|round=9|sample=5|length=4|leftSentinel=117|rightSentinel=138|hash=1734354333|guards=true|nativeTid=2992
CST 2026-07-17 18:48:33.128  2721  2721 I C01340/Ext: [extension_impl.cpp79]DownInstallServiceExtensionAbility; 2; 0; 0
CST 2026-07-17 18:48:33.128  2721  2760 I C04712/AppGalleryKit: [service_connect(GetConnectionInfo)]GetConnectionInfo, userId=-1
CST 2026-07-17 18:48:33.129  2721  2760 I C04712/AppGalleryKit: [service_connect(OnAbilityDisconnectDone)]OnAbilityDisconnectDone uri: /com.huawei.hmsapp.appgallery//DownInstallServiceExtensionAbility
CST 2026-07-17 18:48:33.129  2721  2760 I C01340/Ext: [ACCS152]disconnect end,DownInstallServiceExtensionAbility
CST 2026-07-17 18:48:33.129  2721  2721 I C01342/ServiceExt: [JSE591]CallFunc(onDestroy)
CST 2026-07-17 18:48:33.129  2721  3207 I C04712/AppGalleryKit: [service_connect(DoDisConnect)]call disconnect finish
CST 2026-07-17 18:48:33.129  2721  3207 I C04712/AppGalleryKit: [service_connect(DoDisConnect)]DoDisConnect end
CST 2026-07-17 18:48:33.130  1657  1813 I C03900/HDS: [hds_drawable_descriptor.cpp-ProcessIcon:101]set pixelmap editable : 0 .
CST 2026-07-17 18:48:33.130  2992  2992 I A02900/R1Api24Probe: E1_BUFFER_SAMPLE|round=9|sample=6|length=5|leftSentinel=118|rightSentinel=137|hash=2817997377|guards=true|nativeTid=2992
CST 2026-07-17 18:48:33.130  2992  2992 I A02900/R1Api24Probe: E1_BUFFER_SAMPLE|round=9|sample=7|length=6|leftSentinel=119|rightSentinel=136|hash=2351004732|guards=true|nativeTid=2992
CST 2026-07-17 18:48:33.130  1657  1813 E C02b61/PixelMap: set ashmem name failed
CST 2026-07-17 18:48:33.130  2992  2992 I A02900/R1Api24Probe: E1_BUFFER_SAMPLE|round=9|sample=8|length=7|leftSentinel=120|rightSentinel=135|hash=3180876518|guards=true|nativeTid=2992
CST 2026-07-17 18:48:33.130  2992  2992 I A02900/R1Api24Probe: E1_BUFFER_SAMPLE|round=9|sample=9|length=8|leftSentinel=121|rightSentinel=134|hash=902103189|guards=true|nativeTid=2992
CST 2026-07-17 18:48:33.130  2992  2992 I A02900/R1Api24Probe: E1_BUFFER_SAMPLE|round=9|sample=10|length=9|leftSentinel=122|rightSentinel=133|hash=1577861629|guards=true|nativeTid=2992
CST 2026-07-17 18:48:33.131  2992  2992 I A02900/R1Api24Probe: E1_BUFFER_SAMPLE|round=9|sample=11|length=10|leftSentinel=123|rightSentinel=132|hash=472501016|guards=true|nativeTid=2992
CST 2026-07-17 18:48:33.131  2992  2992 I A02900/R1Api24Probe: E1_BUFFER_SAMPLE|round=9|sample=12|length=11|leftSentinel=124|rightSentinel=131|hash=3923981894|guards=true|nativeTid=2992
CST 2026-07-17 18:48:33.131  1657  1813 W A01b00/SCB: GraphicUtils --> combinePic from HdsIcon, bundleName: com.ohos.notificationdialog, iconSizeOfGrid: 64, hasBorder: true
CST 2026-07-17 18:48:33.131  2992  2992 I A02900/R1Api24Probe: E1_BUFFER_SAMPLE|round=9|sample=13|length=12|leftSentinel=125|rightSentinel=130|hash=3328774509|guards=true|nativeTid=2992
CST 2026-07-17 18:48:33.131   142   164 I C01800/SAMGR: rm SAListener 2721,17
CST 2026-07-17 18:48:33.131  1657  1813 I A01b00/SCB: IconResourceFwk --> getBundleIcon end param: com.ohos.notificationdialog, 64, true true
CST 2026-07-17 18:48:33.131   142   164 I C01800/SAMGR: UnSubscribeSA:4606_2721_17
CST 2026-07-17 18:48:33.131  2992  2992 I A02900/R1Api24Probe: E1_BUFFER_SAMPLE|round=9|sample=14|length=13|leftSentinel=126|rightSentinel=129|hash=1131199673|guards=true|nativeTid=2992
CST 2026-07-17 18:48:33.131  2992  2992 I A02900/R1Api24Probe: E1_BUFFER_SAMPLE|round=9|sample=15|length=14|leftSentinel=127|rightSentinel=128|hash=2041035404|guards=true|nativeTid=2992
CST 2026-07-17 18:48:33.131  2992  2992 I A02900/R1Api24Probe: E1_BUFFER_SAMPLE|round=9|sample=16|length=15|leftSentinel=128|rightSentinel=127|hash=928022774|guards=true|nativeTid=2992
CST 2026-07-17 18:48:33.131  2992  2992 I A02900/R1Api24Probe: E1_BUFFER_SAMPLE|round=9|sample=17|length=16|leftSentinel=129|rightSentinel=126|hash=2834553317|guards=true|nativeTid=2992
CST 2026-07-17 18:48:33.131  2992  2992 I A02900/R1Api24Probe: E1_BUFFER_SAMPLE|round=9|sample=18|length=17|leftSentinel=130|rightSentinel=125|hash=3559952741|guards=true|nativeTid=2992
CST 2026-07-17 18:48:33.131  2992  2992 I A02900/R1Api24Probe: E1_BUFFER_SAMPLE|round=9|sample=19|length=18|leftSentinel=131|rightSentinel=124|hash=217250776|guards=true|nativeTid=2992
CST 2026-07-17 18:48:33.131  2992  2992 I A02900/R1Api24Probe: E1_BUFFER_SAMPLE|round=9|sample=20|length=19|leftSentinel=132|rightSentinel=123|hash=592471606|guards=true|nativeTid=2992
CST 2026-07-17 18:48:33.131  2992  2992 I A02900/R1Api24Probe: E1_BUFFER_SAMPLE|round=9|sample=21|length=20|leftSentinel=133|rightSentinel=122|hash=4114722525|guards=true|nativeTid=2992
CST 2026-07-17 18:48:33.131  2992  2992 I A02900/R1Api24Probe: E1_BUFFER_SAMPLE|round=9|sample=22|length=21|leftSentinel=134|rightSentinel=121|hash=2891415281|guards=true|nativeTid=2992
CST 2026-07-17 18:48:33.131  2992  2992 I A02900/R1Api24Probe: E1_BUFFER_SAMPLE|round=9|sample=23|length=22|leftSentinel=135|rightSentinel=120|hash=3483398076|guards=true|nativeTid=2992
CST 2026-07-17 18:48:33.131  2992  2992 I A02900/R1Api24Probe: E1_BUFFER_SAMPLE|round=9|sample=24|length=23|leftSentinel=136|rightSentinel=119|hash=831232230|guards=true|nativeTid=2992
CST 2026-07-17 18:48:33.131  2992  2992 I A02900/R1Api24Probe: E1_BUFFER_SAMPLE|round=9|sample=25|length=24|leftSentinel=137|rightSentinel=118|hash=1630746485|guards=true|nativeTid=2992
CST 2026-07-17 18:48:33.131  2992  2992 I A02900/R1Api24Probe: E1_BUFFER_SAMPLE|round=9|sample=26|length=25|leftSentinel=138|rightSentinel=117|hash=2404957805|guards=true|nativeTid=2992
CST 2026-07-17 18:48:33.131   766  1166 I C01336/AMS: [ABMS7852]Lifecycle: ability:/com.huawei.hmsapp.appgallery/service/DownInstallServiceExtensionAbility
CST 2026-07-17 18:48:33.131  2992  2992 I A02900/R1Api24Probe: E1_BUFFER_SAMPLE|round=9|sample=27|length=26|leftSentinel=139|rightSentinel=116|hash=1358824088|guards=true|nativeTid=2992
CST 2026-07-17 18:48:33.131   766  1166 I C01340/Ext: [ABCM765]com.huawei.hmsapp.appgallery/DownInstallServiceExtensionAbility, INITIAL
CST 2026-07-17 18:48:33.131  2992  2992 I A02900/R1Api24Probe: E1_BUFFER_SAMPLE|round=9|sample=28|length=27|leftSentinel=140|rightSentinel=115|hash=806399462|guards=true|nativeTid=2992
CST 2026-07-17 18:48:33.131  2992  2992 I A02900/R1Api24Probe: E1_BUFFER_SAMPLE|round=9|sample=29|length=28|leftSentinel=141|rightSentinel=114|hash=954120109|guards=true|nativeTid=2992
CST 2026-07-17 18:48:33.132  2992  2992 I A02900/R1Api24Probe: E1_BUFFER_SAMPLE|round=9|sample=30|length=29|leftSentinel=142|rightSentinel=113|hash=1831762761|guards=true|nativeTid=2992
CST 2026-07-17 18:48:33.132  2992  2992 I A02900/R1Api24Probe: E1_BUFFER_SAMPLE|round=9|sample=31|length=30|leftSentinel=143|rightSentinel=112|hash=900971628|guards=true|nativeTid=2992
CST 2026-07-17 18:48:33.132  2992  2992 I A02900/R1Api24Probe: E1_BUFFER_SAMPLE|round=9|sample=32|length=31|leftSentinel=144|rightSentinel=111|hash=275590646|guards=true|nativeTid=2992
CST 2026-07-17 18:48:33.132  2992  2992 I A02900/R1Api24Probe: E1_BUFFER_SAMPLE|round=9|sample=33|length=32|leftSentinel=145|rightSentinel=110|hash=73966597|guards=true|nativeTid=2992
CST 2026-07-17 18:48:33.132  2992  2992 I A02900/R1Api24Probe: E1_BUFFER_SAMPLE|round=9|sample=34|length=33|leftSentinel=146|rightSentinel=109|hash=122479061|guards=true|nativeTid=2992
CST 2026-07-17 18:48:33.132  2992  2992 I A02900/R1Api24Probe: E1_BUFFER_SAMPLE|round=9|sample=35|length=34|leftSentinel=147|rightSentinel=108|hash=2220537048|guards=true|nativeTid=2992
CST 2026-07-17 18:48:33.132  2992  2992 I A02900/R1Api24Probe: E1_BUFFER_SAMPLE|round=9|sample=36|length=35|leftSentinel=148|rightSentinel=107|hash=1391285078|guards=true|nativeTid=2992
CST 2026-07-17 18:48:33.133  2992  2992 I A02900/R1Api24Probe: E1_BUFFER_SAMPLE|round=9|sample=37|length=36|leftSentinel=149|rightSentinel=106|hash=2539338269|guards=true|nativeTid=2992
CST 2026-07-17 18:48:33.133  2992  2992 I A02900/R1Api24Probe: E1_BUFFER_SAMPLE|round=9|sample=38|length=37|leftSentinel=150|rightSentinel=105|hash=4019355489|guards=true|nativeTid=2992
CST 2026-07-17 18:48:33.133  2992  2992 I A02900/R1Api24Probe: E1_BUFFER_SAMPLE|round=9|sample=39|length=38|leftSentinel=151|rightSentinel=104|hash=4251718780|guards=true|nativeTid=2992
CST 2026-07-17 18:48:33.133  2992  2992 I A02900/R1Api24Probe: E1_BUFFER_SAMPLE|round=9|sample=40|length=39|leftSentinel=152|rightSentinel=103|hash=3652424870|guards=true|nativeTid=2992
CST 2026-07-17 18:48:33.133  2992  2992 I A02900/R1Api24Probe: E1_BUFFER_SAMPLE|round=9|sample=41|length=40|leftSentinel=153|rightSentinel=102|hash=289119509|guards=true|nativeTid=2992
CST 2026-07-17 18:48:33.133  2992  2992 I A02900/R1Api24Probe: E1_BUFFER_SAMPLE|round=9|sample=42|length=41|leftSentinel=154|rightSentinel=101|hash=2971684509|guards=true|nativeTid=2992
CST 2026-07-17 18:48:33.133  2992  2992 I A02900/R1Api24Probe: E1_BUFFER_SAMPLE|round=9|sample=43|length=42|leftSentinel=155|rightSentinel=100|hash=2585435480|guards=true|nativeTid=2992
CST 2026-07-17 18:48:33.133   766  1589 I C01357/ProcessMgr: [ARR1124]terminate DownInstallServiceExtensionAbility
CST 2026-07-17 18:48:33.133  2992  2992 I A02900/R1Api24Probe: E1_BUFFER_SAMPLE|round=9|sample=44|length=43|leftSentinel=156|rightSentinel=99|hash=3520368134|guards=true|nativeTid=2992
CST 2026-07-17 18:48:33.133  2992  2992 I A02900/R1Api24Probe: E1_BUFFER_SAMPLE|round=9|sample=45|length=44|leftSentinel=157|rightSentinel=98|hash=196720109|guards=true|nativeTid=2992
CST 2026-07-17 18:48:33.133  2992  2992 I A02900/R1Api24Probe: E1_BUFFER_SAMPLE|round=9|sample=46|length=45|leftSentinel=158|rightSentinel=97|hash=4254150745|guards=true|nativeTid=2992
CST 2026-07-17 18:48:33.133   766  1589 I C01357/ProcessMgr: [ARM1000]terminate isLast:0,isLastAgentAbility:0,keepAlive:0
CST 2026-07-17 18:48:33.133  2992  2992 I A02900/R1Api24Probe: E1_BUFFER_SAMPLE|round=9|sample=47|length=46|leftSentinel=159|rightSentinel=96|hash=1122293836|guards=true|nativeTid=2992
CST 2026-07-17 18:48:33.133  2992  2992 I A02900/R1Api24Probe: E1_BUFFER_SAMPLE|round=9|sample=48|length=47|leftSentinel=160|rightSentinel=95|hash=3949383862|guards=true|nativeTid=2992
CST 2026-07-17 18:48:33.133  2992  2992 I A02900/R1Api24Probe: E1_BUFFER_SAMPLE|round=9|sample=49|length=48|leftSentinel=161|rightSentinel=94|hash=4043250149|guards=true|nativeTid=2992
CST 2026-07-17 18:48:33.133  2992  2992 I A02900/R1Api24Probe: E1_BUFFER_SAMPLE|round=9|sample=50|length=49|leftSentinel=162|rightSentinel=93|hash=3988755461|guards=true|nativeTid=2992
CST 2026-07-17 18:48:33.134  2992  2992 I A02900/R1Api24Probe: E1_BUFFER_SAMPLE|round=9|sample=51|length=50|leftSentinel=163|rightSentinel=92|hash=514716248|guards=true|nativeTid=2992
CST 2026-07-17 18:48:33.134  2992  2992 I A02900/R1Api24Probe: E1_BUFFER_SAMPLE|round=9|sample=52|length=51|leftSentinel=164|rightSentinel=91|hash=3535260406|guards=true|nativeTid=2992
CST 2026-07-17 18:48:33.134   369   452 I C015b5/NetMgrEnhanced: NotifyAbilityStateChanged:uid=2******0, pid=2721, state=5, abilityName=DownInstallServiceExtensionAbility
CST 2026-07-17 18:48:33.134  2992  2992 I A02900/R1Api24Probe: E1_BUFFER_SAMPLE|round=9|sample=53|length=52|leftSentinel=165|rightSentinel=90|hash=4185384029|guards=true|nativeTid=2992
CST 2026-07-17 18:48:33.134  2992  2992 I A02900/R1Api24Probe: E1_BUFFER_SAMPLE|round=9|sample=54|length=53|leftSentinel=166|rightSentinel=89|hash=1938396305|guards=true|nativeTid=2992
CST 2026-07-17 18:48:33.134  2992  2992 I A02900/R1Api24Probe: E1_BUFFER_SAMPLE|round=9|sample=55|length=54|leftSentinel=167|rightSentinel=88|hash=3097917308|guards=true|nativeTid=2992
CST 2026-07-17 18:48:33.134  2992  2992 I A02900/R1Api24Probe: E1_BUFFER_SAMPLE|round=9|sample=56|length=55|leftSentinel=168|rightSentinel=87|hash=2368320038|guards=true|nativeTid=2992
CST 2026-07-17 18:48:33.134  2992  2992 I A02900/R1Api24Probe: E1_BUFFER_SAMPLE|round=9|sample=57|length=56|leftSentinel=169|rightSentinel=86|hash=4065338677|guards=true|nativeTid=2992
CST 2026-07-17 18:48:33.134  2992  2992 I A02900/R1Api24Probe: E1_BUFFER_SAMPLE|round=9|sample=58|length=57|leftSentinel=170|rightSentinel=85|hash=573462989|guards=true|nativeTid=2992
CST 2026-07-17 18:48:33.134  2992  2992 I A02900/R1Api24Probe: E1_BUFFER_SAMPLE|round=9|sample=59|length=58|leftSentinel=171|rightSentinel=84|hash=1505703960|guards=true|nativeTid=2992
CST 2026-07-17 18:48:33.134  2721  2721 I C01317/AppKit: [MTHRD2819]Handle clean ability start, app is com.huawei.hmsapp.appgallery.
CST 2026-07-17 18:48:33.134  2992  2992 I A02900/R1Api24Probe: E1_BUFFER_SAMPLE|round=9|sample=60|length=59|leftSentinel=172|rightSentinel=83|hash=1223378470|guards=true|nativeTid=2992
CST 2026-07-17 18:48:33.134  2992  2992 I A02900/R1Api24Probe: E1_BUFFER_SAMPLE|round=9|sample=61|length=60|leftSentinel=173|rightSentinel=82|hash=2748671661|guards=true|nativeTid=2992
CST 2026-07-17 18:48:33.134  2992  2992 I A02900/R1Api24Probe: E1_BUFFER_SAMPLE|round=9|sample=62|length=61|leftSentinel=174|rightSentinel=81|hash=3144763817|guards=true|nativeTid=2992
CST 2026-07-17 18:48:33.135  2992  2992 I A02900/R1Api24Probe: E1_BUFFER_SAMPLE|round=9|sample=63|length=62|leftSentinel=175|rightSentinel=80|hash=1519954156|guards=true|nativeTid=2992
CST 2026-07-17 18:48:33.135  2992  2992 I A02900/R1Api24Probe: E1_BUFFER_SAMPLE|round=9|sample=64|length=63|leftSentinel=176|rightSentinel=79|hash=2248482486|guards=true|nativeTid=2992
CST 2026-07-17 18:48:33.135  2992  2992 I A02900/R1Api24Probe: E1_BUFFER_SAMPLE|round=9|sample=65|length=64|leftSentinel=177|rightSentinel=78|hash=2459597765|guards=true|nativeTid=2992
CST 2026-07-17 18:48:33.135  2992  2992 I A02900/R1Api24Probe: E1_BUFFER_SAMPLE|round=9|sample=66|length=65|leftSentinel=178|rightSentinel=77|hash=2058282165|guards=true|nativeTid=2992
CST 2026-07-17 18:48:33.135  2992  2992 I A02900/R1Api24Probe: E1_BUFFER_SAMPLE|round=9|sample=67|length=66|leftSentinel=179|rightSentinel=76|hash=3346864152|guards=true|nativeTid=2992
CST 2026-07-17 18:48:33.135  2992  2992 I A02900/R1Api24Probe: E1_BUFFER_SAMPLE|round=9|sample=68|length=67|leftSentinel=180|rightSentinel=75|hash=1689578902|guards=true|nativeTid=2992
CST 2026-07-17 18:48:33.135  2992  2992 I A02900/R1Api24Probe: E1_BUFFER_SAMPLE|round=9|sample=69|length=68|leftSentinel=181|rightSentinel=74|hash=843928093|guards=true|nativeTid=2992
CST 2026-07-17 18:48:33.135  2992  2992 I A02900/R1Api24Probe: E1_BUFFER_SAMPLE|round=9|sample=70|length=69|leftSentinel=182|rightSentinel=73|hash=3871164801|guards=true|nativeTid=2992
CST 2026-07-17 18:48:33.135  2992  2992 I A02900/R1Api24Probe: E1_BUFFER_SAMPLE|round=9|sample=71|length=70|leftSentinel=183|rightSentinel=72|hash=165567548|guards=true|nativeTid=2992
CST 2026-07-17 18:48:33.135  2992  2992 I A02900/R1Api24Probe: E1_BUFFER_SAMPLE|round=9|sample=72|length=71|leftSentinel=184|rightSentinel=71|hash=92268646|guards=true|nativeTid=2992
CST 2026-07-17 18:48:33.135  2992  2992 I A02900/R1Api24Probe: E1_BUFFER_SAMPLE|round=9|sample=73|length=72|leftSentinel=185|rightSentinel=70|hash=276549269|guards=true|nativeTid=2992
CST 2026-07-17 18:48:33.135  2992  2992 I A02900/R1Api24Probe: E1_BUFFER_SAMPLE|round=9|sample=74|length=73|leftSentinel=186|rightSentinel=69|hash=1817162173|guards=true|nativeTid=2992
CST 2026-07-17 18:48:33.135  2992  2992 I A02900/R1Api24Probe: E1_BUFFER_SAMPLE|round=9|sample=75|length=74|leftSentinel=187|rightSentinel=68|hash=3266905112|guards=true|nativeTid=2992
CST 2026-07-17 18:48:33.135  2992  2992 I A02900/R1Api24Probe: E1_BUFFER_SAMPLE|round=9|sample=76|length=75|leftSentinel=188|rightSentinel=67|hash=3838745286|guards=true|nativeTid=2992
CST 2026-07-17 18:48:33.135  2992  2992 I A02900/R1Api24Probe: E1_BUFFER_SAMPLE|round=9|sample=77|length=76|leftSentinel=189|rightSentinel=66|hash=2728755437|guards=true|nativeTid=2992
CST 2026-07-17 18:48:33.136  2992  2992 I A02900/R1Api24Probe: E1_BUFFER_SAMPLE|round=9|sample=78|length=77|leftSentinel=190|rightSentinel=65|hash=3428247289|guards=true|nativeTid=2992
CST 2026-07-17 18:48:33.136  2992  2992 I A02900/R1Api24Probe: E1_BUFFER_SAMPLE|round=9|sample=79|length=78|leftSentinel=191|rightSentinel=64|hash=3078484620|guards=true|nativeTid=2992
CST 2026-07-17 18:48:33.136  2992  2992 I A02900/R1Api24Probe: E1_BUFFER_SAMPLE|round=9|sample=80|length=79|leftSentinel=192|rightSentinel=63|hash=3834443894|guards=true|nativeTid=2992
CST 2026-07-17 18:48:33.136  2992  2992 I A02900/R1Api24Probe: E1_BUFFER_SAMPLE|round=9|sample=81|length=80|leftSentinel=193|rightSentinel=62|hash=1116446949|guards=true|nativeTid=2992
CST 2026-07-17 18:48:33.136  2992  2992 I A02900/R1Api24Probe: E1_BUFFER_SAMPLE|round=9|sample=82|length=81|leftSentinel=194|rightSentinel=61|hash=2389262757|guards=true|nativeTid=2992
CST 2026-07-17 18:48:33.136  2992  2992 I A02900/R1Api24Probe: E1_BUFFER_SAMPLE|round=9|sample=83|length=82|leftSentinel=195|rightSentinel=60|hash=3449565656|guards=true|nativeTid=2992
CST 2026-07-17 18:48:33.136  2992  2992 I A02900/R1Api24Probe: E1_BUFFER_SAMPLE|round=9|sample=84|length=83|leftSentinel=196|rightSentinel=59|hash=3897649590|guards=true|nativeTid=2992
CST 2026-07-17 18:48:33.136  2992  2992 I A02900/R1Api24Probe: E1_BUFFER_SAMPLE|round=9|sample=85|length=84|leftSentinel=197|rightSentinel=58|hash=2911816285|guards=true|nativeTid=2992
CST 2026-07-17 18:48:33.136  2992  2992 I A02900/R1Api24Probe: E1_BUFFER_SAMPLE|round=9|sample=86|length=85|leftSentinel=198|rightSentinel=57|hash=2149299377|guards=true|nativeTid=2992
CST 2026-07-17 18:48:33.136  2992  2992 I A02900/R1Api24Probe: E1_BUFFER_SAMPLE|round=9|sample=87|length=86|leftSentinel=199|rightSentinel=56|hash=3136182332|guards=true|nativeTid=2992
CST 2026-07-17 18:48:33.136  2992  2992 I A02900/R1Api24Probe: E1_BUFFER_SAMPLE|round=9|sample=88|length=87|leftSentinel=200|rightSentinel=55|hash=608718694|guards=true|nativeTid=2992
CST 2026-07-17 18:48:33.137  2992  2992 I A02900/R1Api24Probe: E1_BUFFER_SAMPLE|round=9|sample=89|length=88|leftSentinel=201|rightSentinel=54|hash=4075172085|guards=true|nativeTid=2992
CST 2026-07-17 18:48:33.137  2992  2992 I A02900/R1Api24Probe: E1_BUFFER_SAMPLE|round=9|sample=90|length=89|leftSentinel=202|rightSentinel=53|hash=3259369517|guards=true|nativeTid=2992
CST 2026-07-17 18:48:33.137  2992  2992 I A02900/R1Api24Probe: E1_BUFFER_SAMPLE|round=9|sample=91|length=90|leftSentinel=203|rightSentinel=52|hash=3399184792|guards=true|nativeTid=2992
CST 2026-07-17 18:48:33.137  2992  2992 I A02900/R1Api24Probe: E1_BUFFER_SAMPLE|round=9|sample=92|length=91|leftSentinel=204|rightSentinel=51|hash=140517990|guards=true|nativeTid=2992
CST 2026-07-17 18:48:33.137  1657  1800 I C02b61/ImageCode: DoEncode:(224, 224) cost 5562 us
CST 2026-07-17 18:48:33.137  2992  2992 I A02900/R1Api24Probe: E1_BUFFER_SAMPLE|round=9|sample=93|length=92|leftSentinel=205|rightSentinel=50|hash=4089004077|guards=true|nativeTid=2992
CST 2026-07-17 18:48:33.137  2992  2992 I A02900/R1Api24Probe: E1_BUFFER_SAMPLE|round=9|sample=94|length=93|leftSentinel=206|rightSentinel=49|hash=2005397641|guards=true|nativeTid=2992
CST 2026-07-17 18:48:33.137  2992  2992 I A02900/R1Api24Probe: E1_BUFFER_SAMPLE|round=9|sample=95|length=94|leftSentinel=207|rightSentinel=48|hash=1323010028|guards=true|nativeTid=2992
CST 2026-07-17 18:48:33.137  2992  2992 I A02900/R1Api24Probe: E1_BUFFER_SAMPLE|round=9|sample=96|length=95|leftSentinel=208|rightSentinel=47|hash=3556002678|guards=true|nativeTid=2992
CST 2026-07-17 18:48:33.137  2992  2992 I A02900/R1Api24Probe: E1_BUFFER_SAMPLE|round=9|sample=97|length=96|leftSentinel=209|rightSentinel=46|hash=990167685|guards=true|nativeTid=2992
CST 2026-07-17 18:48:33.137  2992  2992 I A02900/R1Api24Probe: E1_BUFFER_SAMPLE|round=9|sample=98|length=97|leftSentinel=210|rightSentinel=45|hash=2297816213|guards=true|nativeTid=2992
CST 2026-07-17 18:48:33.137  2992  2992 I A02900/R1Api24Probe: E1_BUFFER_SAMPLE|round=9|sample=99|length=98|leftSentinel=211|rightSentinel=44|hash=3517022808|guards=true|nativeTid=2992
CST 2026-07-17 18:48:33.137  2992  2992 I A02900/R1Api24Probe: E1_BUFFER_SAMPLE|round=9|sample=100|length=99|leftSentinel=212|rightSentinel=43|hash=4223354198|guards=true|nativeTid=2992
CST 2026-07-17 18:48:33.137  2992  2992 I A02900/R1Api24Probe: E1_FD_CREATED|fdA=37|fdB=38|creatorTid=2992|owner=ArkTS
CST 2026-07-17 18:48:33.138  2992  2992 I A02900/R1Api24Probe: E1_FD_RESULT|round=9|fdA=37|fdB=38|duplicateFd=39|written=23|read=23|payload=fd-round-09-sentinel-4d|payloadHash=607522204|closeA=0|closeDuplicate=0|closeB=0|duplicateCloseA=-1|errnoA=9|duplicateCloseB=-1|errnoB=9|owner=closed-by-native|nativeTid=2992
CST 2026-07-17 18:48:33.138  2992  3221 I A02900/R1Api24Probe: E1_PTHREAD_START|round=9|producerTid=3221
CST 2026-07-17 18:48:33.138  2992  3221 I A02900/R1Api24Probe: E1_PTHREAD_FINISH|round=9|producerTid=3221|queued=100|status=0
CST 2026-07-17 18:48:33.138  2992  2992 I A02900/R1Api24Probe: E1_CALLBACK_SAMPLE|round=9|sequence=1|producerTid=3221|consumerTid=2992|payload=r09-s001-xb8|hash=791720686|valid=true
CST 2026-07-17 18:48:33.138  2992  2992 I A02900/R1Api24Probe: E1_CALLBACK_SAMPLE|round=9|sequence=2|producerTid=3221|consumerTid=2992|payload=r09-s002-xd7|hash=3937249996|valid=true
CST 2026-07-17 18:48:33.138  2992  2992 I A02900/R1Api24Probe: E1_CALLBACK_SAMPLE|round=9|sequence=3|producerTid=3221|consumerTid=2992|payload=r09-s003-xf6|hash=3450389450|valid=true
CST 2026-07-17 18:48:33.138  2992  2992 I A02900/R1Api24Probe: E1_CALLBACK_SAMPLE|round=9|sequence=4|producerTid=3221|consumerTid=2992|payload=r09-s004-x15|hash=4260432325|valid=true
CST 2026-07-17 18:48:33.138  2992  2992 I A02900/R1Api24Probe: E1_CALLBACK_SAMPLE|round=9|sequence=5|producerTid=3221|consumerTid=2992|payload=r09-s005-x34|hash=45877839|valid=true
CST 2026-07-17 18:48:33.138  2992  2992 I A02900/R1Api24Probe: E1_CALLBACK_SAMPLE|round=9|sequence=6|producerTid=3221|consumerTid=2992|payload=r09-s006-x53|hash=3300072245|valid=true
CST 2026-07-17 18:48:33.138  2992  2992 I A02900/R1Api24Probe: E1_CALLBACK_SAMPLE|round=9|sequence=7|producerTid=3221|consumerTid=2992|payload=r09-s007-x72|hash=2062699287|valid=true
CST 2026-07-17 18:48:33.138  2992  2992 I A02900/R1Api24Probe: E1_CALLBACK_SAMPLE|round=9|sequence=8|producerTid=3221|consumerTid=2992|payload=r09-s008-x91|hash=3287100053|valid=true
CST 2026-07-17 18:48:33.138  2992  2992 I A02900/R1Api24Probe: E1_CALLBACK_SAMPLE|round=9|sequence=9|producerTid=3221|consumerTid=2992|payload=r09-s009-xb0|hash=183313630|valid=true
CST 2026-07-17 18:48:33.138  1657  1797 I C01631/GaussPD:  [0] [ADAPTER] [139902256663296] Not support binlog_default.writeLock file enable del monitor sysno = 25
CST 2026-07-17 18:48:33.138  2992  2992 I A02900/R1Api24Probe: E1_CALLBACK_SAMPLE|round=9|sequence=10|producerTid=3221|consumerTid=2992|payload=r09-s010-xcf|hash=1186956207|valid=true
CST 2026-07-17 18:48:33.138  1657  1797 I C01631/GaussPD:  [0] [ADAPTER] [139902256663296] Not support binlog_default.writeLock file enable del monitor sysno = 25
CST 2026-07-17 18:48:33.138  2992  2992 I A02900/R1Api24Probe: E1_CALLBACK_SAMPLE|round=9|sequence=11|producerTid=3221|consumerTid=2992|payload=r09-s011-xee|hash=2082835|valid=true
CST 2026-07-17 18:48:33.138  2992  2992 I A02900/R1Api24Probe: E1_CALLBACK_SAMPLE|round=9|sequence=12|producerTid=3221|consumerTid=2992|payload=r09-s012-x0d|hash=4027905460|valid=true
CST 2026-07-17 18:48:33.138  1657  1797 I C01631/GaussPD:  [0] [ADAPTER] [139902256663296] Not support binlog_default.writeLock file enable del monitor sysno = 25
CST 2026-07-17 18:48:33.138  2992  2992 I A02900/R1Api24Probe: E1_CALLBACK_SAMPLE|round=9|sequence=13|producerTid=3221|consumerTid=2992|payload=r09-s013-x2c|hash=3896664836|valid=true
CST 2026-07-17 18:48:33.138  2992  2992 I A02900/R1Api24Probe: E1_CALLBACK_SAMPLE|round=9|sequence=14|producerTid=3221|consumerTid=2992|payload=r09-s014-x4b|hash=3010112340|valid=true
CST 2026-07-17 18:48:33.138  2992  2992 I A02900/R1Api24Probe: E1_CALLBACK_SAMPLE|round=9|sequence=15|producerTid=3221|consumerTid=2992|payload=r09-s015-x6a|hash=1402720520|valid=true
CST 2026-07-17 18:48:33.138  2992  2992 I A02900/R1Api24Probe: E1_CALLBACK_SAMPLE|round=9|sequence=16|producerTid=3221|consumerTid=2992|payload=r09-s016-x89|hash=1163106263|valid=true
CST 2026-07-17 18:48:33.138  2992  2992 I A02900/R1Api24Probe: E1_CALLBACK_SAMPLE|round=9|sequence=17|producerTid=3221|consumerTid=2992|payload=r09-s017-xa8|hash=4087540762|valid=true
CST 2026-07-17 18:48:33.139  1657  1797 I C01631/GaussPD:  [0] [ADAPTER] [139902256663296] Not support binlog_default.writeLock file enable del monitor sysno = 25
CST 2026-07-17 18:48:33.139  2992  2992 I A02900/R1Api24Probe: E1_CALLBACK_SAMPLE|round=9|sequence=18|producerTid=3221|consumerTid=2992|payload=r09-s018-xc7|hash=149405748|valid=true
CST 2026-07-17 18:48:33.139  1657  1797 I C01631/GaussPD:  [0] [ADAPTER] [139902256663296] Not support binlog_default.writeIndex file enable del monitor sysno = 25
CST 2026-07-17 18:48:33.139  2992  2992 I A02900/R1Api24Probe: E1_CALLBACK_SAMPLE|round=9|sequence=19|producerTid=3221|consumerTid=2992|payload=r09-s019-xe6|hash=1258049182|valid=true
CST 2026-07-17 18:48:33.139  2992  2992 I A02900/R1Api24Probe: E1_CALLBACK_SAMPLE|round=9|sequence=20|producerTid=3221|consumerTid=2992|payload=r09-s020-x05|hash=211094562|valid=true
CST 2026-07-17 18:48:33.139  2992  2992 I A02900/R1Api24Probe: E1_CALLBACK_SAMPLE|round=9|sequence=21|producerTid=3221|consumerTid=2992|payload=r09-s021-x24|hash=1004628292|valid=true
CST 2026-07-17 18:48:33.139  2992  2992 I A02900/R1Api24Probe: E1_CALLBACK_SAMPLE|round=9|sequence=22|producerTid=3221|consumerTid=2992|payload=r09-s022-x43|hash=3631119078|valid=true
CST 2026-07-17 18:48:33.139  2992  2992 I A02900/R1Api24Probe: E1_CALLBACK_SAMPLE|round=9|sequence=23|producerTid=3221|consumerTid=2992|payload=r09-s023-x62|hash=1174766592|valid=true
CST 2026-07-17 18:48:33.139  1657  1797 I C01631/GaussPD:  [0] [ADAPTER] [139902256663296] Not support binlog_default.writeIndex file enable del monitor sysno = 25
CST 2026-07-17 18:48:33.139  2992  2992 I A02900/R1Api24Probe: E1_CALLBACK_SAMPLE|round=9|sequence=24|producerTid=3221|consumerTid=2992|payload=r09-s024-x81|hash=779239386|valid=true
CST 2026-07-17 18:48:33.139  2992  2992 I A02900/R1Api24Probe: E1_CALLBACK_SAMPLE|round=9|sequence=25|producerTid=3221|consumerTid=2992|payload=r09-s025-xa0|hash=4053108703|valid=true
CST 2026-07-17 18:48:33.139  2992  2992 I A02900/R1Api24Probe: E1_CALLBACK_SAMPLE|round=9|sequence=26|producerTid=3221|consumerTid=2992|payload=r09-s026-xbf|hash=3851892487|valid=true
CST 2026-07-17 18:48:33.139  2992  2992 I A02900/R1Api24Probe: E1_CALLBACK_SAMPLE|round=9|sequence=27|producerTid=3221|consumerTid=2992|payload=r09-s027-xde|hash=2971479895|valid=true
CST 2026-07-17 18:48:33.139  2992  2992 I A02900/R1Api24Probe: E1_CALLBACK_SAMPLE|round=9|sequence=28|producerTid=3221|consumerTid=2992|payload=r09-s028-xfd|hash=3348180843|valid=true
CST 2026-07-17 18:48:33.139  2992  2992 I A02900/R1Api24Probe: E1_CALLBACK_SAMPLE|round=9|sequence=29|producerTid=3221|consumerTid=2992|payload=r09-s029-x1c|hash=542816654|valid=true
CST 2026-07-17 18:48:33.139  1657  1813 I A01a01/NC: NotificationConfigManager: update icon result: com.ohos.notificationdialog, 38242
CST 2026-07-17 18:48:33.139  2992  2992 I A02900/R1Api24Probe: E1_CALLBACK_SAMPLE|round=9|sequence=30|producerTid=3221|consumerTid=2992|payload=r09-s030-x3b|hash=2586971665|valid=true
CST 2026-07-17 18:48:33.139  1657  1813 I A01b00/SCB: IconResourceFwk --> getBundleIcon start param: com.huawei.hms.pushservice, 64, true true
CST 2026-07-17 18:48:33.139  2992  2992 I A02900/R1Api24Probe: E1_CALLBACK_SAMPLE|round=9|sequence=31|producerTid=3221|consumerTid=2992|payload=r09-s031-x5a|hash=3003709565|valid=true
CST 2026-07-17 18:48:33.139  1657  1813 W A01b00/SCB: IconResourceUtils --> getIconResource from bms getBundleResourceInfo for com.huawei.hms.pushservice 0
CST 2026-07-17 18:48:33.139  2992  2992 I A02900/R1Api24Probe: E1_CALLBACK_SAMPLE|round=9|sequence=32|producerTid=3221|consumerTid=2992|payload=r09-s032-x79|hash=3448405626|valid=true
CST 2026-07-17 18:48:33.139  2992  2992 I A02900/R1Api24Probe: E1_CALLBACK_SAMPLE|round=9|sequence=33|producerTid=3221|consumerTid=2992|payload=r09-s033-x98|hash=2203062688|valid=true
CST 2026-07-17 18:48:33.139  2992  2992 I A02900/R1Api24Probe: E1_CALLBACK_SAMPLE|round=9|sequence=34|producerTid=3221|consumerTid=2992|payload=r09-s034-xb7|hash=347557575|valid=true
CST 2026-07-17 18:48:33.139  2992  2992 I A02900/R1Api24Probe: E1_CALLBACK_SAMPLE|round=9|sequence=35|producerTid=3221|consumerTid=2992|payload=r09-s035-xd6|hash=3182037809|valid=true
CST 2026-07-17 18:48:33.139  2992  2992 I A02900/R1Api24Probe: E1_CALLBACK_SAMPLE|round=9|sequence=36|producerTid=3221|consumerTid=2992|payload=r09-s036-xf5|hash=2539407663|valid=true
CST 2026-07-17 18:48:33.139  2992  2992 I A02900/R1Api24Probe: E1_CALLBACK_SAMPLE|round=9|sequence=37|producerTid=3221|consumerTid=2992|payload=r09-s037-x14|hash=2813790480|valid=true
CST 2026-07-17 18:48:33.139  2992  2992 I A02900/R1Api24Probe: E1_CALLBACK_SAMPLE|round=9|sequence=38|producerTid=3221|consumerTid=2992|payload=r09-s038-x33|hash=1890945702|valid=true
CST 2026-07-17 18:48:33.139  2992  2992 I A02900/R1Api24Probe: E1_CALLBACK_SAMPLE|round=9|sequence=39|producerTid=3221|consumerTid=2992|payload=r09-s039-x52|hash=1871145676|valid=true
CST 2026-07-17 18:48:33.139  2992  2992 I A02900/R1Api24Probe: E1_CALLBACK_SAMPLE|round=9|sequence=40|producerTid=3221|consumerTid=2992|payload=r09-s040-x71|hash=4131890867|valid=true
CST 2026-07-17 18:48:33.139  2992  2992 I A02900/R1Api24Probe: E1_CALLBACK_SAMPLE|round=9|sequence=41|producerTid=3221|consumerTid=2992|payload=r09-s041-x90|hash=2204207161|valid=true
CST 2026-07-17 18:48:33.139  2992  2992 I A02900/R1Api24Probe: E1_CALLBACK_SAMPLE|round=9|sequence=42|producerTid=3221|consumerTid=2992|payload=r09-s042-xaf|hash=545624698|valid=true
CST 2026-07-17 18:48:33.139  2992  2992 I A02900/R1Api24Probe: E1_CALLBACK_SAMPLE|round=9|sequence=43|producerTid=3221|consumerTid=2992|payload=r09-s043-xce|hash=1350218210|valid=true
CST 2026-07-17 18:48:33.140  2992  2992 I A02900/R1Api24Probe: E1_CALLBACK_SAMPLE|round=9|sequence=44|producerTid=3221|consumerTid=2992|payload=r09-s044-xed|hash=614490146|valid=true
CST 2026-07-17 18:48:33.140  2992  2992 I A02900/R1Api24Probe: E1_CALLBACK_SAMPLE|round=9|sequence=45|producerTid=3221|consumerTid=2992|payload=r09-s045-x0c|hash=2426342765|valid=true
CST 2026-07-17 18:48:33.140  2992  2992 I A02900/R1Api24Probe: E1_CALLBACK_SAMPLE|round=9|sequence=46|producerTid=3221|consumerTid=2992|payload=r09-s046-x2b|hash=112713413|valid=true
CST 2026-07-17 18:48:33.140  2992  2992 I A02900/R1Api24Probe: E1_CALLBACK_SAMPLE|round=9|sequence=47|producerTid=3221|consumerTid=2992|payload=r09-s047-x4a|hash=2761683757|valid=true
CST 2026-07-17 18:48:33.140   766  1196 I C01120/BMS: icon rdb get resource icon start -n com.huawei.hms.pushservice -i 0 -f 16
CST 2026-07-17 18:48:33.140  2992  2992 I A02900/R1Api24Probe: E1_CALLBACK_SAMPLE|round=9|sequence=48|producerTid=3221|consumerTid=2992|payload=r09-s048-x69|hash=46865510|valid=true
CST 2026-07-17 18:48:33.140  2992  2992 I A02900/R1Api24Probe: E1_CALLBACK_SAMPLE|round=9|sequence=49|producerTid=3221|consumerTid=2992|payload=r09-s049-x88|hash=3993191120|valid=true
CST 2026-07-17 18:48:33.140  2992  2992 I A02900/R1Api24Probe: E1_CALLBACK_SAMPLE|round=9|sequence=50|producerTid=3221|consumerTid=2992|payload=r09-s050-xa7|hash=2755014614|valid=true
CST 2026-07-17 18:48:33.140   766  1196 E C01650/StepResultSet: GoToRow:position[0] rowCount[0] rowPos_[-1]!
CST 2026-07-17 18:48:33.140  2992  2992 I A02900/R1Api24Probe: E1_CALLBACK_SAMPLE|round=9|sequence=51|producerTid=3221|consumerTid=2992|payload=r09-s051-xc6|hash=3289217956|valid=true
CST 2026-07-17 18:48:33.140  2992  2992 I A02900/R1Api24Probe: E1_CALLBACK_SAMPLE|round=9|sequence=52|producerTid=3221|consumerTid=2992|payload=r09-s052-xe5|hash=2337562970|valid=true
CST 2026-07-17 18:48:33.140  2992  2992 I A02900/R1Api24Probe: E1_CALLBACK_SAMPLE|round=9|sequence=53|producerTid=3221|consumerTid=2992|payload=r09-s053-x04|hash=554676239|valid=true
CST 2026-07-17 18:48:33.140  2992  2992 I A02900/R1Api24Probe: E1_CALLBACK_SAMPLE|round=9|sequence=54|producerTid=3221|consumerTid=2992|payload=r09-s054-x23|hash=1447498561|valid=true
CST 2026-07-17 18:48:33.140  2992  2992 I A02900/R1Api24Probe: E1_CALLBACK_SAMPLE|round=9|sequence=55|producerTid=3221|consumerTid=2992|payload=r09-s055-x42|hash=996014903|valid=true
CST 2026-07-17 18:48:33.140  2992  2992 I A02900/R1Api24Probe: E1_CALLBACK_SAMPLE|round=9|sequence=56|producerTid=3221|consumerTid=2992|payload=r09-s056-x61|hash=1711445001|valid=true
CST 2026-07-17 18:48:33.140  2992  2992 I A02900/R1Api24Probe: E1_CALLBACK_SAMPLE|round=9|sequence=57|producerTid=3221|consumerTid=2992|payload=r09-s057-x80|hash=1668133023|valid=true
CST 2026-07-17 18:48:33.140  2992  2992 I A02900/R1Api24Probe: E1_CALLBACK_SAMPLE|round=9|sequence=58|producerTid=3221|consumerTid=2992|payload=r09-s058-x9f|hash=3543923225|valid=true
CST 2026-07-17 18:48:33.140  2992  2992 I A02900/R1Api24Probe: E1_CALLBACK_SAMPLE|round=9|sequence=59|producerTid=3221|consumerTid=2992|payload=r09-s059-xbe|hash=2567431024|valid=true
CST 2026-07-17 18:48:33.140  2992  2992 I A02900/R1Api24Probe: E1_CALLBACK_SAMPLE|round=9|sequence=60|producerTid=3221|consumerTid=2992|payload=r09-s060-xdd|hash=2823301285|valid=true
CST 2026-07-17 18:48:33.140  2992  2992 I A02900/R1Api24Probe: E1_CALLBACK_SAMPLE|round=9|sequence=61|producerTid=3221|consumerTid=2992|payload=r09-s061-xfc|hash=135725809|valid=true
CST 2026-07-17 18:48:33.140  2992  2992 I A02900/R1Api24Probe: E1_CALLBACK_SAMPLE|round=9|sequence=62|producerTid=3221|consumerTid=2992|payload=r09-s062-x1b|hash=3042105724|valid=true
CST 2026-07-17 18:48:33.140  2992  2992 I A02900/R1Api24Probe: E1_CALLBACK_SAMPLE|round=9|sequence=63|producerTid=3221|consumerTid=2992|payload=r09-s063-x3a|hash=137485372|valid=true
CST 2026-07-17 18:48:33.141  2992  2992 I A02900/R1Api24Probe: E1_CALLBACK_SAMPLE|round=9|sequence=64|producerTid=3221|consumerTid=2992|payload=r09-s064-x59|hash=3620825879|valid=true
CST 2026-07-17 18:48:33.141  2992  2992 I A02900/R1Api24Probe: E1_CALLBACK_SAMPLE|round=9|sequence=65|producerTid=3221|consumerTid=2992|payload=r09-s065-x78|hash=7991765|valid=true
CST 2026-07-17 18:48:33.141  2992  2992 I A02900/R1Api24Probe: E1_CALLBACK_SAMPLE|round=9|sequence=66|producerTid=3221|consumerTid=2992|payload=r09-s066-x97|hash=792884855|valid=true
CST 2026-07-17 18:48:33.141  2992  2992 I A02900/R1Api24Probe: E1_CALLBACK_SAMPLE|round=9|sequence=67|producerTid=3221|consumerTid=2992|payload=r09-s067-xb6|hash=499780168|valid=true
CST 2026-07-17 18:48:33.141  2992  2992 I A02900/R1Api24Probe: E1_CALLBACK_SAMPLE|round=9|sequence=68|producerTid=3221|consumerTid=2992|payload=r09-s068-xd5|hash=4006987178|valid=true
CST 2026-07-17 18:48:33.141  2992  2992 I A02900/R1Api24Probe: E1_CALLBACK_SAMPLE|round=9|sequence=69|producerTid=3221|consumerTid=2992|payload=r09-s069-xf4|hash=799831228|valid=true
CST 2026-07-17 18:48:33.141  2992  2992 I A02900/R1Api24Probe: E1_CALLBACK_SAMPLE|round=9|sequence=70|producerTid=3221|consumerTid=2992|payload=r09-s070-x13|hash=805551332|valid=true
CST 2026-07-17 18:48:33.141  2992  2992 I A02900/R1Api24Probe: E1_CALLBACK_SAMPLE|round=9|sequence=71|producerTid=3221|consumerTid=2992|payload=r09-s071-x32|hash=3199976246|valid=true
CST 2026-07-17 18:48:33.141  2992  2992 I A02900/R1Api24Probe: E1_CALLBACK_SAMPLE|round=9|sequence=72|producerTid=3221|consumerTid=2992|payload=r09-s072-x51|hash=2845351888|valid=true
CST 2026-07-17 18:48:33.141  2992  2992 I A02900/R1Api24Probe: E1_CALLBACK_SAMPLE|round=9|sequence=73|producerTid=3221|consumerTid=2992|payload=r09-s073-x70|hash=1175355282|valid=true
CST 2026-07-17 18:48:33.141  2992  2992 I A02900/R1Api24Probe: E1_CALLBACK_SAMPLE|round=9|sequence=74|producerTid=3221|consumerTid=2992|payload=r09-s074-x8f|hash=3267540578|valid=true
CST 2026-07-17 18:48:33.141  2992  2992 I A02900/R1Api24Probe: E1_CALLBACK_SAMPLE|round=9|sequence=75|producerTid=3221|consumerTid=2992|payload=r09-s075-xae|hash=3036239269|valid=true
CST 2026-07-17 18:48:33.141  2992  2992 I A02900/R1Api24Probe: E1_CALLBACK_SAMPLE|round=9|sequence=76|producerTid=3221|consumerTid=2992|payload=r09-s076-xcd|hash=535817541|valid=true
CST 2026-07-17 18:48:33.141  2992  2992 I A02900/R1Api24Probe: E1_CALLBACK_SAMPLE|round=9|sequence=77|producerTid=3221|consumerTid=2992|payload=r09-s077-xec|hash=114850805|valid=true
CST 2026-07-17 18:48:33.141  2992  2992 I A02900/R1Api24Probe: E1_CALLBACK_SAMPLE|round=9|sequence=78|producerTid=3221|consumerTid=2992|payload=r09-s078-x0b|hash=3059903090|valid=true
CST 2026-07-17 18:48:33.141  2992  2992 I A02900/R1Api24Probe: E1_CALLBACK_SAMPLE|round=9|sequence=79|producerTid=3221|consumerTid=2992|payload=r09-s079-x2a|hash=3961521918|valid=true
CST 2026-07-17 18:48:33.141  2992  2992 I A02900/R1Api24Probe: E1_CALLBACK_SAMPLE|round=9|sequence=80|producerTid=3221|consumerTid=2992|payload=r09-s080-x49|hash=844829276|valid=true
CST 2026-07-17 18:48:33.141  2992  2992 I A02900/R1Api24Probe: E1_CALLBACK_SAMPLE|round=9|sequence=81|producerTid=3221|consumerTid=2992|payload=r09-s081-x68|hash=2350946914|valid=true
CST 2026-07-17 18:48:33.142  2992  2992 I A02900/R1Api24Probe: E1_CALLBACK_SAMPLE|round=9|sequence=82|producerTid=3221|consumerTid=2992|payload=r09-s082-x87|hash=3046093656|valid=true
CST 2026-07-17 18:48:33.142  2992  2992 I A02900/R1Api24Probe: E1_CALLBACK_SAMPLE|round=9|sequence=83|producerTid=3221|consumerTid=2992|payload=r09-s083-xa6|hash=358102537|valid=true
CST 2026-07-17 18:48:33.142  2992  2992 I A02900/R1Api24Probe: E1_CALLBACK_SAMPLE|round=9|sequence=84|producerTid=3221|consumerTid=2992|payload=r09-s084-xc5|hash=3866097571|valid=true
CST 2026-07-17 18:48:33.142  2992  2992 I A02900/R1Api24Probe: E1_CALLBACK_SAMPLE|round=9|sequence=85|producerTid=3221|consumerTid=2992|payload=r09-s085-xe4|hash=1784364657|valid=true
CST 2026-07-17 18:48:33.142  2992  2992 I A02900/R1Api24Probe: E1_CALLBACK_SAMPLE|round=9|sequence=86|producerTid=3221|consumerTid=2992|payload=r09-s086-x03|hash=4180238240|valid=true
CST 2026-07-17 18:48:33.142  1657  1813 I C02b61/ImageSource: CreatePixelMap success, id:1784285313140929,dSize:(0,0),srcSize: (288,288),dHdr:1,sHdr:1,memType: 2,cost 1159 us
CST 2026-07-17 18:48:33.142  2992  2992 I A02900/R1Api24Probe: E1_CALLBACK_SAMPLE|round=9|sequence=87|producerTid=3221|consumerTid=2992|payload=r09-s087-x22|hash=3311998542|valid=true
CST 2026-07-17 18:48:33.142  1657  1813 E C02b61/PixelMap: set ashmem name failed
CST 2026-07-17 18:48:33.142  2992  2992 I A02900/R1Api24Probe: E1_CALLBACK_SAMPLE|round=9|sequence=88|producerTid=3221|consumerTid=2992|payload=r09-s088-x41|hash=1099904716|valid=true
CST 2026-07-17 18:48:33.142  2992  2992 I A02900/R1Api24Probe: E1_CALLBACK_SAMPLE|round=9|sequence=89|producerTid=3221|consumerTid=2992|payload=r09-s089-x60|hash=2205307890|valid=true
CST 2026-07-17 18:48:33.142  2992  2992 I A02900/R1Api24Probe: E1_CALLBACK_SAMPLE|round=9|sequence=90|producerTid=3221|consumerTid=2992|payload=r09-s090-x7f|hash=444334563|valid=true
CST 2026-07-17 18:48:33.142  2992  2992 I A02900/R1Api24Probe: E1_CALLBACK_SAMPLE|round=9|sequence=91|producerTid=3221|consumerTid=2992|payload=r09-s091-x9e|hash=3419887703|valid=true
CST 2026-07-17 18:48:33.142  2992  2992 I A02900/R1Api24Probe: E1_CALLBACK_SAMPLE|round=9|sequence=92|producerTid=3221|consumerTid=2992|payload=r09-s092-xbd|hash=981237590|valid=true
CST 2026-07-17 18:48:33.142  2992  2992 I A02900/R1Api24Probe: E1_CALLBACK_SAMPLE|round=9|sequence=93|producerTid=3221|consumerTid=2992|payload=r09-s093-xdc|hash=187265862|valid=true
CST 2026-07-17 18:48:33.142  2992  2992 I A02900/R1Api24Probe: E1_CALLBACK_SAMPLE|round=9|sequence=94|producerTid=3221|consumerTid=2992|payload=r09-s094-xfb|hash=4003199798|valid=true
CST 2026-07-17 18:48:33.142  2992  2992 I A02900/R1Api24Probe: E1_CALLBACK_SAMPLE|round=9|sequence=95|producerTid=3221|consumerTid=2992|payload=r09-s095-x1a|hash=2285743119|valid=true
CST 2026-07-17 18:48:33.142  2992  2992 I A02900/R1Api24Probe: E1_CALLBACK_SAMPLE|round=9|sequence=96|producerTid=3221|consumerTid=2992|payload=r09-s096-x39|hash=2182318732|valid=true
CST 2026-07-17 18:48:33.142  2992  2992 I A02900/R1Api24Probe: E1_CALLBACK_SAMPLE|round=9|sequence=97|producerTid=3221|consumerTid=2992|payload=r09-s097-x58|hash=3186955158|valid=true
CST 2026-07-17 18:48:33.142  2992  2992 I A02900/R1Api24Probe: E1_CALLBACK_SAMPLE|round=9|sequence=98|producerTid=3221|consumerTid=2992|payload=r09-s098-x77|hash=4041007672|valid=true
CST 2026-07-17 18:48:33.142  2992  2992 I A02900/R1Api24Probe: E1_CALLBACK_SAMPLE|round=9|sequence=99|producerTid=3221|consumerTid=2992|payload=r09-s099-x96|hash=3128977090|valid=true
CST 2026-07-17 18:48:33.142  2992  2992 I A02900/R1Api24Probe: E1_CALLBACK_SAMPLE|round=9|sequence=100|producerTid=3221|consumerTid=2992|payload=r09-s100-xb5|hash=3198040237|valid=true
CST 2026-07-17 18:48:33.142  1657  1813 W A01b00/SCB: GraphicUtils --> com.huawei.hms.pushservice - getHdsIcon, size: (288, 288), pixelFormat: 4, leftTopPixel is transparent: true, 0-0-0-0
CST 2026-07-17 18:48:33.142  1657  1813 E C03900/HDS: [hds_drawable_descriptor.cpp-GetOtherIconsInfo:395]Get icon by name from resource failed, iconName: icon_mask, isGlobalMask: 0, state: 9001004
CST 2026-07-17 18:48:33.143  1657  1813 W C03900/HDS: [hds_drawable_descriptor.cpp-ProcessIcon:91]Mask size {192, 192}, bundleName: com.huawei.hms.pushservice
CST 2026-07-17 18:48:33.144   142   164 I C01800/SAMGR: NF SA:65962,931_50
CST 2026-07-17 18:48:33.156   634  2365 I C02515/DISP: [InitBufferHandle:229] express init gbuffer id 93d00000052 ret 0 err 0 fd 6 288 288 pixel 4 size 331776 usage 2b
CST 2026-07-17 18:48:33.156   634  2365 I C02515/DISP: [ExpressAllocMem:271] ExpressAllocMem requeset BufferHandle 6, width 288, heigt 288, format 20
CST 2026-07-17 18:48:33.161   634  2365 I C02515/DISP: [ExpressFreeMem:317] freeMem bufferhandle gbuffer_id 93d00000052, width 288, heigt 288
CST 2026-07-17 18:48:33.172   634  2365 I C02515/DISP: [InitBufferHandle:229] express init gbuffer id 93d00000053 ret 0 err 0 fd 6 222 222 pixel 4 size 197136 usage 2b
CST 2026-07-17 18:48:33.172   634  2365 I C02515/DISP: [ExpressAllocMem:271] ExpressAllocMem requeset BufferHandle 6, width 222, heigt 222, format 20
CST 2026-07-17 18:48:33.177   634  2365 I C02515/DISP: [ExpressFreeMem:317] freeMem bufferhandle gbuffer_id 93d00000053, width 222, heigt 222
CST 2026-07-17 18:48:33.180  1657  2227 I C02515/DISP: [ExpressFreeMem:317] freeMem bufferhandle gbuffer_id 93d00000052, width 288, heigt 288
CST 2026-07-17 18:48:33.190  2992  2992 I A02900/R1Api24Probe: E1_ROUND_RESULT|verdict=PASS|round=9|pid=2992|mainTid=2992|producerTid=3221|consumerTid=2992|buffers=100|callbacks=100|fdTransfers=1|bufferHashAggregate=1774892357|callbackHashAggregate=3084542708|fdPayloadHash=607522204|beforeFd=38|afterFd=38|beforeThreads=29|afterThreads=29|monotonicIncrease=false
CST 2026-07-17 18:48:33.190  2992  2992 I A02900/R1Api24Probe: E1_BUFFER_SAMPLE|round=10|sample=1|length=0|leftSentinel=154|rightSentinel=101|hash=2166136261|guards=true|nativeTid=2992
CST 2026-07-17 18:48:33.191  2992  2992 I A02900/R1Api24Probe: E1_BUFFER_SAMPLE|round=10|sample=2|length=1|leftSentinel=155|rightSentinel=100|hash=705468254|guards=true|nativeTid=2992
CST 2026-07-17 18:48:33.191  2992  2992 I A02900/R1Api24Probe: E1_BUFFER_SAMPLE|round=10|sample=3|length=2|leftSentinel=156|rightSentinel=99|hash=2264337320|guards=true|nativeTid=2992
CST 2026-07-17 18:48:33.191  2992  2992 I A02900/R1Api24Probe: E1_BUFFER_SAMPLE|round=10|sample=4|length=3|leftSentinel=157|rightSentinel=98|hash=3621492945|guards=true|nativeTid=2992
CST 2026-07-17 18:48:33.191  2992  2992 I A02900/R1Api24Probe: E1_BUFFER_SAMPLE|round=10|sample=5|length=4|leftSentinel=158|rightSentinel=97|hash=1607825657|guards=true|nativeTid=2992
CST 2026-07-17 18:48:33.191  2992  2992 I A02900/R1Api24Probe: E1_BUFFER_SAMPLE|round=10|sample=6|length=5|leftSentinel=159|rightSentinel=96|hash=3878364754|guards=true|nativeTid=2992
CST 2026-07-17 18:48:33.191  2992  2992 I A02900/R1Api24Probe: E1_BUFFER_SAMPLE|round=10|sample=7|length=6|leftSentinel=160|rightSentinel=95|hash=3855281832|guards=true|nativeTid=2992
CST 2026-07-17 18:48:33.191  2992  2992 I A02900/R1Api24Probe: E1_BUFFER_SAMPLE|round=10|sample=8|length=7|leftSentinel=161|rightSentinel=94|hash=4116633689|guards=true|nativeTid=2992
CST 2026-07-17 18:48:33.191  2992  2992 I A02900/R1Api24Probe: E1_BUFFER_SAMPLE|round=10|sample=9|length=8|leftSentinel=162|rightSentinel=93|hash=2669560413|guards=true|nativeTid=2992
CST 2026-07-17 18:48:33.191  2992  2992 I A02900/R1Api24Probe: E1_BUFFER_SAMPLE|round=10|sample=10|length=9|leftSentinel=163|rightSentinel=92|hash=3070851582|guards=true|nativeTid=2992
CST 2026-07-17 18:48:33.191  2992  2992 I A02900/R1Api24Probe: E1_BUFFER_SAMPLE|round=10|sample=11|length=10|leftSentinel=164|rightSentinel=91|hash=3919580568|guards=true|nativeTid=2992
CST 2026-07-17 18:48:33.191  2992  2992 I A02900/R1Api24Probe: E1_BUFFER_SAMPLE|round=10|sample=12|length=11|leftSentinel=165|rightSentinel=90|hash=4076329281|guards=true|nativeTid=2992
CST 2026-07-17 18:48:33.191  2992  2992 I A02900/R1Api24Probe: E1_BUFFER_SAMPLE|round=10|sample=13|length=12|leftSentinel=166|rightSentinel=89|hash=3159745601|guards=true|nativeTid=2992
CST 2026-07-17 18:48:33.191  2992  2992 I A02900/R1Api24Probe: E1_BUFFER_SAMPLE|round=10|sample=14|length=13|leftSentinel=167|rightSentinel=88|hash=2945528066|guards=true|nativeTid=2992
CST 2026-07-17 18:48:33.191  2992  2992 I A02900/R1Api24Probe: E1_BUFFER_SAMPLE|round=10|sample=15|length=14|leftSentinel=168|rightSentinel=87|hash=1523781208|guards=true|nativeTid=2992
CST 2026-07-17 18:48:33.191  2992  2992 I A02900/R1Api24Probe: E1_BUFFER_SAMPLE|round=10|sample=16|length=15|leftSentinel=169|rightSentinel=86|hash=1889828457|guards=true|nativeTid=2992
CST 2026-07-17 18:48:33.191  2992  2992 I A02900/R1Api24Probe: E1_BUFFER_SAMPLE|round=10|sample=17|length=16|leftSentinel=170|rightSentinel=85|hash=3152774165|guards=true|nativeTid=2992
CST 2026-07-17 18:48:33.191  2992  2992 I A02900/R1Api24Probe: E1_BUFFER_SAMPLE|round=10|sample=18|length=17|leftSentinel=171|rightSentinel=84|hash=231674270|guards=true|nativeTid=2992
CST 2026-07-17 18:48:33.191  2992  2992 I A02900/R1Api24Probe: E1_BUFFER_SAMPLE|round=10|sample=19|length=18|leftSentinel=172|rightSentinel=83|hash=426156488|guards=true|nativeTid=2992
CST 2026-07-17 18:48:33.192  2992  2992 I A02900/R1Api24Probe: E1_BUFFER_SAMPLE|round=10|sample=20|length=19|leftSentinel=173|rightSentinel=82|hash=132019537|guards=true|nativeTid=2992
CST 2026-07-17 18:48:33.192  2992  2992 I A02900/R1Api24Probe: E1_BUFFER_SAMPLE|round=10|sample=21|length=20|leftSentinel=174|rightSentinel=81|hash=1875009065|guards=true|nativeTid=2992
CST 2026-07-17 18:48:33.192  2992  2992 I A02900/R1Api24Probe: E1_BUFFER_SAMPLE|round=10|sample=22|length=21|leftSentinel=175|rightSentinel=80|hash=2174444370|guards=true|nativeTid=2992
CST 2026-07-17 18:48:33.192  2992  2992 I A02900/R1Api24Probe: E1_BUFFER_SAMPLE|round=10|sample=23|length=22|leftSentinel=176|rightSentinel=79|hash=3316768296|guards=true|nativeTid=2992
CST 2026-07-17 18:48:33.192  2992  2992 I A02900/R1Api24Probe: E1_BUFFER_SAMPLE|round=10|sample=24|length=23|leftSentinel=177|rightSentinel=78|hash=1605030329|guards=true|nativeTid=2992
CST 2026-07-17 18:48:33.192  2992  2992 I A02900/R1Api24Probe: E1_BUFFER_SAMPLE|round=10|sample=25|length=24|leftSentinel=178|rightSentinel=77|hash=3412426093|guards=true|nativeTid=2992
CST 2026-07-17 18:48:33.192  2992  2992 I A02900/R1Api24Probe: E1_BUFFER_SAMPLE|round=10|sample=26|length=25|leftSentinel=179|rightSentinel=76|hash=3693188734|guards=true|nativeTid=2992
CST 2026-07-17 18:48:33.192  2992  2992 I A02900/R1Api24Probe: E1_BUFFER_SAMPLE|round=10|sample=27|length=26|leftSentinel=180|rightSentinel=75|hash=3088981240|guards=true|nativeTid=2992
CST 2026-07-17 18:48:33.192  2992  2992 I A02900/R1Api24Probe: E1_BUFFER_SAMPLE|round=10|sample=28|length=27|leftSentinel=181|rightSentinel=74|hash=90459201|guards=true|nativeTid=2992
CST 2026-07-17 18:48:33.192  2992  2992 I A02900/R1Api24Probe: E1_BUFFER_SAMPLE|round=10|sample=29|length=28|leftSentinel=182|rightSentinel=73|hash=1145121489|guards=true|nativeTid=2992
CST 2026-07-17 18:48:33.192  2992  2992 I A02900/R1Api24Probe: E1_BUFFER_SAMPLE|round=10|sample=30|length=29|leftSentinel=183|rightSentinel=72|hash=1240901218|guards=true|nativeTid=2992
CST 2026-07-17 18:48:33.192  2992  2992 I A02900/R1Api24Probe: E1_BUFFER_SAMPLE|round=10|sample=31|length=30|leftSentinel=184|rightSentinel=71|hash=2110253528|guards=true|nativeTid=2992
CST 2026-07-17 18:48:33.192  2992  2992 I A02900/R1Api24Probe: E1_BUFFER_SAMPLE|round=10|sample=32|length=31|leftSentinel=185|rightSentinel=70|hash=1135015625|guards=true|nativeTid=2992
CST 2026-07-17 18:48:33.192  2992  2992 I A02900/R1Api24Probe: E1_BUFFER_SAMPLE|round=10|sample=33|length=32|leftSentinel=186|rightSentinel=69|hash=2917521829|guards=true|nativeTid=2992
CST 2026-07-17 18:48:33.192  2992  2992 I A02900/R1Api24Probe: E1_BUFFER_SAMPLE|round=10|sample=34|length=33|leftSentinel=187|rightSentinel=68|hash=3270190302|guards=true|nativeTid=2992
CST 2026-07-17 18:48:33.192  2992  2992 I A02900/R1Api24Probe: E1_BUFFER_SAMPLE|round=10|sample=35|length=34|leftSentinel=188|rightSentinel=67|hash=1858532072|guards=true|nativeTid=2992
CST 2026-07-17 18:48:33.193  2992  2992 I A02900/R1Api24Probe: E1_BUFFER_SAMPLE|round=10|sample=36|length=35|leftSentinel=189|rightSentinel=66|hash=1604706769|guards=true|nativeTid=2992
CST 2026-07-17 18:48:33.193  2992  2992 I A02900/R1Api24Probe: E1_BUFFER_SAMPLE|round=10|sample=37|length=36|leftSentinel=190|rightSentinel=65|hash=1760410329|guards=true|nativeTid=2992
CST 2026-07-17 18:48:33.193  2992  2992 I A02900/R1Api24Probe: E1_BUFFER_SAMPLE|round=10|sample=38|length=37|leftSentinel=191|rightSentinel=64|hash=1060148882|guards=true|nativeTid=2992
CST 2026-07-17 18:48:33.193  2992  2992 I A02900/R1Api24Probe: E1_BUFFER_SAMPLE|round=10|sample=39|length=38|leftSentinel=192|rightSentinel=63|hash=2472208872|guards=true|nativeTid=2992
CST 2026-07-17 18:48:33.193  2992  2992 I A02900/R1Api24Probe: E1_BUFFER_SAMPLE|round=10|sample=40|length=39|leftSentinel=193|rightSentinel=62|hash=3115636377|guards=true|nativeTid=2992
CST 2026-07-17 18:48:33.193  2992  2992 I A02900/R1Api24Probe: E1_BUFFER_SAMPLE|round=10|sample=41|length=40|leftSentinel=194|rightSentinel=61|hash=4191328701|guards=true|nativeTid=2992
CST 2026-07-17 18:48:33.193  2992  2992 I A02900/R1Api24Probe: E1_BUFFER_SAMPLE|round=10|sample=42|length=41|leftSentinel=195|rightSentinel=60|hash=3175073406|guards=true|nativeTid=2992
CST 2026-07-17 18:48:33.193  2992  2992 I A02900/R1Api24Probe: E1_BUFFER_SAMPLE|round=10|sample=43|length=42|leftSentinel=196|rightSentinel=59|hash=3292821080|guards=true|nativeTid=2992
CST 2026-07-17 18:48:33.193  2992  2992 I A02900/R1Api24Probe: E1_BUFFER_SAMPLE|round=10|sample=44|length=43|leftSentinel=197|rightSentinel=58|hash=2912869185|guards=true|nativeTid=2992
CST 2026-07-17 18:48:33.193  2992  2992 I A02900/R1Api24Probe: E1_BUFFER_SAMPLE|round=10|sample=45|length=44|leftSentinel=198|rightSentinel=57|hash=4088133665|guards=true|nativeTid=2992
CST 2026-07-17 18:48:33.193  2992  2992 I A02900/R1Api24Probe: E1_BUFFER_SAMPLE|round=10|sample=46|length=45|leftSentinel=199|rightSentinel=56|hash=1985393410|guards=true|nativeTid=2992
CST 2026-07-17 18:48:33.193  2992  2992 I A02900/R1Api24Probe: E1_BUFFER_SAMPLE|round=10|sample=47|length=46|leftSentinel=200|rightSentinel=55|hash=3556495384|guards=true|nativeTid=2992
CST 2026-07-17 18:48:33.193  2992  2992 I A02900/R1Api24Probe: E1_BUFFER_SAMPLE|round=10|sample=48|length=47|leftSentinel=201|rightSentinel=54|hash=1629331881|guards=true|nativeTid=2992
CST 2026-07-17 18:48:33.193  2992  2992 I A02900/R1Api24Probe: E1_BUFFER_SAMPLE|round=10|sample=49|length=48|leftSentinel=202|rightSentinel=53|hash=4240615349|guards=true|nativeTid=2992
CST 2026-07-17 18:48:33.193  2992  2992 I A02900/R1Api24Probe: E1_BUFFER_SAMPLE|round=10|sample=50|length=49|leftSentinel=203|rightSentinel=52|hash=87077342|guards=true|nativeTid=2992
CST 2026-07-17 18:48:33.193  2992  2992 I A02900/R1Api24Probe: E1_BUFFER_SAMPLE|round=10|sample=51|length=50|leftSentinel=204|rightSentinel=51|hash=2758709000|guards=true|nativeTid=2992
CST 2026-07-17 18:48:33.194  2992  2992 I A02900/R1Api24Probe: E1_BUFFER_SAMPLE|round=10|sample=52|length=51|leftSentinel=205|rightSentinel=50|hash=2581063121|guards=true|nativeTid=2992
CST 2026-07-17 18:48:33.194  2992  2992 I A02900/R1Api24Probe: E1_BUFFER_SAMPLE|round=10|sample=53|length=52|leftSentinel=206|rightSentinel=49|hash=2383516937|guards=true|nativeTid=2992
CST 2026-07-17 18:48:33.194  2992  2992 I A02900/R1Api24Probe: E1_BUFFER_SAMPLE|round=10|sample=54|length=53|leftSentinel=207|rightSentinel=48|hash=1995387154|guards=true|nativeTid=2992
CST 2026-07-17 18:48:33.194  2992  2992 I A02900/R1Api24Probe: E1_BUFFER_SAMPLE|round=10|sample=55|length=54|leftSentinel=208|rightSentinel=47|hash=3234599016|guards=true|nativeTid=2992
CST 2026-07-17 18:48:33.194  2992  2992 I A02900/R1Api24Probe: E1_BUFFER_SAMPLE|round=10|sample=56|length=55|leftSentinel=209|rightSentinel=46|hash=568791353|guards=true|nativeTid=2992
CST 2026-07-17 18:48:33.194  2992  2992 I A02900/R1Api24Probe: E1_BUFFER_SAMPLE|round=10|sample=57|length=56|leftSentinel=210|rightSentinel=45|hash=2908830989|guards=true|nativeTid=2992
CST 2026-07-17 18:48:33.194  2992  2992 I A02900/R1Api24Probe: E1_BUFFER_SAMPLE|round=10|sample=58|length=57|leftSentinel=211|rightSentinel=44|hash=3670987070|guards=true|nativeTid=2992
CST 2026-07-17 18:48:33.194  2992  2992 I A02900/R1Api24Probe: E1_BUFFER_SAMPLE|round=10|sample=59|length=58|leftSentinel=212|rightSentinel=43|hash=2390855352|guards=true|nativeTid=2992
CST 2026-07-17 18:48:33.194  2992  2992 I A02900/R1Api24Probe: E1_BUFFER_SAMPLE|round=10|sample=60|length=59|leftSentinel=213|rightSentinel=42|hash=1556670529|guards=true|nativeTid=2992
CST 2026-07-17 18:48:33.194  2992  2992 I A02900/R1Api24Probe: E1_BUFFER_SAMPLE|round=10|sample=61|length=60|leftSentinel=214|rightSentinel=41|hash=1359528817|guards=true|nativeTid=2992
CST 2026-07-17 18:48:33.194  1657  2227 I C02515/DISP: [ExpressFreeMem:317] freeMem bufferhandle gbuffer_id 93d00000053, width 222, heigt 222
CST 2026-07-17 18:48:33.194  2992  2992 I A02900/R1Api24Probe: E1_BUFFER_SAMPLE|round=10|sample=62|length=61|leftSentinel=215|rightSentinel=40|hash=1519586082|guards=true|nativeTid=2992
CST 2026-07-17 18:48:33.194  2992  2992 I A02900/R1Api24Probe: E1_BUFFER_SAMPLE|round=10|sample=63|length=62|leftSentinel=216|rightSentinel=39|hash=2361491480|guards=true|nativeTid=2992
CST 2026-07-17 18:48:33.194  2992  2992 I A02900/R1Api24Probe: E1_BUFFER_SAMPLE|round=10|sample=64|length=63|leftSentinel=217|rightSentinel=38|hash=3418197833|guards=true|nativeTid=2992
CST 2026-07-17 18:48:33.194  2992  2992 I A02900/R1Api24Probe: E1_BUFFER_SAMPLE|round=10|sample=65|length=64|leftSentinel=218|rightSentinel=37|hash=1849970949|guards=true|nativeTid=2992
CST 2026-07-17 18:48:33.194  2992  2992 I A02900/R1Api24Probe: E1_BUFFER_SAMPLE|round=10|sample=66|length=65|leftSentinel=219|rightSentinel=36|hash=3369426526|guards=true|nativeTid=2992
CST 2026-07-17 18:48:33.195  2992  2992 I A02900/R1Api24Probe: E1_BUFFER_SAMPLE|round=10|sample=67|length=66|leftSentinel=220|rightSentinel=35|hash=1059923240|guards=true|nativeTid=2992
CST 2026-07-17 18:48:33.195  2992  2992 I A02900/R1Api24Probe: E1_BUFFER_SAMPLE|round=10|sample=68|length=67|leftSentinel=221|rightSentinel=34|hash=4128887121|guards=true|nativeTid=2992
CST 2026-07-17 18:48:33.195  2992  2992 I A02900/R1Api24Probe: E1_BUFFER_SAMPLE|round=10|sample=69|length=68|leftSentinel=222|rightSentinel=33|hash=734367673|guards=true|nativeTid=2992
CST 2026-07-17 18:48:33.195  2992  2992 I A02900/R1Api24Probe: E1_BUFFER_SAMPLE|round=10|sample=70|length=69|leftSentinel=223|rightSentinel=32|hash=3849919698|guards=true|nativeTid=2992
CST 2026-07-17 18:48:33.195  2992  2992 I A02900/R1Api24Probe: E1_BUFFER_SAMPLE|round=10|sample=71|length=70|leftSentinel=224|rightSentinel=31|hash=2019432488|guards=true|nativeTid=2992
CST 2026-07-17 18:48:33.195  2992  2992 I A02900/R1Api24Probe: E1_BUFFER_SAMPLE|round=10|sample=72|length=71|leftSentinel=225|rightSentinel=30|hash=430699225|guards=true|nativeTid=2992
CST 2026-07-17 18:48:33.195  2992  2992 I A02900/R1Api24Probe: E1_BUFFER_SAMPLE|round=10|sample=73|length=72|leftSentinel=226|rightSentinel=29|hash=2067417885|guards=true|nativeTid=2992
CST 2026-07-17 18:48:33.195  2992  2992 I A02900/R1Api24Probe: E1_BUFFER_SAMPLE|round=10|sample=74|length=73|leftSentinel=227|rightSentinel=28|hash=4187604734|guards=true|nativeTid=2992
CST 2026-07-17 18:48:33.195  2992  2992 I A02900/R1Api24Probe: E1_BUFFER_SAMPLE|round=10|sample=75|length=74|leftSentinel=228|rightSentinel=27|hash=2215483672|guards=true|nativeTid=2992
CST 2026-07-17 18:48:33.195  2992  2992 I A02900/R1Api24Probe: E1_BUFFER_SAMPLE|round=10|sample=76|length=75|leftSentinel=229|rightSentinel=26|hash=2333777089|guards=true|nativeTid=2992
CST 2026-07-17 18:48:33.195  2992  2992 I A02900/R1Api24Probe: E1_BUFFER_SAMPLE|round=10|sample=77|length=76|leftSentinel=230|rightSentinel=25|hash=1815921537|guards=true|nativeTid=2992
CST 2026-07-17 18:48:33.195  2992  2992 I A02900/R1Api24Probe: E1_BUFFER_SAMPLE|round=10|sample=78|length=77|leftSentinel=231|rightSentinel=24|hash=252794754|guards=true|nativeTid=2992
CST 2026-07-17 18:48:33.195  2992  2992 I A02900/R1Api24Probe: E1_BUFFER_SAMPLE|round=10|sample=79|length=78|leftSentinel=232|rightSentinel=23|hash=2246494936|guards=true|nativeTid=2992
CST 2026-07-17 18:48:33.195  2992  2992 I A02900/R1Api24Probe: E1_BUFFER_SAMPLE|round=10|sample=80|length=79|leftSentinel=233|rightSentinel=22|hash=44577513|guards=true|nativeTid=2992
CST 2026-07-17 18:48:33.196  2992  2992 I A02900/R1Api24Probe: E1_BUFFER_SAMPLE|round=10|sample=81|length=80|leftSentinel=234|rightSentinel=21|hash=1033468245|guards=true|nativeTid=2992
CST 2026-07-17 18:48:33.196  2992  2992 I A02900/R1Api24Probe: E1_BUFFER_SAMPLE|round=10|sample=82|length=81|leftSentinel=235|rightSentinel=20|hash=1839397150|guards=true|nativeTid=2992
CST 2026-07-17 18:48:33.196  2992  2992 I A02900/R1Api24Probe: E1_BUFFER_SAMPLE|round=10|sample=83|length=82|leftSentinel=236|rightSentinel=19|hash=2258614472|guards=true|nativeTid=2992
CST 2026-07-17 18:48:33.196  2992  2992 I A02900/R1Api24Probe: E1_BUFFER_SAMPLE|round=10|sample=84|length=83|leftSentinel=237|rightSentinel=18|hash=213512145|guards=true|nativeTid=2992
CST 2026-07-17 18:48:33.196  2992  2992 I A02900/R1Api24Probe: E1_BUFFER_SAMPLE|round=10|sample=85|length=84|leftSentinel=238|rightSentinel=17|hash=2362521449|guards=true|nativeTid=2992
CST 2026-07-17 18:48:33.196  2992  2992 I A02900/R1Api24Probe: E1_BUFFER_SAMPLE|round=10|sample=86|length=85|leftSentinel=239|rightSentinel=16|hash=793831378|guards=true|nativeTid=2992
CST 2026-07-17 18:48:33.196  2992  2992 I A02900/R1Api24Probe: E1_BUFFER_SAMPLE|round=10|sample=87|length=86|leftSentinel=240|rightSentinel=15|hash=1033908520|guards=true|nativeTid=2992
CST 2026-07-17 18:48:33.196  2992  2992 I A02900/R1Api24Probe: E1_BUFFER_SAMPLE|round=10|sample=88|length=87|leftSentinel=241|rightSentinel=14|hash=2799461945|guards=true|nativeTid=2992
CST 2026-07-17 18:48:33.196  2992  2992 I A02900/R1Api24Probe: E1_BUFFER_SAMPLE|round=10|sample=89|length=88|leftSentinel=242|rightSentinel=13|hash=2774408493|guards=true|nativeTid=2992
CST 2026-07-17 18:48:33.196  2992  2992 I A02900/R1Api24Probe: E1_BUFFER_SAMPLE|round=10|sample=90|length=89|leftSentinel=243|rightSentinel=12|hash=876568190|guards=true|nativeTid=2992
CST 2026-07-17 18:48:33.196  2992  2992 I A02900/R1Api24Probe: E1_BUFFER_SAMPLE|round=10|sample=91|length=90|leftSentinel=244|rightSentinel=11|hash=2542742776|guards=true|nativeTid=2992
CST 2026-07-17 18:48:33.196  2992  2992 I A02900/R1Api24Probe: E1_BUFFER_SAMPLE|round=10|sample=92|length=91|leftSentinel=245|rightSentinel=10|hash=3930500929|guards=true|nativeTid=2992
CST 2026-07-17 18:48:33.196  2992  2992 I A02900/R1Api24Probe: E1_BUFFER_SAMPLE|round=10|sample=93|length=92|leftSentinel=246|rightSentinel=9|hash=1137547793|guards=true|nativeTid=2992
CST 2026-07-17 18:48:33.197  2992  2992 I A02900/R1Api24Probe: E1_BUFFER_SAMPLE|round=10|sample=94|length=93|leftSentinel=247|rightSentinel=8|hash=3901563874|guards=true|nativeTid=2992
CST 2026-07-17 18:48:33.197  2992  2992 I A02900/R1Api24Probe: E1_BUFFER_SAMPLE|round=10|sample=95|length=94|leftSentinel=248|rightSentinel=7|hash=624652760|guards=true|nativeTid=2992
CST 2026-07-17 18:48:33.197  2992  2992 I A02900/R1Api24Probe: E1_BUFFER_SAMPLE|round=10|sample=96|length=95|leftSentinel=249|rightSentinel=6|hash=2216793801|guards=true|nativeTid=2992
CST 2026-07-17 18:48:33.197  2992  2992 I A02900/R1Api24Probe: E1_BUFFER_SAMPLE|round=10|sample=97|length=96|leftSentinel=250|rightSentinel=5|hash=1819080677|guards=true|nativeTid=2992
CST 2026-07-17 18:48:33.197  2992  2992 I A02900/R1Api24Probe: E1_BUFFER_SAMPLE|round=10|sample=98|length=97|leftSentinel=251|rightSentinel=4|hash=1782881886|guards=true|nativeTid=2992
CST 2026-07-17 18:48:33.197  2992  2992 I A02900/R1Api24Probe: E1_BUFFER_SAMPLE|round=10|sample=99|length=98|leftSentinel=252|rightSentinel=3|hash=3895815400|guards=true|nativeTid=2992
CST 2026-07-17 18:48:33.197  2992  2992 I A02900/R1Api24Probe: E1_BUFFER_SAMPLE|round=10|sample=100|length=99|leftSentinel=253|rightSentinel=2|hash=1869763665|guards=true|nativeTid=2992
CST 2026-07-17 18:48:33.197  2992  2992 I A02900/R1Api24Probe: E1_FD_CREATED|fdA=37|fdB=38|creatorTid=2992|owner=ArkTS
CST 2026-07-17 18:48:33.197  2992  2992 I A02900/R1Api24Probe: E1_FD_RESULT|round=10|fdA=37|fdB=38|duplicateFd=39|written=23|read=23|payload=fd-round-10-sentinel-72|payloadHash=956208151|closeA=0|closeDuplicate=0|closeB=0|duplicateCloseA=-1|errnoA=9|duplicateCloseB=-1|errnoB=9|owner=closed-by-native|nativeTid=2992
CST 2026-07-17 18:48:33.197  2992  3222 I A02900/R1Api24Probe: E1_PTHREAD_START|round=10|producerTid=3222
CST 2026-07-17 18:48:33.197  2992  3222 I A02900/R1Api24Probe: E1_PTHREAD_FINISH|round=10|producerTid=3222|queued=100|status=0
CST 2026-07-17 18:48:33.197  2992  2992 I A02900/R1Api24Probe: E1_CALLBACK_SAMPLE|round=10|sequence=1|producerTid=3222|consumerTid=2992|payload=r10-s001-xc9|hash=1925428186|valid=true
CST 2026-07-17 18:48:33.198  2992  2992 I A02900/R1Api24Probe: E1_CALLBACK_SAMPLE|round=10|sequence=2|producerTid=3222|consumerTid=2992|payload=r10-s002-xe8|hash=2134339518|valid=true
CST 2026-07-17 18:48:33.198  2992  2992 I A02900/R1Api24Probe: E1_CALLBACK_SAMPLE|round=10|sequence=3|producerTid=3222|consumerTid=2992|payload=r10-s003-x07|hash=1219190129|valid=true
CST 2026-07-17 18:48:33.198  2992  2992 I A02900/R1Api24Probe: E1_CALLBACK_SAMPLE|round=10|sequence=4|producerTid=3222|consumerTid=2992|payload=r10-s004-x26|hash=1735347125|valid=true
CST 2026-07-17 18:48:33.198  2992  2992 I A02900/R1Api24Probe: E1_CALLBACK_SAMPLE|round=10|sequence=5|producerTid=3222|consumerTid=2992|payload=r10-s005-x45|hash=203231957|valid=true
CST 2026-07-17 18:48:33.198  2992  2992 I A02900/R1Api24Probe: E1_CALLBACK_SAMPLE|round=10|sequence=6|producerTid=3222|consumerTid=2992|payload=r10-s006-x64|hash=614694069|valid=true
CST 2026-07-17 18:48:33.198  2992  2992 I A02900/R1Api24Probe: E1_CALLBACK_SAMPLE|round=10|sequence=7|producerTid=3222|consumerTid=2992|payload=r10-s007-x83|hash=2780352041|valid=true
CST 2026-07-17 18:48:33.198  2992  2992 I A02900/R1Api24Probe: E1_CALLBACK_SAMPLE|round=10|sequence=8|producerTid=3222|consumerTid=2992|payload=r10-s008-xa2|hash=3797801010|valid=true
CST 2026-07-17 18:48:33.198  2992  2992 I A02900/R1Api24Probe: E1_CALLBACK_SAMPLE|round=10|sequence=9|producerTid=3222|consumerTid=2992|payload=r10-s009-xc1|hash=3834036714|valid=true
CST 2026-07-17 18:48:33.198  2992  2992 I A02900/R1Api24Probe: E1_CALLBACK_SAMPLE|round=10|sequence=10|producerTid=3222|consumerTid=2992|payload=r10-s010-xe0|hash=1581447049|valid=true
CST 2026-07-17 18:48:33.198  2992  2992 I A02900/R1Api24Probe: E1_CALLBACK_SAMPLE|round=10|sequence=11|producerTid=3222|consumerTid=2992|payload=r10-s011-xff|hash=3451395947|valid=true
CST 2026-07-17 18:48:33.198  2992  2992 I A02900/R1Api24Probe: E1_CALLBACK_SAMPLE|round=10|sequence=12|producerTid=3222|consumerTid=2992|payload=r10-s012-x1e|hash=849236248|valid=true
CST 2026-07-17 18:48:33.198  2992  2992 I A02900/R1Api24Probe: E1_CALLBACK_SAMPLE|round=10|sequence=13|producerTid=3222|consumerTid=2992|payload=r10-s013-x3d|hash=3496104722|valid=true
CST 2026-07-17 18:48:33.198  2992  2992 I A02900/R1Api24Probe: E1_CALLBACK_SAMPLE|round=10|sequence=14|producerTid=3222|consumerTid=2992|payload=r10-s014-x5c|hash=1826616556|valid=true
CST 2026-07-17 18:48:33.198  2992  2992 I A02900/R1Api24Probe: E1_CALLBACK_SAMPLE|round=10|sequence=15|producerTid=3222|consumerTid=2992|payload=r10-s015-x7b|hash=1543592390|valid=true
CST 2026-07-17 18:48:33.198  2992  2992 I A02900/R1Api24Probe: E1_CALLBACK_SAMPLE|round=10|sequence=16|producerTid=3222|consumerTid=2992|payload=r10-s016-x9a|hash=3844026384|valid=true
CST 2026-07-17 18:48:33.198  2992  2992 I A02900/R1Api24Probe: E1_CALLBACK_SAMPLE|round=10|sequence=17|producerTid=3222|consumerTid=2992|payload=r10-s017-xb9|hash=2002282664|valid=true
CST 2026-07-17 18:48:33.198  2992  2992 I A02900/R1Api24Probe: E1_CALLBACK_SAMPLE|round=10|sequence=18|producerTid=3222|consumerTid=2992|payload=r10-s018-xd8|hash=3019659248|valid=true
CST 2026-07-17 18:48:33.198  2992  2992 I A02900/R1Api24Probe: E1_CALLBACK_SAMPLE|round=10|sequence=19|producerTid=3222|consumerTid=2992|payload=r10-s019-xf7|hash=4092391888|valid=true
CST 2026-07-17 18:48:33.198  2992  2992 I A02900/R1Api24Probe: E1_CALLBACK_SAMPLE|round=10|sequence=20|producerTid=3222|consumerTid=2992|payload=r10-s020-x16|hash=1482851708|valid=true
CST 2026-07-17 18:48:33.198  2992  2992 I A02900/R1Api24Probe: E1_CALLBACK_SAMPLE|round=10|sequence=21|producerTid=3222|consumerTid=2992|payload=r10-s021-x35|hash=3325703660|valid=true
CST 2026-07-17 18:48:33.198  2992  2992 I A02900/R1Api24Probe: E1_CALLBACK_SAMPLE|round=10|sequence=22|producerTid=3222|consumerTid=2992|payload=r10-s022-x54|hash=84215840|valid=true
CST 2026-07-17 18:48:33.198  2992  2992 I A02900/R1Api24Probe: E1_CALLBACK_SAMPLE|round=10|sequence=23|producerTid=3222|consumerTid=2992|payload=r10-s023-x73|hash=1068346164|valid=true
CST 2026-07-17 18:48:33.199  2992  2992 I A02900/R1Api24Probe: E1_CALLBACK_SAMPLE|round=10|sequence=24|producerTid=3222|consumerTid=2992|payload=r10-s024-x92|hash=2946187508|valid=true
CST 2026-07-17 18:48:33.199  2992  2992 I A02900/R1Api24Probe: E1_CALLBACK_SAMPLE|round=10|sequence=25|producerTid=3222|consumerTid=2992|payload=r10-s025-xb1|hash=4007234617|valid=true
CST 2026-07-17 18:48:33.199  2992  2992 I A02900/R1Api24Probe: E1_CALLBACK_SAMPLE|round=10|sequence=26|producerTid=3222|consumerTid=2992|payload=r10-s026-xd0|hash=2927331401|valid=true
CST 2026-07-17 18:48:33.199  2992  2992 I A02900/R1Api24Probe: E1_CALLBACK_SAMPLE|round=10|sequence=27|producerTid=3222|consumerTid=2992|payload=r10-s027-xef|hash=928079589|valid=true
CST 2026-07-17 18:48:33.199  2992  2992 I A02900/R1Api24Probe: E1_CALLBACK_SAMPLE|round=10|sequence=28|producerTid=3222|consumerTid=2992|payload=r10-s028-x0e|hash=1752829432|valid=true
CST 2026-07-17 18:48:33.199  2992  2992 I A02900/R1Api24Probe: E1_CALLBACK_SAMPLE|round=10|sequence=29|producerTid=3222|consumerTid=2992|payload=r10-s029-x2d|hash=2621290262|valid=true
CST 2026-07-17 18:48:33.199  2992  2992 I A02900/R1Api24Probe: E1_CALLBACK_SAMPLE|round=10|sequence=30|producerTid=3222|consumerTid=2992|payload=r10-s030-x4c|hash=4176961711|valid=true
CST 2026-07-17 18:48:33.199  2992  2992 I A02900/R1Api24Probe: E1_CALLBACK_SAMPLE|round=10|sequence=31|producerTid=3222|consumerTid=2992|payload=r10-s031-x6b|hash=2634942505|valid=true
CST 2026-07-17 18:48:33.199  2992  2992 I A02900/R1Api24Probe: E1_CALLBACK_SAMPLE|round=10|sequence=32|producerTid=3222|consumerTid=2992|payload=r10-s032-x8a|hash=1916029671|valid=true
CST 2026-07-17 18:48:33.199  2992  2992 I A02900/R1Api24Probe: E1_CALLBACK_SAMPLE|round=10|sequence=33|producerTid=3222|consumerTid=2992|payload=r10-s033-xa9|hash=3778279493|valid=true
CST 2026-07-17 18:48:33.199  2992  2992 I A02900/R1Api24Probe: E1_CALLBACK_SAMPLE|round=10|sequence=34|producerTid=3222|consumerTid=2992|payload=r10-s034-xc8|hash=1392788777|valid=true
CST 2026-07-17 18:48:33.199  2992  2992 I A02900/R1Api24Probe: E1_CALLBACK_SAMPLE|round=10|sequence=35|producerTid=3222|consumerTid=2992|payload=r10-s035-xe7|hash=3093665873|valid=true
CST 2026-07-17 18:48:33.199  2992  2992 I A02900/R1Api24Probe: E1_CALLBACK_SAMPLE|round=10|sequence=36|producerTid=3222|consumerTid=2992|payload=r10-s036-x06|hash=3895917426|valid=true
CST 2026-07-17 18:48:33.199  2992  2992 I A02900/R1Api24Probe: E1_CALLBACK_SAMPLE|round=10|sequence=37|producerTid=3222|consumerTid=2992|payload=r10-s037-x25|hash=2065543286|valid=true
CST 2026-07-17 18:48:33.199  2992  2992 I A02900/R1Api24Probe: E1_CALLBACK_SAMPLE|round=10|sequence=38|producerTid=3222|consumerTid=2992|payload=r10-s038-x44|hash=1273250782|valid=true
CST 2026-07-17 18:48:33.199  2992  2992 I A02900/R1Api24Probe: E1_CALLBACK_SAMPLE|round=10|sequence=39|producerTid=3222|consumerTid=2992|payload=r10-s039-x63|hash=3656771422|valid=true
CST 2026-07-17 18:48:33.199  2992  2992 I A02900/R1Api24Probe: E1_CALLBACK_SAMPLE|round=10|sequence=40|producerTid=3222|consumerTid=2992|payload=r10-s040-x82|hash=3309895051|valid=true
CST 2026-07-17 18:48:33.199  2992  2992 I A02900/R1Api24Probe: E1_CALLBACK_SAMPLE|round=10|sequence=41|producerTid=3222|consumerTid=2992|payload=r10-s041-xa1|hash=4004220848|valid=true
CST 2026-07-17 18:48:33.199  2992  2992 I A02900/R1Api24Probe: E1_CALLBACK_SAMPLE|round=10|sequence=42|producerTid=3222|consumerTid=2992|payload=r10-s042-xc0|hash=2346159340|valid=true
CST 2026-07-17 18:48:33.199  2992  2992 I A02900/R1Api24Probe: E1_CALLBACK_SAMPLE|round=10|sequence=43|producerTid=3222|consumerTid=2992|payload=r10-s043-xdf|hash=1483136206|valid=true
CST 2026-07-17 18:48:33.199  2992  2992 I A02900/R1Api24Probe: E1_CALLBACK_SAMPLE|round=10|sequence=44|producerTid=3222|consumerTid=2992|payload=r10-s044-xfe|hash=2917443516|valid=true
CST 2026-07-17 18:48:33.199  2992  2992 I A02900/R1Api24Probe: E1_CALLBACK_SAMPLE|round=10|sequence=45|producerTid=3222|consumerTid=2992|payload=r10-s045-x1d|hash=4233517267|valid=true
CST 2026-07-17 18:48:33.200  2992  2992 I A02900/R1Api24Probe: E1_CALLBACK_SAMPLE|round=10|sequence=46|producerTid=3222|consumerTid=2992|payload=r10-s046-x3c|hash=3210050625|valid=true
CST 2026-07-17 18:48:33.200  2992  2992 I A02900/R1Api24Probe: E1_CALLBACK_SAMPLE|round=10|sequence=47|producerTid=3222|consumerTid=2992|payload=r10-s047-x5b|hash=1601419915|valid=true
CST 2026-07-17 18:48:33.200  2992  2992 I A02900/R1Api24Probe: E1_CALLBACK_SAMPLE|round=10|sequence=48|producerTid=3222|consumerTid=2992|payload=r10-s048-x7a|hash=2752661105|valid=true
CST 2026-07-17 18:48:33.200  2992  2992 I A02900/R1Api24Probe: E1_CALLBACK_SAMPLE|round=10|sequence=49|producerTid=3222|consumerTid=2992|payload=r10-s049-x99|hash=2371535096|valid=true
CST 2026-07-17 18:48:33.200  2992  2992 I A02900/R1Api24Probe: E1_CALLBACK_SAMPLE|round=10|sequence=50|producerTid=3222|consumerTid=2992|payload=r10-s050-xb8|hash=778446362|valid=true
CST 2026-07-17 18:48:33.200  2992  2992 I A02900/R1Api24Probe: E1_CALLBACK_SAMPLE|round=10|sequence=51|producerTid=3222|consumerTid=2992|payload=r10-s051-xd7|hash=2581952402|valid=true
CST 2026-07-17 18:48:33.200  2992  2992 I A02900/R1Api24Probe: E1_CALLBACK_SAMPLE|round=10|sequence=52|producerTid=3222|consumerTid=2992|payload=r10-s052-xf6|hash=2193541750|valid=true
CST 2026-07-17 18:48:33.200  2992  2992 I A02900/R1Api24Probe: E1_CALLBACK_SAMPLE|round=10|sequence=53|producerTid=3222|consumerTid=2992|payload=r10-s053-x15|hash=3733292559|valid=true
CST 2026-07-17 18:48:33.200  2992  2992 I A02900/R1Api24Probe: E1_CALLBACK_SAMPLE|round=10|sequence=54|producerTid=3222|consumerTid=2992|payload=r10-s054-x34|hash=1109364187|valid=true
CST 2026-07-17 18:48:33.200  2992  2992 I A02900/R1Api24Probe: E1_CALLBACK_SAMPLE|round=10|sequence=55|producerTid=3222|consumerTid=2992|payload=r10-s055-x53|hash=3897228107|valid=true
CST 2026-07-17 18:48:33.200  2992  2992 I A02900/R1Api24Probe: E1_CALLBACK_SAMPLE|round=10|sequence=56|producerTid=3222|consumerTid=2992|payload=r10-s056-x72|hash=3672379587|valid=true
CST 2026-07-17 18:48:33.200  2992  2992 I A02900/R1Api24Probe: E1_CALLBACK_SAMPLE|round=10|sequence=57|producerTid=3222|consumerTid=2992|payload=r10-s057-x91|hash=6470087|valid=true
CST 2026-07-17 18:48:33.200  2992  2992 I A02900/R1Api24Probe: E1_CALLBACK_SAMPLE|round=10|sequence=58|producerTid=3222|consumerTid=2992|payload=r10-s058-xb0|hash=3439053178|valid=true
CST 2026-07-17 18:48:33.200  2992  2992 I A02900/R1Api24Probe: E1_CALLBACK_SAMPLE|round=10|sequence=59|producerTid=3222|consumerTid=2992|payload=r10-s059-xcf|hash=1854256158|valid=true
CST 2026-07-17 18:48:33.200  2992  2992 I A02900/R1Api24Probe: E1_CALLBACK_SAMPLE|round=10|sequence=60|producerTid=3222|consumerTid=2992|payload=r10-s060-xee|hash=532841413|valid=true
CST 2026-07-17 18:48:33.200  2992  2992 I A02900/R1Api24Probe: E1_CALLBACK_SAMPLE|round=10|sequence=61|producerTid=3222|consumerTid=2992|payload=r10-s061-x0d|hash=1780689560|valid=true
CST 2026-07-17 18:48:33.200  2992  2992 I A02900/R1Api24Probe: E1_CALLBACK_SAMPLE|round=10|sequence=62|producerTid=3222|consumerTid=2992|payload=r10-s062-x2c|hash=1065951010|valid=true
CST 2026-07-17 18:48:33.200  2992  2992 I A02900/R1Api24Probe: E1_CALLBACK_SAMPLE|round=10|sequence=63|producerTid=3222|consumerTid=2992|payload=r10-s063-x4b|hash=2209838692|valid=true
CST 2026-07-17 18:48:33.200  2992  2992 I A02900/R1Api24Probe: E1_CALLBACK_SAMPLE|round=10|sequence=64|producerTid=3222|consumerTid=2992|payload=r10-s064-x6a|hash=3800359638|valid=true
CST 2026-07-17 18:48:33.200  2992  2992 I A02900/R1Api24Probe: E1_CALLBACK_SAMPLE|round=10|sequence=65|producerTid=3222|consumerTid=2992|payload=r10-s065-x89|hash=115634795|valid=true
CST 2026-07-17 18:48:33.200  2992  2992 I A02900/R1Api24Probe: E1_CALLBACK_SAMPLE|round=10|sequence=66|producerTid=3222|consumerTid=2992|payload=r10-s066-xa8|hash=3283301936|valid=true
CST 2026-07-17 18:48:33.201  2992  2992 I A02900/R1Api24Probe: E1_CALLBACK_SAMPLE|round=10|sequence=67|producerTid=3222|consumerTid=2992|payload=r10-s067-xc7|hash=2135885500|valid=true
CST 2026-07-17 18:48:33.201  2992  2992 I A02900/R1Api24Probe: E1_CALLBACK_SAMPLE|round=10|sequence=68|producerTid=3222|consumerTid=2992|payload=r10-s068-xe6|hash=3453432676|valid=true
CST 2026-07-17 18:48:33.201  2992  2992 I A02900/R1Api24Probe: E1_CALLBACK_SAMPLE|round=10|sequence=69|producerTid=3222|consumerTid=2992|payload=r10-s069-x05|hash=2882652867|valid=true
CST 2026-07-17 18:48:33.201  2992  2992 I A02900/R1Api24Probe: E1_CALLBACK_SAMPLE|round=10|sequence=70|producerTid=3222|consumerTid=2992|payload=r10-s070-x24|hash=2351128940|valid=true
CST 2026-07-17 18:48:33.201  2992  2992 I A02900/R1Api24Probe: E1_CALLBACK_SAMPLE|round=10|sequence=71|producerTid=3222|consumerTid=2992|payload=r10-s071-x43|hash=1871312924|valid=true
CST 2026-07-17 18:48:33.201  2992  2992 I A02900/R1Api24Probe: E1_CALLBACK_SAMPLE|round=10|sequence=72|producerTid=3222|consumerTid=2992|payload=r10-s072-x62|hash=972085512|valid=true
CST 2026-07-17 18:48:33.201  2992  2992 I A02900/R1Api24Probe: E1_CALLBACK_SAMPLE|round=10|sequence=73|producerTid=3222|consumerTid=2992|payload=r10-s073-x81|hash=3101394836|valid=true
CST 2026-07-17 18:48:33.201  2992  2992 I A02900/R1Api24Probe: E1_CALLBACK_SAMPLE|round=10|sequence=74|producerTid=3222|consumerTid=2992|payload=r10-s074-xa0|hash=4242381287|valid=true
CST 2026-07-17 18:48:33.201  2992  2992 I A02900/R1Api24Probe: E1_CALLBACK_SAMPLE|round=10|sequence=75|producerTid=3222|consumerTid=2992|payload=r10-s075-xbf|hash=1307352777|valid=true
CST 2026-07-17 18:48:33.201  2992  2992 I A02900/R1Api24Probe: E1_CALLBACK_SAMPLE|round=10|sequence=76|producerTid=3222|consumerTid=2992|payload=r10-s076-xde|hash=1814948639|valid=true
CST 2026-07-17 18:48:33.201  2992  2992 I A02900/R1Api24Probe: E1_CALLBACK_SAMPLE|round=10|sequence=77|producerTid=3222|consumerTid=2992|payload=r10-s077-xfd|hash=1649092129|valid=true
CST 2026-07-17 18:48:33.201  2992  2992 I A02900/R1Api24Probe: E1_CALLBACK_SAMPLE|round=10|sequence=78|producerTid=3222|consumerTid=2992|payload=r10-s078-x1c|hash=2780371078|valid=true
CST 2026-07-17 18:48:33.201  2992  2992 I A02900/R1Api24Probe: E1_CALLBACK_SAMPLE|round=10|sequence=79|producerTid=3222|consumerTid=2992|payload=r10-s079-x3b|hash=1869888972|valid=true
CST 2026-07-17 18:48:33.201  2992  2992 I A02900/R1Api24Probe: E1_CALLBACK_SAMPLE|round=10|sequence=80|producerTid=3222|consumerTid=2992|payload=r10-s080-x5a|hash=42134859|valid=true
CST 2026-07-17 18:48:33.201  2992  2992 I A02900/R1Api24Probe: E1_CALLBACK_SAMPLE|round=10|sequence=81|producerTid=3222|consumerTid=2992|payload=r10-s081-x79|hash=2768698462|valid=true
CST 2026-07-17 18:48:33.201  2992  2992 I A02900/R1Api24Probe: E1_CALLBACK_SAMPLE|round=10|sequence=82|producerTid=3222|consumerTid=2992|payload=r10-s082-x98|hash=1107682298|valid=true
CST 2026-07-17 18:48:33.201  2992  2992 I A02900/R1Api24Probe: E1_CALLBACK_SAMPLE|round=10|sequence=83|producerTid=3222|consumerTid=2992|payload=r10-s083-xb7|hash=3006587127|valid=true
CST 2026-07-17 18:48:33.201  2992  2992 I A02900/R1Api24Probe: E1_CALLBACK_SAMPLE|round=10|sequence=84|producerTid=3222|consumerTid=2992|payload=r10-s084-xd6|hash=3424557163|valid=true
CST 2026-07-17 18:48:33.201  2992  2992 I A02900/R1Api24Probe: E1_CALLBACK_SAMPLE|round=10|sequence=85|producerTid=3222|consumerTid=2992|payload=r10-s085-xf5|hash=3719985203|valid=true
CST 2026-07-17 18:48:33.201  2992  2992 I A02900/R1Api24Probe: E1_CALLBACK_SAMPLE|round=10|sequence=86|producerTid=3222|consumerTid=2992|payload=r10-s086-x14|hash=2642350266|valid=true
CST 2026-07-17 18:48:33.201  2992  2992 I A02900/R1Api24Probe: E1_CALLBACK_SAMPLE|round=10|sequence=87|producerTid=3222|consumerTid=2992|payload=r10-s087-x33|hash=117901566|valid=true
CST 2026-07-17 18:48:33.201  2992  2992 I A02900/R1Api24Probe: E1_CALLBACK_SAMPLE|round=10|sequence=88|producerTid=3222|consumerTid=2992|payload=r10-s088-x52|hash=1548570982|valid=true
CST 2026-07-17 18:48:33.201  2992  2992 I A02900/R1Api24Probe: E1_CALLBACK_SAMPLE|round=10|sequence=89|producerTid=3222|consumerTid=2992|payload=r10-s089-x71|hash=3297438686|valid=true
CST 2026-07-17 18:48:33.202  2992  2992 I A02900/R1Api24Probe: E1_CALLBACK_SAMPLE|round=10|sequence=90|producerTid=3222|consumerTid=2992|payload=r10-s090-x90|hash=3409115181|valid=true
CST 2026-07-17 18:48:33.202  2992  2992 I A02900/R1Api24Probe: E1_CALLBACK_SAMPLE|round=10|sequence=91|producerTid=3222|consumerTid=2992|payload=r10-s091-xaf|hash=1000778120|valid=true
CST 2026-07-17 18:48:33.202  2992  2992 I A02900/R1Api24Probe: E1_CALLBACK_SAMPLE|round=10|sequence=92|producerTid=3222|consumerTid=2992|payload=r10-s092-xce|hash=2876364942|valid=true
CST 2026-07-17 18:48:33.202  2992  2992 I A02900/R1Api24Probe: E1_CALLBACK_SAMPLE|round=10|sequence=93|producerTid=3222|consumerTid=2992|payload=r10-s093-xed|hash=390008484|valid=true
CST 2026-07-17 18:48:33.202  2992  2992 I A02900/R1Api24Probe: E1_CALLBACK_SAMPLE|round=10|sequence=94|producerTid=3222|consumerTid=2992|payload=r10-s094-x0c|hash=3643983465|valid=true
CST 2026-07-17 18:48:33.202  2992  2992 I A02900/R1Api24Probe: E1_CALLBACK_SAMPLE|round=10|sequence=95|producerTid=3222|consumerTid=2992|payload=r10-s095-x2b|hash=3524926463|valid=true
CST 2026-07-17 18:48:33.202  2992  2992 I A02900/R1Api24Probe: E1_CALLBACK_SAMPLE|round=10|sequence=96|producerTid=3222|consumerTid=2992|payload=r10-s096-x4a|hash=3449118977|valid=true
CST 2026-07-17 18:48:33.202  2992  2992 I A02900/R1Api24Probe: E1_CALLBACK_SAMPLE|round=10|sequence=97|producerTid=3222|consumerTid=2992|payload=r10-s097-x69|hash=3159806132|valid=true
CST 2026-07-17 18:48:33.202  2992  2992 I A02900/R1Api24Probe: E1_CALLBACK_SAMPLE|round=10|sequence=98|producerTid=3222|consumerTid=2992|payload=r10-s098-x88|hash=3165223204|valid=true
CST 2026-07-17 18:48:33.202  2992  2992 I A02900/R1Api24Probe: E1_CALLBACK_SAMPLE|round=10|sequence=99|producerTid=3222|consumerTid=2992|payload=r10-s099-xa7|hash=1964524291|valid=true
CST 2026-07-17 18:48:33.202  2992  2992 I A02900/R1Api24Probe: E1_CALLBACK_SAMPLE|round=10|sequence=100|producerTid=3222|consumerTid=2992|payload=r10-s100-xc6|hash=2309049691|valid=true
CST 2026-07-17 18:48:33.207  1657  2227 I C03900/HDS: [hds_drawable_descriptor.cpp-ProcessIcon:101]set pixelmap editable : 0 .
CST 2026-07-17 18:48:33.207  1657  2227 E C02b61/PixelMap: set ashmem name failed
CST 2026-07-17 18:48:33.208  1657  2227 W A01b00/SCB: GraphicUtils --> combinePic from HdsIcon, bundleName: com.huawei.hms.pushservice, iconSizeOfGrid: 64, hasBorder: true
CST 2026-07-17 18:48:33.208  1657  2227 I A01b00/SCB: IconResourceFwk --> getBundleIcon end param: com.huawei.hms.pushservice, 64, true true
CST 2026-07-17 18:48:33.213  1657  1799 I C02b61/ImageCode: DoEncode:(224, 224) cost 4866 us
CST 2026-07-17 18:48:33.214  1657  1800 I C01631/GaussPD:  [0] [ADAPTER] [139901058128640] Not support binlog_default.writeLock file enable del monitor sysno = 25
CST 2026-07-17 18:48:33.214  1657  1800 I C01631/GaussPD:  [0] [ADAPTER] [139901058128640] Not support binlog_default.writeLock file enable del monitor sysno = 25
CST 2026-07-17 18:48:33.215  1657  1800 I C01631/GaussPD:  [0] [ADAPTER] [139901058128640] Not support binlog_default.writeLock file enable del monitor sysno = 25
CST 2026-07-17 18:48:33.215  1657  1800 I C01631/GaussPD:  [0] [ADAPTER] [139901058128640] Not support binlog_default.writeLock file enable del monitor sysno = 25
CST 2026-07-17 18:48:33.215  1657  1800 I C01631/GaussPD:  [0] [ADAPTER] [139901058128640] Not support binlog_default.writeIndex file enable del monitor sysno = 25
CST 2026-07-17 18:48:33.215  1657  1800 I C01631/GaussPD:  [0] [ADAPTER] [139901058128640] Not support binlog_default.writeIndex file enable del monitor sysno = 25
CST 2026-07-17 18:48:33.215  1657  2227 I A01a01/NC: NotificationConfigManager: update icon result: com.huawei.hms.pushservice, 41210
CST 2026-07-17 18:48:33.215  1657  2227 I A01b00/SCB: IconResourceFwk --> getBundleIcon start param: com.huawei.hmos.inputmethod, 64, true true
CST 2026-07-17 18:48:33.215  1657  2227 W A01b00/SCB: IconResourceUtils --> getIconResource from bms getBundleResourceInfo for com.huawei.hmos.inputmethod 0
CST 2026-07-17 18:48:33.216   766  1196 I C01120/BMS: icon rdb get resource icon start -n com.huawei.hmos.inputmethod -i 0 -f 16
CST 2026-07-17 18:48:33.217   766  1196 E C01650/StepResultSet: GoToRow:position[0] rowCount[0] rowPos_[-1]!
CST 2026-07-17 18:48:33.228  1657  2227 E C01707/CONCUR: [Interface] task 2227 apply qos failed, errno = 4
CST 2026-07-17 18:48:33.233  1657  2227 I C02b61/ImageSource: CreatePixelMap success, id:1784285313218764,dSize:(0,0),srcSize: (512,512),dHdr:1,sHdr:1,memType: 2,cost 14749 us
CST 2026-07-17 18:48:33.233  1657  2227 E C02b61/PixelMap: set ashmem name failed
CST 2026-07-17 18:48:33.234  1657  2227 W A01b00/SCB: GraphicUtils --> com.huawei.hmos.inputmethod - getHdsIcon, size: (512, 512), pixelFormat: 4, leftTopPixel is transparent: true, 0-0-0-0
CST 2026-07-17 18:48:33.234  1657  2227 E C03900/HDS: [hds_drawable_descriptor.cpp-GetOtherIconsInfo:395]Get icon by name from resource failed, iconName: icon_mask, isGlobalMask: 0, state: 9001004
CST 2026-07-17 18:48:33.237  1657  2227 W C03900/HDS: [hds_drawable_descriptor.cpp-ProcessIcon:91]Mask size {192, 192}, bundleName: com.huawei.hmos.inputmethod
CST 2026-07-17 18:48:33.250   634  2365 I C02515/DISP: [InitBufferHandle:229] express init gbuffer id 93d00000054 ret 0 err 0 fd 6 512 512 pixel 4 size 1048576 usage 2b
CST 2026-07-17 18:48:33.250   634  2365 I C02515/DISP: [ExpressAllocMem:271] ExpressAllocMem requeset BufferHandle 6, width 512, heigt 512, format 20
CST 2026-07-17 18:48:33.250  2992  2992 I A02900/R1Api24Probe: E1_ROUND_RESULT|verdict=PASS|round=10|pid=2992|mainTid=2992|producerTid=3222|consumerTid=2992|buffers=100|callbacks=100|fdTransfers=1|bufferHashAggregate=3360330837|callbackHashAggregate=1760219668|fdPayloadHash=956208151|beforeFd=38|afterFd=38|beforeThreads=29|afterThreads=29|monotonicIncrease=false
CST 2026-07-17 18:48:33.250  2992  2992 I A02900/R1Api24Probe: E1_TSFN_FINALIZED|consumerTid=2992
CST 2026-07-17 18:48:33.254   634  2365 I C02515/DISP: [ExpressFreeMem:317] freeMem bufferhandle gbuffer_id 93d00000054, width 512, heigt 512
CST 2026-07-17 18:48:33.266   634  2365 I C02515/DISP: [InitBufferHandle:229] express init gbuffer id 93d00000055 ret 0 err 0 fd 6 222 222 pixel 4 size 197136 usage 2b
CST 2026-07-17 18:48:33.266   634  2365 I C02515/DISP: [ExpressAllocMem:271] ExpressAllocMem requeset BufferHandle 6, width 222, heigt 222, format 20
CST 2026-07-17 18:48:33.270   634  2365 I C02515/DISP: [ExpressFreeMem:317] freeMem bufferhandle gbuffer_id 93d00000055, width 222, heigt 222
CST 2026-07-17 18:48:33.273  1657  1737 I C02515/DISP: [ExpressFreeMem:317] freeMem bufferhandle gbuffer_id 93d00000054, width 512, heigt 512
CST 2026-07-17 18:48:33.296  1215  1247 I C01560/EmlsrManager: CheckEmlsrSwitchStatus emlsrSwitchCond: be, wifiLinkType: 0, wifiConnState: 0, isScreenOn:1, hotspot: 0, p2p: 0, powerSave: 0, HML: 0, throughputValid:0, foregroundAppValid: 1, networkQualityValid: 0, isWhiteApp_:0,isThermalValid: 1
CST 2026-07-17 18:48:33.309   178   619 E C02510/devsvc_manager_stub: StubGetService service hmi_service not found
CST 2026-07-17 18:48:33.309   172   347 E C02510/hdi_servmgr_client: get hdi service hmi_service failed, -1
CST 2026-07-17 18:48:33.309   172   347 E C02510/hmi_interface_proxy: Get:get remote object failed!
CST 2026-07-17 18:48:33.309   172   347 I C02d19/CHR_SERVICE: [HmiClient][modem_log_client]GetService: hmiInterface is nullptr.
CST 2026-07-17 18:48:33.309   172   347 I C02d19/CHR_SERVICE: [HmiClient][modem_log_client]TryGetServiceDelayed: retryCount=11, delayed=4000.
CST 2026-07-17 18:48:33.315  2992  2992 I A02900/R1Api24Probe: E1_C_PROBE_RESULT|verdict=PASS|pid=2992|mainTid=2992|rounds=10|buffers=1000|callbacks=1000|fdTransfers=10|baselineFd=38|finalFd=38|baselineThreads=29|finalThreads=29|mechanism=napi_threadsafe_function|scope=C-only
CST 2026-07-17 18:48:33.316  1657  1737 I C02515/DISP: [ExpressFreeMem:317] freeMem bufferhandle gbuffer_id 93d00000055, width 222, heigt 222
CST 2026-07-17 18:48:33.320  2992  2992 W C03913/AceText: [(100000:100000:scope)] destroy TxtParagraph with placeholderCnt_ 0, textAlign_ 1, count 0
CST 2026-07-17 18:48:33.330  1657  1737 I C03900/HDS: [hds_drawable_descriptor.cpp-ProcessIcon:101]set pixelmap editable : 0 .
CST 2026-07-17 18:48:33.330  1657  1737 E C02b61/PixelMap: set ashmem name failed
CST 2026-07-17 18:48:33.331  1657  1737 W A01b00/SCB: GraphicUtils --> combinePic from HdsIcon, bundleName: com.huawei.hmos.inputmethod, iconSizeOfGrid: 64, hasBorder: true
CST 2026-07-17 18:48:33.331  1657  1737 I A01b00/SCB: IconResourceFwk --> getBundleIcon end param: com.huawei.hmos.inputmethod, 64, true true
CST 2026-07-17 18:48:33.335   765   765 E C01406/RSScreenManager: IsAllScreensPowerOff: screenPowerStatus_ is empty.
CST 2026-07-17 18:48:33.335  1657  1798 I C02b61/ImageCode: DoEncode:(224, 224) cost 3761 us
CST 2026-07-17 18:48:33.337  1657  1799 I C01631/GaussPD:  [0] [ADAPTER] [139901066529536] Not support binlog_default.writeLock file enable del monitor sysno = 25
CST 2026-07-17 18:48:33.337  1657  1799 I C01631/GaussPD:  [0] [ADAPTER] [139901066529536] Not support binlog_default.writeLock file enable del monitor sysno = 25
CST 2026-07-17 18:48:33.337  1657  1799 I C01631/GaussPD:  [0] [ADAPTER] [139901066529536] Not support binlog_default.writeLock file enable del monitor sysno = 25
CST 2026-07-17 18:48:33.337  1657  1799 I C01631/GaussPD:  [0] [ADAPTER] [139901066529536] Not support binlog_default.writeLock file enable del monitor sysno = 25
CST 2026-07-17 18:48:33.337  1657  1799 I C01631/GaussPD:  [0] [ADAPTER] [139901066529536] Not support binlog_default.writeIndex file enable del monitor sysno = 25
CST 2026-07-17 18:48:33.337  1657  1799 I C01631/GaussPD:  [0] [ADAPTER] [139901066529536] Not support binlog_default.writeIndex file enable del monitor sysno = 25
CST 2026-07-17 18:48:33.337  1657  1737 I A01a01/NC: NotificationConfigManager: update icon result: com.huawei.hmos.inputmethod, 24626
CST 2026-07-17 18:48:33.337  1657  1737 I A01b00/SCB: IconResourceFwk --> getBundleIcon start param: com.ohos.pasteboarddialog, 64, true true
CST 2026-07-17 18:48:33.338  1657  1737 W A01b00/SCB: IconResourceUtils --> getIconResource from bms getBundleResourceInfo for com.ohos.pasteboarddialog 0
CST 2026-07-17 18:48:33.338   766  1196 I C01120/BMS: icon rdb get resource icon start -n com.ohos.pasteboarddialog -i 0 -f 16
CST 2026-07-17 18:48:33.338   766  1196 E C01650/StepResultSet: GoToRow:position[0] rowCount[0] rowPos_[-1]!
CST 2026-07-17 18:48:33.339  1657  1737 I C02b61/ImageSource: CreatePixelMap success, id:1784285313339130,dSize:(0,0),srcSize: (114,114),dHdr:1,sHdr:1,memType: 2,cost 584 us
CST 2026-07-17 18:48:33.339  1657  1737 E C02b61/PixelMap: set ashmem name failed
CST 2026-07-17 18:48:33.340  1657  1737 W A01b00/SCB: GraphicUtils --> com.ohos.pasteboarddialog - getHdsIcon, size: (114, 114), pixelFormat: 4, leftTopPixel is transparent: true, 0-0-0-0
CST 2026-07-17 18:48:33.340  1657  1737 E C03900/HDS: [hds_drawable_descriptor.cpp-GetOtherIconsInfo:395]Get icon by name from resource failed, iconName: icon_mask, isGlobalMask: 0, state: 9001004
CST 2026-07-17 18:48:33.340  1657  1737 W C03900/HDS: [hds_drawable_descriptor.cpp-ProcessIcon:91]Mask size {192, 192}, bundleName: com.ohos.pasteboarddialog
CST 2026-07-17 18:48:33.341  1657  2227 I C02b61/PixelMap: PixelMap::scale SLR 209, srcSize: [192, 192], dstSize: [114, 114], cost: 1
CST 2026-07-17 18:48:33.345   142   164 I C01800/SAMGR: NF SA:65962,931_51
CST 2026-07-17 18:48:33.353   634  2365 I C02515/DISP: [InitBufferHandle:229] express init gbuffer id 93d00000056 ret 0 err 0 fd 6 114 114 pixel 4 size 51984 usage 2b
CST 2026-07-17 18:48:33.353   634  2365 I C02515/DISP: [ExpressAllocMem:271] ExpressAllocMem requeset BufferHandle 6, width 114, heigt 114, format 20
CST 2026-07-17 18:48:33.353   765   906 E C02515/DGLES: [d_eglSwapBuffers_special@egl_gpu.cpp:729] thread output size 919074 speed 631k/s API_num 8395
CST 2026-07-17 18:48:33.354   635  2281 W C02515/DISP: [SetLayerMaskInfo:495] <private> is not supported
CST 2026-07-17 18:48:33.354   635   695 I C02515/DISP: [CommitComposeLayer:67] CommitComposeLayer! 10
CST 2026-07-17 18:48:33.356   634  2365 I C02515/DISP: [ExpressFreeMem:317] freeMem bufferhandle gbuffer_id 93d00000056, width 114, heigt 114
CST 2026-07-17 18:48:33.366  2992  2992 I A02900/R1Api24Probe: E2_INITIAL_RESOURCE|pid=2992|mainTid=2992|fd=38|threads=29|testRunner=false|scope=C-only
CST 2026-07-17 18:48:33.375   634  2365 I C02515/DISP: [InitBufferHandle:229] express init gbuffer id 93d00000057 ret 0 err 0 fd 6 222 222 pixel 4 size 197136 usage 2b
CST 2026-07-17 18:48:33.375   634  2365 I C02515/DISP: [ExpressAllocMem:271] ExpressAllocMem requeset BufferHandle 6, width 222, heigt 222, format 20
CST 2026-07-17 18:48:33.380   634  2365 I C02515/DISP: [ExpressFreeMem:317] freeMem bufferhandle gbuffer_id 93d00000057, width 222, heigt 222
CST 2026-07-17 18:48:33.381  1657  2227 I C02515/DISP: [ExpressFreeMem:317] freeMem bufferhandle gbuffer_id 93d00000056, width 114, heigt 114
CST 2026-07-17 18:48:33.395  2992  2992 I A02900/R1Api24Probe: E2_UDP_DATAGRAM|round=1|direction=C2S|id=101|bytes=192|hash=1680094109|valid=true
CST 2026-07-17 18:48:33.396  2992  2992 I A02900/R1Api24Probe: E2_UDP_DATAGRAM|round=1|direction=S2C|id=151|bytes=192|hash=111370139|valid=true
CST 2026-07-17 18:48:33.396  2992  2992 I A02900/R1Api24Probe: E2_UDP_DATAGRAM|round=1|direction=C2S|id=102|bytes=192|hash=385653237|valid=true
CST 2026-07-17 18:48:33.396  2992  2992 I A02900/R1Api24Probe: E2_UDP_DATAGRAM|round=1|direction=S2C|id=152|bytes=192|hash=2258397993|valid=true
CST 2026-07-17 18:48:33.396  2992  2992 I A02900/R1Api24Probe: E2_UDP_DATAGRAM|round=1|direction=C2S|id=103|bytes=192|hash=567107725|valid=true
CST 2026-07-17 18:48:33.396  2992  2992 I A02900/R1Api24Probe: E2_UDP_DATAGRAM|round=1|direction=S2C|id=153|bytes=192|hash=2494857395|valid=true
CST 2026-07-17 18:48:33.396  2992  2992 I A02900/R1Api24Probe: E2_HOST_CANDIDATE|round=1|route=eth0:10.0.2.0/255.255.255.0|address=10.0.2.2|port=39021|attempt=1|errno=0|connected=true
CST 2026-07-17 18:48:33.398  2992  2992 I A02900/R1Api24Probe: E2_HOST_UDP_DATAGRAM|round=1|address=10.0.2.2|port=39022|id=101|bytes=224|hash=1610543253|valid=true
CST 2026-07-17 18:48:33.398  2992  2992 I A02900/R1Api24Probe: E2_HOST_UDP_DATAGRAM|round=1|address=10.0.2.2|port=39022|id=102|bytes=224|hash=3673882735|valid=true
CST 2026-07-17 18:48:33.398  2992  2992 I A02900/R1Api24Probe: E2_HOST_UDP_DATAGRAM|round=1|address=10.0.2.2|port=39022|id=103|bytes=224|hash=3970880581|valid=true
CST 2026-07-17 18:48:33.399   646   716 E C015b0/NetsysNativeService: ProcGetDefaultNetworkCommand 101
CST 2026-07-17 18:48:33.399   646   716 E C015b0/NetsysNativeService: ProcGetDefaultNetworkCommand 101
CST 2026-07-17 18:48:33.399  2992  2992 I A02900/R1Api24Probe: E2_TCP_LOOPBACK|verdict=PASS|round=1|listenerGeneration=1|port=46551|bytes=4096|sentHash=4024492485|echoHash=4024492485|clientWriteCalls=14|serverPartialReads=142|serverWriteCalls=13|clientPartialReads=179|epollEvents=3
CST 2026-07-17 18:48:33.399  2992  2992 I A02900/R1Api24Probe: E2_UDP_LOOPBACK|verdict=PASS|round=1|c2s=3|s2c=3|clientAggregate=947521232|serverAggregate=3901178146|pollEvents=12
CST 2026-07-17 18:48:33.400  2992  2992 I A02900/R1Api24Probe: E2_HOST_ROUTE|verdict=PASS|round=1|source=getifaddrs|route=eth0:10.0.2.0/255.255.255.0|selected=10.0.2.2|candidateAttempts=1
CST 2026-07-17 18:48:33.400  2992  2992 I A02900/R1Api24Probe: E2_HOST_TCP|verdict=PASS|round=1|address=10.0.2.2|port=39021|bytes=2048|echoHash=277523053|writeCalls=7|partialReads=56|pollEvents=64
CST 2026-07-17 18:48:33.400  2992  2992 I A02900/R1Api24Probe: E2_HOST_UDP|verdict=PASS|round=1|address=10.0.2.2|port=39022|datagrams=3|aggregate=1690043702|pollEvents=6
CST 2026-07-17 18:48:33.400  2992  2992 I A02900/R1Api24Probe: E2_DNS|verdict=PASS|round=1|localhostCount=1|ipv4=1|ipv6=0|allLoopback=true|invalidName=e2-reserved.invalid|invalidFlags=AI_NUMERICHOST|invalidCode=-2|invalidMessage=Name does not resolve|publicDnsUsed=false
CST 2026-07-17 18:48:33.400  2992  2992 I A02900/R1Api24Probe: E2_EVENT_PATHS|verdict=PASS|round=1|epollEvents=3|pollTimeoutMs=25|peerCloseEOF=1|listenerCloseErrno=9|refusedErrno=111
CST 2026-07-17 18:48:33.400  2992  2992 I A02900/R1Api24Probe: E2_ROUND_RESULT|verdict=PASS|round=1|pid=2992|mainTid=2992|tcpLoop=PASS|udpLoop=PASS|hostTcp=PASS|hostUdp=PASS|dns=PASS|events=PASS|hostAddress=10.0.2.2|tcpHash=4024492485|udpClientAggregate=947521232|udpServerAggregate=3901178146|hostTcpHash=277523053|hostUdpAggregate=1690043702|beforeFd=38|afterFd=38|beforeThreads=29|afterThreads=29|fdLeak=false|threadLeak=false
CST 2026-07-17 18:48:33.418  1657  2227 I C02515/DISP: [ExpressFreeMem:317] freeMem bufferhandle gbuffer_id 93d00000057, width 222, heigt 222
CST 2026-07-17 18:48:33.427  2992  2992 I A02900/R1Api24Probe: E2_UDP_DATAGRAM|round=2|direction=C2S|id=201|bytes=192|hash=3077072712|valid=true
CST 2026-07-17 18:48:33.427  2992  2992 I A02900/R1Api24Probe: E2_UDP_DATAGRAM|round=2|direction=S2C|id=251|bytes=192|hash=69243796|valid=true
CST 2026-07-17 18:48:33.427  2992  2992 I A02900/R1Api24Probe: E2_UDP_DATAGRAM|round=2|direction=C2S|id=202|bytes=192|hash=29422662|valid=true
CST 2026-07-17 18:48:33.427  2992  2992 I A02900/R1Api24Probe: E2_UDP_DATAGRAM|round=2|direction=S2C|id=252|bytes=192|hash=2138112252|valid=true
CST 2026-07-17 18:48:33.427  2992  2992 I A02900/R1Api24Probe: E2_UDP_DATAGRAM|round=2|direction=C2S|id=203|bytes=192|hash=616945764|valid=true
CST 2026-07-17 18:48:33.427  2992  2992 I A02900/R1Api24Probe: E2_UDP_DATAGRAM|round=2|direction=S2C|id=253|bytes=192|hash=4268758412|valid=true
CST 2026-07-17 18:48:33.427  2992  2992 I A02900/R1Api24Probe: E2_HOST_CANDIDATE|round=2|route=eth0:10.0.2.0/255.255.255.0|address=10.0.2.2|port=39021|attempt=1|errno=0|connected=true
CST 2026-07-17 18:48:33.428  2992  2992 I A02900/R1Api24Probe: E2_HOST_UDP_DATAGRAM|round=2|address=10.0.2.2|port=39022|id=201|bytes=224|hash=3098715924|valid=true
CST 2026-07-17 18:48:33.429  2992  2992 I A02900/R1Api24Probe: E2_HOST_UDP_DATAGRAM|round=2|address=10.0.2.2|port=39022|id=202|bytes=224|hash=2377939004|valid=true
CST 2026-07-17 18:48:33.429  2992  2992 I A02900/R1Api24Probe: E2_HOST_UDP_DATAGRAM|round=2|address=10.0.2.2|port=39022|id=203|bytes=224|hash=232164268|valid=true
CST 2026-07-17 18:48:33.429   646   716 E C015b0/NetsysNativeService: ProcGetDefaultNetworkCommand 101
CST 2026-07-17 18:48:33.430   646   716 E C015b0/NetsysNativeService: ProcGetDefaultNetworkCommand 101
CST 2026-07-17 18:48:33.430  2992  2992 I A02900/R1Api24Probe: E2_TCP_LOOPBACK|verdict=PASS|round=2|listenerGeneration=2|port=60909|bytes=4096|sentHash=4158212549|echoHash=4158212549|clientWriteCalls=14|serverPartialReads=142|serverWriteCalls=13|clientPartialReads=179|epollEvents=3
CST 2026-07-17 18:48:33.430  2992  2992 I A02900/R1Api24Probe: E2_UDP_LOOPBACK|verdict=PASS|round=2|c2s=3|s2c=3|clientAggregate=1271792035|serverAggregate=1336622427|pollEvents=12
CST 2026-07-17 18:48:33.430  2992  2992 I A02900/R1Api24Probe: E2_HOST_ROUTE|verdict=PASS|round=2|source=getifaddrs|route=eth0:10.0.2.0/255.255.255.0|selected=10.0.2.2|candidateAttempts=1
CST 2026-07-17 18:48:33.430  2992  2992 I A02900/R1Api24Probe: E2_HOST_TCP|verdict=PASS|round=2|address=10.0.2.2|port=39021|bytes=2048|echoHash=1815527696|writeCalls=7|partialReads=56|pollEvents=64
CST 2026-07-17 18:48:33.430  2992  2992 I A02900/R1Api24Probe: E2_HOST_UDP|verdict=PASS|round=2|address=10.0.2.2|port=39022|datagrams=3|aggregate=1757580809|pollEvents=6
CST 2026-07-17 18:48:33.430  2992  2992 I A02900/R1Api24Probe: E2_DNS|verdict=PASS|round=2|localhostCount=1|ipv4=1|ipv6=0|allLoopback=true|invalidName=e2-reserved.invalid|invalidFlags=AI_NUMERICHOST|invalidCode=-2|invalidMessage=Name does not resolve|publicDnsUsed=false
CST 2026-07-17 18:48:33.430  2992  2992 I A02900/R1Api24Probe: E2_EVENT_PATHS|verdict=PASS|round=2|epollEvents=3|pollTimeoutMs=25|peerCloseEOF=1|listenerCloseErrno=9|refusedErrno=111
CST 2026-07-17 18:48:33.430  2992  2992 I A02900/R1Api24Probe: E2_ROUND_RESULT|verdict=PASS|round=2|pid=2992|mainTid=2992|tcpLoop=PASS|udpLoop=PASS|hostTcp=PASS|hostUdp=PASS|dns=PASS|events=PASS|hostAddress=10.0.2.2|tcpHash=4158212549|udpClientAggregate=1271792035|udpServerAggregate=1336622427|hostTcpHash=1815527696|hostUdpAggregate=1757580809|beforeFd=38|afterFd=38|beforeThreads=29|afterThreads=29|fdLeak=false|threadLeak=false
CST 2026-07-17 18:48:33.432  1657  2227 I C03900/HDS: [hds_drawable_descriptor.cpp-ProcessIcon:101]set pixelmap editable : 0 .
CST 2026-07-17 18:48:33.432  1657  2227 E C02b61/PixelMap: set ashmem name failed
CST 2026-07-17 18:48:33.433  1657  2227 W A01b00/SCB: GraphicUtils --> combinePic from HdsIcon, bundleName: com.ohos.pasteboarddialog, iconSizeOfGrid: 64, hasBorder: true
CST 2026-07-17 18:48:33.433  1657  2227 I A01b00/SCB: IconResourceFwk --> getBundleIcon end param: com.ohos.pasteboarddialog, 64, true true
CST 2026-07-17 18:48:33.438  1657  1797 I C02b61/ImageCode: DoEncode:(224, 224) cost 4473 us
CST 2026-07-17 18:48:33.439  1657  1798 I C01631/GaussPD:  [0] [ADAPTER] [139901074930432] Not support binlog_default.writeLock file enable del monitor sysno = 25
CST 2026-07-17 18:48:33.439  1657  1798 I C01631/GaussPD:  [0] [ADAPTER] [139901074930432] Not support binlog_default.writeLock file enable del monitor sysno = 25
CST 2026-07-17 18:48:33.440  1657  1798 I C01631/GaussPD:  [0] [ADAPTER] [139901074930432] Not support binlog_default.writeLock file enable del monitor sysno = 25
CST 2026-07-17 18:48:33.440  1657  1798 I C01631/GaussPD:  [0] [ADAPTER] [139901074930432] Not support binlog_default.writeLock file enable del monitor sysno = 25
CST 2026-07-17 18:48:33.440  1657  1798 I C01631/GaussPD:  [0] [ADAPTER] [139901074930432] Not support binlog_default.writeIndex file enable del monitor sysno = 25
CST 2026-07-17 18:48:33.440  1657  1798 I C01631/GaussPD:  [0] [ADAPTER] [139901074930432] Not support binlog_default.writeIndex file enable del monitor sysno = 25
CST 2026-07-17 18:48:33.440  1657  2227 I A01a01/NC: NotificationConfigManager: update icon result: com.ohos.pasteboarddialog, 38242
CST 2026-07-17 18:48:33.440  1657  2227 I A01b00/SCB: IconResourceFwk --> getBundleIcon start param: com.huawei.hms.scanservice, 64, true true
CST 2026-07-17 18:48:33.440  1657  2227 W A01b00/SCB: IconResourceUtils --> getIconResource from bms getBundleResourceInfo for com.huawei.hms.scanservice 0
CST 2026-07-17 18:48:33.441   766  1196 I C01120/BMS: icon rdb get resource icon start -n com.huawei.hms.scanservice -i 0 -f 16
CST 2026-07-17 18:48:33.441   766  1196 E C01650/StepResultSet: GoToRow:position[0] rowCount[0] rowPos_[-1]!
CST 2026-07-17 18:48:33.442  1657  2227 I C02b61/ImageSource: CreatePixelMap success, id:1784285313441897,dSize:(0,0),srcSize: (114,114),dHdr:1,sHdr:1,memType: 2,cost 712 us
CST 2026-07-17 18:48:33.442  1657  2227 E C02b61/PixelMap: set ashmem name failed
CST 2026-07-17 18:48:33.443  1657  2227 W A01b00/SCB: GraphicUtils --> com.huawei.hms.scanservice - getHdsIcon, size: (114, 114), pixelFormat: 4, leftTopPixel is transparent: true, 0-0-0-0
CST 2026-07-17 18:48:33.443  1657  2227 E C03900/HDS: [hds_drawable_descriptor.cpp-GetOtherIconsInfo:395]Get icon by name from resource failed, iconName: icon_mask, isGlobalMask: 0, state: 9001004
CST 2026-07-17 18:48:33.443  1657  2227 W C03900/HDS: [hds_drawable_descriptor.cpp-ProcessIcon:91]Mask size {192, 192}, bundleName: com.huawei.hms.scanservice
CST 2026-07-17 18:48:33.444  1657  1737 I C02b61/PixelMap: PixelMap::scale SLR 213, srcSize: [192, 192], dstSize: [114, 114], cost: 1
CST 2026-07-17 18:48:33.455   634  2365 I C02515/DISP: [InitBufferHandle:229] express init gbuffer id 93d00000058 ret 0 err 0 fd 6 114 114 pixel 4 size 51984 usage 2b
CST 2026-07-17 18:48:33.455   634  2365 I C02515/DISP: [ExpressAllocMem:271] ExpressAllocMem requeset BufferHandle 6, width 114, heigt 114, format 20
CST 2026-07-17 18:48:33.457  2992  2992 I A02900/R1Api24Probe: E2_UDP_DATAGRAM|round=3|direction=C2S|id=301|bytes=192|hash=248561439|valid=true
CST 2026-07-17 18:48:33.457  2992  2992 I A02900/R1Api24Probe: E2_UDP_DATAGRAM|round=3|direction=S2C|id=351|bytes=192|hash=4020971609|valid=true
CST 2026-07-17 18:48:33.457  2992  2992 I A02900/R1Api24Probe: E2_UDP_DATAGRAM|round=3|direction=C2S|id=302|bytes=192|hash=679025691|valid=true
CST 2026-07-17 18:48:33.457  2992  2992 I A02900/R1Api24Probe: E2_UDP_DATAGRAM|round=3|direction=S2C|id=352|bytes=192|hash=1742341547|valid=true
CST 2026-07-17 18:48:33.457  2992  2992 I A02900/R1Api24Probe: E2_UDP_DATAGRAM|round=3|direction=C2S|id=303|bytes=192|hash=3196700003|valid=true
CST 2026-07-17 18:48:33.457  2992  2992 I A02900/R1Api24Probe: E2_UDP_DATAGRAM|round=3|direction=S2C|id=353|bytes=192|hash=2227579293|valid=true
CST 2026-07-17 18:48:33.459  2992  2992 I A02900/R1Api24Probe: E2_HOST_CANDIDATE|round=3|route=eth0:10.0.2.0/255.255.255.0|address=10.0.2.2|port=39021|attempt=1|errno=0|connected=true
CST 2026-07-17 18:48:33.459   634  2365 I C02515/DISP: [ExpressFreeMem:317] freeMem bufferhandle gbuffer_id 93d00000058, width 114, heigt 114
CST 2026-07-17 18:48:33.463  2992  2992 I A02900/R1Api24Probe: E2_HOST_UDP_DATAGRAM|round=3|address=10.0.2.2|port=39022|id=301|bytes=224|hash=1097394711|valid=true
CST 2026-07-17 18:48:33.467  2992  2992 I A02900/R1Api24Probe: E2_HOST_UDP_DATAGRAM|round=3|address=10.0.2.2|port=39022|id=302|bytes=224|hash=4283230309|valid=true
CST 2026-07-17 18:48:33.470   634  2365 I C02515/DISP: [InitBufferHandle:229] express init gbuffer id 93d00000059 ret 0 err 0 fd 6 222 222 pixel 4 size 197136 usage 2b
CST 2026-07-17 18:48:33.471   634  2365 I C02515/DISP: [ExpressAllocMem:271] ExpressAllocMem requeset BufferHandle 6, width 222, heigt 222, format 20
CST 2026-07-17 18:48:33.471  2992  2992 I A02900/R1Api24Probe: E2_HOST_UDP_DATAGRAM|round=3|address=10.0.2.2|port=39022|id=303|bytes=224|hash=294858659|valid=true
CST 2026-07-17 18:48:33.471   646   716 E C015b0/NetsysNativeService: ProcGetDefaultNetworkCommand 101
CST 2026-07-17 18:48:33.472   646   716 E C015b0/NetsysNativeService: ProcGetDefaultNetworkCommand 101
CST 2026-07-17 18:48:33.472  2992  2992 I A02900/R1Api24Probe: E2_TCP_LOOPBACK|verdict=PASS|round=3|listenerGeneration=3|port=57171|bytes=4096|sentHash=1854724549|echoHash=1854724549|clientWriteCalls=14|serverPartialReads=142|serverWriteCalls=13|clientPartialReads=179|epollEvents=3
CST 2026-07-17 18:48:33.472  2992  2992 I A02900/R1Api24Probe: E2_UDP_LOOPBACK|verdict=PASS|round=3|c2s=3|s2c=3|clientAggregate=430781034|serverAggregate=404607068|pollEvents=12
CST 2026-07-17 18:48:33.472  2992  2992 I A02900/R1Api24Probe: E2_HOST_ROUTE|verdict=PASS|round=3|source=getifaddrs|route=eth0:10.0.2.0/255.255.255.0|selected=10.0.2.2|candidateAttempts=1
CST 2026-07-17 18:48:33.472  2992  2992 I A02900/R1Api24Probe: E2_HOST_TCP|verdict=PASS|round=3|address=10.0.2.2|port=39021|bytes=2048|echoHash=469385987|writeCalls=7|partialReads=56|pollEvents=64
CST 2026-07-17 18:48:33.472  2992  2992 I A02900/R1Api24Probe: E2_HOST_UDP|verdict=PASS|round=3|address=10.0.2.2|port=39022|datagrams=3|aggregate=2621100272|pollEvents=6
CST 2026-07-17 18:48:33.472  2992  2992 I A02900/R1Api24Probe: E2_DNS|verdict=PASS|round=3|localhostCount=1|ipv4=1|ipv6=0|allLoopback=true|invalidName=e2-reserved.invalid|invalidFlags=AI_NUMERICHOST|invalidCode=-2|invalidMessage=Name does not resolve|publicDnsUsed=false
CST 2026-07-17 18:48:33.472  2992  2992 I A02900/R1Api24Probe: E2_EVENT_PATHS|verdict=PASS|round=3|epollEvents=3|pollTimeoutMs=25|peerCloseEOF=1|listenerCloseErrno=9|refusedErrno=111
CST 2026-07-17 18:48:33.472  2992  2992 I A02900/R1Api24Probe: E2_ROUND_RESULT|verdict=PASS|round=3|pid=2992|mainTid=2992|tcpLoop=PASS|udpLoop=PASS|hostTcp=PASS|hostUdp=PASS|dns=PASS|events=PASS|hostAddress=10.0.2.2|tcpHash=1854724549|udpClientAggregate=430781034|udpServerAggregate=404607068|hostTcpHash=469385987|hostUdpAggregate=2621100272|beforeFd=38|afterFd=38|beforeThreads=29|afterThreads=29|fdLeak=false|threadLeak=false
CST 2026-07-17 18:48:33.475   634  2365 I C02515/DISP: [ExpressFreeMem:317] freeMem bufferhandle gbuffer_id 93d00000059, width 222, heigt 222
CST 2026-07-17 18:48:33.476  1657  1737 I C02515/DISP: [ExpressFreeMem:317] freeMem bufferhandle gbuffer_id 93d00000058, width 114, heigt 114
CST 2026-07-17 18:48:33.491  1657  1737 I C02515/DISP: [ExpressFreeMem:317] freeMem bufferhandle gbuffer_id 93d00000059, width 222, heigt 222
CST 2026-07-17 18:48:33.499  2992  2992 I A02900/R1Api24Probe: E2_UDP_DATAGRAM|round=4|direction=C2S|id=401|bytes=192|hash=2460894770|valid=true
CST 2026-07-17 18:48:33.499  2992  2992 I A02900/R1Api24Probe: E2_UDP_DATAGRAM|round=4|direction=S2C|id=451|bytes=192|hash=1501491426|valid=true
CST 2026-07-17 18:48:33.499  2992  2992 I A02900/R1Api24Probe: E2_UDP_DATAGRAM|round=4|direction=C2S|id=402|bytes=192|hash=1464748180|valid=true
CST 2026-07-17 18:48:33.499  2992  2992 I A02900/R1Api24Probe: E2_UDP_DATAGRAM|round=4|direction=S2C|id=452|bytes=192|hash=2345764206|valid=true
CST 2026-07-17 18:48:33.499  2992  2992 I A02900/R1Api24Probe: E2_UDP_DATAGRAM|round=4|direction=C2S|id=403|bytes=192|hash=1221900930|valid=true
CST 2026-07-17 18:48:33.499  2992  2992 I A02900/R1Api24Probe: E2_UDP_DATAGRAM|round=4|direction=S2C|id=453|bytes=192|hash=1093715374|valid=true
CST 2026-07-17 18:48:33.504  2992  2992 I A02900/R1Api24Probe: E2_HOST_CANDIDATE|round=4|route=eth0:10.0.2.0/255.255.255.0|address=10.0.2.2|port=39021|attempt=1|errno=0|connected=true
CST 2026-07-17 18:48:33.504  1657  1737 I C03900/HDS: [hds_drawable_descriptor.cpp-ProcessIcon:101]set pixelmap editable : 0 .
CST 2026-07-17 18:48:33.505  1657  1737 E C02b61/PixelMap: set ashmem name failed
CST 2026-07-17 18:48:33.505  1657  1737 W A01b00/SCB: GraphicUtils --> combinePic from HdsIcon, bundleName: com.huawei.hms.scanservice, iconSizeOfGrid: 64, hasBorder: true
CST 2026-07-17 18:48:33.505  1657  1737 I A01b00/SCB: IconResourceFwk --> getBundleIcon end param: com.huawei.hms.scanservice, 64, true true
CST 2026-07-17 18:48:33.505  2992  2992 I A02900/R1Api24Probe: E2_HOST_UDP_DATAGRAM|round=4|address=10.0.2.2|port=39022|id=401|bytes=224|hash=1969575982|valid=true
CST 2026-07-17 18:48:33.505  2992  2992 I A02900/R1Api24Probe: E2_HOST_UDP_DATAGRAM|round=4|address=10.0.2.2|port=39022|id=402|bytes=224|hash=2668155506|valid=true
CST 2026-07-17 18:48:33.506  2992  2992 I A02900/R1Api24Probe: E2_HOST_UDP_DATAGRAM|round=4|address=10.0.2.2|port=39022|id=403|bytes=224|hash=1829576266|valid=true
CST 2026-07-17 18:48:33.506   646   716 E C015b0/NetsysNativeService: ProcGetDefaultNetworkCommand 101
CST 2026-07-17 18:48:33.507   646   716 E C015b0/NetsysNativeService: ProcGetDefaultNetworkCommand 101
CST 2026-07-17 18:48:33.507  2992  2992 I A02900/R1Api24Probe: E2_TCP_LOOPBACK|verdict=PASS|round=4|listenerGeneration=4|port=45969|bytes=4096|sentHash=119849413|echoHash=119849413|clientWriteCalls=14|serverPartialReads=142|serverWriteCalls=13|clientPartialReads=179|epollEvents=3
CST 2026-07-17 18:48:33.507  2992  2992 I A02900/R1Api24Probe: E2_UDP_LOOPBACK|verdict=PASS|round=4|c2s=3|s2c=3|clientAggregate=2265582069|serverAggregate=3945131277|pollEvents=12
CST 2026-07-17 18:48:33.507  2992  2992 I A02900/R1Api24Probe: E2_HOST_ROUTE|verdict=PASS|round=4|source=getifaddrs|route=eth0:10.0.2.0/255.255.255.0|selected=10.0.2.2|candidateAttempts=1
CST 2026-07-17 18:48:33.507  2992  2992 I A02900/R1Api24Probe: E2_HOST_TCP|verdict=PASS|round=4|address=10.0.2.2|port=39021|bytes=2048|echoHash=3304050806|writeCalls=7|partialReads=56|pollEvents=64
CST 2026-07-17 18:48:33.507  2992  2992 I A02900/R1Api24Probe: E2_HOST_UDP|verdict=PASS|round=4|address=10.0.2.2|port=39022|datagrams=3|aggregate=1326304435|pollEvents=6
CST 2026-07-17 18:48:33.507  2992  2992 I A02900/R1Api24Probe: E2_DNS|verdict=PASS|round=4|localhostCount=1|ipv4=1|ipv6=0|allLoopback=true|invalidName=e2-reserved.invalid|invalidFlags=AI_NUMERICHOST|invalidCode=-2|invalidMessage=Name does not resolve|publicDnsUsed=false
CST 2026-07-17 18:48:33.507  2992  2992 I A02900/R1Api24Probe: E2_EVENT_PATHS|verdict=PASS|round=4|epollEvents=3|pollTimeoutMs=25|peerCloseEOF=1|listenerCloseErrno=9|refusedErrno=111
CST 2026-07-17 18:48:33.507  2992  2992 I A02900/R1Api24Probe: E2_ROUND_RESULT|verdict=PASS|round=4|pid=2992|mainTid=2992|tcpLoop=PASS|udpLoop=PASS|hostTcp=PASS|hostUdp=PASS|dns=PASS|events=PASS|hostAddress=10.0.2.2|tcpHash=119849413|udpClientAggregate=2265582069|udpServerAggregate=3945131277|hostTcpHash=3304050806|hostUdpAggregate=1326304435|beforeFd=38|afterFd=38|beforeThreads=29|afterThreads=29|fdLeak=false|threadLeak=false
CST 2026-07-17 18:48:33.511  1657  1800 I C02b61/ImageCode: DoEncode:(224, 224) cost 4551 us
CST 2026-07-17 18:48:33.512  1657  1797 I C01631/GaussPD:  [0] [ADAPTER] [139902256663296] Not support binlog_default.writeLock file enable del monitor sysno = 25
CST 2026-07-17 18:48:33.512  1657  1797 I C01631/GaussPD:  [0] [ADAPTER] [139902256663296] Not support binlog_default.writeLock file enable del monitor sysno = 25
CST 2026-07-17 18:48:33.512  1657  1797 I C01631/GaussPD:  [0] [ADAPTER] [139902256663296] Not support binlog_default.writeLock file enable del monitor sysno = 25
CST 2026-07-17 18:48:33.512  1657  1797 I C01631/GaussPD:  [0] [ADAPTER] [139902256663296] Not support binlog_default.writeLock file enable del monitor sysno = 25
CST 2026-07-17 18:48:33.513  1657  1797 I C01631/GaussPD:  [0] [ADAPTER] [139902256663296] Not support binlog_default.writeIndex file enable del monitor sysno = 25
CST 2026-07-17 18:48:33.513  1657  1797 I C01631/GaussPD:  [0] [ADAPTER] [139902256663296] Not support binlog_default.writeIndex file enable del monitor sysno = 25
CST 2026-07-17 18:48:33.513  1657  1737 I A01a01/NC: NotificationConfigManager: update icon result: com.huawei.hms.scanservice, 38242
CST 2026-07-17 18:48:33.513  1657  1737 I A01b00/SCB: IconResourceFwk --> getBundleIcon start param: com.huawei.hmos.instantshare, 64, true true
CST 2026-07-17 18:48:33.513  1657  1737 W A01b00/SCB: IconResourceUtils --> getIconResource from bms getBundleResourceInfo for com.huawei.hmos.instantshare 0
CST 2026-07-17 18:48:33.514   766  1196 I C01120/BMS: icon rdb get resource icon start -n com.huawei.hmos.instantshare -i 0 -f 16
CST 2026-07-17 18:48:33.515   766  1196 E C01650/StepResultSet: GoToRow:position[0] rowCount[0] rowPos_[-1]!
CST 2026-07-17 18:48:33.528  1657  1737 E C01707/CONCUR: [Interface] task 1737 apply qos failed, errno = 4
CST 2026-07-17 18:48:33.529  1657  1657 I A01b0a/GESTURE: aiBarViewData --> setIsHideByWeaken true
CST 2026-07-17 18:48:33.534  2992  2992 I A02900/R1Api24Probe: E2_UDP_DATAGRAM|round=5|direction=C2S|id=501|bytes=192|hash=128367153|valid=true
CST 2026-07-17 18:48:33.534  2992  2992 I A02900/R1Api24Probe: E2_UDP_DATAGRAM|round=5|direction=S2C|id=551|bytes=192|hash=2051349959|valid=true
CST 2026-07-17 18:48:33.534  2992  2992 I A02900/R1Api24Probe: E2_UDP_DATAGRAM|round=5|direction=C2S|id=502|bytes=192|hash=3542798665|valid=true
CST 2026-07-17 18:48:33.534  2992  2992 I A02900/R1Api24Probe: E2_UDP_DATAGRAM|round=5|direction=S2C|id=552|bytes=192|hash=1647544725|valid=true
CST 2026-07-17 18:48:33.534  2992  2992 I A02900/R1Api24Probe: E2_UDP_DATAGRAM|round=5|direction=C2S|id=503|bytes=192|hash=3130659233|valid=true
CST 2026-07-17 18:48:33.534  2992  2992 I A02900/R1Api24Probe: E2_UDP_DATAGRAM|round=5|direction=S2C|id=553|bytes=192|hash=2139631519|valid=true
CST 2026-07-17 18:48:33.535  2992  2992 I A02900/R1Api24Probe: E2_HOST_CANDIDATE|round=5|route=eth0:10.0.2.0/255.255.255.0|address=10.0.2.2|port=39021|attempt=1|errno=0|connected=true
CST 2026-07-17 18:48:33.535  2992  2992 I A02900/R1Api24Probe: E2_HOST_UDP_DATAGRAM|round=5|address=10.0.2.2|port=39022|id=501|bytes=224|hash=532475233|valid=true
CST 2026-07-17 18:48:33.536  2992  2992 I A02900/R1Api24Probe: E2_HOST_UDP_DATAGRAM|round=5|address=10.0.2.2|port=39022|id=502|bytes=224|hash=2580361203|valid=true
CST 2026-07-17 18:48:33.536  2992  2992 I A02900/R1Api24Probe: E2_HOST_UDP_DATAGRAM|round=5|address=10.0.2.2|port=39022|id=503|bytes=224|hash=1352166425|valid=true
CST 2026-07-17 18:48:33.537   646   716 E C015b0/NetsysNativeService: ProcGetDefaultNetworkCommand 101
CST 2026-07-17 18:48:33.537   646   716 E C015b0/NetsysNativeService: ProcGetDefaultNetworkCommand 101
CST 2026-07-17 18:48:33.537  2992  2992 I A02900/R1Api24Probe: E2_TCP_LOOPBACK|verdict=PASS|round=5|listenerGeneration=5|port=33303|bytes=4096|sentHash=3539712453|echoHash=3539712453|clientWriteCalls=14|serverPartialReads=142|serverWriteCalls=13|clientPartialReads=179|epollEvents=3
CST 2026-07-17 18:48:33.537  2992  2992 I A02900/R1Api24Probe: E2_UDP_LOOPBACK|verdict=PASS|round=5|c2s=3|s2c=3|clientAggregate=3073773724|serverAggregate=2699081918|pollEvents=12
CST 2026-07-17 18:48:33.538  2992  2992 I A02900/R1Api24Probe: E2_HOST_ROUTE|verdict=PASS|round=5|source=getifaddrs|route=eth0:10.0.2.0/255.255.255.0|selected=10.0.2.2|candidateAttempts=1
CST 2026-07-17 18:48:33.538  2992  2992 I A02900/R1Api24Probe: E2_HOST_TCP|verdict=PASS|round=5|address=10.0.2.2|port=39021|bytes=2048|echoHash=71043777|writeCalls=7|partialReads=56|pollEvents=64
CST 2026-07-17 18:48:33.538  2992  2992 I A02900/R1Api24Probe: E2_HOST_UDP|verdict=PASS|round=5|address=10.0.2.2|port=39022|datagrams=3|aggregate=60971386|pollEvents=6
CST 2026-07-17 18:48:33.538  2992  2992 I A02900/R1Api24Probe: E2_DNS|verdict=PASS|round=5|localhostCount=1|ipv4=1|ipv6=0|allLoopback=true|invalidName=e2-reserved.invalid|invalidFlags=AI_NUMERICHOST|invalidCode=-2|invalidMessage=Name does not resolve|publicDnsUsed=false
CST 2026-07-17 18:48:33.538  2992  2992 I A02900/R1Api24Probe: E2_EVENT_PATHS|verdict=PASS|round=5|epollEvents=3|pollTimeoutMs=25|peerCloseEOF=1|listenerCloseErrno=9|refusedErrno=111
CST 2026-07-17 18:48:33.538  2992  2992 I A02900/R1Api24Probe: E2_ROUND_RESULT|verdict=PASS|round=5|pid=2992|mainTid=2992|tcpLoop=PASS|udpLoop=PASS|hostTcp=PASS|hostUdp=PASS|dns=PASS|events=PASS|hostAddress=10.0.2.2|tcpHash=3539712453|udpClientAggregate=3073773724|udpServerAggregate=2699081918|hostTcpHash=71043777|hostUdpAggregate=60971386|beforeFd=38|afterFd=38|beforeThreads=29|afterThreads=29|fdLeak=false|threadLeak=false
CST 2026-07-17 18:48:33.538  1657  1737 I C02b61/ImageSource: CreatePixelMap success, id:1784285313517627,dSize:(0,0),srcSize: (512,512),dHdr:1,sHdr:1,memType: 2,cost 21144 us
CST 2026-07-17 18:48:33.538  1657  1737 E C02b61/PixelMap: set ashmem name failed
CST 2026-07-17 18:48:33.545   142   164 I C01800/SAMGR: NF SA:65962,931_52
CST 2026-07-17 18:48:33.546  1657  1737 E C01707/CONCUR: [Interface] task 1737 apply qos failed, errno = 4
CST 2026-07-17 18:48:33.547  1657  1657 I A01b0a/GESTURE: AIBarView --> checkShowAiBar. isShowingAiBar:true
CST 2026-07-17 18:48:33.549  1657  1657 I A01b0a/GESTURE: aiBarViewData --> powerMode:600 thermalLevel:1 isEnterDeliver:false
CST 2026-07-17 18:48:33.550  1657  1737 E C02b61/PixelMap: set ashmem name failed
CST 2026-07-17 18:48:33.552  1657  1737 I C02b61/ImageSource: CreatePixelMap success, id:1784285313551546,dSize:(0,0),srcSize: (192,192),dHdr:1,sHdr:1,memType: 2,cost 892 us
CST 2026-07-17 18:48:33.552  1657  1737 E C02b61/PixelMap: set ashmem name failed
CST 2026-07-17 18:48:33.559  1657  1737 W A01b00/SCB: GraphicUtils --> com.huawei.hmos.instantshare - getHdsIcon, size: (512, 512), pixelFormat: 4, leftTopPixel is transparent: true, 0-0-0-0
CST 2026-07-17 18:48:33.559  1657  1737 E C03900/HDS: [hds_drawable_descriptor.cpp-GetOtherIconsInfo:395]Get icon by name from resource failed, iconName: icon_mask, isGlobalMask: 0, state: 9001004
CST 2026-07-17 18:48:33.559   765   765 E C01406/RSScreenManager: IsAllScreensPowerOff: screenPowerStatus_ is empty.
CST 2026-07-17 18:48:33.562  1657  1737 W C03900/HDS: [hds_drawable_descriptor.cpp-ProcessIcon:91]Mask size {192, 192}, bundleName: com.huawei.hmos.instantshare
CST 2026-07-17 18:48:33.563   766  2320 W C01120/BMS: single_delayed_task_mgr.cpp:operator():44 SingleDelayedTaskMgr null
CST 2026-07-17 18:48:33.564  2992  2992 I A02900/R1Api24Probe: E2_UDP_DATAGRAM|round=6|direction=C2S|id=601|bytes=192|hash=3006108732|valid=true
CST 2026-07-17 18:48:33.565  2992  2992 I A02900/R1Api24Probe: E2_UDP_DATAGRAM|round=6|direction=S2C|id=651|bytes=192|hash=3601068512|valid=true
CST 2026-07-17 18:48:33.565  2992  2992 I A02900/R1Api24Probe: E2_UDP_DATAGRAM|round=6|direction=C2S|id=602|bytes=192|hash=489763882|valid=true
CST 2026-07-17 18:48:33.565  2992  2992 I A02900/R1Api24Probe: E2_UDP_DATAGRAM|round=6|direction=S2C|id=652|bytes=192|hash=2595947544|valid=true
CST 2026-07-17 18:48:33.565  2992  2992 I A02900/R1Api24Probe: E2_UDP_DATAGRAM|round=6|direction=C2S|id=603|bytes=192|hash=2895755656|valid=true
CST 2026-07-17 18:48:33.565  2992  2992 I A02900/R1Api24Probe: E2_UDP_DATAGRAM|round=6|direction=S2C|id=653|bytes=192|hash=1370522488|valid=true
CST 2026-07-17 18:48:33.565  2992  2992 I A02900/R1Api24Probe: E2_HOST_CANDIDATE|round=6|route=eth0:10.0.2.0/255.255.255.0|address=10.0.2.2|port=39021|attempt=1|errno=0|connected=true
CST 2026-07-17 18:48:33.566  2992  2992 I A02900/R1Api24Probe: E2_HOST_UDP_DATAGRAM|round=6|address=10.0.2.2|port=39022|id=601|bytes=224|hash=3158991056|valid=true
CST 2026-07-17 18:48:33.566  2992  2992 I A02900/R1Api24Probe: E2_HOST_UDP_DATAGRAM|round=6|address=10.0.2.2|port=39022|id=602|bytes=224|hash=1043955088|valid=true
CST 2026-07-17 18:48:33.566  2992  2992 I A02900/R1Api24Probe: E2_HOST_UDP_DATAGRAM|round=6|address=10.0.2.2|port=39022|id=603|bytes=224|hash=28720976|valid=true
CST 2026-07-17 18:48:33.567   646   716 E C015b0/NetsysNativeService: ProcGetDefaultNetworkCommand 101
CST 2026-07-17 18:48:33.568   646   716 E C015b0/NetsysNativeService: ProcGetDefaultNetworkCommand 101
CST 2026-07-17 18:48:33.568  2992  2992 I A02900/R1Api24Probe: E2_TCP_LOOPBACK|verdict=PASS|round=6|listenerGeneration=6|port=33835|bytes=4096|sentHash=653151685|echoHash=653151685|clientWriteCalls=14|serverPartialReads=142|serverWriteCalls=13|clientPartialReads=179|epollEvents=3
CST 2026-07-17 18:48:33.568  2992  2992 I A02900/R1Api24Probe: E2_UDP_LOOPBACK|verdict=PASS|round=6|c2s=3|s2c=3|clientAggregate=1800896407|serverAggregate=296359039|pollEvents=12
CST 2026-07-17 18:48:33.568  2992  2992 I A02900/R1Api24Probe: E2_HOST_ROUTE|verdict=PASS|round=6|source=getifaddrs|route=eth0:10.0.2.0/255.255.255.0|selected=10.0.2.2|candidateAttempts=1
CST 2026-07-17 18:48:33.568  2992  2992 I A02900/R1Api24Probe: E2_HOST_TCP|verdict=PASS|round=6|address=10.0.2.2|port=39021|bytes=2048|echoHash=1485929108|writeCalls=7|partialReads=56|pollEvents=64
CST 2026-07-17 18:48:33.568  2992  2992 I A02900/R1Api24Probe: E2_HOST_UDP|verdict=PASS|round=6|address=10.0.2.2|port=39022|datagrams=3|aggregate=3425663973|pollEvents=6
CST 2026-07-17 18:48:33.568  2992  2992 I A02900/R1Api24Probe: E2_DNS|verdict=PASS|round=6|localhostCount=1|ipv4=1|ipv6=0|allLoopback=true|invalidName=e2-reserved.invalid|invalidFlags=AI_NUMERICHOST|invalidCode=-2|invalidMessage=Name does not resolve|publicDnsUsed=false
CST 2026-07-17 18:48:33.568  2992  2992 I A02900/R1Api24Probe: E2_EVENT_PATHS|verdict=PASS|round=6|epollEvents=3|pollTimeoutMs=25|peerCloseEOF=1|listenerCloseErrno=9|refusedErrno=111
CST 2026-07-17 18:48:33.568  2992  2992 I A02900/R1Api24Probe: E2_ROUND_RESULT|verdict=PASS|round=6|pid=2992|mainTid=2992|tcpLoop=PASS|udpLoop=PASS|hostTcp=PASS|hostUdp=PASS|dns=PASS|events=PASS|hostAddress=10.0.2.2|tcpHash=653151685|udpClientAggregate=1800896407|udpServerAggregate=296359039|hostTcpHash=1485929108|hostUdpAggregate=3425663973|beforeFd=38|afterFd=38|beforeThreads=29|afterThreads=29|fdLeak=false|threadLeak=false
CST 2026-07-17 18:48:33.576   634  2365 I C02515/DISP: [InitBufferHandle:229] express init gbuffer id 93d0000005a ret 0 err 0 fd 6 512 512 pixel 4 size 1048576 usage 2b
CST 2026-07-17 18:48:33.576   634  2365 I C02515/DISP: [ExpressAllocMem:271] ExpressAllocMem requeset BufferHandle 6, width 512, heigt 512, format 20
CST 2026-07-17 18:48:33.576   765   765 E C01406/RSScreenManager: IsAllScreensPowerOff: screenPowerStatus_ is empty.
CST 2026-07-17 18:48:33.580   635   695 W C02515/DISP: [SetLayerMaskInfo:495] <private> is not supported
CST 2026-07-17 18:48:33.581   635  2281 I C02515/DISP: [CommitComposeLayer:67] CommitComposeLayer! 10
CST 2026-07-17 18:48:33.581   634  2365 I C02515/DISP: [ExpressFreeMem:317] freeMem bufferhandle gbuffer_id 93d0000005a, width 512, heigt 512
CST 2026-07-17 18:48:33.592   765   765 E C01406/RSScreenManager: IsAllScreensPowerOff: screenPowerStatus_ is empty.
CST 2026-07-17 18:48:33.595  2992  2992 I A02900/R1Api24Probe: E2_UDP_DATAGRAM|round=7|direction=C2S|id=701|bytes=192|hash=4178127427|valid=true
CST 2026-07-17 18:48:33.595  2992  2992 I A02900/R1Api24Probe: E2_UDP_DATAGRAM|round=7|direction=S2C|id=751|bytes=192|hash=3637335669|valid=true
CST 2026-07-17 18:48:33.595  2992  2992 I A02900/R1Api24Probe: E2_UDP_DATAGRAM|round=7|direction=C2S|id=702|bytes=192|hash=3996057791|valid=true
CST 2026-07-17 18:48:33.595  2992  2992 I A02900/R1Api24Probe: E2_UDP_DATAGRAM|round=7|direction=S2C|id=752|bytes=192|hash=2793621863|valid=true
CST 2026-07-17 18:48:33.595  2992  2992 I A02900/R1Api24Probe: E2_UDP_DATAGRAM|round=7|direction=C2S|id=703|bytes=192|hash=3593006311|valid=true
CST 2026-07-17 18:48:33.595  2992  2992 I A02900/R1Api24Probe: E2_UDP_DATAGRAM|round=7|direction=S2C|id=753|bytes=192|hash=61674281|valid=true
CST 2026-07-17 18:48:33.597  2992  2992 I A02900/R1Api24Probe: E2_HOST_CANDIDATE|round=7|route=eth0:10.0.2.0/255.255.255.0|address=10.0.2.2|port=39021|attempt=1|errno=0|connected=true
CST 2026-07-17 18:48:33.597   337   581 E C01720/SmartGC: [a92ab1087f6de13, 238cf02, fe072] [ExitGCPauseSceneInner]ExitGCPauseSceneInner 54262 56381
CST 2026-07-17 18:48:33.597   635  2281 W C02515/DISP: [SetLayerMaskInfo:495] <private> is not supported
CST 2026-07-17 18:48:33.597   635  2281 I C02515/DISP: [CommitComposeLayer:67] CommitComposeLayer! 10
CST 2026-07-17 18:48:33.602   634  2365 I C02515/DISP: [InitBufferHandle:229] express init gbuffer id 93d0000005b ret 0 err 0 fd 6 222 222 pixel 4 size 197136 usage 2b
CST 2026-07-17 18:48:33.602   634  2365 I C02515/DISP: [ExpressAllocMem:271] ExpressAllocMem requeset BufferHandle 6, width 222, heigt 222, format 20
CST 2026-07-17 18:48:33.607  2992  2992 I A02900/R1Api24Probe: E2_HOST_UDP_DATAGRAM|round=7|address=10.0.2.2|port=39022|id=701|bytes=224|hash=637303059|valid=true
CST 2026-07-17 18:48:33.610  2992  2992 I A02900/R1Api24Probe: E2_HOST_UDP_DATAGRAM|round=7|address=10.0.2.2|port=39022|id=702|bytes=224|hash=3276625417|valid=true
CST 2026-07-17 18:48:33.610   634  2365 I C02515/DISP: [ExpressFreeMem:317] freeMem bufferhandle gbuffer_id 93d0000005b, width 222, heigt 222
CST 2026-07-17 18:48:33.610   765   765 E C01406/RSScreenManager: IsAllScreensPowerOff: screenPowerStatus_ is empty.
CST 2026-07-17 18:48:33.610  2992  2992 I A02900/R1Api24Probe: E2_HOST_UDP_DATAGRAM|round=7|address=10.0.2.2|port=39022|id=703|bytes=224|hash=3813755047|valid=true
CST 2026-07-17 18:48:33.611   646   716 E C015b0/NetsysNativeService: ProcGetDefaultNetworkCommand 101
CST 2026-07-17 18:48:33.611   646   716 E C015b0/NetsysNativeService: ProcGetDefaultNetworkCommand 101
CST 2026-07-17 18:48:33.611  2992  2992 I A02900/R1Api24Probe: E2_TCP_LOOPBACK|verdict=PASS|round=7|listenerGeneration=7|port=37945|bytes=4096|sentHash=1127697861|echoHash=1127697861|clientWriteCalls=14|serverPartialReads=142|serverWriteCalls=13|clientPartialReads=179|epollEvents=3
CST 2026-07-17 18:48:33.611  2992  2992 I A02900/R1Api24Probe: E2_UDP_LOOPBACK|verdict=PASS|round=7|c2s=3|s2c=3|clientAggregate=714580614|serverAggregate=909240184|pollEvents=12
CST 2026-07-17 18:48:33.611  2992  2992 I A02900/R1Api24Probe: E2_HOST_ROUTE|verdict=PASS|round=7|source=getifaddrs|route=eth0:10.0.2.0/255.255.255.0|selected=10.0.2.2|candidateAttempts=1
CST 2026-07-17 18:48:33.611  2992  2992 I A02900/R1Api24Probe: E2_HOST_TCP|verdict=PASS|round=7|address=10.0.2.2|port=39021|bytes=2048|echoHash=1528779319|writeCalls=7|partialReads=56|pollEvents=64
CST 2026-07-17 18:48:33.611  2992  2992 I A02900/R1Api24Probe: E2_HOST_UDP|verdict=PASS|round=7|address=10.0.2.2|port=39022|datagrams=3|aggregate=472147956|pollEvents=6
CST 2026-07-17 18:48:33.611  2992  2992 I A02900/R1Api24Probe: E2_DNS|verdict=PASS|round=7|localhostCount=1|ipv4=1|ipv6=0|allLoopback=true|invalidName=e2-reserved.invalid|invalidFlags=AI_NUMERICHOST|invalidCode=-2|invalidMessage=Name does not resolve|publicDnsUsed=false
CST 2026-07-17 18:48:33.611  2992  2992 I A02900/R1Api24Probe: E2_EVENT_PATHS|verdict=PASS|round=7|epollEvents=3|pollTimeoutMs=25|peerCloseEOF=1|listenerCloseErrno=9|refusedErrno=111
CST 2026-07-17 18:48:33.612  2992  2992 I A02900/R1Api24Probe: E2_ROUND_RESULT|verdict=PASS|round=7|pid=2992|mainTid=2992|tcpLoop=PASS|udpLoop=PASS|hostTcp=PASS|hostUdp=PASS|dns=PASS|events=PASS|hostAddress=10.0.2.2|tcpHash=1127697861|udpClientAggregate=714580614|udpServerAggregate=909240184|hostTcpHash=1528779319|hostUdpAggregate=472147956|beforeFd=38|afterFd=38|beforeThreads=29|afterThreads=29|fdLeak=false|threadLeak=false
CST 2026-07-17 18:48:33.616  1657  2227 I C02515/DISP: [ExpressFreeMem:317] freeMem bufferhandle gbuffer_id 93d0000005a, width 512, heigt 512
CST 2026-07-17 18:48:33.624   635  2281 W C02515/DISP: [SetLayerMaskInfo:495] <private> is not supported
CST 2026-07-17 18:48:33.624   635  2281 I C02515/DISP: [CommitComposeLayer:67] CommitComposeLayer! 10
CST 2026-07-17 18:48:33.625   765   765 E C01406/RSScreenManager: IsAllScreensPowerOff: screenPowerStatus_ is empty.
CST 2026-07-17 18:48:33.639  2992  2992 I A02900/R1Api24Probe: E2_UDP_DATAGRAM|round=8|direction=C2S|id=801|bytes=192|hash=251751574|valid=true
CST 2026-07-17 18:48:33.639  2992  2992 I A02900/R1Api24Probe: E2_UDP_DATAGRAM|round=8|direction=S2C|id=851|bytes=192|hash=1772543966|valid=true
CST 2026-07-17 18:48:33.639  2992  2992 I A02900/R1Api24Probe: E2_UDP_DATAGRAM|round=8|direction=C2S|id=802|bytes=192|hash=3837297384|valid=true
CST 2026-07-17 18:48:33.639  2992  2992 I A02900/R1Api24Probe: E2_UDP_DATAGRAM|round=8|direction=S2C|id=852|bytes=192|hash=3369714234|valid=true
CST 2026-07-17 18:48:33.639  2992  2992 I A02900/R1Api24Probe: E2_UDP_DATAGRAM|round=8|direction=C2S|id=803|bytes=192|hash=3595513958|valid=true
CST 2026-07-17 18:48:33.639  2992  2992 I A02900/R1Api24Probe: E2_UDP_DATAGRAM|round=8|direction=S2C|id=853|bytes=192|hash=83743482|valid=true
CST 2026-07-17 18:48:33.640  2992  2992 I A02900/R1Api24Probe: E2_HOST_CANDIDATE|round=8|route=eth0:10.0.2.0/255.255.255.0|address=10.0.2.2|port=39021|attempt=1|errno=0|connected=true
CST 2026-07-17 18:48:33.641  2992  2992 I A02900/R1Api24Probe: E2_HOST_UDP_DATAGRAM|round=8|address=10.0.2.2|port=39022|id=801|bytes=224|hash=671953130|valid=true
CST 2026-07-17 18:48:33.641  2992  2992 I A02900/R1Api24Probe: E2_HOST_UDP_DATAGRAM|round=8|address=10.0.2.2|port=39022|id=802|bytes=224|hash=4210741462|valid=true
CST 2026-07-17 18:48:33.641  2992  2992 I A02900/R1Api24Probe: E2_HOST_UDP_DATAGRAM|round=8|address=10.0.2.2|port=39022|id=803|bytes=224|hash=3403453998|valid=true
CST 2026-07-17 18:48:33.641   646   716 E C015b0/NetsysNativeService: ProcGetDefaultNetworkCommand 101
CST 2026-07-17 18:48:33.642   646   716 E C015b0/NetsysNativeService: ProcGetDefaultNetworkCommand 101
CST 2026-07-17 18:48:33.642  2992  2992 I A02900/R1Api24Probe: E2_TCP_LOOPBACK|verdict=PASS|round=8|listenerGeneration=8|port=34335|bytes=4096|sentHash=1063581125|echoHash=1063581125|clientWriteCalls=14|serverPartialReads=142|serverWriteCalls=13|clientPartialReads=179|epollEvents=3
CST 2026-07-17 18:48:33.642  2992  2992 I A02900/R1Api24Probe: E2_UDP_LOOPBACK|verdict=PASS|round=8|c2s=3|s2c=3|clientAggregate=608494185|serverAggregate=1255597745|pollEvents=12
CST 2026-07-17 18:48:33.642  2992  2992 I A02900/R1Api24Probe: E2_HOST_ROUTE|verdict=PASS|round=8|source=getifaddrs|route=eth0:10.0.2.0/255.255.255.0|selected=10.0.2.2|candidateAttempts=1
CST 2026-07-17 18:48:33.642  2992  2992 I A02900/R1Api24Probe: E2_HOST_TCP|verdict=PASS|round=8|address=10.0.2.2|port=39021|bytes=2048|echoHash=4132728442|writeCalls=7|partialReads=56|pollEvents=64
CST 2026-07-17 18:48:33.642  2992  2992 I A02900/R1Api24Probe: E2_HOST_UDP|verdict=PASS|round=8|address=10.0.2.2|port=39022|datagrams=3|aggregate=1499908479|pollEvents=6
CST 2026-07-17 18:48:33.642  2992  2992 I A02900/R1Api24Probe: E2_DNS|verdict=PASS|round=8|localhostCount=1|ipv4=1|ipv6=0|allLoopback=true|invalidName=e2-reserved.invalid|invalidFlags=AI_NUMERICHOST|invalidCode=-2|invalidMessage=Name does not resolve|publicDnsUsed=false
CST 2026-07-17 18:48:33.642  2992  2992 I A02900/R1Api24Probe: E2_EVENT_PATHS|verdict=PASS|round=8|epollEvents=3|pollTimeoutMs=25|peerCloseEOF=1|listenerCloseErrno=9|refusedErrno=111
CST 2026-07-17 18:48:33.642  2992  2992 I A02900/R1Api24Probe: E2_ROUND_RESULT|verdict=PASS|round=8|pid=2992|mainTid=2992|tcpLoop=PASS|udpLoop=PASS|hostTcp=PASS|hostUdp=PASS|dns=PASS|events=PASS|hostAddress=10.0.2.2|tcpHash=1063581125|udpClientAggregate=608494185|udpServerAggregate=1255597745|hostTcpHash=4132728442|hostUdpAggregate=1499908479|beforeFd=38|afterFd=38|beforeThreads=29|afterThreads=29|fdLeak=false|threadLeak=false
CST 2026-07-17 18:48:33.662   635  2281 W C02515/DISP: [SetLayerMaskInfo:495] <private> is not supported
CST 2026-07-17 18:48:33.662   635  2281 I C02515/DISP: [CommitComposeLayer:67] CommitComposeLayer! 10
CST 2026-07-17 18:48:33.669   765   765 E C01406/RSScreenManager: IsAllScreensPowerOff: screenPowerStatus_ is empty.
CST 2026-07-17 18:48:33.670  2992  2992 I A02900/R1Api24Probe: E2_UDP_DATAGRAM|round=9|direction=C2S|id=901|bytes=192|hash=566820325|valid=true
CST 2026-07-17 18:48:33.670  2992  2992 I A02900/R1Api24Probe: E2_UDP_DATAGRAM|round=9|direction=S2C|id=951|bytes=192|hash=2624045491|valid=true
CST 2026-07-17 18:48:33.670  2992  2992 I A02900/R1Api24Probe: E2_UDP_DATAGRAM|round=9|direction=C2S|id=902|bytes=192|hash=1026893021|valid=true
CST 2026-07-17 18:48:33.670  2992  2992 I A02900/R1Api24Probe: E2_UDP_DATAGRAM|round=9|direction=S2C|id=952|bytes=192|hash=716341153|valid=true
CST 2026-07-17 18:48:33.671  2992  2992 I A02900/R1Api24Probe: E2_UDP_DATAGRAM|round=9|direction=C2S|id=903|bytes=192|hash=2943744693|valid=true
CST 2026-07-17 18:48:33.671  2992  2992 I A02900/R1Api24Probe: E2_UDP_DATAGRAM|round=9|direction=S2C|id=953|bytes=192|hash=3310254875|valid=true
CST 2026-07-17 18:48:33.675  2992  2992 I A02900/R1Api24Probe: E2_HOST_CANDIDATE|round=9|route=eth0:10.0.2.0/255.255.255.0|address=10.0.2.2|port=39021|attempt=1|errno=0|connected=true
CST 2026-07-17 18:48:33.676  2992  2992 I A02900/R1Api24Probe: E2_HOST_UDP_DATAGRAM|round=9|address=10.0.2.2|port=39022|id=901|bytes=224|hash=4140343725|valid=true
CST 2026-07-17 18:48:33.676  2992  2992 I A02900/R1Api24Probe: E2_HOST_UDP_DATAGRAM|round=9|address=10.0.2.2|port=39022|id=902|bytes=224|hash=856873431|valid=true
CST 2026-07-17 18:48:33.676  2992  2992 I A02900/R1Api24Probe: E2_HOST_UDP_DATAGRAM|round=9|address=10.0.2.2|port=39022|id=903|bytes=224|hash=1581478253|valid=true
CST 2026-07-17 18:48:33.676  1657  2227 I C02515/DISP: [ExpressFreeMem:317] freeMem bufferhandle gbuffer_id 93d0000005b, width 222, heigt 222
CST 2026-07-17 18:48:33.677   646   716 E C015b0/NetsysNativeService: ProcGetDefaultNetworkCommand 101
CST 2026-07-17 18:48:33.677   646   716 E C015b0/NetsysNativeService: ProcGetDefaultNetworkCommand 101
CST 2026-07-17 18:48:33.677  2992  2992 I A02900/R1Api24Probe: E2_TCP_LOOPBACK|verdict=PASS|round=9|listenerGeneration=9|port=40991|bytes=4096|sentHash=2974305733|echoHash=2974305733|clientWriteCalls=14|serverPartialReads=142|serverWriteCalls=13|clientPartialReads=179|epollEvents=3
CST 2026-07-17 18:48:33.677  2992  2992 I A02900/R1Api24Probe: E2_UDP_LOOPBACK|verdict=PASS|round=9|c2s=3|s2c=3|clientAggregate=1103194424|serverAggregate=2978265514|pollEvents=12
CST 2026-07-17 18:48:33.677  2992  2992 I A02900/R1Api24Probe: E2_HOST_ROUTE|verdict=PASS|round=9|source=getifaddrs|route=eth0:10.0.2.0/255.255.255.0|selected=10.0.2.2|candidateAttempts=1
CST 2026-07-17 18:48:33.677  2992  2992 I A02900/R1Api24Probe: E2_HOST_TCP|verdict=PASS|round=9|address=10.0.2.2|port=39021|bytes=2048|echoHash=4068486181|writeCalls=7|partialReads=56|pollEvents=64
CST 2026-07-17 18:48:33.677  2992  2992 I A02900/R1Api24Probe: E2_HOST_UDP|verdict=PASS|round=9|address=10.0.2.2|port=39022|datagrams=3|aggregate=2628551438|pollEvents=6
CST 2026-07-17 18:48:33.677  2992  2992 I A02900/R1Api24Probe: E2_DNS|verdict=PASS|round=9|localhostCount=1|ipv4=1|ipv6=0|allLoopback=true|invalidName=e2-reserved.invalid|invalidFlags=AI_NUMERICHOST|invalidCode=-2|invalidMessage=Name does not resolve|publicDnsUsed=false
CST 2026-07-17 18:48:33.677  2992  2992 I A02900/R1Api24Probe: E2_EVENT_PATHS|verdict=PASS|round=9|epollEvents=3|pollTimeoutMs=26|peerCloseEOF=1|listenerCloseErrno=9|refusedErrno=111
CST 2026-07-17 18:48:33.678  2992  2992 I A02900/R1Api24Probe: E2_ROUND_RESULT|verdict=PASS|round=9|pid=2992|mainTid=2992|tcpLoop=PASS|udpLoop=PASS|hostTcp=PASS|hostUdp=PASS|dns=PASS|events=PASS|hostAddress=10.0.2.2|tcpHash=2974305733|udpClientAggregate=1103194424|udpServerAggregate=2978265514|hostTcpHash=4068486181|hostUdpAggregate=2628551438|beforeFd=38|afterFd=38|beforeThreads=29|afterThreads=29|fdLeak=false|threadLeak=false
CST 2026-07-17 18:48:33.703   765   765 E C01406/RSScreenManager: IsAllScreensPowerOff: screenPowerStatus_ is empty.
CST 2026-07-17 18:48:33.705  2992  2992 I A02900/R1Api24Probe: E2_UDP_DATAGRAM|round=10|direction=C2S|id=1001|bytes=192|hash=1621699492|valid=true
CST 2026-07-17 18:48:33.705  2992  2992 I A02900/R1Api24Probe: E2_UDP_DATAGRAM|round=10|direction=S2C|id=1051|bytes=192|hash=3293481224|valid=true
CST 2026-07-17 18:48:33.705  2992  2992 I A02900/R1Api24Probe: E2_UDP_DATAGRAM|round=10|direction=C2S|id=1002|bytes=192|hash=1434263154|valid=true
CST 2026-07-17 18:48:33.705  2992  2992 I A02900/R1Api24Probe: E2_UDP_DATAGRAM|round=10|direction=S2C|id=1052|bytes=192|hash=3219178112|valid=true
CST 2026-07-17 18:48:33.705  2992  2992 I A02900/R1Api24Probe: E2_UDP_DATAGRAM|round=10|direction=C2S|id=1003|bytes=192|hash=113294888|valid=true
CST 2026-07-17 18:48:33.705  2992  2992 I A02900/R1Api24Probe: E2_UDP_DATAGRAM|round=10|direction=S2C|id=1053|bytes=192|hash=1463094992|valid=true
CST 2026-07-17 18:48:33.706  2992  2992 I A02900/R1Api24Probe: E2_HOST_CANDIDATE|round=10|route=eth0:10.0.2.0/255.255.255.0|address=10.0.2.2|port=39021|attempt=1|errno=0|connected=true
CST 2026-07-17 18:48:33.707  2992  2992 I A02900/R1Api24Probe: E2_HOST_UDP_DATAGRAM|round=10|address=10.0.2.2|port=39022|id=1001|bytes=224|hash=18522812|valid=true
CST 2026-07-17 18:48:33.708  2992  2992 I A02900/R1Api24Probe: E2_HOST_UDP_DATAGRAM|round=10|address=10.0.2.2|port=39022|id=1002|bytes=224|hash=1280604852|valid=true
CST 2026-07-17 18:48:33.708  2992  2992 I A02900/R1Api24Probe: E2_HOST_UDP_DATAGRAM|round=10|address=10.0.2.2|port=39022|id=1003|bytes=224|hash=3733717844|valid=true
CST 2026-07-17 18:48:33.708   646   716 E C015b0/NetsysNativeService: ProcGetDefaultNetworkCommand 101
CST 2026-07-17 18:48:33.709   646   716 E C015b0/NetsysNativeService: ProcGetDefaultNetworkCommand 101
CST 2026-07-17 18:48:33.709  2992  2992 I A02900/R1Api24Probe: E2_TCP_LOOPBACK|verdict=PASS|round=10|listenerGeneration=10|port=46069|bytes=4096|sentHash=3908455877|echoHash=3908455877|clientWriteCalls=14|serverPartialReads=142|serverWriteCalls=13|clientPartialReads=179|epollEvents=3
CST 2026-07-17 18:48:33.709  2992  2992 I A02900/R1Api24Probe: E2_UDP_LOOPBACK|verdict=PASS|round=10|c2s=3|s2c=3|clientAggregate=3122154343|serverAggregate=2329563015|pollEvents=12
CST 2026-07-17 18:48:33.709  2992  2992 I A02900/R1Api24Probe: E2_HOST_ROUTE|verdict=PASS|round=10|source=getifaddrs|route=eth0:10.0.2.0/255.255.255.0|selected=10.0.2.2|candidateAttempts=1
CST 2026-07-17 18:48:33.709  2992  2992 I A02900/R1Api24Probe: E2_HOST_TCP|verdict=PASS|round=10|address=10.0.2.2|port=39021|bytes=2048|echoHash=2561951496|writeCalls=7|partialReads=56|pollEvents=64
CST 2026-07-17 18:48:33.709  2992  2992 I A02900/R1Api24Probe: E2_HOST_UDP|verdict=PASS|round=10|address=10.0.2.2|port=39022|datagrams=3|aggregate=2936820033|pollEvents=6
CST 2026-07-17 18:48:33.709  2992  2992 I A02900/R1Api24Probe: E2_DNS|verdict=PASS|round=10|localhostCount=1|ipv4=1|ipv6=0|allLoopback=true|invalidName=e2-reserved.invalid|invalidFlags=AI_NUMERICHOST|invalidCode=-2|invalidMessage=Name does not resolve|publicDnsUsed=false
CST 2026-07-17 18:48:33.709  2992  2992 I A02900/R1Api24Probe: E2_EVENT_PATHS|verdict=PASS|round=10|epollEvents=3|pollTimeoutMs=25|peerCloseEOF=1|listenerCloseErrno=9|refusedErrno=111
CST 2026-07-17 18:48:33.710  2992  2992 I A02900/R1Api24Probe: E2_ROUND_RESULT|verdict=PASS|round=10|pid=2992|mainTid=2992|tcpLoop=PASS|udpLoop=PASS|hostTcp=PASS|hostUdp=PASS|dns=PASS|events=PASS|hostAddress=10.0.2.2|tcpHash=3908455877|udpClientAggregate=3122154343|udpServerAggregate=2329563015|hostTcpHash=2561951496|hostUdpAggregate=2936820033|beforeFd=38|afterFd=38|beforeThreads=29|afterThreads=29|fdLeak=false|threadLeak=false
CST 2026-07-17 18:48:33.710   635  2281 W C02515/DISP: [SetLayerMaskInfo:495] <private> is not supported
CST 2026-07-17 18:48:33.710  2992  2992 I A02900/R1Api24Probe: E2_C_PROBE_RESULT|verdict=PASS|pid=2992|mainTid=2992|rounds=10|tcpLoopback=10|udpLoopback=10|hostTcp=10|hostUdpDatagrams=30|dnsLocalhost=10|dnsInvalid=10|pollTimeout=10|peerClose=10|refused=10|listenerRecreated=10|hostRoute=eth0:10.0.2.0/255.255.255.0|hostAddress=10.0.2.2|tcpHashAggregate=2304707340|udpHashAggregate=3466817168|hostHashAggregate=490207946|baselineFd=38|finalFd=38|baselineThreads=29|finalThreads=29|fdLeak=false|threadLeak=false|testRunner=false|scope=C-only
CST 2026-07-17 18:48:33.710  2992  2992 I C02d06/XCollie: Application is in starting period.
CST 2026-07-17 18:48:33.710   635  2281 I C02515/DISP: [CommitComposeLayer:67] CommitComposeLayer! 10
CST 2026-07-17 18:48:33.710  1657  2227 I C03900/HDS: [hds_drawable_descriptor.cpp-ProcessIcon:101]set pixelmap editable : 0 .
CST 2026-07-17 18:48:33.714  2992  2992 I C02d66/Hiview-PerfMonitor: ProcessJank: JankFrameMonitor::ProcessJank jank >= threshold
CST 2026-07-17 18:48:33.714  1657  2227 E C02b61/PixelMap: set ashmem name failed
CST 2026-07-17 18:48:33.716   447   447 I C02230/MovementManager: in CheckSubscribeInfo, Type 0,subscribe info is empty
CST 2026-07-17 18:48:33.716   447   447 I C02230/MovementManager: in SaveSubscribeInfo, Save type:0, event:3, packageName:locationhub
CST 2026-07-17 18:48:33.717   447   447 I C02230/MovementClientImpl: in EnableMsdpImpl, Enter type is 0, event is 3, interval is 200000000000
CST 2026-07-17 18:48:33.717   447   447 E C02230/MovementClientImpl: in GetAlgorithmInfo, Unsupport algorithm 0
CST 2026-07-17 18:48:33.717   447   447 E C02230/MovementClientImpl: in EnableMsdpImpl, Not support device
CST 2026-07-17 18:48:33.717   447   447 E C02230/MovementManager: in Subscribe, Failed to enable, ret is 60817420
CST 2026-07-17 18:48:33.717   447   447 E C02230/MovementService: in Subscribe, Failed to subscribe
CST 2026-07-17 18:48:33.717   499   546 E C02230/IMovementIdl: Read result failed, code is: 1.
CST 2026-07-17 18:48:33.717   499   546 E C02230/MovementClient: in SubscribeCallback, Subscribe failed, ret is 60817420.
CST 2026-07-17 18:48:33.717   499   546 E C02230/MovementClient: in SubscribeCallback, SubscribeCallback failed, ret is 60817420.
CST 2026-07-17 18:48:33.718  1657  2227 W A01b00/SCB: GraphicUtils --> combinePic from HdsIcon, bundleName: com.huawei.hmos.instantshare, iconSizeOfGrid: 64, hasBorder: true
CST 2026-07-17 18:48:33.718  1657  2227 I A01b00/SCB: IconResourceFwk --> getBundleIcon end param: com.huawei.hmos.instantshare, 64, true true
CST 2026-07-17 18:48:33.718   499   546 I C02300/Parking: Register MotionStatusCallback errorCode = 60817420
CST 2026-07-17 18:48:33.718   499   546 I C02300/Parking: Post Delayed Task Register VehicleStateCallback
CST 2026-07-17 18:48:33.718   635  2281 W C02515/DISP: [SetLayerMaskInfo:495] <private> is not supported
CST 2026-07-17 18:48:33.719   635   695 I C02515/DISP: [CommitComposeLayer:67] CommitComposeLayer! 10
CST 2026-07-17 18:48:33.719   765   765 E C01406/RSScreenManager: IsAllScreensPowerOff: screenPowerStatus_ is empty.
CST 2026-07-17 18:48:33.725  1657  1799 I C02b61/ImageCode: DoEncode:(224, 224) cost 4008 us
CST 2026-07-17 18:48:33.727  1767  1834 I C0430a/file_monitor_service: [MainMissionStatus:197]CanExit
CST 2026-07-17 18:48:33.727  1767  1834 I C0430a/file_monitor_service: [MainMissionStatus:203]SecondaryScanner idle
CST 2026-07-17 18:48:33.728   172   346 W C01650/RdbStoreManager: Clear:store[/***/fau***.db] in use by 2 holders
CST 2026-07-17 18:48:33.728   172   346 W C01650/RdbStoreManager: Clear:store[/***/tra***.db] in use by 2 holders
CST 2026-07-17 18:48:33.730  1657  1800 I C01631/GaussPD:  [0] [ADAPTER] [139901058128640] Not support binlog_default.writeLock file enable del monitor sysno = 25
CST 2026-07-17 18:48:33.730  1657  1800 I C01631/GaussPD:  [0] [ADAPTER] [139901058128640] Not support binlog_default.writeLock file enable del monitor sysno = 25
CST 2026-07-17 18:48:33.730  1657  1800 I C01631/GaussPD:  [0] [ADAPTER] [139901058128640] Not support binlog_default.writeLock file enable del monitor sysno = 25
CST 2026-07-17 18:48:33.731  1657  1800 I C01631/GaussPD:  [0] [ADAPTER] [139901058128640] Not support binlog_default.writeLock file enable del monitor sysno = 25
CST 2026-07-17 18:48:33.731  1657  1800 I C01631/GaussPD:  [0] [ADAPTER] [139901058128640] Not support binlog_default.writeIndex file enable del monitor sysno = 25
CST 2026-07-17 18:48:33.731  1657  1800 I C01631/GaussPD:  [0] [ADAPTER] [139901058128640] Not support binlog_default.writeIndex file enable del monitor sysno = 25
CST 2026-07-17 18:48:33.731  1657  2227 I A01a01/NC: NotificationConfigManager: update icon result: com.huawei.hmos.instantshare, 29334
CST 2026-07-17 18:48:33.731  1657  2227 I A01b00/SCB: IconResourceFwk --> getBundleIcon start param: com.ohos.permissionmanager, 64, true true
CST 2026-07-17 18:48:33.731  1657  2227 W A01b00/SCB: IconResourceUtils --> getIconResource from bms getBundleResourceInfo for com.ohos.permissionmanager 0
CST 2026-07-17 18:48:33.732   766  1196 I C01120/BMS: icon rdb get resource icon start -n com.ohos.permissionmanager -i 0 -f 16
CST 2026-07-17 18:48:33.732   766  1196 E C01650/StepResultSet: GoToRow:position[0] rowCount[0] rowPos_[-1]!
CST 2026-07-17 18:48:33.738  1657  2227 I C02b61/ImageSource: CreatePixelMap success, id:1784285313734236,dSize:(0,0),srcSize: (256,256),dHdr:1,sHdr:1,memType: 2,cost 3512 us
CST 2026-07-17 18:48:33.738  1657  2227 E C02b61/PixelMap: set ashmem name failed
CST 2026-07-17 18:48:33.738  1657  2227 W A01b00/SCB: GraphicUtils --> com.ohos.permissionmanager - getHdsIcon, size: (256, 256), pixelFormat: 4, leftTopPixel is transparent: true, 0-0-0-0
CST 2026-07-17 18:48:33.738  1657  2227 E C03900/HDS: [hds_drawable_descriptor.cpp-GetOtherIconsInfo:395]Get icon by name from resource failed, iconName: icon_mask, isGlobalMask: 0, state: 9001004
CST 2026-07-17 18:48:33.739  1657  2227 W C03900/HDS: [hds_drawable_descriptor.cpp-ProcessIcon:91]Mask size {192, 192}, bundleName: com.ohos.permissionmanager
CST 2026-07-17 18:48:33.744   635  2281 W C02515/DISP: [SetLayerMaskInfo:495] <private> is not supported
CST 2026-07-17 18:48:33.744   635   695 I C02515/DISP: [CommitComposeLayer:67] CommitComposeLayer! 10
CST 2026-07-17 18:48:33.745   142   164 I C01800/SAMGR: NF SA:65962,931_53
CST 2026-07-17 18:48:33.753   380   424 I C01f04/TelephonySubsystem: reboot detect retry remain 4
CST 2026-07-17 18:48:33.757   765   765 E C01406/RSScreenManager: IsAllScreensPowerOff: screenPowerStatus_ is empty.
CST 2026-07-17 18:48:33.757   634  2365 I C02515/DISP: [InitBufferHandle:229] express init gbuffer id 93d0000005c ret 0 err 0 fd 6 256 256 pixel 4 size 262144 usage 2b
CST 2026-07-17 18:48:33.757   634  2365 I C02515/DISP: [ExpressAllocMem:271] ExpressAllocMem requeset BufferHandle 6, width 256, heigt 256, format 20
CST 2026-07-17 18:48:33.762   634  2365 I C02515/DISP: [ExpressFreeMem:317] freeMem bufferhandle gbuffer_id 93d0000005c, width 256, heigt 256
CST 2026-07-17 18:48:33.765   635   695 W C02515/DISP: [SetLayerMaskInfo:495] <private> is not supported
CST 2026-07-17 18:48:33.765   635   695 I C02515/DISP: [CommitComposeLayer:67] CommitComposeLayer! 10
CST 2026-07-17 18:48:33.774   369   788 I C015b5/NetMgrEnhanced: OnDnsResultReport, total=0, fail=0
CST 2026-07-17 18:48:33.774  2086  2116 I C02a04/UsbService: UsbAccessoryManager::InitUsbAccessoryInterface start
CST 2026-07-17 18:48:33.775   178   619 E C02510/devsvc_manager_stub: StubGetService service usb_device_interface_service not found
CST 2026-07-17 18:48:33.775  2086  2116 E C02510/hdi_servmgr_client: get hdi service usb_device_interface_service failed, -1
CST 2026-07-17 18:48:33.775  2086  2116 E C02510/usb_device_interface_proxy: Get:get remote object failed!
CST 2026-07-17 18:48:33.775  2086  2116 E C02a04/UsbService: UsbAccessoryManager:: Get inteface failed
CST 2026-07-17 18:48:33.775  2086  2116 E C02a04/UsbService: usbAccessoryManager_ is nullptr or InitUsbAccessoryInterface failed
CST 2026-07-17 18:48:33.780   634  2365 I C02515/DISP: [InitBufferHandle:229] express init gbuffer id 93d0000005d ret 0 err 0 fd 6 222 222 pixel 4 size 197136 usage 2b
CST 2026-07-17 18:48:33.780   634  2365 I C02515/DISP: [ExpressAllocMem:271] ExpressAllocMem requeset BufferHandle 6, width 222, heigt 222, format 20
CST 2026-07-17 18:48:33.780   765   765 E C01406/RSScreenManager: IsAllScreensPowerOff: screenPowerStatus_ is empty.
CST 2026-07-17 18:48:33.783   765   765 E C01406/RSScreenManager: IsAllScreensPowerOff: screenPowerStatus_ is empty.
CST 2026-07-17 18:48:33.785   634  2365 I C02515/DISP: [ExpressFreeMem:317] freeMem bufferhandle gbuffer_id 93d0000005d, width 222, heigt 222
CST 2026-07-17 18:48:33.785   635   695 W C02515/DISP: [SetLayerMaskInfo:495] <private> is not supported
CST 2026-07-17 18:48:33.785   635   695 I C02515/DISP: [CommitComposeLayer:67] CommitComposeLayer! 10
CST 2026-07-17 18:48:33.785  1657  2227 I C02b61/PostProc: initSLRFactor insert:-1744752316
CST 2026-07-17 18:48:33.791  1657  2227 I C02515/DISP: [ExpressFreeMem:317] freeMem bufferhandle gbuffer_id 93d0000005c, width 256, heigt 256
CST 2026-07-17 18:48:33.798   635   695 W C02515/DISP: [SetLayerMaskInfo:495] <private> is not supported
CST 2026-07-17 18:48:33.799   635   695 I C02515/DISP: [CommitComposeLayer:67] CommitComposeLayer! 10
CST 2026-07-17 18:48:33.802   765   765 E C01406/RSScreenManager: IsAllScreensPowerOff: screenPowerStatus_ is empty.
CST 2026-07-17 18:48:33.815   635   695 W C02515/DISP: [SetLayerMaskInfo:495] <private> is not supported
CST 2026-07-17 18:48:33.815   635   695 I C02515/DISP: [CommitComposeLayer:67] CommitComposeLayer! 10
CST 2026-07-17 18:48:33.815   765   765 E C01406/RSScreenManager: IsAllScreensPowerOff: screenPowerStatus_ is empty.
CST 2026-07-17 18:48:33.817  1657  2227 I C02515/DISP: [ExpressFreeMem:317] freeMem bufferhandle gbuffer_id 93d0000005d, width 222, heigt 222
CST 2026-07-17 18:48:33.836  1657  2227 I C03900/HDS: [hds_drawable_descriptor.cpp-ProcessIcon:101]set pixelmap editable : 0 .
CST 2026-07-17 18:48:33.836  1657  2227 E C02b61/PixelMap: set ashmem name failed
CST 2026-07-17 18:48:33.837   635   695 W C02515/DISP: [SetLayerMaskInfo:495] <private> is not supported
CST 2026-07-17 18:48:33.837  1657  2227 W A01b00/SCB: GraphicUtils --> combinePic from HdsIcon, bundleName: com.ohos.permissionmanager, iconSizeOfGrid: 64, hasBorder: true
CST 2026-07-17 18:48:33.837  1657  2227 I A01b00/SCB: IconResourceFwk --> getBundleIcon end param: com.ohos.permissionmanager, 64, true true
CST 2026-07-17 18:48:33.837   635   695 I C02515/DISP: [CommitComposeLayer:67] CommitComposeLayer! 10
CST 2026-07-17 18:48:33.839   765   765 E C01406/RSScreenManager: IsAllScreensPowerOff: screenPowerStatus_ is empty.
CST 2026-07-17 18:48:33.842  1657  1798 I C02b61/ImageCode: DoEncode:(224, 224) cost 4662 us
CST 2026-07-17 18:48:33.844  1657  1799 I C01631/GaussPD:  [0] [ADAPTER] [139901066529536] Not support binlog_default.writeLock file enable del monitor sysno = 25
CST 2026-07-17 18:48:33.844  1657  1799 I C01631/GaussPD:  [0] [ADAPTER] [139901066529536] Not support binlog_default.writeLock file enable del monitor sysno = 25
CST 2026-07-17 18:48:33.844  1657  1799 I C01631/GaussPD:  [0] [ADAPTER] [139901066529536] Not support binlog_default.writeLock file enable del monitor sysno = 25
CST 2026-07-17 18:48:33.845  1657  1799 I C01631/GaussPD:  [0] [ADAPTER] [139901066529536] Not support binlog_default.writeLock file enable del monitor sysno = 25
CST 2026-07-17 18:48:33.845  1657  1799 I C01631/GaussPD:  [0] [ADAPTER] [139901066529536] Not support binlog_default.writeIndex file enable del monitor sysno = 25
CST 2026-07-17 18:48:33.845  1657  1799 I C01631/GaussPD:  [0] [ADAPTER] [139901066529536] Not support binlog_default.writeIndex file enable del monitor sysno = 25
CST 2026-07-17 18:48:33.845  1657  2227 I A01a01/NC: NotificationConfigManager: update icon result: com.ohos.permissionmanager, 38698
CST 2026-07-17 18:48:33.845  1657  2227 I A01b00/SCB: IconResourceFwk --> getBundleIcon start param: com.huawei.hmsapp.appgallery, 64, true true
CST 2026-07-17 18:48:33.845  1657  2227 W A01b00/SCB: IconResourceUtils --> getIconResource from bms getBundleResourceInfo for com.huawei.hmsapp.appgallery 0
CST 2026-07-17 18:48:33.847   766  1196 I C01120/BMS: icon rdb get resource icon start -n com.huawei.hmsapp.appgallery -i 0 -f 16
CST 2026-07-17 18:48:33.847   766  1196 E C01650/StepResultSet: GoToRow:position[0] rowCount[0] rowPos_[-1]!
CST 2026-07-17 18:48:33.857  1657  2227 E C01707/CONCUR: [Interface] task 2227 apply qos failed, errno = 4
CST 2026-07-17 18:48:33.863  1657  2227 I C02b61/ImageSource: CreatePixelMap success, id:1784285313849509,dSize:(0,0),srcSize: (512,512),dHdr:1,sHdr:1,memType: 2,cost 13458 us
CST 2026-07-17 18:48:33.863  1657  2227 E C02b61/PixelMap: set ashmem name failed
CST 2026-07-17 18:48:33.863   635   695 W C02515/DISP: [SetLayerMaskInfo:495] <private> is not supported
CST 2026-07-17 18:48:33.863   635   695 I C02515/DISP: [CommitComposeLayer:67] CommitComposeLayer! 10
CST 2026-07-17 18:48:33.863   765   765 E C01406/RSScreenManager: IsAllScreensPowerOff: screenPowerStatus_ is empty.
CST 2026-07-17 18:48:33.874  1657  2227 E C01707/CONCUR: [Interface] task 2227 apply qos failed, errno = 4
CST 2026-07-17 18:48:33.875   172   172 I C02d10/DailyController: UpdateCacheAndDb: event first exceeds threshold=20, domain=IMAGE_FWK_UE, name=DECODED_IMAGE_TYPE_STATISTICS
CST 2026-07-17 18:48:33.878  1657  2227 E C02b61/PixelMap: set ashmem name failed
CST 2026-07-17 18:48:33.880   182   182 E C02c11/APPSPAWN: [appspawn_kickdog.c:29]open /sys/kernel/hungtask/userlist fail,errno:2
CST 2026-07-17 18:48:33.881  1657  2227 I C02b61/ImageSource: CreatePixelMap success, id:1784285313879833,dSize:(0,0),srcSize: (192,192),dHdr:1,sHdr:1,memType: 2,cost 1038 us
CST 2026-07-17 18:48:33.881  1657  2227 E C02b61/PixelMap: set ashmem name failed
CST 2026-07-17 18:48:33.884   635   695 W C02515/DISP: [SetLayerMaskInfo:495] <private> is not supported
CST 2026-07-17 18:48:33.884   635   695 I C02515/DISP: [CommitComposeLayer:67] CommitComposeLayer! 10
CST 2026-07-17 18:48:33.887  1657  2227 W A01b00/SCB: GraphicUtils --> com.huawei.hmsapp.appgallery - getHdsIcon, size: (512, 512), pixelFormat: 4, leftTopPixel is transparent: true, 0-0-0-0
CST 2026-07-17 18:48:33.887  1657  2227 E C03900/HDS: [hds_drawable_descriptor.cpp-GetOtherIconsInfo:395]Get icon by name from resource failed, iconName: icon_mask, isGlobalMask: 0, state: 9001004
CST 2026-07-17 18:48:33.890  1657  2227 W C03900/HDS: [hds_drawable_descriptor.cpp-ProcessIcon:91]Mask size {192, 192}, bundleName: com.huawei.hmsapp.appgallery
CST 2026-07-17 18:48:33.896   765   765 E C01406/RSScreenManager: IsAllScreensPowerOff: screenPowerStatus_ is empty.
CST 2026-07-17 18:48:33.902  2516  3058 E C02e00/UPDATE_SA: [hap_connection.cpp(50)]GetHapRemoteObject, remoteObj is nullptr, bundle com.huawei.hmos.ouc
CST 2026-07-17 18:48:33.902  2516  3058 I C01352/ExtMgr: [extension_manager_client.cpp134]name:com.huawei.hmos.ouc ServiceExtAbility, userId:-1.
CST 2026-07-17 18:48:33.902   766  1196 I C01342/ServiceExt: [ABMS5529]element: com.huawei.hmos.ouc/ServiceExtAbility
CST 2026-07-17 18:48:33.903   766  1196 W C01123/BMSCommon: bundle not exist -n com.huawei.hmos.ouc -u 100 -i 0 -f 0
CST 2026-07-17 18:48:33.903   766  1196 W C01336/AMS: [start_ability_utils.cpp76]failed: com.huawei.hmos.ouc
CST 2026-07-17 18:48:33.903   766  1196 W C01336/AMS: [crowd_test_interceptor.cpp54]GetAppInfo failed
CST 2026-07-17 18:48:33.903   766  1196 W C01120/BMS: app_control_manager.cpp:GetAppRunningControlRule:397 getAppId failed,-n:com.huawei.hmos.ouc
CST 2026-07-17 18:48:33.903   766  1196 W C01123/BMSCommon: uid(6666) invalid
CST 2026-07-17 18:48:33.903   766  1196 I C01336/AMS: [start_ability_utils.cpp54]appIndex:-1
CST 2026-07-17 18:48:33.903   766  1196 W C01123/BMSCommon: bundle not exist -n com.huawei.hmos.ouc -u 100 -i 0 -f 1062
CST 2026-07-17 18:48:33.903   766  1196 I C01121/BMSQuery: ExplicitQueryAbility no match -n com.huawei.hmos.ouc -a ServiceExtAbility -u 100 -i 0
CST 2026-07-17 18:48:33.904   766  1196 W C01120/BMS: query abilitys_ext code 8521480
CST 2026-07-17 18:48:33.904   766  1196 W C01123/BMSCommon: bundle not exist -n com.huawei.hmos.ouc -u 100 -i 0 -f 1062
CST 2026-07-17 18:48:33.904   766  1196 W C01121/BMSQuery: bundle_data_mgr.cpp:ExplicitQueryExtensionInfo:7239 ExplicitQueryExtensionInfo failed
CST 2026-07-17 18:48:33.904   766  1196 I C01121/BMSQuery: ExplicitQueryExtension size:0 -n com.huawei.hmos.ouc -e ServiceExtAbility -u 100 -i 0
CST 2026-07-17 18:48:33.904   766  1196 W C01121/BMSQuery: bundle_data_mgr.cpp:GetCloneAppIndexes:2463 no bundleName com.huawei.hmos.ouc found
CST 2026-07-17 18:48:33.904   766  1196 W C01121/BMSQuery: bundle_mgr_host_impl.cpp:QueryExtensionAbilityInfos:3425 no valid extension info can be inquired
CST 2026-07-17 18:48:33.904   766  1196 E C01336/AMS: [start_ability_utils.cpp290]extensionInfo empty
CST 2026-07-17 18:48:33.904   766  1196 E C01342/ServiceExt: [ABMS5868]generate request error
CST 2026-07-17 18:48:33.904  2516  3058 E C02e00/UPDATE_SA: [hap_connection.cpp(82)]HapConnection call interface failed, ret 2097152
CST 2026-07-17 18:48:33.904  2516  3058 E C02e00/UPDATE_SA: [ouc_hap_connection.cpp(72)]SendRemoteRequest, can not connect to ouc
CST 2026-07-17 18:48:33.906   634  2365 I C02515/DISP: [InitBufferHandle:229] express init gbuffer id 93d0000005e ret 0 err 0 fd 6 512 512 pixel 4 size 1048576 usage 2b
CST 2026-07-17 18:48:33.906   634  2365 I C02515/DISP: [ExpressAllocMem:271] ExpressAllocMem requeset BufferHandle 6, width 512, heigt 512, format 20
CST 2026-07-17 18:48:33.906   635   695 W C02515/DISP: [SetLayerMaskInfo:495] <private> is not supported
CST 2026-07-17 18:48:33.911   634  2365 I C02515/DISP: [ExpressFreeMem:317] freeMem bufferhandle gbuffer_id 93d0000005e, width 512, heigt 512
CST 2026-07-17 18:48:33.911   635   695 I C02515/DISP: [CommitComposeLayer:67] CommitComposeLayer! 10
CST 2026-07-17 18:48:33.913   634  2365 I C02515/DISP: [InitBufferHandle:229] express init gbuffer id 93d0000005f ret 0 err 0 fd 6 222 222 pixel 4 size 197136 usage 2b
CST 2026-07-17 18:48:33.913   634  2365 I C02515/DISP: [ExpressAllocMem:271] ExpressAllocMem requeset BufferHandle 6, width 222, heigt 222, format 20
CST 2026-07-17 18:48:33.913   634  2365 I C02515/DISP: [ExpressFreeMem:317] freeMem bufferhandle gbuffer_id 93d0000005f, width 222, heigt 222
CST 2026-07-17 18:48:33.922  1657  2227 I C02515/DISP: [ExpressFreeMem:317] freeMem bufferhandle gbuffer_id 93d0000005e, width 512, heigt 512
CST 2026-07-17 18:48:33.923   765   765 E C01406/RSScreenManager: IsAllScreensPowerOff: screenPowerStatus_ is empty.
CST 2026-07-17 18:48:33.949   142   164 I C01800/SAMGR: NF SA:65962,931_54
CST 2026-07-17 18:48:33.993   765  1019 I C01406/RSRenderComposer: CommitAndReleaseLayers report load event frameTime: 87182 missedFrame: 5 frameRate:60 SurfaceName: [ScreenNode]
CST 2026-07-17 18:48:33.994   635   695 W C02515/DISP: [SetLayerMaskInfo:495] <private> is not supported
CST 2026-07-17 18:48:33.994   635  2281 I C02515/DISP: [CommitComposeLayer:67] CommitComposeLayer! 10
CST 2026-07-17 18:48:34.001  1657  2227 I C02515/DISP: [ExpressFreeMem:317] freeMem bufferhandle gbuffer_id 93d0000005f, width 222, heigt 222
CST 2026-07-17 18:48:34.011   635  2281 W C02515/DISP: [SetLayerMaskInfo:495] <private> is not supported
CST 2026-07-17 18:48:34.011   635   695 I C02515/DISP: [CommitComposeLayer:67] CommitComposeLayer! 10
CST 2026-07-17 18:48:34.017  1657  2227 I C03900/HDS: [hds_drawable_descriptor.cpp-ProcessIcon:101]set pixelmap editable : 0 .
CST 2026-07-17 18:48:34.017  1657  2227 E C02b61/PixelMap: set ashmem name failed
CST 2026-07-17 18:48:34.017  1657  2227 W A01b00/SCB: GraphicUtils --> combinePic from HdsIcon, bundleName: com.huawei.hmsapp.appgallery, iconSizeOfGrid: 64, hasBorder: true
CST 2026-07-17 18:48:34.017  1657  2227 I A01b00/SCB: IconResourceFwk --> getBundleIcon end param: com.huawei.hmsapp.appgallery, 64, true true
CST 2026-07-17 18:48:34.023  1657  1797 I C02b61/ImageCode: DoEncode:(224, 224) cost 5060 us
CST 2026-07-17 18:48:34.023  1657  1812 I C02d07/ProcessorProxy: end to take data from observer=ha_app_event, seq=1, size=30
CST 2026-07-17 18:48:34.024  1657  1812 I C04707/HaAppEvent: OnEvents, 30
CST 2026-07-17 18:48:34.025  1657  1798 I C01631/GaussPD:  [0] [ADAPTER] [139901074930432] Not support binlog_default.writeLock file enable del monitor sysno = 25
CST 2026-07-17 18:48:34.025  1657  1798 I C01631/GaussPD:  [0] [ADAPTER] [139901074930432] Not support binlog_default.writeLock file enable del monitor sysno = 25
CST 2026-07-17 18:48:34.025  1657  1798 I C01631/GaussPD:  [0] [ADAPTER] [139901074930432] Not support binlog_default.writeLock file enable del monitor sysno = 25
CST 2026-07-17 18:48:34.025  1657  1812 I C02d07/EventMappingDao: delete 30 records, observerSeq=1, ret=0
CST 2026-07-17 18:48:34.025  1657  1798 I C01631/GaussPD:  [0] [ADAPTER] [139901074930432] Not support binlog_default.writeLock file enable del monitor sysno = 25
CST 2026-07-17 18:48:34.025  1657  1798 I C01631/GaussPD:  [0] [ADAPTER] [139901074930432] Not support binlog_default.writeIndex file enable del monitor sysno = 25
CST 2026-07-17 18:48:34.026  1657  1798 I C01631/GaussPD:  [0] [ADAPTER] [139901074930432] Not support binlog_default.writeIndex file enable del monitor sysno = 25
CST 2026-07-17 18:48:34.026  1657  2227 I A01a01/NC: NotificationConfigManager: update icon result: com.huawei.hmsapp.appgallery, 40770
CST 2026-07-17 18:48:34.026  1657  2227 I A01b00/SCB: IconResourceFwk --> getBundleIcon start param: com.huawei.hmos.location, 64, true true
CST 2026-07-17 18:48:34.026  1657  2227 W A01b00/SCB: IconResourceUtils --> getIconResource from bms getBundleResourceInfo for com.huawei.hmos.location 0
CST 2026-07-17 18:48:34.026  1657  1812 I C02d07/EventDao: delete 30 records, ret=0
CST 2026-07-17 18:48:34.026  1657  1812 I C02d07/Store: delete 0 params unused
CST 2026-07-17 18:48:34.027   766  1196 I C01120/BMS: icon rdb get resource icon start -n com.huawei.hmos.location -i 0 -f 16
CST 2026-07-17 18:48:34.027   766  1196 E C01650/StepResultSet: GoToRow:position[0] rowCount[0] rowPos_[-1]!
CST 2026-07-17 18:48:34.036  1657  2227 E C01707/CONCUR: [Interface] task 2227 apply qos failed, errno = 4
CST 2026-07-17 18:48:34.041  1657  2227 I C02b61/ImageSource: CreatePixelMap success, id:1784285314028823,dSize:(0,0),srcSize: (512,512),dHdr:1,sHdr:1,memType: 2,cost 12954 us
CST 2026-07-17 18:48:34.041  1657  2227 E C02b61/PixelMap: set ashmem name failed
CST 2026-07-17 18:48:34.048  1657  2227 E C01707/CONCUR: [Interface] task 2227 apply qos failed, errno = 4
CST 2026-07-17 18:48:34.048  1657  1657 W A01c06/ICON: AppIconWeatherModel --> initWeatherListener, retryTimes: 4
CST 2026-07-17 18:48:34.052  1657  2227 I C02b61/ImageSource: CreatePixelMap success, id:1784285314042016,dSize:(0,0),srcSize: (512,512),dHdr:1,sHdr:1,memType: 2,cost 9909 us
CST 2026-07-17 18:48:34.052  1657  2227 E C02b61/PixelMap: set ashmem name failed
CST 2026-07-17 18:48:34.053  1657  2227 I C02b61/ImageSource: CreatePixelMap success, id:1784285314052910,dSize:(0,0),srcSize: (192,192),dHdr:1,sHdr:1,memType: 2,cost 918 us
CST 2026-07-17 18:48:34.054  1657  2227 E C02b61/PixelMap: set ashmem name failed
CST 2026-07-17 18:48:34.059  1657  2227 W A01b00/SCB: GraphicUtils --> com.huawei.hmos.location - getHdsIcon, size: (512, 512), pixelFormat: 4, leftTopPixel is transparent: true, 0-0-0-0
CST 2026-07-17 18:48:34.059  1657  2227 E C03900/HDS: [hds_drawable_descriptor.cpp-GetOtherIconsInfo:395]Get icon by name from resource failed, iconName: icon_mask, isGlobalMask: 0, state: 9001004
CST 2026-07-17 18:48:34.062  1657  2227 W C03900/HDS: [hds_drawable_descriptor.cpp-ProcessIcon:91]Mask size {192, 192}, bundleName: com.huawei.hmos.location
CST 2026-07-17 18:48:34.064   513  1323 E C01707/CONCUR: [Interface] task 1323 apply qos failed, errno = 4
CST 2026-07-17 18:48:34.064   513  1323 E C01611/QosManager: QosManager: Failed to set thread QoS to QOS_USER_INTERACTIVE, ret: -1
CST 2026-07-17 18:48:34.065   766  1196 W C01123/BMSCommon: bundle not exist -n com.huawei.hmsapp.totemweather -u 100 -i 0 -f 32
CST 2026-07-17 18:48:34.065   766  1196 W C01121/BMSQuery: GetBundleInfo failed -n com.huawei.hmsapp.totemweather -u 100
CST 2026-07-17 18:48:34.065   513  1323 E C01651/BundleMgrProxy: GetBundleInfoFromBMS: GetBundleInfo failed!bundleName is com.huawei.hmsapp.totemweather, userId is 100
CST 2026-07-17 18:48:34.065   513  1323 E C01651/DataProviderConfig: GetFromProxyData: Get bundleInfo failed! bundleName:com.huawei.hmsapp.totemweather, userId:100, visitedId:100, uri:******icIconInfo
CST 2026-07-17 18:48:34.065   513  1323 E C01651/DataShareServiceImpl: GetBMSAndMetaDataStatus: CalledInfo failed! token:0x20087fab,ret:1001,uri:******icIconInfo
CST 2026-07-17 18:48:34.065   513  1323 E C01651/DataShareServiceImpl: GetSilentProxyStatus: BMS or metaData not ready to complete, token:0x20087fab, uri:******icIconInfo
CST 2026-07-17 18:48:34.066  1657  1657 E A01c06/ICON: AppIconWeatherModel --> get weather info failed, code: 15700010, message: The DataShareHelper is not initialized successfully.
CST 2026-07-17 18:48:34.074   634  2365 I C02515/DISP: [InitBufferHandle:229] express init gbuffer id 93d00000060 ret 0 err 0 fd 6 512 512 pixel 4 size 1048576 usage 2b
CST 2026-07-17 18:48:34.074   634  2365 I C02515/DISP: [ExpressAllocMem:271] ExpressAllocMem requeset BufferHandle 6, width 512, heigt 512, format 20
CST 2026-07-17 18:48:34.079   634  2365 I C02515/DISP: [ExpressFreeMem:317] freeMem bufferhandle gbuffer_id 93d00000060, width 512, heigt 512
CST 2026-07-17 18:48:34.090   634  2365 I C02515/DISP: [InitBufferHandle:229] express init gbuffer id 93d00000061 ret 0 err 0 fd 6 222 222 pixel 4 size 197136 usage 2b
CST 2026-07-17 18:48:34.090   634  2365 I C02515/DISP: [ExpressAllocMem:271] ExpressAllocMem requeset BufferHandle 6, width 222, heigt 222, format 20
CST 2026-07-17 18:48:34.095   634  2365 I C02515/DISP: [ExpressFreeMem:317] freeMem bufferhandle gbuffer_id 93d00000061, width 222, heigt 222
CST 2026-07-17 18:48:34.098  1657  1813 I C02515/DISP: [ExpressFreeMem:317] freeMem bufferhandle gbuffer_id 93d00000060, width 512, heigt 512
CST 2026-07-17 18:48:34.112  1657  1813 I C02515/DISP: [ExpressFreeMem:317] freeMem bufferhandle gbuffer_id 93d00000061, width 222, heigt 222
CST 2026-07-17 18:48:34.117  3090  3098 I C02f07/S_COLLCTOR: [operator()]Unload security collector manager SA begin.
CST 2026-07-17 18:48:34.117   142   164 I C01800/SAMGR: Scheduler SA:3525 unload start 3090,0_1_2
CST 2026-07-17 18:48:34.117   142   164 I C01800/SAMGR: Scheduler SA:3525 proc delay unload event
CST 2026-07-17 18:48:34.117   142   164 I C01800/SAMGR: IdleSA:3525
CST 2026-07-17 18:48:34.118  3090  3098 I C01810/SAFWK: Idle-SA:3525
CST 2026-07-17 18:48:34.118  3090  3098 I C01810/SAFWK: OnIdle-SA:3525 end,spend:0ms
CST 2026-07-17 18:48:34.118  3090  3098 I C01810/SAFWK: IdleSaInner suc to Idle SA:3525,delayTime:0,spend:1ms
CST 2026-07-17 18:48:34.118   142   164 I C01800/SAMGR: Scheduler SA:3525 agree unload
CST 2026-07-17 18:48:34.118   142   164 I C01800/SAMGR: Scheduler SA:3525 unloadable
CST 2026-07-17 18:48:34.118   142   159 I C01800/SAMGR: Scheduler proc:security_collector unload all SA
CST 2026-07-17 18:48:34.118   142   159 I C01800/SAMGR: Scheduler SA:3525 unload start
CST 2026-07-17 18:48:34.118  3090  3098 I C02f07/S_COLLCTOR: [operator()]Unload security collector manager SA end.
CST 2026-07-17 18:48:34.118   142   159 I C01800/SAMGR: StopSA:3525
CST 2026-07-17 18:48:34.118  3090  3093 I C01810/SAFWK: StopSa recv stop SA:3525 req
CST 2026-07-17 18:48:34.119   142   159 I C01800/SAMGR: Scheduler SA:3525 unloading
CST 2026-07-17 18:48:34.119  3090  3093 I C01810/SAFWK: StopSaInner suc to stop SA:3525,eventLen:57,spend:0ms
CST 2026-07-17 18:48:34.119   142   159 I C01800/SAMGR: Scheduler proc:security_collector state 1 to 2
CST 2026-07-17 18:48:34.119   142   159 I C01800/SAMGR: Scheduler proc:security_collector stopping
CST 2026-07-17 18:48:34.119  3090  3224 I C01810/SAFWK: Stop-SA:3525
CST 2026-07-17 18:48:34.119  3090  3224 I C01810/SAFWK: Stop OnStop-SA:3525 finished,spend:0ms
CST 2026-07-17 18:48:34.125  1657  1813 I C03900/HDS: [hds_drawable_descriptor.cpp-ProcessIcon:101]set pixelmap editable : 0 .
CST 2026-07-17 18:48:34.125  1657  1813 E C02b61/PixelMap: set ashmem name failed
CST 2026-07-17 18:48:34.126  1657  1813 W A01b00/SCB: GraphicUtils --> combinePic from HdsIcon, bundleName: com.huawei.hmos.location, iconSizeOfGrid: 64, hasBorder: true
CST 2026-07-17 18:48:34.126  1657  1813 I A01b00/SCB: IconResourceFwk --> getBundleIcon end param: com.huawei.hmos.location, 64, true true
CST 2026-07-17 18:48:34.130  1657  1799 I C02b61/ImageCode: DoEncode:(224, 224) cost 3565 us
CST 2026-07-17 18:48:34.130   142   164 I C01800/SAMGR: rm SA:3525_140
CST 2026-07-17 18:48:34.130   142   164 I C01800/SAMGR: Scheduler SA:3525 handle unload suc event
CST 2026-07-17 18:48:34.130   142   164 I C01800/SAMGR: Scheduler SA:3525 not loaded
CST 2026-07-17 18:48:34.130   142   157 I C01800/SAMGR: Scheduler proc:security_collector,SA num:1,notloaded num:1
CST 2026-07-17 18:48:34.130   142   156 I C01800/SAMGR: FindSaNotify SA:3525,4_107
CST 2026-07-17 18:48:34.130  3090  3224 I C01810/SAFWK: Stop suc to rm SA:3525,spend:12ms
CST 2026-07-17 18:48:34.131  1657  1800 I C01631/GaussPD:  [0] [ADAPTER] [139901058128640] Not support binlog_default.writeLock file enable del monitor sysno = 25
CST 2026-07-17 18:48:34.131  1657  1800 I C01631/GaussPD:  [0] [ADAPTER] [139901058128640] Not support binlog_default.writeLock file enable del monitor sysno = 25
CST 2026-07-17 18:48:34.131  1657  1800 I C01631/GaussPD:  [0] [ADAPTER] [139901058128640] Not support binlog_default.writeLock file enable del monitor sysno = 25
CST 2026-07-17 18:48:34.131  1657  1800 I C01631/GaussPD:  [0] [ADAPTER] [139901058128640] Not support binlog_default.writeLock file enable del monitor sysno = 25
CST 2026-07-17 18:48:34.131  1657  1800 I C01631/GaussPD:  [0] [ADAPTER] [139901058128640] Not support binlog_default.writeIndex file enable del monitor sysno = 25
CST 2026-07-17 18:48:34.131  1657  1800 I C01631/GaussPD:  [0] [ADAPTER] [139901058128640] Not support binlog_default.writeIndex file enable del monitor sysno = 25
CST 2026-07-17 18:48:34.132  1657  1813 I A01a01/NC: NotificationConfigManager: update icon result: com.huawei.hmos.location, 21906
CST 2026-07-17 18:48:34.132  1657  1813 I A01b00/SCB: IconResourceFwk --> getBundleIcon start param: com.ohos.powerdialog, 64, true true
CST 2026-07-17 18:48:34.132  1657  1813 W A01b00/SCB: IconResourceUtils --> getIconResource from bms getBundleResourceInfo for com.ohos.powerdialog 0
CST 2026-07-17 18:48:34.132   766  1196 I C01120/BMS: icon rdb get resource icon start -n com.ohos.powerdialog -i 0 -f 16
CST 2026-07-17 18:48:34.133   766  1196 E C01650/StepResultSet: GoToRow:position[0] rowCount[0] rowPos_[-1]!
CST 2026-07-17 18:48:34.134  1657  1813 I C02b61/ImageSource: CreatePixelMap success, id:1784285314133461,dSize:(0,0),srcSize: (114,114),dHdr:1,sHdr:1,memType: 2,cost 563 us
CST 2026-07-17 18:48:34.134  1657  1813 E C02b61/PixelMap: set ashmem name failed
CST 2026-07-17 18:48:34.134  1657  1813 W A01b00/SCB: GraphicUtils --> com.ohos.powerdialog - getHdsIcon, size: (114, 114), pixelFormat: 4, leftTopPixel is transparent: true, 0-0-0-0
CST 2026-07-17 18:48:34.134  1657  1813 E C03900/HDS: [hds_drawable_descriptor.cpp-GetOtherIconsInfo:395]Get icon by name from resource failed, iconName: icon_mask, isGlobalMask: 0, state: 9001004
CST 2026-07-17 18:48:34.134  1657  1813 W C03900/HDS: [hds_drawable_descriptor.cpp-ProcessIcon:91]Mask size {192, 192}, bundleName: com.ohos.powerdialog
CST 2026-07-17 18:48:34.136  1657  2227 I C02b61/PixelMap: PixelMap::scale SLR 242, srcSize: [192, 192], dstSize: [114, 114], cost: 1
CST 2026-07-17 18:48:34.140   640   663 I C057c2/IPCObjectProxy: hd:14 ct:1 D:
CST 2026-07-17 18:48:34.140   142   142 I C057c2/IPCObjectProxy: hd:530 ct:1 D:*.ISystemAbilityStatusChange
CST 2026-07-17 18:48:34.140   640   663 I C02700/SensorService: in ProcessDeathObserver, pid is 3090
CST 2026-07-17 18:48:34.140   640   663 W C02700/StreamServer: in DelSession, Pid session not exist
CST 2026-07-17 18:48:34.140   640   663 E C02700/ClientInfo: in DelActiveInfoCBPid, Pid is not exists
CST 2026-07-17 18:48:34.140   640   663 I C02700/ClientInfo: in DestroyAppThreadInfo, Done, pid:3090
CST 2026-07-17 18:48:34.140   142   142 I C01800/SAMGR: rm SAListener 3090,25
CST 2026-07-17 18:48:34.140   142   164 I C057c2/IPCObjectProxy: hd:584 ct:1 D:*.accessToken
CST 2026-07-17 18:48:34.140   142   164 I C01800/SAMGR: rm DeadProc:security_collector,73
CST 2026-07-17 18:48:34.149   142   142 I C01800/SAMGR: NF SA:65962,931_55
CST 2026-07-17 18:48:34.154   142   157 I C02c02/PARAM: SystemSetParameter name ohos.ctl.stop id:65 ret:0
CST 2026-07-17 18:48:34.157   634  2365 I C02515/DISP: [InitBufferHandle:229] express init gbuffer id 93d00000062 ret 0 err 0 fd 6 114 114 pixel 4 size 51984 usage 2b
CST 2026-07-17 18:48:34.157   634  2365 I C02515/DISP: [ExpressAllocMem:271] ExpressAllocMem requeset BufferHandle 6, width 114, heigt 114, format 20
CST 2026-07-17 18:48:34.159   142   157 I C01800/SAMGR: Scheduler proc:security_collector kill pid:3090,3521_0_23ms
CST 2026-07-17 18:48:34.159   142   164 I C01800/SAMGR: Scheduler proc:security_collector handle stopped event
CST 2026-07-17 18:48:34.159   142   164 I C01800/SAMGR: Scheduler proc:security_collector state 2 to 0
CST 2026-07-17 18:48:34.159   142   164 I C01800/SAMGR: Scheduler proc:security_collector stopped
CST 2026-07-17 18:48:34.159   142   164 I C01800/SAMGR: remove onDemandSA. proc:security_collector, size:26
CST 2026-07-17 18:48:34.159   142   164 I C01800/SAMGR: Scheduler SA:3525 state current 0 is same as next 0
CST 2026-07-17 18:48:34.160   337   350 I C01810/SA_CLIENT: onProcStop,pid:3090
CST 2026-07-17 18:48:34.162   634  2365 I C02515/DISP: [ExpressFreeMem:317] freeMem bufferhandle gbuffer_id 93d00000062, width 114, heigt 114
CST 2026-07-17 18:48:34.186   178   619 E C02510/devsvc_manager_stub: StubGetService service ril_ext not found
CST 2026-07-17 18:48:34.186   172   346 E C02510/hdi_servmgr_client: get hdi service ril_ext failed, -1
CST 2026-07-17 18:48:34.186   172   346 I C02d19/CHR_SERVICE: RilRadioRadarTunnel, ConnectRilAdapterService chrRadio_ is nullptr!
CST 2026-07-17 18:48:34.187   178   619 E C02510/devsvc_manager_stub: StubGetService service hmi_service not found
CST 2026-07-17 18:48:34.187   172   346 E C02510/hdi_servmgr_client: get hdi service hmi_service failed, -1
CST 2026-07-17 18:48:34.187   172   346 E C02510/hmi_interface_proxy: Get:get remote object failed!
CST 2026-07-17 18:48:34.187   172   346 I C02d19/CHR_SERVICE: [HmiClient][chr_client]GetService: hmiInterface is nullptr.
CST 2026-07-17 18:48:34.187   172   346 I C02d19/CHR_SERVICE: [HmiClient][chr_client]TryGetServiceDelayed: retryCount=9, delayed=4000.
CST 2026-07-17 18:48:34.191   634  2365 I C02515/DISP: [InitBufferHandle:229] express init gbuffer id 93d00000063 ret 0 err 0 fd 6 222 222 pixel 4 size 197136 usage 2b
CST 2026-07-17 18:48:34.191   634  2365 I C02515/DISP: [ExpressAllocMem:271] ExpressAllocMem requeset BufferHandle 6, width 222, heigt 222, format 20
CST 2026-07-17 18:48:34.196   634  2365 I C02515/DISP: [ExpressFreeMem:317] freeMem bufferhandle gbuffer_id 93d00000063, width 222, heigt 222
CST 2026-07-17 18:48:34.202  1657  2227 I C02515/DISP: [ExpressFreeMem:317] freeMem bufferhandle gbuffer_id 93d00000062, width 114, heigt 114
CST 2026-07-17 18:48:34.209  1657  2227 I C02515/DISP: [ExpressFreeMem:317] freeMem bufferhandle gbuffer_id 93d00000063, width 222, heigt 222
CST 2026-07-17 18:48:34.213  1657  2227 I C03900/HDS: [hds_drawable_descriptor.cpp-ProcessIcon:101]set pixelmap editable : 0 .
CST 2026-07-17 18:48:34.214  1657  2227 E C02b61/PixelMap: set ashmem name failed
CST 2026-07-17 18:48:34.214  1657  2227 W A01b00/SCB: GraphicUtils --> combinePic from HdsIcon, bundleName: com.ohos.powerdialog, iconSizeOfGrid: 64, hasBorder: true
CST 2026-07-17 18:48:34.214  1657  2227 I A01b00/SCB: IconResourceFwk --> getBundleIcon end param: com.ohos.powerdialog, 64, true true
CST 2026-07-17 18:48:34.219  1657  1798 I C02b61/ImageCode: DoEncode:(224, 224) cost 4419 us
CST 2026-07-17 18:48:34.221  1657  1799 I C01631/GaussPD:  [0] [ADAPTER] [139901066529536] Not support binlog_default.writeLock file enable del monitor sysno = 25
CST 2026-07-17 18:48:34.221  1657  1799 I C01631/GaussPD:  [0] [ADAPTER] [139901066529536] Not support binlog_default.writeLock file enable del monitor sysno = 25
CST 2026-07-17 18:48:34.221  1657  1799 I C01631/GaussPD:  [0] [ADAPTER] [139901066529536] Not support binlog_default.writeLock file enable del monitor sysno = 25
CST 2026-07-17 18:48:34.221  1657  1799 I C01631/GaussPD:  [0] [ADAPTER] [139901066529536] Not support binlog_default.writeLock file enable del monitor sysno = 25
CST 2026-07-17 18:48:34.221  1657  1799 I C01631/GaussPD:  [0] [ADAPTER] [139901066529536] Not support binlog_default.writeIndex file enable del monitor sysno = 25
CST 2026-07-17 18:48:34.221  1657  1799 I C01631/GaussPD:  [0] [ADAPTER] [139901066529536] Not support binlog_default.writeIndex file enable del monitor sysno = 25
CST 2026-07-17 18:48:34.221  1657  2227 I A01a01/NC: NotificationConfigManager: update icon result: com.ohos.powerdialog, 38242
CST 2026-07-17 18:48:34.221  1657  2227 I A01b00/SCB: IconResourceFwk --> getBundleIcon start param: com.huawei.hmsapp.hiai, 64, true true
CST 2026-07-17 18:48:34.221  1657  2227 W A01b00/SCB: IconResourceUtils --> getIconResource from bms getBundleResourceInfo for com.huawei.hmsapp.hiai 0
CST 2026-07-17 18:48:34.223   766  1196 I C01120/BMS: icon rdb get resource icon start -n com.huawei.hmsapp.hiai -i 0 -f 16
CST 2026-07-17 18:48:34.223   766  1196 E C01650/StepResultSet: GoToRow:position[0] rowCount[0] rowPos_[-1]!
CST 2026-07-17 18:48:34.230  1657  2227 I C02b61/ImageSource: CreatePixelMap success, id:1784285314226670,dSize:(0,0),srcSize: (322,322),dHdr:1,sHdr:1,memType: 2,cost 3498 us
CST 2026-07-17 18:48:34.230  1657  2227 E C02b61/PixelMap: set ashmem name failed
CST 2026-07-17 18:48:34.230  1657  2227 W A01b00/SCB: GraphicUtils --> com.huawei.hmsapp.hiai - getHdsIcon, size: (322, 322), pixelFormat: 4, leftTopPixel is transparent: true, 0-0-0-0
CST 2026-07-17 18:48:34.230  1657  2227 E C03900/HDS: [hds_drawable_descriptor.cpp-GetOtherIconsInfo:395]Get icon by name from resource failed, iconName: icon_mask, isGlobalMask: 0, state: 9001004
CST 2026-07-17 18:48:34.232  1657  2227 W C03900/HDS: [hds_drawable_descriptor.cpp-ProcessIcon:91]Mask size {192, 192}, bundleName: com.huawei.hmsapp.hiai
CST 2026-07-17 18:48:34.258   634  2365 I C02515/DISP: [InitBufferHandle:229] express init gbuffer id 93d00000064 ret 0 err 0 fd 6 322 322 pixel 4 size 414736 usage 2b
CST 2026-07-17 18:48:34.258   634  2365 I C02515/DISP: [ExpressAllocMem:271] ExpressAllocMem requeset BufferHandle 6, width 322, heigt 322, format 20
CST 2026-07-17 18:48:34.262   634  2365 I C02515/DISP: [ExpressFreeMem:317] freeMem bufferhandle gbuffer_id 93d00000064, width 322, heigt 322
CST 2026-07-17 18:48:34.274   634  2365 I C02515/DISP: [InitBufferHandle:229] express init gbuffer id 93d00000065 ret 0 err 0 fd 6 222 222 pixel 4 size 197136 usage 2b
CST 2026-07-17 18:48:34.274   634  2365 I C02515/DISP: [ExpressAllocMem:271] ExpressAllocMem requeset BufferHandle 6, width 222, heigt 222, format 20
CST 2026-07-17 18:48:34.278   634  2365 I C02515/DISP: [ExpressFreeMem:317] freeMem bufferhandle gbuffer_id 93d00000065, width 222, heigt 222
CST 2026-07-17 18:48:34.279   639   830 I C05780/LnnInit: LnnModuleInitRetryCallback# module(0) is retrying.
CST 2026-07-17 18:48:34.281  3228  3228 W C02c02/PARAM: Selinux check name persist.init.debug.loglevel in u:object_r:startup_init_param:s0 [3228 2000 2000] failed
CST 2026-07-17 18:48:34.281  3228  3228 W C02c02/PARAM: Selinux check name persist.init.debug.loglevel in u:object_r:startup_init_param:s0 [3228 2000 2000] failed
CST 2026-07-17 18:48:34.281  3228  3228 W C02c02/PARAM: SystemReadParam failed!name is:persist.init.debug.loglevel,err:1002
CST 2026-07-17 18:48:34.283   639   830 I C04400/DHDP: ProfileChangeListenerStub::ProfileChangeListenerStub construct!
CST 2026-07-17 18:48:34.283   639   830 I C05720/AuthInit: AuthDeviceProfileListener# construct!
CST 2026-07-17 18:48:34.284   142   164 I C01800/SAMGR: already exist listener object SA:6001
CST 2026-07-17 18:48:34.285   639   830 I C04400/DHDP: Client::SubscribeDeviceProfile subscribeInfos_.size is 1
CST 2026-07-17 18:48:34.287  3228  3228 W C02c02/PARAM: Selinux check name persist.init.debug.loglevel in u:object_r:startup_init_param:s0 [3228 2000 2000] failed
CST 2026-07-17 18:48:34.287  3228  3228 W C02c02/PARAM: Selinux check name persist.init.debug.loglevel in u:object_r:startup_init_param:s0 [3228 2000 2000] failed
CST 2026-07-17 18:48:34.287  3228  3228 W C02c02/PARAM: SystemReadParam failed!name is:persist.init.debug.loglevel,err:1002
CST 2026-07-17 18:48:34.287  1097  1097 I C04400/DHDP: StubNew::OnRemoteRequest code = 23, CallingPid = 639
CST 2026-07-17 18:48:34.289  1097  1097 I C04400/DHDP: SubscribeProfileManager::SubscribeDeviceProfile saId: 4700!, subscribeKey: trus***file
CST 2026-07-17 18:48:34.289  1097  1097 I C04400/DHDP: SubscribeProfileManager::SubscribeDeviceProfile this sa subscribeInfo is exist, saId : 4700
CST 2026-07-17 18:48:34.289   639  1251 I C05720/AuthInit: ~AuthDeviceProfileListener# destruct
CST 2026-07-17 18:48:34.289   639  1251 I C04400/DHDP: ProfileChangeListenerStub::~ProfileChangeListenerStub destruct!
CST 2026-07-17 18:48:34.290  1097  1097 I C04400/DHDP: StubNew::OnRemoteRequest code = 12, CallingPid = 639
CST 2026-07-17 18:48:34.291  1657  2227 I C02b61/PostProc: initSLRFactor insert:-531538152
CST 2026-07-17 18:48:34.291  1097  1097 E C04400/DHDP: TrustProfileManager::GetAllAccessControlProfiles accesscontrol_table no data
CST 2026-07-17 18:48:34.292  1097  1097 E C04400/DHDP: TrustProfileManager::GetAllAccessControlProfile GetAllAccessControlProfile failed
CST 2026-07-17 18:48:34.293   639   830 E C04400/DHDP: Proxy::GetAllAccessControlProfile dp method call fail, errCode = 98566221
CST 2026-07-17 18:48:34.293   639   830 E C05787/LnnState: SelectAllAcl# GetAllAccessControlProfile ret=98566221
CST 2026-07-17 18:48:34.293   639   830 E C05782/LnnLedger: RecoveryTrustedDevInfoProcess# get trusted dev info fail
CST 2026-07-17 18:48:34.293   639   830 E C05723/AuthFsm: AuthRegisterToDpDelay# init trusted list error
CST 2026-07-17 18:48:34.295   380   420 I C01f0b/ConnCure: ProcessTransitionToHicure
CST 2026-07-17 18:48:34.295   380   420 I C01f0b/ConnCure: cachedPackageName_: cn.alfadb.netbird.r1probe
CST 2026-07-17 18:48:34.295   380   420 W C01f04/MultiSimontroller: [GetSimAccountInfo-(multi_sim_controller.cpp:1141)] slotId 0 is invalid
CST 2026-07-17 18:48:34.295   380   420 E C01f04/TelephonySubsystem: GetSimAccountInfo fail!
CST 2026-07-17 18:48:34.295   380   420 E C01f04/TelephonySubsystem: simId  is invalid
CST 2026-07-17 18:48:34.295   380   420 E C01f04/MultiSimontroller: failed by nullptr
CST 2026-07-17 18:48:34.295   380   420 E C01f04/TelephonySubsystem: slotId is invalid by vec.size(), slotId = -1
CST 2026-07-17 18:48:34.295   380   420 E C01f04/TelephonySubsystem: simStateManager is null!
CST 2026-07-17 18:48:34.295   380   420 I C01f0b/ConnCure: IsTestSimCard: -1, 
CST 2026-07-17 18:48:34.295   380   420 E C01f0b/ConnCure: getSimOperator error
CST 2026-07-17 18:48:34.295   380   420 I C01f0b/ConnCure: get isInPunishTime_: 0
CST 2026-07-17 18:48:34.295   380   420 I C01f0b/ConnCure: not support vsim service
CST 2026-07-17 18:48:34.295   380   420 I C01f0b/ConnCure: airplane mode is 0
CST 2026-07-17 18:48:34.295   380   420 E C01f04/MultiSimontroller: failed by nullptr
CST 2026-07-17 18:48:34.295   380   420 E C01f0b/ConnCure: phoneStates_ not find slotid=-1
CST 2026-07-17 18:48:34.295   380   420 I C01f0b/ConnCure: canPerformConnCure: network is not in service.
CST 2026-07-17 18:48:34.294   639   830 E C05780/LnnInit: LnnModuleInitRetryCallback# Module(0) hast tried 4 times
CST 2026-07-17 18:48:34.297  1657  2227 I C02515/DISP: [ExpressFreeMem:317] freeMem bufferhandle gbuffer_id 93d00000064, width 322, heigt 322
CST 2026-07-17 18:48:34.321   380   420 I C01f0b/ConnCure: IsSystemCheck, ret:0
CST 2026-07-17 18:48:34.321  1657  2227 I C02515/DISP: [ExpressFreeMem:317] freeMem bufferhandle gbuffer_id 93d00000065, width 222, heigt 222
CST 2026-07-17 18:48:34.321   380   420 I C01f0b/ConnCure: IsUserDataEnabled: 1
CST 2026-07-17 18:48:34.321   380   420 I C01f0b/ConnCure: IsCaredApp:1, isAllowed:1, isDataEnabled:1
CST 2026-07-17 18:48:34.321   380   420 I C01f0b/ConnCure: IsUserDataEnabled: 1
CST 2026-07-17 18:48:34.321   380   420 W C01f04/MultiSimontroller: [GetSimAccountInfo-(multi_sim_controller.cpp:1141)] slotId 0 is invalid
CST 2026-07-17 18:48:34.321   380   420 E C01f04/TelephonySubsystem: GetSimAccountInfo fail!
CST 2026-07-17 18:48:34.321   380   420 W C01f04/MultiSimontroller: [GetSimAccountInfo-(multi_sim_controller.cpp:1141)] slotId 1 is invalid
CST 2026-07-17 18:48:34.321   380   420 E C01f04/TelephonySubsystem: GetSimAccountInfo fail!
CST 2026-07-17 18:48:34.321   380   420 E C01f0b/ConnCure: phoneStates_ find: slotId=0, callState=-1
CST 2026-07-17 18:48:34.321   380   420 E C01f0b/ConnCure: phoneStates_ find: slotId=1, callState=-1
CST 2026-07-17 18:48:34.322   380   420 I C01f0b/ConnCure: mainCallState: -1, slaveCallState: -1
CST 2026-07-17 18:48:34.341  1657  2227 I C03900/HDS: [hds_drawable_descriptor.cpp-ProcessIcon:101]set pixelmap editable : 0 .
CST 2026-07-17 18:48:34.341  1657  2227 E C02b61/PixelMap: set ashmem name failed
CST 2026-07-17 18:48:34.341  1657  2227 W A01b00/SCB: GraphicUtils --> combinePic from HdsIcon, bundleName: com.huawei.hmsapp.hiai, iconSizeOfGrid: 64, hasBorder: true
CST 2026-07-17 18:48:34.341  1657  2227 I A01b00/SCB: IconResourceFwk --> getBundleIcon end param: com.huawei.hmsapp.hiai, 64, true true
CST 2026-07-17 18:48:34.348  1657  1797 I C02b61/ImageCode: DoEncode:(224, 224) cost 6416 us
CST 2026-07-17 18:48:34.350   142   164 I C01800/SAMGR: NF SA:65962,931_56
CST 2026-07-17 18:48:34.350   931   944 E C01810/SA_CLIENT: GetSaWrap SA:65962 not start
CST 2026-07-17 18:48:34.350   931   944 I C01409/APS_MANAGER: request system service object is not ready yet!
CST 2026-07-17 18:48:34.350  1657  1798 I C01631/GaussPD:  [0] [ADAPTER] [139901074930432] Not support binlog_default.writeLock file enable del monitor sysno = 25
CST 2026-07-17 18:48:34.350  1657  1798 I C01631/GaussPD:  [0] [ADAPTER] [139901074930432] Not support binlog_default.writeLock file enable del monitor sysno = 25
CST 2026-07-17 18:48:34.350  1657  1798 I C01631/GaussPD:  [0] [ADAPTER] [139901074930432] Not support binlog_default.writeLock file enable del monitor sysno = 25
CST 2026-07-17 18:48:34.351  1657  1798 I C01631/GaussPD:  [0] [ADAPTER] [139901074930432] Not support binlog_default.writeLock file enable del monitor sysno = 25
CST 2026-07-17 18:48:34.351  1657  1798 I C01631/GaussPD:  [0] [ADAPTER] [139901074930432] Not support binlog_default.writeIndex file enable del monitor sysno = 25
CST 2026-07-17 18:48:34.351  1657  1798 I C01631/GaussPD:  [0] [ADAPTER] [139901074930432] Not support binlog_default.writeIndex file enable del monitor sysno = 25
CST 2026-07-17 18:48:34.351  1657  2227 I A01a01/NC: NotificationConfigManager: update icon result: com.huawei.hmsapp.hiai, 82886
CST 2026-07-17 18:48:34.352  1657  2227 I A01b00/SCB: IconResourceFwk --> getBundleIcon start param: com.huawei.hmos.mediacontroller, 64, true true
CST 2026-07-17 18:48:34.352  1657  2227 W A01b00/SCB: IconResourceUtils --> getIconResource from bms getBundleResourceInfo for com.huawei.hmos.mediacontroller 0
CST 2026-07-17 18:48:34.352   766  1196 I C01120/BMS: icon rdb get resource icon start -n com.huawei.hmos.mediacontroller -i 0 -f 16
CST 2026-07-17 18:48:34.352   766  1196 E C01650/StepResultSet: GoToRow:position[0] rowCount[0] rowPos_[-1]!
CST 2026-07-17 18:48:34.353  1657  2227 I C02b61/ImageSource: CreatePixelMap success, id:1784285314353046,dSize:(0,0),srcSize: (114,114),dHdr:1,sHdr:1,memType: 2,cost 584 us
CST 2026-07-17 18:48:34.353  1657  2227 E C02b61/PixelMap: set ashmem name failed
CST 2026-07-17 18:48:34.353  1657  2227 W A01b00/SCB: GraphicUtils --> com.huawei.hmos.mediacontroller - getHdsIcon, size: (114, 114), pixelFormat: 4, leftTopPixel is transparent: true, 0-0-0-0
CST 2026-07-17 18:48:34.354  1657  2227 E C03900/HDS: [hds_drawable_descriptor.cpp-GetOtherIconsInfo:395]Get icon by name from resource failed, iconName: icon_mask, isGlobalMask: 0, state: 9001004
CST 2026-07-17 18:48:34.354  1657  2227 W C03900/HDS: [hds_drawable_descriptor.cpp-ProcessIcon:91]Mask size {192, 192}, bundleName: com.huawei.hmos.mediacontroller
CST 2026-07-17 18:48:34.355  1657  1737 I C02b61/PixelMap: PixelMap::scale SLR 250, srcSize: [192, 192], dstSize: [114, 114], cost: 0
CST 2026-07-17 18:48:34.366   634  2365 I C02515/DISP: [InitBufferHandle:229] express init gbuffer id 93d00000066 ret 0 err 0 fd 6 114 114 pixel 4 size 51984 usage 2b
CST 2026-07-17 18:48:34.366   634  2365 I C02515/DISP: [ExpressAllocMem:271] ExpressAllocMem requeset BufferHandle 6, width 114, heigt 114, format 20
CST 2026-07-17 18:48:34.370   634  2365 I C02515/DISP: [ExpressFreeMem:317] freeMem bufferhandle gbuffer_id 93d00000066, width 114, heigt 114
CST 2026-07-17 18:48:34.381   634  2365 I C02515/DISP: [InitBufferHandle:229] express init gbuffer id 93d00000067 ret 0 err 0 fd 6 222 222 pixel 4 size 197136 usage 2b
CST 2026-07-17 18:48:34.381   634  2365 I C02515/DISP: [ExpressAllocMem:271] ExpressAllocMem requeset BufferHandle 6, width 222, heigt 222, format 20
CST 2026-07-17 18:48:34.385   634  2365 I C02515/DISP: [ExpressFreeMem:317] freeMem bufferhandle gbuffer_id 93d00000067, width 222, heigt 222
CST 2026-07-17 18:48:34.386  1657  1737 I C02515/DISP: [ExpressFreeMem:317] freeMem bufferhandle gbuffer_id 93d00000066, width 114, heigt 114
CST 2026-07-17 18:48:34.400  1657  1737 I C02515/DISP: [ExpressFreeMem:317] freeMem bufferhandle gbuffer_id 93d00000067, width 222, heigt 222
CST 2026-07-17 18:48:34.414  1657  1737 I C03900/HDS: [hds_drawable_descriptor.cpp-ProcessIcon:101]set pixelmap editable : 0 .
CST 2026-07-17 18:48:34.414  1657  1737 E C02b61/PixelMap: set ashmem name failed
CST 2026-07-17 18:48:34.414  1657  1737 W A01b00/SCB: GraphicUtils --> combinePic from HdsIcon, bundleName: com.huawei.hmos.mediacontroller, iconSizeOfGrid: 64, hasBorder: true
CST 2026-07-17 18:48:34.414  1657  1737 I A01b00/SCB: IconResourceFwk --> getBundleIcon end param: com.huawei.hmos.mediacontroller, 64, true true
CST 2026-07-17 18:48:34.418   620   786 W C02943/ThermalHdi: Read node failed, title = brightness
CST 2026-07-17 18:48:34.418   620   786 W C02943/ThermalHdi: Read node failed, title = 
CST 2026-07-17 18:48:34.418   620   786 W C02943/ThermalHdi: Read node failed, title = 
CST 2026-07-17 18:48:34.418   620   786 W C02943/ThermalHdi: Read node failed, title = 
CST 2026-07-17 18:48:34.418   620   786 W C02943/ThermalHdi: Read node failed, title = 
CST 2026-07-17 18:48:34.418   620   786 W C02943/ThermalHdi: Read node failed, title = 
CST 2026-07-17 18:48:34.418   620   786 W C02943/ThermalHdi: Read node failed, title = 
CST 2026-07-17 18:48:34.418   620   786 W C02943/ThermalHdi: Read node failed, title = 
CST 2026-07-17 18:48:34.418   620   786 W C02943/ThermalHdi: Read node failed, title = 
CST 2026-07-17 18:48:34.419   620   786 W C02943/ThermalHdi: Read node failed, title = 
CST 2026-07-17 18:48:34.419   620   786 W C02943/ThermalHdi: Read node failed, title = 
CST 2026-07-17 18:48:34.419   620   786 W C02943/ThermalHdi: Read node failed, title = 
CST 2026-07-17 18:48:34.419   620   786 W C02943/ThermalHdi: Read node failed, title = 
CST 2026-07-17 18:48:34.419   620   786 W C02943/ThermalHdi: Read node failed, title = 
CST 2026-07-17 18:48:34.419   620   786 W C02943/ThermalHdi: Read node failed, title = 
CST 2026-07-17 18:48:34.419   620   786 W C02943/ThermalHdi: Read node failed, title = 
CST 2026-07-17 18:48:34.419   620   786 W C02943/ThermalHdi: Read node failed, title = 
CST 2026-07-17 18:48:34.419   620   786 W C02943/ThermalHdi: Read node failed, title = 
CST 2026-07-17 18:48:34.419   620   786 W C02943/ThermalHdi: Read node failed, title = 
CST 2026-07-17 18:48:34.419   620   786 W C02943/ThermalHdi: Read node failed, title = 
CST 2026-07-17 18:48:34.419   620   786 W C02943/ThermalHdi: Read node failed, title = 
CST 2026-07-17 18:48:34.419   620   786 W C02943/ThermalHdi: Read node failed, title = 
CST 2026-07-17 18:48:34.419   620   786 W C02943/ThermalHdi: Read node failed, title = 
CST 2026-07-17 18:48:34.419   620   786 W C02943/ThermalHdi: Read node failed, title = 
CST 2026-07-17 18:48:34.419   620   786 W C02943/ThermalHdi: Read node failed, title = 
CST 2026-07-17 18:48:34.419   620   786 W C02943/ThermalHdi: Read node failed, title = ambient
CST 2026-07-17 18:48:34.419   620   786 W C02943/ThermalHdi: Read node failed, title = ibat
CST 2026-07-17 18:48:34.419   620   786 W C02943/ThermalHdi: Read node failed, title = vbat
CST 2026-07-17 18:48:34.419   620   786 W C02943/ThermalHdi: Read node failed, title = cpu0_min_freq
CST 2026-07-17 18:48:34.419   620   786 W C02943/ThermalHdi: Read node failed, title = cpu0_cur_freq
CST 2026-07-17 18:48:34.419   620   786 W C02943/ThermalHdi: Read node failed, title = cpu0_max_freq
CST 2026-07-17 18:48:34.419   620   786 W C02943/ThermalHdi: Read node failed, title = cpu4_min_freq
CST 2026-07-17 18:48:34.419   620   786 W C02943/ThermalHdi: Read node failed, title = cpu4_cur_freq
CST 2026-07-17 18:48:34.419   620   786 W C02943/ThermalHdi: Read node failed, title = cpu4_max_freq
CST 2026-07-17 18:48:34.419   620   786 W C02943/ThermalHdi: Read node failed, title = cpu7_min_freq
CST 2026-07-17 18:48:34.419   620   786 W C02943/ThermalHdi: Read node failed, title = cpu7_cur_freq
CST 2026-07-17 18:48:34.419   620   786 W C02943/ThermalHdi: Read node failed, title = cpu7_max_freq
CST 2026-07-17 18:48:34.419   620   786 W C02943/ThermalHdi: Read node failed, title = gpu_min_freq
CST 2026-07-17 18:48:34.419   620   786 W C02943/ThermalHdi: Read node failed, title = gpu_cur_freq
CST 2026-07-17 18:48:34.419   620   786 W C02943/ThermalHdi: Read node failed, title = gpu_max_freq
CST 2026-07-17 18:48:34.419  1657  1800 I C02b61/ImageCode: DoEncode:(224, 224) cost 4305 us
CST 2026-07-17 18:48:34.419   620   786 W C02943/ThermalHdi: Read node failed, title = ddr_cur_freq
CST 2026-07-17 18:48:34.419   620   786 W C02943/ThermalHdi: Read node failed, title = set_IPApower
CST 2026-07-17 18:48:34.419   620   786 W C02943/ThermalHdi: Read node failed, title = cur_IPApower
CST 2026-07-17 18:48:34.419   620   786 W C02943/ThermalHdi: get node failed
CST 2026-07-17 18:48:34.419   620   786 W C02943/ThermalHdi: get node failed
CST 2026-07-17 18:48:34.419   620   786 W C02943/ThermalHdi: get node failed
CST 2026-07-17 18:48:34.420  1657  1797 I C01631/GaussPD:  [0] [ADAPTER] [139902256663296] Not support binlog_default.writeLock file enable del monitor sysno = 25
CST 2026-07-17 18:48:34.420  1657  1797 I C01631/GaussPD:  [0] [ADAPTER] [139902256663296] Not support binlog_default.writeLock file enable del monitor sysno = 25
CST 2026-07-17 18:48:34.420  1657  1797 I C01631/GaussPD:  [0] [ADAPTER] [139902256663296] Not support binlog_default.writeLock file enable del monitor sysno = 25
CST 2026-07-17 18:48:34.421  1657  1797 I C01631/GaussPD:  [0] [ADAPTER] [139902256663296] Not support binlog_default.writeLock file enable del monitor sysno = 25
CST 2026-07-17 18:48:34.421  1657  1797 I C01631/GaussPD:  [0] [ADAPTER] [139902256663296] Not support binlog_default.writeIndex file enable del monitor sysno = 25
CST 2026-07-17 18:48:34.421  1657  1797 I C01631/GaussPD:  [0] [ADAPTER] [139902256663296] Not support binlog_default.writeIndex file enable del monitor sysno = 25
CST 2026-07-17 18:48:34.421  1657  1737 I A01a01/NC: NotificationConfigManager: update icon result: com.huawei.hmos.mediacontroller, 38242
CST 2026-07-17 18:48:34.421  1657  1737 I A01b00/SCB: IconResourceFwk --> getBundleIcon start param: com.ohos.ringtonelibrary.ringtonelibrarydata, 64, true true
CST 2026-07-17 18:48:34.421  1657  1737 W A01b00/SCB: IconResourceUtils --> getIconResource from bms getBundleResourceInfo for com.ohos.ringtonelibrary.ringtonelibrarydata 0
CST 2026-07-17 18:48:34.422   766  1196 I C01120/BMS: icon rdb get resource icon start -n com.ohos.ringtonelibrary.ringtonelibrarydata -i 0 -f 16
CST 2026-07-17 18:48:34.422   766  1196 E C01650/StepResultSet: GoToRow:position[0] rowCount[0] rowPos_[-1]!
CST 2026-07-17 18:48:34.423  1657  1737 I C02b61/ImageSource: CreatePixelMap success, id:1784285314422787,dSize:(0,0),srcSize: (114,114),dHdr:1,sHdr:1,memType: 2,cost 549 us
CST 2026-07-17 18:48:34.423  1657  1737 E C02b61/PixelMap: set ashmem name failed
CST 2026-07-17 18:48:34.423  1657  1737 W A01b00/SCB: GraphicUtils --> com.ohos.ringtonelibrary.ringtonelibrarydata - getHdsIcon, size: (114, 114), pixelFormat: 4, leftTopPixel is transparent: true, 0-0-0-0
CST 2026-07-17 18:48:34.423  1657  1737 E C03900/HDS: [hds_drawable_descriptor.cpp-GetOtherIconsInfo:395]Get icon by name from resource failed, iconName: icon_mask, isGlobalMask: 0, state: 9001004
CST 2026-07-17 18:48:34.423  1657  1737 W C03900/HDS: [hds_drawable_descriptor.cpp-ProcessIcon:91]Mask size {192, 192}, bundleName: com.ohos.ringtonelibrary.ringtonelibrarydata
CST 2026-07-17 18:48:34.425  1657  1813 I C02b61/PixelMap: PixelMap::scale SLR 254, srcSize: [192, 192], dstSize: [114, 114], cost: 1
CST 2026-07-17 18:48:34.436   634  2365 I C02515/DISP: [InitBufferHandle:229] express init gbuffer id 93d00000068 ret 0 err 0 fd 6 114 114 pixel 4 size 51984 usage 2b
CST 2026-07-17 18:48:34.436   634  2365 I C02515/DISP: [ExpressAllocMem:271] ExpressAllocMem requeset BufferHandle 6, width 114, heigt 114, format 20
CST 2026-07-17 18:48:34.441   634  2365 I C02515/DISP: [ExpressFreeMem:317] freeMem bufferhandle gbuffer_id 93d00000068, width 114, heigt 114
CST 2026-07-17 18:48:34.452   634  2365 I C02515/DISP: [InitBufferHandle:229] express init gbuffer id 93d00000069 ret 0 err 0 fd 6 222 222 pixel 4 size 197136 usage 2b
CST 2026-07-17 18:48:34.452   634  2365 I C02515/DISP: [ExpressAllocMem:271] ExpressAllocMem requeset BufferHandle 6, width 222, heigt 222, format 20
CST 2026-07-17 18:48:34.456   634  2365 I C02515/DISP: [ExpressFreeMem:317] freeMem bufferhandle gbuffer_id 93d00000069, width 222, heigt 222
CST 2026-07-17 18:48:34.457  1657  1813 I C02515/DISP: [ExpressFreeMem:317] freeMem bufferhandle gbuffer_id 93d00000068, width 114, heigt 114
CST 2026-07-17 18:48:34.471  1657  1813 I C02515/DISP: [ExpressFreeMem:317] freeMem bufferhandle gbuffer_id 93d00000069, width 222, heigt 222
CST 2026-07-17 18:48:34.484  1657  1813 I C03900/HDS: [hds_drawable_descriptor.cpp-ProcessIcon:101]set pixelmap editable : 0 .
CST 2026-07-17 18:48:34.484  1657  1813 E C02b61/PixelMap: set ashmem name failed
CST 2026-07-17 18:48:34.484  1657  1813 W A01b00/SCB: GraphicUtils --> combinePic from HdsIcon, bundleName: com.ohos.ringtonelibrary.ringtonelibrarydata, iconSizeOfGrid: 64, hasBorder: true
CST 2026-07-17 18:48:34.484  1657  1813 I A01b00/SCB: IconResourceFwk --> getBundleIcon end param: com.ohos.ringtonelibrary.ringtonelibrarydata, 64, true true
CST 2026-07-17 18:48:34.492  1657  1799 I C02b61/ImageCode: DoEncode:(224, 224) cost 6675 us
CST 2026-07-17 18:48:34.493  1657  1800 I C01631/GaussPD:  [0] [ADAPTER] [139901058128640] Not support binlog_default.writeLock file enable del monitor sysno = 25
CST 2026-07-17 18:48:34.493  1657  1800 I C01631/GaussPD:  [0] [ADAPTER] [139901058128640] Not support binlog_default.writeLock file enable del monitor sysno = 25
CST 2026-07-17 18:48:34.493  1657  1800 I C01631/GaussPD:  [0] [ADAPTER] [139901058128640] Not support binlog_default.writeLock file enable del monitor sysno = 25
CST 2026-07-17 18:48:34.493  1657  1800 I C01631/GaussPD:  [0] [ADAPTER] [139901058128640] Not support binlog_default.writeLock file enable del monitor sysno = 25
CST 2026-07-17 18:48:34.493  1657  1800 I C01631/GaussPD:  [0] [ADAPTER] [139901058128640] Not support binlog_default.writeIndex file enable del monitor sysno = 25
CST 2026-07-17 18:48:34.494  1657  1800 I C01631/GaussPD:  [0] [ADAPTER] [139901058128640] Not support binlog_default.writeIndex file enable del monitor sysno = 25
CST 2026-07-17 18:48:34.494  1657  1813 I A01a01/NC: NotificationConfigManager: update icon result: com.ohos.ringtonelibrary.ringtonelibrarydata, 38242
CST 2026-07-17 18:48:34.494  1657  1813 I A01b00/SCB: IconResourceFwk --> getBundleIcon start param: com.huawei.hmsapp.intelligent, 64, true true
CST 2026-07-17 18:48:34.494  1657  1813 W A01b00/SCB: IconResourceUtils --> getIconResource from bms getBundleResourceInfo for com.huawei.hmsapp.intelligent 0
CST 2026-07-17 18:48:34.495   766  1196 I C01120/BMS: icon rdb get resource icon start -n com.huawei.hmsapp.intelligent -i 0 -f 16
CST 2026-07-17 18:48:34.495   766  1196 E C01650/StepResultSet: GoToRow:position[0] rowCount[0] rowPos_[-1]!
CST 2026-07-17 18:48:34.495  1657  1813 E C02b61/BufferSourceStream: buffer read finish, offset:2181 ,dataSize2181.
CST 2026-07-17 18:48:34.495  1657  1813 E C02b61/BufferSourceStream: buffer read fail.
CST 2026-07-17 18:48:34.510  1657  1813 E C02b61/PixelMap: set ashmem name failed
CST 2026-07-17 18:48:34.510  1657  1813 E C02b61/BufferSourceStream: buffer read finish, offset:308 ,dataSize308.
CST 2026-07-17 18:48:34.510  1657  1813 E C02b61/BufferSourceStream: buffer read fail.
CST 2026-07-17 18:48:34.510   172   172 I C02d10/DailyController: UpdateCacheAndDb: event first exceeds threshold=100, domain=IMAGE_FWK_UE, name=DECODE_INFORMATION
CST 2026-07-17 18:48:34.514  1657  1657 I A01b01/HOME: PageDesktopViewModel --> cards num: 0, threshold:7
CST 2026-07-17 18:48:34.522  1657  1813 E C02b61/PixelMap: set ashmem name failed
CST 2026-07-17 18:48:34.524  1657  1813 I C02b61/ImageSource: CreatePixelMap success, id:1784285314523638,dSize:(0,0),srcSize: (192,192),dHdr:1,sHdr:1,memType: 2,cost 945 us
CST 2026-07-17 18:48:34.524  1657  1813 E C02b61/PixelMap: set ashmem name failed
CST 2026-07-17 18:48:34.546  1657  1813 W A01b00/SCB: GraphicUtils --> com.huawei.hmsapp.intelligent - getHdsIcon, size: (1024, 1024), pixelFormat: 4, leftTopPixel is transparent: true, 0-0-0-0
CST 2026-07-17 18:48:34.547  1657  1813 E C03900/HDS: [hds_drawable_descriptor.cpp-GetOtherIconsInfo:395]Get icon by name from resource failed, iconName: icon_mask, isGlobalMask: 0, state: 9001004
CST 2026-07-17 18:48:34.558  1657  1813 W C03900/HDS: [hds_drawable_descriptor.cpp-ProcessIcon:91]Mask size {192, 192}, bundleName: com.huawei.hmsapp.intelligent
CST 2026-07-17 18:48:34.587   634  2365 I C02515/DISP: [InitBufferHandle:229] express init gbuffer id 93d0000006a ret 0 err 0 fd 6 1024 1024 pixel 4 size 4194304 usage 2b
CST 2026-07-17 18:48:34.587   634  2365 I C02515/DISP: [ExpressAllocMem:271] ExpressAllocMem requeset BufferHandle 6, width 1024, heigt 1024, format 20
CST 2026-07-17 18:48:34.592   634  2365 I C02515/DISP: [ExpressFreeMem:317] freeMem bufferhandle gbuffer_id 93d0000006a, width 1024, heigt 1024
CST 2026-07-17 18:48:34.607   634  2365 I C02515/DISP: [InitBufferHandle:229] express init gbuffer id 93d0000006b ret 0 err 0 fd 6 222 222 pixel 4 size 197136 usage 2b
CST 2026-07-17 18:48:34.607   634  2365 I C02515/DISP: [ExpressAllocMem:271] ExpressAllocMem requeset BufferHandle 6, width 222, heigt 222, format 20
CST 2026-07-17 18:48:34.611   634  2365 I C02515/DISP: [ExpressFreeMem:317] freeMem bufferhandle gbuffer_id 93d0000006b, width 222, heigt 222
CST 2026-07-17 18:48:34.612  1657  1813 I C02b61/PostProc: initSLRFactor insert:-674522033
CST 2026-07-17 18:48:34.619  1657  1737 I C02515/DISP: [ExpressFreeMem:317] freeMem bufferhandle gbuffer_id 93d0000006a, width 1024, heigt 1024
CST 2026-07-17 18:48:34.636  1657  1737 I C02515/DISP: [ExpressFreeMem:317] freeMem bufferhandle gbuffer_id 93d0000006b, width 222, heigt 222
CST 2026-07-17 18:48:34.650  1657  1737 I C03900/HDS: [hds_drawable_descriptor.cpp-ProcessIcon:101]set pixelmap editable : 0 .
CST 2026-07-17 18:48:34.651  1657  1737 E C02b61/PixelMap: set ashmem name failed
CST 2026-07-17 18:48:34.651  1657  1737 W A01b00/SCB: GraphicUtils --> combinePic from HdsIcon, bundleName: com.huawei.hmsapp.intelligent, iconSizeOfGrid: 64, hasBorder: true
CST 2026-07-17 18:48:34.651  1657  1737 I A01b00/SCB: IconResourceFwk --> getBundleIcon end param: com.huawei.hmsapp.intelligent, 64, true true
CST 2026-07-17 18:48:34.655  1657  1798 I C02b61/ImageCode: DoEncode:(224, 224) cost 3377 us
CST 2026-07-17 18:48:34.656  1657  1799 I C01631/GaussPD:  [0] [ADAPTER] [139901066529536] Not support binlog_default.writeLock file enable del monitor sysno = 25
CST 2026-07-17 18:48:34.657  1657  1799 I C01631/GaussPD:  [0] [ADAPTER] [139901066529536] Not support binlog_default.writeLock file enable del monitor sysno = 25
CST 2026-07-17 18:48:34.657  1657  1799 I C01631/GaussPD:  [0] [ADAPTER] [139901066529536] Not support binlog_default.writeLock file enable del monitor sysno = 25
CST 2026-07-17 18:48:34.657  1657  1799 I C01631/GaussPD:  [0] [ADAPTER] [139901066529536] Not support binlog_default.writeLock file enable del monitor sysno = 25
CST 2026-07-17 18:48:34.657  1657  1799 I C01631/GaussPD:  [0] [ADAPTER] [139901066529536] Not support binlog_default.writeIndex file enable del monitor sysno = 25
CST 2026-07-17 18:48:34.657  1657  1799 I C01631/GaussPD:  [0] [ADAPTER] [139901066529536] Not support binlog_default.writeIndex file enable del monitor sysno = 25
CST 2026-07-17 18:48:34.657  1657  1737 I A01a01/NC: NotificationConfigManager: update icon result: com.huawei.hmsapp.intelligent, 19810
CST 2026-07-17 18:48:34.657  1657  1737 I A01b00/SCB: IconResourceFwk --> getBundleIcon start param: com.ohos.sceneboard, 64, true true
CST 2026-07-17 18:48:34.657  1657  1737 W A01b00/SCB: IconResourceUtils --> getIconResource from bms getBundleResourceInfo for com.ohos.sceneboard 0
CST 2026-07-17 18:48:34.658   766  1196 I C01120/BMS: icon rdb get resource icon start -n com.ohos.sceneboard -i 0 -f 16
CST 2026-07-17 18:48:34.658   766  1196 E C01650/StepResultSet: GoToRow:position[0] rowCount[0] rowPos_[-1]!
CST 2026-07-17 18:48:34.658  1657  1737 E C02b61/BufferSourceStream: buffer read finish, offset:6987 ,dataSize6987.
CST 2026-07-17 18:48:34.658  1657  1737 E C02b61/BufferSourceStream: buffer read fail.
CST 2026-07-17 18:48:34.668  1657  1737 E C02b61/PixelMap: set ashmem name failed
CST 2026-07-17 18:48:34.669  1657  1737 W A01b00/SCB: GraphicUtils --> com.ohos.sceneboard - getHdsIcon, size: (192, 192), pixelFormat: 4, leftTopPixel is transparent: false, 244-121-44-255
CST 2026-07-17 18:48:34.669  1657  1737 E C03900/HDS: [hds_drawable_descriptor.cpp-GetOtherIconsInfo:395]Get icon by name from resource failed, iconName: icon_mask, isGlobalMask: 0, state: 9001004
CST 2026-07-17 18:48:34.669  1657  1737 W C03900/HDS: [hds_drawable_descriptor.cpp-ProcessIcon:91]Mask size {192, 192}, bundleName: com.ohos.sceneboard
CST 2026-07-17 18:48:34.680   634  2365 I C02515/DISP: [InitBufferHandle:229] express init gbuffer id 93d0000006c ret 0 err 0 fd 6 192 192 pixel 4 size 147456 usage 2b
CST 2026-07-17 18:48:34.680   634  2365 I C02515/DISP: [ExpressAllocMem:271] ExpressAllocMem requeset BufferHandle 6, width 192, heigt 192, format 20
CST 2026-07-17 18:48:34.682   337   405 W C01718/StandbyService: [LoadProbabilityByWeekType:102] unexpected long standby probability table length.
CST 2026-07-17 18:48:34.682   337   405 W C01718/StandbyService: [LoadProbability:79] meet error when load slp Proba Times of weekday type
CST 2026-07-17 18:48:34.682   337   405 E C01718/StandbyService: [LoadModel:190] can't get probability or ambient probability of device long standby's stable.
CST 2026-07-17 18:48:34.682   337   405 W C01718/StandbyService: [LoadModelFirstUnlock:693] can't load model
CST 2026-07-17 18:48:34.685   634  2365 I C02515/DISP: [ExpressFreeMem:317] freeMem bufferhandle gbuffer_id 93d0000006c, width 192, heigt 192
CST 2026-07-17 18:48:34.696   634  2365 I C02515/DISP: [InitBufferHandle:229] express init gbuffer id 93d0000006d ret 0 err 0 fd 6 222 222 pixel 4 size 197136 usage 2b
CST 2026-07-17 18:48:34.696   634  2365 I C02515/DISP: [ExpressAllocMem:271] ExpressAllocMem requeset BufferHandle 6, width 222, heigt 222, format 20
CST 2026-07-17 18:48:34.700   634  2365 I C02515/DISP: [ExpressFreeMem:317] freeMem bufferhandle gbuffer_id 93d0000006d, width 222, heigt 222
CST 2026-07-17 18:48:34.701  1657  1737 I C02515/DISP: [ExpressFreeMem:317] freeMem bufferhandle gbuffer_id 93d0000006c, width 192, heigt 192
CST 2026-07-17 18:48:34.716  1657  1737 I C02515/DISP: [ExpressFreeMem:317] freeMem bufferhandle gbuffer_id 93d0000006d, width 222, heigt 222
CST 2026-07-17 18:48:34.727  1767  1834 I C0430a/file_monitor_service: [MainMissionStatus:197]CanExit
CST 2026-07-17 18:48:34.727  1767  1834 I C0430a/file_monitor_service: [MainMissionStatus:203]SecondaryScanner idle
CST 2026-07-17 18:48:34.729  1657  1737 I C03900/HDS: [hds_drawable_descriptor.cpp-ProcessIcon:101]set pixelmap editable : 0 .
CST 2026-07-17 18:48:34.729  1657  1737 E C02b61/PixelMap: set ashmem name failed
CST 2026-07-17 18:48:34.730  1657  1737 W A01b00/SCB: GraphicUtils --> combinePic from HdsIcon, bundleName: com.ohos.sceneboard, iconSizeOfGrid: 64, hasBorder: true
CST 2026-07-17 18:48:34.730  1657  1737 I A01b00/SCB: IconResourceFwk --> getBundleIcon end param: com.ohos.sceneboard, 64, true true
CST 2026-07-17 18:48:34.734  1657  1797 I C02b61/ImageCode: DoEncode:(224, 224) cost 4106 us
CST 2026-07-17 18:48:34.736  1657  1798 I C01631/GaussPD:  [0] [ADAPTER] [139901074930432] Not support binlog_default.writeLock file enable del monitor sysno = 25
CST 2026-07-17 18:48:34.736  1657  1798 I C01631/GaussPD:  [0] [ADAPTER] [139901074930432] Not support binlog_default.writeLock file enable del monitor sysno = 25
CST 2026-07-17 18:48:34.736  1657  1798 I C01631/GaussPD:  [0] [ADAPTER] [139901074930432] Not support binlog_default.writeLock file enable del monitor sysno = 25
CST 2026-07-17 18:48:34.736  1657  1798 I C01631/GaussPD:  [0] [ADAPTER] [139901074930432] Not support binlog_default.writeLock file enable del monitor sysno = 25
CST 2026-07-17 18:48:34.736  1657  1798 I C01631/GaussPD:  [0] [ADAPTER] [139901074930432] Not support binlog_default.writeIndex file enable del monitor sysno = 25
CST 2026-07-17 18:48:34.736  1657  1798 I C01631/GaussPD:  [0] [ADAPTER] [139901074930432] Not support binlog_default.writeIndex file enable del monitor sysno = 25
CST 2026-07-17 18:48:34.736  1657  1737 I A01a01/NC: NotificationConfigManager: update icon result: com.ohos.sceneboard, 36102
CST 2026-07-17 18:48:34.736  1657  1737 I A01b00/SCB: IconResourceFwk --> getBundleIcon start param: com.huawei.hmos.parentcontrol, 64, true true
CST 2026-07-17 18:48:34.736  1657  1737 W A01b00/SCB: IconResourceUtils --> getIconResource from bms getBundleResourceInfo for com.huawei.hmos.parentcontrol 0
CST 2026-07-17 18:48:34.737   766  1196 I C01120/BMS: icon rdb get resource icon start -n com.huawei.hmos.parentcontrol -i 0 -f 16
CST 2026-07-17 18:48:34.737   766  1196 E C01650/StepResultSet: GoToRow:position[0] rowCount[0] rowPos_[-1]!
CST 2026-07-17 18:48:34.739  1657  1737 I C02b61/ImageSource: CreatePixelMap success, id:1784285314738067,dSize:(0,0),srcSize: (220,220),dHdr:1,sHdr:1,memType: 2,cost 1304 us
CST 2026-07-17 18:48:34.739  1657  1737 E C02b61/PixelMap: set ashmem name failed
CST 2026-07-17 18:48:34.739  1657  1737 W A01b00/SCB: GraphicUtils --> com.huawei.hmos.parentcontrol - getHdsIcon, size: (220, 220), pixelFormat: 4, leftTopPixel is transparent: true, 0-0-0-0
CST 2026-07-17 18:48:34.739  1657  1737 E C03900/HDS: [hds_drawable_descriptor.cpp-GetOtherIconsInfo:395]Get icon by name from resource failed, iconName: icon_mask, isGlobalMask: 0, state: 9001004
CST 2026-07-17 18:48:34.740  1657  1737 W C03900/HDS: [hds_drawable_descriptor.cpp-ProcessIcon:91]Mask size {192, 192}, bundleName: com.huawei.hmos.parentcontrol
CST 2026-07-17 18:48:34.752   634  2365 I C02515/DISP: [InitBufferHandle:229] express init gbuffer id 93d0000006e ret 0 err 0 fd 6 220 220 pixel 4 size 193600 usage 2b
CST 2026-07-17 18:48:34.752   634  2365 I C02515/DISP: [ExpressAllocMem:271] ExpressAllocMem requeset BufferHandle 6, width 220, heigt 220, format 20
CST 2026-07-17 18:48:34.756   634  2365 I C02515/DISP: [ExpressFreeMem:317] freeMem bufferhandle gbuffer_id 93d0000006e, width 220, heigt 220
CST 2026-07-17 18:48:34.768   634  2365 I C02515/DISP: [InitBufferHandle:229] express init gbuffer id 93d0000006f ret 0 err 0 fd 6 222 222 pixel 4 size 197136 usage 2b
CST 2026-07-17 18:48:34.768   634  2365 I C02515/DISP: [ExpressAllocMem:271] ExpressAllocMem requeset BufferHandle 6, width 222, heigt 222, format 20
CST 2026-07-17 18:48:34.772   634  2365 I C02515/DISP: [ExpressFreeMem:317] freeMem bufferhandle gbuffer_id 93d0000006f, width 222, heigt 222
CST 2026-07-17 18:48:34.773  1657  1737 I C02515/DISP: [ExpressFreeMem:317] freeMem bufferhandle gbuffer_id 93d0000006e, width 220, heigt 220
CST 2026-07-17 18:48:34.775  2086  2116 I C02a04/UsbService: UsbAccessoryManager::InitUsbAccessoryInterface start
CST 2026-07-17 18:48:34.775   178   619 E C02510/devsvc_manager_stub: StubGetService service usb_device_interface_service not found
CST 2026-07-17 18:48:34.775  2086  2116 E C02510/hdi_servmgr_client: get hdi service usb_device_interface_service failed, -1
CST 2026-07-17 18:48:34.775  2086  2116 E C02510/usb_device_interface_proxy: Get:get remote object failed!
CST 2026-07-17 18:48:34.775  2086  2116 E C02a04/UsbService: UsbAccessoryManager:: Get inteface failed
CST 2026-07-17 18:48:34.775  2086  2116 E C02a04/UsbService: usbAccessoryManager_ is nullptr or InitUsbAccessoryInterface failed
CST 2026-07-17 18:48:34.786  1657  1737 I C02515/DISP: [ExpressFreeMem:317] freeMem bufferhandle gbuffer_id 93d0000006f, width 222, heigt 222
CST 2026-07-17 18:48:34.799  1657  1737 I C03900/HDS: [hds_drawable_descriptor.cpp-ProcessIcon:101]set pixelmap editable : 0 .
CST 2026-07-17 18:48:34.799  1657  1737 E C02b61/PixelMap: set ashmem name failed
CST 2026-07-17 18:48:34.799  1657  1737 W A01b00/SCB: GraphicUtils --> combinePic from HdsIcon, bundleName: com.huawei.hmos.parentcontrol, iconSizeOfGrid: 64, hasBorder: true
CST 2026-07-17 18:48:34.799  1657  1737 I A01b00/SCB: IconResourceFwk --> getBundleIcon end param: com.huawei.hmos.parentcontrol, 64, true true
CST 2026-07-17 18:48:34.803  1657  1800 I C02b61/ImageCode: DoEncode:(224, 224) cost 3633 us
CST 2026-07-17 18:48:34.805  1657  1797 I C01631/GaussPD:  [0] [ADAPTER] [139902256663296] Not support binlog_default.writeLock file enable del monitor sysno = 25
CST 2026-07-17 18:48:34.805  1657  1797 I C01631/GaussPD:  [0] [ADAPTER] [139902256663296] Not support binlog_default.writeLock file enable del monitor sysno = 25
CST 2026-07-17 18:48:34.805  1657  1797 I C01631/GaussPD:  [0] [ADAPTER] [139902256663296] Not support binlog_default.writeLock file enable del monitor sysno = 25
CST 2026-07-17 18:48:34.805  1657  1797 I C01631/GaussPD:  [0] [ADAPTER] [139902256663296] Not support binlog_default.writeLock file enable del monitor sysno = 25
CST 2026-07-17 18:48:34.805  1657  1797 I C01631/GaussPD:  [0] [ADAPTER] [139902256663296] Not support binlog_default.writeIndex file enable del monitor sysno = 25
CST 2026-07-17 18:48:34.805  1657  1797 I C01631/GaussPD:  [0] [ADAPTER] [139902256663296] Not support binlog_default.writeIndex file enable del monitor sysno = 25
CST 2026-07-17 18:48:34.806  1657  1737 I A01a01/NC: NotificationConfigManager: update icon result: com.huawei.hmos.parentcontrol, 22058
CST 2026-07-17 18:48:34.806  1657  1737 I A01b00/SCB: IconResourceFwk --> getBundleIcon start param: com.huawei.hmsapp.samplemanagement, 64, true true
CST 2026-07-17 18:48:34.806  1657  1737 W A01b00/SCB: IconResourceUtils --> getIconResource from bms getBundleResourceInfo for com.huawei.hmsapp.samplemanagement 0
CST 2026-07-17 18:48:34.806   766  1196 I C01120/BMS: icon rdb get resource icon start -n com.huawei.hmsapp.samplemanagement -i 0 -f 16
CST 2026-07-17 18:48:34.806   766  1196 E C01650/StepResultSet: GoToRow:position[0] rowCount[0] rowPos_[-1]!
CST 2026-07-17 18:48:34.809  1657  1737 I C02b61/ImageSource: CreatePixelMap success, id:1784285314807343,dSize:(0,0),srcSize: (288,288),dHdr:1,sHdr:1,memType: 2,cost 1815 us
CST 2026-07-17 18:48:34.809  1657  1737 E C02b61/PixelMap: set ashmem name failed
CST 2026-07-17 18:48:34.811  1657  1737 I C02b61/ImageSource: CreatePixelMap success, id:1784285314809372,dSize:(0,0),srcSize: (288,288),dHdr:1,sHdr:1,memType: 2,cost 2179 us
CST 2026-07-17 18:48:34.811  1657  1737 E C02b61/PixelMap: set ashmem name failed
CST 2026-07-17 18:48:34.813  1657  1737 I C02b61/ImageSource: CreatePixelMap success, id:1784285314812298,dSize:(0,0),srcSize: (192,192),dHdr:1,sHdr:1,memType: 2,cost 998 us
CST 2026-07-17 18:48:34.813  1657  1737 E C02b61/PixelMap: set ashmem name failed
CST 2026-07-17 18:48:34.815  1657  1737 W A01b00/SCB: GraphicUtils --> com.huawei.hmsapp.samplemanagement - getHdsIcon, size: (192, 192), pixelFormat: 4, leftTopPixel is transparent: true, 0-0-0-0
CST 2026-07-17 18:48:34.815  1657  1737 E C03900/HDS: [hds_drawable_descriptor.cpp-GetOtherIconsInfo:395]Get icon by name from resource failed, iconName: icon_mask, isGlobalMask: 0, state: 9001004
CST 2026-07-17 18:48:34.815  1657  1737 W C03900/HDS: [hds_drawable_descriptor.cpp-ProcessIcon:91]Mask size {192, 192}, bundleName: com.huawei.hmsapp.samplemanagement
CST 2026-07-17 18:48:34.828   634  2365 I C02515/DISP: [InitBufferHandle:229] express init gbuffer id 93d00000070 ret 0 err 0 fd 6 192 192 pixel 4 size 147456 usage 2b
CST 2026-07-17 18:48:34.829   634  2365 I C02515/DISP: [ExpressAllocMem:271] ExpressAllocMem requeset BufferHandle 6, width 192, heigt 192, format 20
CST 2026-07-17 18:48:34.835   634  2365 I C02515/DISP: [ExpressFreeMem:317] freeMem bufferhandle gbuffer_id 93d00000070, width 192, heigt 192
CST 2026-07-17 18:48:34.851   634  2365 I C02515/DISP: [InitBufferHandle:229] express init gbuffer id 93d00000071 ret 0 err 0 fd 6 222 222 pixel 4 size 197136 usage 2b
CST 2026-07-17 18:48:34.851   634  2365 I C02515/DISP: [ExpressAllocMem:271] ExpressAllocMem requeset BufferHandle 6, width 222, heigt 222, format 20
CST 2026-07-17 18:48:34.855   634  2365 I C02515/DISP: [ExpressFreeMem:317] freeMem bufferhandle gbuffer_id 93d00000071, width 222, heigt 222
CST 2026-07-17 18:48:34.856  1657  1737 I C02515/DISP: [ExpressFreeMem:317] freeMem bufferhandle gbuffer_id 93d00000070, width 192, heigt 192
CST 2026-07-17 18:48:34.871  1657  1737 I C02515/DISP: [ExpressFreeMem:317] freeMem bufferhandle gbuffer_id 93d00000071, width 222, heigt 222
CST 2026-07-17 18:48:34.885  1657  1737 I C03900/HDS: [hds_drawable_descriptor.cpp-ProcessIcon:101]set pixelmap editable : 0 .
CST 2026-07-17 18:48:34.885  1657  1737 E C02b61/PixelMap: set ashmem name failed
CST 2026-07-17 18:48:34.885  1657  1737 W A01b00/SCB: GraphicUtils --> combinePic from HdsIcon, bundleName: com.huawei.hmsapp.samplemanagement, iconSizeOfGrid: 64, hasBorder: true
CST 2026-07-17 18:48:34.885  1657  1737 I A01b00/SCB: IconResourceFwk --> getBundleIcon end param: com.huawei.hmsapp.samplemanagement, 64, true true
CST 2026-07-17 18:48:34.890  1657  1799 I C02b61/ImageCode: DoEncode:(224, 224) cost 4120 us
CST 2026-07-17 18:48:34.892  1657  1800 I C01631/GaussPD:  [0] [ADAPTER] [139901058128640] Not support binlog_default.writeLock file enable del monitor sysno = 25
CST 2026-07-17 18:48:34.892  1657  1800 I C01631/GaussPD:  [0] [ADAPTER] [139901058128640] Not support binlog_default.writeLock file enable del monitor sysno = 25
CST 2026-07-17 18:48:34.892  1657  1800 I C01631/GaussPD:  [0] [ADAPTER] [139901058128640] Not support binlog_default.writeLock file enable del monitor sysno = 25
CST 2026-07-17 18:48:34.892  1657  1800 I C01631/GaussPD:  [0] [ADAPTER] [139901058128640] Not support binlog_default.writeLock file enable del monitor sysno = 25
CST 2026-07-17 18:48:34.892  1657  1800 I C01631/GaussPD:  [0] [ADAPTER] [139901058128640] Not support binlog_default.writeIndex file enable del monitor sysno = 25
CST 2026-07-17 18:48:34.892  1657  1800 I C01631/GaussPD:  [0] [ADAPTER] [139901058128640] Not support binlog_default.writeIndex file enable del monitor sysno = 25
CST 2026-07-17 18:48:34.893  1657  1737 I A01a01/NC: NotificationConfigManager: update icon result: com.huawei.hmsapp.samplemanagement, 38366
CST 2026-07-17 18:48:34.893  1657  1737 I A01b00/SCB: IconResourceFwk --> getBundleIcon start param: com.ohos.settingsdata, 64, true true
CST 2026-07-17 18:48:34.893  1657  1737 W A01b00/SCB: IconResourceUtils --> getIconResource from bms getBundleResourceInfo for com.ohos.settingsdata 0
CST 2026-07-17 18:48:34.893   766  1196 I C01120/BMS: icon rdb get resource icon start -n com.ohos.settingsdata -i 0 -f 16
CST 2026-07-17 18:48:34.893   766  1196 E C01650/StepResultSet: GoToRow:position[0] rowCount[0] rowPos_[-1]!
CST 2026-07-17 18:48:34.894  1657  1737 I C02b61/ImageSource: CreatePixelMap success, id:1784285314894169,dSize:(0,0),srcSize: (114,114),dHdr:1,sHdr:1,memType: 2,cost 614 us
CST 2026-07-17 18:48:34.895  1657  1737 E C02b61/PixelMap: set ashmem name failed
CST 2026-07-17 18:48:34.895  1657  1737 W A01b00/SCB: GraphicUtils --> com.ohos.settingsdata - getHdsIcon, size: (114, 114), pixelFormat: 4, leftTopPixel is transparent: true, 0-0-0-0
CST 2026-07-17 18:48:34.895  1657  1737 E C03900/HDS: [hds_drawable_descriptor.cpp-GetOtherIconsInfo:395]Get icon by name from resource failed, iconName: icon_mask, isGlobalMask: 0, state: 9001004
CST 2026-07-17 18:48:34.895  1657  1737 W C03900/HDS: [hds_drawable_descriptor.cpp-ProcessIcon:91]Mask size {192, 192}, bundleName: com.ohos.settingsdata
CST 2026-07-17 18:48:34.896  1657  2227 I C02b61/PixelMap: PixelMap::scale SLR 280, srcSize: [192, 192], dstSize: [114, 114], cost: 1
CST 2026-07-17 18:48:34.908   634  2365 I C02515/DISP: [InitBufferHandle:229] express init gbuffer id 93d00000072 ret 0 err 0 fd 6 114 114 pixel 4 size 51984 usage 2b
CST 2026-07-17 18:48:34.908   634  2365 I C02515/DISP: [ExpressAllocMem:271] ExpressAllocMem requeset BufferHandle 6, width 114, heigt 114, format 20
CST 2026-07-17 18:48:34.908  2516  3058 E C02e00/UPDATE_SA: [hap_connection.cpp(50)]GetHapRemoteObject, remoteObj is nullptr, bundle com.huawei.hmos.ouc
CST 2026-07-17 18:48:34.908  2516  3058 I C01352/ExtMgr: [extension_manager_client.cpp134]name:com.huawei.hmos.ouc ServiceExtAbility, userId:-1.
CST 2026-07-17 18:48:34.908   766  1196 I C01342/ServiceExt: [ABMS5529]element: com.huawei.hmos.ouc/ServiceExtAbility
CST 2026-07-17 18:48:34.908   766  1196 W C01123/BMSCommon: bundle not exist -n com.huawei.hmos.ouc -u 100 -i 0 -f 0
CST 2026-07-17 18:48:34.908   766  1196 W C01336/AMS: [start_ability_utils.cpp76]failed: com.huawei.hmos.ouc
CST 2026-07-17 18:48:34.908   766  1196 W C01336/AMS: [crowd_test_interceptor.cpp54]GetAppInfo failed
CST 2026-07-17 18:48:34.908   766  1196 W C01120/BMS: app_control_manager.cpp:GetAppRunningControlRule:397 getAppId failed,-n:com.huawei.hmos.ouc
CST 2026-07-17 18:48:34.909   766  1196 W C01123/BMSCommon: uid(6666) invalid
CST 2026-07-17 18:48:34.909   766  1196 I C01336/AMS: [start_ability_utils.cpp54]appIndex:-1
CST 2026-07-17 18:48:34.909   766  1196 W C01123/BMSCommon: bundle not exist -n com.huawei.hmos.ouc -u 100 -i 0 -f 1062
CST 2026-07-17 18:48:34.909   766  1196 I C01121/BMSQuery: ExplicitQueryAbility no match -n com.huawei.hmos.ouc -a ServiceExtAbility -u 100 -i 0
CST 2026-07-17 18:48:34.909   766  1196 W C01120/BMS: query abilitys_ext code 8521480
CST 2026-07-17 18:48:34.909   766  1196 W C01123/BMSCommon: bundle not exist -n com.huawei.hmos.ouc -u 100 -i 0 -f 1062
CST 2026-07-17 18:48:34.909   766  1196 W C01121/BMSQuery: bundle_data_mgr.cpp:ExplicitQueryExtensionInfo:7239 ExplicitQueryExtensionInfo failed
CST 2026-07-17 18:48:34.909   766  1196 I C01121/BMSQuery: ExplicitQueryExtension size:0 -n com.huawei.hmos.ouc -e ServiceExtAbility -u 100 -i 0
CST 2026-07-17 18:48:34.909   766  1196 W C01121/BMSQuery: bundle_data_mgr.cpp:GetCloneAppIndexes:2463 no bundleName com.huawei.hmos.ouc found
CST 2026-07-17 18:48:34.909   766  1196 W C01121/BMSQuery: bundle_mgr_host_impl.cpp:QueryExtensionAbilityInfos:3425 no valid extension info can be inquired
CST 2026-07-17 18:48:34.909   766  1196 E C01336/AMS: [start_ability_utils.cpp290]extensionInfo empty
CST 2026-07-17 18:48:34.909   766  1196 E C01342/ServiceExt: [ABMS5868]generate request error
CST 2026-07-17 18:48:34.910  2516  3058 E C02e00/UPDATE_SA: [hap_connection.cpp(82)]HapConnection call interface failed, ret 2097152
CST 2026-07-17 18:48:34.910  2516  3058 E C02e00/UPDATE_SA: [ouc_hap_connection.cpp(72)]SendRemoteRequest, can not connect to ouc
CST 2026-07-17 18:48:34.912   634  2365 I C02515/DISP: [ExpressFreeMem:317] freeMem bufferhandle gbuffer_id 93d00000072, width 114, heigt 114
CST 2026-07-17 18:48:34.924   634  2365 I C02515/DISP: [InitBufferHandle:229] express init gbuffer id 93d00000073 ret 0 err 0 fd 6 222 222 pixel 4 size 197136 usage 2b
CST 2026-07-17 18:48:34.924   634  2365 I C02515/DISP: [ExpressAllocMem:271] ExpressAllocMem requeset BufferHandle 6, width 222, heigt 222, format 20
CST 2026-07-17 18:48:34.929   634  2365 I C02515/DISP: [ExpressFreeMem:317] freeMem bufferhandle gbuffer_id 93d00000073, width 222, heigt 222
CST 2026-07-17 18:48:34.930  1657  2227 I C02515/DISP: [ExpressFreeMem:317] freeMem bufferhandle gbuffer_id 93d00000072, width 114, heigt 114
CST 2026-07-17 18:48:34.943  1657  2227 I C02515/DISP: [ExpressFreeMem:317] freeMem bufferhandle gbuffer_id 93d00000073, width 222, heigt 222
CST 2026-07-17 18:48:34.956  1657  2227 I C03900/HDS: [hds_drawable_descriptor.cpp-ProcessIcon:101]set pixelmap editable : 0 .
CST 2026-07-17 18:48:34.956  1657  2227 E C02b61/PixelMap: set ashmem name failed
CST 2026-07-17 18:48:34.956  1657  2227 W A01b00/SCB: GraphicUtils --> combinePic from HdsIcon, bundleName: com.ohos.settingsdata, iconSizeOfGrid: 64, hasBorder: true
CST 2026-07-17 18:48:34.956  1657  2227 I A01b00/SCB: IconResourceFwk --> getBundleIcon end param: com.ohos.settingsdata, 64, true true
CST 2026-07-17 18:48:34.961  1657  1798 I C02b61/ImageCode: DoEncode:(224, 224) cost 4300 us
CST 2026-07-17 18:48:34.963  1657  1799 I C01631/GaussPD:  [0] [ADAPTER] [139901066529536] Not support binlog_default.writeLock file enable del monitor sysno = 25
CST 2026-07-17 18:48:34.963  1657  1799 I C01631/GaussPD:  [0] [ADAPTER] [139901066529536] Not support binlog_default.writeLock file enable del monitor sysno = 25
CST 2026-07-17 18:48:34.963  1657  1799 I C01631/GaussPD:  [0] [ADAPTER] [139901066529536] Not support binlog_default.writeLock file enable del monitor sysno = 25
CST 2026-07-17 18:48:34.963  1657  1799 I C01631/GaussPD:  [0] [ADAPTER] [139901066529536] Not support binlog_default.writeLock file enable del monitor sysno = 25
CST 2026-07-17 18:48:34.963  1657  1799 I C01631/GaussPD:  [0] [ADAPTER] [139901066529536] Not support binlog_default.writeIndex file enable del monitor sysno = 25
CST 2026-07-17 18:48:34.963  1657  1799 I C01631/GaussPD:  [0] [ADAPTER] [139901066529536] Not support binlog_default.writeIndex file enable del monitor sysno = 25
CST 2026-07-17 18:48:34.963  1657  2227 I A01a01/NC: NotificationConfigManager: update icon result: com.ohos.settingsdata, 38242
CST 2026-07-17 18:48:34.963  1657  2227 I A01b00/SCB: IconResourceFwk --> getBundleIcon start param: com.huawei.hmos.photos, 64, true true
CST 2026-07-17 18:48:34.963  1657  2227 W A01b00/SCB: IconResourceUtils --> getIconResource from bms getBundleResourceInfo for com.huawei.hmos.photos 0
CST 2026-07-17 18:48:34.964   766  1196 I C01120/BMS: icon rdb get resource icon start -n com.huawei.hmos.photos -i 0 -f 16
CST 2026-07-17 18:48:34.964   766  1196 E C01650/StepResultSet: GoToRow:position[0] rowCount[0] rowPos_[-1]!
CST 2026-07-17 18:48:34.968  1657  2227 I C02b61/ImageSource: CreatePixelMap success, id:1784285314966105,dSize:(0,0),srcSize: (288,288),dHdr:1,sHdr:1,memType: 2,cost 2472 us
CST 2026-07-17 18:48:34.969  1657  2227 E C02b61/PixelMap: set ashmem name failed
CST 2026-07-17 18:48:34.970  1657  2227 E C02b61/PixelMap: set ashmem name failed
CST 2026-07-17 18:48:34.972  1657  2227 I C02b61/ImageSource: CreatePixelMap success, id:1784285314971653,dSize:(0,0),srcSize: (192,192),dHdr:1,sHdr:1,memType: 2,cost 1182 us
CST 2026-07-17 18:48:34.973  1657  2227 E C02b61/PixelMap: set ashmem name failed
CST 2026-07-17 18:48:34.974  1657  2227 W A01b00/SCB: GraphicUtils --> com.huawei.hmos.photos - getHdsIcon, size: (192, 192), pixelFormat: 4, leftTopPixel is transparent: true, 0-0-0-0
CST 2026-07-17 18:48:34.975  1657  2227 E C03900/HDS: [hds_drawable_descriptor.cpp-GetOtherIconsInfo:395]Get icon by name from resource failed, iconName: icon_mask, isGlobalMask: 0, state: 9001004
CST 2026-07-17 18:48:34.975  1657  2227 W C03900/HDS: [hds_drawable_descriptor.cpp-ProcessIcon:91]Mask size {192, 192}, bundleName: com.huawei.hmos.photos
CST 2026-07-17 18:48:34.986   634  2365 I C02515/DISP: [InitBufferHandle:229] express init gbuffer id 93d00000074 ret 0 err 0 fd 6 192 192 pixel 4 size 147456 usage 2b
CST 2026-07-17 18:48:34.986   634  2365 I C02515/DISP: [ExpressAllocMem:271] ExpressAllocMem requeset BufferHandle 6, width 192, heigt 192, format 20
CST 2026-07-17 18:48:34.991   634  2365 I C02515/DISP: [ExpressFreeMem:317] freeMem bufferhandle gbuffer_id 93d00000074, width 192, heigt 192
CST 2026-07-17 18:48:35.002   634  2365 I C02515/DISP: [InitBufferHandle:229] express init gbuffer id 93d00000075 ret 0 err 0 fd 6 222 222 pixel 4 size 197136 usage 2b
CST 2026-07-17 18:48:35.002   634  2365 I C02515/DISP: [ExpressAllocMem:271] ExpressAllocMem requeset BufferHandle 6, width 222, heigt 222, format 20
CST 2026-07-17 18:48:35.002   486   497 W C01c42/TimeService: uid:1096 id:78954723 wk:0
CST 2026-07-17 18:48:35.002   486   497 W C01c42/TimeService: id:78954723 we:62784
CST 2026-07-17 18:48:35.006   634  2365 I C02515/DISP: [ExpressFreeMem:317] freeMem bufferhandle gbuffer_id 93d00000075, width 222, heigt 222
CST 2026-07-17 18:48:35.007  1657  2227 I C02515/DISP: [ExpressFreeMem:317] freeMem bufferhandle gbuffer_id 93d00000074, width 192, heigt 192
CST 2026-07-17 18:48:35.021  1657  2227 I C02515/DISP: [ExpressFreeMem:317] freeMem bufferhandle gbuffer_id 93d00000075, width 222, heigt 222
CST 2026-07-17 18:48:35.025   645   778 I C02986/DisplayPowerBrightness: lux=[0/57104, 0/57221, 0/57366, 0/57516, 0/57662, 0/57810, ], bDelta=5.000000, dDelta=1.000000, size=59
CST 2026-07-17 18:48:35.034  1657  2227 I C03900/HDS: [hds_drawable_descriptor.cpp-ProcessIcon:101]set pixelmap editable : 0 .
CST 2026-07-17 18:48:35.034  1657  2227 E C02b61/PixelMap: set ashmem name failed
CST 2026-07-17 18:48:35.035  1657  2227 W A01b00/SCB: GraphicUtils --> combinePic from HdsIcon, bundleName: com.huawei.hmos.photos, iconSizeOfGrid: 64, hasBorder: true
CST 2026-07-17 18:48:35.035  1657  2227 I A01b00/SCB: IconResourceFwk --> getBundleIcon end param: com.huawei.hmos.photos, 64, true true
CST 2026-07-17 18:48:35.041  1657  1797 I C02b61/ImageCode: DoEncode:(224, 224) cost 5567 us
CST 2026-07-17 18:48:35.042  1657  1798 I C01631/GaussPD:  [0] [ADAPTER] [139901074930432] Not support binlog_default.writeLock file enable del monitor sysno = 25
CST 2026-07-17 18:48:35.042  1657  1798 I C01631/GaussPD:  [0] [ADAPTER] [139901074930432] Not support binlog_default.writeLock file enable del monitor sysno = 25
CST 2026-07-17 18:48:35.042  1657  1798 I C01631/GaussPD:  [0] [ADAPTER] [139901074930432] Not support binlog_default.writeLock file enable del monitor sysno = 25
CST 2026-07-17 18:48:35.043  1657  1798 I C01631/GaussPD:  [0] [ADAPTER] [139901074930432] Not support binlog_default.writeLock file enable del monitor sysno = 25
CST 2026-07-17 18:48:35.043  1657  1798 I C01631/GaussPD:  [0] [ADAPTER] [139901074930432] Not support binlog_default.writeIndex file enable del monitor sysno = 25
CST 2026-07-17 18:48:35.043  1657  1798 I C01631/GaussPD:  [0] [ADAPTER] [139901074930432] Not support binlog_default.writeIndex file enable del monitor sysno = 25
CST 2026-07-17 18:48:35.043  1657  2227 I A01a01/NC: NotificationConfigManager: update icon result: com.huawei.hmos.photos, 60878
CST 2026-07-17 18:48:35.043  1657  2227 I A01b00/SCB: IconResourceFwk --> getBundleIcon start param: com.huawei.msdp.antimisoperation, 64, true true
CST 2026-07-17 18:48:35.043  1657  2227 W A01b00/SCB: IconResourceUtils --> getIconResource from bms getBundleResourceInfo for com.huawei.msdp.antimisoperation 0
CST 2026-07-17 18:48:35.044   766  1196 I C01120/BMS: icon rdb get resource icon start -n com.huawei.msdp.antimisoperation -i 0 -f 16
CST 2026-07-17 18:48:35.045   766  1196 E C01650/StepResultSet: GoToRow:position[0] rowCount[0] rowPos_[-1]!
CST 2026-07-17 18:48:35.048  1657  2227 I C02b61/ImageSource: CreatePixelMap success, id:1784285315047149,dSize:(0,0),srcSize: (288,288),dHdr:1,sHdr:1,memType: 2,cost 1564 us
CST 2026-07-17 18:48:35.049  1657  2227 E C02b61/PixelMap: set ashmem name failed
CST 2026-07-17 18:48:35.051  1657  2227 I C02b61/ImageSource: CreatePixelMap success, id:1784285315049140,dSize:(0,0),srcSize: (288,288),dHdr:1,sHdr:1,memType: 2,cost 2355 us
CST 2026-07-17 18:48:35.051  1657  2227 E C02b61/PixelMap: set ashmem name failed
CST 2026-07-17 18:48:35.053  1657  2227 I C02b61/ImageSource: CreatePixelMap success, id:1784285315052435,dSize:(0,0),srcSize: (192,192),dHdr:1,sHdr:1,memType: 2,cost 883 us
CST 2026-07-17 18:48:35.053  1657  2227 E C02b61/PixelMap: set ashmem name failed
CST 2026-07-17 18:48:35.055  1657  2227 W A01b00/SCB: GraphicUtils --> com.huawei.msdp.antimisoperation - getHdsIcon, size: (192, 192), pixelFormat: 4, leftTopPixel is transparent: true, 0-0-0-0
CST 2026-07-17 18:48:35.055  1657  2227 E C03900/HDS: [hds_drawable_descriptor.cpp-GetOtherIconsInfo:395]Get icon by name from resource failed, iconName: icon_mask, isGlobalMask: 0, state: 9001004
CST 2026-07-17 18:48:35.055  1657  2227 W C03900/HDS: [hds_drawable_descriptor.cpp-ProcessIcon:91]Mask size {192, 192}, bundleName: com.huawei.msdp.antimisoperation
CST 2026-07-17 18:48:35.066   634  2365 I C02515/DISP: [InitBufferHandle:229] express init gbuffer id 93d00000076 ret 0 err 0 fd 6 192 192 pixel 4 size 147456 usage 2b
CST 2026-07-17 18:48:35.066   634  2365 I C02515/DISP: [ExpressAllocMem:271] ExpressAllocMem requeset BufferHandle 6, width 192, heigt 192, format 20
CST 2026-07-17 18:48:35.067  1657  1657 W A01c06/ICON: AppIconWeatherModel --> initWeatherListener, retryTimes: 4
CST 2026-07-17 18:48:35.068   634  2365 I C02515/DISP: [ExpressFreeMem:317] freeMem bufferhandle gbuffer_id 93d00000076, width 192, heigt 192
CST 2026-07-17 18:48:35.071   513  1323 E C01707/CONCUR: [Interface] task 1323 apply qos failed, errno = 4
CST 2026-07-17 18:48:35.071   513  1323 E C01611/QosManager: QosManager: Failed to set thread QoS to QOS_USER_INTERACTIVE, ret: -1
CST 2026-07-17 18:48:35.071   766  1196 W C01123/BMSCommon: bundle not exist -n com.huawei.hmsapp.totemweather -u 100 -i 0 -f 32
CST 2026-07-17 18:48:35.071   766  1196 W C01121/BMSQuery: GetBundleInfo failed -n com.huawei.hmsapp.totemweather -u 100
CST 2026-07-17 18:48:35.072   513  1323 E C01651/BundleMgrProxy: GetBundleInfoFromBMS: GetBundleInfo failed!bundleName is com.huawei.hmsapp.totemweather, userId is 100
CST 2026-07-17 18:48:35.072   513  1323 E C01651/DataProviderConfig: GetFromProxyData: Get bundleInfo failed! bundleName:com.huawei.hmsapp.totemweather, userId:100, visitedId:100, uri:******icIconInfo
CST 2026-07-17 18:48:35.072   513  1323 E C01651/DataShareServiceImpl: GetBMSAndMetaDataStatus: CalledInfo failed! token:0x20087fab,ret:1001,uri:******icIconInfo
CST 2026-07-17 18:48:35.072   513  1323 E C01651/DataShareServiceImpl: GetSilentProxyStatus: BMS or metaData not ready to complete, token:0x20087fab, uri:******icIconInfo
CST 2026-07-17 18:48:35.072  1657  1657 E A01c06/ICON: AppIconWeatherModel --> get weather info failed, code: 15700010, message: The DataShareHelper is not initialized successfully.
CST 2026-07-17 18:48:35.088   634  2365 I C02515/DISP: [InitBufferHandle:229] express init gbuffer id 93d00000077 ret 0 err 0 fd 6 222 222 pixel 4 size 197136 usage 2b
CST 2026-07-17 18:48:35.088   634  2365 I C02515/DISP: [ExpressAllocMem:271] ExpressAllocMem requeset BufferHandle 6, width 222, heigt 222, format 20
CST 2026-07-17 18:48:35.093   634  2365 I C02515/DISP: [ExpressFreeMem:317] freeMem bufferhandle gbuffer_id 93d00000077, width 222, heigt 222
CST 2026-07-17 18:48:35.093  1657  2227 I C02515/DISP: [ExpressFreeMem:317] freeMem bufferhandle gbuffer_id 93d00000076, width 192, heigt 192
CST 2026-07-17 18:48:35.104   369   442 I C015b0/NetMgrBundleUtils: QueryActiveOsAccountIds is 100
CST 2026-07-17 18:48:35.104   369   442 I C01121/BMSQuery: begin to get bundleinfos
CST 2026-07-17 18:48:35.104   369   442 I C01121/BMSQuery: get bundleinfos end
CST 2026-07-17 18:48:35.105   766  1196 I C01120/BMS: GetBundleInfosV9 -p:369, -f:1, -u:100
CST 2026-07-17 18:48:35.105   766  1196 W C011fc/BMSExt: [IsTargetApp:729]bundleName or appIdentifier is empty
CST 2026-07-17 18:48:35.109  1657  2227 I C02515/DISP: [ExpressFreeMem:317] freeMem bufferhandle gbuffer_id 93d00000077, width 222, heigt 222
CST 2026-07-17 18:48:35.110   766  1196 I C01120/BMS: GetBundleInfosV9 size:63
CST 2026-07-17 18:48:35.116   766  1196 I C01120/BMS: [bundle_mgr_host.cpp(HandleGetBundleInfosWithIntFlagsV9:1205)]bundles 63, size 239140
CST 2026-07-17 18:48:35.121   369   442 E C015b0/NetStatsClient: ForceCachedStats
CST 2026-07-17 18:48:35.121   369   442 I C015b0/NetStatsClient: UpdateSimStats
CST 2026-07-17 18:48:35.121   369   442 E C015b0/NetNativeMnager: fail to GetAllSimStatsInfo ret= 2103011
CST 2026-07-17 18:48:35.121   369   442 W C015b0/NetStatsClient: No stats need to save
CST 2026-07-17 18:48:35.121   369   442 W C015b0/NetStatsClient: SetUidStatsFlag earlySampleBundle is not exist.
CST 2026-07-17 18:48:35.122  1657  2227 I C03900/HDS: [hds_drawable_descriptor.cpp-ProcessIcon:101]set pixelmap editable : 0 .
CST 2026-07-17 18:48:35.122  1657  2227 E C02b61/PixelMap: set ashmem name failed
CST 2026-07-17 18:48:35.123  1657  2227 W A01b00/SCB: GraphicUtils --> combinePic from HdsIcon, bundleName: com.huawei.msdp.antimisoperation, iconSizeOfGrid: 64, hasBorder: true
CST 2026-07-17 18:48:35.123  1657  2227 I A01b00/SCB: IconResourceFwk --> getBundleIcon end param: com.huawei.msdp.antimisoperation, 64, true true
CST 2026-07-17 18:48:35.129  1657  1799 I C02b61/ImageCode: DoEncode:(224, 224) cost 5084 us
CST 2026-07-17 18:48:35.130  1657  1800 I C01631/GaussPD:  [0] [ADAPTER] [139901058128640] Not support binlog_default.writeLock file enable del monitor sysno = 25
CST 2026-07-17 18:48:35.130  1657  1800 I C01631/GaussPD:  [0] [ADAPTER] [139901058128640] Not support binlog_default.writeLock file enable del monitor sysno = 25
CST 2026-07-17 18:48:35.130  1657  1800 I C01631/GaussPD:  [0] [ADAPTER] [139901058128640] Not support binlog_default.writeLock file enable del monitor sysno = 25
CST 2026-07-17 18:48:35.130  1657  1800 I C01631/GaussPD:  [0] [ADAPTER] [139901058128640] Not support binlog_default.writeLock file enable del monitor sysno = 25
CST 2026-07-17 18:48:35.130  1657  1800 I C01631/GaussPD:  [0] [ADAPTER] [139901058128640] Not support binlog_default.writeIndex file enable del monitor sysno = 25
CST 2026-07-17 18:48:35.130  1657  1800 I C01631/GaussPD:  [0] [ADAPTER] [139901058128640] Not support binlog_default.writeIndex file enable del monitor sysno = 25
CST 2026-07-17 18:48:35.131  1657  2227 I A01a01/NC: NotificationConfigManager: update icon result: com.huawei.msdp.antimisoperation, 43202
CST 2026-07-17 18:48:35.131  1657  2227 I A01b00/SCB: IconResourceFwk --> getBundleIcon start param: com.ohos.useriam.authwidget, 64, true true
CST 2026-07-17 18:48:35.131  1657  2227 W A01b00/SCB: IconResourceUtils --> getIconResource from bms getBundleResourceInfo for com.ohos.useriam.authwidget 0
CST 2026-07-17 18:48:35.131   766  1196 I C01120/BMS: icon rdb get resource icon start -n com.ohos.useriam.authwidget -i 0 -f 16
CST 2026-07-17 18:48:35.131   766  1196 E C01650/StepResultSet: GoToRow:position[0] rowCount[0] rowPos_[-1]!
CST 2026-07-17 18:48:35.132  1657  2227 I C02b61/ImageSource: CreatePixelMap success, id:1784285315132012,dSize:(0,0),srcSize: (114,114),dHdr:1,sHdr:1,memType: 2,cost 586 us
CST 2026-07-17 18:48:35.132  1657  2227 E C02b61/PixelMap: set ashmem name failed
CST 2026-07-17 18:48:35.132  1657  2227 W A01b00/SCB: GraphicUtils --> com.ohos.useriam.authwidget - getHdsIcon, size: (114, 114), pixelFormat: 4, leftTopPixel is transparent: true, 0-0-0-0
CST 2026-07-17 18:48:35.132  1657  2227 E C03900/HDS: [hds_drawable_descriptor.cpp-GetOtherIconsInfo:395]Get icon by name from resource failed, iconName: icon_mask, isGlobalMask: 0, state: 9001004
CST 2026-07-17 18:48:35.133  1657  2227 W C03900/HDS: [hds_drawable_descriptor.cpp-ProcessIcon:91]Mask size {192, 192}, bundleName: com.ohos.useriam.authwidget
CST 2026-07-17 18:48:35.134  1657  1813 I C02b61/PixelMap: PixelMap::scale SLR 298, srcSize: [192, 192], dstSize: [114, 114], cost: 1
CST 2026-07-17 18:48:35.146   634  2365 I C02515/DISP: [InitBufferHandle:229] express init gbuffer id 93d00000078 ret 0 err 0 fd 6 114 114 pixel 4 size 51984 usage 2b
CST 2026-07-17 18:48:35.146   634  2365 I C02515/DISP: [ExpressAllocMem:271] ExpressAllocMem requeset BufferHandle 6, width 114, heigt 114, format 20
CST 2026-07-17 18:48:35.150   634  2365 I C02515/DISP: [ExpressFreeMem:317] freeMem bufferhandle gbuffer_id 93d00000078, width 114, heigt 114
CST 2026-07-17 18:48:35.163   634  2365 I C02515/DISP: [InitBufferHandle:229] express init gbuffer id 93d00000079 ret 0 err 0 fd 6 222 222 pixel 4 size 197136 usage 2b
CST 2026-07-17 18:48:35.163   634  2365 I C02515/DISP: [ExpressAllocMem:271] ExpressAllocMem requeset BufferHandle 6, width 222, heigt 222, format 20
CST 2026-07-17 18:48:35.167   634  2365 I C02515/DISP: [ExpressFreeMem:317] freeMem bufferhandle gbuffer_id 93d00000079, width 222, heigt 222
CST 2026-07-17 18:48:35.168  1657  1813 I C02515/DISP: [ExpressFreeMem:317] freeMem bufferhandle gbuffer_id 93d00000078, width 114, heigt 114
CST 2026-07-17 18:48:35.183  1657  1813 I C02515/DISP: [ExpressFreeMem:317] freeMem bufferhandle gbuffer_id 93d00000079, width 222, heigt 222
CST 2026-07-17 18:48:35.198  1657  1813 I C03900/HDS: [hds_drawable_descriptor.cpp-ProcessIcon:101]set pixelmap editable : 0 .
CST 2026-07-17 18:48:35.198  1657  1813 E C02b61/PixelMap: set ashmem name failed
CST 2026-07-17 18:48:35.198  1657  1813 W A01b00/SCB: GraphicUtils --> combinePic from HdsIcon, bundleName: com.ohos.useriam.authwidget, iconSizeOfGrid: 64, hasBorder: true
CST 2026-07-17 18:48:35.198  1657  1813 I A01b00/SCB: IconResourceFwk --> getBundleIcon end param: com.ohos.useriam.authwidget, 64, true true
CST 2026-07-17 18:48:35.204  1657  1798 I C02b61/ImageCode: DoEncode:(224, 224) cost 5365 us
CST 2026-07-17 18:48:35.206  1657  1799 I C01631/GaussPD:  [0] [ADAPTER] [139901066529536] Not support binlog_default.writeLock file enable del monitor sysno = 25
CST 2026-07-17 18:48:35.206  1657  1799 I C01631/GaussPD:  [0] [ADAPTER] [139901066529536] Not support binlog_default.writeLock file enable del monitor sysno = 25
CST 2026-07-17 18:48:35.206  1657  1799 I C01631/GaussPD:  [0] [ADAPTER] [139901066529536] Not support binlog_default.writeLock file enable del monitor sysno = 25
CST 2026-07-17 18:48:35.206  1657  1799 I C01631/GaussPD:  [0] [ADAPTER] [139901066529536] Not support binlog_default.writeLock file enable del monitor sysno = 25
CST 2026-07-17 18:48:35.206  1657  1799 I C01631/GaussPD:  [0] [ADAPTER] [139901066529536] Not support binlog_default.writeIndex file enable del monitor sysno = 25
CST 2026-07-17 18:48:35.206  1657  1799 I C01631/GaussPD:  [0] [ADAPTER] [139901066529536] Not support binlog_default.writeIndex file enable del monitor sysno = 25
CST 2026-07-17 18:48:35.206  1657  1813 I A01a01/NC: NotificationConfigManager: update icon result: com.ohos.useriam.authwidget, 38242
CST 2026-07-17 18:48:35.206  1657  1813 I A01b00/SCB: IconResourceFwk --> getBundleIcon start param: com.huawei.hmos.projectmenu, 64, true true
CST 2026-07-17 18:48:35.207  1657  1813 W A01b00/SCB: IconResourceUtils --> getIconResource from bms getBundleResourceInfo for com.huawei.hmos.projectmenu 0
CST 2026-07-17 18:48:35.207   766  1196 I C01120/BMS: icon rdb get resource icon start -n com.huawei.hmos.projectmenu -i 0 -f 16
CST 2026-07-17 18:48:35.207   766  1196 E C01650/StepResultSet: GoToRow:position[0] rowCount[0] rowPos_[-1]!
CST 2026-07-17 18:48:35.208  1657  1813 I C02b61/ImageSource: CreatePixelMap success, id:1784285315208117,dSize:(0,0),srcSize: (114,114),dHdr:1,sHdr:1,memType: 2,cost 597 us
CST 2026-07-17 18:48:35.208  1657  1813 E C02b61/PixelMap: set ashmem name failed
CST 2026-07-17 18:48:35.209  1657  1813 W A01b00/SCB: GraphicUtils --> com.huawei.hmos.projectmenu - getHdsIcon, size: (114, 114), pixelFormat: 4, leftTopPixel is transparent: true, 0-0-0-0
CST 2026-07-17 18:48:35.209  1657  1813 E C03900/HDS: [hds_drawable_descriptor.cpp-GetOtherIconsInfo:395]Get icon by name from resource failed, iconName: icon_mask, isGlobalMask: 0, state: 9001004
CST 2026-07-17 18:48:35.209  1657  1813 W C03900/HDS: [hds_drawable_descriptor.cpp-ProcessIcon:91]Mask size {192, 192}, bundleName: com.huawei.hmos.projectmenu
CST 2026-07-17 18:48:35.210  1657  1737 I C02b61/PixelMap: PixelMap::scale SLR 302, srcSize: [192, 192], dstSize: [114, 114], cost: 1
CST 2026-07-17 18:48:35.222   634  2365 I C02515/DISP: [InitBufferHandle:229] express init gbuffer id 93d0000007a ret 0 err 0 fd 6 114 114 pixel 4 size 51984 usage 2b
CST 2026-07-17 18:48:35.222   634  2365 I C02515/DISP: [ExpressAllocMem:271] ExpressAllocMem requeset BufferHandle 6, width 114, heigt 114, format 20
CST 2026-07-17 18:48:35.227   634  2365 I C02515/DISP: [ExpressFreeMem:317] freeMem bufferhandle gbuffer_id 93d0000007a, width 114, heigt 114
CST 2026-07-17 18:48:35.236  2992  3163 I C02d06/XCollie: success to submit dump trace
CST 2026-07-17 18:48:35.236  2992  3193 I C02d06/XCollie: Start to dump trace failed, openTrace result: 1203
CST 2026-07-17 18:48:35.236  2992  3163 I C02d06/XCollie: Detect collect trace task complete.
CST 2026-07-17 18:48:35.238   634  2365 I C02515/DISP: [InitBufferHandle:229] express init gbuffer id 93d0000007b ret 0 err 0 fd 6 222 222 pixel 4 size 197136 usage 2b
CST 2026-07-17 18:48:35.238   634  2365 I C02515/DISP: [ExpressAllocMem:271] ExpressAllocMem requeset BufferHandle 6, width 222, heigt 222, format 20
CST 2026-07-17 18:48:35.243   634  2365 I C02515/DISP: [ExpressFreeMem:317] freeMem bufferhandle gbuffer_id 93d0000007b, width 222, heigt 222
CST 2026-07-17 18:48:35.244  1657  1737 I C02515/DISP: [ExpressFreeMem:317] freeMem bufferhandle gbuffer_id 93d0000007a, width 114, heigt 114
CST 2026-07-17 18:48:35.259  1657  1737 I C02515/DISP: [ExpressFreeMem:317] freeMem bufferhandle gbuffer_id 93d0000007b, width 222, heigt 222
CST 2026-07-17 18:48:35.272  1657  1737 I C03900/HDS: [hds_drawable_descriptor.cpp-ProcessIcon:101]set pixelmap editable : 0 .
CST 2026-07-17 18:48:35.272  1657  1737 E C02b61/PixelMap: set ashmem name failed
CST 2026-07-17 18:48:35.273  1657  1737 W A01b00/SCB: GraphicUtils --> combinePic from HdsIcon, bundleName: com.huawei.hmos.projectmenu, iconSizeOfGrid: 64, hasBorder: true
CST 2026-07-17 18:48:35.273  1657  1737 I A01b00/SCB: IconResourceFwk --> getBundleIcon end param: com.huawei.hmos.projectmenu, 64, true true
CST 2026-07-17 18:48:35.278  1657  1797 I C02b61/ImageCode: DoEncode:(224, 224) cost 4501 us
CST 2026-07-17 18:48:35.279  1657  1798 I C01631/GaussPD:  [0] [ADAPTER] [139901074930432] Not support binlog_default.writeLock file enable del monitor sysno = 25
CST 2026-07-17 18:48:35.279  1657  1798 I C01631/GaussPD:  [0] [ADAPTER] [139901074930432] Not support binlog_default.writeLock file enable del monitor sysno = 25
CST 2026-07-17 18:48:35.280  1657  1798 I C01631/GaussPD:  [0] [ADAPTER] [139901074930432] Not support binlog_default.writeLock file enable del monitor sysno = 25
CST 2026-07-17 18:48:35.280  1657  1798 I C01631/GaussPD:  [0] [ADAPTER] [139901074930432] Not support binlog_default.writeLock file enable del monitor sysno = 25
CST 2026-07-17 18:48:35.280  1657  1798 I C01631/GaussPD:  [0] [ADAPTER] [139901074930432] Not support binlog_default.writeIndex file enable del monitor sysno = 25
CST 2026-07-17 18:48:35.280  1657  1798 I C01631/GaussPD:  [0] [ADAPTER] [139901074930432] Not support binlog_default.writeIndex file enable del monitor sysno = 25
CST 2026-07-17 18:48:35.280  1657  1737 I A01a01/NC: NotificationConfigManager: update icon result: com.huawei.hmos.projectmenu, 38242
CST 2026-07-17 18:48:35.280  1657  1737 I A01b00/SCB: IconResourceFwk --> getBundleIcon start param: com.huawei.msdp.hmringgenerator, 64, true true
CST 2026-07-17 18:48:35.280  1657  1737 W A01b00/SCB: IconResourceUtils --> getIconResource from bms getBundleResourceInfo for com.huawei.msdp.hmringgenerator 0
CST 2026-07-17 18:48:35.281   766  1196 I C01120/BMS: icon rdb get resource icon start -n com.huawei.msdp.hmringgenerator -i 0 -f 16
CST 2026-07-17 18:48:35.281   766  1196 E C01650/StepResultSet: GoToRow:position[0] rowCount[0] rowPos_[-1]!
CST 2026-07-17 18:48:35.282  1657  1737 I C02b61/ImageSource: CreatePixelMap success, id:1784285315281764,dSize:(0,0),srcSize: (114,114),dHdr:1,sHdr:1,memType: 2,cost 546 us
CST 2026-07-17 18:48:35.282  1657  1737 E C02b61/PixelMap: set ashmem name failed
CST 2026-07-17 18:48:35.282  1657  1737 W A01b00/SCB: GraphicUtils --> com.huawei.msdp.hmringgenerator - getHdsIcon, size: (114, 114), pixelFormat: 4, leftTopPixel is transparent: true, 0-0-0-0
CST 2026-07-17 18:48:35.282  1657  1737 E C03900/HDS: [hds_drawable_descriptor.cpp-GetOtherIconsInfo:395]Get icon by name from resource failed, iconName: icon_mask, isGlobalMask: 0, state: 9001004
CST 2026-07-17 18:48:35.282  1657  1737 W C03900/HDS: [hds_drawable_descriptor.cpp-ProcessIcon:91]Mask size {192, 192}, bundleName: com.huawei.msdp.hmringgenerator
CST 2026-07-17 18:48:35.284  1657  2227 I C02b61/PixelMap: PixelMap::scale SLR 306, srcSize: [192, 192], dstSize: [114, 114], cost: 1
CST 2026-07-17 18:48:35.322   634  2365 I C02515/DISP: [InitBufferHandle:229] express init gbuffer id 93d0000007c ret 0 err 0 fd 6 114 114 pixel 4 size 51984 usage 2b
CST 2026-07-17 18:48:35.322   634  2365 I C02515/DISP: [ExpressAllocMem:271] ExpressAllocMem requeset BufferHandle 6, width 114, heigt 114, format 20
CST 2026-07-17 18:48:35.327   634  2365 I C02515/DISP: [ExpressFreeMem:317] freeMem bufferhandle gbuffer_id 93d0000007c, width 114, heigt 114
CST 2026-07-17 18:48:35.338   634  2365 I C02515/DISP: [InitBufferHandle:229] express init gbuffer id 93d0000007d ret 0 err 0 fd 6 222 222 pixel 4 size 197136 usage 2b
CST 2026-07-17 18:48:35.338   634  2365 I C02515/DISP: [ExpressAllocMem:271] ExpressAllocMem requeset BufferHandle 6, width 222, heigt 222, format 20
CST 2026-07-17 18:48:35.343   634  2365 I C02515/DISP: [ExpressFreeMem:317] freeMem bufferhandle gbuffer_id 93d0000007d, width 222, heigt 222
CST 2026-07-17 18:48:35.344  1657  2227 I C02515/DISP: [ExpressFreeMem:317] freeMem bufferhandle gbuffer_id 93d0000007c, width 114, heigt 114
CST 2026-07-17 18:48:35.393  1657  2227 I C02515/DISP: [ExpressFreeMem:317] freeMem bufferhandle gbuffer_id 93d0000007d, width 222, heigt 222
CST 2026-07-17 18:48:35.411  1657  2227 I C03900/HDS: [hds_drawable_descriptor.cpp-ProcessIcon:101]set pixelmap editable : 0 .
CST 2026-07-17 18:48:35.411  1657  2227 E C02b61/PixelMap: set ashmem name failed
CST 2026-07-17 18:48:35.411  1657  2227 W A01b00/SCB: GraphicUtils --> combinePic from HdsIcon, bundleName: com.huawei.msdp.hmringgenerator, iconSizeOfGrid: 64, hasBorder: true
CST 2026-07-17 18:48:35.411  1657  2227 I A01b00/SCB: IconResourceFwk --> getBundleIcon end param: com.huawei.msdp.hmringgenerator, 64, true true
CST 2026-07-17 18:48:35.416  1657  1800 I C02b61/ImageCode: DoEncode:(224, 224) cost 4208 us
CST 2026-07-17 18:48:35.418  1657  1797 I C01631/GaussPD:  [0] [ADAPTER] [139902256663296] Not support binlog_default.writeLock file enable del monitor sysno = 25
CST 2026-07-17 18:48:35.418  1657  1797 I C01631/GaussPD:  [0] [ADAPTER] [139902256663296] Not support binlog_default.writeLock file enable del monitor sysno = 25
CST 2026-07-17 18:48:35.418  1657  1797 I C01631/GaussPD:  [0] [ADAPTER] [139902256663296] Not support binlog_default.writeLock file enable del monitor sysno = 25
CST 2026-07-17 18:48:35.418  1657  1797 I C01631/GaussPD:  [0] [ADAPTER] [139902256663296] Not support binlog_default.writeLock file enable del monitor sysno = 25
CST 2026-07-17 18:48:35.419  1657  1797 I C01631/GaussPD:  [0] [ADAPTER] [139902256663296] Not support binlog_default.writeIndex file enable del monitor sysno = 25
CST 2026-07-17 18:48:35.419  1657  1797 I C01631/GaussPD:  [0] [ADAPTER] [139902256663296] Not support binlog_default.writeIndex file enable del monitor sysno = 25
CST 2026-07-17 18:48:35.419  1657  2227 I A01a01/NC: NotificationConfigManager: update icon result: com.huawei.msdp.hmringgenerator, 38242
CST 2026-07-17 18:48:35.419  1657  2227 I A01b00/SCB: IconResourceFwk --> getBundleIcon start param: com.usb.right, 64, true true
CST 2026-07-17 18:48:35.419  1657  2227 W A01b00/SCB: IconResourceUtils --> getIconResource from bms getBundleResourceInfo for com.usb.right 0
CST 2026-07-17 18:48:35.420   766  1196 I C01120/BMS: icon rdb get resource icon start -n com.usb.right -i 0 -f 16
CST 2026-07-17 18:48:35.420   766  1196 E C01650/StepResultSet: GoToRow:position[0] rowCount[0] rowPos_[-1]!
CST 2026-07-17 18:48:35.421  1657  2227 I C02b61/ImageSource: CreatePixelMap success, id:1784285315420669,dSize:(0,0),srcSize: (114,114),dHdr:1,sHdr:1,memType: 2,cost 856 us
CST 2026-07-17 18:48:35.421  1657  2227 E C02b61/PixelMap: set ashmem name failed
CST 2026-07-17 18:48:35.421  1657  2227 W A01b00/SCB: GraphicUtils --> com.usb.right - getHdsIcon, size: (114, 114), pixelFormat: 4, leftTopPixel is transparent: true, 0-0-0-0
CST 2026-07-17 18:48:35.421  1657  2227 E C03900/HDS: [hds_drawable_descriptor.cpp-GetOtherIconsInfo:395]Get icon by name from resource failed, iconName: icon_mask, isGlobalMask: 0, state: 9001004
CST 2026-07-17 18:48:35.422  1657  2227 W C03900/HDS: [hds_drawable_descriptor.cpp-ProcessIcon:91]Mask size {192, 192}, bundleName: com.usb.right
CST 2026-07-17 18:48:35.423  1657  1813 I C02b61/PixelMap: PixelMap::scale SLR 310, srcSize: [192, 192], dstSize: [114, 114], cost: 0
CST 2026-07-17 18:48:35.426  3236  3236 W C02c02/PARAM: Selinux check name persist.init.debug.loglevel in u:object_r:startup_init_param:s0 [3236 2000 2000] failed
CST 2026-07-17 18:48:35.426  3236  3236 W C02c02/PARAM: Selinux check name persist.init.debug.loglevel in u:object_r:startup_init_param:s0 [3236 2000 2000] failed
CST 2026-07-17 18:48:35.426  3236  3236 W C02c02/PARAM: SystemReadParam failed!name is:persist.init.debug.loglevel,err:1002
CST 2026-07-17 18:48:35.433   634  2365 I C02515/DISP: [InitBufferHandle:229] express init gbuffer id 93d0000007e ret 0 err 0 fd 6 114 114 pixel 4 size 51984 usage 2b
CST 2026-07-17 18:48:35.433   634  2365 I C02515/DISP: [ExpressAllocMem:271] ExpressAllocMem requeset BufferHandle 6, width 114, heigt 114, format 20
CST 2026-07-17 18:48:35.435  3240  3240 W C02c02/PARAM: Selinux check name persist.init.debug.loglevel in u:object_r:startup_init_param:s0 [3240 2000 2000] failed
CST 2026-07-17 18:48:35.435  3238  3238 W C02c02/PARAM: Selinux check name persist.init.debug.loglevel in u:object_r:startup_init_param:s0 [3238 2000 2000] failed
CST 2026-07-17 18:48:35.435  3240  3240 W C02c02/PARAM: Selinux check name persist.init.debug.loglevel in u:object_r:startup_init_param:s0 [3240 2000 2000] failed
CST 2026-07-17 18:48:35.435  3238  3238 W C02c02/PARAM: Selinux check name persist.init.debug.loglevel in u:object_r:startup_init_param:s0 [3238 2000 2000] failed
CST 2026-07-17 18:48:35.435  3240  3240 W C02c02/PARAM: SystemReadParam failed!name is:persist.init.debug.loglevel,err:1002
CST 2026-07-17 18:48:35.435  3238  3238 W C02c02/PARAM: SystemReadParam failed!name is:persist.init.debug.loglevel,err:1002
CST 2026-07-17 18:48:35.435  3239  3239 W C02c02/PARAM: Selinux check name persist.init.debug.loglevel in u:object_r:startup_init_param:s0 [3239 2000 2000] failed
CST 2026-07-17 18:48:35.435  3239  3239 W C02c02/PARAM: Selinux check name persist.init.debug.loglevel in u:object_r:startup_init_param:s0 [3239 2000 2000] failed
CST 2026-07-17 18:48:35.435  3239  3239 W C02c02/PARAM: SystemReadParam failed!name is:persist.init.debug.loglevel,err:1002
CST 2026-07-17 18:48:35.438   634  2365 I C02515/DISP: [ExpressFreeMem:317] freeMem bufferhandle gbuffer_id 93d0000007e, width 114, heigt 114
CST 2026-07-17 18:48:35.442  3241  3241 W C02c02/PARAM: Selinux check name persist.init.debug.loglevel in u:object_r:startup_init_param:s0 [3241 2000 2000] failed
CST 2026-07-17 18:48:35.443  3241  3241 W C02c02/PARAM: Selinux check name persist.init.debug.loglevel in u:object_r:startup_init_param:s0 [3241 2000 2000] failed
CST 2026-07-17 18:48:35.443  3241  3241 W C02c02/PARAM: SystemReadParam failed!name is:persist.init.debug.loglevel,err:1002
CST 2026-07-17 18:48:35.443  3242  3242 W C02c02/PARAM: Selinux check name persist.init.debug.loglevel in u:object_r:startup_init_param:s0 [3242 2000 2000] failed
CST 2026-07-17 18:48:35.443  3242  3242 W C02c02/PARAM: Selinux check name persist.init.debug.loglevel in u:object_r:startup_init_param:s0 [3242 2000 2000] failed
CST 2026-07-17 18:48:35.443  3242  3242 W C02c02/PARAM: SystemReadParam failed!name is:persist.init.debug.loglevel,err:1002
CST 2026-07-17 18:48:35.449   634  2365 I C02515/DISP: [InitBufferHandle:229] express init gbuffer id 93d0000007f ret 0 err 0 fd 6 222 222 pixel 4 size 197136 usage 2b
CST 2026-07-17 18:48:35.449   634  2365 I C02515/DISP: [ExpressAllocMem:271] ExpressAllocMem requeset BufferHandle 6, width 222, heigt 222, format 20
CST 2026-07-17 18:48:35.453   634  2365 I C02515/DISP: [ExpressFreeMem:317] freeMem bufferhandle gbuffer_id 93d0000007f, width 222, heigt 222
CST 2026-07-17 18:48:35.454  1657  1813 I C02515/DISP: [ExpressFreeMem:317] freeMem bufferhandle gbuffer_id 93d0000007e, width 114, heigt 114
CST 2026-07-17 18:48:35.469  1657  1813 I C02515/DISP: [ExpressFreeMem:317] freeMem bufferhandle gbuffer_id 93d0000007f, width 222, heigt 222
CST 2026-07-17 18:48:35.485  1657  1813 I C03900/HDS: [hds_drawable_descriptor.cpp-ProcessIcon:101]set pixelmap editable : 0 .
CST 2026-07-17 18:48:35.485  1657  1813 E C02b61/PixelMap: set ashmem name failed
CST 2026-07-17 18:48:35.485  1657  1813 W A01b00/SCB: GraphicUtils --> combinePic from HdsIcon, bundleName: com.usb.right, iconSizeOfGrid: 64, hasBorder: true
CST 2026-07-17 18:48:35.485  1657  1813 I A01b00/SCB: IconResourceFwk --> getBundleIcon end param: com.usb.right, 64, true true
CST 2026-07-17 18:48:35.490  1657  1799 I C02b61/ImageCode: DoEncode:(224, 224) cost 4382 us
CST 2026-07-17 18:48:35.491  1657  1800 I C01631/GaussPD:  [0] [ADAPTER] [139901058128640] Not support binlog_default.writeLock file enable del monitor sysno = 25
CST 2026-07-17 18:48:35.491  1657  1800 I C01631/GaussPD:  [0] [ADAPTER] [139901058128640] Not support binlog_default.writeLock file enable del monitor sysno = 25
CST 2026-07-17 18:48:35.491  1657  1800 I C01631/GaussPD:  [0] [ADAPTER] [139901058128640] Not support binlog_default.writeLock file enable del monitor sysno = 25
CST 2026-07-17 18:48:35.492  1657  1800 I C01631/GaussPD:  [0] [ADAPTER] [139901058128640] Not support binlog_default.writeLock file enable del monitor sysno = 25
CST 2026-07-17 18:48:35.492  1657  1800 I C01631/GaussPD:  [0] [ADAPTER] [139901058128640] Not support binlog_default.writeIndex file enable del monitor sysno = 25
CST 2026-07-17 18:48:35.492  1657  1800 I C01631/GaussPD:  [0] [ADAPTER] [139901058128640] Not support binlog_default.writeIndex file enable del monitor sysno = 25
CST 2026-07-17 18:48:35.492  1657  1813 I A01a01/NC: NotificationConfigManager: update icon result: com.usb.right, 38242
CST 2026-07-17 18:48:35.492  1657  1813 I A01b00/SCB: IconResourceFwk --> getBundleIcon start param: com.huawei.hmos.screenreader, 64, true true
CST 2026-07-17 18:48:35.492  1657  1813 W A01b00/SCB: IconResourceUtils --> getIconResource from bms getBundleResourceInfo for com.huawei.hmos.screenreader 0
CST 2026-07-17 18:48:35.493   766  1196 I C01120/BMS: icon rdb get resource icon start -n com.huawei.hmos.screenreader -i 0 -f 16
CST 2026-07-17 18:48:35.494   766  1196 E C01650/StepResultSet: GoToRow:position[0] rowCount[0] rowPos_[-1]!
CST 2026-07-17 18:48:35.505  1657  1813 E C01707/CONCUR: [Interface] task 1813 apply qos failed, errno = 4
CST 2026-07-17 18:48:35.511  1657  1813 I C02b61/ImageSource: CreatePixelMap success, id:1784285315496284,dSize:(0,0),srcSize: (512,512),dHdr:1,sHdr:1,memType: 2,cost 15129 us
CST 2026-07-17 18:48:35.511  1657  1813 E C02b61/PixelMap: set ashmem name failed
CST 2026-07-17 18:48:35.511  1657  1813 W A01b00/SCB: GraphicUtils --> com.huawei.hmos.screenreader - getHdsIcon, size: (512, 512), pixelFormat: 4, leftTopPixel is transparent: false, 255-183-51-255
CST 2026-07-17 18:48:35.511  1657  1813 E C03900/HDS: [hds_drawable_descriptor.cpp-GetOtherIconsInfo:395]Get icon by name from resource failed, iconName: icon_mask, isGlobalMask: 0, state: 9001004
CST 2026-07-17 18:48:35.514  1657  1813 W C03900/HDS: [hds_drawable_descriptor.cpp-ProcessIcon:91]Mask size {192, 192}, bundleName: com.huawei.hmos.screenreader
CST 2026-07-17 18:48:35.526   634  2365 I C02515/DISP: [InitBufferHandle:229] express init gbuffer id 93d00000080 ret 0 err 0 fd 6 512 512 pixel 4 size 1048576 usage 2b
CST 2026-07-17 18:48:35.526   634  2365 I C02515/DISP: [ExpressAllocMem:271] ExpressAllocMem requeset BufferHandle 6, width 512, heigt 512, format 20
CST 2026-07-17 18:48:35.530   634  2365 I C02515/DISP: [ExpressFreeMem:317] freeMem bufferhandle gbuffer_id 93d00000080, width 512, heigt 512
CST 2026-07-17 18:48:35.541   634  2365 I C02515/DISP: [InitBufferHandle:229] express init gbuffer id 93d00000081 ret 0 err 0 fd 6 222 222 pixel 4 size 197136 usage 2b
CST 2026-07-17 18:48:35.541   634  2365 I C02515/DISP: [ExpressAllocMem:271] ExpressAllocMem requeset BufferHandle 6, width 222, heigt 222, format 20
CST 2026-07-17 18:48:35.560   634  2365 I C02515/DISP: [ExpressFreeMem:317] freeMem bufferhandle gbuffer_id 93d00000081, width 222, heigt 222
CST 2026-07-17 18:48:35.563  1657  1737 I C02515/DISP: [ExpressFreeMem:317] freeMem bufferhandle gbuffer_id 93d00000080, width 512, heigt 512
CST 2026-07-17 18:48:35.564   765  1063 I C01407/hgm: operator() FrameRateReportTask run and left retry:2
CST 2026-07-17 18:48:35.565   765  1063 E C01700/RSS: ResSchedClient::ReportData type not subscribed.
CST 2026-07-17 18:48:35.565   247   255 E C01707/CONCUR: [TaskControllerInterface] QueryDeadline failed, funcLoader_ load func failed
CST 2026-07-17 18:48:35.580  1657  1737 I C02515/DISP: [ExpressFreeMem:317] freeMem bufferhandle gbuffer_id 93d00000081, width 222, heigt 222
CST 2026-07-17 18:48:35.615  1657  1737 I C03900/HDS: [hds_drawable_descriptor.cpp-ProcessIcon:101]set pixelmap editable : 0 .
CST 2026-07-17 18:48:35.616  1657  1737 E C02b61/PixelMap: set ashmem name failed
CST 2026-07-17 18:48:35.616  1657  1737 W A01b00/SCB: GraphicUtils --> combinePic from HdsIcon, bundleName: com.huawei.hmos.screenreader, iconSizeOfGrid: 64, hasBorder: true
CST 2026-07-17 18:48:35.616  1657  1737 I A01b00/SCB: IconResourceFwk --> getBundleIcon end param: com.huawei.hmos.screenreader, 64, true true
CST 2026-07-17 18:48:35.621  1657  1798 I C02b61/ImageCode: DoEncode:(224, 224) cost 4488 us
CST 2026-07-17 18:48:35.622  1657  1799 I C01631/GaussPD:  [0] [ADAPTER] [139901066529536] Not support binlog_default.writeLock file enable del monitor sysno = 25
CST 2026-07-17 18:48:35.623  1657  1799 I C01631/GaussPD:  [0] [ADAPTER] [139901066529536] Not support binlog_default.writeLock file enable del monitor sysno = 25
CST 2026-07-17 18:48:35.623  1657  1799 I C01631/GaussPD:  [0] [ADAPTER] [139901066529536] Not support binlog_default.writeLock file enable del monitor sysno = 25
CST 2026-07-17 18:48:35.623  1657  1799 I C01631/GaussPD:  [0] [ADAPTER] [139901066529536] Not support binlog_default.writeLock file enable del monitor sysno = 25
CST 2026-07-17 18:48:35.623  1657  1799 I C01631/GaussPD:  [0] [ADAPTER] [139901066529536] Not support binlog_default.writeIndex file enable del monitor sysno = 25
CST 2026-07-17 18:48:35.623  1657  1799 I C01631/GaussPD:  [0] [ADAPTER] [139901066529536] Not support binlog_default.writeIndex file enable del monitor sysno = 25
CST 2026-07-17 18:48:35.623  1657  1737 I A01a01/NC: NotificationConfigManager: update icon result: com.huawei.hmos.screenreader, 33330
CST 2026-07-17 18:48:35.623  1657  1737 I A01b00/SCB: IconResourceFwk --> getBundleIcon start param: com.ohos.UserFile.ExternalFileManager, 64, true true
CST 2026-07-17 18:48:35.623  1657  1737 W A01b00/SCB: IconResourceUtils --> getIconResource from bms getBundleResourceInfo for com.ohos.UserFile.ExternalFileManager 0
CST 2026-07-17 18:48:35.624   766  1196 I C01120/BMS: icon rdb get resource icon start -n com.ohos.UserFile.ExternalFileManager -i 0 -f 16
CST 2026-07-17 18:48:35.624   766  1196 E C01650/StepResultSet: GoToRow:position[0] rowCount[0] rowPos_[-1]!
CST 2026-07-17 18:48:35.625  1657  1737 I C02b61/ImageSource: CreatePixelMap success, id:1784285315624689,dSize:(0,0),srcSize: (114,114),dHdr:1,sHdr:1,memType: 2,cost 568 us
CST 2026-07-17 18:48:35.625  1657  1737 E C02b61/PixelMap: set ashmem name failed
CST 2026-07-17 18:48:35.625  1657  1737 W A01b00/SCB: GraphicUtils --> com.ohos.UserFile.ExternalFileManager - getHdsIcon, size: (114, 114), pixelFormat: 4, leftTopPixel is transparent: true, 0-0-0-0
CST 2026-07-17 18:48:35.625  1657  1737 E C03900/HDS: [hds_drawable_descriptor.cpp-GetOtherIconsInfo:395]Get icon by name from resource failed, iconName: icon_mask, isGlobalMask: 0, state: 9001004
CST 2026-07-17 18:48:35.625  1657  1737 W C03900/HDS: [hds_drawable_descriptor.cpp-ProcessIcon:91]Mask size {192, 192}, bundleName: com.ohos.UserFile.ExternalFileManager
CST 2026-07-17 18:48:35.627  1657  1813 I C02b61/PixelMap: PixelMap::scale SLR 318, srcSize: [192, 192], dstSize: [114, 114], cost: 1
CST 2026-07-17 18:48:35.637   634  2365 I C02515/DISP: [InitBufferHandle:229] express init gbuffer id 93d00000082 ret 0 err 0 fd 6 114 114 pixel 4 size 51984 usage 2b
CST 2026-07-17 18:48:35.637   634  2365 I C02515/DISP: [ExpressAllocMem:271] ExpressAllocMem requeset BufferHandle 6, width 114, heigt 114, format 20
CST 2026-07-17 18:48:35.641   634  2365 I C02515/DISP: [ExpressFreeMem:317] freeMem bufferhandle gbuffer_id 93d00000082, width 114, heigt 114
CST 2026-07-17 18:48:35.650  3244  3244 W C02c02/PARAM: Selinux check name persist.init.debug.loglevel in u:object_r:startup_init_param:s0 [3244 2000 2000] failed
CST 2026-07-17 18:48:35.650  3244  3244 W C02c02/PARAM: Selinux check name persist.init.debug.loglevel in u:object_r:startup_init_param:s0 [3244 2000 2000] failed
CST 2026-07-17 18:48:35.650  3244  3244 W C02c02/PARAM: SystemReadParam failed!name is:persist.init.debug.loglevel,err:1002
CST 2026-07-17 18:48:35.652   634  2365 I C02515/DISP: [InitBufferHandle:229] express init gbuffer id 93d00000083 ret 0 err 0 fd 6 222 222 pixel 4 size 197136 usage 2b
CST 2026-07-17 18:48:35.652   634  2365 I C02515/DISP: [ExpressAllocMem:271] ExpressAllocMem requeset BufferHandle 6, width 222, heigt 222, format 20
CST 2026-07-17 18:48:35.656   634  2365 I C02515/DISP: [ExpressFreeMem:317] freeMem bufferhandle gbuffer_id 93d00000083, width 222, heigt 222
CST 2026-07-17 18:48:35.657  1657  1813 I C02515/DISP: [ExpressFreeMem:317] freeMem bufferhandle gbuffer_id 93d00000082, width 114, heigt 114
CST 2026-07-17 18:48:35.657  3246  3246 W C02c02/PARAM: Selinux check name persist.init.debug.loglevel in u:object_r:startup_init_param:s0 [3246 2000 2000] failed
CST 2026-07-17 18:48:35.657  3246  3246 W C02c02/PARAM: Selinux check name persist.init.debug.loglevel in u:object_r:startup_init_param:s0 [3246 2000 2000] failed
CST 2026-07-17 18:48:35.657  3246  3246 W C02c02/PARAM: SystemReadParam failed!name is:persist.init.debug.loglevel,err:1002
CST 2026-07-17 18:48:35.664  3247  3247 W C02c02/PARAM: Selinux check name persist.init.debug.loglevel in u:object_r:startup_init_param:s0 [3247 2000 2000] failed
CST 2026-07-17 18:48:35.664  3247  3247 W C02c02/PARAM: Selinux check name persist.init.debug.loglevel in u:object_r:startup_init_param:s0 [3247 2000 2000] failed
CST 2026-07-17 18:48:35.664  3247  3247 W C02c02/PARAM: SystemReadParam failed!name is:persist.init.debug.loglevel,err:1002
CST 2026-07-17 18:48:35.671  1657  1813 I C02515/DISP: [ExpressFreeMem:317] freeMem bufferhandle gbuffer_id 93d00000083, width 222, heigt 222
CST 2026-07-17 18:48:35.708  1657  1813 I C03900/HDS: [hds_drawable_descriptor.cpp-ProcessIcon:101]set pixelmap editable : 0 .
CST 2026-07-17 18:48:35.708  1657  1813 E C02b61/PixelMap: set ashmem name failed
CST 2026-07-17 18:48:35.708  1657  1813 W A01b00/SCB: GraphicUtils --> combinePic from HdsIcon, bundleName: com.ohos.UserFile.ExternalFileManager, iconSizeOfGrid: 64, hasBorder: true
CST 2026-07-17 18:48:35.709  1657  1813 I A01b00/SCB: IconResourceFwk --> getBundleIcon end param: com.ohos.UserFile.ExternalFileManager, 64, true true
CST 2026-07-17 18:48:35.713  1657  1797 I C02b61/ImageCode: DoEncode:(224, 224) cost 4292 us
CST 2026-07-17 18:48:35.715  1657  1798 I C01631/GaussPD:  [0] [ADAPTER] [139901074930432] Not support binlog_default.writeLock file enable del monitor sysno = 25
CST 2026-07-17 18:48:35.715  1657  1798 I C01631/GaussPD:  [0] [ADAPTER] [139901074930432] Not support binlog_default.writeLock file enable del monitor sysno = 25
CST 2026-07-17 18:48:35.715  1657  1798 I C01631/GaussPD:  [0] [ADAPTER] [139901074930432] Not support binlog_default.writeLock file enable del monitor sysno = 25
CST 2026-07-17 18:48:35.715  1657  1798 I C01631/GaussPD:  [0] [ADAPTER] [139901074930432] Not support binlog_default.writeLock file enable del monitor sysno = 25
CST 2026-07-17 18:48:35.715  1657  1798 I C01631/GaussPD:  [0] [ADAPTER] [139901074930432] Not support binlog_default.writeIndex file enable del monitor sysno = 25
CST 2026-07-17 18:48:35.715  1657  1798 I C01631/GaussPD:  [0] [ADAPTER] [139901074930432] Not support binlog_default.writeIndex file enable del monitor sysno = 25
CST 2026-07-17 18:48:35.716  1657  1813 I A01a01/NC: NotificationConfigManager: update icon result: com.ohos.UserFile.ExternalFileManager, 38242
CST 2026-07-17 18:48:35.716  1657  1813 I A01b00/SCB: IconResourceFwk --> getBundleIcon start param: ohos.global.systemres, 64, true true
CST 2026-07-17 18:48:35.716  1657  1813 W A01b00/SCB: IconResourceUtils --> getIconResource from bms getBundleResourceInfo for ohos.global.systemres 0
CST 2026-07-17 18:48:35.716   766  1196 I C01120/BMS: icon rdb get resource icon start -n ohos.global.systemres -i 0 -f 16
CST 2026-07-17 18:48:35.716   766  1196 E C01650/StepResultSet: GoToRow:position[0] rowCount[0] rowPos_[-1]!
CST 2026-07-17 18:48:35.718  1657  1813 I C02b61/ImageSource: CreatePixelMap success, id:1784285315717075,dSize:(0,0),srcSize: (216,216),dHdr:1,sHdr:1,memType: 2,cost 1098 us
CST 2026-07-17 18:48:35.718  1657  1813 E C02b61/PixelMap: set ashmem name failed
CST 2026-07-17 18:48:35.718  1657  1813 W A01b00/SCB: GraphicUtils --> ohos.global.systemres - getHdsIcon, size: (216, 216), pixelFormat: 4, leftTopPixel is transparent: true, 0-0-0-0
CST 2026-07-17 18:48:35.718  1657  1813 E C03900/HDS: [hds_drawable_descriptor.cpp-GetOtherIconsInfo:395]Get icon by name from resource failed, iconName: icon_mask, isGlobalMask: 0, state: 9001004
CST 2026-07-17 18:48:35.719  1657  1813 W C03900/HDS: [hds_drawable_descriptor.cpp-ProcessIcon:91]Mask size {192, 192}, bundleName: ohos.global.systemres
CST 2026-07-17 18:48:35.724  2385  2385 I C02500/Qemud: Guest heartbeat success.
CST 2026-07-17 18:48:35.730   634  2365 I C02515/DISP: [InitBufferHandle:229] express init gbuffer id 93d00000084 ret 0 err 0 fd 6 216 216 pixel 4 size 186624 usage 2b
CST 2026-07-17 18:48:35.730   634  2365 I C02515/DISP: [ExpressAllocMem:271] ExpressAllocMem requeset BufferHandle 6, width 216, heigt 216, format 20
CST 2026-07-17 18:48:35.730  1767  1834 I C0430a/file_monitor_service: [MainMissionStatus:197]CanExit
CST 2026-07-17 18:48:35.730  1767  1834 I C0430a/file_monitor_service: [MainMissionStatus:203]SecondaryScanner idle
CST 2026-07-17 18:48:35.735   634  2365 I C02515/DISP: [ExpressFreeMem:317] freeMem bufferhandle gbuffer_id 93d00000084, width 216, heigt 216
CST 2026-07-17 18:48:35.766   634  2365 I C02515/DISP: [InitBufferHandle:229] express init gbuffer id 93d00000085 ret 0 err 0 fd 6 222 222 pixel 4 size 197136 usage 2b
CST 2026-07-17 18:48:35.767   634  2365 I C02515/DISP: [ExpressAllocMem:271] ExpressAllocMem requeset BufferHandle 6, width 222, heigt 222, format 20
CST 2026-07-17 18:48:35.771   634  2365 I C02515/DISP: [ExpressFreeMem:317] freeMem bufferhandle gbuffer_id 93d00000085, width 222, heigt 222
CST 2026-07-17 18:48:35.772  1657  1813 I C02515/DISP: [ExpressFreeMem:317] freeMem bufferhandle gbuffer_id 93d00000084, width 216, heigt 216
CST 2026-07-17 18:48:35.775  2086  2116 I C02a04/UsbService: UsbAccessoryManager::InitUsbAccessoryInterface start
CST 2026-07-17 18:48:35.776   178   619 E C02510/devsvc_manager_stub: StubGetService service usb_device_interface_service not found
CST 2026-07-17 18:48:35.776  2086  2116 E C02510/hdi_servmgr_client: get hdi service usb_device_interface_service failed, -1
CST 2026-07-17 18:48:35.776  2086  2116 E C02510/usb_device_interface_proxy: Get:get remote object failed!
CST 2026-07-17 18:48:35.776  2086  2116 E C02a04/UsbService: UsbAccessoryManager:: Get inteface failed
CST 2026-07-17 18:48:35.776  2086  2116 E C02a04/UsbService: usbAccessoryManager_ is nullptr or InitUsbAccessoryInterface failed
CST 2026-07-17 18:48:35.786  1657  1813 I C02515/DISP: [ExpressFreeMem:317] freeMem bufferhandle gbuffer_id 93d00000085, width 222, heigt 222
CST 2026-07-17 18:48:35.798  1657  1813 I C03900/HDS: [hds_drawable_descriptor.cpp-ProcessIcon:101]set pixelmap editable : 0 .
CST 2026-07-17 18:48:35.799  1657  1813 E C02b61/PixelMap: set ashmem name failed
CST 2026-07-17 18:48:35.799  1657  1813 W A01b00/SCB: GraphicUtils --> combinePic from HdsIcon, bundleName: ohos.global.systemres, iconSizeOfGrid: 64, hasBorder: true
CST 2026-07-17 18:48:35.799  1657  1813 I A01b00/SCB: IconResourceFwk --> getBundleIcon end param: ohos.global.systemres, 64, true true
CST 2026-07-17 18:48:35.805  1657  1800 I C02b61/ImageCode: DoEncode:(224, 224) cost 5292 us
CST 2026-07-17 18:48:35.806  1657  1797 I C01631/GaussPD:  [0] [ADAPTER] [139902256663296] Not support binlog_default.writeLock file enable del monitor sysno = 25
CST 2026-07-17 18:48:35.806  1657  1797 I C01631/GaussPD:  [0] [ADAPTER] [139902256663296] Not support binlog_default.writeLock file enable del monitor sysno = 25
CST 2026-07-17 18:48:35.806  1657  1797 I C01631/GaussPD:  [0] [ADAPTER] [139902256663296] Not support binlog_default.writeLock file enable del monitor sysno = 25
CST 2026-07-17 18:48:35.806  1657  1797 I C01631/GaussPD:  [0] [ADAPTER] [139902256663296] Not support binlog_default.writeLock file enable del monitor sysno = 25
CST 2026-07-17 18:48:35.806  1657  1797 I C01631/GaussPD:  [0] [ADAPTER] [139902256663296] Not support binlog_default.writeIndex file enable del monitor sysno = 25
CST 2026-07-17 18:48:35.806  1657  1797 I C01631/GaussPD:  [0] [ADAPTER] [139902256663296] Not support binlog_default.writeIndex file enable del monitor sysno = 25
CST 2026-07-17 18:48:35.807  1657  1813 I A01a01/NC: NotificationConfigManager: update icon result: ohos.global.systemres, 15114
CST 2026-07-17 18:48:35.807  1657  1813 I A01b00/SCB: IconResourceFwk --> getBundleIcon start param: com.huawei.hmos.screenrecorder, 64, true true
CST 2026-07-17 18:48:35.807  1657  1813 W A01b00/SCB: IconResourceUtils --> getIconResource from bms getBundleResourceInfo for com.huawei.hmos.screenrecorder 0
CST 2026-07-17 18:48:35.808   766  1196 I C01120/BMS: icon rdb get resource icon start -n com.huawei.hmos.screenrecorder -i 0 -f 16
CST 2026-07-17 18:48:35.808   766  1196 E C01650/StepResultSet: GoToRow:position[0] rowCount[0] rowPos_[-1]!
CST 2026-07-17 18:48:35.818  1657  1813 E C01707/CONCUR: [Interface] task 1813 apply qos failed, errno = 4
CST 2026-07-17 18:48:35.822  1657  1813 I C02b61/ImageSource: CreatePixelMap success, id:1784285315809502,dSize:(0,0),srcSize: (512,512),dHdr:1,sHdr:1,memType: 2,cost 12830 us
CST 2026-07-17 18:48:35.822  1657  1813 E C02b61/PixelMap: set ashmem name failed
CST 2026-07-17 18:48:35.828  1657  1813 E C01707/CONCUR: [Interface] task 1813 apply qos failed, errno = 4
CST 2026-07-17 18:48:35.835  1657  1813 I C02b61/ImageSource: CreatePixelMap success, id:1784285315822536,dSize:(0,0),srcSize: (512,512),dHdr:1,sHdr:1,memType: 2,cost 12852 us
CST 2026-07-17 18:48:35.835  1657  1813 E C02b61/PixelMap: set ashmem name failed
CST 2026-07-17 18:48:35.837  1657  1813 I C02b61/ImageSource: CreatePixelMap success, id:1784285315836093,dSize:(0,0),srcSize: (192,192),dHdr:1,sHdr:1,memType: 2,cost 936 us
CST 2026-07-17 18:48:35.837  1657  1813 E C02b61/PixelMap: set ashmem name failed
CST 2026-07-17 18:48:35.842  1657  1813 W A01b00/SCB: GraphicUtils --> com.huawei.hmos.screenrecorder - getHdsIcon, size: (512, 512), pixelFormat: 4, leftTopPixel is transparent: true, 0-0-0-0
CST 2026-07-17 18:48:35.842  1657  1813 E C03900/HDS: [hds_drawable_descriptor.cpp-GetOtherIconsInfo:395]Get icon by name from resource failed, iconName: icon_mask, isGlobalMask: 0, state: 9001004
CST 2026-07-17 18:48:35.845  1657  1813 W C03900/HDS: [hds_drawable_descriptor.cpp-ProcessIcon:91]Mask size {192, 192}, bundleName: com.huawei.hmos.screenrecorder
CST 2026-07-17 18:48:35.877   634  2365 I C02515/DISP: [InitBufferHandle:229] express init gbuffer id 93d00000086 ret 0 err 0 fd 6 512 512 pixel 4 size 1048576 usage 2b
CST 2026-07-17 18:48:35.877   634  2365 I C02515/DISP: [ExpressAllocMem:271] ExpressAllocMem requeset BufferHandle 6, width 512, heigt 512, format 20
CST 2026-07-17 18:48:35.883   634  2365 I C02515/DISP: [ExpressFreeMem:317] freeMem bufferhandle gbuffer_id 93d00000086, width 512, heigt 512
CST 2026-07-17 18:48:35.895   634  2365 I C02515/DISP: [InitBufferHandle:229] express init gbuffer id 93d00000087 ret 0 err 0 fd 6 222 222 pixel 4 size 197136 usage 2b
CST 2026-07-17 18:48:35.895   634  2365 I C02515/DISP: [ExpressAllocMem:271] ExpressAllocMem requeset BufferHandle 6, width 222, heigt 222, format 20
CST 2026-07-17 18:48:35.899   634  2365 I C02515/DISP: [ExpressFreeMem:317] freeMem bufferhandle gbuffer_id 93d00000087, width 222, heigt 222
CST 2026-07-17 18:48:35.902  1657  1813 I C02515/DISP: [ExpressFreeMem:317] freeMem bufferhandle gbuffer_id 93d00000086, width 512, heigt 512
CST 2026-07-17 18:48:35.937  2516  3058 E C02e00/UPDATE_SA: [hap_connection.cpp(50)]GetHapRemoteObject, remoteObj is nullptr, bundle com.huawei.hmos.ouc
CST 2026-07-17 18:48:35.937  2516  3058 I C01352/ExtMgr: [extension_manager_client.cpp134]name:com.huawei.hmos.ouc ServiceExtAbility, userId:-1.
CST 2026-07-17 18:48:35.937   766  1196 I C01342/ServiceExt: [ABMS5529]element: com.huawei.hmos.ouc/ServiceExtAbility
CST 2026-07-17 18:48:35.937   766  1196 W C01123/BMSCommon: bundle not exist -n com.huawei.hmos.ouc -u 100 -i 0 -f 0
CST 2026-07-17 18:48:35.937   766  1196 W C01336/AMS: [start_ability_utils.cpp76]failed: com.huawei.hmos.ouc
CST 2026-07-17 18:48:35.938   766  1196 W C01336/AMS: [crowd_test_interceptor.cpp54]GetAppInfo failed
CST 2026-07-17 18:48:35.938   766  1196 W C01120/BMS: app_control_manager.cpp:GetAppRunningControlRule:397 getAppId failed,-n:com.huawei.hmos.ouc
CST 2026-07-17 18:48:35.938   766  1196 W C01123/BMSCommon: uid(6666) invalid
CST 2026-07-17 18:48:35.938   766  1196 I C01336/AMS: [start_ability_utils.cpp54]appIndex:-1
CST 2026-07-17 18:48:35.938   766  1196 W C01123/BMSCommon: bundle not exist -n com.huawei.hmos.ouc -u 100 -i 0 -f 1062
CST 2026-07-17 18:48:35.938   766  1196 I C01121/BMSQuery: ExplicitQueryAbility no match -n com.huawei.hmos.ouc -a ServiceExtAbility -u 100 -i 0
CST 2026-07-17 18:48:35.938   766  1196 W C01120/BMS: query abilitys_ext code 8521480
CST 2026-07-17 18:48:35.938   766  1196 W C01123/BMSCommon: bundle not exist -n com.huawei.hmos.ouc -u 100 -i 0 -f 1062
CST 2026-07-17 18:48:35.938   766  1196 W C01121/BMSQuery: bundle_data_mgr.cpp:ExplicitQueryExtensionInfo:7239 ExplicitQueryExtensionInfo failed
CST 2026-07-17 18:48:35.938   766  1196 I C01121/BMSQuery: ExplicitQueryExtension size:0 -n com.huawei.hmos.ouc -e ServiceExtAbility -u 100 -i 0
CST 2026-07-17 18:48:35.938   766  1196 W C01121/BMSQuery: bundle_data_mgr.cpp:GetCloneAppIndexes:2463 no bundleName com.huawei.hmos.ouc found
CST 2026-07-17 18:48:35.938   766  1196 W C01121/BMSQuery: bundle_mgr_host_impl.cpp:QueryExtensionAbilityInfos:3425 no valid extension info can be inquired
CST 2026-07-17 18:48:35.938   766  1196 E C01336/AMS: [start_ability_utils.cpp290]extensionInfo empty
CST 2026-07-17 18:48:35.938   766  1196 E C01342/ServiceExt: [ABMS5868]generate request error
CST 2026-07-17 18:48:35.939  2516  3058 E C02e00/UPDATE_SA: [hap_connection.cpp(82)]HapConnection call interface failed, ret 2097152
CST 2026-07-17 18:48:35.939  2516  3058 E C02e00/UPDATE_SA: [ouc_hap_connection.cpp(72)]SendRemoteRequest, can not connect to ouc
CST 2026-07-17 18:48:35.939  2516  3058 E C02e00/UPDATE_SA: [ouc_hap_connection.cpp(279)]SendMessage request failed, code: 5
CST 2026-07-17 18:48:35.945  1657  1813 I C02515/DISP: [ExpressFreeMem:317] freeMem bufferhandle gbuffer_id 93d00000087, width 222, heigt 222
CST 2026-07-17 18:48:35.958  1657  1813 I C03900/HDS: [hds_drawable_descriptor.cpp-ProcessIcon:101]set pixelmap editable : 0 .
CST 2026-07-17 18:48:35.958  1657  1813 E C02b61/PixelMap: set ashmem name failed
CST 2026-07-17 18:48:35.959  1657  1813 W A01b00/SCB: GraphicUtils --> combinePic from HdsIcon, bundleName: com.huawei.hmos.screenrecorder, iconSizeOfGrid: 64, hasBorder: true
CST 2026-07-17 18:48:35.959  1657  1813 I A01b00/SCB: IconResourceFwk --> getBundleIcon end param: com.huawei.hmos.screenrecorder, 64, true true
CST 2026-07-17 18:48:35.963  1657  1799 I C02b61/ImageCode: DoEncode:(224, 224) cost 3436 us
CST 2026-07-17 18:48:35.964  1657  1800 I C01631/GaussPD:  [0] [ADAPTER] [139901058128640] Not support binlog_default.writeLock file enable del monitor sysno = 25
CST 2026-07-17 18:48:35.964  1657  1800 I C01631/GaussPD:  [0] [ADAPTER] [139901058128640] Not support binlog_default.writeLock file enable del monitor sysno = 25
CST 2026-07-17 18:48:35.964  1657  1800 I C01631/GaussPD:  [0] [ADAPTER] [139901058128640] Not support binlog_default.writeLock file enable del monitor sysno = 25
CST 2026-07-17 18:48:35.964  1657  1800 I C01631/GaussPD:  [0] [ADAPTER] [139901058128640] Not support binlog_default.writeLock file enable del monitor sysno = 25
CST 2026-07-17 18:48:35.964  1657  1800 I C01631/GaussPD:  [0] [ADAPTER] [139901058128640] Not support binlog_default.writeIndex file enable del monitor sysno = 25
CST 2026-07-17 18:48:35.964  1657  1800 I C01631/GaussPD:  [0] [ADAPTER] [139901058128640] Not support binlog_default.writeIndex file enable del monitor sysno = 25
CST 2026-07-17 18:48:35.964  1657  1813 I A01a01/NC: NotificationConfigManager: update icon result: com.huawei.hmos.screenrecorder, 21006
CST 2026-07-17 18:48:35.964  1657  1813 I A01b00/SCB: IconResourceFwk --> getBundleIcon start param: com.ohos.amsdialog, 64, true true
CST 2026-07-17 18:48:35.964  1657  1813 W A01b00/SCB: IconResourceUtils --> getIconResource from bms getBundleResourceInfo for com.ohos.amsdialog 0
CST 2026-07-17 18:48:35.965   766  1196 I C01120/BMS: icon rdb get resource icon start -n com.ohos.amsdialog -i 0 -f 16
CST 2026-07-17 18:48:35.965   766  1196 E C01650/StepResultSet: GoToRow:position[0] rowCount[0] rowPos_[-1]!
CST 2026-07-17 18:48:35.966  1657  1813 I C02b61/ImageSource: CreatePixelMap success, id:1784285315965741,dSize:(0,0),srcSize: (114,114),dHdr:1,sHdr:1,memType: 2,cost 570 us
CST 2026-07-17 18:48:35.966  1657  1813 E C02b61/PixelMap: set ashmem name failed
CST 2026-07-17 18:48:35.966  1657  1813 W A01b00/SCB: GraphicUtils --> com.ohos.amsdialog - getHdsIcon, size: (114, 114), pixelFormat: 4, leftTopPixel is transparent: true, 0-0-0-0
CST 2026-07-17 18:48:35.966  1657  1813 E C03900/HDS: [hds_drawable_descriptor.cpp-GetOtherIconsInfo:395]Get icon by name from resource failed, iconName: icon_mask, isGlobalMask: 0, state: 9001004
CST 2026-07-17 18:48:35.966  1657  1813 W C03900/HDS: [hds_drawable_descriptor.cpp-ProcessIcon:91]Mask size {192, 192}, bundleName: com.ohos.amsdialog
CST 2026-07-17 18:48:35.967  1657  2227 I C02b61/PixelMap: PixelMap::scale SLR 333, srcSize: [192, 192], dstSize: [114, 114], cost: 0
CST 2026-07-17 18:48:35.978   634  2365 I C02515/DISP: [InitBufferHandle:229] express init gbuffer id 93d00000088 ret 0 err 0 fd 6 114 114 pixel 4 size 51984 usage 2b
CST 2026-07-17 18:48:35.978   634  2365 I C02515/DISP: [ExpressAllocMem:271] ExpressAllocMem requeset BufferHandle 6, width 114, heigt 114, format 20
CST 2026-07-17 18:48:35.979  3251  3251 W C02c02/PARAM: Selinux check name persist.init.debug.loglevel in u:object_r:startup_init_param:s0 [3251 2000 2000] failed
CST 2026-07-17 18:48:35.979  3251  3251 W C02c02/PARAM: Selinux check name persist.init.debug.loglevel in u:object_r:startup_init_param:s0 [3251 2000 2000] failed
CST 2026-07-17 18:48:35.979  3251  3251 W C02c02/PARAM: SystemReadParam failed!name is:persist.init.debug.loglevel,err:1002
CST 2026-07-17 18:48:35.983   634  2365 I C02515/DISP: [ExpressFreeMem:317] freeMem bufferhandle gbuffer_id 93d00000088, width 114, heigt 114
CST 2026-07-17 18:48:35.986  3251  3251 W C02c02/PARAM: Selinux check name persist.init.debug.loglevel in u:object_r:startup_init_param:s0 [3251 2000 2000] failed
CST 2026-07-17 18:48:35.986  3251  3251 W C02c02/PARAM: Selinux check name persist.init.debug.loglevel in u:object_r:startup_init_param:s0 [3251 2000 2000] failed
CST 2026-07-17 18:48:35.986  3251  3251 W C02c02/PARAM: SystemReadParam failed!name is:persist.init.debug.loglevel,err:1002
CST 2026-07-17 18:48:35.993   634  2365 I C02515/DISP: [InitBufferHandle:229] express init gbuffer id 93d00000089 ret 0 err 0 fd 6 222 222 pixel 4 size 197136 usage 2b
CST 2026-07-17 18:48:35.993   634  2365 I C02515/DISP: [ExpressAllocMem:271] ExpressAllocMem requeset BufferHandle 6, width 222, heigt 222, format 20
CST 2026-07-17 18:48:35.998   634  2365 I C02515/DISP: [ExpressFreeMem:317] freeMem bufferhandle gbuffer_id 93d00000089, width 222, heigt 222
CST 2026-07-17 18:48:35.998  1657  2227 I C02515/DISP: [ExpressFreeMem:317] freeMem bufferhandle gbuffer_id 93d00000088, width 114, heigt 114
CST 2026-07-17 18:48:36.012  1657  2227 I C02515/DISP: [ExpressFreeMem:317] freeMem bufferhandle gbuffer_id 93d00000089, width 222, heigt 222
CST 2026-07-17 18:48:36.025  1657  2227 I C03900/HDS: [hds_drawable_descriptor.cpp-ProcessIcon:101]set pixelmap editable : 0 .
CST 2026-07-17 18:48:36.025  1657  2227 E C02b61/PixelMap: set ashmem name failed
CST 2026-07-17 18:48:36.025  1657  2227 W A01b00/SCB: GraphicUtils --> combinePic from HdsIcon, bundleName: com.ohos.amsdialog, iconSizeOfGrid: 64, hasBorder: true
CST 2026-07-17 18:48:36.025  1657  2227 I A01b00/SCB: IconResourceFwk --> getBundleIcon end param: com.ohos.amsdialog, 64, true true
CST 2026-07-17 18:48:36.030  1657  1798 I C02b61/ImageCode: DoEncode:(224, 224) cost 4249 us
CST 2026-07-17 18:48:36.031  1657  1799 I C01631/GaussPD:  [0] [ADAPTER] [139901066529536] Not support binlog_default.writeLock file enable del monitor sysno = 25
CST 2026-07-17 18:48:36.031  1657  1799 I C01631/GaussPD:  [0] [ADAPTER] [139901066529536] Not support binlog_default.writeLock file enable del monitor sysno = 25
CST 2026-07-17 18:48:36.032  1657  1799 I C01631/GaussPD:  [0] [ADAPTER] [139901066529536] Not support binlog_default.writeLock file enable del monitor sysno = 25
CST 2026-07-17 18:48:36.032  1657  1799 I C01631/GaussPD:  [0] [ADAPTER] [139901066529536] Not support binlog_default.writeLock file enable del monitor sysno = 25
CST 2026-07-17 18:48:36.032  1657  1799 I C01631/GaussPD:  [0] [ADAPTER] [139901066529536] Not support binlog_default.writeIndex file enable del monitor sysno = 25
CST 2026-07-17 18:48:36.032  1657  1799 I C01631/GaussPD:  [0] [ADAPTER] [139901066529536] Not support binlog_default.writeIndex file enable del monitor sysno = 25
CST 2026-07-17 18:48:36.032  1657  2227 I A01a01/NC: NotificationConfigManager: update icon result: com.ohos.amsdialog, 38242
CST 2026-07-17 18:48:36.032  1657  2227 I A01b00/SCB: IconResourceFwk --> getBundleIcon start param: com.huawei.hmos.screenshot, 64, true true
CST 2026-07-17 18:48:36.032  1657  2227 W A01b00/SCB: IconResourceUtils --> getIconResource from bms getBundleResourceInfo for com.huawei.hmos.screenshot 0
CST 2026-07-17 18:48:36.033   766  1196 I C01120/BMS: icon rdb get resource icon start -n com.huawei.hmos.screenshot -i 0 -f 16
CST 2026-07-17 18:48:36.033   766  1196 E C01650/StepResultSet: GoToRow:position[0] rowCount[0] rowPos_[-1]!
CST 2026-07-17 18:48:36.034  1657  2227 I C02b61/ImageSource: CreatePixelMap success, id:1784285316033907,dSize:(0,0),srcSize: (128,128),dHdr:1,sHdr:1,memType: 2,cost 729 us
CST 2026-07-17 18:48:36.034  1657  2227 E C02b61/PixelMap: set ashmem name failed
CST 2026-07-17 18:48:36.035  1657  2227 W A01b00/SCB: GraphicUtils --> com.huawei.hmos.screenshot - getHdsIcon, size: (128, 128), pixelFormat: 4, leftTopPixel is transparent: true, 0-0-0-0
CST 2026-07-17 18:48:36.035  1657  2227 E C03900/HDS: [hds_drawable_descriptor.cpp-GetOtherIconsInfo:395]Get icon by name from resource failed, iconName: icon_mask, isGlobalMask: 0, state: 9001004
CST 2026-07-17 18:48:36.035  1657  2227 W C03900/HDS: [hds_drawable_descriptor.cpp-ProcessIcon:91]Mask size {192, 192}, bundleName: com.huawei.hmos.screenshot
CST 2026-07-17 18:48:36.035  1657  2227 I C02b61/PostProc: initSLRFactor insert:327432331
CST 2026-07-17 18:48:36.036  1657  2227 I C02b61/PixelMap: PixelMap::scale SLR 337, srcSize: [192, 192], dstSize: [128, 128], cost: 1
CST 2026-07-17 18:48:36.047   634  2365 I C02515/DISP: [InitBufferHandle:229] express init gbuffer id 93d0000008a ret 0 err 0 fd 6 128 128 pixel 4 size 65536 usage 2b
CST 2026-07-17 18:48:36.047   634  2365 I C02515/DISP: [ExpressAllocMem:271] ExpressAllocMem requeset BufferHandle 6, width 128, heigt 128, format 20
CST 2026-07-17 18:48:36.052   634  2365 I C02515/DISP: [ExpressFreeMem:317] freeMem bufferhandle gbuffer_id 93d0000008a, width 128, heigt 128
CST 2026-07-17 18:48:36.063   634  2365 I C02515/DISP: [InitBufferHandle:229] express init gbuffer id 93d0000008b ret 0 err 0 fd 6 222 222 pixel 4 size 197136 usage 2b
CST 2026-07-17 18:48:36.063   634  2365 I C02515/DISP: [ExpressAllocMem:271] ExpressAllocMem requeset BufferHandle 6, width 222, heigt 222, format 20
CST 2026-07-17 18:48:36.063  3254  3254 W C02c02/PARAM: Selinux check name persist.init.debug.loglevel in u:object_r:startup_init_param:s0 [3254 2000 2000] failed
CST 2026-07-17 18:48:36.063  3254  3254 W C02c02/PARAM: Selinux check name persist.init.debug.loglevel in u:object_r:startup_init_param:s0 [3254 2000 2000] failed
CST 2026-07-17 18:48:36.063  3254  3254 W C02c02/PARAM: SystemReadParam failed!name is:persist.init.debug.loglevel,err:1002
CST 2026-07-17 18:48:36.067   634  2365 I C02515/DISP: [ExpressFreeMem:317] freeMem bufferhandle gbuffer_id 93d0000008b, width 222, heigt 222
CST 2026-07-17 18:48:36.068  1657  2227 I C02515/DISP: [ExpressFreeMem:317] freeMem bufferhandle gbuffer_id 93d0000008a, width 128, heigt 128
CST 2026-07-17 18:48:36.069  3254  3254 W C02c02/PARAM: Selinux check name persist.init.debug.loglevel in u:object_r:startup_init_param:s0 [3254 2000 2000] failed
CST 2026-07-17 18:48:36.069  3254  3254 W C02c02/PARAM: Selinux check name persist.init.debug.loglevel in u:object_r:startup_init_param:s0 [3254 2000 2000] failed
CST 2026-07-17 18:48:36.069  3254  3254 W C02c02/PARAM: SystemReadParam failed!name is:persist.init.debug.loglevel,err:1002
CST 2026-07-17 18:48:36.075  1657  1657 W A01c06/ICON: AppIconWeatherModel --> initWeatherListener, retryTimes: 4
CST 2026-07-17 18:48:36.084  1657  2227 I C02515/DISP: [ExpressFreeMem:317] freeMem bufferhandle gbuffer_id 93d0000008b, width 222, heigt 222
CST 2026-07-17 18:48:36.091   513  1323 E C01707/CONCUR: [Interface] task 1323 apply qos failed, errno = 4
CST 2026-07-17 18:48:36.091   513  1323 E C01611/QosManager: QosManager: Failed to set thread QoS to QOS_USER_INTERACTIVE, ret: -1
CST 2026-07-17 18:48:36.092   766  1196 W C01123/BMSCommon: bundle not exist -n com.huawei.hmsapp.totemweather -u 100 -i 0 -f 32
CST 2026-07-17 18:48:36.092   766  1196 W C01121/BMSQuery: GetBundleInfo failed -n com.huawei.hmsapp.totemweather -u 100
CST 2026-07-17 18:48:36.092   513  1323 E C01651/BundleMgrProxy: GetBundleInfoFromBMS: GetBundleInfo failed!bundleName is com.huawei.hmsapp.totemweather, userId is 100
CST 2026-07-17 18:48:36.092   513  1323 E C01651/DataProviderConfig: GetFromProxyData: Get bundleInfo failed! bundleName:com.huawei.hmsapp.totemweather, userId:100, visitedId:100, uri:******icIconInfo
CST 2026-07-17 18:48:36.092   513  1323 E C01651/DataShareServiceImpl: GetBMSAndMetaDataStatus: CalledInfo failed! token:0x20087fab,ret:1001,uri:******icIconInfo
CST 2026-07-17 18:48:36.092   513  1323 E C01651/DataShareServiceImpl: GetSilentProxyStatus: BMS or metaData not ready to complete, token:0x20087fab, uri:******icIconInfo
CST 2026-07-17 18:48:36.092  1657  1657 E A01c06/ICON: AppIconWeatherModel --> get weather info failed, code: 15700010, message: The DataShareHelper is not initialized successfully.
CST 2026-07-17 18:48:36.101  1657  2227 I C03900/HDS: [hds_drawable_descriptor.cpp-ProcessIcon:101]set pixelmap editable : 0 .
CST 2026-07-17 18:48:36.101  1657  2227 E C02b61/PixelMap: set ashmem name failed
CST 2026-07-17 18:48:36.101  1657  2227 W A01b00/SCB: GraphicUtils --> combinePic from HdsIcon, bundleName: com.huawei.hmos.screenshot, iconSizeOfGrid: 64, hasBorder: true
CST 2026-07-17 18:48:36.101  1657  2227 I A01b00/SCB: IconResourceFwk --> getBundleIcon end param: com.huawei.hmos.screenshot, 64, true true
CST 2026-07-17 18:48:36.106  1657  1800 I C02b61/ImageCode: DoEncode:(224, 224) cost 4012 us
CST 2026-07-17 18:48:36.107  1657  1797 I C01631/GaussPD:  [0] [ADAPTER] [139902256663296] Not support binlog_default.writeLock file enable del monitor sysno = 25
CST 2026-07-17 18:48:36.107  1657  1797 I C01631/GaussPD:  [0] [ADAPTER] [139902256663296] Not support binlog_default.writeLock file enable del monitor sysno = 25
CST 2026-07-17 18:48:36.107  1657  1797 I C01631/GaussPD:  [0] [ADAPTER] [139902256663296] Not support binlog_default.writeLock file enable del monitor sysno = 25
CST 2026-07-17 18:48:36.108  1657  1797 I C01631/GaussPD:  [0] [ADAPTER] [139902256663296] Not support binlog_default.writeLock file enable del monitor sysno = 25
CST 2026-07-17 18:48:36.108  1657  1797 I C01631/GaussPD:  [0] [ADAPTER] [139902256663296] Not support binlog_default.writeIndex file enable del monitor sysno = 25
CST 2026-07-17 18:48:36.109  1657  1797 I C01631/GaussPD:  [0] [ADAPTER] [139902256663296] Not support binlog_default.writeIndex file enable del monitor sysno = 25
CST 2026-07-17 18:48:36.109  1657  2227 I A01a01/NC: NotificationConfigManager: update icon result: com.huawei.hmos.screenshot, 35614
CST 2026-07-17 18:48:36.109  1657  2227 I A01a01/NC: NotificationConfigManager: get icon end. 62
CST 2026-07-17 18:48:36.112  1657  2227 I A01a01/NC: RdbStore: Close store success
CST 2026-07-17 18:48:36.112  1657  2227 I A01a00/SYS_UI: TableEntity: end batch success!
CST 2026-07-17 18:48:36.113  1657  2227 E A01a01/NC: NotificationConfigManager: SyncIconFromIconResource skip by empty bundleList
