CST 2026-07-17 19:56:03.053     0     0 I I00000/HiLog: ========Zeroth log of type: init
CST 2026-07-17 19:56:06.124   411   411 I I02c01/CustCarrierMount: UpdateCotaOpkeyLink start
CST 2026-07-17 19:56:06.124   411   411 W I02c01/CustCarrierMount: not exsit CUST_GLOBAL_CARRIER_DIR or COTA_PARAM_CARRIER_DIR
CST 2026-07-17 19:56:07.356   411   411 I I02c01/CustCarrierMount: success to update cota carrier
CST 2026-07-17 19:57:13.574  1522  1522 I A04200/WINDOW: SCBSPVM: clear session caller persistentId for 30
CST 2026-07-17 19:57:13.574  1522  1522 I A04223/SCBMain: getSceneSessionByPersistentId from containerSessionList id: 30
CST 2026-07-17 19:57:13.574  1522  1522 I A04200/WINDOW: SCBSPVM: clear session callerPersistentId = 0 for 30
CST 2026-07-17 19:57:13.575  1522  1522 I A04200/WINDOW: SCBSpecialScenePanelViewModel: onCloseScene with persistentId:30 containerId:undefined
CST 2026-07-17 19:57:13.575  1522  1522 W A04200/WINDOW: SCBSpecialScenePanelViewModel: Failed to get scene containerSession with session id:30 from special panel
CST 2026-07-17 19:57:13.575  1522  1522 E A04200/WINDOW: SCBSpecialScenePanelViewModel: cannot find containerSession with persistentId:30
CST 2026-07-17 19:57:13.575  1522  1522 I A04200/WINDOW: SCBSSM: SCBSSM
CST 2026-07-17 19:57:13.575  1522  1522 W A04222/WMSMission: [Screen:0][Panel:1]getMissionProcessor null, fallback to empty default
CST 2026-07-17 19:57:13.575  1522  1522 W A04222/WMSMission: [Screen:0][Panel:2]getMissionProcessor null, fallback to empty default
CST 2026-07-17 19:57:13.575  1522  1522 I C0420a/WMSLife: RemoveLifeCycleTask: Removed lifeCyleTask NotifySessionExceptionInner. PersistentId=30
CST 2026-07-17 19:57:13.575  1522  1522 I C02d06/XCollie: StartProfileMainThread durationTime: 166 ms, sampleInterval: 150.
CST 2026-07-17 19:57:13.575  1522  1536 E C02d06/XCollie: ThreadSampler initialize failed.
CST 2026-07-17 19:57:13.575  1522  1522 I A04200/WINDOW: SCBSSM: onShiftFocus id: 30 -> 10, displayGroupId: 0
CST 2026-07-17 19:57:13.576  1522  1522 I A04200/WINDOW: SCBWindowFocusController: setFocusedSession, displayGroupId: 0, sessionId: 10, displayId: 0, screenId: 0
CST 2026-07-17 19:57:13.576  1522  1522 I C0391c/AceFocus: [(100000:100000:scope)] WindowScene/secure_fieldRequest focus async by id
CST 2026-07-17 19:57:13.576  1522  1522 I A01b00/SCB: ViewManagerPolicy --> 10 notifyViewGainFocus
CST 2026-07-17 19:57:13.576  1522  1522 I A01b0a/GESTURE: SCBGestureManager: onGainFocus
CST 2026-07-17 19:57:13.576  1522  1522 I A01b0a/GESTURE: SCBGestureManager: resetThirdAppEnable.
CST 2026-07-17 19:57:13.576  1522  1522 W A01b0a/GESTURE: SCBGestureManager: caller is SceneBoard caller.
CST 2026-07-17 19:57:13.576  1522  1522 I A01a00/SYS_UI: SystemUIView: onDeskTopChange: true
CST 2026-07-17 19:57:13.576  1522  1522 I A0001b/AA: OutSideWindowManager: OutSideWindowManager
CST 2026-07-17 19:57:13.577  1522  1522 I A01b01/HOME: GlobalSearchViewModel: onGlobalSearchStatusChange status: 0, this.searchState : 0
CST 2026-07-17 19:57:13.577  1522  1522 I A0ff00/SEARCH: GlobalSearchPowerMonitor: desktop or negative screen gain focus
CST 2026-07-17 19:57:13.577  1522  1522 I A0ff00/SEARCH: GlobalSearchPowerMonitor: isBlockOpen: false
CST 2026-07-17 19:57:13.577  1522  1522 I A0420a/WMSLife: onSessionStateChange state:5
CST 2026-07-17 19:57:13.577  1522  1522 I A04200/WINDOW: SCBScreenSM: unRegScreenPropChange: at onSessionStateChange (SCBSceneSession.ts:3383:55)screenId: undefined true null
CST 2026-07-17 19:57:13.577  1522  1522 I A04200/WINDOW: SCBScreenSM: recordEventFromScb
CST 2026-07-17 19:57:13.577  1522  1522 I A04200/WINDOW: SCBScreenSM: callbackRegisterMap callerStack: at onSessionStateChange (SCBSceneSession.ts:3383:55)
CST 2026-07-17 19:57:13.577  1522  1522 I A04200/WINDOW: SCBScreenSM: unRegScreenPropChange index:24 removed:1
CST 2026-07-17 19:57:13.577  1522  1522 I A04209/WMSImms: win:30 background
CST 2026-07-17 19:57:13.578  1522  1522 I A04200/WINDOW: SCBSSM: fullScreenLayoutChange screenId:0 isFullScreenLayout:false notifyType:SCBStatusBar
CST 2026-07-17 19:57:13.578  1522  1522 I A04200/WINDOW: SCBSSM: fullScreenLayoutChange screenId:0 isFullScreenLayout:false notifyType:FixedLayout
CST 2026-07-17 19:57:13.578  1522  1522 I A04200/WINDOW: SCBSSM: onGestureBarVisibleChange isVisible:false, screenId:0
CST 2026-07-17 19:57:13.578  1522  1522 I A04209/WMSImms: update prop to callbacks. screenId:0 mainscreenId:0 window:0, prop:[5,true,"#00FFFFFF","#FFFFFFFF",true,true,null], size:4 reason: desktop
CST 2026-07-17 19:57:13.578  1522  1522 I A01a00/SYS_UI: SystemUI_BannerVm --> onSystemBarProperty
CST 2026-07-17 19:57:13.578  1522  1522 I A01a00/SYS_UI: TaskQueue: Add task SCBStatusBarVM_onSystemBarPropertyChange, count: 1
CST 2026-07-17 19:57:13.578  1522  1522 I A01a00/SYS_UI: TaskQueue: execute queueName SCBStatusBarVM, task onSystemBarPropertyChange, runningCount 1, startTime 1784289433578
CST 2026-07-17 19:57:13.578  1522  1522 I A01a00/SYS_UI: SCBStatusBarView: registerSystemBarPropertyCallbacks, enable: true, enableAnimation:true, isExitRecentTask: false
CST 2026-07-17 19:57:13.579  1522  1522 I A01a00/SYS_UI: TimeoutPromise: Create for SCBStatusBarView_isEnablePromise.
CST 2026-07-17 19:57:13.579  1522  1522 I A01a00/SYS_UI: TimeoutPromise: StartTimeout for SCBStatusBarView_isEnablePromise timeout 500
CST 2026-07-17 19:57:13.579  1522  1522 I A01a00/SYS_UI: TimeoutPromise: Manually resolve fot SCBStatusBarView_isEnablePromise. reason: SCBStatusBarView_isEnablePromise
CST 2026-07-17 19:57:13.579  1522  1522 W A01a00/SYS_UI: SCBStatusBarView: isEnable changed: true, statusBarOpacity is 1, immersive is false, enable animation: true
CST 2026-07-17 19:57:13.579  1522  1522 W A01a00/SYS_UI: StatusBarVMV2: System bar property change from #FF000000 to #FFFFFFFF #00FFFFFF
CST 2026-07-17 19:57:13.579  1522  1522 I A01a00/SYS_UI: StatusBarVMV2: updateTintContentColor enable true, enableAnimation true contentColor #FFFFFFFF
CST 2026-07-17 19:57:13.579  1522  1522 W A01a00/SYS_UI: StatusBarBridgeView: onPluginContentColorChange #FFFFFFFF
CST 2026-07-17 19:57:13.579  1522  1522 I A01b00/SCB: SCBSSM: updateNavigationBarProperty navigationBarEnable: true
CST 2026-07-17 19:57:13.579  1522  1522 I A01b00/SCB: SCBSSM: updateNavigationBarProperty 0
CST 2026-07-17 19:57:13.579  1522  1522 I A01b0a/GESTURE: FloatingNavigationManager --> checkShowFloatingNavigation switch is closed
CST 2026-07-17 19:57:13.580  1522  1522 I A04200/WINDOW: SCBSSM: update navi bar, home
CST 2026-07-17 19:57:13.580  1522  1522 I A01b0a/GESTURE: GestureDockPreferenceUtil --> onSceneStateChange,isForegroud:false,bundleName:cn.alfadb.netbird.e3vpna,appIndex:0 sceneInfo.abilityName:EntryAbility
CST 2026-07-17 19:57:13.580  1522  1522 I A01b09/RECENT: RecentGestureEventManager: onSceneStateChange,isForegroud:false,bundleName:cn.alfadb.netbird.e3vpna abilityName:EntryAbility
CST 2026-07-17 19:57:13.580  1522  1522 I A01a00/SYS_UI: TaskQueue: Run task SCBStatusBarVM_onSystemBarPropertyChange, time: 2, count: 0
CST 2026-07-17 19:57:13.580  1522  1522 W A01a00/SYS_UI: TaskQueue: stop run task, queueName SCBStatusBarVM, isFreeze: false, runningCount: 0, tasks length: 0
CST 2026-07-17 19:57:13.580  1522  1522 I A0420a/WMSLife: onSessionStateChange state:0
CST 2026-07-17 19:57:13.580   770   800 W C04201/DMS: screen_cutout_controller.cpp GetCutoutArea: display:[ID: 0, W: 1320, H: 2856, R: 0,Mode 0]
CST 2026-07-17 19:57:13.580  1522  1522 I A01b00/SCB: TaskpoolUtil: task sequenceExecute
CST 2026-07-17 19:57:13.580  1522  1522 I A01b00/SCB: TaskpoolUtil: task sequenceExecute finally
CST 2026-07-17 19:57:13.580  1522  1522 I A01c06/ICON: AppNameLiteModel --> observerCallback appName: E3 VPN Gate, bundleName: cn.alfadb.netbird.e3vpna labelId: 16777219
CST 2026-07-17 19:57:13.580  1522  1522 I A01c06/ICON: AppNameLiteModel --> observerCallback appName: E3 VPN Gate, bundleName: cn.alfadb.netbird.e3vpnb labelId: 16777219
CST 2026-07-17 19:57:13.581  1522  1522 I C0391c/AceFocus: [(100000:100000:scope)] view: WindowScene/163 show
CST 2026-07-17 19:57:13.581  1522  1522 I C03900/Ace: [(100000:100000:scope)] Update application state , state: ON_ACTIVE
CST 2026-07-17 19:57:13.581  1522  1522 I C01d02/accessibility_asacfwk: [(SubscribeStateObserver:652)]Observer has subscribed!
CST 2026-07-17 19:57:13.581  1522  1522 I C01d02/accessibility_asacfwk: [(SubscribeStateObserver:652)]Observer has subscribed!
CST 2026-07-17 19:57:13.581  1522  1522 I C01d02/accessibility_asacfwk: [(SubscribeStateObserver:652)]Observer has subscribed!
CST 2026-07-17 19:57:13.581  1522  1522 I C0391c/AceFocus: [(100000:100000:scope)] Window: 1 get focus.
CST 2026-07-17 19:57:13.581  1522  1522 I C0391c/AceFocus: [(100000:100000:scope)] Request focus on rootFocusHub: root/0
CST 2026-07-17 19:57:13.582  1522  1522 I C04216/WMSPattern: GetCallerSessionColorMode: bundle cn.alfadb.netbird.e3vpna, caller 
CST 2026-07-17 19:57:13.582  1522  1522 I C04216/WMSPattern: GetIsDarkFromConfiguration: colorMode: light
CST 2026-07-17 19:57:13.582  1522  1522 I C04216/WMSPattern: GetIsDarkFromConfiguration: colorMode: light
CST 2026-07-17 19:57:13.582  1522  1522 I C04216/WMSPattern: GetStartWindowColorFollowApp: follow sys: cn.alfadb.netbird.e3vpna
CST 2026-07-17 19:57:13.582  1522  1522 W C04216/WMSPattern: GetStartingWindowInfoFromCache: fff2f6f8, resource:///16777217.svg, 0, , 0
CST 2026-07-17 19:57:13.582  1522  1522 I C04216/WMSPattern: GetCallerSessionColorMode: bundle cn.alfadb.netbird.e3vpna, caller 
CST 2026-07-17 19:57:13.582  1522  1522 I C04216/WMSPattern: GetIsDarkFromConfiguration: colorMode: light
CST 2026-07-17 19:57:13.582  1522  1522 I C04216/WMSPattern: GetIsDarkFromConfiguration: colorMode: light
CST 2026-07-17 19:57:13.582  1522  1522 I C04216/WMSPattern: GetStartWindowColorFollowApp: follow sys: cn.alfadb.netbird.e3vpna
CST 2026-07-17 19:57:13.582  1522  1522 I C0393b/AceWindowScene: [(100000:100000:scope)] not preloading starting window id:30
CST 2026-07-17 19:57:13.582  1522  1522 I C0393b/AceWindowScene: [(100000:100000:scope)] AddChild StartingWindow, 2315
CST 2026-07-17 19:57:13.583  1522  1522 I A01a00/SYS_UI: StatusBarBridgeView: FrameCallback do
CST 2026-07-17 19:57:13.583   770   800 W C011fc/BMSExt: [IsTargetApp:729]bundleName or appIdentifier is empty
CST 2026-07-17 19:57:13.583  1522  1522 I A01a00/SYS_UI: StatusBarColorPickerVm --> on isImmersive change: false,color: #FFFFFFFF--windowSetColor
CST 2026-07-17 19:57:13.583  1522  1522 I A01a00/SYS_UI: StatusBarColorPickerVm --> color enable false
CST 2026-07-17 19:57:13.584  1522  1522 I A01a00/SYS_UI: BatteryComponent-batteryIcon --> onContentColorChange #FFFFFFFF batterySocTextTop 0
CST 2026-07-17 19:57:13.585  1522  1522 I A01a00/SYS_UI: GroupBackgroundEffect --> LightNess: 100 colorStr: #FFFFFFFF
CST 2026-07-17 19:57:13.585  1522  1522 I A01a00/SYS_UI: StatusBarHeightVm: clearShowHeight GroupBackgroundEffect_left_group
CST 2026-07-17 19:57:13.585  1522  1522 I A01a00/SYS_UI: StatusBarHeightVm: checkHeightChange: cacheUseHeight 39 maxHeight 39 maxHotArea: 39
CST 2026-07-17 19:57:13.585  1522  1522 I A01a00/SYS_UI: GroupBackgroundEffect --> LightNess: 100 colorStr: #FFFFFFFF
CST 2026-07-17 19:57:13.585  1522  3337 E C01317/AppKit: [context_impl.cpp1124]Get overlay paths from bms failed.
CST 2026-07-17 19:57:13.585  1522  1522 I A01a00/SYS_UI: StatusBarHeightVm: clearShowHeight GroupBackgroundEffect_right_group
CST 2026-07-17 19:57:13.585  1522  1522 I A01a00/SYS_UI: StatusBarHeightVm: checkHeightChange: cacheUseHeight 39 maxHeight 39 maxHotArea: 39
CST 2026-07-17 19:57:13.586  1522  1522 I A01a00/SYS_UI: LiveCapsuleListVm: shadow capsule color = #4DFFFFFF
CST 2026-07-17 19:57:13.599  1522  2129 I C04214/WMSPipeLine: UpdateVisibilityInner: id: 30, visibility: 1 -> 0
CST 2026-07-17 19:57:13.599  1522  1522 I C0391c/AceFocus: [(100000:100000:scope)] Request focus on focusView: WindowScene/163.
CST 2026-07-17 19:57:13.599  1522  2129 E C0420a/WMSLife: The count of visible windows in same pid:2934 is less than 0.
CST 2026-07-17 19:57:13.599  1522  2129 E C04215/WMSHierarchy: SceneZOrderCheckProcess: ZOrderCheck start
CST 2026-07-17 19:57:13.599   201  2133 I C01d00/accessibility: [(WindowUpdateAll:1027)]WindowUpdateAll start activeWindowId_: 10
CST 2026-07-17 19:57:13.599   201  2133 I C01d00/accessibility: [(SetActiveWindow:398)]windowId is 10, activeWindowId_: -1
CST 2026-07-17 19:57:13.600   201  2133 I C01d00/accessibility: [(WindowUpdateAll:1079)]WindowUpdateAll end activeWindowId_: 10
CST 2026-07-17 19:57:13.600  1522  1522 I C0391c/AceFocus: [(100000:100000:scope)] WindowScene/secure_field RequestFocusImmediately isOnMainTree:1
CST 2026-07-17 19:57:13.600  1522  1522 I C0391c/AceFocus: [(100000:100000:scope)] WinFocusMove end, Stack/secure_field onBlur, Stack/secure_field onFocus, start: 2, end: 1, update: 2
CST 2026-07-17 19:57:13.600  1522  1522 I C03933/AceKeyboard: [(100000:100000:scope)] current focus node: (Stack/191). isDynamic: 0
CST 2026-07-17 19:57:13.600  1522  1522 I C03933/AceKeyboard: [(100000:100000:scope)] SCB Window focus first, ready to hide keyboard.
CST 2026-07-17 19:57:13.600  1522  1522 I C03933/AceKeyboard: [(100000:100000:scope)] FrameNode(Stack/191) notNeedSoftKeyboard, Keep:1, Need:1)
CST 2026-07-17 19:57:13.600  1522  1522 I C03933/AceKeyboard: [(100000:100000:scope)] Get systemWindowScene id:10 successfully.
CST 2026-07-17 19:57:13.600  1522  2132 I C0420c/WMSEvent: LogWinInfo: eid:14,size:8,idList:3|0|1|100|1522|1522|1;4|0|1|101|1522|1522|1;7|0|0|1|1522|1522|1;10|0|0|2|1522|1522|1;17|0|1|3|1522|1522|1;19|0|2048|2200|1522|1522|1;21|0|0|2202|1522|1522|1;25|0|2048|4102|1522|1522|2;10|0,0|1,1|0,0,1320,2856
CST 2026-07-17 19:57:13.600   755   755 I C01c10/ImsaKit: line: 195, function: OnRemoteRequest,IMSA, code = 8, callingPid/Uid/timestamp: 1522/20020011/1784289433600
CST 2026-07-17 19:57:13.600   755   755 I C01c10/ImsaKit: line: 865, function: RequestHideInput,isFocusTriggered/windowId/displayId:1/10/0.
CST 2026-07-17 19:57:13.601  1522  2129 I C04207/WMSFocus: GetAllGroupInfo success
CST 2026-07-17 19:57:13.601   251   516 I C02803/InputWindowsManager: [|8263]newMainDisplayInfo:0, oldMainDisplayInfo:0
CST 2026-07-17 19:57:13.601   251   516 I C02803/InputWindowsManager: [|8263]newMainDisplayInfo:0, oldMainDisplayInfo:0
CST 2026-07-17 19:57:13.601  1522  1522 I C04207/WMSFocus: HandleGetAllGroupInfo: start reply
CST 2026-07-17 19:57:13.601   251   516 I C02803/InputWindowsManager: [|2067]19|0|2758|1320|98|1,0|0|1320|98
CST 2026-07-17 19:57:13.603   755   755 I C01c10/ImsaKit: line: 164, function: NotifyInputStop,enter.
CST 2026-07-17 19:57:13.603   755   755 I C01c10/ImsaKit: line: 61, function: GetListenerInfo,ImeEventListenerManager::GetListenerInfo enter
CST 2026-07-17 19:57:13.603   755   755 I C01c10/ImsaKit: line: 181, function: NotifyInputStop,NotifyInputStopToClients end
CST 2026-07-17 19:57:13.603  1522  1522 I C03933/AceKeyboard: [(100000:100000:scope)] scbSoftKeyboard Closes Successfully.
CST 2026-07-17 19:57:13.603  1522  1522 I C0392a/AceUiExtensionComponent: [(100000:100000:scope)] [@1991][ID: 1] HandleVisibleAreaChange visible: 1, curVisible: 1, ratio: 1.000000, displayArea: RectT (0.00, 0.00) - [1320.00 x 2856.00].
CST 2026-07-17 19:57:13.604  1522  1522 W C02d66/Hiview-PerfMonitor: OnAnimatorStop: Animation has not started, sceneId: APP_TAB_SWITCH
CST 2026-07-17 19:57:13.604  1522  1522 I C02d66/Hiview-PerfMonitor: ProcessJank: JankFrameMonitor::ProcessJank jank >= threshold
CST 2026-07-17 19:57:13.604  1522  1522 I A01b01/HOME: ComponentPosShadowCache: getCache key: 0_0_0
CST 2026-07-17 19:57:13.605  1522  1522 I A01c06/ICON: AppNameLiteModel --> updateShadowColor, E3 VPN Gate color:#00050505
CST 2026-07-17 19:57:13.606  1522  1522 I A01b01/HOME: ComponentPosShadowCache: getCache key: 0_0_2
CST 2026-07-17 19:57:13.606  1522  1522 I A01c06/ICON: AppNameLiteModel --> updateShadowColor, E3 VPN Gate color:#00050505
CST 2026-07-17 19:57:13.608  1522  1522 I A01c03/LM: GridItemPositionUtil: getCenterPosition offsetX: 0,90.22857142857143,180.45714285714286,270.6857142857143 offsetY: 0,100,200,300,400,500 area: 1,1 left:8.114285714285717 top:62.28571428571428
CST 2026-07-17 19:57:13.608  1522  1522 I A01c03/LM: GridItemPositionUtil: getCenterPosition offsetX: 0,90.22857142857143,180.45714285714286,270.6857142857143 offsetY: 0,100,200,300,400,500 area: 1,1 left:8.114285714285717 top:62.28571428571428
CST 2026-07-17 19:57:13.608  1522  1522 I A01c03/LM: GridItemPositionUtil: getCenterPosition offsetX: 0,90.22857142857143,180.45714285714286,270.6857142857143 offsetY: 0,100,200,300,400,500 area: 1,1 left:8.114285714285717 top:62.28571428571428
CST 2026-07-17 19:57:13.608  1522  1522 I A01c03/LM: GridItemPositionUtil: getCenterPosition offsetX: 0,90.22857142857143,180.45714285714286,270.6857142857143 offsetY: 0,100,200,300,400,500 area: 1,1 left:8.114285714285717 top:62.28571428571428
CST 2026-07-17 19:57:13.608  1522  1522 I A01c03/LM: GridItemPositionUtil: getCenterPosition offsetX: 0,90.22857142857143,180.45714285714286,270.6857142857143 offsetY: 0,100,200,300,400,500 area: 1,1 left:8.114285714285717 top:62.28571428571428
CST 2026-07-17 19:57:13.608  1522  1522 I A01c03/LM: GridItemPositionUtil: getCenterPosition offsetX: 0,90.22857142857143,180.45714285714286,270.6857142857143 offsetY: 0,100,200,300,400,500 area: 1,1 left:8.114285714285717 top:62.28571428571428
CST 2026-07-17 19:57:13.609  1522  1522 I A01c03/LM: GridItemPositionUtil: getCenterPosition offsetX: 0,90.22857142857143,180.45714285714286,270.6857142857143 offsetY: 0,100,200,300,400,500 area: 1,1 left:8.114285714285717 top:62.28571428571428
CST 2026-07-17 19:57:13.609  1522  1522 I A01c03/LM: GridItemPositionUtil: getCenterPosition offsetX: 0,90.22857142857143,180.45714285714286,270.6857142857143 offsetY: 0,100,200,300,400,500 area: 1,1 left:8.114285714285717 top:62.28571428571428
CST 2026-07-17 19:57:13.609  1522  1522 I A01c03/LM: GridItemPositionUtil: getCenterPosition offsetX: 0,90.22857142857143,180.45714285714286,270.6857142857143 offsetY: 0,100,200,300,400,500 area: 1,1 left:8.114285714285717 top:62.28571428571428
CST 2026-07-17 19:57:13.609  1522  1522 I A01c03/LM: GridItemPositionUtil: getCenterPosition offsetX: 0,90.22857142857143,180.45714285714286,270.6857142857143 offsetY: 0,100,200,300,400,500 area: 1,1 left:8.114285714285717 top:62.28571428571428
CST 2026-07-17 19:57:13.609  1522  1522 I A01c03/LM: GridItemPositionUtil: getCenterPosition offsetX: 0,90.22857142857143,180.45714285714286,270.6857142857143 offsetY: 0,100,200,300,400,500 area: 1,1 left:8.114285714285717 top:62.28571428571428
CST 2026-07-17 19:57:13.610  1522  1522 W A01b01/HOME: PhoneLayoutRulesControllers --> calculateDock DockHeight: 82, mSysUIBottomHeight: 0
CST 2026-07-17 19:57:13.610  1522  1522 I A01b01/HOME: PhoneLayoutRulesControllers --> phone dock layout: {"mDockGap":18,"mIconSize":58,"mBackgroundColor":"#85FAFAFA","mBackdropBlur":0,"mBackSaturation":1.4,"mListItemWidth":58,"mListItemHeight":58,"mListItemGap":32.228571428571435,"mDockPadding":12,"mMaxNum":5,"mMaxRecentNum":0,"mMaxDockNum":5,"mMinResidentNum":0,"mDockHeight":82,"mMarginBottom":28,"mRecentArrowWidth":0,"mRecentArrowHeight":0,"mRecentArrowPadding":0,"mRecentArrowGap":0} this.mBaseConfig.getDockHeight() 108
CST 2026-07-17 19:57:13.610  1522  1522 I A01c03/LM: SmartDockStyleConfig: updateDockStyle, isInPreviewMode:false, iconSizeScale:, mIconSize:58, mIconRadius:15.037037037037038, mDockRadius:27.037037037037038
CST 2026-07-17 19:57:13.610  1522  1522 I A01c03/LM: SmartDockStyleConfig: dock init config mIconSize:58, mDockHeight:82, mMarginBottom:28
CST 2026-07-17 19:57:13.610  1522  1522 W A01b01/HOME: PhoneLayoutRulesControllers --> calculateDock DockHeight: 82, mSysUIBottomHeight: 0
CST 2026-07-17 19:57:13.611  1522  1522 I A01b01/HOME: PhoneLayoutRulesControllers --> phone dock layout: {"mDockGap":18,"mIconSize":58,"mBackgroundColor":"#85FAFAFA","mBackdropBlur":0,"mBackSaturation":1.4,"mListItemWidth":58,"mListItemHeight":58,"mListItemGap":32.228571428571435,"mDockPadding":12,"mMaxNum":5,"mMaxRecentNum":0,"mMaxDockNum":5,"mMinResidentNum":0,"mDockHeight":82,"mMarginBottom":28,"mRecentArrowWidth":0,"mRecentArrowHeight":0,"mRecentArrowPadding":0,"mRecentArrowGap":0} this.mBaseConfig.getDockHeight() 108
CST 2026-07-17 19:57:13.611  1522  1522 I A01c03/LM: SmartDockStyleConfig: updateDockStyle, isInPreviewMode:false, iconSizeScale:, mIconSize:58, mIconRadius:15.037037037037038, mDockRadius:27.037037037037038
CST 2026-07-17 19:57:13.611  1522  1522 I A01c03/LM: SmartDockStyleConfig: dock init config mIconSize:58, mDockHeight:82, mMarginBottom:28
CST 2026-07-17 19:57:13.611  1522  1522 W A01b01/HOME: GridLayout2ThemeManager --> SWIPER_ON_CHANGE sendLayoutChange reason pageIndex change 0->1 1_updatePageIndexShow_1
CST 2026-07-17 19:57:13.611  1522  1522 I A01b01/HOME: ThemeWallpaperAnimationManager: ThemeWallpaperAnimationManager
CST 2026-07-17 19:57:13.611  1522  1522 I A04200/WINDOW: MultiWindowEventManager --> publish event success, eventId:event.id.notify_linkage_dialog
CST 2026-07-17 19:57:13.611  1522  1522 I A0001b/AA: [a92ab218733ae15] SubscriberController --> subscribe, success: DESKTOP
CST 2026-07-17 19:57:13.612  1522  1522 I A0001b/AA: [a92ab218733ae15] SubscriberController --> onDeskTopEvent event: SCENE_PANEL_EVENT
CST 2026-07-17 19:57:13.612  1522  1522 I A0001b/AA: [a92ab218733ae15] SubscriberController --> onDeskTopEvent CUSTOM_SCENE_PANEL_EVENT: true
CST 2026-07-17 19:57:13.612  1522  1522 I A04200/WINDOW: SCBMultiWindowManager: receive custom scenePanel event to: 0
CST 2026-07-17 19:57:13.612  1522  1522 I A04200/WINDOW: SCBSceneWindowAiSplitSwitchUtils --> [getIntent] get delete intent: undefined
CST 2026-07-17 19:57:13.612  1522  1522 I A04200/WINDOW: SCBSceneSessionManagerSubscriber --> subscribe, success: SCBSceneSessionManager
CST 2026-07-17 19:57:13.612  1522  1522 I A04200/WINDOW: SCBSSM: handleScenePanelStateChange state: 0
CST 2026-07-17 19:57:13.613  1522  1522 I C04202/WMSMain: NotifySCBRecentStateChange: isRecent update 0
CST 2026-07-17 19:57:13.617  3345  3345 W C02c02/PARAM: Selinux check name persist.init.debug.loglevel in u:object_r:startup_init_param:s0 [3345 2000 2000] failed
CST 2026-07-17 19:57:13.617  3345  3345 W C02c02/PARAM: Selinux check name persist.init.debug.loglevel in u:object_r:startup_init_param:s0 [3345 2000 2000] failed
CST 2026-07-17 19:57:13.617  3345  3345 W C02c02/PARAM: SystemReadParam failed!name is:persist.init.debug.loglevel,err:1002
CST 2026-07-17 19:57:13.624   769   902 E C01406/skia: RSUniRenderThread::ResetClearMemoryTask happen interrupt
CST 2026-07-17 19:57:13.625   605   611 W C02515/DISP: [SetLayerMaskInfo:495] <private> is not supported
CST 2026-07-17 19:57:13.625   605   611 I C02515/DISP: [CommitComposeLayer:67] CommitComposeLayer! 10
CST 2026-07-17 19:57:13.627  3347  3347 W C02c02/PARAM: Selinux check name persist.init.debug.loglevel in u:object_r:startup_init_param:s0 [3347 2000 2000] failed
CST 2026-07-17 19:57:13.627  3347  3347 W C02c02/PARAM: Selinux check name persist.init.debug.loglevel in u:object_r:startup_init_param:s0 [3347 2000 2000] failed
CST 2026-07-17 19:57:13.627  3347  3347 W C02c02/PARAM: SystemReadParam failed!name is:persist.init.debug.loglevel,err:1002
CST 2026-07-17 19:57:13.631   769   769 E C01406/RSScreenManager: IsAllScreensPowerOff: screenPowerStatus_ is empty.
CST 2026-07-17 19:57:13.635  3348  3348 W C02c02/PARAM: Selinux check name persist.init.debug.loglevel in u:object_r:startup_init_param:s0 [3348 2000 2000] failed
CST 2026-07-17 19:57:13.635  3348  3348 W C02c02/PARAM: Selinux check name persist.init.debug.loglevel in u:object_r:startup_init_param:s0 [3348 2000 2000] failed
CST 2026-07-17 19:57:13.635  3348  3348 W C02c02/PARAM: SystemReadParam failed!name is:persist.init.debug.loglevel,err:1002
CST 2026-07-17 19:57:13.643  3350  3350 W C02c02/PARAM: Selinux check name persist.init.debug.loglevel in u:object_r:startup_init_param:s0 [3350 2000 2000] failed
CST 2026-07-17 19:57:13.643  3350  3350 W C02c02/PARAM: Selinux check name persist.init.debug.loglevel in u:object_r:startup_init_param:s0 [3350 2000 2000] failed
CST 2026-07-17 19:57:13.643  3350  3350 W C02c02/PARAM: SystemReadParam failed!name is:persist.init.debug.loglevel,err:1002
CST 2026-07-17 19:57:13.662  1522  1522 I A01b01/HOME: ComponentPosShadowCache: getCache key: 0_0_0
CST 2026-07-17 19:57:13.662  1522  1522 I A01c06/ICON: AppNameLiteModel --> updateShadowColor, E3 VPN Gate color:#00050505
CST 2026-07-17 19:57:13.662  1522  1522 I A01b01/HOME: ComponentPosShadowCache: getCache key: 0_0_2
CST 2026-07-17 19:57:13.662  1522  1522 I A01c06/ICON: AppNameLiteModel --> updateShadowColor, E3 VPN Gate color:#00050505
CST 2026-07-17 19:57:13.697  1522  1536 I C02d06/XCollie: Detect sample stack task complete.
CST 2026-07-17 19:57:13.746  3350  3352 W C057c1/IPCWorkThread: ThreadHandler: proto:0 policy:1 name:OS_IPC_0_3352 invoker:13980832
CST 2026-07-17 19:57:13.746  3350  3353 I C02d06/XCollie: init default task finished.
CST 2026-07-17 19:57:13.746  3350  3350 I C01303/AATool: [ability_command.cpp249]argv_[0]: aa
CST 2026-07-17 19:57:13.746  3350  3350 I C01303/AATool: [ability_command.cpp249]argv_[1]: start
CST 2026-07-17 19:57:13.746  3350  3350 I C01303/AATool: [ability_command.cpp246]argc greater than 2, ignoring the rest
CST 2026-07-17 19:57:13.746  3350  3354 W C057c1/IPCWorkThread: ThreadHandler: proto:0 policy:0 name:OS_IPC_1_3354 invoker:13981408
CST 2026-07-17 19:57:13.747  3350  3350 I C01303/AATool: [ability_command.cpp1657]option: 97, optopt: 0, optind: 3
CST 2026-07-17 19:57:13.747  3350  3350 I C01303/AATool: [ability_command.cpp1657]option: 98, optopt: 0, optind: 5
CST 2026-07-17 19:57:13.747  3350  3350 I C01303/AATool: [ability_command.cpp1657]option: 109, optopt: 0, optind: 7
CST 2026-07-17 19:57:13.747  3350  3350 I C01303/AATool: [ability_command.cpp1657]option: -1, optopt: 0, optind: 7
CST 2026-07-17 19:57:13.747  3350  3350 I C01336/AMS: [AMC153]StartAbility cn.alfadb.netbird.e3vpna/EntryAbility, userId:-1, appCloneIndex:-1, requestCode:-1, specifiedFullTokenId:0
CST 2026-07-17 19:57:13.747   770   800 I C01c30/SclockKit: [a92ab11899b6705, 2cdae4, 0] [screenlock_system_ability.cpp(GetSecure:695)]ScreenLockSystemAbility GetSecure started.
CST 2026-07-17 19:57:13.747   770   800 I C02401/USER_IDM_SDK: [a92ab11899b6705, 2cdae4, 0] [GetCredentialInfoSync@user_idm_client_impl.cpp:392] start, userId:100 authType:1
CST 2026-07-17 19:57:13.748   618   621 I C02401/USER_AUTH_SA: [a92ab11899b6705, 3d728a6, 2cdae4] [CallbackEnter@user_idm_service.cpp:924] start, code:14
CST 2026-07-17 19:57:13.748   618   621 I C02401/USER_AUTH_SA: [a92ab11899b6705, 3d728a6, 2cdae4] [GetCredentialInfoSync@user_idm_service.cpp:826] start
CST 2026-07-17 19:57:13.749   472   479 I C02411/USER_AUTH_HDI: [a92ab11899b6705, 1ce7f6a, 3d728a6] [GetCredential@user_auth_interface_service.cpp:1287] start
CST 2026-07-17 19:57:13.749   472   479 I C02411/USER_AUTH_HDI: [a92ab11899b6705, 1ce7f6a, 3d728a6] QueryCredentialFunc() query credential success
CST 2026-07-17 19:57:13.749   618   621 I C02401/USER_AUTH_SA: [a92ab11899b6705, 3d728a6, 2cdae4] [GetCredentialInfoInner@user_idm_service.cpp:157] no cred enrolled
CST 2026-07-17 19:57:13.749   618   621 I C02401/USER_AUTH_SA: [a92ab11899b6705, 3d728a6, 2cdae4] [GetCredentialInfoSync@user_idm_service.cpp:854] GetCredentialInfoSync success, credential num:0
CST 2026-07-17 19:57:13.749   618   621 I C02401/USER_AUTH_SA: [a92ab11899b6705, 3d728a6, 2cdae4] [CallbackExit@user_idm_service.cpp:930] leave, code:14, result:0
CST 2026-07-17 19:57:13.749   770   800 I C02401/USER_IDM_SDK: [a92ab11899b6705, 2cdae4, 0] [GetCredentialInfoSync@user_idm_client_impl.cpp:417] GetCredentialInfoSync success, credential num:0
CST 2026-07-17 19:57:13.749   770   800 I C01c30/SclockKit: [a92ab11899b6705, 2cdae4, 0] [screenlock_system_ability.cpp(GetSecure:711)]GetCredentialInfo AuthType::PIN result = 0
CST 2026-07-17 19:57:13.749   770   800 I C01336/AMS: [a92ab11899b6705, 2cdae4, 0] [unlock_screen_manager.cpp74]UnlockScreen begin
CST 2026-07-17 19:57:13.750   770   800 I C02901/PowerFwk: [a92ab11899b6705, 2cdae4, 0] IsScreenOn=1, caller pid=770
CST 2026-07-17 19:57:13.750   770   800 I C01336/AMS: [a92ab11899b6705, 2cdae4, 0] [unlock_screen_manager.cpp101]UnlockScreen end
CST 2026-07-17 19:57:13.750   770   800 I C01313/Dialog: [a92ab11899b6705, 2cdae4, 0] [dialog_session_manager.cpp139]not find
CST 2026-07-17 19:57:13.750   770   800 E C01336/AMS: [a92ab11899b6705, 2cdae4, 0] [start_ability_utils.cpp419]nullptr
CST 2026-07-17 19:57:13.750   770   800 I C01336/AMS: [a92ab11899b6705, 2cdae4, 0] [start_ability_utils.cpp54]appIndex:-1
CST 2026-07-17 19:57:13.750   770   800 I C01336/AMS: [a92ab11899b6705, 2cdae4, 0] [collaborator_util.h70]collaborator is nullptr
CST 2026-07-17 19:57:13.750   770   800 W C01123/BMSCommon: [a92ab11899b6705, 2cdae4, 0] uid(2000) invalid
CST 2026-07-17 19:57:13.751   770   800 W C01123/BMSCommon: [a92ab11899b6705, 2cdae4, 0] uid(2000) invalid
CST 2026-07-17 19:57:13.757   770   800 W C01337/EcologicalRule: [a92ab11899b6705, 2cdae4, 0] [ERI235]failed,uid: 2000
CST 2026-07-17 19:57:13.757   770   800 I C01337/EcologicalRule: [a92ab11899b6705, 2cdae4, 0] [ERI286]ERMS's caller{_2000_3350}
CST 2026-07-17 19:57:13.758   770   800 I C01336/AMS: [a92ab11899b6705, 2cdae4, 0] [dialog_session_manager.cpp565]not create clone index
CST 2026-07-17 19:57:13.758   770   800 W C01336/AMS: [a92ab11899b6705, 2cdae4, 0] [ABMS9465]not allow, remove
CST 2026-07-17 19:57:13.758   770   800 E C01300/AAFwk: [a92ab11899b6705, 2cdae4, 0] [permission_verification.cpp120]verify fail
CST 2026-07-17 19:57:13.758   770   800 W C01336/AMS: [a92ab11899b6705, 2cdae4, 0] [ABMS1733]startAbilityInner, remove continueSessionId and persistentId
CST 2026-07-17 19:57:13.758   770   800 I C01336/AMS: [a92ab11899b6705, 2cdae4, 0] [collaborator_util.h44]collaborator is nullptr
CST 2026-07-17 19:57:13.758   770   800 I C01336/AMS: [a92ab11899b6705, 2cdae4, 0] [UALM733]Reused sessionId: 0, userId: 100, requestId: 2
CST 2026-07-17 19:57:13.758   770   800 I C01336/AMS: [a92ab11899b6705, 2cdae4, 0] [UALM1736]appCloneIndex:0, instanceKey:, hasStartWindow:0, backgroundColor:, hideStartWindow: 0
CST 2026-07-17 19:57:13.758   770   800 E C01336/AMS: [a92ab11899b6705, 2cdae4, 0] [UALM1141]null
CST 2026-07-17 19:57:13.758   770   800 I C01336/AMS: [a92ab11899b6705, 2cdae4, 0] [UALM1783]scb call, NotifySCBPendingActivation for rootSceneSession, target: EntryAbility
CST 2026-07-17 19:57:13.758   770  1072 W C01123/BMSCommon: [a92ab11899b6705, 341e091, 2cdae4] uid(5523) invalid
CST 2026-07-17 19:57:13.759  3350  3350 I C01303/AATool: [ability_command.cpp465]start ability successfully.
CST 2026-07-17 19:57:13.759  1522  2129 I C0420a/WMSLife: [a92ab11899b6705, 3276ee7, 98562f] DisallowActivationFromPendingBackground: session state:0, isFoundationCall:1, canStartAbilityFromBackground:1, foregroundInteractiveStatus:1, isPendingToBackgroundState:0, isFromAncoAndToAnco:0
CST 2026-07-17 19:57:13.759  1522  2129 I C0420a/WMSLife: [a92ab11899b6705, 3276ee7, 98562f] PendingSessionActivation set reuseDelegatorWindow 0
CST 2026-07-17 19:57:13.759  1522  2129 I C0420a/WMSLife: [a92ab11899b6705, 3276ee7, 98562f] MakeSessionInfoDuringPendingActivation: want: screenId 18446744073709551615
CST 2026-07-17 19:57:13.759  1522  2129 I C0420a/WMSLife: [a92ab11899b6705, 3276ee7, 98562f] CalculateStartWindowType: only same app in pc or pcMode.
CST 2026-07-17 19:57:13.759  1522  2129 I C0420a/WMSLife: [a92ab11899b6705, 3276ee7, 98562f] MakeSessionInfoDuringPendingActivation: bundleName:cn.alfadb.netbird.e3vpna, moduleName:entry, abilityName:EntryAbility,appIndex:0, affinity:. callState:0, want persistentId:0,uiAbilityId:0, windowMode:0, callerId:2,needClearInNotShowRecent:0, appInstanceKey: ,supportedWindowModes.size:0, requestId:2,maxWindowWidth:0, minWindowWidth:0, maxWindowHeight:0, minWindowHeight:0, startWindowType:0, isPrelaunch:0, frameNum:0,isTargetPlugin:0, hostBundleName:
CST 2026-07-17 19:57:13.759  1522  2129 E C04201/DMS: [a92ab11899b6705, 3276ee7, 98562f] GetVirtualScreenFlag: screenId invalid
CST 2026-07-17 19:57:13.759  1522  2129 I C0420a/WMSLife: [a92ab11899b6705, 3276ee7, 98562f] PendingSessionActivation: id:0,bundleName:cn.alfadb.netbird.e3vpna,moduleName:entry,abilityName:EntryAbility,appIndex:0,reuse:1,requestId:2,specifiedFlag:,prelaunch:0,frameNum:0
CST 2026-07-17 19:57:13.760  1522  2129 W C04200/WMS: [a92ab11899b6705, 3276ee7, 98562f] CheckIfReuseSession: checked not collaborator!
CST 2026-07-17 19:57:13.760  1522  2129 I C0420a/WMSLife: [a92ab11899b6705, 3276ee7, 98562f] PendingSessionActivation: session: 30 isNeedBackToOther: 0
CST 2026-07-17 19:57:13.760  1522  2129 I C0420a/WMSLife: [a92ab11899b6705, 3276ee7, 98562f] AddRequestTaskInfo: persistentId:30, requestId:2, infoMap size:1, wantMap size:1
CST 2026-07-17 19:57:13.760  1522  2129 I C0420a/WMSLife: [a92ab11899b6705, 3276ee7, 98562f] PostLifeCycleTask: Add task PendingSessionActivation to life cycle queue, PersistentId=30
CST 2026-07-17 19:57:13.760  1522  2129 I C0420a/WMSLife: [a92ab11899b6705, 3276ee7, 98562f] SetLifeCycleTaskRunning: Execute LifeCycleTask PendingSessionActivation. PersistentId: 30
CST 2026-07-17 19:57:13.761  1522  1522 I C0420a/WMSLife: [a92ab11899b6705, 24af07c, 3276ee7] operator(): pend active success, id:30
CST 2026-07-17 19:57:13.761  1522  1522 I A04200/WINDOW: [a92ab11899b6705, 24af07c, 3276ee7] SCBRootSceneSession: SCBRootSceneSession pendingSceneSessionActivation begin
CST 2026-07-17 19:57:13.761  1522  1522 I A04200/WINDOW: [a92ab11899b6705, 24af07c, 3276ee7] SCBRootSceneSession: onPendingSceneSessionActivation sceneInfo.persistentId:30 callState: 0 callerPersistentId: 0 windowMode: 0 appIndex: 0 needClearInNotShowRecent: falsedeviceTypes:  resizable: 0 supportWindowMode:  isPreloadStart: undefined
CST 2026-07-17 19:57:13.762  1522  1522 I A04200/WINDOW: [a92ab11899b6705, 24af07c, 3276ee7] SCBRootSceneSession: onPendingSceneSessionActivation sceneInfo.screenName:UNKNOWN
CST 2026-07-17 19:57:13.763  1522  1522 I A04200/WINDOW: [a92ab11899b6705, 24af07c, 3276ee7] SCBRootSceneSession: fileManagerMode: , extraFormIdentity: 
CST 2026-07-17 19:57:13.764  1522  1522 W A04223/SCBMain: [a92ab11899b6705, 24af07c, 3276ee7] startSceneFromOther:{persistentId:30, screenId: 0, bundleInfo:EntryAbility/cn.alfadb.netbird.e3vpna/entry/0, unclearableSession:undefined, callerPersistentId:0, callerAbilityName: , toPersistentId:0, launchType:0, isNewInstance:false, fullScreenStart:false, _windowMode:1, isAppUseControl:undefined, isUnclearableInRecent:undefined, focusedOnShow:true, isAtomicService:falseisStartupInstallFree:false, isNewAppInstance:false, appInstanceKey:}, startMode:1, forceStart:null, forceNewWant:null
CST 2026-07-17 19:57:13.764  1522  1522 W A04200/WINDOW: [a92ab11899b6705, 24af07c, 3276ee7] SCBSSM: isExclusion, app startup detect
CST 2026-07-17 19:57:13.764  1522  1522 I A01b01/HOME: [a92ab11899b6705, 24af07c, 3276ee7] SampleManager: isSampleMg: false
CST 2026-07-17 19:57:13.764  1522  1522 I A04200/WINDOW: [a92ab11899b6705, 24af07c, 3276ee7] SCBSSM: SCBSSM
CST 2026-07-17 19:57:13.764  1522  1522 I A04200/WINDOW: [a92ab11899b6705, 24af07c, 3276ee7] SCBSSM: SCBSSM
CST 2026-07-17 19:57:13.764  1522  1522 I A04200/WINDOW: [a92ab11899b6705, 24af07c, 3276ee7] SCBSSM: Start scene on screen with screenId: 0!
CST 2026-07-17 19:57:13.764  1522  1522 W A01b01/HOME: [a92ab11899b6705, 24af07c, 3276ee7] SCBSPVM: [SCBMain][id:30][sceneInfo:cn.alfadb.netbird.e3vpna/entry/EntryAbility/0][screenId:0]onStartSceneFromOther.
CST 2026-07-17 19:57:13.764  1522  1522 I A04200/WINDOW: [a92ab11899b6705, 24af07c, 3276ee7] SCBMultiWindowUtils: interceptStartSceneFromDockForCompatibleMultiWindow skip, not start from dock to float
CST 2026-07-17 19:57:13.765  1522  1522 I A04200/WINDOW: [a92ab11899b6705, 24af07c, 3276ee7] [SCBMission]SCBTvCastMissionHandler: session will go destroy, ignore intercept
CST 2026-07-17 19:57:13.765  1522  1522 I A04222/WMSMission: [a92ab11899b6705, 24af07c, 3276ee7] [Screen:0][Panel:1] get existing session from usage-total list.
CST 2026-07-17 19:57:13.765  1522  1522 E A04222/WMSMission: [a92ab11899b6705, 24af07c, 3276ee7] [Screen:0][Panel:1] invalid persistentId
CST 2026-07-17 19:57:13.765  1522  1522 E A0420a/WMSLife: [a92ab11899b6705, 24af07c, 3276ee7] error items in container session.
CST 2026-07-17 19:57:13.765  1522  1522 E A0420a/WMSLife: [a92ab11899b6705, 24af07c, 3276ee7] error items in container session.
CST 2026-07-17 19:57:13.765  1522  1522 I A04222/WMSMission: [a92ab11899b6705, 24af07c, 3276ee7] [Screen:0][Panel:1] get none existing session.
CST 2026-07-17 19:57:13.766  1522  1522 E A04222/WMSMission: [a92ab11899b6705, 24af07c, 3276ee7] [Screen:0][Panel:2] invalid persistentId
CST 2026-07-17 19:57:13.766  1522  1522 I A04222/WMSMission: [a92ab11899b6705, 24af07c, 3276ee7] [Screen:0][Panel:2] get none existing session.
CST 2026-07-17 19:57:13.766  1522  1522 I A04223/SCBMain: [a92ab11899b6705, 24af07c, 3276ee7] no exist container session match the info to be found.
CST 2026-07-17 19:57:13.766  1522  1522 W A01b01/HOME: [a92ab11899b6705, 24af07c, 3276ee7] SCBSPVM: onStartSceneFromOther cardId empty isStartCard=false
CST 2026-07-17 19:57:13.766  1522  1522 I A04223/SCBMain: [a92ab11899b6705, 24af07c, 3276ee7] [id:30][screenId:0]requestSceneSession, callerPersistentId:0, needLinkCaller:true
CST 2026-07-17 19:57:13.766  1522  1522 I A04223/SCBMain: [a92ab11899b6705, 24af07c, 3276ee7] find sceneSession from other screen
CST 2026-07-17 19:57:13.766  1522  1522 I A04222/WMSMission: [a92ab11899b6705, 24af07c, 3276ee7] [Screen:0][Panel:1] get existing session from usage-total list.
CST 2026-07-17 19:57:13.767  1522  1522 I A04200/WINDOW: [a92ab11899b6705, 24af07c, 3276ee7] SCBSSM: popSceneFromOtherScreen toScreen: 0, needBackground: trueneedRefreshFocus: true, needUpdateScreenId: true,persistentId:30
CST 2026-07-17 19:57:13.767  1522  1522 I A04200/WINDOW: [a92ab11899b6705, 24af07c, 3276ee7] [SCBMission]SCBSceneMissionManager: popSceneFromOtherScreenByPersistentId sceneSession on targetScreen, ignored
CST 2026-07-17 19:57:13.767  1522  1522 I A04200/WINDOW: [a92ab11899b6705, 24af07c, 3276ee7] SCBSSM: isProjectionBundleName bundleName = cn.alfadb.netbird.e3vpna, screenId = 0
CST 2026-07-17 19:57:13.767  1522  1522 I A04223/SCBMain: [a92ab11899b6705, 24af07c, 3276ee7] requestSceneSession using exist persistentId: 30
CST 2026-07-17 19:57:13.767  1522  1522 I A04223/SCBMain: [a92ab11899b6705, 24af07c, 3276ee7] getSceneSessionByPersistentId from containerSessionList id: 30
CST 2026-07-17 19:57:13.767  1522  2917 I C04216/WMSPattern: [a92ab11899b6705, 1427bd, 24af07c] GetCallerSessionColorMode: bundle cn.alfadb.netbird.e3vpna, caller 
CST 2026-07-17 19:57:13.767  1522  2917 I C04216/WMSPattern: [a92ab11899b6705, 1427bd, 24af07c] GetIsDarkFromConfiguration: colorMode: light
CST 2026-07-17 19:57:13.767  1522  2917 I C04216/WMSPattern: [a92ab11899b6705, 1427bd, 24af07c] GetIsDarkFromConfiguration: colorMode: light
CST 2026-07-17 19:57:13.767  1522  2917 I C04216/WMSPattern: [a92ab11899b6705, 1427bd, 24af07c] GetStartWindowColorFollowApp: follow sys: cn.alfadb.netbird.e3vpna
CST 2026-07-17 19:57:13.767  1522  2917 W C04216/WMSPattern: [a92ab11899b6705, 1427bd, 24af07c] GetStartingWindowInfoFromCache: fff2f6f8, resource:///16777217.svg, 0, , 0
CST 2026-07-17 19:57:13.768  1522  2917 I C04216/WMSPattern: [a92ab11899b6705, 1427bd, 24af07c] SetPreloadStartingWindow: svgBufferInfo 30
CST 2026-07-17 19:57:13.768  1522  2917 I C04216/WMSPattern: [a92ab11899b6705, 1427bd, 24af07c] PreLoadStartingWindow session 30, isSvg 1
CST 2026-07-17 19:57:13.769  1522  1522 I A04200/WINDOW: [a92ab11899b6705, 24af07c, 3276ee7] SCBSPVM: getSceneContainerSessionWithPersistentId from containerSessionList id: 30
CST 2026-07-17 19:57:13.769  1522  1522 I A04200/WINDOW: [a92ab11899b6705, 24af07c, 3276ee7] SCBPiPManager: resetContainerWithStartSceneIfNeed containerId: 2oneShotContainerId: -1 startingContainerId: -1
CST 2026-07-17 19:57:13.769  1522  1522 I A01b01/HOME: [a92ab11899b6705, 24af07c, 3276ee7] SCBSPVM: postStartSceneFromOtherEvent: cn.alfadb.netbird.e3vpna + EntryAbility
CST 2026-07-17 19:57:13.769  1522  1522 I A01a01/NC: [a92ab11899b6705, 24af07c, 3276ee7] DropdownPanelView: OnStartSceneFromOtherEvent. for cn.alfadb.netbird.e3vpna isStartingByNtfItemClick
CST 2026-07-17 19:57:13.769  1522  1522 I A01a00/SYS_UI: [a92ab11899b6705, 24af07c, 3276ee7] ViewManagerAdapter: isViewShowing viewType 20
CST 2026-07-17 19:57:13.769  1522  1522 W A04200/WINDOW: [a92ab11899b6705, 24af07c, 3276ee7] SCBSplitViewAnimationManager: BackAndOneSplitAnimationBreak containerSession is not availiable
CST 2026-07-17 19:57:13.769  1522  1522 I A04200/WINDOW: [a92ab11899b6705, 24af07c, 3276ee7] SCBSPVM: GuidanceLog set unNeedKnowMore
CST 2026-07-17 19:57:13.770  1522  1522 I A04200/WINDOW: [a92ab11899b6705, 24af07c, 3276ee7] SCBMultiWindowUtils: CUBE GuidanceLog isNeedKnowMore false
CST 2026-07-17 19:57:13.770  1522  1522 I A04200/WINDOW: [a92ab11899b6705, 24af07c, 3276ee7] SCBSplitManager: interruptStartSceneForSplit scenePanelState is 0 not SPLIT
CST 2026-07-17 19:57:13.770  1522  1522 I A04200/WINDOW: [a92ab11899b6705, 24af07c, 3276ee7] SCBSPVM: getSceneContainerSessionWithPersistentId from containerSessionList id: 30
CST 2026-07-17 19:57:13.770  1522  1522 I A01b01/HOME: [a92ab11899b6705, 24af07c, 3276ee7] SCBTM: findTransitionController. bundleName: cn.alfadb.netbird.e3vpna, overlayBundleName: undefined
CST 2026-07-17 19:57:13.770  1522  1522 W A01b01/HOME: [a92ab11899b6705, 24af07c, 3276ee7] PageDesktopModel: findTransitionController shortcutId empty bundleName:cn.alfadb.netbird.e3vpna
CST 2026-07-17 19:57:13.770  1522  1522 W A01b01/HOME: [a92ab11899b6705, 24af07c, 3276ee7] PageDesktopModel: findTransitionController bundleName: cn.alfadb.netbird.e3vpna, abilityName: EntryAbility, startType: 0, formCardId: undefined, cardId: undefined, extraId: undefined, appIndex: 0, shortcutId: undefined, appInstanceKey: %{public}s
CST 2026-07-17 19:57:13.770  1522  1522 W A01b01/HOME: [a92ab11899b6705, 24af07c, 3276ee7] SCBTM: Find controller success ? true, findData: {"bundleName":"cn.alfadb.netbird.e3vpna","abilityName":"EntryAbility","appIndex":0,"appIconId":"","iconRadius":0,"appIconNumber":0,"startAppType":0,"isOpenFolder":false}
CST 2026-07-17 19:57:13.771  1522  1522 I A04200/WINDOW: [a92ab11899b6705, 24af07c, 3276ee7] SCBFloatManager: isAtomicServiceFloatScene: notSupportAtomicServiceFloatScene
CST 2026-07-17 19:57:13.771  1522  1522 I A01b00/SCB: [a92ab11899b6705, 24af07c, 3276ee7] LuoShuStateManager --> getLuoShuStateInfo: report {"luoShuState":0,"scenePanelState":0,"eventType":-1,"screenInfo":{"isLandscape":false,"foldState":1},"screenId":0,"holdingHandStatus":1}
CST 2026-07-17 19:57:13.771  1522  1522 E C03f05/NAPI: [a92ab11899b6705, 24af07c, 3276ee7] DfxCollectStackWithDepth is not loaded in taskpool/worker.
CST 2026-07-17 19:57:13.772  1522  1522 I C03f05/NAPI: [a92ab11899b6705, 24af07c, 3276ee7] taskpool:: taskId 1155070409 in seqRunner 139811265900800 immediately.
CST 2026-07-17 19:57:13.772  1522  1730 I C03f05/NAPI: taskpool:: Task Perform: j71, 1155070409, runningLoop: 139810980844224
CST 2026-07-17 19:57:13.772  1522  1522 W A01b01/HOME: [a92ab11899b6705, 24af07c, 3276ee7] SCBSPVM: [SCBMain]onStartSceneFromOther isNewWant false. StartApp:cn.alfadb.netbird.e3vpna
CST 2026-07-17 19:57:13.772  1522  1522 I A01b00/SCB: [a92ab11899b6705, 24af07c, 3276ee7] LuoShuStateManager --> getLuoShuStateInfo: SCBSPVM {"luoShuState":0,"scenePanelState":0,"eventType":-1,"screenInfo":{"isLandscape":false,"foldState":1},"screenId":0,"holdingHandStatus":1}
CST 2026-07-17 19:57:13.773  1522  1522 I A04223/SCBMain: [a92ab11899b6705, 24af07c, 3276ee7] [id:30][screenId:0]requestSceneSession, callerPersistentId:0, needLinkCaller:true
CST 2026-07-17 19:57:13.773  1522  1522 I A04223/SCBMain: [a92ab11899b6705, 24af07c, 3276ee7] find sceneSession from other screen
CST 2026-07-17 19:57:13.773  1522  1522 I A04222/WMSMission: [a92ab11899b6705, 24af07c, 3276ee7] [Screen:0][Panel:1] get existing session from usage-total list.
CST 2026-07-17 19:57:13.773  1522  1522 I A04200/WINDOW: [a92ab11899b6705, 24af07c, 3276ee7] SCBSSM: popSceneFromOtherScreen toScreen: 0, needBackground: trueneedRefreshFocus: true, needUpdateScreenId: true,persistentId:30
CST 2026-07-17 19:57:13.773  1522  1522 I A04200/WINDOW: [a92ab11899b6705, 24af07c, 3276ee7] [SCBMission]SCBSceneMissionManager: popSceneFromOtherScreenByPersistentId sceneSession on targetScreen, ignored
CST 2026-07-17 19:57:13.773  1522  1522 I A04200/WINDOW: [a92ab11899b6705, 24af07c, 3276ee7] SCBSSM: isProjectionBundleName bundleName = cn.alfadb.netbird.e3vpna, screenId = 0
CST 2026-07-17 19:57:13.774  1522  1522 I A04223/SCBMain: [a92ab11899b6705, 24af07c, 3276ee7] requestSceneSession using exist persistentId: 30
CST 2026-07-17 19:57:13.774  1522  1522 I A04223/SCBMain: [a92ab11899b6705, 24af07c, 3276ee7] getSceneSessionByPersistentId from containerSessionList id: 30
CST 2026-07-17 19:57:13.774  1522  1522 I A04200/WINDOW: [a92ab11899b6705, 24af07c, 3276ee7] SCBSPVM: getSceneContainerSessionWithPersistentId from containerSessionList id: 30
CST 2026-07-17 19:57:13.774  1522  1522 I A04223/SCBMain: [a92ab11899b6705, 24af07c, 3276ee7] [id:30][screenId:0]requestSceneSession, callerPersistentId:0, needLinkCaller:true
CST 2026-07-17 19:57:13.774  1522  1522 I A04223/SCBMain: [a92ab11899b6705, 24af07c, 3276ee7] find sceneSession from other screen
CST 2026-07-17 19:57:13.774  1522  1522 I A04222/WMSMission: [a92ab11899b6705, 24af07c, 3276ee7] [Screen:0][Panel:1] get existing session from usage-total list.
CST 2026-07-17 19:57:13.774  1522  1522 I A04200/WINDOW: [a92ab11899b6705, 24af07c, 3276ee7] SCBSSM: popSceneFromOtherScreen toScreen: 0, needBackground: trueneedRefreshFocus: true, needUpdateScreenId: true,persistentId:30
CST 2026-07-17 19:57:13.774  1522  1522 I A04200/WINDOW: [a92ab11899b6705, 24af07c, 3276ee7] [SCBMission]SCBSceneMissionManager: popSceneFromOtherScreenByPersistentId sceneSession on targetScreen, ignored
CST 2026-07-17 19:57:13.774  1522  1522 I A04200/WINDOW: [a92ab11899b6705, 24af07c, 3276ee7] SCBSSM: isProjectionBundleName bundleName = cn.alfadb.netbird.e3vpna, screenId = 0
CST 2026-07-17 19:57:13.774  1522  1522 I A04223/SCBMain: [a92ab11899b6705, 24af07c, 3276ee7] requestSceneSession using exist persistentId: 30
CST 2026-07-17 19:57:13.774  1522  1522 I A04223/SCBMain: [a92ab11899b6705, 24af07c, 3276ee7] getSceneSessionByPersistentId from containerSessionList id: 30
CST 2026-07-17 19:57:13.775  1522  1522 I A04200/WINDOW: [a92ab11899b6705, 24af07c, 3276ee7] SCBSPVM: getSceneContainerSessionWithPersistentId from containerSessionList id: 30
CST 2026-07-17 19:57:13.775  1522  1522 I A01b01/HOME: [a92ab11899b6705, 24af07c, 3276ee7] SCBTM: findTransitionController. bundleName: cn.alfadb.netbird.e3vpna, overlayBundleName: undefined
CST 2026-07-17 19:57:13.775  1522  1522 W A01b01/HOME: [a92ab11899b6705, 24af07c, 3276ee7] PageDesktopModel: findTransitionController shortcutId empty bundleName:cn.alfadb.netbird.e3vpna
CST 2026-07-17 19:57:13.775  1522  1522 W A01b01/HOME: [a92ab11899b6705, 24af07c, 3276ee7] PageDesktopModel: findTransitionController bundleName: cn.alfadb.netbird.e3vpna, abilityName: EntryAbility, startType: 0, formCardId: undefined, cardId: undefined, extraId: undefined, appIndex: 0, shortcutId: undefined, appInstanceKey: %{public}s
CST 2026-07-17 19:57:13.775  1522  1522 W A01b01/HOME: [a92ab11899b6705, 24af07c, 3276ee7] SCBTM: Find controller success ? true, findData: {"bundleName":"cn.alfadb.netbird.e3vpna","abilityName":"EntryAbility","appIndex":0,"appIconId":"","iconRadius":0,"appIconNumber":0,"startAppType":0,"isOpenFolder":false}
CST 2026-07-17 19:57:13.775  1522  1522 E A01b01/HOME: [a92ab11899b6705, 24af07c, 3276ee7] SCBSPVM: overlayCardInfo is invalid
CST 2026-07-17 19:57:13.775  1522  1522 W A01b01/HOME: [a92ab11899b6705, 24af07c, 3276ee7] SCBSPVM: onStartSceneFromOther cardId empty isStartCard=false
CST 2026-07-17 19:57:13.775  1522  1522 I A01b01/HOME: [a92ab11899b6705, 24af07c, 3276ee7] SCBTM: findTransitionController. bundleName: cn.alfadb.netbird.e3vpna, overlayBundleName: undefined
CST 2026-07-17 19:57:13.775  1522  1522 W A01b01/HOME: [a92ab11899b6705, 24af07c, 3276ee7] PageDesktopModel: findTransitionController shortcutId empty bundleName:cn.alfadb.netbird.e3vpna
CST 2026-07-17 19:57:13.775  1522  1522 W A01b01/HOME: [a92ab11899b6705, 24af07c, 3276ee7] PageDesktopModel: findTransitionController bundleName: cn.alfadb.netbird.e3vpna, abilityName: EntryAbility, startType: 0, formCardId: undefined, cardId: undefined, extraId: undefined, appIndex: 0, shortcutId: undefined, appInstanceKey: %{public}s
CST 2026-07-17 19:57:13.775  1522  1522 W A01b01/HOME: [a92ab11899b6705, 24af07c, 3276ee7] SCBTM: Find controller success ? true, findData: {"bundleName":"cn.alfadb.netbird.e3vpna","abilityName":"EntryAbility","appIndex":0,"appIconId":"","iconRadius":0,"appIconNumber":0,"startAppType":0,"isOpenFolder":false}
CST 2026-07-17 19:57:13.775  1522  1522 W A01b01/HOME: [a92ab11899b6705, 24af07c, 3276ee7] SCBSPVM: onStartSceneFromOther cardId empty isStartCard=false
CST 2026-07-17 19:57:13.776  1522  1522 I A04223/SCBMain: [a92ab11899b6705, 24af07c, 3276ee7] [id:30][screenId:0]requestSceneSession, callerPersistentId:0, needLinkCaller:true
CST 2026-07-17 19:57:13.776  1522  1522 I A04223/SCBMain: [a92ab11899b6705, 24af07c, 3276ee7] find sceneSession from other screen
CST 2026-07-17 19:57:13.776  1522  1522 I A04222/WMSMission: [a92ab11899b6705, 24af07c, 3276ee7] [Screen:0][Panel:1] get existing session from usage-total list.
CST 2026-07-17 19:57:13.776  1522  1522 I A04200/WINDOW: [a92ab11899b6705, 24af07c, 3276ee7] SCBSSM: popSceneFromOtherScreen toScreen: 0, needBackground: trueneedRefreshFocus: true, needUpdateScreenId: true,persistentId:30
CST 2026-07-17 19:57:13.776  1522  1522 I A04200/WINDOW: [a92ab11899b6705, 24af07c, 3276ee7] [SCBMission]SCBSceneMissionManager: popSceneFromOtherScreenByPersistentId sceneSession on targetScreen, ignored
CST 2026-07-17 19:57:13.776  1522  1522 I A04200/WINDOW: [a92ab11899b6705, 24af07c, 3276ee7] SCBSSM: isProjectionBundleName bundleName = cn.alfadb.netbird.e3vpna, screenId = 0
CST 2026-07-17 19:57:13.776  1522  1522 I A04223/SCBMain: [a92ab11899b6705, 24af07c, 3276ee7] requestSceneSession using exist persistentId: 30
CST 2026-07-17 19:57:13.776  1522  1522 I A04223/SCBMain: [a92ab11899b6705, 24af07c, 3276ee7] getSceneSessionByPersistentId from containerSessionList id: 30
CST 2026-07-17 19:57:13.776  1522  1522 I A04200/WINDOW: [a92ab11899b6705, 24af07c, 3276ee7] SCBSPVM: getSceneContainerSessionWithPersistentId from containerSessionList id: 30
CST 2026-07-17 19:57:13.776  1522  1522 W A01b01/HOME: [a92ab11899b6705, 24af07c, 3276ee7] SCBSPVM: isSceneContainerStartOther: true
CST 2026-07-17 19:57:13.776  1522  1522 I A01b00/SCB: [a92ab11899b6705, 24af07c, 3276ee7] LuoShuStateManager --> getLuoShuStateInfo: SCBWindowRotateController {"luoShuState":0,"scenePanelState":0,"eventType":-1,"screenInfo":{"isLandscape":false,"foldState":1},"screenId":0,"holdingHandStatus":1}
CST 2026-07-17 19:57:13.777  1522  1522 I A0421d/WMSRotation: [a92ab11899b6705, 24af07c, 3276ee7] [isNonHook] luoShuState: 0
CST 2026-07-17 19:57:13.777  1522  1522 E A0421d/WMSRotation: [a92ab11899b6705, 24af07c, 3276ee7] [needRotateWithFlowLight] no need add rotation
CST 2026-07-17 19:57:13.777  1522  1522 W A0421d/WMSRotation: [a92ab11899b6705, 24af07c, 3276ee7] [getRotatedScreenProperty] this.rotation: 0; getRotatedScreenProperty: {rect: [0, 0, 1320, 2856], rotation: 0}
CST 2026-07-17 19:57:13.777  1522  1522 W A01b01/HOME: [a92ab11899b6705, 24af07c, 3276ee7] SCBSPVM: [onStartSceneFromOther] isNeed: false, windowAnimation: true
CST 2026-07-17 19:57:13.777  1522  1522 I A0421d/WMSRotation: [a92ab11899b6705, 24af07c, 3276ee7] [startSceneWithRotationIfNeed] containerSession EntryAbility/cn.alfadb.netbird.e3vpna/entry/0(persistentId: 30)(containerId: 2), needAnimation false isFromRecent false fromUser false isPageRotation false
CST 2026-07-17 19:57:13.777  1522  1522 I A0421d/WMSRotation: [a92ab11899b6705, 24af07c, 3276ee7] [startSceneWithRotationIfNeed] containerSession EntryAbility/cn.alfadb.netbird.e3vpna/entry/0(persistentId: 30)(containerId: 2)needAnimation false isFromRecent false fromUser false isPageRotation false
CST 2026-07-17 19:57:13.777  1522  1522 I A0421d/WMSRotation: [a92ab11899b6705, 24af07c, 3276ee7] [coverSensorRotation] cover sensor rotation.
CST 2026-07-17 19:57:13.778  1522  1522 I A01b00/SCB: [a92ab11899b6705, 24af07c, 3276ee7] SCBCompatibilityModeController: [addInvertedPortraitOrientationIfNeeded] requestOrientation:undefined
CST 2026-07-17 19:57:13.778  1522  1522 I A01b00/SCB: [a92ab11899b6705, 24af07c, 3276ee7] SCBCompatibilityModeResourceManager: [isCurrentSupportAddInvertedPortraitOrientation] isSupportAddInvertedPortraitOrientation: false
CST 2026-07-17 19:57:13.778  1522  1522 I A01b00/SCB: [a92ab11899b6705, 24af07c, 3276ee7] SCBCompatibilityModeResourceManager: [isNeedAddInvertedPortraitOrientation] current device status is not support adding inverted portrait orientation
CST 2026-07-17 19:57:13.778  1522  1522 I A04200/WINDOW: [a92ab11899b6705, 24af07c, 3276ee7] SCBScreenSM: screenRotationLocked value:true
CST 2026-07-17 19:57:13.778  1522  1522 W A0421d/WMSRotation: [a92ab11899b6705, 24af07c, 3276ee7] [getTargetRotation] bundleName:cn.alfadb.netbird.e3vpna requestOrientation:0 isScreenLocked:true isPlacedRotateFriendlyDevicePlaced:false fixedRotation: -1 rotationCommand: {"isIgnorePlacedState":false,"isFromDropDown":false}
CST 2026-07-17 19:57:13.778  1522  1522 I A04200/WINDOW: [a92ab11899b6705, 24af07c, 3276ee7] SCBSSM: targetOrientation does not belong to the userOrientation type
CST 2026-07-17 19:57:13.778  1522  1522 I A0421d/WMSRotation: [a92ab11899b6705, 24af07c, 3276ee7] [notifySupportRotationChange] container requestOrientation: 0 scene requestOrientation: 0
CST 2026-07-17 19:57:13.778  1522  1522 I A0421d/WMSRotation: [a92ab11899b6705, 24af07c, 3276ee7] [notifySupportRotationChange] displayId: 0 persistentId: 30 container: [true,false,false,false] scene: [true,false,false,false] reason: ContainerRequestedOrientationChange
CST 2026-07-17 19:57:13.778  1522  1522 I A04200/WINDOW: [a92ab11899b6705, 24af07c, 3276ee7] SCBSSM: notifySupportRotationChange
CST 2026-07-17 19:57:13.778  1522  1522 I C0421d/WMSRotation: [a92ab11899b6705, 24af07c, 3276ee7] OnNotifySupportRotationChange: persistentId: 30, container size: 4, scene size: 4
CST 2026-07-17 19:57:13.779  1522  1522 I A0421d/WMSRotation: [a92ab11899b6705, 24af07c, 3276ee7] [startSceneWithRotationIfNeed] before rotate with targetRotation=0, sensorRotation=0, currentScreenRotation=0, currentContainerRotation=0, tempRotation=, name=cn.alfadb.netbird.e3vpna
CST 2026-07-17 19:57:13.779  1522  1522 I A0421d/WMSRotation: [a92ab11899b6705, 24af07c, 3276ee7] [rotateWindowPolicy] no need to rotate with same targetRotation
CST 2026-07-17 19:57:13.779  1522  1522 W A01b01/HOME: [a92ab11899b6705, 24af07c, 3276ee7] SCBSPVM: [SCBMain]onStartSceneFromOther EntryAbility/cn.alfadb.netbird.e3vpna/entry/0(persistentId: 30)(containerId: 2) isActive:false isStartCard:false needBlurAnimation:true scenePanelState:0
CST 2026-07-17 19:57:13.779  1522  1522 I A01b00/SCB: [a92ab11899b6705, 24af07c, 3276ee7] LuoShuStateManager --> getLuoShuStateInfo: SCBSPVM {"luoShuState":0,"scenePanelState":0,"eventType":-1,"screenInfo":{"isLandscape":false,"foldState":1},"screenId":0,"holdingHandStatus":1}
CST 2026-07-17 19:57:13.779  1522  1522 I A0421d/WMSRotation: [a92ab11899b6705, 24af07c, 3276ee7] no active session return!
CST 2026-07-17 19:57:13.779  1522  1522 W A01b01/HOME: [a92ab11899b6705, 24af07c, 3276ee7] SCBSPVM: [SCBMain]onStartSceneFromOther do not need minimize former scene, activeContainer is null? true
CST 2026-07-17 19:57:13.779  1522  1522 I A04200/WINDOW: [a92ab11899b6705, 24af07c, 3276ee7] SCBSPM: Remove container id: 2, 30
CST 2026-07-17 19:57:13.780  1522  1522 I A01b09/RECENT: [a92ab11899b6705, 24af07c, 3276ee7] RecentDockRefreshAlarm: start alarm recent dock: EntryAbility/cn.alfadb.netbird.e3vpna/entry/0(persistentId: 30)(containerId: 2)
CST 2026-07-17 19:57:13.781  1522  1522 W A0420a/WMSLife: [a92ab11899b6705, 24af07c, 3276ee7] Request scene container session activation, name: EntryAbility/cn.alfadb.netbird.e3vpna/entry/0(persistentId: 30)(containerId: 2) isNewActive: false, isPersist: true, reason: undefined
CST 2026-07-17 19:57:13.781  1522  1522 I A01b00/SCB: [a92ab11899b6705, 24af07c, 3276ee7] LuoShuStateManager --> getLuoShuStateInfo: SCBScreenSM {"luoShuState":0,"scenePanelState":0,"eventType":-1,"screenInfo":{"isLandscape":false,"foldState":1},"screenId":0,"holdingHandStatus":1}
CST 2026-07-17 19:57:13.781  1522  1522 I A04200/WINDOW: [a92ab11899b6705, 24af07c, 3276ee7] SCBSceneRecentMissionManager: add id 30 to recentMissionIdSet
CST 2026-07-17 19:57:13.781  1522  1522 W A04223/SCBMain: [a92ab11899b6705, 24af07c, 3276ee7] requestSessionActivation primarySession priNewActive: false
CST 2026-07-17 19:57:13.781  1522  1522 I A04223/SCBMain: [a92ab11899b6705, 24af07c, 3276ee7] requestSceneSessionActivation: isNewActive: false, isPersist: true, reason: undefined, name: EntryAbility/cn.alfadb.netbird.e3vpna/entry/0(persistentId: 30), containerRotation: 0
CST 2026-07-17 19:57:13.782  1522  1522 I A04200/WINDOW: [a92ab11899b6705, 24af07c, 3276ee7] SCBScene: [UseControl]Use control isActive:true persistentId:30
CST 2026-07-17 19:57:13.782  1522  1522 I A0420a/WMSLife: [a92ab11899b6705, 24af07c, 3276ee7] [id:30]requestSceneSessionActivation.
CST 2026-07-17 19:57:13.782  1522  1522 I A0420a/WMSLife: [a92ab11899b6705, 24af07c, 3276ee7] setIsPendingToBackgroundState, state:false
CST 2026-07-17 19:57:13.782  1522  1522 I C0420a/WMSLife: [a92ab11899b6705, 24af07c, 3276ee7] SetIsPendingToBackgroundState: id:30 State:0
CST 2026-07-17 19:57:13.782  1522  1522 I A0420a/WMSLife: [a92ab11899b6705, 24af07c, 3276ee7] setIsActivatedAfterScreenLocked, isScreenLocked: false
CST 2026-07-17 19:57:13.782  1522  1522 I C0420a/WMSLife: [a92ab11899b6705, 24af07c, 3276ee7] SetIsActivatedAfterScreenLocked: id:30, isLocked:0
CST 2026-07-17 19:57:13.782  1522  1522 I C0420a/WMSLife: [a92ab11899b6705, 24af07c, 3276ee7] OnRequestSceneSessionActivation: in
CST 2026-07-17 19:57:13.782  1522  2129 I C04202/WMSMain: [a92ab11899b6705, 104718f, 24af07c] Request active id:30, system:0, isNewActive:0, requestId:2
CST 2026-07-17 19:57:13.782  1522  2129 W C0420b/WMSKeyboard: [a92ab11899b6705, 104718f, 24af07c] RequestInputMethodCloseKeyboard: keyboardSession is nullptr, id: 30
CST 2026-07-17 19:57:13.782  1522  2129 I C0421b/WMSStartupPage: [a92ab11899b6705, 104718f, 24af07c] GetEnableRemoveStartingWindowFromBMS: enable.remove.starting.window default false
CST 2026-07-17 19:57:13.782  1522  2129 I C04202/WMSMain: [a92ab11899b6705, 104718f, 24af07c] FillSessionInfo: bundleName:cn.alfadb.netbird.e3vpna removeMissionAfterTerminate:0 excludeFromMissions:0 label:$string:ability_name iconPath:$media:app_icon collaboratorType:/data/app/el1/bundle/public/cn.alfadb.netbird.e3vpna.
CST 2026-07-17 19:57:13.782  1522  1522 E A01b00/SCB: [a92ab11899b6705, 24af07c, 3276ee7] SCBCategoryResourceManager: isSupportFullScreenInForceSplit: cn.alfadb.netbird.e3vpna is not in featureMap
CST 2026-07-17 19:57:13.782  1522  1522 I A01b00/SCB: [a92ab11899b6705, 24af07c, 3276ee7] SCBCategoryResourceManager: updateFullScreenInForceSplitStatusIfNeed: isFullScreenInForceSplit no change
CST 2026-07-17 19:57:13.782  1522  2129 I C0420a/WMSLife: [a92ab11899b6705, 104718f, 24af07c] GetRequestWantFromTaskInfoMap: exsit, persistentId:30, requestId:2
CST 2026-07-17 19:57:13.782  1522  2129 I C0420a/WMSLife: [a92ab11899b6705, 104718f, 24af07c] SetAbilitySessionInfo: Is SCB Call, set flag:0, persistentId:30, requestId:2
CST 2026-07-17 19:57:13.783  1522  1522 I A04223/SCBMain: [a92ab11899b6705, 24af07c, 3276ee7] isForegroundAndActive: sessionState: 0, isActive: true
CST 2026-07-17 19:57:13.783  1522  2129 I C0420a/WMSLife: [a92ab11899b6705, 104718f, 24af07c] RequestSceneSessionActivationInner: [id: 30] want-ability: EntryAbility, bundle: cn.alfadb.netbird.e3vpna, module: entry, appIndex: 0, requestId:2
CST 2026-07-17 19:57:13.783  1522  2129 I C0420a/WMSLife: [a92ab11899b6705, 104718f, 24af07c] operator(): start notify listeners, bundleName:cn.alfadb.netbird.e3vpna, Id:30, event:2, reason: 0
CST 2026-07-17 19:57:13.783  1522  2129 I C04202/WMSMain: [a92ab11899b6705, 104718f, 24af07c] RequestSceneSessionActivationInner: [id: 30] Begin StartUIAbility, system: 0,reuseDelegatorWindow 0 isShowAbility 0
CST 2026-07-17 19:57:13.783  1522  1522 I A04200/WMS: [a92ab11899b6705, 24af07c, 3276ee7] modifyPersistentMap, bundleName: cn.alfadb.netbird.e3vpna
CST 2026-07-17 19:57:13.783  1522  1587 I C01336/AMS: [a92ab11899b6705, 344d468, 104718f] [AMC432]scb call, StartUIAbilityBySCB target: cn.alfadb.netbird.e3vpna/EntryAbility, persistentId: 30, appIndex: -1, pageConfigSize:0, requestCode:-1
CST 2026-07-17 19:57:13.783  1522  1522 I A04200/WINDOW: [a92ab11899b6705, 24af07c, 3276ee7] SCBScenePersistent: Set persistentId = 30 isAlive to true
CST 2026-07-17 19:57:13.783  1522  1664 I C01631/GaussPD: [a92ab11899b6705, 811c68, 24af07c]  [0] [ADAPTER] [139809813166848] Not support binlog_default.writeLock file enable del monitor sysno = 25
CST 2026-07-17 19:57:13.783  1522  1664 I C01631/GaussPD: [a92ab11899b6705, 811c68, 24af07c]  [0] [ADAPTER] [139809813166848] Not support binlog_default.writeLock file enable del monitor sysno = 25
CST 2026-07-17 19:57:13.783  1522  1664 I C01631/GaussPD: [a92ab11899b6705, 811c68, 24af07c]  [0] [ADAPTER] [139809813166848] Not support binlog_default.writeLock file enable del monitor sysno = 25
CST 2026-07-17 19:57:13.783   770   800 I C01336/AMS: [a92ab11899b6705, 5885c3, 344d468] [ABMS3083]call, sceneFlag:4, restart: 0
CST 2026-07-17 19:57:13.783  1522  1522 I A01b01/HOME: [a92ab11899b6705, 24af07c, 3276ee7] SCBSPVM: enter FULLSCENE
CST 2026-07-17 19:57:13.783   770   800 I C01336/AMS: [a92ab11899b6705, 5885c3, 344d468] [start_ability_utils.cpp54]appIndex:-1
CST 2026-07-17 19:57:13.784  1522  1522 I A01b09/RECENT: [a92ab11899b6705, 24af07c, 3276ee7] RecentPanel: RecentViewParam init
CST 2026-07-17 19:57:13.784  1522  1522 I A01b01/HOME: [a92ab11899b6705, 24af07c, 3276ee7] SCBSCS: initSmallFolderBg isExitToSmallFolder: false
CST 2026-07-17 19:57:13.784  1522  1522 W A01b01/HOME: [a92ab11899b6705, 24af07c, 3276ee7] SCBSCS: [SCBSCS] translateX from -135.45714285714286 to 0. reason: init, extra: EntryAbility/cn.alfadb.netbird.e3vpna/entry/0(persistentId: 30)(containerId: 2)
CST 2026-07-17 19:57:13.784   770  1063 W C01123/BMSCommon: [a92ab11899b6705, 998a5a, 5885c3] uid(5523) invalid
CST 2026-07-17 19:57:13.785   770   800 W C01336/AMS: [a92ab11899b6705, 5885c3, 344d468] [ABMS3903]null callerToken
CST 2026-07-17 19:57:13.785   770   800 I C01336/AMS: [a92ab11899b6705, 5885c3, 344d468] [UALM215]StartUIAbility session:30. bundle:cn.alfadb.netbird.e3vpna, ability:EntryAbility, instanceKey:, requestId: 2, isCallBySCB: 0, reuseDelegator: 0, scenarios:0, requestCode:-1
CST 2026-07-17 19:57:13.785   305   552 I C01705/EXACT_PREREAD: [a92ab11899b6705, 3ddecf0, 25a8510] [(StartAppStartupPrereadWork):630] uid: 20020062 pid: 0 appStartupScene: cn.alfadb.netbird.e3vpna/cn.alfadb.netbird.e3vpna
CST 2026-07-17 19:57:13.785   305   552 E C01700/RSS: [a92ab11899b6705, 3ddecf0, 25a8510] GetRealPath: get real path failed.
CST 2026-07-17 19:57:13.785   770   800 I C01336/AMS: [a92ab11899b6705, 5885c3, 344d468] [app_exit_reason_data_manager.cpp640]tokenId <private> module entry abillity EntryAbility
CST 2026-07-17 19:57:13.785   305   552 E C01705/EXACT_PREREAD: [a92ab11899b6705, 3ddecf0, 25a8510] [(GetMonitorState):1128] failed to get real path, errno: 2
CST 2026-07-17 19:57:13.785   305   552 E C01705/EXACT_PREREAD: [a92ab11899b6705, 3ddecf0, 25a8510] [(GetAvailableMonitor):1093] failed to get monitor: 0 state.
CST 2026-07-17 19:57:13.785   305   552 E C01700/RSS: [a92ab11899b6705, 3ddecf0, 25a8510] GetRealPath: get real path failed.
CST 2026-07-17 19:57:13.785   305   552 E C01705/EXACT_PREREAD: [a92ab11899b6705, 3ddecf0, 25a8510] [(GetMonitorState):1128] failed to get real path, errno: 2
CST 2026-07-17 19:57:13.785   305   552 E C01705/EXACT_PREREAD: [a92ab11899b6705, 3ddecf0, 25a8510] [(GetAvailableMonitor):1093] failed to get monitor: 1 state.
CST 2026-07-17 19:57:13.785   305   552 E C01705/EXACT_PREREAD: [a92ab11899b6705, 3ddecf0, 25a8510] [(CheckAndBindMonitorBeforeWorkStart):1006] get invalid monitorIdx: -1
CST 2026-07-17 19:57:13.785   305   552 E C01705/EXACT_PREREAD: [a92ab11899b6705, 3ddecf0, 25a8510] [(StartAppStartupPrereadWork):181] check workstate or bind monitor failed.
CST 2026-07-17 19:57:13.785   305   552 E C01705/EXACT_PREREAD: [a92ab11899b6705, 3ddecf0, 25a8510] [(ExecuteCommand):126] execute cmd:1 failed.
CST 2026-07-17 19:57:13.784  1522  1522 W A01b01/HOME: [a92ab11899b6705, 24af07c, 3276ee7] SCBSCS: [SCBSCS] translateY from -88.71428571428575 to 0. reason: init, extra: EntryAbility/cn.alfadb.netbird.e3vpna/entry/0(persistentId: 30)(containerId: 2)
CST 2026-07-17 19:57:13.785   770   800 W C01336/AMS: [a92ab11899b6705, 5885c3, 344d468] [app_exit_reason_data_manager.cpp659]KEY_NOT_FOUND
CST 2026-07-17 19:57:13.785   770   800 I C01336/AMS: [a92ab11899b6705, 5885c3, 344d468] [app_exit_reason_data_manager.cpp590]tokenId <private> module entry ability EntryAbility 
CST 2026-07-17 19:57:13.785  1522  1522 I A01b01/HOME: [a92ab11899b6705, 24af07c, 3276ee7] SCBSCS: [SCBSCS] scaleX from 0.15378787878787878 to 1. reason: init, extra: EntryAbility/cn.alfadb.netbird.e3vpna/entry/0(persistentId: 30)(containerId: 2)
CST 2026-07-17 19:57:13.786   770   800 W C01336/AMS: [a92ab11899b6705, 5885c3, 344d468] [app_exit_reason_data_manager.cpp607]DBStatus:27459591
CST 2026-07-17 19:57:13.786  1522  1522 I A01b01/HOME: [a92ab11899b6705, 24af07c, 3276ee7] SCBSCS: [SCBSCS] scaleY from 0.15378787878787878 to 1. reason: init, extra: EntryAbility/cn.alfadb.netbird.e3vpna/entry/0(persistentId: 30)(containerId: 2)
CST 2026-07-17 19:57:13.786   770   800 W C01336/AMS: [a92ab11899b6705, 5885c3, 344d468] [ability_start_with_wait_observer_manager.cpp193]invaid observerId
CST 2026-07-17 19:57:13.786   770   800 W C01336/AMS: [a92ab11899b6705, 5885c3, 344d468] [ABR1600]nullptr
CST 2026-07-17 19:57:13.786   770   800 I C01336/AMS: [a92ab11899b6705, 5885c3, 344d468] [ABR287]LoadLifecycle: abilityName:EntryAbility
CST 2026-07-17 19:57:13.786  1522  1522 W A01b01/HOME: [a92ab11899b6705, 24af07c, 3276ee7] SCBSCS: [SCBSCS] border radius from topLeft: 97.77777777777779, topRight: 97.77777777777779, bottomLeft: 97.77777777777779, bottomRight: 97.77777777777779 to 36. reason: init, extra: EntryAbility/cn.alfadb.netbird.e3vpna/entry/0(persistentId: 30)(containerId: 2)
CST 2026-07-17 19:57:13.786  1522  1522 W A01b01/HOME: [a92ab11899b6705, 24af07c, 3276ee7] SCBSCS: [SCBSCS] sceneAlpha from 0 to 1. reason: init, extra: EntryAbility/cn.alfadb.netbird.e3vpna/entry/0(persistentId: 30)(containerId: 2)
CST 2026-07-17 19:57:13.786  1522  1522 I A01b01/HOME: [a92ab11899b6705, 24af07c, 3276ee7] SCBSCS: set NeedRenderClip clipHeight type of number from 1320.0000000000002 to 2856
CST 2026-07-17 19:57:13.787  1522  1522 I A01b01/HOME: [a92ab11899b6705, 24af07c, 3276ee7] SCBSCS: initSmallFolderBg isExitToSmallFolder: false
CST 2026-07-17 19:57:13.787   770   800 I C0135b/KeepAlive: [a92ab11899b6705, 5885c3, 344d468] [keep_alive_process_manager.cpp336]not supported
CST 2026-07-17 19:57:13.787  1522  1522 I A04200/WINDOW: [a92ab11899b6705, 24af07c, 3276ee7] SCBSPVM: updateScenePanelState from 0 to 1
CST 2026-07-17 19:57:13.787   770   800 I C01357/ProcessMgr: [a92ab11899b6705, 5885c3, 344d468] [ams_mgr_scheduler.cpp90]SubmitLoadTask: cn.alfadb.netbird.e3vpna-EntryAbility
CST 2026-07-17 19:57:13.787   770   800 W C01311/AppMS: [a92ab11899b6705, 5885c3, 344d468] [AMSI9922]caller token not SA
CST 2026-07-17 19:57:13.787   770   800 W C01364/UN: [a92ab11899b6705, 5885c3, 344d468] [user_controller.cpp257]invalid user lock status: 1
CST 2026-07-17 19:57:13.787  1522  1587 I C0420a/WMSLife: [a92ab11899b6705, 344d468, 104718f] start ui ability sceneFlag:4 isRestart:0 pageConfig:0 retCode: 0
CST 2026-07-17 19:57:13.787   770  1539 W C011fc/BMSExt: [a92ab11899b6705, 23dadc0, 5885c3] [IsTargetApp:729]bundleName or appIdentifier is empty
CST 2026-07-17 19:57:13.787  1522  2129 I C0420a/WMSLife: [a92ab11899b6705, 104718f, 24af07c] ResetSessionInfoAfterStartUIAbility: in
CST 2026-07-17 19:57:13.787  1522  2129 I C04202/WMSMain: [a92ab11899b6705, 104718f, 24af07c] Cold start, identityToken:1784289433782, bundleName:cn.alfadb.netbird.e3vpna
CST 2026-07-17 19:57:13.787  1522  2129 I C0420a/WMSLife: [a92ab11899b6705, 104718f, 24af07c] ResetSessionConnectState: [id: 30] state: 0
CST 2026-07-17 19:57:13.787  1522  2129 I C0420c/WMSEvent: [a92ab11899b6705, 104718f, 24af07c] SetCallingPid: id:30, -1
CST 2026-07-17 19:57:13.787  1522  2129 I C0420a/WMSLife: [a92ab11899b6705, 104718f, 24af07c] ResetIsActive: [id: 30] isActive: 0
CST 2026-07-17 19:57:13.787  1522  2129 I C0420a/WMSLife: [a92ab11899b6705, 104718f, 24af07c] UpdatePrivacyModeControlInfo: no need to update privacy mode control info
CST 2026-07-17 19:57:13.787  1522  1522 I A01b00/SCB: [a92ab11899b6705, 24af07c, 3276ee7] SCBDesktop --> scenePanelState change 1
CST 2026-07-17 19:57:13.787  1522  2129 I C0420a/WMSLife: [a92ab11899b6705, 104718f, 24af07c] RemoveRequestTaskInfo: persistentId:30, requestId:2, infoMap size:1, wantMap size:0
CST 2026-07-17 19:57:13.788  1522  1664 I C01631/GaussPD: [a92ab11899b6705, 811c68, 24af07c]  [0] [ADAPTER] [139809813166848] Not support binlog_default.writeLock file enable del monitor sysno = 25
CST 2026-07-17 19:57:13.788  1522  1664 I C01631/GaussPD: [a92ab11899b6705, 811c68, 24af07c]  [0] [ADAPTER] [139809813166848] Not support binlog_default.writeIndex file enable del monitor sysno = 25
CST 2026-07-17 19:57:13.788  1522  1664 I C01631/GaussPD: [a92ab11899b6705, 811c68, 24af07c]  [0] [ADAPTER] [139809813166848] Not support binlog_default.writeIndex file enable del monitor sysno = 25
CST 2026-07-17 19:57:13.788  1522  1665 I C01631/GaussPD: [a92ab11899b6705, 217ea8b, 24af07c]  [0] [ADAPTER] [139809804765952] Not support binlog_default.writeLock file enable del monitor sysno = 25
CST 2026-07-17 19:57:13.788  1522  1665 I C01631/GaussPD: [a92ab11899b6705, 217ea8b, 24af07c]  [0] [ADAPTER] [139809804765952] Not support binlog_default.writeLock file enable del monitor sysno = 25
CST 2026-07-17 19:57:13.788  1522  1665 I C01631/GaussPD: [a92ab11899b6705, 217ea8b, 24af07c]  [0] [ADAPTER] [139809804765952] Not support binlog_default.writeLock file enable del monitor sysno = 25
CST 2026-07-17 19:57:13.788   770  1539 I C01357/ProcessMgr: [a92ab11899b6705, 23dadc0, 5885c3] [AMSI1969]name:EntryAbility startProcessName = cn.alfadb.netbird.e3vpna
CST 2026-07-17 19:57:13.788   770  1539 I C01311/AppMS: [a92ab11899b6705, 23dadc0, 5885c3] [AMSI2015]appRecord null, appInfo->bundleName:cn.alfadb.netbird.e3vpna
CST 2026-07-17 19:57:13.789  2207  2207 I A000ff/ThemeEngine: [a92ab11899b6705, 375ac01, 30c7de4] EngineProxy --> Receiving IPC call with matched key sceneState
CST 2026-07-17 19:57:13.789  2207  2207 I A000ff/ThemeEngine: [a92ab11899b6705, 375ac01, 30c7de4] EngineProxy --> onWindowScbStateChange preSceneState: 0, currentSceneState: 1
CST 2026-07-17 19:57:13.789   770  1544 I C01202/Unordered: [a92ab11899b6705, 129c93, 2255cd7] Pid 1522 publish SCENE_PANEL_EVENT to 100 end(4,4,0,0)
CST 2026-07-17 19:57:13.789  1522  1522 I A01b00/SCB: [a92ab11899b6705, 24af07c, 3276ee7] SCBDesktop --> updateScenePanelState, sceneState:1
CST 2026-07-17 19:57:13.789  1522  1522 I A01c05/FORM: [a92ab11899b6705, 24af07c, 3276ee7] PageDesktopViewModel --> localEventListener receive event: launcher.event.REQUEST_FORM_RECYCLE
CST 2026-07-17 19:57:13.789  1522  1522 I A01c05/FORM: [a92ab11899b6705, 24af07c, 3276ee7] PageDesktopViewModel --> current recycleFormEventHandler, state = true, currentStartApp = false
CST 2026-07-17 19:57:13.789   770  1539 I C01357/ProcessMgr: [a92ab11899b6705, 23dadc0, 5885c3] [AMSI2380]processName:cn.alfadb.netbird.e3vpna, isPreload:0
CST 2026-07-17 19:57:13.789  1522  1522 I A01b01/HOME: [a92ab11899b6705, 24af07c, 3276ee7] SCBDesktopAddViewModel --> closeDesktopAddDialog event:isBackGesture: false isKeyboardShowing: undefined isSearchPage: false
CST 2026-07-17 19:57:13.789  1522  1665 I C01631/GaussPD: [a92ab11899b6705, 217ea8b, 24af07c]  [0] [ADAPTER] [139809804765952] Not support binlog_default.writeLock file enable del monitor sysno = 25
CST 2026-07-17 19:57:13.789  1522  1522 I A01c05/FORM: [a92ab11899b6705, 24af07c, 3276ee7] FormStackExpandView: formstack expand onScenePanelStateChange: 1
CST 2026-07-17 19:57:13.789  1522  1665 I C01631/GaussPD: [a92ab11899b6705, 217ea8b, 24af07c]  [0] [ADAPTER] [139809804765952] Not support binlog_default.writeIndex file enable del monitor sysno = 25
CST 2026-07-17 19:57:13.790  1522  1665 I C01631/GaussPD: [a92ab11899b6705, 217ea8b, 24af07c]  [0] [ADAPTER] [139809804765952] Not support binlog_default.writeIndex file enable del monitor sysno = 25
CST 2026-07-17 19:57:13.790   779  1710 I C04619/Common: [a92ab11899b6705, fe8e4d, 1f99b1c] [common_event_receiver.cpp:54]HandleScenePanelStateEvent# HandleScenePanelStateEvent eventType: SCENE_PANEL_STATE_CHANGE.
CST 2026-07-17 19:57:13.790   779  1710 I C04619/Common: [a92ab11899b6705, fe8e4d, 1f99b1c] [common_event_receiver.cpp:56]HandleScenePanelStateEvent# HandleScenePanelStateEvent state: 1.
CST 2026-07-17 19:57:13.790  1522  1522 I A0ff00/SEARCH: [a92ab11899b6705, 24af07c, 3276ee7] [HiSearch]: HiSearchComponent, onScenePanelStateChange, 0, 1
CST 2026-07-17 19:57:13.790  1522  1522 I A0ff00/SEARCH: [a92ab11899b6705, 24af07c, 3276ee7] [HiSearch]: SearchInput, onScenePanelStateChange 1
CST 2026-07-17 19:57:13.790  1522  1522 I A01a00/SYS_UI: [a92ab11899b6705, 24af07c, 3276ee7] SystemUIView: onScenePanelStateChange: 1
CST 2026-07-17 19:57:13.791   770  1539 I C05a01/ATM: [a92ab11899b6705, 23dadc0, 5885c3] [GetKernelPermissions]TokenID=537820848.
CST 2026-07-17 19:57:13.792  1522  1522 I A01b00/SCB: [a92ab11899b6705, 24af07c, 3276ee7] LuoShuStateFSM --> setScenePanelState: 1
CST 2026-07-17 19:57:13.792  1522  1522 I A01b0a/GESTURE: [a92ab11899b6705, 24af07c, 3276ee7] AIBarView --> ScenepanelState has change to 1
CST 2026-07-17 19:57:13.792   770  1539 I C01311/AppMS: [a92ab11899b6705, 23dadc0, 5885c3] [AMSI5504]apl: normal, startFlags: 1099511627784, userId: 100
CST 2026-07-17 19:57:13.792   770  1539 I C01300/AAFwk: [a92ab11899b6705, 23dadc0, 5885c3] [task_handler_wrap.cpp56]Invalid status
CST 2026-07-17 19:57:13.792  1522  1522 I A01b0a/GESTURE: [a92ab11899b6705, 24af07c, 3276ee7] FloatingNavigationManager --> setScenePanelState 1
CST 2026-07-17 19:57:13.792  1522  1522 I A01b0a/GESTURE: [a92ab11899b6705, 24af07c, 3276ee7] FloatingNavigationManager --> sendFloatingIsInApp true
CST 2026-07-17 19:57:13.792  1522  1522 I A01b0a/GESTURE: [a92ab11899b6705, 24af07c, 3276ee7] FloatingNavigationManager --> sendFloatingNavIsInApp switch is closed
CST 2026-07-17 19:57:13.792   770  1539 I C02c11/APPSPAWN_CLIENT: [a92ab11899b6705, 23dadc0, 5885c3] AppSpawnClientSendMsg reqId:25 msgLen:1912 fd:141 cn.alfadb.netbird.e3vpna
CST 2026-07-17 19:57:13.792  1522  1522 I A01b09/RECENT: [a92ab11899b6705, 24af07c, 3276ee7] RecentPanel: is scrolling value is  false  state is  1 
CST 2026-07-17 19:57:13.792  1522  1522 I A01b00/SCB: [a92ab11899b6705, 24af07c, 3276ee7] PerformanceReporter: Enter calledScene:32, currentMemScene:33
CST 2026-07-17 19:57:13.792   164   164 I C02c11/APPSPAWN: connectionId:3 buffLen:1912
CST 2026-07-17 19:57:13.792  1522  1522 E C03f05/NAPI: [a92ab11899b6705, 24af07c, 3276ee7] DfxCollectStackWithDepth is not loaded in taskpool/worker.
CST 2026-07-17 19:57:13.792   164   164 I C02c11/APPSPAWN: Recv msgHeader magic:0xef201234 type:0 id:25 len:1912 cn.alfadb.netbird.e3vpna
CST 2026-07-17 19:57:13.793  1522  1522 I C03f05/NAPI: [a92ab11899b6705, 24af07c, 3276ee7] taskpool:: add taskId: 1172145434 to seqRunner 139811265900800.
CST 2026-07-17 19:57:13.793   164   164 E C02c11/APPSPAWN: [sandbox_core.cpp:1559]sandbox path already exist
CST 2026-07-17 19:57:13.793   164   164 E C02c11/APPSPAWN: [sandbox_core.cpp:1559]sandbox path already exist
CST 2026-07-17 19:57:13.793   164   164 E C02c11/APPSPAWN: [sandbox_core.cpp:1559]sandbox path already exist
CST 2026-07-17 19:57:13.793   164   164 E C02c11/APPSPAWN: [sandbox_core.cpp:1559]sandbox path already exist
CST 2026-07-17 19:57:13.793   164   164 E C02c11/APPSPAWN: [sandbox_core.cpp:1559]sandbox path already exist
CST 2026-07-17 19:57:13.793   164   164 I C02c11/APPSPAWN: AppSpawn msgId:25 msgLen:1912 tlvCount:7 processName:cn.alfadb.netbird.e3vpna
CST 2026-07-17 19:57:13.793   164   164 I C02c11/APPSPAWN: cn.alfadb.netbird.e3vpna App flags 0x8 0x104
CST 2026-07-17 19:57:13.793   164   164 I C02c11/APPSPAWN: cn.alfadb.netbird.e3vpna App permission bits flags 0x0 0x0
CST 2026-07-17 19:57:13.793   164   164 I C02c11/APPSPAWN: uid:20020062 gid:20020062 count:2
CST 2026-07-17 19:57:13.793   164   164 I C02c11/APPSPAWN: cn.alfadb.netbird.e3vpna index:0 apl:normal hapFlags:0x0
CST 2026-07-17 19:57:13.793  1522  1522 W C0393b/AceWindowScene: [a92ab11899b6705, 24af07c, 3276ee7] [(100000:100000:scope)] parentId:346, nodeId:347, sessionId:3
CST 2026-07-17 19:57:13.793  1522  1522 I A04200/WINDOW: [a92ab11899b6705, 24af07c, 3276ee7] SCBScenePanel: [scenePanelCanvasStyles] set Scale to: 1
CST 2026-07-17 19:57:13.794  3089  3089 I C02c11/APPSPAWN: AppSpawnChild id 24 flags:0xc
CST 2026-07-17 19:57:13.794  3089  3089 I C02c02/PARAM: ResetParamSecurityLabel Fd:18
CST 2026-07-17 19:57:13.794  1522  1522 W A01a01/NC: [a92ab11899b6705, 311c020, 24af07c] DropdownPanelView: onStartSceneFromOtherEvent return. event: cn.alfadb.netbird.e3vpna isViewShowing:false
CST 2026-07-17 19:57:13.795  3089  3089 I C02d33/HitraceOption: FilterAppTrace cn.alfadb.netbird.e3vpna 3089
CST 2026-07-17 19:57:13.795  1522  1522 I A01b0a/GESTURE: [a92ab11899b6705, 24af07c, 3276ee7] AIBarView --> checkShowAiBar. isShowingAiBar:true
CST 2026-07-17 19:57:13.796  3089  3089 W C02c11/APPSPAWN: errno:2 bind mount /system/app/ArkWebCoreLegacy to /mnt/sandbox/100/cn.alfadb.netbird.e3vpna/system/app/ArkWebCoreLegacy
CST 2026-07-17 19:57:13.796  1522  1522 I A01b0a/GESTURE: [a92ab11899b6705, 24af07c, 3276ee7] aiBarViewData --> powerMode:600 thermalLevel:1 isEnterDeliver:false
CST 2026-07-17 19:57:13.796  3089  3089 W C02c11/APPSPAWN: errno:2 bind mount /vendor/etc/hiai to /mnt/sandbox/100/cn.alfadb.netbird.e3vpna/vendor/etc/hiai
CST 2026-07-17 19:57:13.796  3089  3089 W C02c11/APPSPAWN: errno:2 bind mount /data/data/hiai to /mnt/sandbox/100/cn.alfadb.netbird.e3vpna/data/data/hiai
CST 2026-07-17 19:57:13.796  1522  1522 E C03939/AceGeometryTransition: [a92ab11899b6705, 24af07c, 3276ee7] [(100000:100000:scope)] redundant node2351 has same geoid: navBarId
CST 2026-07-17 19:57:13.797  3089  3089 W C02c11/APPSPAWN: errno:2 bind mount /data/service/el1/public/themes/100/a/app to /mnt/sandbox/100/cn.alfadb.netbird.e3vpna/data/themes/a/app
CST 2026-07-17 19:57:13.798  3089  3089 W C02c11/APPSPAWN: errno:2 bind mount /data/service/el1/public/themes/100/b/app to /mnt/sandbox/100/cn.alfadb.netbird.e3vpna/data/themes/b/app
CST 2026-07-17 19:57:13.798  3089  3089 W C02c11/APPSPAWN: errno:2 bind mount /data/service/el1/100/for-all-app/fonts to /mnt/sandbox/100/cn.alfadb.netbird.e3vpna/data/service/el1/public/for-all-app/fonts
CST 2026-07-17 19:57:13.798  3089  3089 W C02c11/APPSPAWN: errno:2 bind mount /chip_prod/lib64/passthrough to /mnt/sandbox/100/cn.alfadb.netbird.e3vpna/chip_prod/lib64/passthrough
CST 2026-07-17 19:57:13.799  3089  3089 W C02c11/APPSPAWN: errno:2 bind mount /data/app/el1/bundle/public/com.huawei.hmos.arkwebcorelegacy to /mnt/sandbox/100/cn.alfadb.netbird.e3vpna/data/storage/el1/bundle/arkwebcorelegacy
CST 2026-07-17 19:57:13.799  3089  3089 W C02c11/APPSPAWN: check dir /data/app/el1/bundle/public/com.huawei.hmos.arkwebcorelegacy failed,strerror:No such file or directory
CST 2026-07-17 19:57:13.799  1522  1522 I A01b01/HOME: [a92ab11899b6705, 24af07c, 3276ee7] SCBSceneContainer: issShowTransitionIconOrCard state is 0, isCombinationIcon:false
CST 2026-07-17 19:57:13.799  3089  3089 W C02c11/APPSPAWN: check dir /data/app/el1/public/aot_compiler/ark_cache/cn.alfadb.netbird.e3vpna failed,strerror:No such file or directory
CST 2026-07-17 19:57:13.801  1522  1522 I C0392c/AceForEach: [a92ab11899b6705, 24af07c, 3276ee7] [(100000:100000:scope)] ForEachNode skip mark dirty. Id[2277], Ids.size[1]
CST 2026-07-17 19:57:13.801  1522  1522 I A01b01/HOME: [a92ab11899b6705, 24af07c, 3276ee7] SCBSceneContainer: isAnimSnapshotShow false, isShowContainerSnapshot.
CST 2026-07-17 19:57:13.803  1522  1522 W C0393b/AceWindowScene: [a92ab11899b6705, 24af07c, 3276ee7] [(100000:100000:scope)] parentId:2314, nodeId:2315, sessionId:30
CST 2026-07-17 19:57:13.804  1522  1522 I A01b00/SCB: [a92ab11899b6705, 24af07c, 3276ee7] LuoShuStateManager --> getLuoShuStateInfo: WMUtils {"luoShuState":0,"scenePanelState":1,"eventType":-1,"screenInfo":{"isLandscape":false,"foldState":1},"screenId":0,"holdingHandStatus":1}
CST 2026-07-17 19:57:13.805  1522  1522 I A04200/WINDOW: [a92ab11899b6705, 24af07c, 3276ee7] SCBSPM: onBlurTransitionActive blurScale:1 source:SCBScenePanel > startBlurAnimation leg 1 isForegroundBlurActive:false
CST 2026-07-17 19:57:13.805  1522  1522 W A01b09/RECENT: [a92ab11899b6705, 24af07c, 3276ee7] SCBScenePanelSession: setBgBlurScale, blurScale: 0 to 1,caller function name: SCBScenePanel > startBlurAnimation leg 1
CST 2026-07-17 19:57:13.806  1522  1522 I A01b00/SCB: [a92ab11899b6705, 24af07c, 3276ee7] PerformanceReporter: exitScene:64, currentMemScene:33
CST 2026-07-17 19:57:13.806  1522  1522 I A01b09/RECENT: [a92ab11899b6705, 24af07c, 3276ee7] RecentPanelViewModel: setScenePanelTouchableByNavigation is false, scenePanelState is 1 isTouchableByNavBar:false isTouchable:undefined
CST 2026-07-17 19:57:13.806  1522  1522 I A04204/WMSScb: [a92ab11899b6705, 24af07c, 3276ee7] setSessionTouchable:false this.sessionChangeCallback:undefined
CST 2026-07-17 19:57:13.807  1522  1522 I A04223/SCBMain: [a92ab11899b6705, 24af07c, 3276ee7] notifyForegroundInteractiveStatus, persistentId:30 interactive:true
CST 2026-07-17 19:57:13.807  1522  1522 I A01b01/HOME: [a92ab11899b6705, 24af07c, 3276ee7] SCBSPVM: close formservice and managerview when fullscene
CST 2026-07-17 19:57:13.808  1522  1522 I A01b0a/GESTURE: [a92ab11899b6705, 24af07c, 3276ee7] FlowLightManager --> SCBSPVM updateFlowLightOpacity 1
CST 2026-07-17 19:57:13.808  1522  1522 I A01a00/SYS_UI: [a92ab11899b6705, 24af07c, 3276ee7] OverlayStartAnimHelper: checkStartOverlayTransitionIn
CST 2026-07-17 19:57:13.808  3089  3089 W C02c11/APPSPAWN: mount /mnt/sandbox/100/cn.alfadb.netbird.e3vpna/mnt/storage/external time 8000 us
CST 2026-07-17 19:57:13.808  1522  1522 E A01a00/SYS_UI: [a92ab11899b6705, 24af07c, 3276ee7] OverlayStartAnimHelper: overlayCardInfo is invalid
CST 2026-07-17 19:57:13.808  1522  1522 I A04200/WINDOW: [a92ab11899b6705, 24af07c, 3276ee7] SCBSSM: resetStartingSceneFromPiP
CST 2026-07-17 19:57:13.808  1522  1522 I A01b01/HOME: [a92ab11899b6705, 24af07c, 3276ee7] SCBSPVM: Not SmartKey quickAccessMenu
CST 2026-07-17 19:57:13.808  1522  1522 W A01b01/HOME: [a92ab11899b6705, 24af07c, 3276ee7] SCBSPVM: [SCBMain]onStartSceneFromOther !isActive call sceneContainerZoomIn
CST 2026-07-17 19:57:13.808  1522  1522 I A04200/WINDOW: [a92ab11899b6705, 24af07c, 3276ee7] SCBFloatManager: minimizeAllFloatContainer reason:minimizeAllFloatWindowFromFullScreen
CST 2026-07-17 19:57:13.809  1522  1522 I A01b01/HOME: [a92ab11899b6705, 24af07c, 3276ee7] SCBSCS: initSmallFolderBg isExitToSmallFolder: false
CST 2026-07-17 19:57:13.809  1522  1522 W A01b01/HOME: [a92ab11899b6705, 24af07c, 3276ee7] SCBSCS: [SCBScenePanelViewModel] sceneAlpha from 1 to 0. reason: sceneContainerZoomIn, extra: EntryAbility/cn.alfadb.netbird.e3vpna/entry/0(persistentId: 30)(containerId: 2)
CST 2026-07-17 19:57:13.809  1522  1522 W A04202/WMSMain: [a92ab11899b6705, 24af07c, 3276ee7] add failed. EntryAbility/cn.alfadb.netbird.e3vpna/entry/0(persistentId: 30)(containerId: 2) already existed in array
CST 2026-07-17 19:57:13.809  1522  1522 I A04200/WINDOW: [a92ab11899b6705, 24af07c, 3276ee7] SCBSceneRecentMissionManager: add id 30 to recentMissionIdSet
CST 2026-07-17 19:57:13.809  1522  1522 I A04200/WINDOW: [a92ab11899b6705, 24af07c, 3276ee7] SCBSPM: Remove container id: 2, 30
CST 2026-07-17 19:57:13.809  1522  1522 I A01b09/RECENT: [a92ab11899b6705, 24af07c, 3276ee7] RecentDockRefreshAlarm: refresh recent dock: EntryAbility/cn.alfadb.netbird.e3vpna/entry/0(persistentId: 30)(containerId: 2)
CST 2026-07-17 19:57:13.810  1522  1522 I A01b09/RECENT: [a92ab11899b6705, 24af07c, 3276ee7] RecentDockRefreshAlarm: start alarm recent dock: EntryAbility/cn.alfadb.netbird.e3vpna/entry/0(persistentId: 30)(containerId: 2)
CST 2026-07-17 19:57:13.810  1522  1522 W A01b01/HOME: [a92ab11899b6705, 24af07c, 3276ee7] SCBSCS: Add count 2, 1
CST 2026-07-17 19:57:13.810  1522  1522 I A01b01/HOME: [a92ab11899b6705, 24af07c, 3276ee7] SCBTM: Add count 2, 1
CST 2026-07-17 19:57:13.810  1522  1522 W A01b01/HOME: [a92ab11899b6705, 24af07c, 3276ee7] SCBSCS: getTransitionCount from session 2, 2
CST 2026-07-17 19:57:13.810  1522  1522 W A01b01/HOME: [a92ab11899b6705, 24af07c, 3276ee7] SCBTM: getTransitionCount from animationMap 2, 2
CST 2026-07-17 19:57:13.810  1522  1522 I A01b01/HOME: [a92ab11899b6705, 24af07c, 3276ee7] SCBScenePanelAnimator: persistentId: 30 callerPersistentId: 0 activePersistentId: undefined
CST 2026-07-17 19:57:13.810  1522  1522 I A01b00/SCB: [a92ab11899b6705, 24af07c, 3276ee7] LuoShuStateManager --> getLuoShuStateInfo: SCBScenePanelAnimator {"luoShuState":0,"scenePanelState":1,"eventType":-1,"screenInfo":{"isLandscape":false,"foldState":1},"screenId":0,"holdingHandStatus":1}
CST 2026-07-17 19:57:13.810  1522  1522 I A01b01/HOME: [a92ab11899b6705, 24af07c, 3276ee7] SCBScenePanelAnimator: sceneContainerZoomIn
CST 2026-07-17 19:57:13.810  1522  1522 W A01b01/HOME: [a92ab11899b6705, 24af07c, 3276ee7] SCBTM: notifySceneTransitionIn isTransitionInFromOther: true
CST 2026-07-17 19:57:13.810  1522  1522 I A01b01/HOME: [a92ab11899b6705, 24af07c, 3276ee7] SCBTM: isSameBundleName
CST 2026-07-17 19:57:13.810  1522  1522 I A0001b/AA: [a92ab11899b6705, 24af07c, 3276ee7] OutSideWindowManager: globalSearchStatus: 0
CST 2026-07-17 19:57:13.811  1522  1522 I C03930/AceAnimation: [a92ab11899b6705, 24af07c, 3276ee7] [(100000:100000:scope)] animateTo starts, dur:1000, curve:responsiveSpring(0.260,1.157,0.000), delay:50, cnt:28
CST 2026-07-17 19:57:13.812  1522  1522 I A01b01/HOME: [a92ab11899b6705, 24af07c, 3276ee7] SCBSceneContainer: issShowTransitionIconOrCard state is 0, isCombinationIcon:false
CST 2026-07-17 19:57:13.813  3089  3089 W C02c11/APPSPAWN: mount /mnt/sandbox/100/cn.alfadb.netbird.e3vpna/mnt/storage/userExternal time 5000 us
CST 2026-07-17 19:57:13.813  1522  1522 I C0392c/AceForEach: [a92ab11899b6705, 24af07c, 3276ee7] [(100000:100000:scope)] ForEachNode skip mark dirty. Id[2277], Ids.size[1]
CST 2026-07-17 19:57:13.814  1522  1522 I A01b01/HOME: [a92ab11899b6705, 24af07c, 3276ee7] SCBSceneContainer: isAnimSnapshotShow false, isShowContainerSnapshot.
CST 2026-07-17 19:57:13.814   776  3172 I C01409/APS_MANAGER: [a92ab11899b6705, 35fcdf3, 3cf0d03] SetScene pkgName = com.ohos.sceneboard, scene = START_APP_ANIMATION, state = 1
CST 2026-07-17 19:57:13.814   776  3172 W C01409/APS_MANAGER: [a92ab11899b6705, 35fcdf3, 3cf0d03] FrameRateControl removeSceneInfo: unknow scene!
CST 2026-07-17 19:57:13.815  1522  1522 W C0393b/AceWindowScene: [a92ab11899b6705, 24af07c, 3276ee7] [(100000:100000:scope)] parentId:2314, nodeId:2315, sessionId:30
CST 2026-07-17 19:57:13.815  1522  1522 I A01b00/SCB: [a92ab11899b6705, 24af07c, 3276ee7] LuoShuStateManager --> getLuoShuStateInfo: WMUtils {"luoShuState":0,"scenePanelState":1,"eventType":-1,"screenInfo":{"isLandscape":false,"foldState":1},"screenId":0,"holdingHandStatus":1}
CST 2026-07-17 19:57:13.816  1522  1522 I A01b0f/TE: [a92ab11899b6705, 24af07c, 3276ee7] WallpaperManager --> updateDeskTopWallpaperScale scale = 1.1;
CST 2026-07-17 19:57:13.816  1522  1522 I A0001b/AA: [a92ab11899b6705, 24af07c, 3276ee7] OutSideWindowManager: globalSearchStatus: 0
CST 2026-07-17 19:57:13.817  1522  1522 W A01b00/SCB: [a92ab11899b6705, 24af07c, 3276ee7] SCBDesktop --> onDesktopAnimateScaleChanged changeScale to 0.88, due to:onActive
CST 2026-07-17 19:57:13.817  1522  1522 I A0001b/AA: [a92ab11899b6705, 24af07c, 3276ee7] OutSideWindowManager: globalSearchStatus: 0
CST 2026-07-17 19:57:13.818  1522  1522 I A01b00/SCB: [a92ab11899b6705, 24af07c, 3276ee7] LuoShuStateManager --> getLuoShuStateInfo: SCBWindowRotateController {"luoShuState":0,"scenePanelState":1,"eventType":-1,"screenInfo":{"isLandscape":false,"foldState":1},"screenId":0,"holdingHandStatus":1}
CST 2026-07-17 19:57:13.818  1522  1522 I A0421d/WMSRotation: [a92ab11899b6705, 24af07c, 3276ee7] [isNonHook] luoShuState: 0
CST 2026-07-17 19:57:13.818  1522  1522 E A0421d/WMSRotation: [a92ab11899b6705, 24af07c, 3276ee7] [needRotateWithFlowLight] no need add rotation
CST 2026-07-17 19:57:13.818  1522  1522 W A0421d/WMSRotation: [a92ab11899b6705, 24af07c, 3276ee7] [getRotatedScreenProperty] this.rotation: 0; getRotatedScreenProperty: {rect: [0, 0, 1320, 2856], rotation: 0}
CST 2026-07-17 19:57:13.818  1522  1522 I A0421d/WMSRotation: [a92ab11899b6705, 24af07c, 3276ee7] [startSceneWithRotationIfNeed] containerSession EntryAbility/cn.alfadb.netbird.e3vpna/entry/0(persistentId: 30)(containerId: 2)needAnimation false isFromRecent false fromUser false isPageRotation false
CST 2026-07-17 19:57:13.818  1522  1522 I A0421d/WMSRotation: [a92ab11899b6705, 24af07c, 3276ee7] [coverSensorRotation] cover sensor rotation.
CST 2026-07-17 19:57:13.818  1522  1522 I A01b00/SCB: [a92ab11899b6705, 24af07c, 3276ee7] SCBCompatibilityModeController: [addInvertedPortraitOrientationIfNeeded] requestOrientation:undefined
CST 2026-07-17 19:57:13.818  1522  1522 I A01b00/SCB: [a92ab11899b6705, 24af07c, 3276ee7] SCBCompatibilityModeResourceManager: [isCurrentSupportAddInvertedPortraitOrientation] isSupportAddInvertedPortraitOrientation: false
CST 2026-07-17 19:57:13.818  1522  1522 I A01b00/SCB: [a92ab11899b6705, 24af07c, 3276ee7] SCBCompatibilityModeResourceManager: [isNeedAddInvertedPortraitOrientation] current device status is not support adding inverted portrait orientation
CST 2026-07-17 19:57:13.818  1522  1522 I A04200/WINDOW: [a92ab11899b6705, 24af07c, 3276ee7] SCBScreenSM: screenRotationLocked value:true
CST 2026-07-17 19:57:13.819  1522  1522 W A0421d/WMSRotation: [a92ab11899b6705, 24af07c, 3276ee7] [getTargetRotation] bundleName:cn.alfadb.netbird.e3vpna requestOrientation:0 isScreenLocked:true isPlacedRotateFriendlyDevicePlaced:false fixedRotation: -1 rotationCommand: {"isIgnorePlacedState":false,"isFromDropDown":false}
CST 2026-07-17 19:57:13.819  1522  1522 I A04200/WINDOW: [a92ab11899b6705, 24af07c, 3276ee7] SCBSSM: targetOrientation does not belong to the userOrientation type
CST 2026-07-17 19:57:13.819  3089  3089 W C02c11/APPSPAWN: mount /mnt/sandbox/100/cn.alfadb.netbird.e3vpna/mnt/storage/hmdfs time 6000 us
CST 2026-07-17 19:57:13.819  1522  1522 I A0421d/WMSRotation: [a92ab11899b6705, 24af07c, 3276ee7] [notifySupportRotationChange] container requestOrientation: 0 scene requestOrientation: 0
CST 2026-07-17 19:57:13.819  1522  1522 I A0421d/WMSRotation: [a92ab11899b6705, 24af07c, 3276ee7] [notifySupportRotationChange] displayId: 0 persistentId: 30 container: [true,false,false,false] scene: [true,false,false,false] reason: ContainerRequestedOrientationChange
CST 2026-07-17 19:57:13.819  1522  1522 I A04200/WINDOW: [a92ab11899b6705, 24af07c, 3276ee7] SCBSSM: notifySupportRotationChange
CST 2026-07-17 19:57:13.819  3089  3089 W C02c11/APPSPAWN: errno:2 bind mount /data/preload/app to /mnt/sandbox/100/cn.alfadb.netbird.e3vpna/data/preload/app
CST 2026-07-17 19:57:13.819  1522  1522 I C0421d/WMSRotation: [a92ab11899b6705, 24af07c, 3276ee7] OnNotifySupportRotationChange: persistentId: 30, container size: 4, scene size: 4
CST 2026-07-17 19:57:13.819  1522  1522 I A0421d/WMSRotation: [a92ab11899b6705, 24af07c, 3276ee7] [startSceneWithRotationIfNeed] before rotate with targetRotation=0, sensorRotation=0, currentScreenRotation=0, currentContainerRotation=0, tempRotation=, name=cn.alfadb.netbird.e3vpna
CST 2026-07-17 19:57:13.819  1522  1522 I A0421d/WMSRotation: [a92ab11899b6705, 24af07c, 3276ee7] [rotateWindowPolicy] no need to rotate with same targetRotation
CST 2026-07-17 19:57:13.819  1522  1522 I A01b00/SCB: [a92ab11899b6705, 24af07c, 3276ee7] LuoShuStateManager --> getLuoShuStateInfo: SCBScreenSM {"luoShuState":0,"scenePanelState":1,"eventType":-1,"screenInfo":{"isLandscape":false,"foldState":1},"screenId":0,"holdingHandStatus":1}
CST 2026-07-17 19:57:13.820  1522  1522 I C03930/AceAnimation: [a92ab11899b6705, 24af07c, 3276ee7] [(100000:100000:scope)] animateTo starts, dur:1000, curve:responsiveSpring(0.300,1.157,0.000), cnt:29
CST 2026-07-17 19:57:13.825  3089  3089 W C02c11/APPSPAWN: mount /mnt/sandbox/100/cn.alfadb.netbird.e3vpna/mnt/storage/ANCO_APP_DATA time 6000 us
CST 2026-07-17 19:57:13.825  1522  1522 I C0392c/AceForEach: [a92ab11899b6705, 24af07c, 3276ee7] [(100000:100000:scope)] ForEachNode skip mark dirty. Id[2277], Ids.size[1]
CST 2026-07-17 19:57:13.827  1522  1522 W C0393b/AceWindowScene: [a92ab11899b6705, 24af07c, 3276ee7] [(100000:100000:scope)] parentId:2314, nodeId:2315, sessionId:30
CST 2026-07-17 19:57:13.827  3089  3089 E C02c11/APPSPAWN: [sandbox_dec.c:180]open dec file fail.
CST 2026-07-17 19:57:13.828  1522  1522 I C03930/AceAnimation: [a92ab11899b6705, 24af07c, 3276ee7] [(100000:100000:scope)] animateTo starts, dur:250, curve:linear, delay:20, cnt:30
CST 2026-07-17 19:57:13.828  3089  3089 I C05a03/Selinux: Hap type for cn.alfadb.netbird.e3vpna is changing from u:r:appspawn:s0 to o:r:debug_hap:s0:x94,x334,x512,x868,x1024
CST 2026-07-17 19:57:13.828  3089  3089 I C05a03/Selinux: Hap setcon finish for cn.alfadb.netbird.e3vpna
CST 2026-07-17 19:57:13.829  1522  1522 I C0420a/WMSLife: [a92ab11899b6705, 24af07c, 3276ee7] RemoveLifeCycleTask: Removed lifeCyleTask PendingSessionActivation. PersistentId=30
CST 2026-07-17 19:57:13.829  1522  1522 I C0420a/WMSLife: [a92ab11899b6705, 24af07c, 3276ee7] ProcessPendingSessionActivationResult: persistentId:30, requestId:2,resultCode:1, resultMessage:
CST 2026-07-17 19:57:13.829  1522  1603 I C03f05/NAPI: taskpool:: Task Perform: j71, 1172145434, runningLoop: 139810980844224
CST 2026-07-17 19:57:13.830  1522  1522 I C04216/WMSPattern: [a92ab11899b6705, 1427bd, 24af07c] GetPreloadStartingWindow: svgBufferInfo 30
CST 2026-07-17 19:57:13.830  1522  1522 I C04216/WMSPattern: [a92ab11899b6705, 1427bd, 24af07c] ResetPreloadStartingWindow: 30
CST 2026-07-17 19:57:13.830  1522  1522 I C0393b/AceWindowScene: [a92ab11899b6705, 1427bd, 24af07c] [(100000:100000:scope)] OnPreLoadStartingWindowFinished buffer id:30
CST 2026-07-17 19:57:13.830  1522  1522 I C0393b/AceWindowScene: [a92ab11899b6705, 1427bd, 24af07c] [(100000:100000:scope)] OnPreLoadStartingWindowFinished id 30 host id 2315
CST 2026-07-17 19:57:13.830  1522  1522 I C04202/WMSMain: [a92ab11899b6705, 104718f, 24af07c] SetShowRecent: in recents: 0, id: 30
CST 2026-07-17 19:57:13.830  1522  1522 I C0393b/AceWindowScene: [a92ab11899b6705, 104718f, 24af07c] [(100000:100000:scope)] RemoveChild StartingWindow, 2315
CST 2026-07-17 19:57:13.830  1522  1522 I C0393b/AceWindowScene: [a92ab11899b6705, 104718f, 24af07c] [(100000:100000:scope)] RemoveChild AppWindow, 2315
CST 2026-07-17 19:57:13.830  1522  1522 I C0393b/AceWindowScene: [a92ab11899b6705, 104718f, 24af07c] [(100000:100000:scope)] RemoveChild SnapshotWindow, 2315
CST 2026-07-17 19:57:13.830  1522  1522 I C0393b/AceWindowScene: [a92ab11899b6705, 104718f, 24af07c] [(100000:100000:scope)] RemoveChild BlankWindow, 2315
CST 2026-07-17 19:57:13.830  1522  1522 I C0393b/AceWindowScene: [a92ab11899b6705, 104718f, 24af07c] [(100000:100000:scope)] RemoveChild NewAppWindow, 2315
CST 2026-07-17 19:57:13.831  1522  1522 I C01406/OHOS::RS: [a92ab11899b6705, 104718f, 24af07c] RSSurfaceNode::~RSSurfaceNode, Node: 12601434046466, Name: e3vpna0
CST 2026-07-17 19:57:13.831  1522  1522 W C01406/OHOS::RS: [a92ab11899b6705, 104718f, 24af07c] RSNodeMap::UnregisterNode: node id 12601434046466 not found
CST 2026-07-17 19:57:13.831  1522  2129 I C0420a/WMSLife: [a92ab11899b6705, 2e99630, 104718f] NotifyWindowAttachStateChange, persistentId:30
CST 2026-07-17 19:57:13.831  1522  1522 I C01406/OHOS::RS: [a92ab11899b6705, 104718f, 24af07c] RSTransactionHandler::Begin syncId:0, transactionHandler:4191975529, remoteTransactionDataStack.size:0
CST 2026-07-17 19:57:13.831  1522  1522 I C01406/OHOS::RS: [a92ab11899b6705, 104718f, 24af07c] RSTransactionHandler::Commit transactionHandler:4191975529
CST 2026-07-17 19:57:13.831  1522  1522 W C01406/OHOS::RS: [a92ab11899b6705, 104718f, 24af07c] RSNodeMap::UnregisterNode: node id 6536940225351 not found
CST 2026-07-17 19:57:13.831  1522  1522 I C01406/OHOS::RS: [a92ab11899b6705, 104718f, 24af07c] RSSurfaceNode::~RSSurfaceNode, Node: 6536940225351, Name: WindowScene_e3vpna30
CST 2026-07-17 19:57:13.832  1522  1522 I C01406/RSNode: [a92ab11899b6705, 104718f, 24af07c] RSNode::AddChild, Id: 6536940225350, SurfaceNode:[Id: 6536940225366, name: WindowScene_e3vpna30]
CST 2026-07-17 19:57:13.832  1522  1522 I C04204/WMSScb: [a92ab11899b6705, 104718f, 24af07c] GetSurfaceNode: id: 30, surfaceNode: RSNode is null, original: RSUIContext [token: 6536940224513, tid: 1522]
CST 2026-07-17 19:57:13.832  1522  1522 W C0393b/AceWindowScene: [a92ab11899b6705, 104718f, 24af07c] [(100000:100000:scope)] OnAttachToFrameNode id: 30, node id: 2315, name: cn.alfadb.netbird.e3vpna, state: 0, in recents: 0, appLockControl: 0, prelaunch: 0
CST 2026-07-17 19:57:13.832  1522  1522 I C04216/WMSPattern: [a92ab11899b6705, 104718f, 24af07c] GetCallerSessionColorMode: bundle cn.alfadb.netbird.e3vpna, caller 
CST 2026-07-17 19:57:13.832  1522  1522 I C04216/WMSPattern: [a92ab11899b6705, 104718f, 24af07c] GetIsDarkFromConfiguration: colorMode: light
CST 2026-07-17 19:57:13.832  1522  1522 I C04216/WMSPattern: [a92ab11899b6705, 104718f, 24af07c] GetIsDarkFromConfiguration: colorMode: light
CST 2026-07-17 19:57:13.832  1522  1522 I C04216/WMSPattern: [a92ab11899b6705, 104718f, 24af07c] GetStartWindowColorFollowApp: follow sys: cn.alfadb.netbird.e3vpna
CST 2026-07-17 19:57:13.832  1522  1522 W C04216/WMSPattern: [a92ab11899b6705, 104718f, 24af07c] GetStartingWindowInfoFromCache: fff2f6f8, resource:///16777217.svg, 0, , 0
CST 2026-07-17 19:57:13.832  1522  1522 I C04216/WMSPattern: [a92ab11899b6705, 104718f, 24af07c] GetCallerSessionColorMode: bundle cn.alfadb.netbird.e3vpna, caller 
CST 2026-07-17 19:57:13.832  1522  1522 I C04216/WMSPattern: [a92ab11899b6705, 104718f, 24af07c] GetIsDarkFromConfiguration: colorMode: light
CST 2026-07-17 19:57:13.832  1522  1522 I C04216/WMSPattern: [a92ab11899b6705, 104718f, 24af07c] GetIsDarkFromConfiguration: colorMode: light
CST 2026-07-17 19:57:13.832  1522  1522 I C04216/WMSPattern: [a92ab11899b6705, 104718f, 24af07c] GetStartWindowColorFollowApp: follow sys: cn.alfadb.netbird.e3vpna
CST 2026-07-17 19:57:13.832  1522  1522 I C0393b/AceWindowScene: [a92ab11899b6705, 104718f, 24af07c] [(100000:100000:scope)] not preloading starting window id:30
CST 2026-07-17 19:57:13.832  1522  1522 I C0393b/AceWindowScene: [a92ab11899b6705, 104718f, 24af07c] [(100000:100000:scope)] AddChild StartingWindow, 2315
CST 2026-07-17 19:57:13.832  3089  3089 I C05a05/SecCompEnhanceClient: [RegisterCheckCallback]Register secComp: sessionId=3600408134, seqNum=******288.
CST 2026-07-17 19:57:13.832  3089  3360 W C057c1/IPCWorkThread: ThreadHandler: proto:0 policy:1 name:OS_IPC_0_3360 invoker:14666576
CST 2026-07-17 19:57:13.833  3089  3361 W C057c1/IPCWorkThread: ThreadHandler: proto:0 policy:0 name:OS_IPC_1_3361 invoker:14667152
CST 2026-07-17 19:57:13.834  3089  3089 I C02d0b/HICHECKER: hichecker param is empty.
CST 2026-07-17 19:57:13.834  3089  3089 I C04500/webview: SelectWebcoreBeforeProcessRun: SelectWebcoreBeforeProcessRun for app cn.alfadb.netbird.e3vpna.
CST 2026-07-17 19:57:13.834  3089  3089 I C04500/webview: CalculateActiveWebEngineVersion: CalculateActiveWebEngineVersion, enforce EVERGREEN
CST 2026-07-17 19:57:13.834  3089  3089 I C01317/AppKit: [MTHRD3220]mainthread start, pid:3089
CST 2026-07-17 19:57:13.835   164   164 I C02c11/APPSPAWN: Child process:cn.alfadb.netbird.e3vpna success pid:3089 appId:24 result:0
CST 2026-07-17 19:57:13.835   164   164 I C02c11/APPSPAWN: Add cn.alfadb.netbird.e3vpna,pid=3089 success
CST 2026-07-17 19:57:13.835   164   164 I C02c11/APPSPAWN: watch app process pid:3089,pidFd:40
CST 2026-07-17 19:57:13.835   164   164 E C02c11/APPSPAWN: [appspawn_cgroup.c:54]Failed to open file errno: 2 path: /dev/pids/100/cn.alfadb.netbird.e3vpna/app_3089/cgroup.procs
CST 2026-07-17 19:57:13.835   164   164 E C02c11/APPSPAWN: [appspawn_cgroup.c:158]write pid to cgroup.procs fail /dev/pids/100/cn.alfadb.netbird.e3vpna/app_3089/cgroup.procs
CST 2026-07-17 19:57:13.835   164   164 I C02c11/APPSPAWN: SendMessageComplete connectionId:3 result:0 app:cn.alfadb.netbird.e3vpna pid:3089
CST 2026-07-17 19:57:13.835   770  1539 I C02c11/APPSPAWN_CLIENT: [a92ab11899b6705, 23dadc0, 5885c3] AppSpawnClientSendMsg reqId:25 fd:141 end result:0x0 pid:3089
CST 2026-07-17 19:57:13.835   770  1539 I C01311/AppMS: [a92ab11899b6705, 23dadc0, 5885c3] [ASC667]pid3089
CST 2026-07-17 19:57:13.835   770  1539 I C01311/AppMS: [a92ab11899b6705, 23dadc0, 5885c3] [AMSI5724]spawned pname_cn.alfadb.netbird.e3vpna, pid_3089, idx_0
CST 2026-07-17 19:57:13.835   314   607 I C05a01/ATM: [RegisterSecCompEnhance]Register sec comp enhance success, pid 3089, total 11.
CST 2026-07-17 19:57:13.835  3358  3358 W C02c02/PARAM: Selinux check name persist.init.debug.loglevel in u:object_r:startup_init_param:s0 [3358 2000 2000] failed
CST 2026-07-17 19:57:13.835  3358  3358 W C02c02/PARAM: Selinux check name persist.init.debug.loglevel in u:object_r:startup_init_param:s0 [3358 2000 2000] failed
CST 2026-07-17 19:57:13.835  3358  3358 W C02c02/PARAM: SystemReadParam failed!name is:persist.init.debug.loglevel,err:1002
CST 2026-07-17 19:57:13.836   209   209 I C02b83/AudioServiceAppStateListener: [a92ab11899b6705, 24a8338, 23dadc0] [OnAppStateChanged]app state changed, bundleName=cn.alfadb.netbird.e3vpna uid=20020062 pid=3089 state=0
CST 2026-07-17 19:57:13.836   775  1087 I C02b91/AVSession: [a92ab11899b6705, 102c3a8, 23dadc0] [HandleAppStateChanged]uid=20020062|pid=3089|state=0
CST 2026-07-17 19:57:13.836   770  1539 W C01336/AMS: [a92ab11899b6705, 23dadc0, 5885c3] [resident_process_manager.cpp269]rdbResult: 5
CST 2026-07-17 19:57:13.836   770  1098 W C01123/BMSCommon: [a92ab11899b6705, 370be48, 23dadc0] uid(2000) invalid
CST 2026-07-17 19:57:13.836   209   209 W C02b8b/DfxMsgManager: [a92ab11899b6705, 24a8338, 23dadc0] [UpdateAppState]discard repeated app state
CST 2026-07-17 19:57:13.837  3089  3362 I C02d06/XCollie: init default task finished.
CST 2026-07-17 19:57:13.837  1522  1522 I C0392a/AceUiExtensionComponent: [(100000:100000:scope)] [@1991][ID: 1] HandleVisibleAreaChange visible: 0, curVisible: 1, ratio: 0.826446, displayArea: RectT (0.00, 0.00) - [1320.00 x 2856.00].
CST 2026-07-17 19:57:13.838   770  1098 I C01311/AppMS: [a92ab11899b6705, 3ba71a8, 23dadc0] [ASOM755]b:cn.alfadb.netbird.e3vpna pid:3089 u:20020062 pt:0 et:255 pName:cn.alfadb.netbird.e3vpna ru:-1 tMode:0 cPid:3350 cU:2000
CST 2026-07-17 19:57:13.838   305   554 I C01706/ueaServer-FrameMsgIntf: [a92ab11899b6705, 3bf8792, 3427c8] ReportProcessInfo pid is 3089, uid is 20020062
CST 2026-07-17 19:57:13.838   305   554 E C01704/TagSched: [a92ab11899b6705, 1d3c7a3, 223e44e] [OpenQosCtrl]Failed to open qos_ctrl device
CST 2026-07-17 19:57:13.838   305   554 E C01704/TagSched: [a92ab11899b6705, 1d3c7a3, 223e44e] [IsQosHandleOpen]get qosSetHandle_ fail
CST 2026-07-17 19:57:13.838   305   554 E C01704/TagSched: [a92ab11899b6705, 1d3c7a3, 223e44e] [SetQosInternal]qosSetHandle open fail
CST 2026-07-17 19:57:13.839   305   375 E C01706/qos_manager: [a92ab11899b6705, 2048ebb, 3bf8792] thread 375 belong to user 1096 open auth node failed
CST 2026-07-17 19:57:13.839   305   375 E C01706/ueaServer-IntelliSenseServer: [a92ab11899b6705, 2048ebb, 3bf8792] auth_enable 3089 failed
CST 2026-07-17 19:57:13.839   305   375 I C01706/ueaServer-IntelliSenseServer: [a92ab11899b6705, 2048ebb, 3bf8792] Get app info:3089 20020062 cn.alfadb.netbird.e3vpna 0
CST 2026-07-17 19:57:13.839   775  1087 I C02b91/AVSession: [a92ab11899b6705, 233895b, 3dad7e3] [HandleAppStateChanged]uid=20020062|pid=3089|state=99
CST 2026-07-17 19:57:13.840   305   366 I C01718/StandbyService: [a92ab11899b6705, 30e72c0, 2fff1c2] [OnProcessStatusChanged:938] process status change, uid: 20020062, pid: 3089, name: cn.alfadb.netbird.e3vpna, alive: 1
CST 2026-07-17 19:57:13.840   209   209 I C02b83/AudioServiceAppStateListener: [a92ab11899b6705, 35fb20e, 3dad7e3] [OnAppStateChanged]app state changed, bundleName=cn.alfadb.netbird.e3vpna uid=20020062 pid=3089 state=99
CST 2026-07-17 19:57:13.840   305   554 I C01744/PerformanceEnhance: [a92ab11899b6705, 60fca0, b95089] [HandleProcessStateChange]process create 3089
CST 2026-07-17 19:57:13.840   305   554 I C01731/SUSPEND_MSG: [a92ab11899b6705, 353eafb, b95089] 20020062_cn.alfadb.netbird.e3vpna_3089 create, type:0_255_0
CST 2026-07-17 19:57:13.840   305   554 E C01713/SUSPEND_MANAGER: [a92ab11899b6705, 353eafb, b95089] [(SendProcessEvent):1167] suspend manager is not ready.
CST 2026-07-17 19:57:13.841  1522  2129 E C04203/WMSSub: [a92ab11899b6705, 2e99630, 104718f] NotifyWindowAttachStateChange: SendRequest failed
CST 2026-07-17 19:57:13.841  1522  2129 I C04214/WMSPipeLine: UpdateVisibilityInner: id: 30, visibility: 0 -> 1
CST 2026-07-17 19:57:13.841  1522  2129 I C04207/WMSFocus: NotifyFocusStatus: name: SCBDesktop7/SCBDesktop7/SCBDesktop7, id: 10, isFocused: 0
CST 2026-07-17 19:57:13.841  1522  2129 W C04207/WMSFocus: NotifyHighlightChange: Invalid [10, 0]
CST 2026-07-17 19:57:13.842  1522  2129 I C04207/WMSFocus: SetHighlightSessionIds: 30
CST 2026-07-17 19:57:13.842  1522  2129 I C03900/Ace: [(-1:100000:singleton)] [com.ohos.sceneboard][phone_sceneboard][100000]: window unfocus
CST 2026-07-17 19:57:13.842  1522  2129 I C04207/WMSFocus: ShiftFocus: displayId: 0, focusedId: 10, nextId: 30, reason: 15
CST 2026-07-17 19:57:13.842  1522  2129 E C04215/WMSHierarchy: SceneZOrderCheckProcess: ZOrderCheck start
CST 2026-07-17 19:57:13.843   201  2192 I C01d00/accessibility: [(WindowUpdateAll:1027)]WindowUpdateAll start activeWindowId_: 10
CST 2026-07-17 19:57:13.843   770  1098 W C01123/BMSCommon: [a92ab11899b6705, 2672a3, 23dadc0] uid(2000) invalid
CST 2026-07-17 19:57:13.843   248  2124 I C02699/MM: [a92ab11899b6705, 10303e9, 3ba71a8] OnProcessCreated 20020062,3089,cn.alfadb.netbird.e3vpna,cn.alfadb.netbird.e3vpna,0,0,0,0,-1,-1
CST 2026-07-17 19:57:13.843   305   373 I C01706/ueaServer-IntelliSenseServer: [a92ab11899b6705, 346343c, 440a38] ProcessInfo NewAppRecord
CST 2026-07-17 19:57:13.844   248   274 I C02699/MM: [a92ab11899b6705, 3e77161, 10303e9] UpdatePriorityLocked CRE: 3089, 20020062, 0, [], 00000
CST 2026-07-17 19:57:13.844  3089  3089 I C01317/AppKit: [MTHRD431]attach
CST 2026-07-17 19:57:13.844   305   552 E C01731/SUSPEND_MSG: [a92ab01899ce097] [(ThawOneApplication):37] suspend manager is not ready.
CST 2026-07-17 19:57:13.844   305   553 I C01702/CgroupEventHandler: [a92ab11899b6705, 382b327, 1342975] HandleProcessCreated : 20020062, 3089, 0, 0, cn.alfadb.netbird.e3vpna, 255, cn.alfadb.netbird.e3vpna
CST 2026-07-17 19:57:13.844   305   553 E C01702/CGS: [a92ab11899b6705, 382b327, 1342975] AddTidToCgroup failed to write; fd = 78, errno = 13
CST 2026-07-17 19:57:13.844   305   553 E C01702/CGS: [a92ab11899b6705, 382b327, 1342975] AddTidToCgroup failed to write; fd = 89, errno = 13
CST 2026-07-17 19:57:13.845   305   374 I C01705/EXACT_PREREAD: [a92ab11899b6705, 136775c, 1511bdd] [(StartAppStartupCollectWork):678] uid: 20020062 pid: 3089 appStartupScene: cn.alfadb.netbird.e3vpna/cn.alfadb.netbird.e3vpna
CST 2026-07-17 19:57:13.845   305   554 E C01704/TagSched: [a92ab11899ce32b] [OpenQosCtrl]Failed to open qos_ctrl device
CST 2026-07-17 19:57:13.845   305   554 E C01704/TagSched: [a92ab11899ce32b] [IsQosHandleOpen]get qosSetHandle_ fail
CST 2026-07-17 19:57:13.845   305   554 E C01704/TagSched: [a92ab11899ce32b] [SetQosInternal]qosSetHandle open fail
CST 2026-07-17 19:57:13.845   305   374 E C01705/EXACT_PREREAD: [a92ab11899b6705, 136775c, 1511bdd] [(StartAppStartupCollectWork):210] check workstate or bind monitor failed.
CST 2026-07-17 19:57:13.845   305   374 I C01706/ueaServer-IntelliSenseServer: [a92ab11899ce32b] [ReportWindowFocus]:1522 lost focus in screen 0
CST 2026-07-17 19:57:13.845   305   553 I C01702/CgroupAdjuster: [a92ab11899b6705, 382b327, 1342975] ApplyProcessGroup:3089's cgroup from 255 to 0. Reason:20002. Event:3
CST 2026-07-17 19:57:13.845  1522  3337 I C04207/WMSFocus: NotifyRssThawApp, uid: 20020011
CST 2026-07-17 19:57:13.845   201  2192 I C01d00/accessibility: [(WindowUpdateAll:1079)]WindowUpdateAll end activeWindowId_: -1
CST 2026-07-17 19:57:13.845   315   384 I C015b5/NetMgrEnhanced: [a92ab11899b6705, ad451c, 38c81ea] OnAppStarted appName:cn.alfadb.netbird.e3vpna uid:20020062 pid:3089 state:0
CST 2026-07-17 19:57:13.846   305   553 I C01704/TagSched: [a92ab11899b6705, 1b84b2f, 382b327] [ReportCgroupInfo]ReportCgroupInfo: pid:3089 from 255 to 0 withSuppressType: 0
CST 2026-07-17 19:57:13.847   305   375 I C01702/CgroupSchedEnhance: [a92ab11899ce32b] HandleSceneBoardUnFocusForQos handle sceneboard unfocused!
CST 2026-07-17 19:57:13.847   305   552 E C01704/TagSched: [a92ab11899b6705, 2830dbf, 1b84b2f] [OpenQosCtrl]Failed to open qos_ctrl device
CST 2026-07-17 19:57:13.847   305   552 E C01704/TagSched: [a92ab11899b6705, 2830dbf, 1b84b2f] [IsQosHandleOpen]get qosSetHandle_ fail
CST 2026-07-17 19:57:13.847   305   552 E C01704/TagSched: [a92ab11899b6705, 2830dbf, 1b84b2f] [SetQosInternal]qosSetHandle open fail
CST 2026-07-17 19:57:13.847   779  1243 I C04621/CFWKService: [window_state_manager_lite.cpp:192]NotifyFocusChanged# focus off 1522 20020011, 10
CST 2026-07-17 19:57:13.847   315   382 I C015b5/NetMgrEnhanced: [a92ab11899b6705, 2c65ceb, b6778b] NotifyAbilityStateChanged:uid=2******2, pid=3089, state=0, abilityName=EntryAbility
CST 2026-07-17 19:57:13.847   305   375 E C01702/CGS: [a92ab11899ce32b] SetThreadSchedPolicy failed; fd = -1
CST 2026-07-17 19:57:13.847   305   375 E C01702/CGS: [a92ab11899ce32b] SetThreadSchedPolicy failed; fd = -1
CST 2026-07-17 19:57:13.848   305   375 E C01702/CgroupUtils: [a92ab11899ce32b] SetThreadPolicyAndReport set <private> <private> to group <private> failed, ret=-1!
CST 2026-07-17 19:57:13.848   305   553 I C01706/ueaServer-FrameMsgIntf: [a92ab11899b6705, 21c015, 382b327] CgroupChanged pid is 3089, uid is 20020062, oldGroup is 255, newGroup is 0
CST 2026-07-17 19:57:13.850   770  1098 W C01123/BMSCommon: uid(3058) invalid
CST 2026-07-17 19:57:13.850  1522  2132 I C0420c/WMSEvent: LogWinInfo: eid:15,size:9,idList:3|0|1|100|1522|1522|1;4|0|1|101|1522|1522|1;7|0|0|1|1522|1522|1;10|0|0|2|1522|1522|1;17|0|1|3|1522|1522|1;19|0|2048|2200|1522|1522|1;21|0|0|2202|1522|1522|1;25|0|2048|4102|1522|1522|2;30|0|0|102|-1|-1|1|-84,-84,1488,3024;30|0,0|1,1|-84,-84,1488,3024
CST 2026-07-17 19:57:13.851  1522  2132 I C0420c/WMSEvent: LogWinInfo: eid:16,size:9,idList:3|0|1|100|1522|1522|1;4|0|1|101|1522|1522|1;7|0|0|1|1522|1522|1;10|0|0|2|1522|1522|1;17|0|1|3|1522|1522|1;19|0|2048|2200|1522|1522|1;21|0|0|2202|1522|1522|1;25|0|2048|4102|1522|1522|2;30|0|0|102|-1|-1|1;30|0,0|1,1|-84,-84,1488,3024
CST 2026-07-17 19:57:13.851   315   384 I C015b5/NetMgrEnhanced: uid=2******1, pid=1522, state=2, bundleName=com.ohos.sceneboard, isFocused =0.
CST 2026-07-17 19:57:13.851  1128  1178 I C01560/WifiFrameWork: OnForegroundApplicationChanged bundleName: com.ohos.sceneboard, uid: 20020011, state: 2, isFocused: 0
CST 2026-07-17 19:57:13.851  1128  1263 I C01560/StaStateMachine: SeparatedState-msgCode=12324 received. m_instId=0
CST 2026-07-17 19:57:13.851  1128  1263 I C01560/StaStateMachine: InitState-msgCode=12324 is received. m_instId = 0
CST 2026-07-17 19:57:13.851  1128  1263 I C01560/StaStateMachine: ClosedState-msgCode=12324 is received. m_instId = 0
CST 2026-07-17 19:57:13.851  1128  1128 I C01560/WifiFrameWork: OnForegroundApplicationChanged bundleName: com.ohos.sceneboard, uid: 20020011, state: 2, isFocused: 0
CST 2026-07-17 19:57:13.852  1128  1302 E C01560/MultiLinkUtils: IsDeviceSupportMultiLink chipname is empty or doesn't exist, return unknown
CST 2026-07-17 19:57:13.852  1128  1302 E C01560/MultiLinkUtils: Chip type not suppoort MultiLink
CST 2026-07-17 19:57:13.852   251   516 I C02803/InputWindowsManager: [|8263]newMainDisplayInfo:0, oldMainDisplayInfo:0
CST 2026-07-17 19:57:13.852   305   551 I C01706/ueaServer-FrameMsgIntf: [a92ab31899d009a] ReportProcessInfo pid is 1522, uid is 20020011
CST 2026-07-17 19:57:13.852   251   516 I C02803/InputWindowsManager: [|8263]newMainDisplayInfo:0, oldMainDisplayInfo:0
CST 2026-07-17 19:57:13.852   251   516 I C02803/InputWindowsManager: [|2067]19|0|2758|1320|98|1,0|0|1320|98
CST 2026-07-17 19:57:13.852   305   551 I C01706/ueaServer-IntelliSenseServer: [a92ab31899d009a] Get app info:1522 20020011 com.ohos.sceneboard 2
CST 2026-07-17 19:57:13.852   305   551 E C01702/CGS: [a92ab11899b6705, 2ee7d47, 2e68cc4] AddTidToCgroup failed to write; fd = 87, errno = 13
CST 2026-07-17 19:57:13.852   305   551 E C01702/CGS: [a92ab11899b6705, 2ee7d47, 2e68cc4] AddTidToCgroup failed to write; fd = 97, errno = 13
CST 2026-07-17 19:57:13.852   305   553 I C01705/IOLIMIT: [a92ab31899d009a] [(HandleAppStateChange):263] Add foreground list app uid: 20020011, pid: 1522.
CST 2026-07-17 19:57:13.852   251   516 I C02803/InputWindowsManager: [|8263]newMainDisplayInfo:0, oldMainDisplayInfo:0
CST 2026-07-17 19:57:13.852   251   516 I C02803/InputWindowsManager: [|8263]newMainDisplayInfo:0, oldMainDisplayInfo:0
CST 2026-07-17 19:57:13.852   251   516 I C02803/InputWindowsManager: [|2067]19|0|2758|1320|98|1,0|0|1320|98
CST 2026-07-17 19:57:13.852   305   553 I C01731/SUSPEND_MSG: [a92ab41899d02ca] 20020011_com.ohos.sceneboard_1522, state:2
CST 2026-07-17 19:57:13.852   305   553 E C01724/TASK_DETECTION: [a92ab41899d02ca] [OnAppStateChanged:632]Task detection feature is not ready
CST 2026-07-17 19:57:13.852   315   941 I C015b5/NetMgrEnhanced: uid:20020011, pid:1522, state:2, isFocused:0, com.ohos.sceneboard
CST 2026-07-17 19:57:13.853  2361  2378 I C05a05/AppStateObserver: [AddProcessToForegroundSet]pid 1522 is already in foreground
CST 2026-07-17 19:57:13.853  1128  1298 I C01560/StaStateMachine: SeparatedState-msgCode=12324 received. m_instId=0
CST 2026-07-17 19:57:13.853  1128  1298 I C01560/StaStateMachine: InitState-msgCode=12324 is received. m_instId = 0
CST 2026-07-17 19:57:13.853  1128  1298 I C01560/StaStateMachine: ClosedState-msgCode=12324 is received. m_instId = 0
CST 2026-07-17 19:57:13.853   162  1477 I C02d10/ProcessStatus: UpdateProcessForegroundState: pid=1522 state=FOREGROUND
CST 2026-07-17 19:57:13.854   251   538 I C02801/AppStateObserver: [|39]Process state change app name:com.ohos.sceneboard, uid:20020011, state:2
CST 2026-07-17 19:57:13.854   332   389 I C01f0b/Common: MsdpMovementManage ProcessEvent eventId=6
CST 2026-07-17 19:57:13.854   251   538 I C02801/AppStateObserver: [|90]The foregroundAppData_.size():2
CST 2026-07-17 19:57:13.856   305   551 I C01702/CgroupAdjuster: [a92ab11899b6705, 2ee7d47, 2e68cc4] ApplyProcessGroup:3089's cgroup from 0 to 4. Reason:20016. Event:1
CST 2026-07-17 19:57:13.856   305   550 I C01704/TagSched: [a92ab11899b6705, 1919e39, 2ee7d47] [ReportCgroupInfo]ReportCgroupInfo: pid:3089 from 0 to 4 withSuppressType: 0
CST 2026-07-17 19:57:13.856   305   550 I C01706/ueaServer-FrameMsgIntf: [a92ab11899b6705, 34f8f18, 2ee7d47] CgroupChanged pid is 3089, uid is 20020062, oldGroup is 0, newGroup is 4
CST 2026-07-17 19:57:13.856   305   550 E C01704/TagSched: [a92ab11899b6705, cff422, 1919e39] [OpenQosCtrl]Failed to open qos_ctrl device
CST 2026-07-17 19:57:13.856   210   225 E C01707/CONCUR: [a92ab11899b6705, 10a5f04, 1919e39] [TaskControllerInterface] ReportData failed, funcLoader_ load func failed
CST 2026-07-17 19:57:13.856   305   550 E C01704/TagSched: [a92ab11899b6705, cff422, 1919e39] [IsQosHandleOpen]get qosSetHandle_ fail
CST 2026-07-17 19:57:13.856   305   550 E C01704/TagSched: [a92ab11899b6705, cff422, 1919e39] [SetQosInternal]qosSetHandle open fail
CST 2026-07-17 19:57:13.856   305   550 I C01706/ueaServer-IntelliSenseServer: [a92ab11899b6705, 27c8bb2, 34f8f18] web test CgroupChange NewForeground uid is 20020062
CST 2026-07-17 19:57:13.856   305   550 I C01706/ueaServer-IntelliSenseServer: [a92ab11899b6705, 27c8bb2, 34f8f18] [ReportMessage]pid 3089 change to foreground.
CST 2026-07-17 19:57:13.856   305   550 E C01706/ueaServer-IntelliSenseServer: [a92ab11899b6705, 27c8bb2, 34f8f18] [CreateNewRtgGrp]:fopen file failed, errno = 2
CST 2026-07-17 19:57:13.856   305   550 E C01706/ueaServer-IntelliSenseServer: [a92ab11899b6705, 27c8bb2, 34f8f18] [TryCreateRtg]: createNewRtgGroup failed! grpId:-1
CST 2026-07-17 19:57:13.857   305   550 E C01706/qos_manager: [a92ab11899b6705, 27c8bb2, 34f8f18] thread 550 belong to user 1096 open auth node failed
CST 2026-07-17 19:57:13.857   305   550 E C01706/ueaServer-IntelliSenseServer: [a92ab11899b6705, 27c8bb2, 34f8f18] auth_enable 3089 failed
CST 2026-07-17 19:57:13.857   769   902 W C01406/OHOS::RS: RSJankStats::SetJankStats jank frames 14
CST 2026-07-17 19:57:13.859   769   769 I C01406/OHOS::RS: RSSurfaceRenderNode:SetIsOnTheTree, node:[name: WindowScene_e3vpna30, id: 6536940225351], on tree: 0, nodeType: 4, uniqueId: null, screenNodeId: 0
CST 2026-07-17 19:57:13.859   769   769 I C01406/OHOS::RS: RSSurfaceRenderNode:SetIsOnTheTree, node:[name: WindowScene_e3vpna30, id: 6536940225366], on tree: 1, nodeType: 4, uniqueId: null, screenNodeId: 3302829850624
CST 2026-07-17 19:57:13.859  3358  3358 W C02c02/PARAM: Selinux check name persist.init.debug.loglevel in u:object_r:startup_init_param:s0 [3358 2000 2000] failed
CST 2026-07-17 19:57:13.859  3358  3358 W C02c02/PARAM: Selinux check name persist.init.debug.loglevel in u:object_r:startup_init_param:s0 [3358 2000 2000] failed
CST 2026-07-17 19:57:13.859  3358  3358 W C02c02/PARAM: SystemReadParam failed!name is:persist.init.debug.loglevel,err:1002
CST 2026-07-17 19:57:13.859   769   769 E C01406/RSScreenManager: IsAllScreensPowerOff: screenPowerStatus_ is empty.
CST 2026-07-17 19:57:13.860  1522  1522 I C04202/WMSMain: NotifySCBRecentStateChange: isRecent update 0
CST 2026-07-17 19:57:13.863  1522  1522 I C03900/Ace: [(100000:100000:scope)] Update application state , state: ON_INACTIVE
CST 2026-07-17 19:57:13.864  1522  1522 I C0391c/AceFocus: [(100000:100000:scope)] Window: 1 lost focus.
CST 2026-07-17 19:57:13.864  1522  1522 I C0391c/AceFocus: [(100000:100000:scope)] Scope(Stack/191) has no last focusNode.
CST 2026-07-17 19:57:13.864   770  1098 W C01300/AAFwk: [event_handler_wrap.cpp118]can't find event: 14_3089 
CST 2026-07-17 19:57:13.864   770  1098 I C01311/AppMS: [AMSI2581]attach cn.alfadb.netbird.e3vpna pid:3089
CST 2026-07-17 19:57:13.865  1522  1522 I C0391d/AceMouse: [(100000:100000:scope)] VsyncMouseFormat mouseFormat_ and lastVsyncMouseFormat_ = 0 is same.
CST 2026-07-17 19:57:13.867  3089  3361 I C01317/AppKit: [MTHRD825]ScheduleLaunchAbility called, ability EntryAbility, type is 1.
CST 2026-07-17 19:57:13.870   209   209 I C02b83/AudioServiceAppStateListener: [OnAppStateChanged]app state changed, bundleName=com.ohos.sceneboard uid=20020011 pid=1522 state=2
CST 2026-07-17 19:57:13.873   775  1087 I C02b91/AVSession: [HandleAppStateChanged]uid=20020011|pid=1522|state=2
CST 2026-07-17 19:57:13.873   770  1062 W C011fc/BMSExt: [IsTargetApp:729]bundleName or appIdentifier is empty
CST 2026-07-17 19:57:13.874  1790  1834 I C0430a/file_monitor_service: [MainMissionStatus:197]CanExit
CST 2026-07-17 19:57:13.874  1790  1834 I C0430a/file_monitor_service: [MainMissionStatus:203]SecondaryScanner idle
CST 2026-07-17 19:57:13.875  3089  3089 I C03900/ACE_UIContent: [69]AceForwardCompatibility [cn.alfadb.netbird.e3vpna] force:1 newpipe:1
CST 2026-07-17 19:57:13.876  2326  2326 I C02500/Qemud: Guest heartbeat success.
CST 2026-07-17 19:57:13.876  3089  3089 I C01317/AppKit: [MTHRD256]NativeLibPath empty
CST 2026-07-17 19:57:13.878   605   611 W C02515/DISP: [SetLayerMaskInfo:495] <private> is not supported
CST 2026-07-17 19:57:13.882   605   611 I C02515/DISP: [CommitComposeLayer:67] CommitComposeLayer! 10
CST 2026-07-17 19:57:13.882  3089  3089 I C01317/AppKit: [MTHRD1813]SmartGC: process is start. enable warm startup SmartGC: 0
CST 2026-07-17 19:57:13.882  3089  3089 I C03f00/ArkCompiler: [ecmascript] asmint: 1, aot: 0, jit: 1, baseline jit: 0, bundle name: cn.alfadb.netbird.e3vpna, arkTSMode: dynamic
CST 2026-07-17 19:57:13.883  3089  3370 E C01707/CONCUR: [Interface] task 3370 apply qos failed, errno = 4
CST 2026-07-17 19:57:13.883  3089  3089 I C03f00/ArkCompiler: [ecmascript] multi-thread check enabled: 0
CST 2026-07-17 19:57:13.883  3089  3089 I C03f00/ArkCompiler: [pgo] reset pgo profiler, pgo profiler is disabled
CST 2026-07-17 19:57:13.884  3089  3089 I C03301/LIBUV: clean up handles in loop(7856)
CST 2026-07-17 19:57:13.884  3089  3089 I C03301/LIBUV: loop:(7856) closed in 0s
CST 2026-07-17 19:57:13.884  3089  3089 I C03301/LIBUV: close:7856, async_io_wfd:16
CST 2026-07-17 19:57:13.884  3089  3089 I C03301/LIBUV: close:7856, backend_fd:10
CST 2026-07-17 19:57:13.884  3089  3089 I C03301/LIBUV: init:8064
CST 2026-07-17 19:57:13.884  3089  3089 I C03301/LIBUV: init:8064, backend_fd:10
CST 2026-07-17 19:57:13.884  3089  3089 I C03301/LIBUV: open:8064, pipefd[0]:16
CST 2026-07-17 19:57:13.885  2500  3014 E C02e00/UPDATE_SA: [hap_connection.cpp(50)]GetHapRemoteObject, remoteObj is nullptr, bundle com.huawei.hmos.ouc
CST 2026-07-17 19:57:13.885  2500  3014 I C01352/ExtMgr: [extension_manager_client.cpp134]name:com.huawei.hmos.ouc ServiceExtAbility, userId:-1.
CST 2026-07-17 19:57:13.885  3089  3089 I C03f00/ArkCompiler: [ecmascript] can not find aot file
CST 2026-07-17 19:57:13.886   770  1062 I C01342/ServiceExt: [ABMS5529]element: com.huawei.hmos.ouc/ServiceExtAbility
CST 2026-07-17 19:57:13.886   770  1062 W C01123/BMSCommon: bundle not exist -n com.huawei.hmos.ouc -u 100 -i 0 -f 0
CST 2026-07-17 19:57:13.886   770  1062 W C01336/AMS: [start_ability_utils.cpp76]failed: com.huawei.hmos.ouc
CST 2026-07-17 19:57:13.886   770  1062 W C01336/AMS: [crowd_test_interceptor.cpp54]GetAppInfo failed
CST 2026-07-17 19:57:13.886   770  1062 W C01120/BMS: app_control_manager.cpp:GetAppRunningControlRule:397 getAppId failed,-n:com.huawei.hmos.ouc
CST 2026-07-17 19:57:13.886   770  1062 W C01123/BMSCommon: uid(6666) invalid
CST 2026-07-17 19:57:13.886  3089  3089 W C01305/Base: [zip_file.cpp(ExtractToBufByName:966)]GetEntry from pkgContextInfo.json err
CST 2026-07-17 19:57:13.889   770  1062 I C01336/AMS: [start_ability_utils.cpp54]appIndex:-1
CST 2026-07-17 19:57:13.889   770  1062 W C01123/BMSCommon: bundle not exist -n com.huawei.hmos.ouc -u 100 -i 0 -f 1062
CST 2026-07-17 19:57:13.889   770  1062 I C01121/BMSQuery: ExplicitQueryAbility no match -n com.huawei.hmos.ouc -a ServiceExtAbility -u 100 -i 0
CST 2026-07-17 19:57:13.889   770  1062 W C01120/BMS: query abilitys_ext code 8521480
CST 2026-07-17 19:57:13.889   770  1062 W C01123/BMSCommon: bundle not exist -n com.huawei.hmos.ouc -u 100 -i 0 -f 1062
CST 2026-07-17 19:57:13.889   770  1062 W C01121/BMSQuery: bundle_data_mgr.cpp:ExplicitQueryExtensionInfo:7239 ExplicitQueryExtensionInfo failed
CST 2026-07-17 19:57:13.889   770  1062 I C01121/BMSQuery: ExplicitQueryExtension size:0 -n com.huawei.hmos.ouc -e ServiceExtAbility -u 100 -i 0
CST 2026-07-17 19:57:13.889   770  1062 W C01121/BMSQuery: bundle_data_mgr.cpp:GetCloneAppIndexes:2463 no bundleName com.huawei.hmos.ouc found
CST 2026-07-17 19:57:13.889   770  1062 W C01121/BMSQuery: bundle_mgr_host_impl.cpp:QueryExtensionAbilityInfos:3425 no valid extension info can be inquired
CST 2026-07-17 19:57:13.889   770  1062 E C01336/AMS: [start_ability_utils.cpp290]extensionInfo empty
CST 2026-07-17 19:57:13.889   770  1062 E C01342/ServiceExt: [ABMS5868]generate request error
CST 2026-07-17 19:57:13.894  2500  3014 E C02e00/UPDATE_SA: [hap_connection.cpp(82)]HapConnection call interface failed, ret 2097152
CST 2026-07-17 19:57:13.894  2500  3014 E C02e00/UPDATE_SA: [ouc_hap_connection.cpp(72)]SendRemoteRequest, can not connect to ouc
CST 2026-07-17 19:57:13.911  3089  3089 I C03f00/ArkCompiler: StartServer, componentName = <private>
CST 2026-07-17 19:57:13.912   146   192 I C02c03/PARAM_WATCHER: [watcher_manager.cpp:72]Add remote watcher remoteWatcherId 48 3089 success
CST 2026-07-17 19:57:13.912  3089  3089 W C01321/JsRuntime: [CSM161]not Connected
CST 2026-07-17 19:57:13.912  3089  3089 I C03f00/ArkCompiler: [ecmascript] JSNApi::NotifyDebugMode, tid = 3089, debugApp = 1, isDebugMode = 0, instanceId = 0
CST 2026-07-17 19:57:13.912   146   192 I C02c03/PARAM_WATCHER: SendLocalChange start keyPrefix persist.hdc.jdwp remoteWatcherId 48
CST 2026-07-17 19:57:13.912   146   192 I C02c03/PARAM_WATCHER: [watcher_manager.cpp:187]Add watcher persist.hdc.jdwp remoteWatcherId: 48 groupId 101 success
CST 2026-07-17 19:57:13.912  3089  3375 I C02c03/PARAM_WATCHER: Add watcher keyPrefix persist.hdc.jdwp remoteWatcherId 48 success
CST 2026-07-17 19:57:13.915  3089  3089 I C03f00/ArkCompiler: [compiler] __jit_debug_register_code() is called.
CST 2026-07-17 19:57:13.915  3089  3089 I C03f00/ArkCompiler: [compiler] success to register stub.an to debugger.
CST 2026-07-17 19:57:13.916  3089  3369 I C01317/AppKit: [DRH393]File existed. dir: /data/storage/el2/base/cache/rawheap
CST 2026-07-17 19:57:13.916  3089  3369 I C01317/AppKit: [DRH373]success to create /data/storage/el2/base/cache/rawheap
CST 2026-07-17 19:57:13.916  3089  3089 W C01e00/ResourceManager: update userId, currentUserId_= 0, userId= 100
CST 2026-07-17 19:57:13.916  3089  3089 E C01e00/ResourceManager: LoadThemesRes failed, userId = 100, bundleName = cn.alfadb.netbird.e3vpna
CST 2026-07-17 19:57:13.916  3089  3089 W C01e00/ResourceManager: theme resources will clean, id 100
CST 2026-07-17 19:57:13.917  3089  3367 W C01653/NativePreferences: LoadFromDisk: The settingXml /***/el1/***/i18*** load failed.
CST 2026-07-17 19:57:13.919   770  1062 W C011fc/BMSExt: [IsTargetApp:729]bundleName or appIdentifier is empty
CST 2026-07-17 19:57:13.919   770  1062 I C011fc/BMSExt: [GetBundleInfo:523]GetBundleInfo ret 0
CST 2026-07-17 19:57:13.919   770  1062 I C011fc/BMSExt: [GetCompatibleDeviceType:65]calc deviceType bundleName: cn.alfadb.netbird.e3vpna, deviceType: 
CST 2026-07-17 19:57:13.919  3089  3089 E C01301/CompatiblePolicyDeviceType: [calculateResourceType:81]deviceType is empty.
CST 2026-07-17 19:57:13.920  3089  3089 W C01301/Ability: [resource_config_helper.cpp183]invalid source:
CST 2026-07-17 19:57:13.920  3089  3089 W C01301/Ability: [resource_config_helper.cpp183]invalid source:
CST 2026-07-17 19:57:13.920  3089  3089 I C01317/AppKit: [application_cleaner.cpp94]ClearTempData
CST 2026-07-17 19:57:13.922  1522  1522 W A01c06/LOGLIMIT: ==LOGS OVER PROC QUOTA, 40 DROPPED==
CST 2026-07-17 19:57:13.922  1522  1522 W A01c06/ICON: AppIconWeatherModel --> initWeatherListener, retryTimes: 4
CST 2026-07-17 19:57:13.951  1522  1522 I A01b09/RECENT: RecentDockRefreshAlarm: refresh recent dock: EntryAbility/cn.alfadb.netbird.e3vpna/entry/0(persistentId: 30)(containerId: 2)
CST 2026-07-17 19:57:13.957  3089  3089 I C01317/AppKit: [MTHRD2688]NotifyApplicationPreAbilityCreate
CST 2026-07-17 19:57:13.964  3089  3089 I C01317/AppKit: [JAS193]LoadModule
CST 2026-07-17 19:57:13.964  3089  3089 W C01317/AppKit: [JAS966]null stage
CST 2026-07-17 19:57:13.964  3089  3089 W C01317/AppKit: [JAS236]Not found AbilityStage.js
CST 2026-07-17 19:57:13.965  3089  3089 I C01317/AppKit: [OH_APP424]OnAboutToCreateAbility
CST 2026-07-17 19:57:13.965  3089  3089 W C01317/AppKit: [JAS331]Not found AbilityStage.js
CST 2026-07-17 19:57:13.966   770  1062 E C01336/AMS: [ABR3442]SetAppRecoveryFlag:65535
CST 2026-07-17 19:57:13.966  3089  3089 I C03f00/ArkCompiler: [ecmascript] start to execute module buffer with secure memory: /data/storage/el1/bundle/entry/ets/entryability/EntryAbility.abc
CST 2026-07-17 19:57:13.966  3089  3372 I C03f00/ArkCompiler: [pgo] will save profiler to file /data/storage/ark-profile/rt_entry.ap
CST 2026-07-17 19:57:13.966  3089  3089 E C03f00/ArkCompiler: [common] Can not open xpm proc file, do not check secure memory anymore.
CST 2026-07-17 19:57:13.967   468  1324 E C01707/CONCUR: [Interface] task 1324 apply qos failed, errno = 4
CST 2026-07-17 19:57:13.967   468  1324 E C01611/QosManager: QosManager: Failed to set thread QoS to QOS_USER_INTERACTIVE, ret: -1
CST 2026-07-17 19:57:13.967   770  1062 W C01123/BMSCommon: bundle not exist -n com.huawei.hmsapp.totemweather -u 100 -i 0 -f 32
CST 2026-07-17 19:57:13.967   770  1062 W C01121/BMSQuery: GetBundleInfo failed -n com.huawei.hmsapp.totemweather -u 100
CST 2026-07-17 19:57:13.967   468  1324 E C01651/BundleMgrProxy: GetBundleInfoFromBMS: GetBundleInfo failed!bundleName is com.huawei.hmsapp.totemweather, userId is 100
CST 2026-07-17 19:57:13.967   468  1324 E C01651/DataProviderConfig: GetFromProxyData: Get bundleInfo failed! bundleName:com.huawei.hmsapp.totemweather, userId:100, visitedId:100, uri:******icIconInfo
CST 2026-07-17 19:57:13.967   468  1324 E C01651/DataShareServiceImpl: GetBMSAndMetaDataStatus: CalledInfo failed! token:0x20087fab,ret:1001,uri:******icIconInfo
CST 2026-07-17 19:57:13.967   468  1324 E C01651/DataShareServiceImpl: GetSilentProxyStatus: BMS or metaData not ready to complete, token:0x20087fab, uri:******icIconInfo
CST 2026-07-17 19:57:13.967  3089  3089 I C01320/JsEnv: [JSENV299]timing: 1
CST 2026-07-17 19:57:13.967  1522  1522 E A01c06/ICON: AppIconWeatherModel --> get weather info failed, code: 15700010, message: The DataShareHelper is not initialized successfully.
CST 2026-07-17 19:57:13.968  3089  3089 I C01320/JSENV: Callee constructor is OK string
CST 2026-07-17 19:57:13.968  3089  3089 I C01320/JSENV: Ability::constructor callee is object [object Object]
CST 2026-07-17 19:57:13.968  3089  3089 I C03f00/ArkCompiler: [ecmascript] start to execute ark buffer with secure memory use file: /data/storage/el1/bundle/entry/ets/modules.abc, entrypoint: @bundle:cn.alfadb.netbird.e3vpna/entry/build/generated/r/ResourceTable
CST 2026-07-17 19:57:13.970  3089  3089 I C01332/UIAbility: [ui_ability_thread.cpp173]Lifecycle:Attach
CST 2026-07-17 19:57:13.970   770  1062 I C01336/AMS: [ABMS7238]AttachAbilityThread
CST 2026-07-17 19:57:13.970   770  1062 I C01336/AMS: [UALM538]lifecycle name: EntryAbility
CST 2026-07-17 19:57:13.970   770  1062 I C01336/AMS: [ABR556]RemoveLoadTimeoutTask:31
CST 2026-07-17 19:57:13.970   770  1539 I C01311/AppMS: [ARR938]appState: 1, pState: 0, cn.alfadb.netbird.e3vpna/EntryAbility
CST 2026-07-17 19:57:13.971  3089  3089 I C01317/AppKit: [MTHRD2864]called
CST 2026-07-17 19:57:13.971  3089  3089 I C03f00/ArkCompiler: [gc] app is not inBackground
CST 2026-07-17 19:57:13.977  3089  3089 E C01707/CONCUR: [Interface] task 3372 apply qos failed, errno = 4
CST 2026-07-17 19:57:13.983  3089  3089 E C01707/CONCUR: [Interface] task 3373 apply qos failed, errno = 4
CST 2026-07-17 19:57:13.988  3089  3089 E C01707/CONCUR: [Interface] task 3371 apply qos failed, errno = 4
CST 2026-07-17 19:57:13.989   775  1087 I C02b91/AVSession: [HandleAppStateChanged]uid=20020062|pid=3089|state=2
CST 2026-07-17 19:57:13.989   770  3363 I C01357/ProcessMgr: [ARR1096]ability size: 1
CST 2026-07-17 19:57:13.989   770  3363 I C01311/AppMS: [module_running_record.cpp194]change from 1 to 2. bundle: cn.alfadb.netbird.e3vpna, ability: EntryAbility.
CST 2026-07-17 19:57:13.989   209   209 I C02b83/AudioServiceAppStateListener: [OnAppStateChanged]app state changed, bundleName=cn.alfadb.netbird.e3vpna uid=20020062 pid=3089 state=2
CST 2026-07-17 19:57:13.989   209   209 W C02b8b/DfxMsgManager: [UpdateAppState]discard unstarted audio stream app state
CST 2026-07-17 19:57:13.989   770  1098 W C01123/BMSCommon: uid(2000) invalid
CST 2026-07-17 19:57:13.989   770  3363 I C01336/AMS: [ABMS8065]OnAbilityRequestDone cn.alfadb.netbird.e3vpna-EntryAbility state:2
CST 2026-07-17 19:57:13.989   770  3363 I C01336/AMS: [UALM592]Ability is cn.alfadb.netbird.e3vpna/EntryAbility, start to foreground.
CST 2026-07-17 19:57:13.989   770  3363 I C01336/AMS: [ABR394]ForegroundLifecycle EntryAbility
CST 2026-07-17 19:57:13.989   770  1098 W C01123/BMSCommon: uid(2000) invalid
CST 2026-07-17 19:57:13.990   209   209 I C02b87/AudioBackgroundManager: [InsertIntoAppStatesMap]appStatesMap_ add pid: 3089 with hasSession: 0, isBack: 0, hasBackgroundTask: 0, isFreeze: 0, isSystem: 0
CST 2026-07-17 19:57:13.990  1128  1128 I C01560/WifiFrameWork: OnForegroundApplicationChanged bundleName: cn.alfadb.netbird.e3vpna, uid: 20020062, state: 2, isFocused: 0
CST 2026-07-17 19:57:13.990  1128  1263 I C01560/StaStateMachine: SeparatedState-msgCode=12324 received. m_instId=0
CST 2026-07-17 19:57:13.990  1128  1263 I C01560/StaStateMachine: InitState-msgCode=12324 is received. m_instId = 0
CST 2026-07-17 19:57:13.990  1128  1263 I C01560/StaStateMachine: ClosedState-msgCode=12324 is received. m_instId = 0
CST 2026-07-17 19:57:13.990  1128  1178 I C01560/WifiFrameWork: OnForegroundApplicationChanged bundleName: cn.alfadb.netbird.e3vpna, uid: 20020062, state: 2, isFocused: 0
CST 2026-07-17 19:57:13.990   315   382 I C015b5/NetMgrEnhanced: uid=2******2, pid=3089, state=2, bundleName=cn.alfadb.netbird.e3vpna, isFocused =0.
CST 2026-07-17 19:57:13.990  1128  1298 I C01560/StaStateMachine: SeparatedState-msgCode=12324 received. m_instId=0
CST 2026-07-17 19:57:13.990  1128  1298 I C01560/StaStateMachine: InitState-msgCode=12324 is received. m_instId = 0
CST 2026-07-17 19:57:13.990  1128  1298 I C01560/StaStateMachine: ClosedState-msgCode=12324 is received. m_instId = 0
CST 2026-07-17 19:57:13.991  1128  1302 E C01560/MultiLinkUtils: IsDeviceSupportMultiLink chipname is empty or doesn't exist, return unknown
CST 2026-07-17 19:57:13.991  1128  1302 E C01560/MultiLinkUtils: Chip type not suppoort MultiLink
CST 2026-07-17 19:57:13.991  3089  3361 I C01332/UIAbility: [ui_ability_thread.cpp321]name:EntryAbility,targeState:5,isNewWant:0
CST 2026-07-17 19:57:13.991  3089  3089 I C01332/UIAbility: [ui_ability_thread.cpp240]Lifecycle:name EntryAbility
CST 2026-07-17 19:57:13.991   332   389 I C01f0b/Common: MsdpMovementManage ProcessEvent eventId=6
CST 2026-07-17 19:57:13.991   315   323 I C015b5/NetMgrEnhanced: uid:20020062, pid:3089, state:2, isFocused:0, cn.alfadb.netbird.e3vpna
CST 2026-07-17 19:57:13.991  3089  3089 I C04201/DMS: AddDisplayIdFromAms: abilityToken and display[0] has been added.
CST 2026-07-17 19:57:13.991   251   538 I C02801/AppStateObserver: [|39]Process state change app name:cn.alfadb.netbird.e3vpna, uid:20020062, state:2
CST 2026-07-17 19:57:13.991   162  1023 I C02d10/ProcessStatus: UpdateProcessForegroundState: pid=3089 state=FOREGROUND
CST 2026-07-17 19:57:13.992  3089  3089 W C04201/DMS: RegisterClientDeathListener: regis reverse death
CST 2026-07-17 19:57:13.992   251   538 I C02801/AppStateObserver: [|90]The foregroundAppData_.size():3
CST 2026-07-17 19:57:13.992   305   375 I C01705/IOLIMIT: [a92ab81899f231f] [(HandleAppStateChange):263] Add foreground list app uid: 20020062, pid: 3089.
CST 2026-07-17 19:57:13.992   305   552 I C01706/ueaServer-FrameMsgIntf: [a92ab81899f231f] ReportProcessInfo pid is 3089, uid is 20020062
CST 2026-07-17 19:57:13.992   305   552 I C01706/ueaServer-IntelliSenseServer: [a92ab81899f231f] Get app info:3089 20020062 cn.alfadb.netbird.e3vpna 2
CST 2026-07-17 19:57:13.992  3089  3089 I C04201/DMS: RegisterClientDeathListener: ENTER
CST 2026-07-17 19:57:13.992   305   374 I C01731/SUSPEND_MSG: [a92ab91899f243f] 20020062_cn.alfadb.netbird.e3vpna_3089, state:2
CST 2026-07-17 19:57:13.992   305   374 E C01724/TASK_DETECTION: [a92ab91899f243f] [OnAppStateChanged:632]Task detection feature is not ready
CST 2026-07-17 19:57:13.992   770  1062 I C04201/DMS: screen_session_manager.cpp RegisterClientDeathListener: pid: 3089, bundle name: cn.alfadb.netbird.e3vpna
CST 2026-07-17 19:57:13.993   770  1062 W C04201/DMS: screen_session.cpp: call BMS
CST 2026-07-17 19:57:13.993   770  1062 I C04201/DMS: screen_session.cpp: pid:24, bundle:cn.alfadb.netbird.e3vpna, api:24
CST 2026-07-17 19:57:13.993   248  2124 I C02699/MM: HandleProcessFgOrBg FG:p=3089,u=20020062,pName=cn.alfadb.netbird.e3vpna,isKA=0
CST 2026-07-17 19:57:13.993   248   270 I C02699/MM: HandleAppForeground appName=cn.alfadb.netbird.e3vpna appId=20020062
CST 2026-07-17 19:57:13.994   248   276 I C02699/MM: UpdatePriorityLocked FG: 3089, 20020062, 0, [], 00000
CST 2026-07-17 19:57:13.994   305   811 I C01710/BUNDLE_ACTIVE: [bundle_active_app_state_obsever.cpp(OnAbilityStateChanged):61]OnAblityStateChanged userid is 100, bundle name is cn.alfadb.netbird.e3vpna, uid is 20020062, event is 2, timestamp is 78854
CST 2026-07-17 19:57:13.994   305   370 I C01710/BUNDLE_ACTIVE: [bundle_active_bundle_mgr_helper.cpp(GetApplicationInfo):65]bundleMgr is null: 0 
CST 2026-07-17 19:57:13.994   248   270 I C02699/MM: SwapInMemcg appId=20020062 userId=100 cost=171us
CST 2026-07-17 19:57:13.994   315   382 I C015b5/NetMgrEnhanced: NotifyAbilityStateChanged:uid=2******2, pid=3089, state=2, abilityName=EntryAbility
CST 2026-07-17 19:57:13.995  1522  1522 I A01a00/SYS_UI: AppLifeCycleManager: Ability state changed, uid: 20020062, key: cn.alfadb.netbird.e3vpna_entry_EntryAbility_3089, isForeground: true, state 2
CST 2026-07-17 19:57:13.995  1522  1522 I A01a00/SYS_UI: AppLifeCycleManager: Ability state change: new foregroundAbilities: 20020062: cn.alfadb.netbird.e3vpna_entry_EntryAbility_3089
CST 2026-07-17 19:57:13.995  1522  1522 I A01a00/SYS_UI: AppLifeCycleManager: App foreground state changed, uid: 20020062, true
CST 2026-07-17 19:57:13.996  1522  1522 W A01a00/SYS_UI: LiveCapsuleListVm: onAppForegroundStateChange foreground: true, uid: 20020062, bundleName: cn.alfadb.netbird.e3vpna, orientation: 0
CST 2026-07-17 19:57:13.996  1522  1522 W A01a00/SYS_UI: LiveCapsuleListVm: start to toggleCapsuleList, param:  {"isUpwards":false,"isUpdateImmediately":false,"needAnimation":true,"needShowStatusBar":false}
CST 2026-07-17 19:57:13.996  1522  1522 W A01a00/SYS_UI: LiveCapsuleListVm: Visible is not changed, stop toggleCapsuleList. isForceUpdate: undefined
CST 2026-07-17 19:57:13.996  1522  1522 I A01a00/SYS_UI: StatusBarColorPickerVm --> App 20020062, foreground: true
CST 2026-07-17 19:57:13.997  3089  3089 I C01332/UIAbility: [JUA2036]JsUIAbility call js, name: onCreate
CST 2026-07-17 19:57:13.993   770  3363 I C01311/AppMS: [AMSI2830]cn.alfadb.netbird.e3vpna foregrounded pState: 1
CST 2026-07-17 19:57:14.002   770  3363 E C01311/AppMS: [AMSI6419]not uiextension. uiextension type: 255
CST 2026-07-17 19:57:14.025  1522  1522 I A0001b/AA: RecentlyUseController --> buildRecentlyUseInfo {"bundleName":"cn.alfadb.netbird.e3vpna","moduleName":"entry","abilityName":"EntryAbility","pid":3089,"uid":20020062,"state":2,"abilityType":1,"isAtomicService":false,"callerBundleName":""}
CST 2026-07-17 19:57:14.025  1522  1522 I A0001b/AA: RecentlyUseController --> buildRecentlyUseInfo abilityStateData is exit
CST 2026-07-17 19:57:14.025  1522  1522 I A01a00/SYS_UI: PhoneAppManager: ability[cn.alfadb.netbird.e3vpna|undefined|EntryAbility] state change to 2
CST 2026-07-17 19:57:14.025  1522  1522 I A01a00/SYS_UI: PhoneAppManager: checkAbilityForegroundChange change: 2, cn.alfadb.netbird.e3vpna
CST 2026-07-17 19:57:14.025   779  1243 I C04619/Publish: [system_ability_adapter.cpp:22]OnAbilityStateChanged# pid:3089, uid:20020062, bundleName:cn.alfadb.netbird.e3vpna, abilityState:2, isFocused:0
CST 2026-07-17 19:57:14.025  1522  1522 I A01a01/NC: BannerNotificationEntryVm --> onForegroundAppEvent. cn.alfadb.netbird.e3vpna
CST 2026-07-17 19:57:14.025   779  1243 I C04619/Publish: [system_ability_adapter.cpp:41]HandleAbilityStateChange# notify serviceName :OneTouchShare
CST 2026-07-17 19:57:14.026   779  1243 I C04621/CFWKService: [dynamic_thread_pool.cpp:154]AddTask# pool = 2,idle/max threads = 2/64,groupId/GroupTask = 2/0
CST 2026-07-17 19:57:14.026   779  1243 I C04619/Publish: [system_ability_adapter.cpp:48]HandleAbilityStateChange# add task: 1
CST 2026-07-17 19:57:14.026  3089  3089 I A02900/E3VpnGate: ENTRY_ONCREATE|bundle=cn.alfadb.netbird.e3vpna
CST 2026-07-17 19:57:14.026  3089  3089 I C01332/UIAbility: [JUA2081]end, name: onCreate, time: 29
CST 2026-07-17 19:57:14.027  3089  3089 E C01332/UIAbility: [ui_ability_impl.cpp314]hasSaveData_: false
CST 2026-07-17 19:57:14.027  3089  3089 W C01332/UIAbility: [JUA1223]formatRegex: []
CST 2026-07-17 19:57:14.027  3089  3089 I C04202/WMSMain: Init: WindowScene with window session!
CST 2026-07-17 19:57:14.027  3089  3089 I C04202/WMSMain: Init: set isModuleAbilityHookEnd
CST 2026-07-17 19:57:14.029  3089  3089 I C04204/WMSScb: RS multi-instance enabled: 1
CST 2026-07-17 19:57:14.029   779  1202 I C04621/CFWKService: [dynamic_thread_pool.cpp:310]WorkInThread# run--->task 3938818080497433335 run in thread 139908622366599
CST 2026-07-17 19:57:14.029   779  1202 I C04619/Publish: [system_ability_adapter.cpp:44]operator()# notify serviceName:OneTouchShare
CST 2026-07-17 19:57:14.029  3089  3089 I C01406/OHOS::RS: multi-instance, create RSUIContextManager, isMultiInstanceOpen_ 1
CST 2026-07-17 19:57:14.029   779  1202 I C04619/Common: [account_utils.cpp:26]GetForegroundAccountId# ret 0, the 100 account is foreground
CST 2026-07-17 19:57:14.029   770  1062 I C01c30/SclockKit: [screenlock_system_ability.cpp(IsDeviceLocked:948)]IsDeviceLocked. userId=100, isDeviceLocked=0
CST 2026-07-17 19:57:14.029   779  1202 I C04619/Publish: [service_publish_manager.cpp:2247]IsSupportView# isLocked: 0, getLockedRes: 77856768, IsSceneRecent: 0
CST 2026-07-17 19:57:14.029   779  1202 I C04626/Motion: [motion_framework.cpp:230]IsMotionPlaying# motion is not playing
CST 2026-07-17 19:57:14.029   779  1202 I C04619/Publish: [service_publish_manager.cpp:2434]GetFocusWindowInfo# enter
CST 2026-07-17 19:57:14.029   779  1202 E C04619/Detect: [action_detect_manager.cpp:2330]LoadWindowStateLite# enter 10
CST 2026-07-17 19:57:14.029   779  1202 E C04621/CFWKService: [window_state_manager_lite.cpp:158]GetFocusWindowInfoLite# no enable
CST 2026-07-17 19:57:14.029   779  1202 I C04621/CFWKService: [window_state_manager_lite.cpp:93]Enable# enter
CST 2026-07-17 19:57:14.029   779  1202 W C04200/WindowManagerLite: RegisterFocusChangedListener: Listener is already registered.
CST 2026-07-17 19:57:14.030  1522  2943 I C04207/WMSFocus: reply
CST 2026-07-17 19:57:14.030   779  1202 E C04621/CFWKService: [window_state_manager_lite.cpp:139]GetFocusWindowInfoInner# invalid pid -1 uid 20020062
CST 2026-07-17 19:57:14.030   779  1202 E C04621/CFWKService: [window_state_manager_lite.cpp:106]Enable# Get FocusWindowInfoInner failed.
CST 2026-07-17 19:57:14.032   779  1202 I C04619/Publish: [service_publish_manager.cpp:2438]GetFocusWindowInfo# WindowInfo pid: 1522, windowId: 10
CST 2026-07-17 19:57:14.032   779  1202 I C04619/Publish: [service_publish_manager.cpp:2378]GetLatestPid# enter, windowId:10 sceneType:0
CST 2026-07-17 19:57:14.032   779  1202 I C04619/Publish: [service_publish_manager.cpp:2354]GetLatestPublishInfo# get targetPid: -1
CST 2026-07-17 19:57:14.032   779  1202 I C04619/Publish: [service_publish_manager.cpp:3342]GetWinPublishListener# find windowId:10, pid:1522, sceneType:0
CST 2026-07-17 19:57:14.032   779  1202 I C04619/Publish: [service_publish_manager.cpp:3378]GetWinPublishListenerLocked# 10_1522_0 get listener failed
CST 2026-07-17 19:57:14.032   779  1202 I C04619/Publish: [service_publish_manager.cpp:3351]GetWinPublishListener# find using default windowId:-1
CST 2026-07-17 19:57:14.032   779  1202 I C04619/Publish: [service_publish_manager.cpp:3378]GetWinPublishListenerLocked# -1_1522_0 get listener failed
CST 2026-07-17 19:57:14.032   779  1202 I C04619/Publish: [service_publish_manager.cpp:2378]GetLatestPid# enter, windowId:1 sceneType:0
CST 2026-07-17 19:57:14.032   779  1202 I C04619/Publish: [service_publish_manager.cpp:2366]GetSCBLatestPublishInfo# get SCB scene targetPid: -1
CST 2026-07-17 19:57:14.032   779  1202 I C04619/Publish: [service_publish_manager.cpp:3342]GetWinPublishListener# find windowId:10, pid:1522, sceneType:0
CST 2026-07-17 19:57:14.032   779  1202 I C04619/Publish: [service_publish_manager.cpp:3378]GetWinPublishListenerLocked# 10_1522_0 get listener failed
CST 2026-07-17 19:57:14.032   779  1202 I C04619/Publish: [service_publish_manager.cpp:3351]GetWinPublishListener# find using default windowId:-1
CST 2026-07-17 19:57:14.032   779  1202 I C04619/Publish: [service_publish_manager.cpp:3378]GetWinPublishListenerLocked# -1_1522_0 get listener failed
CST 2026-07-17 19:57:14.032   779  1202 I C04619/Publish: [service_publish_manager.cpp:2346]GetFocusWindowPublishListener# get windowId:10, pid:1522, Exit
CST 2026-07-17 19:57:14.032   779  1202 I C04619/Detect: [action_detect_manager.cpp:131]UpdatePublishState# update : 0, old : 0
CST 2026-07-17 19:57:14.032   779  1202 I C04621/CFWKService: [dynamic_thread_pool.cpp:318]WorkInThread# end--->task 3938818080497433335 run in thread 139908622366599 cost 3 ms
CST 2026-07-17 19:57:14.035   146   192 I C02c03/PARAM_WATCHER: SendLocalChange start keyPrefix persist.sys.graphic.animationscale remoteWatcherId 48
CST 2026-07-17 19:57:14.035   286   288 E C01700/RSS: [a92abd189a08986] DeliverResource, PluginMgr resType 1002 no lib register!
CST 2026-07-17 19:57:14.035   305   374 E C01704/TagSched: [a92abd189a08986] [ExecutorCheckTidIsInPid][Executor] ExecutorCheckTidIsInPid get reply is invalied
CST 2026-07-17 19:57:14.035   305   553 I C01704/TagSched: [a92abd189a08986] [SetQosRealtimeTask]ThreadModifyQos,setQos 769 tid[855],  qos[7]
CST 2026-07-17 19:57:14.035   305   553 E C01704/TagSched: [a92abd189a08986] [OpenQosCtrl]Failed to open qos_ctrl device
CST 2026-07-17 19:57:14.035   305   553 E C01704/TagSched: [a92abd189a08986] [IsQosHandleOpen]get qosSetHandle_ fail
CST 2026-07-17 19:57:14.035   305   553 E C01704/TagSched: [a92abd189a08986] [SetQosInternal]qosSetHandle open fail
CST 2026-07-17 19:57:14.035   305   553 E C01704/TagSched: [a92abd189a08986] [OpenQosCtrl]Failed to open qos_ctrl device
CST 2026-07-17 19:57:14.035   305   553 E C01704/TagSched: [a92abd189a08986] [IsQosHandleOpen]get qosSetHandle_ fail
CST 2026-07-17 19:57:14.035   305   553 E C01704/TagSched: [a92abd189a08986] [SetQosInternal]qosSetHandle open fail
CST 2026-07-17 19:57:14.035   305   553 E C01704/TagSched: [a92abd189a08986] [OpenQosCtrl]Failed to open qos_ctrl device
CST 2026-07-17 19:57:14.035   305   553 E C01704/TagSched: [a92abd189a08986] [IsQosHandleOpen]get qosSetHandle_ fail
CST 2026-07-17 19:57:14.035   305   553 E C01704/TagSched: [a92abd189a08986] [SetQosInternal]qosSetHandle open fail
CST 2026-07-17 19:57:14.036   146   192 I C02c03/PARAM_WATCHER: [watcher_manager.cpp:187]Add watcher persist.sys.graphic.animationscale remoteWatcherId: 48 groupId 81 success
CST 2026-07-17 19:57:14.036  3089  3089 I C02c03/PARAM_WATCHER: Add watcher keyPrefix persist.sys.graphic.animationscale remoteWatcherId 48 success
CST 2026-07-17 19:57:14.036  3089  3089 I C04204/WMSScb: InitRSUIDirector: Create RSUIDirector: RSUIDirector's RSUIContext [token: 13267153977345, tid: 3089], rsUIContext: RSUIContext is null
CST 2026-07-17 19:57:14.036   769   855 I C01406/RSClientToServiceConnection: CreateNodeAndSurface node id:13267153977346 name:e3vpna0 surface id:3302829850654 name:e3vpna0
CST 2026-07-17 19:57:14.059   769   902 W C01406/OHOS::RS: RSJankStats::SetJankStats jank frames 12
CST 2026-07-17 19:57:14.059   605   611 W C02515/DISP: [SetLayerMaskInfo:495] <private> is not supported
CST 2026-07-17 19:57:14.059   605   611 I C02515/DISP: [CommitComposeLayer:67] CommitComposeLayer! 10
CST 2026-07-17 19:57:14.060   769   769 I C01406/RSClientToServiceConnection: CreateNodeAndSurface RegisterRenderNode id:13267153977346, name:e3vpna0
CST 2026-07-17 19:57:14.060  1522  1522 I C03930/AceAnimation: [(100000:100000:scope)] animateTo finish, cnt:25
CST 2026-07-17 19:57:14.060  1522  1522 I A01b09/RECENT: SCBDesktopCacheManager: FreezeTrack setWallPaperScale old:1, new:1, reason:onInactive
CST 2026-07-17 19:57:14.060   769   769 E C01406/RSScreenManager: IsAllScreensPowerOff: screenPowerStatus_ is empty.
CST 2026-07-17 19:57:14.063  3089  3089 W C01409/APS_MANAGER: redo Connect
CST 2026-07-17 19:57:14.063  3089  3089 I C01409/APS_MANAGER: Start to ConnectService
CST 2026-07-17 19:57:14.063  3089  3089 I C01409/APS_MANAGER: GetSystemAbilityManager success
CST 2026-07-17 19:57:14.063  3089  3089 I C01409/APS_MANAGER: GetSystemAbility success
CST 2026-07-17 19:57:14.063  3089  3089 I C01406/OHOS::RS: RSLogManager init log flag: 0x0(0)
CST 2026-07-17 19:57:14.064  3089  3089 I C01406/OHOS::RS: RSFrameRateLinker::Create id: 13267153977344
CST 2026-07-17 19:57:14.064  3089  3089 I C04202/WMSMain: VsyncStation: id 13267153977346 created
CST 2026-07-17 19:57:14.064  3089  3089 I C04200/WindowSceneSessionImpl: WindowSceneSessionImpl: [WMSCom] Constructor e3vpna0
CST 2026-07-17 19:57:14.064  3089  3089 E C04200/WMS: SetWindowType: permission denied!
CST 2026-07-17 19:57:14.064  3089  3089 I C0420a/WMSLife: Create: Window Create name:e3vpna0, state:0, mode:0
CST 2026-07-17 19:57:14.068  3378  3378 W C02c02/PARAM: Selinux check name persist.init.debug.loglevel in u:object_r:startup_init_param:s0 [3378 2000 2000] failed
CST 2026-07-17 19:57:14.068  3378  3378 W C02c02/PARAM: Selinux check name persist.init.debug.loglevel in u:object_r:startup_init_param:s0 [3378 2000 2000] failed
CST 2026-07-17 19:57:14.068  3378  3378 W C02c02/PARAM: SystemReadParam failed!name is:persist.init.debug.loglevel,err:1002
CST 2026-07-17 19:57:14.075  3378  3378 W C02c02/PARAM: Selinux check name persist.init.debug.loglevel in u:object_r:startup_init_param:s0 [3378 2000 2000] failed
CST 2026-07-17 19:57:14.075  3378  3378 W C02c02/PARAM: Selinux check name persist.init.debug.loglevel in u:object_r:startup_init_param:s0 [3378 2000 2000] failed
CST 2026-07-17 19:57:14.076  3378  3378 W C02c02/PARAM: SystemReadParam failed!name is:persist.init.debug.loglevel,err:1002
CST 2026-07-17 19:57:14.078   143   856 I C01800/SAMGR: NF SA:65962,776_92
CST 2026-07-17 19:57:14.137   769   902 E C02515/DGLES: [d_glGetProgramiv_special@glv3_status.cpp:1740] get programiv from host pname 8741 data 4217
CST 2026-07-17 19:57:14.191   769   902 W C01406/OHOS::RS: RSJankStats::SetJankStats jank frames 7
CST 2026-07-17 19:57:14.191   605   611 W C02515/DISP: [SetLayerMaskInfo:495] <private> is not supported
CST 2026-07-17 19:57:14.191   605   611 I C02515/DISP: [CommitComposeLayer:67] CommitComposeLayer! 10
CST 2026-07-17 19:57:14.192   769   769 E C01406/RSScreenManager: IsAllScreensPowerOff: screenPowerStatus_ is empty.
CST 2026-07-17 19:57:14.192  3089  3089 I C0420a/WMSLife: Create: SetIsAbilityHookOff 0
CST 2026-07-17 19:57:14.192  3089  3089 W C0420a/WMSLife: IsWindowSessionInvalid: already destroyed or not created! id: 0 state_: 0
CST 2026-07-17 19:57:14.192  3089  3089 W C04200/WindowSceneSessionImpl: AdjustWindowAnimationFlag: session invalid!
CST 2026-07-17 19:57:14.192  3089  3089 I C04200/WindowSceneSessionImpl: Remove window flag WINDOW_FLAG_SHOW_WHEN_LOCKED
CST 2026-07-17 19:57:14.193   143   856 I C01800/SAMGR: SubscribeSA:1901,3089_26_1
CST 2026-07-17 19:57:14.193   143   856 I C01800/SAMGR: NotifyAddSA:1901,3089_1
CST 2026-07-17 19:57:14.194  3089  3382 W C057c1/IPCWorkThread: ThreadHandler: proto:0 policy:0 name:OS_IPC_2_3382 invoker:14672336
CST 2026-07-17 19:57:14.194   305   551 E C01704/TagSched: [a92ab2189a2f6f6] [OpenQosCtrl]Failed to open qos_ctrl device
CST 2026-07-17 19:57:14.194   305   551 E C01704/TagSched: [a92ab2189a2f6f6] [IsQosHandleOpen]get qosSetHandle_ fail
CST 2026-07-17 19:57:14.194   305   551 E C01704/TagSched: [a92ab2189a2f6f6] [SetQosInternal]qosSetHandle open fail
CST 2026-07-17 19:57:14.194   305   551 E C01704/TagSched: [a92ab2189a2f6f6] [OpenQosCtrl]Failed to open qos_ctrl device
CST 2026-07-17 19:57:14.194   305   551 E C01704/TagSched: [a92ab2189a2f6f6] [IsQosHandleOpen]get qosSetHandle_ fail
CST 2026-07-17 19:57:14.194   305   551 E C01704/TagSched: [a92ab2189a2f6f6] [SetQosInternal]qosSetHandle open fail
CST 2026-07-17 19:57:14.194  3089  3089 I C0420a/WMSLife: Connect: in
CST 2026-07-17 19:57:14.194  1522  2943 I C01406/OHOS::RS: RSSurfaceNode::Unmarshalling, Node: 13267153977346, Name: e3vpna0
CST 2026-07-17 19:57:14.195  1522  2129 I C0420a/WMSLife: ConnectInner: [id: 30] state: 0,isTerminating:0, callingPid:3089, disableDelegator:0
CST 2026-07-17 19:57:14.195  3089  3361 I C04208/WMSLayout: NotifyAppHookWindowInfoUpdated: in
CST 2026-07-17 19:57:14.195  1522  1522 I C03930/AceAnimation: [(100000:100000:scope)] animateTo finish, cnt:26
CST 2026-07-17 19:57:14.195  1522  2129 I C04217/WMSAttribute: GetAbilityColorMode: winId: 30, colorMode: light, hasDarkRes: 0
CST 2026-07-17 19:57:14.195  1522  2129 I C01406/OHOS::RS: RSTransactionHandler::Begin syncId:0, transactionHandler:941898168, remoteTransactionDataStack.size:0
CST 2026-07-17 19:57:14.195  1522  2129 I C01406/OHOS::RS: RSTransactionHandler::Commit transactionHandler:941898168
CST 2026-07-17 19:57:14.195  1522  2129 I C04202/WMSMain: InitSessionPropertyWhenConnect: [id: 30] requestedOrientation: 0, defaultRequestedOrientation: 0, userRequestedOrientation: 0
CST 2026-07-17 19:57:14.195  1522  2129 I C0420c/WMSEvent: SetCallingPid: id:30, 3089
CST 2026-07-17 19:57:14.195  1522  2129 I C0420a/WMSLife: The windows of pid 3089 change to visibility.
CST 2026-07-17 19:57:14.195  1522  2129 I C0420a/WMSLife: OnSessionStateChange: id: 30, state: 1
CST 2026-07-17 19:57:14.195   770  1062 I C01311/AppMS: [WND_CHG_LSNR38]NotifyWindowPidVisibilityChanged called, pid:3089, visibilityState:0.
CST 2026-07-17 19:57:14.196  1522  1522 I A0420a/WMSLife: onSessionStateChange state:1
CST 2026-07-17 19:57:14.197   770  1062 W C04201/DMS: screen_cutout_controller.cpp GetCutoutArea: display:[ID: 0, W: 1320, H: 2856, R: 0,Mode 0]
CST 2026-07-17 19:57:14.197  1522  2129 I C0420b/WMSKeyboard: CheckEmptyKeyboardAvoidAreaIfNeeded: check keyboard avoid area, isPhoneNotFreeMultiWindow: 1, isPadNotFreeMultiWindow: 0
CST 2026-07-17 19:57:14.197  1522  2129 I C0393b/AceWindowScene: [(-1:100000:singleton)] isAbilityHook: 0
CST 2026-07-17 19:57:14.197  1522  2129 I C0420a/WMSLife: ConnectInner: set session id 30 disableDelegator 0
CST 2026-07-17 19:57:14.197  1522  2129 I C04200/WMS: NotifyPropertyWhenConnect: In
CST 2026-07-17 19:57:14.197  1522  1522 I C04204/WMSScb: GetSurfaceNode: id: 30, surfaceNode: RSNode [id: 13267153977346], RSUIContext [token: 6536940224513, tid: 1522], original: RSUIContext [token: 6536940224513, tid: 1522]
CST 2026-07-17 19:57:14.197  1522  2129 I C04207/WMSFocus: NotifySessionFocusableChange: id: 30, focusable: 1
CST 2026-07-17 19:57:14.197  1522  2129 I C04200/WMS: OnSessionTouchableChange: 1
CST 2026-07-17 19:57:14.197  1522  2129 I C04200/WMS: OnShowWhenLocked: 0
CST 2026-07-17 19:57:14.197  1522  1522 I C0393b/AceWindowScene: [(100000:100000:scope)] AddChild AppWindow, 2315
CST 2026-07-17 19:57:14.197  1522  2129 I C0421a/WMSLayoutPc: RegisterFoldScreenStatusChangeCallback: id: 30
CST 2026-07-17 19:57:14.197  1522  2129 W C0421a/WMSLayoutPc: RegisterFoldScreenStatusChangeCallback: callback has registered
CST 2026-07-17 19:57:14.197  1522  2129 I C0421a/WMSLayoutPc: RegisterSystemKeyboardStatusChangeCallback: id: 30
CST 2026-07-17 19:57:14.197  1522  1522 I C0393b/AceWindowScene: [(100000:100000:scope)] Add app window finished, id: 30, node id: 2315, name: cn.alfadb.netbird.e3vpna, rect: RectT (0.00, 0.00) - [1320.00 x 2856.00]
CST 2026-07-17 19:57:14.197  1522  2129 W C0421a/WMSLayoutPc: RegisterSystemKeyboardStatusChangeCallback: callback has registered
CST 2026-07-17 19:57:14.197  3089  3361 I C0421c/WMSCompat: SetAppHookWindowInfo: Id:0, preHookWindowInfo:[enableHookWindow: false, widthHookRatio: 1.000000, notifyWindowChange: false], newHookWindowInfo:[enableHookWindow: false, widthHookRatio: 1.000000, notifyWindowChange: false]
CST 2026-07-17 19:57:14.197  3089  3089 I C04208/WMSLayout: Connect: updateRect when connect.preRect:[0,0,0,0]rect:[0,0,1320,2856]
CST 2026-07-17 19:57:14.198  3089  3383 W C057c1/IPCWorkThread: ThreadHandler: proto:0 policy:0 name:OS_IPC_3_3383 invoker:14674064
CST 2026-07-17 19:57:14.198  3089  3361 I C04208/WMSLayout: UpdateRect: id:30 name:e3vpna0 rect:[0 0 1320 2856]->[0 0 1320 2856] reason:23 displayId:0
CST 2026-07-17 19:57:14.198  3089  3361 I C04208/WMSLayout: NotifyFirstValidLayoutUpdate: Id:30, rect:[0 0 1320 2856]
CST 2026-07-17 19:57:14.198  3089  3361 W C04208/WMSLayout: NotifySingleHandTransformChange: id:30, uiContent is nullptr
CST 2026-07-17 19:57:14.198  3089  3089 I C0420a/WMSLife: Connect: Window Connect [name:e3vpna0, id:30, type:1], ret:0, oriDisplayId:0, curDisplayId:0
CST 2026-07-17 19:57:14.198  3089  3089 I C0421c/WMSCompat: SendCombinedCompatibleConfigToArkUI: bundleName: cn.alfadb.netbird.e3vpna, combinedCompatibleConfig size: 2
CST 2026-07-17 19:57:14.198  3089  3089 I C0421c/WMSCompat: SendCombinedCompatibleConfigToArkUI: bundleName:cn.alfadb.netbird.e3vpna, logicalDeviceConfig size:2, arkUIAndWebConfig size:65
CST 2026-07-17 19:57:14.198  3089  3089 I C03900/ACE_UIContent: [201]get angle info: {}
CST 2026-07-17 19:57:14.198  3089  3089 I C0421c/WMSCompat: SendCombinedCompatibleConfigToArkUI: Send null logical device config to arkui
CST 2026-07-17 19:57:14.198  3089  3089 I C0421c/WMSCompat: SendCombinedCompatibleConfigToArkUI: Send combined compatible config to arkui successfully!
CST 2026-07-17 19:57:14.198  3089  3089 I C04208/WMSLayout: SetWindowMode: windowId: 30, windowModeSupportType: 63, mode: 1
CST 2026-07-17 19:57:14.199  1522  1533 E C04200/WMS: UpdateSessionPropertyByAction: permission denied! action: 262144
CST 2026-07-17 19:57:14.199   201   918 I C01d00/accessibility: [(WindowUpdateAll:1027)]WindowUpdateAll start activeWindowId_: -1
CST 2026-07-17 19:57:14.199  3089  3089 I C04208/WMSLayout: NotifyWindowStatusChange: id:30, windowMode:1, windowStatus:1, lastWindowStatus:0, skipRedundantWindowStatusNotifications:0
CST 2026-07-17 19:57:14.199   201   918 I C01d00/accessibility: [(WindowUpdateAll:1079)]WindowUpdateAll end activeWindowId_: -1
CST 2026-07-17 19:57:14.200  3089  3089 I C04208/WMSLayout: SetConfigWindowLimitsVP: id:30, windowLimits:[0 0 0 0 0.000000 0.000000 1.000000 1]
CST 2026-07-17 19:57:14.200  1522  2129 I C04209/WMSImms: OnNeedAvoid win 30 status 0
CST 2026-07-17 19:57:14.200  1522  1522 I A04200/WINDOW: SCBScene: [SCBKeyboard] keyboard session is null, no need update keyboard offset
CST 2026-07-17 19:57:14.200  3089  3089 I C04208/WMSLayout: GetSystemSizeLimits: px[6720,6720,1120,840], vp[1920,1920,320,240], configMax:1920, vpr:3.500000, winType:1
CST 2026-07-17 19:57:14.200  1522  2129 I C04208/WMSLayout: HandleActionUpdateWindowLimits: id:30, px:[6720 6720 1120 840 0.000000 0.000000 3.500000 0], vp:[1920 1920 320 240 0.000000 0.000000 3.500000 1], userLimitsUnit:1
CST 2026-07-17 19:57:14.200  3089  3089 I C0421a/WMSLayoutPc: GetSupportedWindowModesConfiguration: winId: 30, windowModeSupportType: 15
CST 2026-07-17 19:57:14.200  3089  3089 I C04202/WMSMain: SetSupportedWindowModesForAncoInFreeWindow: is not anco app, need not update support window mode.
CST 2026-07-17 19:57:14.200  1522  1522 I A04200/WINDOW: SCBSceneSession: onSessionWindowLimitsChange
CST 2026-07-17 19:57:14.200  3089  3089 I C04208/WMSLayout: GetConfigurationFromAbilityInfo: windowId: 30, windowModeSupportType: 15, isAncoSupportFreeWindow: 0
CST 2026-07-17 19:57:14.200  1522  1533 E C04200/WMS: UpdateSessionPropertyByAction: permission denied! action: 2048
CST 2026-07-17 19:57:14.201  3089  3089 I C0420f/WMSRecover: RegisterSessionRecoverCallbackFunc: persistentId=30
CST 2026-07-17 19:57:14.201  3089  3089 I C04209/WMSImms: UpdateStatusBarColorByColorMode: win 30 type 1 hasDarkRes 0 colorMode light
CST 2026-07-17 19:57:14.201   201  2303 I C01d00/accessibility: [(WindowUpdateAll:1027)]WindowUpdateAll start activeWindowId_: -1
CST 2026-07-17 19:57:14.201  3089  3089 I C04200/WMS: IsMainHandlerAvailable: id:30, isAvailable:1
CST 2026-07-17 19:57:14.201  3089  3089 I C04200/WMS: IsMainHandlerAvailable: id:30, isAvailable:1
CST 2026-07-17 19:57:14.201  3089  3089 I C02800/InputManagerImpl: [][SetWindowInputEventConsumer:366] enter
CST 2026-07-17 19:57:14.202   201  2303 I C01d00/accessibility: [(WindowUpdateAll:1079)]WindowUpdateAll end activeWindowId_: -1
CST 2026-07-17 19:57:14.202  1522  1522 I A04200/WINDOW: SCBSSM: onStatusBarEnableChange screenId: 0 statusBarEnable: true
CST 2026-07-17 19:57:14.202   251   516 I C02800/ClientDeathHandler: [|113]Insert Death recipient pid:3089 has existed
CST 2026-07-17 19:57:14.202   251   538 I C02801/MMIService: [|4838]TransferBinderClientSrv result:0
CST 2026-07-17 19:57:14.203   251   538 I C02800/Util: [][GetProcessName:662] enter
CST 2026-07-17 19:57:14.203   251   538 I C02800/Util: [][GetProcessName] leave
CST 2026-07-17 19:57:14.203   251   538 I C02801/MMIService: [|643]Enter, programName:{cn.alfadb.netbird.e3vpna:1}, moduleType:0, pid:3089
CST 2026-07-17 19:57:14.203   251   516 E C02801/UDSServer: [|59]Not found pid:3089
CST 2026-07-17 19:57:14.203   251   516 E C02800/Util: [|406]CHKPS(realpath(filePath.c_str(), realPath)) is null
CST 2026-07-17 19:57:14.203   251   516 E C02801/BundleNameParser: [|49]Read bundleName failed
CST 2026-07-17 19:57:14.203   251   516 E C02801/BundleNameParser: [|70]Init failed
CST 2026-07-17 19:57:14.203   251   516 I C02801/MMIService: [|314]The userdata:[fd:41, type:1]
CST 2026-07-17 19:57:14.203   251   516 I C02801/UDSServer: [|329]Add 41 in epollEvent map
CST 2026-07-17 19:57:14.203   251   516 I C02801/UDSServer: [|423]The pid:3089, fd:41
CST 2026-07-17 19:57:14.203   251   516 I C02801/UDSServer: [|442]AddSession end
CST 2026-07-17 19:57:14.203   251   516 I C02801/MMIService: [|733]Get fd:41
CST 2026-07-17 19:57:14.203   251   538 I C02801/MMIService: [|670]Leave, programName:cn.alfadb.netbird.e3vpna, moduleType:0, alloc success
CST 2026-07-17 19:57:14.204  3089  3089 I C02800/MMIClient: [|267]Connection to server succeeded, fd:32
CST 2026-07-17 19:57:14.204  3089  3089 I C02800/MMIClient: [|166]Server was listening
CST 2026-07-17 19:57:14.204  3089  3089 I C02800/MMIClient: [|127]reuse current event handler, thread name:
CST 2026-07-17 19:57:14.204  3089  3089 I C02800/MMIClient: [|130]File fd is in listening
CST 2026-07-17 19:57:14.204  3089  3089 I C02800/InputManagerImpl: [][SetWindowInputEventConsumer] leave
CST 2026-07-17 19:57:14.204  3089  3089 I C0420c/WMSEvent: AddInputWindow: SetWindowInputEventConsumer success, wid:30
CST 2026-07-17 19:57:14.204  3089  3089 I C0420c/WMSEvent: LoadGameController: in
CST 2026-07-17 19:57:14.206  1522  2132 I C0420c/WMSEvent: LogWinInfo: eid:17,size:9,idList:3|0|1|100|1522|1522|1;4|0|1|101|1522|1522|1;7|0|0|1|1522|1522|1;10|0|0|2|1522|1522|1;17|0|1|3|1522|1522|1;19|0|2048|2200|1522|1522|1;21|0|0|2202|1522|1522|1;25|0|2048|4102|1522|1522|2;30|0|0|102|3089|3089|1;30|0,0|1,1|-84,-84,1488,3024
CST 2026-07-17 19:57:14.207   251   516 I C02803/InputWindowsManager: [|8263]newMainDisplayInfo:0, oldMainDisplayInfo:0
CST 2026-07-17 19:57:14.207   251   516 I C02803/InputWindowsManager: [|8263]newMainDisplayInfo:0, oldMainDisplayInfo:0
CST 2026-07-17 19:57:14.207   251   516 I C02803/InputWindowsManager: [|2067]19|0|2758|1320|98|1,0|0|1320|98
CST 2026-07-17 19:57:14.210  3089  3089 I C04732/GameController: [(RegisterEntryModule:24)]begin load gamecontroller_event
CST 2026-07-17 19:57:14.210  3089  3089 I C04732/GameController: [(StartInputToTouch:61)]Begin StartInputToTouch
CST 2026-07-17 19:57:14.210  3089  3089 I C0420c/WMSEvent: LoadGameController: dlopen GameController success
CST 2026-07-17 19:57:14.210  1522  1522 I C01406/RSNode: RSNode::AddChild, Id: 6536940225366, SurfaceNode:[Id: 13267153977346, name: e3vpna0]
CST 2026-07-17 19:57:14.211   770   800 W C011fc/BMSExt: [IsTargetApp:729]bundleName or appIdentifier is empty
CST 2026-07-17 19:57:14.211  3089  3089 I C0420c/WMSEvent: SubscribeEvent: Subscribe touch.events.touchpredict Event
CST 2026-07-17 19:57:14.211  3089  3384 I C04732/GameController: [(GetSelfBundleName:49)]The current bundleName [cn.alfadb.netbird.e3vpna]. version [0.0.1]
CST 2026-07-17 19:57:14.211  3089  3384 I C04732/GameController: [(IsCommonApp:94)]The [cn.alfadb.netbird.e3vpna] is a common app.
CST 2026-07-17 19:57:14.211  3089  3384 W C04732/GameController: [(ReadJsonFromFile:224)]realpath failed for [/data/service/el1/public/for-all-app/gamecontroller_server/game_support_key_mapping.json]
CST 2026-07-17 19:57:14.211  3089  3384 I C04732/GameController: [(SetSupportKeyMapping:73)]SetSupportKeyMapping. isSupportKeyMapping_ is [0]
CST 2026-07-17 19:57:14.211  3089  3384 I C04732/GameController: [(DoAsyncTask:76)]The app does not support input-to-touch feature.
CST 2026-07-17 19:57:14.212   143   143 I C01800/SAMGR: SubscribeSA:3299,3089_132_2
CST 2026-07-17 19:57:14.212   143   143 I C01800/SAMGR: NotifyAddSA:3299,3089_2
CST 2026-07-17 19:57:14.212  3089  3089 I C04217/WMSAttribute: ConnectServer: start connect
CST 2026-07-17 19:57:14.212  3089  3089 I C04217/WMSAttribute: ConnectServer: end connect
CST 2026-07-17 19:57:14.212  3089  3089 W C04217/WMSAttribute: RegisterGetWMSWindowListCallback: callback has registered
CST 2026-07-17 19:57:14.212  3089  3089 I C04217/WMSAttribute: RegisterGetWMSWindowListCallback: winId: 30
CST 2026-07-17 19:57:14.212  3089  3089 I C04217/WMSAttribute: UpdateColorMode: winId: 30, colorMode: light
CST 2026-07-17 19:57:14.212   770   992 I C01202/Subscriber: Subscribe cn.alfadb.netbird.e3vpna(userId = 100, subId = 3089_20020062_-1_511_79072, ffrtCost 0 ms, taskCost 0 ms)
CST 2026-07-17 19:57:14.212  3089  3089 I C04218/WMSPc: UpdateSidebarBlurStyleWhenColorModeChange: in, persistentId=30
CST 2026-07-17 19:57:14.212  3089  3089 W C04218/WMSPc: UpdateSidebarBlurStyleWhenColorModeChange: RSAnimatableProperty is null
CST 2026-07-17 19:57:14.212  3089  3089 I C04217/WMSAttribute: UpdateColorMode: winId: 30, colorMode: light, hasDarkRes: 0
CST 2026-07-17 19:57:14.212  3089  3089 I C0421c/WMSCompat: SetPcAppInpadSpecificSystemBarInvisible: isPcAppInpadSpecificSystemBarInvisible: 0
CST 2026-07-17 19:57:14.212  3089  3089 I C0421c/WMSCompat: SetPcAppInpadOrientationLandscape: isPcAppInpadOrientationLandscape: 0
CST 2026-07-17 19:57:14.212  1522  2943 I C04217/WMSAttribute: OnUpdateColorMode: winId: 30, colorMode: light, hasDarkRes: 0
CST 2026-07-17 19:57:14.212  3089  3089 I C0420a/WMSLife: Create: Window Create success [name:e3vpna0, id:30], state:1, mode:1, enableDefaultDensity:0, displayId:0
CST 2026-07-17 19:57:14.212  1522  2943 I C04217/WMSAttribute: GetAbilityColorMode: winId: 30, colorMode: light, hasDarkRes: 0
CST 2026-07-17 19:57:14.212  3089  3089 E C04200/WMS: singleton_container.cpp GetSingleton: cant get OHOS::Rosen::WindowInfoReporter
CST 2026-07-17 19:57:14.212  1522  2943 I C01406/OHOS::RS: RSTransactionHandler::Begin syncId:0, transactionHandler:941898168, remoteTransactionDataStack.size:0
CST 2026-07-17 19:57:14.213  1522  2943 I C01406/OHOS::RS: RSTransactionHandler::Commit transactionHandler:941898168
CST 2026-07-17 19:57:14.213  3089  3089 I C01332/UIAbility: [JUA2036]JsUIAbility call js, name: onWindowStageCreate
CST 2026-07-17 19:57:14.213  3089  3089 I C04200/JsWindowStage: LoadContent: [NAPI]
CST 2026-07-17 19:57:14.214  3089  3089 I C01332/UIAbility: [JUA2081]end, name: onWindowStageCreate, time: 1
CST 2026-07-17 19:57:14.214  3089  3089 I C0420a/WMSLife: NotifyWindowStageCreateFinished: id: 30
CST 2026-07-17 19:57:14.214  3089  3089 I C01332/UIAbility: [JUA2036]JsUIAbility call js, name: onWillForeground
CST 2026-07-17 19:57:14.214  3089  3089 I C01332/UIAbility: [JUA2081]end, name: onWillForeground, time: 0
CST 2026-07-17 19:57:14.214  1522  2129 I C0420a/WMSLife: OnSessionEvent event: 201
CST 2026-07-17 19:57:14.214  1522  2129 I C04200/WMS: OnSessionEvent: 201
CST 2026-07-17 19:57:14.214  3089  3089 I C04202/WMSMain: GoForeground: reason: 4
CST 2026-07-17 19:57:14.214  3089  3089 I C0420a/WMSLife: Show: Window show [name: e3vpna0, id: 30, type: 1], reason: 4, state:1, requestState:1
CST 2026-07-17 19:57:14.214  3089  3089 I C04208/WMSLayout: GetSystemSizeLimits: px[6720,6720,1120,840], vp[1920,1920,320,240], configMax:1920, vpr:3.500000, winType:1
CST 2026-07-17 19:57:14.214  3089  3089 I C04208/WMSLayout: UpdateNewSize: fullscreen or compatible mode could not update new size, Id: 30
CST 2026-07-17 19:57:14.214  1522  2129 I C04208/WMSLayout: HandleActionUpdateWindowLimits: id:30, px:[6720 6720 1120 840 0.000000 0.000000 3.500000 0], vp:[1920 1920 320 240 0.000000 0.000000 3.500000 1], userLimitsUnit:1
CST 2026-07-17 19:57:14.214  1522  1522 I A04200/WINDOW: SCBSceneSession: onSessionWindowLimitsChange
CST 2026-07-17 19:57:14.214  3089  3089 I C04217/WMSAttribute: IsSystemDensityChanged: windowId: 30, lastDensity: -1.000000, currDensity: 3.500000
CST 2026-07-17 19:57:14.215  3089  3089 W C04200/WindowSessionImpl: UpdateViewportConfig: uiContent is null!
CST 2026-07-17 19:57:14.215  1522  2129 I C0420a/WMSLife: Foreground: [id: 30] state:1, isTerminating:0
CST 2026-07-17 19:57:14.215  1522  2129 I C0420a/WMSLife: OnSessionStateChange: id: 30, state: 2
CST 2026-07-17 19:57:14.215  1522  2129 I C04207/WMSFocus: NotifyFocusStatus: name: cn.alfadb.netbird.e3vpna/EntryAbility/e3vpna0, id: 30, isFocused: 1
CST 2026-07-17 19:57:14.215  3089  3089 I C01332/UIAbility: [ui_ability_impl.cpp439]wnd call, AfterForeground
CST 2026-07-17 19:57:14.215  3089  3089 W C0420a/WMSLife: GetAttachStateSyncResult: lifecycleCallback is null
CST 2026-07-17 19:57:14.215  3089  3089 I C01406/OHOS::RS: RSFrameRateLinker::Create id: 13267153977345
CST 2026-07-17 19:57:14.215   201  2133 I C01d00/accessibility: [(WindowUpdateAll:1027)]WindowUpdateAll start activeWindowId_: -1
CST 2026-07-17 19:57:14.215   201  2133 I C01d00/accessibility: [(SetActiveWindow:398)]windowId is 30, activeWindowId_: -1
CST 2026-07-17 19:57:14.215  1522  1522 I A0420a/WMSLife: onSessionStateChange state:2
CST 2026-07-17 19:57:14.216  1522  1522 I A04200/WINDOW: SCBScreenSM: regScreenPropChange: at onSessionStateChange (SCBSceneSession.ts:3356:55)
CST 2026-07-17 19:57:14.216  1522  1522 I A04200/WINDOW: SCBScreenSM: recordEventFromScb
CST 2026-07-17 19:57:14.216  1522  1522 I A04200/WINDOW: SCBScreenSM: regScreenPropChange screenId: 0 true null false false25
CST 2026-07-17 19:57:14.216  1522  1522 I A04209/WMSImms: win:30 foreground
CST 2026-07-17 19:57:14.216  1522  1522 I A01b00/SCB: SCBSSM: updateNavigationBarProperty navigationBarEnable: true
CST 2026-07-17 19:57:14.216  1522  1522 I A01b00/SCB: SCBSSM: updateNavigationBarProperty 0
CST 2026-07-17 19:57:14.216  1522  1522 I A01b0a/GESTURE: FloatingNavigationManager --> checkShowFloatingNavigation switch is closed
CST 2026-07-17 19:57:14.217  1522  1522 I A01b0a/GESTURE: GestureDockPreferenceUtil --> onSceneStateChange,isForegroud:true,bundleName:cn.alfadb.netbird.e3vpna,appIndex:0 sceneInfo.abilityName:EntryAbility
CST 2026-07-17 19:57:14.217  1522  1522 I A01b0a/GESTURE: GestureDockPreferenceUtil --> addGestureDockRecentPreference
CST 2026-07-17 19:57:14.217  1522  1522 I A01b01/HOME: AppModel: currentBundleInfoList length: 8
CST 2026-07-17 19:57:14.217  1522  1522 I A01b0a/GESTURE: GestureDockPreferenceUtil --> addGestureDockRecentPreference, bundleName:cn.alfadb.netbird.e3vpna appIndex:0 abilityName:EntryAbility.
CST 2026-07-17 19:57:14.217  1522  1522 I A01b09/RECENT: RecentGestureEventManager: onSceneStateChange,isForegroud:true,bundleName:cn.alfadb.netbird.e3vpna abilityName:EntryAbility
CST 2026-07-17 19:57:14.217  1522  1522 I A01b0a/GESTURE: AIBarView --> bundleName:cn.alfadb.netbird.e3vpna isEnterDeliver:false
CST 2026-07-17 19:57:14.217  1522  1522 I A01b0a/GESTURE: GestureDockPreferenceUtil --> Index is 0
CST 2026-07-17 19:57:14.217  1522  1522 I A01b0a/GESTURE: GestureDockPreferenceUtil --> app is already first in recent dock
CST 2026-07-17 19:57:14.222   201  2133 I C01d00/accessibility: [(SetActiveWindow:398)]windowId is 30, activeWindowId_: 30
CST 2026-07-17 19:57:14.223   770  1063 I C01311/AppMS: [AMSI8418]uid:20020062, pid:3089
CST 2026-07-17 19:57:14.223   779  1243 I C04621/CFWKService: [window_state_manager_lite.cpp:197]NotifyFocusChanged# focus on 3089, 20020062, 30
CST 2026-07-17 19:57:14.223   209   586 I C02b83/AudioServiceAppStateListener: [OnAppStateChanged]app state changed, bundleName=cn.alfadb.netbird.e3vpna uid=20020062 pid=3089 state=2
CST 2026-07-17 19:57:14.223   209   586 W C02b8b/DfxMsgManager: [UpdateAppState]discard unstarted audio stream app state
CST 2026-07-17 19:57:14.223   305   540 I C01710/BUNDLE_ACTIVE: [bundle_active_app_state_obsever.cpp(OnAbilityStateChanged):61]OnAblityStateChanged userid is 100, bundle name is cn.alfadb.netbird.e3vpna, uid is 20020062, event is 2, timestamp is 79083
CST 2026-07-17 19:57:14.223   315   385 I C015b5/NetMgrEnhanced: NotifyAbilityStateChanged:uid=2******2, pid=3089, state=2, abilityName=EntryAbility
CST 2026-07-17 19:57:14.223   775  1087 I C02b91/AVSession: [HandleAppStateChanged]uid=20020062|pid=3089|state=2
CST 2026-07-17 19:57:14.224   770  1098 W C01123/BMSCommon: uid(2000) invalid
CST 2026-07-17 19:57:14.224   332   389 I C01f0b/TelephonyExtPower: IsUidHotSwitch: false
CST 2026-07-17 19:57:14.224  1128  1302 I C01560/WifiFrameWork: OnForegroundApplicationChanged bundleName: cn.alfadb.netbird.e3vpna, uid: 20020062, state: 2, isFocused: 1
CST 2026-07-17 19:57:14.225  1128  1169 I C01560/StaStateMachine: SeparatedState-msgCode=12324 received. m_instId=0
CST 2026-07-17 19:57:14.225  1128  1169 I C01560/StaStateMachine: InitState-msgCode=12324 is received. m_instId = 0
CST 2026-07-17 19:57:14.225  1128  1169 I C01560/StaStateMachine: ClosedState-msgCode=12324 is received. m_instId = 0
CST 2026-07-17 19:57:14.225  1128  1128 I C01560/WifiFrameWork: OnForegroundApplicationChanged bundleName: cn.alfadb.netbird.e3vpna, uid: 20020062, state: 2, isFocused: 1
CST 2026-07-17 19:57:14.225   305   375 I C01706/ueaServer-FrameMsgIntf: [a92ab7189a36e8d] ReportProcessInfo pid is 3089, uid is 20020062
CST 2026-07-17 19:57:14.225   305   375 I C01731/SUSPEND_MSG: [a92ab8189a36f0d] 20020062_cn.alfadb.netbird.e3vpna_3089, state:2
CST 2026-07-17 19:57:14.225   305   375 E C01724/TASK_DETECTION: [a92ab8189a36f0d] [OnAppStateChanged:632]Task detection feature is not ready
CST 2026-07-17 19:57:14.225   305   375 I C01706/ueaServer-IntelliSenseServer: [a92ab7189a36e8d] Get app info:3089 20020062 cn.alfadb.netbird.e3vpna 2
CST 2026-07-17 19:57:14.225   305   375 I C01705/IOLIMIT: [a92ab7189a36e8d] [(HandleAppStateChange):263] Add foreground list app uid: 20020062, pid: 3089.
CST 2026-07-17 19:57:14.225   315   941 I C015b5/NetMgrEnhanced: uid:20020062, pid:3089, state:2, isFocused:1, cn.alfadb.netbird.e3vpna
CST 2026-07-17 19:57:14.225   305   375 E C01717/APP_TYPE_MGR: [a92ab8189a36f0d] App type manager service is not ready, RequestApplicationType failed
CST 2026-07-17 19:57:14.225  1128  1298 I C01560/StaStateMachine: SeparatedState-msgCode=12324 received. m_instId=0
CST 2026-07-17 19:57:14.225  1128  1298 I C01560/StaStateMachine: InitState-msgCode=12324 is received. m_instId = 0
CST 2026-07-17 19:57:14.225  1128  1298 I C01560/StaStateMachine: ClosedState-msgCode=12324 is received. m_instId = 0
CST 2026-07-17 19:57:14.225   315   385 I C015b5/NetMgrEnhanced: uid=2******2, pid=3089, state=2, bundleName=cn.alfadb.netbird.e3vpna, isFocused =1.
CST 2026-07-17 19:57:14.225  2361  2378 I C05a05/AppStateObserver: [AddProcessToForegroundSet]pid 3089 is already in foreground
CST 2026-07-17 19:57:14.225   332   389 I C01f0b/TelephonyExtPower: Hot Switch List Add uid: 20020062
CST 2026-07-17 19:57:14.225   332   389 I C01f0b/Common: MsdpMovementManage ProcessEvent eventId=6
CST 2026-07-17 19:57:14.226   315   385 W C01650/RdbStoreManager: IsConfigInvalidChanged:no bundleName
CST 2026-07-17 19:57:14.226   332   389 I C01f0b/ConnCure: IsUserDataEnabled: 1
CST 2026-07-17 19:57:14.226   315   385 E C01650/SilentProxy: IsSupportSilentFromService:GetRdbService failed, err is 27394049.
CST 2026-07-17 19:57:14.226   162  1023 I C02d10/ProcessStatus: UpdateProcessForegroundState: pid=3089 state=FOREGROUND
CST 2026-07-17 19:57:14.226  1522  2129 I C04207/WMSFocus: NotifySessionFocused: Id:30
CST 2026-07-17 19:57:14.227   286   288 E C01700/RSS: [a92ab4189a368c0] DeliverResource, PluginMgr resType 1002 no lib register!
CST 2026-07-17 19:57:14.227  1522  2129 I C0420a/WMSLife: SetActive: new active:1, id:30, state:2
CST 2026-07-17 19:57:14.227  1522  2129 I C0420a/WMSLife: OnSessionStateChange: id: 30, state: 3
CST 2026-07-17 19:57:14.227  1522  2129 I C01406/OHOS::RS: RSTransactionHandler::Begin syncId:0, transactionHandler:435225426, remoteTransactionDataStack.size:0
CST 2026-07-17 19:57:14.227   251   538 I C02801/AppStateObserver: [|39]Process state change app name:cn.alfadb.netbird.e3vpna, uid:20020062, state:2
CST 2026-07-17 19:57:14.227  1522  2129 I C01406/OHOS::RS: RSSurfaceNode::SetSecurityLayer, surfaceNodeId:[6536940225366] isSecurityLayer:false
CST 2026-07-17 19:57:14.227  1522  2129 I C01406/OHOS::RS: RSTransactionHandler::Commit transactionHandler:435225426
CST 2026-07-17 19:57:14.228   315   385 I C01650/ConnectionPool: Create:code:0 app[:] area[el1] cfg[0,0,0,0,5,0,0]net***.db:<DB,0xc81c3,12288,100660><DWR,0xc81c4,12288,100660><SHM,0xc81c7,32768,100660><WAL,0xc81c5,0,100660>, pathSize:60
CST 2026-07-17 19:57:14.228   305   368 I C01710/BUNDLE_ACTIVE: [bundle_active_bundle_mgr_helper.cpp(GetApplicationInfo):65]bundleMgr is null: 0 
CST 2026-07-17 19:57:14.228   305   553 E C01704/TagSched: [a92ab4189a368c0] [ExecutorCheckTidIsInPid][Executor] ExecutorCheckTidIsInPid get reply is invalied
CST 2026-07-17 19:57:14.228   201  2133 I C01d00/accessibility: [(WindowUpdateAll:1079)]WindowUpdateAll end activeWindowId_: 30
CST 2026-07-17 19:57:14.228   305   553 I C01704/TagSched: [a92ab4189a368c0] [SetQosRealtimeTask]ThreadModifyQos,setQos 769 tid[854],  qos[7]
CST 2026-07-17 19:57:14.228   305   553 E C01704/TagSched: [a92ab4189a368c0] [OpenQosCtrl]Failed to open qos_ctrl device
CST 2026-07-17 19:57:14.228   201  2133 I C01d00/accessibility: [(WindowUpdateAll:1027)]WindowUpdateAll start activeWindowId_: 30
CST 2026-07-17 19:57:14.228   305   553 E C01704/TagSched: [a92ab4189a368c0] [IsQosHandleOpen]get qosSetHandle_ fail
CST 2026-07-17 19:57:14.228   305   553 E C01704/TagSched: [a92ab4189a368c0] [SetQosInternal]qosSetHandle open fail
CST 2026-07-17 19:57:14.228   305   553 E C01704/TagSched: [a92ab4189a368c0] [OpenQosCtrl]Failed to open qos_ctrl device
CST 2026-07-17 19:57:14.228   305   553 E C01704/TagSched: [a92ab4189a368c0] [IsQosHandleOpen]get qosSetHandle_ fail
CST 2026-07-17 19:57:14.228   305   553 E C01704/TagSched: [a92ab4189a368c0] [SetQosInternal]qosSetHandle open fail
CST 2026-07-17 19:57:14.228   305   553 E C01704/TagSched: [a92ab4189a368c0] [OpenQosCtrl]Failed to open qos_ctrl device
CST 2026-07-17 19:57:14.228   305   553 E C01704/TagSched: [a92ab4189a368c0] [IsQosHandleOpen]get qosSetHandle_ fail
CST 2026-07-17 19:57:14.228   305   553 E C01704/TagSched: [a92ab4189a368c0] [SetQosInternal]qosSetHandle open fail
CST 2026-07-17 19:57:14.228   201  2133 I C01d00/accessibility: [(SetActiveWindow:398)]windowId is 30, activeWindowId_: -1
CST 2026-07-17 19:57:14.228   315   385 W C015b5/NetMgrEnhanced: Qoe is not supported.
CST 2026-07-17 19:57:14.228   315   385 I C015b5/NetMgrEnhanced: qoeInterface is null
CST 2026-07-17 19:57:14.228   201  2133 I C01d00/accessibility: [(WindowUpdateAll:1079)]WindowUpdateAll end activeWindowId_: 30
CST 2026-07-17 19:57:14.228   201  2133 I C01d00/accessibility: [(WindowUpdateAll:1027)]WindowUpdateAll start activeWindowId_: 30
CST 2026-07-17 19:57:14.228   201  2133 I C01d00/accessibility: [(SetActiveWindow:398)]windowId is 30, activeWindowId_: -1
CST 2026-07-17 19:57:14.228   201  2133 I C01d00/accessibility: [(WindowUpdateAll:1079)]WindowUpdateAll end activeWindowId_: 30
CST 2026-07-17 19:57:14.228  1128  1178 E C01560/WifiEnhanceCmdClient: SendCommandToDriverByInterfaceName ioctl failed, error is: 95.
CST 2026-07-17 19:57:14.228  1128  1178 E C01560/WifiEnhanceRxListen: CheckRxListenSwitch enable rx_listen fail
CST 2026-07-17 19:57:14.229  1128  1178 E C01560/MultiLinkUtils: IsDeviceSupportMultiLink chipname is empty or doesn't exist, return unknown
CST 2026-07-17 19:57:14.229  1128  1178 E C01560/MultiLinkUtils: Chip type not suppoort MultiLink
CST 2026-07-17 19:57:14.229  1128  1178 I C01560/EnhanceEventSubscriberManager: OnForeGroundAppChanged cn.alfadb.netbird.e3vpna uid:20020062
CST 2026-07-17 19:57:14.229   251   538 I C02801/AppStateObserver: [|90]The foregroundAppData_.size():3
CST 2026-07-17 19:57:14.229  1522  2129 I C0421e/WMSAnimation: DisableUIFirstIfNeed: UIFirst is disabled, id: 30.
CST 2026-07-17 19:57:14.229   201  2133 I C01d00/accessibility: [(WindowUpdateAll:1027)]WindowUpdateAll start activeWindowId_: 30
CST 2026-07-17 19:57:14.229   305   551 E C01731/SUSPEND_MSG: [a92ab3189a3675f] [(ThawOneApplication):37] suspend manager is not ready.
CST 2026-07-17 19:57:14.229   201  2133 I C01d00/accessibility: [(SetActiveWindow:398)]windowId is 30, activeWindowId_: -1
CST 2026-07-17 19:57:14.229   305   551 E C01704/TagSched: [a92aba189a37f49] [OpenQosCtrl]Failed to open qos_ctrl device
CST 2026-07-17 19:57:14.229   305   551 E C01704/TagSched: [a92aba189a37f49] [IsQosHandleOpen]get qosSetHandle_ fail
CST 2026-07-17 19:57:14.229   305   551 E C01704/TagSched: [a92aba189a37f49] [SetQosInternal]qosSetHandle open fail
CST 2026-07-17 19:57:14.229   305   551 E C01704/TagSched: [a92aba189a37f49] [OpenQosCtrl]Failed to open qos_ctrl device
CST 2026-07-17 19:57:14.229   305   551 E C01704/TagSched: [a92aba189a37f49] [IsQosHandleOpen]get qosSetHandle_ fail
CST 2026-07-17 19:57:14.229   305   551 E C01704/TagSched: [a92aba189a37f49] [SetQosInternal]qosSetHandle open fail
CST 2026-07-17 19:57:14.229   305   551 I C01706/ueaServer-IntelliSenseServer: [a92aba189a37f49] [ReportWindowFocus]:3089 get focus in screen 0
CST 2026-07-17 19:57:14.229   201  2133 I C01d00/accessibility: [(WindowUpdateAll:1079)]WindowUpdateAll end activeWindowId_: 30
CST 2026-07-17 19:57:14.229   305   551 E C01704/TagSched: [a92aba189a37f49] [OpenQosCtrl]Failed to open qos_ctrl device
CST 2026-07-17 19:57:14.229   305   551 E C01704/TagSched: [a92aba189a37f49] [IsQosHandleOpen]get qosSetHandle_ fail
CST 2026-07-17 19:57:14.229   305   551 E C01704/TagSched: [a92aba189a37f49] [SetUclamp]qosSetHandle open fail
CST 2026-07-17 19:57:14.229  1128  1298 I C01560/WifiEnhanceFsArbitration: CheckFastSleepSwitch: enter, arbitrationCond_: 168, fastSleepLevel_: 0, isScreenOn_: 1, isConnectState_: 0, isP2pConnected_: 0, isRssFastSleepOn_: 0, isLowLatencyApp_: 0, isWhiteListApp_: 0, isBlackListApp_: 0, aiWhiteListAppCategory_: 0, isRttGood_: 1
CST 2026-07-17 19:57:14.229   305   551 E C01704/TagSched: [a92aba189a37f49] [OpenQosCtrl]Failed to open qos_ctrl device
CST 2026-07-17 19:57:14.229   305   551 E C01704/TagSched: [a92aba189a37f49] [IsQosHandleOpen]get qosSetHandle_ fail
CST 2026-07-17 19:57:14.229   305   551 E C01704/TagSched: [a92aba189a37f49] [SetUclamp]qosSetHandle open fail
CST 2026-07-17 19:57:14.229   305   551 E C01704/TagSched: [a92aba189a37f49] [OpenQosCtrl]Failed to open qos_ctrl device
CST 2026-07-17 19:57:14.229   305   551 E C01704/TagSched: [a92aba189a37f49] [IsQosHandleOpen]get qosSetHandle_ fail
CST 2026-07-17 19:57:14.229   305   551 E C01704/TagSched: [a92aba189a37f49] [SetUclamp]qosSetHandle open fail
CST 2026-07-17 19:57:14.230  3089  3383 I C04207/WMSFocus: UpdateFocusState: focus: 1, id: 30
CST 2026-07-17 19:57:14.230  3089  3361 I C04207/WMSFocus: NotifyHighlightChange: windowId: 30, isHighlight: 1,
CST 2026-07-17 19:57:14.230  3089  3361 E C0420a/WMSLife: NotifyUIExtHostRectChangeInGlobalDisplayListeners: uiContent is null
CST 2026-07-17 19:57:14.230  3089  3361 W C04208/WMSLayout: NotifySingleHandTransformChange: id:30, uiContent is nullptr
CST 2026-07-17 19:57:14.230  1522  1522 I A0001b/AA: RecentlyUseController --> buildRecentlyUseInfo {"bundleName":"cn.alfadb.netbird.e3vpna","moduleName":"entry","abilityName":"EntryAbility","pid":3089,"uid":20020062,"state":2,"abilityType":1,"isAtomicService":false,"callerBundleName":""}
CST 2026-07-17 19:57:14.230  1522  1522 I A0001b/AA: RecentlyUseController --> buildRecentlyUseInfo abilityStateData is exit
CST 2026-07-17 19:57:14.230  1522  1522 I A01a00/SYS_UI: PhoneAppManager: ability[cn.alfadb.netbird.e3vpna|undefined|EntryAbility] state change to 2
CST 2026-07-17 19:57:14.231  1522  1522 I A0420a/WMSLife: onSessionStateChange state:3
CST 2026-07-17 19:57:14.231  1522  1522 I A01b01/HOME: LauncherAnimUtil: SCBScenePanelViewModel reset isUiBusy after 500ms
CST 2026-07-17 19:57:14.233   209  3386 I C02b83/AudioStreamCollector: [ReclaimMem]start reclaim file = /proc/209/reclaim
CST 2026-07-17 19:57:14.233   209  3386 E C02b83/AudioStreamCollector: [ReclaimMem]reclaim cannot open file
CST 2026-07-17 19:57:14.236  1522  3337 I C04207/WMSFocus: NotifyRssThawApp, uid: 20020062
CST 2026-07-17 19:57:14.258   605   611 W C02515/DISP: [SetLayerMaskInfo:495] <private> is not supported
CST 2026-07-17 19:57:14.258   605   611 I C02515/DISP: [CommitComposeLayer:67] CommitComposeLayer! 10
CST 2026-07-17 19:57:14.259   769   769 I C01406/OHOS::RS: RSSurfaceRenderNode:SetIsOnTheTree, node:[name: e3vpna0, id: 13267153977346], on tree: 1, nodeType: 1, uniqueId: 3302829850654, screenNodeId: 3302829850624
CST 2026-07-17 19:57:14.259   769   769 E C01406/RSScreenManager: IsAllScreensPowerOff: screenPowerStatus_ is empty.
CST 2026-07-17 19:57:14.259  3089  3089 I C01706/rtg_interface: rtg fOpen fail, errno = 2(No such file or directory)
CST 2026-07-17 19:57:14.259  3089  3089 I C01706/RsFrameReportExt: RsFrameReportExt:[LoadLibrary] load library success!
CST 2026-07-17 19:57:14.259  3089  3089 I C01706/RsFrameReportExt: RsFrameReportExt:[Init] dlopen libframe_ui_intf.so success!
CST 2026-07-17 19:57:14.259  3089  3089 E C01706/ueaClient-RmeCoreSched: [Init]: do not enabled!ret: -1
CST 2026-07-17 19:57:14.259  3089  3089 I C01706/ueaClient-FrameMsgMgr: [Init]:inited success!
CST 2026-07-17 19:57:14.259  3089  3089 I C01706/ueaClient-FrameUiIntf: [Init]:ret:1, inited:1
CST 2026-07-17 19:57:14.260   769   855 I C01400/Vsync: RequestNextVSync: First vsync is requested, name: MainDisplaySoloist
CST 2026-07-17 19:57:14.260   769   855 I C01400/Vsync: RequestNextVSync: First vsync RequestNextVSync conn:MainDisplaySoloist, rate:0, highPriorityRate:1
CST 2026-07-17 19:57:14.260  3089  3089 I C04217/WMSAttribute: InitWaterfallMode: winId: 30
CST 2026-07-17 19:57:14.260  3089  3089 I C04217/WMSAttribute: NotifyWaterfallModeChange: winId: 30, waterfall: 0, stat: 2
CST 2026-07-17 19:57:14.260  3089  3089 I C0420a/WMSLife: NotifyAfterDidForeground: reason: 4
CST 2026-07-17 19:57:14.260  3089  3089 I C04202/WMSMain: NotifyFreeMultiWindowModeResume: IsPcMode 0, isColdStart 1
CST 2026-07-17 19:57:14.260  3089  3089 I C0420a/WMSLife: Show: Window show success [name:e3vpna0, id:30, type:1]
CST 2026-07-17 19:57:14.260  3089  3089 I C04208/WMSLayout: NotifyWindowStatusChange: id:30, windowMode:1, windowStatus:1, lastWindowStatus:1, skipRedundantWindowStatusNotifications:0
CST 2026-07-17 19:57:14.260  3089  3089 W C04201/DMS: OnDisplayInfoChange: data is not changed.
CST 2026-07-17 19:57:14.260   769   949 I C01400/Vsync: OnVSyncTrigger: F send
CST 2026-07-17 19:57:14.260   769   949 I C01400/Vsync: PostEvent: First vsync has send to : MainDisplaySoloist
CST 2026-07-17 19:57:14.260   769   769 I C01406/RSUniRenderVisitor: OcclusionInfo [SCBGestureBack22, 6536940224721, 0], [SCBStatusBar18, 6536940224709, 0], [SCBGestureNavBar16, 6536940224704, 0], [e3vpna0, 13267153977346, 0], [BackgroundBlurView2, 6536940224519, 0], [SCBFormCenter14, 6536940224694, 0], [SCBDesktop7, 6536940224539, 0], [SCBWallpaper5, 6536940224522, 0], 
CST 2026-07-17 19:57:14.261  3089  3089 I C01332/UIAbility: [JUA2036]JsUIAbility call js, name: onForeground
CST 2026-07-17 19:57:14.261  1522  2129 I C04217/WMSAttribute: Visibility changed, size: 1, WindowVisibilityInfos [name, winId, visibleState]: [e3vpna0, 30, 0], 
CST 2026-07-17 19:57:14.261  3089  3089 I A02900/E3VpnGate: ENTRY_FOREGROUND|bundle=cn.alfadb.netbird.e3vpna
CST 2026-07-17 19:57:14.261  3089  3089 I C01332/UIAbility: [JUA2081]end, name: onForeground, time: 0
CST 2026-07-17 19:57:14.261  1522  2129 I C04202/WMSMain: NotifyRSSWindowModeTypeUpdate: Notify RSS Window Mode Type Update, type : 3
CST 2026-07-17 19:57:14.261  3089  3089 I C01301/Ability: [page_config_manager.cpp49]configJson is empty
CST 2026-07-17 19:57:14.261   305   541 I C04202/WMSMain: NotifyWindowModeChange: WindowManager::Impl UpdateWindowModeTypeInfo type: 3
CST 2026-07-17 19:57:14.261   770  1062 I C01336/AMS: [ABMS7852]Lifecycle: ability:/cn.alfadb.netbird.e3vpna/entry/EntryAbility
CST 2026-07-17 19:57:14.261   770  1062 W C01336/AMS: [UALM156]3089 not found
CST 2026-07-17 19:57:14.262  1522  2131 I C04217/WMSAttribute: operator(): memMgrWindowInfos size: 1
CST 2026-07-17 19:57:14.262   770  1062 W C01336/AMS: [ability_start_with_wait_observer_manager.cpp139]invaid observerId
CST 2026-07-17 19:57:14.262   305   551 E C01704/TagSched: [a92abb189a4004a] [OpenQosCtrl]Failed to open qos_ctrl device
CST 2026-07-17 19:57:14.262   305   551 E C01704/TagSched: [a92abb189a4004a] [IsQosHandleOpen]get qosSetHandle_ fail
CST 2026-07-17 19:57:14.262   305   551 E C01704/TagSched: [a92abb189a4004a] [SetQosInternal]qosSetHandle open fail
CST 2026-07-17 19:57:14.262   305   551 E C01704/TagSched: [a92abb189a4004a] [OpenQosCtrl]Failed to open qos_ctrl device
CST 2026-07-17 19:57:14.262   305   551 E C01704/TagSched: [a92abb189a4004a] [IsQosHandleOpen]get qosSetHandle_ fail
CST 2026-07-17 19:57:14.262   305   551 E C01704/TagSched: [a92abb189a4004a] [SetQosInternal]qosSetHandle open fail
CST 2026-07-17 19:57:14.262  1522  2235 I C04200/WMS: NotifySessionMovedToFront: id: 30, system: 0
CST 2026-07-17 19:57:14.262  1522  2235 I C04200/SessionListenerController: NotifySessionMovedToFront: Id:30
CST 2026-07-17 19:57:14.262   305   551 E C01704/TagSched: [a92abb189a4004a] [OpenQosCtrl]Failed to open qos_ctrl device
CST 2026-07-17 19:57:14.262   305   551 E C01704/TagSched: [a92abb189a4004a] [IsQosHandleOpen]get qosSetHandle_ fail
CST 2026-07-17 19:57:14.262   305   551 E C01704/TagSched: [a92abb189a4004a] [SetUclamp]qosSetHandle open fail
CST 2026-07-17 19:57:14.262   305   551 E C01704/TagSched: [a92abb189a4004a] [OpenQosCtrl]Failed to open qos_ctrl device
CST 2026-07-17 19:57:14.262   305   551 E C01704/TagSched: [a92abb189a4004a] [IsQosHandleOpen]get qosSetHandle_ fail
CST 2026-07-17 19:57:14.262   305   551 E C01704/TagSched: [a92abb189a4004a] [SetUclamp]qosSetHandle open fail
CST 2026-07-17 19:57:14.262  3089  3089 I C02d06/XCollie: Application is in starting period.
CST 2026-07-17 19:57:14.263  3089  3089 I C0420a/WMSLife: NotifyAfterDidForeground execute
CST 2026-07-17 19:57:14.263  3089  3089 I C01332/UIAbility: [JUA2036]JsUIAbility call js, name: onDidForeground
CST 2026-07-17 19:57:14.263  3089  3089 I C01332/UIAbility: [JUA2081]end, name: onDidForeground, time: 0
CST 2026-07-17 19:57:14.263  3089  3089 I C04202/WMSMain: GoResume: in
CST 2026-07-17 19:57:14.263  3089  3089 I C0420a/WMSLife: Resume: in, isColdStart: 1, isDidForeground: 0
CST 2026-07-17 19:57:14.263  3089  3089 I C0420a/WMSLife: NotifyAfterLifecycleResumed: in
CST 2026-07-17 19:57:14.263  3089  3089 I C0420a/WMSLife: SetUIContentInner: pages/Index, state:2, persistentId: 30
CST 2026-07-17 19:57:14.263  3089  3089 I C0420a/WMSLife: SetUIContentComplete: persistentId=30
CST 2026-07-17 19:57:14.263   770  1537 I C01311/AppMS: [ARR2195]wnd call, cn.alfadb.netbird.e3vpna_3089, isEmpty_0, c_2 -> p_0
CST 2026-07-17 19:57:14.263  3089  3089 I C03900/Ace: [(-1:-1:undefined)] CreateUIContent.
CST 2026-07-17 19:57:14.263  3089  3089 I C03934/AceUIEvent: [(-1:-1:undefined)] report ace loaded
CST 2026-07-17 19:57:14.264  3089  3089 I C04707/HaAceEngine: OnAceLoaded end
CST 2026-07-17 19:57:14.264  3089  3369 W C04707/HaClient: =========Invalid Client=========
CST 2026-07-17 19:57:14.264   248   276 I C02699/MM: wms call,pid:3089,Id:30,winNum:0->1
CST 2026-07-17 19:57:14.264   248   276 I C02699/MM: UpdatePriorityLocked VISB: 3089, 20020062, 0, [], 00000
CST 2026-07-17 19:57:14.264  3089  3089 W C0391f/AceImage: [(-2:-1:undefined)] mkdir cache file path failed.
CST 2026-07-17 19:57:14.264  3089  3089 I C03900/Ace: [(-2:-1:undefined)] Create ace bg threads pool.
CST 2026-07-17 19:57:14.264  3089  3089 I C03900/Ace: [(-2:-1:undefined)] Init RenderService UniRender Type:0
CST 2026-07-17 19:57:14.265  3089  3089 I C03900/Ace: [(-2:-1:undefined)] [cn.alfadb.netbird.e3vpna][entry][-1]: UIContent: apiCompatibleVersion: 60101024, apiTargetVersion: 60101024, and apiReleaseType: Release, useNewPipe: 1, enableCustomComponentCrossAbility: 0
CST 2026-07-17 19:57:14.265   146   192 I C02c03/PARAM_WATCHER: SendLocalChange start keyPrefix persist.sys.arkui.animationscale remoteWatcherId 48
CST 2026-07-17 19:57:14.266   146   192 I C02c03/PARAM_WATCHER: [watcher_manager.cpp:187]Add watcher persist.sys.arkui.animationscale remoteWatcherId: 48 groupId 103 success
CST 2026-07-17 19:57:14.266  3089  3089 I C02c03/PARAM_WATCHER: Add watcher keyPrefix persist.sys.arkui.animationscale remoteWatcherId 48 success
CST 2026-07-17 19:57:14.266  3089  3089 E C03900/Ace: [(-2:-1:undefined)] ConfigParserBase read system file failed
CST 2026-07-17 19:57:14.266  3089  3089 W C03900/Ace: [(-2:-1:undefined)] ArkUiFeatureParamManager failed to load xml file
CST 2026-07-17 19:57:14.266  3089  3089 E C03900/Ace: [(-2:-1:undefined)] ConfigParserBase read system UI correction config file failed
CST 2026-07-17 19:57:14.266  3089  3089 W C03900/Ace: [(-2:-1:undefined)] ArkUiFeatureParamManager failed to load UI correction config file
CST 2026-07-17 19:57:14.271  3089  3389 I C03900/Ace: [(-1:-1:undefined)] dlsym function ReportData success.
CST 2026-07-17 19:57:14.271  3089  3389 I C03900/Ace: [(-1:-1:undefined)] dlsym function ReportSyncEvent success.
CST 2026-07-17 19:57:14.273  3089  3089 I C03900/Ace: [(-2:-1:undefined)] SetLocale language tag: en-Latn-US, select language: en-US
CST 2026-07-17 19:57:14.273  3089  3089 I C03900/Ace: [(-2:-1:undefined)] [cn.alfadb.netbird.e3vpna][entry][-1]: SetLanguage: en, colorMode: light, deviceAccess: 1
CST 2026-07-17 19:57:14.273  3089  3089 I C03900/Ace: [(-2:-1:undefined)] [cn.alfadb.netbird.e3vpna][entry][-1]: Initialize UIContent isModelJson:true
CST 2026-07-17 19:57:14.274   770   800 I C01120/BMS: [inner_bundle_info.h(GetAllPluginBundleInfo:2260)]pluginBundleInfos size: 0
CST 2026-07-17 19:57:14.274   770   800 I C01120/BMS: [inner_bundle_info.h(GetAllPluginBundleInfo:2260)]pluginBundleInfos size: 0
CST 2026-07-17 19:57:14.275   770   800 I C01120/BMS: [bundle_data_mgr.cpp(RegisterPluginEventCallback:12581)]success
CST 2026-07-17 19:57:14.275  3089  3089 I C03922/AceNavigation: [(-2:-1:undefined)] subscribe hsp Update successfully
CST 2026-07-17 19:57:14.275  3089  3089 I C03900/Ace: [(100000:100000:scope)] SetHapPath, Use hap path to load resource
CST 2026-07-17 19:57:14.276  3089  3089 I C04217/WMSAttribute: RegisterWaterfallModeChangeListener: winId: 30
CST 2026-07-17 19:57:14.276   770   800 I C04201/DMS:  RegisterDisplayManagerAgent: type: 6, pid: 3089
CST 2026-07-17 19:57:14.276   770   800 I C04201/DMS:  RegisterDisplayManagerAgent: type: 9, pid: 3089
CST 2026-07-17 19:57:14.276  3089  3089 I C04200/WMS: GetSurfaceNode: name:e3vpna0, id:30
CST 2026-07-17 19:57:14.276  3089  3089 I C04200/WMS: GetSurfaceNode: name:e3vpna0, id:30
CST 2026-07-17 19:57:14.276  3089  3089 I C03900/Ace: [(100000:100000:scope)] SetRSSurfaceNode 13267153977346 with rs multi
CST 2026-07-17 19:57:14.276  3089  3089 I C01406/OHOS::RS: RSUIContext::AttachFromUI. token: 13267153977345 uiPiplineNum: -1
CST 2026-07-17 19:57:14.277   286   288 E C01700/RSS: [a92abf189a43a67] DeliverResource, PluginMgr resType 1002 no lib register!
CST 2026-07-17 19:57:14.277  3089  3089 I C03925/AceRouter: [(100000:100000:scope)] createManager, deviceType: 0
CST 2026-07-17 19:57:14.278   305   551 E C01704/TagSched: [a92abf189a43a67] [ExecutorCheckTidIsInPid][Executor] ExecutorCheckTidIsInPid get reply is invalied
CST 2026-07-17 19:57:14.278   305   550 I C01704/TagSched: [a92abf189a43a67] [SetQosRealtimeTask]ThreadModifyQos,setQos 769 tid[854],  qos[7]
CST 2026-07-17 19:57:14.278   305   550 E C01704/TagSched: [a92abf189a43a67] [OpenQosCtrl]Failed to open qos_ctrl device
CST 2026-07-17 19:57:14.278   305   550 E C01704/TagSched: [a92abf189a43a67] [IsQosHandleOpen]get qosSetHandle_ fail
CST 2026-07-17 19:57:14.278   305   550 E C01704/TagSched: [a92abf189a43a67] [SetQosInternal]qosSetHandle open fail
CST 2026-07-17 19:57:14.278   305   550 E C01704/TagSched: [a92abf189a43a67] [OpenQosCtrl]Failed to open qos_ctrl device
CST 2026-07-17 19:57:14.278   305   550 E C01704/TagSched: [a92abf189a43a67] [IsQosHandleOpen]get qosSetHandle_ fail
CST 2026-07-17 19:57:14.278   305   550 E C01704/TagSched: [a92abf189a43a67] [SetQosInternal]qosSetHandle open fail
CST 2026-07-17 19:57:14.278   305   550 E C01704/TagSched: [a92abf189a43a67] [OpenQosCtrl]Failed to open qos_ctrl device
CST 2026-07-17 19:57:14.278   305   550 E C01704/TagSched: [a92abf189a43a67] [IsQosHandleOpen]get qosSetHandle_ fail
CST 2026-07-17 19:57:14.278   305   550 E C01704/TagSched: [a92abf189a43a67] [SetQosInternal]qosSetHandle open fail
CST 2026-07-17 19:57:14.278   143   143 I C01800/SAMGR: NF SA:65962,776_93
CST 2026-07-17 19:57:14.278  3089  3089 W C03900/Ace: [(100000:100000:scope)] Invalid config:en_Latn_US-long-notround-vertical-light-phone-xxxhdpi
CST 2026-07-17 19:57:14.279  3089  3089 I C01406/OHOS::RS: RSSurfaceNode::SetAbilityState, surfaceNodeId:[13267153977346], ability state: background
CST 2026-07-17 19:57:14.279  3089  3089 I C03900/Ace: [(100000:100000:scope)] set translateManager to pipeline, instanceId:100000
CST 2026-07-17 19:57:14.279  3089  3089 I C0421d/WMSRotation: RegisterOrientationChangeListener: in
CST 2026-07-17 19:57:14.279  3089  3089 I C03900/Ace: [(100000:100000:scope)] AddPersistAfterLayoutTask size: 1
CST 2026-07-17 19:57:14.279  3089  3089 I C03919/AceInputTracking: [(100000:100000:scope)] Debug touch pass mode 0
CST 2026-07-17 19:57:14.280  3089  3089 E C03934/AceUIEvent: [(100000:100000:scope)] AceTransform load failed: Error loading shared library /system/lib64/libtransform_interaction_ext.z.so: No such file or directory
CST 2026-07-17 19:57:14.280   305   540 E C01700/RSS: [a92ab0189a44633] DeliverResource, PluginMgr resType 511 no lib register!
CST 2026-07-17 19:57:14.280  3089  3089 I C03937/AceResource: [(100000:100000:scope)] ResourceAdapter UpdateResConfig with colorMode light
CST 2026-07-17 19:57:14.280  3089  3089 W C03900/Ace: [(100000:100000:scope)] not found systemTheme in HapModuleInfo, loading default OHOS_THEME
CST 2026-07-17 19:57:14.280  3089  3089 I C03900/Ace: [(100000:100000:scope)] Cannot Get File List from resources/styles/
CST 2026-07-17 19:57:14.280  3089  3089 W C03900/Ace: [(100000:100000:scope)] GetAsset failed: resources/styles/default.json
CST 2026-07-17 19:57:14.294  1522  2129 I C04208/WMSLayout: NotifyWindowStatusDidChangeAfterShowWindow: Notify completed, windowId: 30
CST 2026-07-17 19:57:14.294  3089  3383 I C04208/WMSLayout: NotifyWindowStatusDidChange: Id:30, WindowMode:1, windowStatus:1, lastWindowStatus:0, listenerSize:0, rect:[0 0 1320 2856]
CST 2026-07-17 19:57:14.297  3089  3089 I C01406/OHOS::RS: RSTransactionHandler::Begin syncId:0, transactionHandler:1403410748, remoteTransactionDataStack.size:0
CST 2026-07-17 19:57:14.297  3089  3089 I C01406/OHOS::RS: RSTransactionHandler::Commit transactionHandler:1403410748
CST 2026-07-17 19:57:14.297  3089  3089 W C01406/OHOS::RS: RSNodeMap::UnregisterNode: node id 13267153977346 not found
CST 2026-07-17 19:57:14.297  3089  3089 I C01406/OHOS::RS: RSRootNode::Create, Node:13267153977347, Token:13267153977345
CST 2026-07-17 19:57:14.297  3089  3089 I C03900/Ace: [(100000:100000:scope)] root node OnAttachToFrameNode, id:0
CST 2026-07-17 19:57:14.297  3089  3089 I C03900/Ace: [(100000:100000:scope)] Rosenwindow set root, rsId:13267153977347
CST 2026-07-17 19:57:14.297  3089  3089 I C01406/OHOS::RS: RSRootNode::AttachRSSurfaceNode, SurfaceNode:13267153977346, Node:13267153977347
CST 2026-07-17 19:57:14.298  3089  3089 I C01406/OHOS::RS: RSTransactionHandler::Begin syncId:0, transactionHandler:3887109509, remoteTransactionDataStack.size:0
CST 2026-07-17 19:57:14.298  3089  3089 I C01406/OHOS::RS: RSTransactionHandler::Commit transactionHandler:3887109509
CST 2026-07-17 19:57:14.298  3089  3089 W C01406/OHOS::RS: RSNodeMap::UnregisterNode: node id 13267153977346 not found
CST 2026-07-17 19:57:14.298  1522  1522 I A04200/WINDOW: SCBSceneSession: onSessionShowWhenLockedChange, status:false of id:30 ignored.
CST 2026-07-17 19:57:14.298  3089  3089 E C01d02/accessibility_asacfwk: [(AccessibilitySystemAbilityClientImpl:78)]accessibility service is ready.
CST 2026-07-17 19:57:14.299   201   202 I C01d00/accessibility: [(GetAccessibilityState:115)]EnabledState[0], TouchGuideState[0], KeyEventObserverState[0], GestureState[0], ScreenReaderState[0], SingleClickMode[0], AnimationOffState[0], AudioMonoState[0], FlashReminderSwitch[0]
CST 2026-07-17 19:57:14.300   770  1538 W C01202/Subscriber: Subscribe accessibility.config.ready, without any restrict subid = 3089_20020062_-1_512_79160
CST 2026-07-17 19:57:14.300   770  1538 I C01202/Subscriber: Subscribe cn.alfadb.netbird.e3vpna(userId = 100, subId = 3089_20020062_-1_512_79160, ffrtCost 0 ms, taskCost 0 ms)
CST 2026-07-17 19:57:14.301  3089  3089 I C03900/Ace: [(100000:100000:scope)] focusWindowId: 0, realHostWindowId: 0
CST 2026-07-17 19:57:14.301  3089  3089 I C03900/Ace: [(100000:100000:scope)] [cn.alfadb.netbird.e3vpna][entry][100000]: window focus
CST 2026-07-17 19:57:14.301   146   192 I C02c03/PARAM_WATCHER: SendLocalChange start keyPrefix debug.graphic.frame remoteWatcherId 48
CST 2026-07-17 19:57:14.301   146   192 I C02c03/PARAM_WATCHER: [watcher_manager.cpp:187]Add watcher debug.graphic.frame remoteWatcherId: 48 groupId 104 success
CST 2026-07-17 19:57:14.301  3089  3089 I C02c03/PARAM_WATCHER: Add watcher keyPrefix debug.graphic.frame remoteWatcherId 48 success
CST 2026-07-17 19:57:14.302  3089  3089 E C03900/Ace: [(100000:100000:scope)] ERROR EACCES
CST 2026-07-17 19:57:14.302  3089  3089 E C03900/Ace: [(100000:100000:scope)] ERROR EACCES
CST 2026-07-17 19:57:14.302  3089  3089 I C03900/Ace: [(100000:100000:scope)] ArkUIInvisibleFreeze: 0
CST 2026-07-17 19:57:14.302  3089  3089 I C03900/Ace: [(100000:100000:scope)] [cn.alfadb.netbird.e3vpna][entry][100000]: SetMinPlatformVersion is 60101024
CST 2026-07-17 19:57:14.302  3089  3089 I C04209/WMSImms: RegisterAvoidAreaChangeListener: win 30
CST 2026-07-17 19:57:14.302   770  1062 I C0420f/WMSRecover: mock_session_manager_service.cpp RegisterSMSRecoverListener: clientUserId: 100, userId: -1, pid: 3089,isLite: 0, displayId: 0
CST 2026-07-17 19:57:14.302  3089  3089 E C04200/IMockSessionManager: Read result failed, code is: 4.
CST 2026-07-17 19:57:14.303   770  1062 I C0420f/WMSRecover: mock_session_manager_service.cpp RegisterSMSRecoverListener: clientUserId: 100, userId: -1, pid: 3089,isLite: 1, displayId: 0
CST 2026-07-17 19:57:14.303  3089  3089 E C04200/IMockSessionManager: Read result failed, code is: 4.
CST 2026-07-17 19:57:14.303  3089  3089 I C04204/WMSScb: InitSceneSessionManagerProxy: enter
CST 2026-07-17 19:57:14.304  1522  2129 I C04209/WMSImms: UpdateSessionAvoidAreaListener win 30 haveListener 1
CST 2026-07-17 19:57:14.304   770  1062 W C04201/DMS: screen_cutout_controller.cpp GetCutoutArea: display:[ID: 0, W: 1320, H: 2856, R: 0,Mode 0]
CST 2026-07-17 19:57:14.304  1522  2129 I C0420b/WMSKeyboard: CheckEmptyKeyboardAvoidAreaIfNeeded: check keyboard avoid area, isPhoneNotFreeMultiWindow: 1, isPadNotFreeMultiWindow: 0
CST 2026-07-17 19:57:14.305   605   611 W C02515/DISP: [SetLayerMaskInfo:495] <private> is not supported
CST 2026-07-17 19:57:14.305   605   611 I C02515/DISP: [CommitComposeLayer:67] CommitComposeLayer! 10
CST 2026-07-17 19:57:14.308   769   769 I C01406/OHOS::RS: RSSurfaceRenderNode::SetAbilityState, surfaceNodeId:[13267153977346] ability state: background
CST 2026-07-17 19:57:14.308   769   769 E C01406/RSScreenManager: IsAllScreensPowerOff: screenPowerStatus_ is empty.
CST 2026-07-17 19:57:14.309  1522  1522 I C03930/AceAnimation: [(100000:100000:scope)] animateTo finish, cnt:30
CST 2026-07-17 19:57:14.309  1522  1522 I A01b01/HOME: SCBSCS: setMotionBlurRadius: 0, caller: sceneContainerZoomIn end
CST 2026-07-17 19:57:14.310  1522  1522 I A01b00/SCB: LuoShuStateManager --> getLuoShuStateInfo: SCBScreenSM {"luoShuState":0,"scenePanelState":1,"eventType":-1,"screenInfo":{"isLandscape":false,"foldState":1},"screenId":0,"holdingHandStatus":1}
CST 2026-07-17 19:57:14.310  1522  1522 I C03930/AceAnimation: [(100000:100000:scope)] animateTo finish, cnt:24
CST 2026-07-17 19:57:14.310  1522  1522 W A01b01/HOME: SCBScenePanelAnimator: requestSceneContainerDestructionWithTransition animateToImmediately onFinish
CST 2026-07-17 19:57:14.310  1522  1522 W A01b01/HOME: SCBSCS: getTransitionCount from session 2, 2
CST 2026-07-17 19:57:14.310  1522  1522 W A01b01/HOME: SCBTM: getTransitionCount from animationMap 2, 2
CST 2026-07-17 19:57:14.310  1522  1522 I A01b09/RECENT: RecentGestureEventManager: reportEventForRSSIfNeed event:7 args:cn.alfadb.netbird.e3vpna
CST 2026-07-17 19:57:14.310   776  3172 I C01409/APS_MANAGER: SetScene pkgName = com.ohos.sceneboard, scene = BACK_DESKTOP, state = 0
CST 2026-07-17 19:57:14.310   776  3172 W C01409/APS_MANAGER: FrameRateControl removeSceneInfo: unknow scene!
CST 2026-07-17 19:57:14.310  1522  1522 I A01b00/SCB: AnimateToScheduleUtils: report name: cn.alfadb.netbird.e3vpna event:7
CST 2026-07-17 19:57:14.311   305   550 I C01702/CgroupSchedEnhance: [a92ab1189a4be5d] HandleGestureAnimation bundleName is cn.alfadb.netbird.e3vpna value 7
CST 2026-07-17 19:57:14.312  1522  1522 W A01b01/HOME: SCBScenePanelAnimator: ExitAppAnimation end.
CST 2026-07-17 19:57:14.312  1522  1522 I A01b01/HOME: SCBTM: reduceStartExitAnimationCount reason:requestSceneContainerDestructionWithTransition end animationCount:0
CST 2026-07-17 19:57:14.312  1522  1522 I A01b00/SCB: LocalEventManager: sendLocalEvent, send local event with no receiver
CST 2026-07-17 19:57:14.312  1522  1522 W A01b01/HOME: SCBSCS: getTransitionCount from session 2, 2
CST 2026-07-17 19:57:14.312  1522  1522 W A01b01/HOME: SCBTM: getTransitionCount from animationMap 2, 2
CST 2026-07-17 19:57:14.312  1522  1522 W A01b01/HOME: SCBScenePanelAnimator: requestSceneContainerDestructionWithTransition onFinish, animationNum: 1, needRemoved: false, pendingRemove: false
CST 2026-07-17 19:57:14.312  1522  1522 I A01b01/HOME: SCBTM: exitToFolderEnd folderId: undefined; index: undefined
CST 2026-07-17 19:57:14.312  1522  1522 I A01b01/HOME: SCBTM: getStartExitAnimationCount animationCount:0
CST 2026-07-17 19:57:14.312  1522  1522 I A01b01/HOME: AnimateEventSyncProxy --> [requestSceneContainerDestructionWithTransition] event post 3
CST 2026-07-17 19:57:14.312  1522  1522 I A04200/WINDOW: SCBSPM: onBlurTransitionFinish 4 blurComponentTransitionCount:8
CST 2026-07-17 19:57:14.312  1522  1522 I A01b0a/GESTURE: SCBEventExclusiveManager: EventType:APPEXIT_LANDSCAPE setEventExclusive false.
CST 2026-07-17 19:57:14.312  1522  1522 I A01b0a/GESTURE: SCBGestureNavBar --> [AIBAR] receive APP_EXIT_LANDSCAPE event, params=false
CST 2026-07-17 19:57:14.313  1522  1522 I A01b0a/GESTURE: SCBGestureNavBar --> isInExitLandScape is not change
CST 2026-07-17 19:57:14.313  1522  1522 I A01b00/SCB: LuoShuStateManager --> getLuoShuStateInfo: SCBScreenSM {"luoShuState":0,"scenePanelState":1,"eventType":-1,"screenInfo":{"isLandscape":false,"foldState":1},"screenId":0,"holdingHandStatus":1}
CST 2026-07-17 19:57:14.314  3089  3383 I C04208/WMSLayout: UpdateRect: id:30 name:e3vpna0 rect:[0 0 1320 2856]->[0 0 1320 2856] reason:23 displayId:0
CST 2026-07-17 19:57:14.316   770  1062 W C04201/DMS: screen_cutout_controller.cpp GetCutoutArea: display:[ID: 0, W: 1320, H: 2856, R: 0,Mode 0]
CST 2026-07-17 19:57:14.317  3089  3089 I C03917/AceSafeArea: [(100000:100000:scope)] InitializeSafeArea systemInsets:SafeAreaInsets left_: [start: 0, end: 0], top_: [start: 0, end: 136], right_: [start: 0, end: 0], bottom_: [start: 0, end: 0], cutoutInsets:SafeAreaInsets left_: [start: 0, end: 0], top_: [start: 45, end: 148], right_: [start: 0, end: 0], bottom_: [start: 0, end: 0], navInsets:SafeAreaInsets left_: [start: 0, end: 0], top_: [start: 0, end: 0], right_: [start: 0, end: 0], bottom_: [start: 2758, end: 2856]
CST 2026-07-17 19:57:14.317   770  1062 I C04201/DMS:  RegisterDisplayManagerAgent: type: 8, pid: 3089
CST 2026-07-17 19:57:14.317  3089  3089 I C0394e/AceWindow: [(100000:100000:scope)] Initialize displayId: 0, availableRect: [0, 0, 1320, 2856]
CST 2026-07-17 19:57:14.318  3089  3089 I C03900/Ace: [(100000:100000:scope)] Failed to open libthp_extra_innerapi.z.so, reason: Error loading shared library /system/lib64/libthp_extra_innerapi.z.so: No such file or directory
CST 2026-07-17 19:57:14.318  3089  3089 I C03900/Ace: [(-2:100000:singleton)] [cn.alfadb.netbird.e3vpna][entry][100000]: Initialize: pages/Index
CST 2026-07-17 19:57:14.323  3089  3089 I C03900/Ace: [(100000:100000:scope)] RunPage:pages/Index
CST 2026-07-17 19:57:14.323  3089  3089 W C03900/Ace: [(100000:100000:scope)] GetAsset failed: manifest.json
CST 2026-07-17 19:57:14.323  3089  3089 I C04200/WMS: InitUIContent: [0, 0]
CST 2026-07-17 19:57:14.323  3089  3392 I C03951/InputKeyFlow: [(-1:100000:singleton)] Subscribe touch.events.pass.through Event
CST 2026-07-17 19:57:14.323   146   192 I C02c03/PARAM_WATCHER: SendLocalChange start keyPrefix persist.ace.trace.layout.enabled remoteWatcherId 48
CST 2026-07-17 19:57:14.324   146   192 I C02c03/PARAM_WATCHER: [watcher_manager.cpp:187]Add watcher persist.ace.trace.layout.enabled remoteWatcherId: 48 groupId 105 success
CST 2026-07-17 19:57:14.324  3089  3393 I C02c03/PARAM_WATCHER: Add watcher keyPrefix persist.ace.trace.layout.enabled remoteWatcherId 48 success
CST 2026-07-17 19:57:14.324  3089  3089 I C04208/WMSLayout: SetUIContentInner: single hand, id:30, posX:0, posY:0, scaleX:1.000000, scaleY:1.000000
CST 2026-07-17 19:57:14.324  3089  3089 I C04219/WMSDecor: UpdateDecorEnable: decorVisible:1, id: 30
CST 2026-07-17 19:57:14.324  3089  3089 I C03900/Ace: [(-2:100000:singleton)] [cn.alfadb.netbird.e3vpna][entry][100000]: UpdateWindowVisible: 1, hasDecor: 0
CST 2026-07-17 19:57:14.324  3089  3089 I C03900/Ace: [(-2:100000:singleton)] [cn.alfadb.netbird.e3vpna][entry][100000]: NotifyWindowMode mode = 1
CST 2026-07-17 19:57:14.324   770  1072 I C01202/Subscriber: Subscribe cn.alfadb.netbird.e3vpna(userId = 100, subId = 3089_20020062_-1_513_79184, ffrtCost 0 ms, taskCost 0 ms)
CST 2026-07-17 19:57:14.324   146   192 I C02c03/PARAM_WATCHER: SendLocalChange start keyPrefix persist.ace.trace.inputevent.enabled remoteWatcherId 48
CST 2026-07-17 19:57:14.325   146   192 I C02c03/PARAM_WATCHER: [watcher_manager.cpp:187]Add watcher persist.ace.trace.inputevent.enabled remoteWatcherId: 48 groupId 106 success
CST 2026-07-17 19:57:14.325   201  2192 I C01d00/accessibility: [(WindowUpdateAll:1027)]WindowUpdateAll start activeWindowId_: 30
CST 2026-07-17 19:57:14.325  1522  1533 E C04200/WMS: UpdateSessionPropertyByAction: permission denied! action: 262144
CST 2026-07-17 19:57:14.325  3089  3393 I C02c03/PARAM_WATCHER: Add watcher keyPrefix persist.ace.trace.inputevent.enabled remoteWatcherId 48 success
CST 2026-07-17 19:57:14.325   146   192 I C02c03/PARAM_WATCHER: SendLocalChange start keyPrefix const.security.developermode.state remoteWatcherId 48
CST 2026-07-17 19:57:14.325  3089  3089 I C03900/Ace: [(-2:100000:singleton)] [cn.alfadb.netbird.e3vpna][entry][100000]: window foreground
CST 2026-07-17 19:57:14.325   201  2192 I C01d00/accessibility: [(SetActiveWindow:398)]windowId is 30, activeWindowId_: -1
CST 2026-07-17 19:57:14.325   201  2192 I C01d00/accessibility: [(WindowUpdateAll:1079)]WindowUpdateAll end activeWindowId_: 30
CST 2026-07-17 19:57:14.325  3089  3089 I C03900/Ace: [(100000:100000:scope)] Update application state , state: ON_SHOW
CST 2026-07-17 19:57:14.325   146   192 I C02c03/PARAM_WATCHER: [watcher_manager.cpp:187]Add watcher const.security.developermode.state remoteWatcherId: 48 groupId 107 success
CST 2026-07-17 19:57:14.325  3089  3393 I C02c03/PARAM_WATCHER: Add watcher keyPrefix const.security.developermode.state remoteWatcherId 48 success
CST 2026-07-17 19:57:14.325  3089  3089 I C01406/OHOS::RS: RSSurfaceNode::SetAbilityState, surfaceNodeId:[13267153977346], ability state: foreground
CST 2026-07-17 19:57:14.325   146   192 I C02c03/PARAM_WATCHER: SendLocalChange start keyPrefix persist.ace.debug.statemgr.enabled remoteWatcherId 48
CST 2026-07-17 19:57:14.325  3089  3089 I C03900/Ace: [(100000:100000:scope)] ArkUI requests first Vsync.
CST 2026-07-17 19:57:14.325  3089  3089 I C04202/WMSMain: RequestVsync: First vsync has requested, nodeId: 13267153977346
CST 2026-07-17 19:57:14.326   769   855 I C01400/Vsync: RequestNextVSync: First vsync is requested, name: WM_3089
CST 2026-07-17 19:57:14.326   769   855 I C01400/Vsync: RequestNextVSync: First vsync RequestNextVSync conn:WM_3089, rate:0, highPriorityRate:1
CST 2026-07-17 19:57:14.326   146   192 I C02c03/PARAM_WATCHER: [watcher_manager.cpp:187]Add watcher persist.ace.debug.statemgr.enabled remoteWatcherId: 48 groupId 108 success
CST 2026-07-17 19:57:14.326  3089  3393 I C02c03/PARAM_WATCHER: Add watcher keyPrefix persist.ace.debug.statemgr.enabled remoteWatcherId 48 success
CST 2026-07-17 19:57:14.326   146   192 I C02c03/PARAM_WATCHER: SendLocalChange start keyPrefix persist.ace.debug.boundary.enabled remoteWatcherId 48
CST 2026-07-17 19:57:14.326  3089  3089 I C03959/AceLayout: [(-2:100000:singleton)] [cn.alfadb.netbird.e3vpna][entry][100000]: UpdateViewportConfig Viewport config: size: (1320, 2856) orientation: 0 density: 3.500000 position: (0, 0) transformHint: 0 displayId: 0, windowSizeChangeReason 0, is rsTransaction nullptr 1, , keyboardInfo is null
CST 2026-07-17 19:57:14.326  3089  3089 I C0394e/AceWindow: [(100000:100000:scope)] Update displayWindowRect in UpdateViewportConfig to : Rect (0.00, 0.00) - [0.00 x 0.00]
CST 2026-07-17 19:57:14.326  3089  3089 I C04208/WMSLayout: UpdateViewportConfig: Id: 30, reason: 0, windowRect: [0 0 1320 2856], displayOrientation: 0, config[0, 0, 0, 3.500000]
CST 2026-07-17 19:57:14.326   146   192 I C02c03/PARAM_WATCHER: [watcher_manager.cpp:187]Add watcher persist.ace.debug.boundary.enabled remoteWatcherId: 48 groupId 109 success
CST 2026-07-17 19:57:14.326  3089  3089 I C03900/Ace: [(-2:100000:singleton)] [cn.alfadb.netbird.e3vpna][entry][100000]: window focus
CST 2026-07-17 19:57:14.326  3089  3089 I C03900/Ace: [(-2:100000:singleton)] [cn.alfadb.netbird.e3vpna][entry][100000]:window active
CST 2026-07-17 19:57:14.326  3089  3393 I C02c03/PARAM_WATCHER: Add watcher keyPrefix persist.ace.debug.boundary.enabled remoteWatcherId 48 success
CST 2026-07-17 19:57:14.326   146   192 I C02c03/PARAM_WATCHER: SendLocalChange start keyPrefix persist.ace.performance.monitor.enabled remoteWatcherId 48
CST 2026-07-17 19:57:14.327   146   192 I C02c03/PARAM_WATCHER: [watcher_manager.cpp:187]Add watcher persist.ace.performance.monitor.enabled remoteWatcherId: 48 groupId 110 success
CST 2026-07-17 19:57:14.327  3089  3393 I C02c03/PARAM_WATCHER: Add watcher keyPrefix persist.ace.performance.monitor.enabled remoteWatcherId 48 success
CST 2026-07-17 19:57:14.328   769   949 I C01400/Vsync: OnVSyncTrigger: F send
CST 2026-07-17 19:57:14.328   769   949 I C01400/Vsync: PostEvent: First vsync has send to : WM_3089
CST 2026-07-17 19:57:14.328  3089  3089 W C01320/JsEnv: [source_map.cpp145]the stack without line info
CST 2026-07-17 19:57:14.328  3089  3089 I A02900/E3VpnGate: ENTRY_PAGE_READY|bundle=cn.alfadb.netbird.e3vpna
CST 2026-07-17 19:57:14.328  3089  3089 I C04200/JsWindowStage: Window [30, e3vpna0] load content end, ret=0
CST 2026-07-17 19:57:14.328  3089  3089 I C04209/WMSImms: NotifyAvoidAreaChange: win 30 api 24 type 0 area top [0 0 1320 136] 
CST 2026-07-17 19:57:14.328  3089  3089 I C04209/WMSImms: NotifyAvoidAreaChange: win 30 api 24 type 1 area top [517 45 285 103] 
CST 2026-07-17 19:57:14.328  3089  3089 I C04209/WMSImms: NotifyAvoidAreaChange: win 30 api 24 type 2 area empty
CST 2026-07-17 19:57:14.328  3089  3089 I C04209/WMSImms: NotifyAvoidAreaChange: win 30 api 24 type 3 area empty
CST 2026-07-17 19:57:14.328  3089  3089 I C04209/WMSImms: NotifyAvoidAreaChange: win 30 api 24 type 4 area bottom [429 2758 462 98] 
CST 2026-07-17 19:57:14.328  3089  3089 I C04208/WMSLayout: UpdateViewportConfig: Id: 30, reason: 23, windowRect: [0 0 1320 2856], displayOrientation: 0, config[0, 0, 0, 3.500000]
CST 2026-07-17 19:57:14.329  3089  3089 I C03900/Ace: [(100000:100000:scope)] Update application state , state: ON_ACTIVE
CST 2026-07-17 19:57:14.329  3089  3089 I C01d02/accessibility_asacfwk: [(SubscribeStateObserver:652)]Observer has subscribed!
CST 2026-07-17 19:57:14.329  3089  3089 I C01d02/accessibility_asacfwk: [(SubscribeStateObserver:652)]Observer has subscribed!
CST 2026-07-17 19:57:14.329  3089  3089 I C01d02/accessibility_asacfwk: [(SubscribeStateObserver:652)]Observer has subscribed!
CST 2026-07-17 19:57:14.329  3089  3089 I C0391c/AceFocus: [(100000:100000:scope)] Window: 30 get focus.
CST 2026-07-17 19:57:14.329  3089  3089 W C0391c/AceFocus: [(100000:100000:scope)] Current focus view can not found!
CST 2026-07-17 19:57:14.329  3089  3089 I C0391c/AceFocus: [(100000:100000:scope)] Request focus on rootFocusHub: root/0
CST 2026-07-17 19:57:14.330  3089  3089 I C04208/WMSLayout: UpdateViewportConfig: Id: 30, reason: 23, windowRect: [0 0 1320 2856], displayOrientation: 0, config[0, 0, 0, 3.500000]
CST 2026-07-17 19:57:14.330  3089  3089 I C03925/AceRouter: [(100000:100000:scope)] Page router manager is creating page[1]: url: pages/Index path: pages/Index.js, recoverable: yes, namedRouter: no
CST 2026-07-17 19:57:14.330   305   552 E C01704/TagSched: [a92ab3189a50a66] [OpenQosCtrl]Failed to open qos_ctrl device
CST 2026-07-17 19:57:14.330   305   552 E C01704/TagSched: [a92ab3189a50a66] [IsQosHandleOpen]get qosSetHandle_ fail
CST 2026-07-17 19:57:14.330   305   552 E C01704/TagSched: [a92ab3189a50a66] [SetUclamp]qosSetHandle open fail
CST 2026-07-17 19:57:14.331   305   554 E C01717/APP_TYPE_MGR: [a92ab4189a50b62] App type manager service is not ready, RequestApplicationType failed
CST 2026-07-17 19:57:14.331   305   554 I C01720/SmartGC: [a92ab4189a50b62] [GetAppType]bundleName cn.alfadb.netbird.e3vpna type -1
CST 2026-07-17 19:57:14.331   305   375 I C01705/EXACT_PREREAD: [a92ab3189a50a66] [(HandlePushPageStart):511] Push page info <bundleName: cn.alfadb.netbird.e3vpna abilityName: EntryAbility pageUrl: pages.Index>;
CST 2026-07-17 19:57:14.331   305   375 I C01705/EXACT_PREREAD: [a92ab3189a50a66] [(HandlePushPageStart):518] ContinueAppStartupCollectWork uid: 20020062 pid: 3089 sceneName:cn.alfadb.netbird.e3vpna/cn.alfadb.netbird.e3vpna
CST 2026-07-17 19:57:14.336   305   550 E C01704/TagSched: [a92ab5189a52089] [OpenQosCtrl]Failed to open qos_ctrl device
CST 2026-07-17 19:57:14.336   305   550 E C01704/TagSched: [a92ab5189a52089] [IsQosHandleOpen]get qosSetHandle_ fail
CST 2026-07-17 19:57:14.336   305   550 E C01704/TagSched: [a92ab5189a52089] [SetUclamp]qosSetHandle open fail
CST 2026-07-17 19:57:14.336   305   553 I C01705/EXACT_PREREAD: [a92ab5189a52089] [(HandlePushPageComplete):548] Startup scene, SendDelayCollectTimeoutEvent uid: 20020062 pid: 3089 sceneName:cn.alfadb.netbird.e3vpna/cn.alfadb.netbird.e3vpna
CST 2026-07-17 19:57:14.337  3089  3089 W C03926/AceTheme: [(100000:100000:scope)] style text_pattern not contains linear_split_child_min_size!
CST 2026-07-17 19:57:14.337  3089  3089 W C03926/AceTheme: [(100000:100000:scope)] style text_pattern not contains menu_celia_ask_is_support!
CST 2026-07-17 19:57:14.337   605   611 W C02515/DISP: [SetLayerMaskInfo:495] <private> is not supported
CST 2026-07-17 19:57:14.338   769   769 I C01406/OHOS::RS: RSSurfaceRenderNode::SetAbilityState, surfaceNodeId:[13267153977346] ability state: foreground
CST 2026-07-17 19:57:14.338   769   769 E C01406/RSScreenManager: IsAllScreensPowerOff: screenPowerStatus_ is empty.
CST 2026-07-17 19:57:14.339  3089  3089 W C03926/AceTheme: [(100000:100000:scope)] style 125829872 not contains app_theme_pattern!
CST 2026-07-17 19:57:14.339  3089  3089 E C01e00/ResourceManager: ref <private> id not found
CST 2026-07-17 19:57:14.339  3089  3089 E C01e00/ResourceManager: ref <private> id not found
CST 2026-07-17 19:57:14.339  3089  3089 W C03937/AceResource: [(100000:100000:scope)] Get pattern by name error, name=app_theme_pattern
CST 2026-07-17 19:57:14.339  3089  3089 E C01e00/ResourceManager: ref <private> id not found
CST 2026-07-17 19:57:14.339  3089  3089 E C01e00/ResourceManager: ref <private> id not found
CST 2026-07-17 19:57:14.339  3089  3089 W C03937/AceResource: [(100000:100000:scope)] Get pattern by name error, name=app_theme_pattern
CST 2026-07-17 19:57:14.339   605   611 I C02515/DISP: [CommitComposeLayer:67] CommitComposeLayer! 10
CST 2026-07-17 19:57:14.339  3089  3089 W C03926/AceTheme: [(100000:100000:scope)] style app_theme_pattern not contains app_theme_drag_distancethreshold!
CST 2026-07-17 19:57:14.340  3089  3089 I C0391c/AceFocus: [(100000:100000:scope)] view: page/2 show
CST 2026-07-17 19:57:14.340  3089  3089 I C03922/AceNavigation: [(100000:100000:scope)] can't find inner navigation
CST 2026-07-17 19:57:14.340  3089  3089 I C03933/AceKeyboard: [(100000:100000:scope)] StageManager FrameNode notNeedSoftKeyboard.
CST 2026-07-17 19:57:14.340  3089  3089 I C03933/AceKeyboard: [(100000:100000:scope)] Container not SceneBoardWindow.
CST 2026-07-17 19:57:14.341   305   552 W C01727/SceneRecognizeExt: [a92ab6189a5345f] [HandlePageReport]smart scan get config page info error, bundleName: cn.alfadb.netbird.e3vpna
CST 2026-07-17 19:57:14.341  3089  3089 I C03925/AceRouter: [(100000:100000:scope)] LoadPage Success
CST 2026-07-17 19:57:14.341  3089  3089 I C03917/AceSafeArea: [(-2:100000:singleton)] SetIsFullScreen 1
CST 2026-07-17 19:57:14.341  3089  3089 I C0392a/AceUiExtensionComponent: [(-2:100000:singleton)] NotifyWindowMode aliveUIExtensions = 0
CST 2026-07-17 19:57:14.341  3089  3089 I C03900/Ace: [(100000:100000:scope)] Root node request first frame.
CST 2026-07-17 19:57:14.342  3089  3089 I C03900/Ace: [(100000:100000:scope)] Update application state , state: ON_ACTIVE
CST 2026-07-17 19:57:14.344  3089  3089 I C01d02/accessibility_asacfwk: [(SubscribeStateObserver:652)]Observer has subscribed!
CST 2026-07-17 19:57:14.344  3089  3089 I C01d02/accessibility_asacfwk: [(SubscribeStateObserver:652)]Observer has subscribed!
CST 2026-07-17 19:57:14.344  3089  3089 I C01d02/accessibility_asacfwk: [(SubscribeStateObserver:652)]Observer has subscribed!
CST 2026-07-17 19:57:14.344  3089  3089 I C0391c/AceFocus: [(100000:100000:scope)] Window: 30 get focus.
CST 2026-07-17 19:57:14.344  3089  3089 I C03900/Ace: [(100000:100000:scope)] Update application state , state: ON_ACTIVE
CST 2026-07-17 19:57:14.344  3089  3089 I C01d02/accessibility_asacfwk: [(SubscribeStateObserver:652)]Observer has subscribed!
CST 2026-07-17 19:57:14.344  3089  3089 I C01d02/accessibility_asacfwk: [(SubscribeStateObserver:652)]Observer has subscribed!
CST 2026-07-17 19:57:14.344  3089  3089 I C01d02/accessibility_asacfwk: [(SubscribeStateObserver:652)]Observer has subscribed!
CST 2026-07-17 19:57:14.345  3089  3089 I C04202/WMSMain: VsyncCallbackInner: First vsync has come back, nodeId: 13267153977346
CST 2026-07-17 19:57:14.345  3089  3089 W C03900/Ace: [(100000:100000:scope)] FeatureParamManager feature is missing or invalid
CST 2026-07-17 19:57:14.346  3089  3089 I C01408/Text: InitTextBundleConfig: Adapter text height enabled 0
CST 2026-07-17 19:57:14.347   210   225 E C01707/CONCUR: [a92ab11899ce32b] [TaskControllerInterface] ReportData failed, funcLoader_ load func failed
CST 2026-07-17 19:57:14.353  3089  3089 I C03900/Ace: [(100000:100000:scope)] ArkUi flush first frame messages.
CST 2026-07-17 19:57:14.354  3089  3089 I C0391c/AceFocus: [(100000:100000:scope)] Request focus on focusView: page/2.
CST 2026-07-17 19:57:14.354  3089  3089 I C0391c/AceFocus: [(100000:100000:scope)] WinFocusMove end, root/secure_field onBlur, Column/secure_field onFocus, start: 2, end: 1, update: 2
CST 2026-07-17 19:57:14.354  3089  3089 I C03933/AceKeyboard: [(100000:100000:scope)] current focus node: (Column/5). isDynamic: 0
CST 2026-07-17 19:57:14.354  3089  3089 I C03933/AceKeyboard: [(100000:100000:scope)] Trigger Window Focus Callback
CST 2026-07-17 19:57:14.354  3089  3089 I C03933/AceKeyboard: [(100000:100000:scope)] need keyboard : 0.
CST 2026-07-17 19:57:14.354  3089  3089 I C0420b/WMSKeyboard: id: 30, isNeedKeyboard: 0, keepKeyboardFlag: 0
CST 2026-07-17 19:57:14.354   770  1062 W C01300/AAFwk: [permission_verification.cpp66]ohos.permission.GET_RUNNING_INFO: PERMISSION_DENIED
CST 2026-07-17 19:57:14.355   770  1062 E C01311/AppMS: [AMSI6451]permission verify fail
CST 2026-07-17 19:57:14.355  3089  3089 I C0420b/WMSKeyboard: RequestInputMethodCloseKeyboard: Notify InputMethod framework close keyboard start. id: 30, isUIEProc: 0, hostWindowId: 30
CST 2026-07-17 19:57:14.355   755  1040 I C01c10/ImsaKit: line: 195, function: OnRemoteRequest,IMSA, code = 8, callingPid/Uid/timestamp: 3089/20020062/1784289434355
CST 2026-07-17 19:57:14.355   755  1040 I C01c10/ImsaKit: line: 865, function: RequestHideInput,isFocusTriggered/windowId/displayId:0/30/0.
CST 2026-07-17 19:57:14.355  1522  2129 I C04207/WMSFocus: GetAllGroupInfo success
CST 2026-07-17 19:57:14.355  1522  1533 I C04207/WMSFocus: HandleGetAllGroupInfo: start reply
CST 2026-07-17 19:57:14.357   755  1040 I C01c10/ImsaKit: line: 164, function: NotifyInputStop,enter.
CST 2026-07-17 19:57:14.357   755  1040 I C01c10/ImsaKit: line: 61, function: GetListenerInfo,ImeEventListenerManager::GetListenerInfo enter
CST 2026-07-17 19:57:14.357   755  1040 I C01c10/ImsaKit: line: 181, function: NotifyInputStop,NotifyInputStopToClients end
CST 2026-07-17 19:57:14.357  3089  3089 I C03903/AceSubWindow: [(100000:100000:scope)] hide menu ng exit, window not exist
CST 2026-07-17 19:57:14.357  3089  3089 I C04216/WMSPattern: FlushLayoutSize: NotifyFrameLayoutFinishFromApp, id: 30, rect: [0 0 1320 2856], notifyListener: 0
CST 2026-07-17 19:57:14.358  1522  1533 I C04216/WMSPattern: NotifyFrameLayoutFinishFromApp: 0, [0 0 1320 2856]
CST 2026-07-17 19:57:14.358  1522  1522 I C0393b/AceWindowScene: [(100000:100000:scope)] isAbilityHook: 0,BufferAvailableCallback id: 30,enableRemoveStartingWindow: 0, appBufferReady: 0
CST 2026-07-17 19:57:14.358  1522  1522 I C0393b/AceWindowScene: [(100000:100000:scope)] BufferAvailableCallback id: 30, isWindowSizeEqual: 1
CST 2026-07-17 19:57:14.362   305   554 E C01720/SmartGC: [a92ab9189a585c5] [ExitGCPauseSceneInner]ExitGCPauseSceneInner 79191 79222
CST 2026-07-17 19:57:14.369   605   611 W C02515/DISP: [SetLayerMaskInfo:495] <private> is not supported
CST 2026-07-17 19:57:14.369   769   902 E C01406/OHOS::RS: RSJankStats::SetReportRsSceneJankEnd error scene
CST 2026-07-17 19:57:14.369   605   611 I C02515/DISP: [CommitComposeLayer:67] CommitComposeLayer! 10
CST 2026-07-17 19:57:14.373   769   769 E C01406/RSScreenManager: IsAllScreensPowerOff: screenPowerStatus_ is empty.
CST 2026-07-17 19:57:14.374   769   769 I C01406/OHOS::RS: RSSurfaceRenderNode::NotifyUIBufferAvailable nodeId = 13267153977346
CST 2026-07-17 19:57:14.374  1522  1533 I C0393b/AceWindowScene: [(-1:100000:singleton)] BufferAvailableCallback id:30
CST 2026-07-17 19:57:14.374  1522  1533 I C04202/WMSMain: NotifyCompleteFirstFrameDrawing:  id: 30, app info: [cn.alfadb.netbird.e3vpna entry EntryAbility]
CST 2026-07-17 19:57:14.374  1522  1533 I C04200/WMS: Post CompleteFirstFrameDrawing task. Id: 30
CST 2026-07-17 19:57:14.374  1522  1533 I C04204/WMSScb: SetSkipSelfWhenShowOnVirtualScreen: surfaceNodeId: 30
CST 2026-07-17 19:57:14.375  1522  1533 I C0393b/AceWindowScene: [(-1:100000:singleton)] isAbilityHook: 0,BufferAvailableCallback id: 30,enableRemoveStartingWindow: 0, appBufferReady: 0
CST 2026-07-17 19:57:14.375  1522  2129 I C04200/SessionListenerController: NotifySessionCreated: Id:30
CST 2026-07-17 19:57:14.375  1522  2129 I C0420a/WMSLife: operator(): start notify listeners, bundleName:cn.alfadb.netbird.e3vpna, Id:30, event:0, reason: 0
CST 2026-07-17 19:57:14.375  1522  1522 I A04200/WINDOW: SCBSceneSession: onBufferAvailableChange, isBufferAvailable: true, id: 30,      bundleName: cn.alfadb.netbird.e3vpna
CST 2026-07-17 19:57:14.375  1522  1522 I A04200/WINDOW: SCBScenePersistent: Set persistentId = 30 isAlive to true
CST 2026-07-17 19:57:14.375  1522  1522 W A04200/WINDOW: SCBScenePersistent: The alive status remains unchanged
CST 2026-07-17 19:57:14.375  1522  1522 I A04200/WINDOW: SCBSceneSession: bufferAvailableCallbackList length: 0
CST 2026-07-17 19:57:14.375  1522  1522 I A04209/WMSImms: win:30 app prop is applied
CST 2026-07-17 19:57:14.376  1522  1522 I A04209/WMSImms: update prop to callbacks. screenId:0 mainscreenId:0 window:30, prop:[5,true,"#00FFFFFF","#FF000000",false,false,null], size:4 reason: sceneSession isSetEnable:false isSetColor:false isLand:false 
CST 2026-07-17 19:57:14.376  1522  1522 I A01a00/SYS_UI: SystemUI_BannerVm --> onSystemBarProperty
CST 2026-07-17 19:57:14.376  1522  1522 I A01a00/SYS_UI: TaskQueue: Add task SCBStatusBarVM_onSystemBarPropertyChange, count: 1
CST 2026-07-17 19:57:14.376  1522  1522 I A01a00/SYS_UI: TaskQueue: execute queueName SCBStatusBarVM, task onSystemBarPropertyChange, runningCount 1, startTime 1784289434376
CST 2026-07-17 19:57:14.376  1522  1522 I A01a00/SYS_UI: SCBStatusBarView: registerSystemBarPropertyCallbacks, enable: true, enableAnimation:false, isExitRecentTask: false
CST 2026-07-17 19:57:14.376  1522  1522 I A01a00/SYS_UI: TimeoutPromise: Create for SCBStatusBarView_isEnablePromise.
CST 2026-07-17 19:57:14.376  1522  1522 I A01a00/SYS_UI: TimeoutPromise: StartTimeout for SCBStatusBarView_isEnablePromise timeout 500
CST 2026-07-17 19:57:14.376  1522  1522 I A04200/WINDOW: SCBSSM: setIsShowStatusBarTemporary 30 false
CST 2026-07-17 19:57:14.376  1522  1522 I A01a00/SYS_UI: TimeoutPromise: Manually resolve fot SCBStatusBarView_isEnablePromise. reason: SCBStatusBarView_isEnablePromise
CST 2026-07-17 19:57:14.376  1522  1522 W A01a00/SYS_UI: SCBStatusBarView: isEnable changed: true, statusBarOpacity is 1, immersive is false, enable animation: false
CST 2026-07-17 19:57:14.376  1522  1522 W A01a00/SYS_UI: StatusBarVMV2: System bar property change from #FFFFFFFF to #FF000000 #00FFFFFF
CST 2026-07-17 19:57:14.376  1522  1522 I A01a00/SYS_UI: StatusBarVMV2: updateTintContentColor enable true, enableAnimation false contentColor #FF000000
CST 2026-07-17 19:57:14.376  1522  1522 W A01a00/SYS_UI: StatusBarBridgeView: onPluginContentColorChange #FF000000
CST 2026-07-17 19:57:14.377  1522  1522 I A01b00/SCB: SCBCategoryResourceManager: isForceFullScreenWithDock bundleName: cn.alfadb.netbird.e3vpna
CST 2026-07-17 19:57:14.377  1522  1522 I A01b00/SCB:                   isForceFullScreenWithDock: false
CST 2026-07-17 19:57:14.377  1522  1522 I A01a00/SYS_UI: TaskQueue: Run task SCBStatusBarVM_onSystemBarPropertyChange, time: 1, count: 0
CST 2026-07-17 19:57:14.377  1522  1522 W A01a00/SYS_UI: TaskQueue: stop run task, queueName SCBStatusBarVM, isFreeze: false, runningCount: 0, tasks length: 0
CST 2026-07-17 19:57:14.377  1522  1522 I C0393b/AceWindowScene: [(100000:100000:scope)] RemoveChild StartingWindow, 2315
CST 2026-07-17 19:57:14.377  1522  1522 I C0393b/AceWindowScene: [(100000:100000:scope)] Remove starting window finished, id: 30, node id: 2315, name: cn.alfadb.netbird.e3vpna
CST 2026-07-17 19:57:14.378  1522  1522 I A01a00/SYS_UI: StatusBarBridgeView: FrameCallback do
CST 2026-07-17 19:57:14.378  1522  1522 I A01a00/SYS_UI: StatusBarColorPickerVm --> on isImmersive change: false,color: #FF000000--windowSetColor
CST 2026-07-17 19:57:14.378  1522  1522 I A01a00/SYS_UI: StatusBarColorPickerVm --> color enable false
CST 2026-07-17 19:57:14.379   770  1062 W C01336/AMS: [ability_start_with_wait_observer_manager.cpp139]invaid observerId
CST 2026-07-17 19:57:14.379  1522  1522 I A01a00/SYS_UI: BatteryComponent-batteryIcon --> onContentColorChange #FF000000 batterySocTextTop 0
CST 2026-07-17 19:57:14.380  1522  1522 I A01a00/SYS_UI: GroupBackgroundEffect --> LightNess: 0 colorStr: #FF000000
CST 2026-07-17 19:57:14.380  1522  1522 I A01a00/SYS_UI: StatusBarHeightVm: clearShowHeight GroupBackgroundEffect_left_group
CST 2026-07-17 19:57:14.380  1522  1522 I A01a00/SYS_UI: StatusBarHeightVm: checkHeightChange: cacheUseHeight 39 maxHeight 39 maxHotArea: 39
CST 2026-07-17 19:57:14.380  1522  1522 I A01a00/SYS_UI: GroupBackgroundEffect --> LightNess: 0 colorStr: #FF000000
CST 2026-07-17 19:57:14.380  1522  1522 I A01a00/SYS_UI: StatusBarHeightVm: clearShowHeight GroupBackgroundEffect_right_group
CST 2026-07-17 19:57:14.380  1522  1522 I A01a00/SYS_UI: StatusBarHeightVm: checkHeightChange: cacheUseHeight 39 maxHeight 39 maxHotArea: 39
CST 2026-07-17 19:57:14.380  1522  1522 I A01a00/SYS_UI: LiveCapsuleListVm: shadow capsule color = #4D000000
CST 2026-07-17 19:57:14.380   770  1062 W C04201/DMS: screen_cutout_controller.cpp GetCutoutArea: display:[ID: 0, W: 1320, H: 2856, R: 0,Mode 0]
CST 2026-07-17 19:57:14.403   769  1014 E C01700/RSS: ResSchedClient::ReportData type not subscribed.
CST 2026-07-17 19:57:14.403   605   611 W C02515/DISP: [SetLayerMaskInfo:495] <private> is not supported
CST 2026-07-17 19:57:14.403   605   611 I C02515/DISP: [CommitComposeLayer:67] CommitComposeLayer! 10
CST 2026-07-17 19:57:14.404   769   769 E C01406/RSScreenManager: IsAllScreensPowerOff: screenPowerStatus_ is empty.
CST 2026-07-17 19:57:14.410  1522  1522 W A01a00/SYS_UI: LiveCapsuleListVm: start to toggleCapsuleList, param:  {"isUpwards":true,"isUpdateImmediately":false,"needAnimation":true,"needShowStatusBar":false}
CST 2026-07-17 19:57:14.410  1522  1522 W A01a00/SYS_UI: LiveCapsuleListVm: Visible is not changed, stop toggleCapsuleList. isForceUpdate: undefined
CST 2026-07-17 19:57:14.410   248   273 I C02699/MM: HandleAppDied appName=cn.alfadb.netbird.e3vpna appId=20020062
CST 2026-07-17 19:57:14.410   248   273 E C02699/MM: RemoveDirRecursively (Resource busy)remove(/dev/memcg/100/cn.alfadb.netbird.e3vpna_20020062) fail
CST 2026-07-17 19:57:14.437   605   611 W C02515/DISP: [SetLayerMaskInfo:495] <private> is not supported
CST 2026-07-17 19:57:14.437   605   611 I C02515/DISP: [CommitComposeLayer:67] CommitComposeLayer! 10
CST 2026-07-17 19:57:14.438   769   769 E C01406/RSScreenManager: IsAllScreensPowerOff: screenPowerStatus_ is empty.
CST 2026-07-17 19:57:14.466   605   611 W C02515/DISP: [SetLayerMaskInfo:495] <private> is not supported
CST 2026-07-17 19:57:14.466   605   611 I C02515/DISP: [CommitComposeLayer:67] CommitComposeLayer! 10
CST 2026-07-17 19:57:14.467   769   769 E C01406/RSScreenManager: IsAllScreensPowerOff: screenPowerStatus_ is empty.
CST 2026-07-17 19:57:14.467  1522  1522 I C03930/AceAnimation: [(100000:100000:scope)] animateTo finish, cnt:28
CST 2026-07-17 19:57:14.467  1522  1522 I A01b09/RECENT: SCBDesktopCacheManager: FreezeTrack setWallPaperScale old:1, new:1.1, reason:onActive
CST 2026-07-17 19:57:14.478   143   143 I C01800/SAMGR: NF SA:65962,776_94
CST 2026-07-17 19:57:14.479   305   552 E C01704/TagSched: [a92aba189a37f49] [OpenQosCtrl]Failed to open qos_ctrl device
CST 2026-07-17 19:57:14.479   305   552 E C01704/TagSched: [a92aba189a37f49] [IsQosHandleOpen]get qosSetHandle_ fail
CST 2026-07-17 19:57:14.479   305   552 E C01704/TagSched: [a92aba189a37f49] [SetUclamp]qosSetHandle open fail
CST 2026-07-17 19:57:14.506   605   611 W C02515/DISP: [SetLayerMaskInfo:495] <private> is not supported
CST 2026-07-17 19:57:14.506   605   611 I C02515/DISP: [CommitComposeLayer:67] CommitComposeLayer! 10
CST 2026-07-17 19:57:14.507   769   769 E C01406/RSScreenManager: IsAllScreensPowerOff: screenPowerStatus_ is empty.
CST 2026-07-17 19:57:14.507  1522  1522 I C03930/AceAnimation: [(100000:100000:scope)] animateTo finish, cnt:29
CST 2026-07-17 19:57:14.507  1522  1522 I A04200/WINDOW: WindowAnimation: [SCBAnimation] finish conatainerId 2, type ZOOM_IN
CST 2026-07-17 19:57:14.507  1522  1522 W A01b01/HOME: SCBSCS: getTransitionCount from session 2, 2
CST 2026-07-17 19:57:14.507  1522  1522 W A01b01/HOME: SCBTM: getTransitionCount from animationMap 2, 2
CST 2026-07-17 19:57:14.507  1522  1522 I A01b01/HOME: SCBScenePanelAnimator: startSceneFromOther animation count: before 2,
CST 2026-07-17 19:57:14.507  1522  1522 I A01b01/HOME:         current 2
CST 2026-07-17 19:57:14.507  1522  1522 W A01b01/HOME: SCBSCS: getTransitionCount from session 2, 2
CST 2026-07-17 19:57:14.507  1522  1522 W A01b01/HOME: SCBTM: getTransitionCount from animationMap 2, 2
CST 2026-07-17 19:57:14.507  1522  1522 I A01b01/HOME: SCBScenePanelAnimator: capsule animating is false
CST 2026-07-17 19:57:14.508  1522  1522 I A01b00/SCB: LuoShuStateManager --> getLuoShuStateInfo: SCBScenePanelViewModel {"luoShuState":0,"scenePanelState":1,"eventType":-1,"screenInfo":{"isLandscape":false,"foldState":1},"screenId":0,"holdingHandStatus":1}
CST 2026-07-17 19:57:14.508  1522  1522 W A01b01/HOME: SCBSCS: [SCBScenePanelViewModel] border radius from topLeft: 36, topRight: 36, bottomLeft: 36, bottomRight: 36 to 0. reason: sceneContainerZoomIn, extra: EntryAbility/cn.alfadb.netbird.e3vpna/entry/0(persistentId: 30)(containerId: 2)
CST 2026-07-17 19:57:14.508  1522  1522 W A01b01/HOME: SCBSCS: clearTransitionCount 2, 2
CST 2026-07-17 19:57:14.508  1522  1522 I A01b01/HOME: SCBTM: clearTransitionCount 2, 2
CST 2026-07-17 19:57:14.509   769   769 I C01406/RSUniRenderVisitor: OcclusionInfo [SCBGestureBack22, 6536940224721, 0], [SCBStatusBar18, 6536940224709, 0], [SCBGestureNavBar16, 6536940224704, 0], [e3vpna0, 13267153977346, 0], [BackgroundBlurView2, 6536940224519, 1], [SCBFormCenter14, 6536940224694, 1], [SCBDesktop7, 6536940224539, 1], [SCBWallpaper5, 6536940224522, 1], 
CST 2026-07-17 19:57:14.509  1522  1522 I A01b00/SCB: AnimateToScheduleUtils: raiseAppStartToCPUPriority: 1
CST 2026-07-17 19:57:14.510  1522  2129 I C04217/WMSAttribute: Visibility changed, size: 4, WindowVisibilityInfos [name, winId, visibleState]: [BackgroundBlurView2, 4, 1], [SCBWallpaper5, 7, 1], [SCBDesktop7, 10, 1], [SCBFormCenter14, 17, 1], 
CST 2026-07-17 19:57:14.510   776  3172 I C01409/APS_MANAGER: SetScene pkgName = com.ohos.sceneboard, scene = START_APP_ANIMATION, state = 0
CST 2026-07-17 19:57:14.510   776  3172 W C01409/APS_MANAGER: FrameRateControl removeSceneInfo: unknow scene!
CST 2026-07-17 19:57:14.510   770  1063 I C01311/AppMS: [ARR2195]wnd call, com.ohos.sceneboard_1522, isEmpty_0, c_2 -> p_0
CST 2026-07-17 19:57:14.510  1522  2131 I C04217/WMSAttribute: operator(): memMgrWindowInfos size: 4
CST 2026-07-17 19:57:14.560   769   902 E C02515/DGLES: [d_eglSwapBuffers_special@egl_gpu.cpp:729] thread output size 1246342 speed 1172k/s API_num 5870
CST 2026-07-17 19:57:14.560   605   611 W C02515/DISP: [SetLayerMaskInfo:495] <private> is not supported
CST 2026-07-17 19:57:14.561   605   611 I C02515/DISP: [CommitComposeLayer:67] CommitComposeLayer! 10
CST 2026-07-17 19:57:14.561   769   769 E C01406/RSScreenManager: IsAllScreensPowerOff: screenPowerStatus_ is empty.
CST 2026-07-17 19:57:14.563   769   769 I C01406/RSUniRenderVisitor: OcclusionInfo [SCBGestureBack22, 6536940224721, 0], [SCBStatusBar18, 6536940224709, 0], [SCBGestureNavBar16, 6536940224704, 0], [e3vpna0, 13267153977346, 0], [BackgroundBlurView2, 6536940224519, 2], [SCBFormCenter14, 6536940224694, 2], [SCBDesktop7, 6536940224539, 2], [SCBWallpaper5, 6536940224522, 2], 
CST 2026-07-17 19:57:14.563  1522  2129 I C04217/WMSAttribute: Visibility changed, size: 4, WindowVisibilityInfos [name, winId, visibleState]: [BackgroundBlurView2, 4, 2], [SCBWallpaper5, 7, 2], [SCBDesktop7, 10, 2], [SCBFormCenter14, 17, 2], 
CST 2026-07-17 19:57:14.565  1522  2131 I C04217/WMSAttribute: operator(): memMgrWindowInfos size: 4
CST 2026-07-17 19:57:14.565   770  1073 I C01311/AppMS: [ARR2195]wnd call, com.ohos.sceneboard_1522, isEmpty_0, c_2 -> p_0
CST 2026-07-17 19:57:14.572  1522  1522 I C03930/AceAnimation: [(100000:100000:scope)] animateTo finish, cnt:27
CST 2026-07-17 19:57:14.572  1522  1522 I A04200/WINDOW: SCBSPM: onBlurTransitionFinish 6 blurComponentTransitionCount:8
CST 2026-07-17 19:57:14.573  1522  1522 I A0001b/AA: OutSideWindowManager: globalSearchStatus: 0
CST 2026-07-17 19:57:14.573  1522  1522 I A01b09/RECENT: SCBDesktopCacheManager: setDesktopCacheWithDfx Validate cacheFlag:false reason:startBlurAnimation
CST 2026-07-17 19:57:14.580   305   551 W C01704/TagSched: [a92ab3189a50a66] [operator()]The removed task is being executed, execute stop, Task = minUtilSched#10:3089:9
CST 2026-07-17 19:57:14.616   605   611 W C02515/DISP: [SetLayerMaskInfo:495] <private> is not supported
CST 2026-07-17 19:57:14.616   605   610 I C02515/DISP: [CommitComposeLayer:67] CommitComposeLayer! 10
CST 2026-07-17 19:57:14.616   769   769 E C01406/RSScreenManager: IsAllScreensPowerOff: screenPowerStatus_ is empty.
CST 2026-07-17 19:57:14.649   605   610 W C02515/DISP: [SetLayerMaskInfo:495] <private> is not supported
CST 2026-07-17 19:57:14.649   605   610 I C02515/DISP: [CommitComposeLayer:67] CommitComposeLayer! 10
CST 2026-07-17 19:57:14.649   769   769 E C01406/RSScreenManager: IsAllScreensPowerOff: screenPowerStatus_ is empty.
CST 2026-07-17 19:57:14.671   605   610 W C02515/DISP: [SetLayerMaskInfo:495] <private> is not supported
CST 2026-07-17 19:57:14.671   605   610 I C02515/DISP: [CommitComposeLayer:67] CommitComposeLayer! 10
CST 2026-07-17 19:57:14.677   769   902 I C01406/RsSubThreadCache: ClearCacheSurfaceInThread id:6536940225351
CST 2026-07-17 19:57:14.677   605   610 W C02515/DISP: [SetLayerMaskInfo:495] <private> is not supported
CST 2026-07-17 19:57:14.677   605   610 I C02515/DISP: [CommitComposeLayer:67] CommitComposeLayer! 10
CST 2026-07-17 19:57:14.679   143   143 I C01800/SAMGR: NF SA:65962,776_95
CST 2026-07-17 19:57:14.685   162   495 I C02d11/Faultlogger: IsReported: Skip processed fault.(1262:0) 
CST 2026-07-17 19:57:14.698   769   769 E C01406/RSScreenManager: IsAllScreensPowerOff: screenPowerStatus_ is empty.
CST 2026-07-17 19:57:14.704   162   495 I C02d11/Faultlogger: IsReported: Skip processed fault.(188:0) 
CST 2026-07-17 19:57:14.717   605   610 W C02515/DISP: [SetLayerMaskInfo:495] <private> is not supported
CST 2026-07-17 19:57:14.718   605   610 I C02515/DISP: [CommitComposeLayer:67] CommitComposeLayer! 10
CST 2026-07-17 19:57:14.721   770  1063 I C01202/Unordered: Pid 1522 publish COMMON_EVENT_TOP_APP_CHANGE to 100 end(0,0,0,0)
CST 2026-07-17 19:57:14.722  1522  1522 I A01b0d/HICAR: TopAppManager --> COMMON_EVENT_TOP_APP_CHANGE success
CST 2026-07-17 19:57:14.722   162   495 I C02d11/Faultlogger: IsReported: Skip processed fault.(153:0) 
CST 2026-07-17 19:57:14.741   162   495 I C02d11/Faultlogger: IsReported: Skip processed fault.(533:0) 
CST 2026-07-17 19:57:14.760   162   495 I C02d11/Faultlogger: IsReported: Skip processed fault.(163:0) 
CST 2026-07-17 19:57:14.775   162   495 I C02d11/Faultlogger: IsReported: Skip processed fault.(162:0) 
CST 2026-07-17 19:57:14.776   769   974 I C01406/RSRenderComposer: CommitAndReleaseLayers report load event frameTime: 59503 missedFrame: 3 frameRate:60 SurfaceName: [ScreenNode]
CST 2026-07-17 19:57:14.790   162   495 I C02d11/Faultlogger: IsReported: Skip processed fault.(1097:0) 
CST 2026-07-17 19:57:14.805   162   495 I C02d11/Faultlogger: IsReported: Skip processed fault.(153:0) 
CST 2026-07-17 19:57:14.820   162   495 I C02d11/Faultlogger: IsReported: Skip processed fault.(561:0) 
CST 2026-07-17 19:57:14.835   162   495 I C02d11/Faultlogger: IsReported: Skip processed fault.(505:0) 
CST 2026-07-17 19:57:14.850   162   495 I C02d11/Faultlogger: IsReported: Skip processed fault.(518:0) 
CST 2026-07-17 19:57:14.866   162   495 I C02d11/Faultlogger: IsReported: Skip processed fault.(578:0) 
CST 2026-07-17 19:57:14.874  1790  1834 I C0430a/file_monitor_service: [MainMissionStatus:197]CanExit
CST 2026-07-17 19:57:14.874  1790  1834 I C0430a/file_monitor_service: [MainMissionStatus:203]SecondaryScanner idle
CST 2026-07-17 19:57:14.879   162  1097 E C02d66/XPerf: [InquiryOhImpl::ExtractStringValue] Canonical FilePath: /sys/class/ithermal/lpm/lpm_freq failed.
CST 2026-07-17 19:57:14.879   162  1097 E C02d66/XPerf: [InquiryOhImpl::ExtractStringValue] Canonical FilePath: /sys/class/power_supply/Battery/status failed.
CST 2026-07-17 19:57:14.879   143   143 I C01800/SAMGR: NF SA:65962,776_96
CST 2026-07-17 19:57:14.881   162   495 I C02d11/Faultlogger: IsReported: Skip processed fault.(163:0) 
CST 2026-07-17 19:57:14.894   162   495 I C02d11/Faultlogger: IsReported: Skip processed fault.(189:0) 
CST 2026-07-17 19:57:14.894  2500  3014 E C02e00/UPDATE_SA: [hap_connection.cpp(50)]GetHapRemoteObject, remoteObj is nullptr, bundle com.huawei.hmos.ouc
CST 2026-07-17 19:57:14.894  2500  3014 I C01352/ExtMgr: [extension_manager_client.cpp134]name:com.huawei.hmos.ouc ServiceExtAbility, userId:-1.
CST 2026-07-17 19:57:14.894   770  1062 I C01342/ServiceExt: [ABMS5529]element: com.huawei.hmos.ouc/ServiceExtAbility
CST 2026-07-17 19:57:14.894   770  1062 W C01123/BMSCommon: bundle not exist -n com.huawei.hmos.ouc -u 100 -i 0 -f 0
CST 2026-07-17 19:57:14.894   770  1062 W C01336/AMS: [start_ability_utils.cpp76]failed: com.huawei.hmos.ouc
CST 2026-07-17 19:57:14.894   770  1062 W C01336/AMS: [crowd_test_interceptor.cpp54]GetAppInfo failed
CST 2026-07-17 19:57:14.894   770  1062 W C01120/BMS: app_control_manager.cpp:GetAppRunningControlRule:397 getAppId failed,-n:com.huawei.hmos.ouc
CST 2026-07-17 19:57:14.894   770  1062 W C01123/BMSCommon: uid(6666) invalid
CST 2026-07-17 19:57:14.895   770  1062 I C01336/AMS: [start_ability_utils.cpp54]appIndex:-1
CST 2026-07-17 19:57:14.895   770  1062 W C01123/BMSCommon: bundle not exist -n com.huawei.hmos.ouc -u 100 -i 0 -f 1062
CST 2026-07-17 19:57:14.895   770  1062 I C01121/BMSQuery: ExplicitQueryAbility no match -n com.huawei.hmos.ouc -a ServiceExtAbility -u 100 -i 0
CST 2026-07-17 19:57:14.895   770  1062 W C01120/BMS: query abilitys_ext code 8521480
CST 2026-07-17 19:57:14.895   770  1062 W C01123/BMSCommon: bundle not exist -n com.huawei.hmos.ouc -u 100 -i 0 -f 1062
CST 2026-07-17 19:57:14.895   770  1062 W C01121/BMSQuery: bundle_data_mgr.cpp:ExplicitQueryExtensionInfo:7239 ExplicitQueryExtensionInfo failed
CST 2026-07-17 19:57:14.895   770  1062 I C01121/BMSQuery: ExplicitQueryExtension size:0 -n com.huawei.hmos.ouc -e ServiceExtAbility -u 100 -i 0
CST 2026-07-17 19:57:14.895   770  1062 W C01121/BMSQuery: bundle_data_mgr.cpp:GetCloneAppIndexes:2463 no bundleName com.huawei.hmos.ouc found
CST 2026-07-17 19:57:14.895   770  1062 W C01121/BMSQuery: bundle_mgr_host_impl.cpp:QueryExtensionAbilityInfos:3425 no valid extension info can be inquired
CST 2026-07-17 19:57:14.895   770  1062 E C01336/AMS: [start_ability_utils.cpp290]extensionInfo empty
CST 2026-07-17 19:57:14.895   770  1062 E C01342/ServiceExt: [ABMS5868]generate request error
CST 2026-07-17 19:57:14.895  2500  3014 E C02e00/UPDATE_SA: [hap_connection.cpp(82)]HapConnection call interface failed, ret 2097152
CST 2026-07-17 19:57:14.895  2500  3014 E C02e00/UPDATE_SA: [ouc_hap_connection.cpp(72)]SendRemoteRequest, can not connect to ouc
CST 2026-07-17 19:57:14.908   162   495 I C02d11/Faultlogger: IsReported: Skip processed fault.(712:0) 
CST 2026-07-17 19:57:14.922   162   495 I C02d11/Faultlogger: IsReported: Skip processed fault.(193:0) 
CST 2026-07-17 19:57:14.936   162   495 I C02d11/Faultlogger: IsReported: Skip processed fault.(152:0) 
CST 2026-07-17 19:57:14.949   162   495 I C02d11/Faultlogger: IsReported: Skip processed fault.(189:0) 
CST 2026-07-17 19:57:14.962   162   495 I C02d11/Faultlogger: IsReported: Skip processed fault.(184:0) 
CST 2026-07-17 19:57:14.967  3089  3089 I C01356/Recovery: [app_recovery.cpp489]fileDir: /data/storage/el2/base/files
CST 2026-07-17 19:57:14.967  1522  1522 W A01c06/ICON: AppIconWeatherModel --> initWeatherListener, retryTimes: 4
CST 2026-07-17 19:57:14.977   162   495 I C02d11/Faultlogger: IsReported: Skip processed fault.(180:0) 
CST 2026-07-17 19:57:14.984   468  1324 E C01707/CONCUR: [Interface] task 1324 apply qos failed, errno = 4
CST 2026-07-17 19:57:14.984   468  1324 E C01611/QosManager: QosManager: Failed to set thread QoS to QOS_USER_INTERACTIVE, ret: -1
CST 2026-07-17 19:57:14.984   770  1062 W C01123/BMSCommon: bundle not exist -n com.huawei.hmsapp.totemweather -u 100 -i 0 -f 32
CST 2026-07-17 19:57:14.984   770  1062 W C01121/BMSQuery: GetBundleInfo failed -n com.huawei.hmsapp.totemweather -u 100
CST 2026-07-17 19:57:14.985   468  1324 E C01651/BundleMgrProxy: GetBundleInfoFromBMS: GetBundleInfo failed!bundleName is com.huawei.hmsapp.totemweather, userId is 100
CST 2026-07-17 19:57:14.985   468  1324 E C01651/DataProviderConfig: GetFromProxyData: Get bundleInfo failed! bundleName:com.huawei.hmsapp.totemweather, userId:100, visitedId:100, uri:******icIconInfo
CST 2026-07-17 19:57:14.985   468  1324 E C01651/DataShareServiceImpl: GetBMSAndMetaDataStatus: CalledInfo failed! token:0x20087fab,ret:1001,uri:******icIconInfo
CST 2026-07-17 19:57:14.985   468  1324 E C01651/DataShareServiceImpl: GetSilentProxyStatus: BMS or metaData not ready to complete, token:0x20087fab, uri:******icIconInfo
CST 2026-07-17 19:57:14.985  1522  1522 E A01c06/ICON: AppIconWeatherModel --> get weather info failed, code: 15700010, message: The DataShareHelper is not initialized successfully.
CST 2026-07-17 19:57:14.992   162   495 I C02d11/Faultlogger: IsReported: Skip processed fault.(156:0) 
CST 2026-07-17 19:57:15.000   441   449 W C01c42/TimeService: uid:1096 id:1682169951 wk:0
CST 2026-07-17 19:57:15.000   441   449 W C01c42/TimeService: id:1682169951 we:84859
CST 2026-07-17 19:57:15.000   441   449 W C01c42/TimeService: t3 82192
CST 2026-07-17 19:57:15.008   162   495 I C02d11/Faultlogger: IsReported: Skip processed fault.(149:0) 
CST 2026-07-17 19:57:15.080   143   143 I C01800/SAMGR: NF SA:65962,776_97
CST 2026-07-17 19:57:15.118   697  1723 I C02986/DisplayPowerBrightness: lux=[0/79248, 0/79393, 0/79541, 0/79686, 0/79832, 0/79978, ], bDelta=5.000000, dDelta=1.000000, size=64
CST 2026-07-17 19:57:15.222   163   583 E C02510/devsvc_manager_stub: StubGetService service hmi_service not found
CST 2026-07-17 19:57:15.222   162   716 E C02510/hdi_servmgr_client: get hdi service hmi_service failed, -1
CST 2026-07-17 19:57:15.222   162   716 E C02510/hmi_interface_proxy: Get:get remote object failed!
CST 2026-07-17 19:57:15.222   162   716 I C02d19/CHR_SERVICE: [HmiClient][modem_log_client]GetService: hmiInterface is nullptr.
CST 2026-07-17 19:57:15.222   162   716 I C02d19/CHR_SERVICE: [HmiClient][modem_log_client]TryGetServiceDelayed: retryCount=16, delayed=4000.
CST 2026-07-17 19:57:15.229  1128  1169 I C01560/EmlsrManager: CheckEmlsrSwitchStatus emlsrSwitchCond: be, wifiLinkType: 0, wifiConnState: 0, isScreenOn:1, hotspot: 0, p2p: 0, powerSave: 0, HML: 0, throughputValid:0, foregroundAppValid: 1, networkQualityValid: 0, isWhiteApp_:0,isThermalValid: 1
CST 2026-07-17 19:57:15.280   143   143 I C01800/SAMGR: NF SA:65962,776_98
CST 2026-07-17 19:57:15.280   776   858 E C01810/SA_CLIENT: GetSaWrap SA:65962 not start
CST 2026-07-17 19:57:15.280   776   858 I C01409/APS_MANAGER: request system service object is not ready yet!
CST 2026-07-17 19:57:15.517  1522  1522 W A01b01/HOME: PageDesktopViewModel --> no cards in layout!
CST 2026-07-17 19:57:15.542   162   715 I P02d19/DATASERVICE: [HandleEvent][MobileTrafficStatistic] handle event 5
CST 2026-07-17 19:57:15.545   315  2946 E C015b0/NetNativeMnager: fail to GetIfaceStats ret= 2103011
CST 2026-07-17 19:57:15.546   315  2946 E C015b0/NetNativeMnager: fail to GetAllSimStatsInfo ret= 2103011
CST 2026-07-17 19:57:15.758   770  1544 I C011ff/ERMS: [ERMS_CACHE(SubscribeAppCommonEvent:1054)] SubscribeAppCommonEvent subscribed success.
CST 2026-07-17 19:57:15.797  1522  1522 I A01b0a/GESTURE: aiBarViewData --> setIsHideByWeaken true
CST 2026-07-17 19:57:15.798   162   715 I P02d19/SIM: [HandleEvent][SimServiceHandler] HandleEvent eventId 2, slotId 2
CST 2026-07-17 19:57:15.798   162   715 I P02d19/SIM: [HandleEvent][SimServiceHandler] HandleEvent eventId 2, slotId 2
CST 2026-07-17 19:57:15.807  1522  1522 I A01b0a/GESTURE: AIBarView --> checkShowAiBar. isShowingAiBar:true
CST 2026-07-17 19:57:15.808  1522  1522 I A01b0a/GESTURE: aiBarViewData --> powerMode:600 thermalLevel:1 isEnterDeliver:false
CST 2026-07-17 19:57:15.814   305   373 E C01720/SmartGC: [a92ab11899b6705, 1b9d1fe, 24de7c1] [ExitGCPauseSceneInner]ExitGCPauseSceneInner 78274 80674
CST 2026-07-17 19:57:15.824   769   769 E C01406/RSScreenManager: IsAllScreensPowerOff: screenPowerStatus_ is empty.
CST 2026-07-17 19:57:15.829   769   902 E C02515/DGLES: [d_eglSwapBuffers_special@egl_gpu.cpp:729] thread output size 248426 speed 191k/s API_num 992
CST 2026-07-17 19:57:15.840   769   769 E C01406/RSScreenManager: IsAllScreensPowerOff: screenPowerStatus_ is empty.
CST 2026-07-17 19:57:15.842   605   610 W C02515/DISP: [SetLayerMaskInfo:495] <private> is not supported
CST 2026-07-17 19:57:15.843   605   610 I C02515/DISP: [CommitComposeLayer:67] CommitComposeLayer! 10
CST 2026-07-17 19:57:15.857   769   769 E C01406/RSScreenManager: IsAllScreensPowerOff: screenPowerStatus_ is empty.
CST 2026-07-17 19:57:15.860   605   610 W C02515/DISP: [SetLayerMaskInfo:495] <private> is not supported
CST 2026-07-17 19:57:15.860   605   610 I C02515/DISP: [CommitComposeLayer:67] CommitComposeLayer! 10
CST 2026-07-17 19:57:15.874   769   769 E C01406/RSScreenManager: IsAllScreensPowerOff: screenPowerStatus_ is empty.
CST 2026-07-17 19:57:15.874  1790  1834 I C0430a/file_monitor_service: [MainMissionStatus:197]CanExit
CST 2026-07-17 19:57:15.874  1790  1834 I C0430a/file_monitor_service: [MainMissionStatus:203]SecondaryScanner idle
CST 2026-07-17 19:57:15.876   605   610 W C02515/DISP: [SetLayerMaskInfo:495] <private> is not supported
CST 2026-07-17 19:57:15.876   605   610 I C02515/DISP: [CommitComposeLayer:67] CommitComposeLayer! 10
CST 2026-07-17 19:57:15.891   769   769 E C01406/RSScreenManager: IsAllScreensPowerOff: screenPowerStatus_ is empty.
CST 2026-07-17 19:57:15.894   605   610 W C02515/DISP: [SetLayerMaskInfo:495] <private> is not supported
CST 2026-07-17 19:57:15.894   605   610 I C02515/DISP: [CommitComposeLayer:67] CommitComposeLayer! 10
CST 2026-07-17 19:57:15.895  2500  3014 E C02e00/UPDATE_SA: [hap_connection.cpp(50)]GetHapRemoteObject, remoteObj is nullptr, bundle com.huawei.hmos.ouc
CST 2026-07-17 19:57:15.896  2500  3014 I C01352/ExtMgr: [extension_manager_client.cpp134]name:com.huawei.hmos.ouc ServiceExtAbility, userId:-1.
CST 2026-07-17 19:57:15.896   770  1062 I C01342/ServiceExt: [ABMS5529]element: com.huawei.hmos.ouc/ServiceExtAbility
CST 2026-07-17 19:57:15.896   770  1062 W C01123/BMSCommon: bundle not exist -n com.huawei.hmos.ouc -u 100 -i 0 -f 0
CST 2026-07-17 19:57:15.896   770  1062 W C01336/AMS: [start_ability_utils.cpp76]failed: com.huawei.hmos.ouc
CST 2026-07-17 19:57:15.896   770  1062 W C01336/AMS: [crowd_test_interceptor.cpp54]GetAppInfo failed
CST 2026-07-17 19:57:15.896   770  1062 W C01120/BMS: app_control_manager.cpp:GetAppRunningControlRule:397 getAppId failed,-n:com.huawei.hmos.ouc
CST 2026-07-17 19:57:15.896   770  1062 W C01123/BMSCommon: uid(6666) invalid
CST 2026-07-17 19:57:15.897   770  1062 I C01336/AMS: [start_ability_utils.cpp54]appIndex:-1
CST 2026-07-17 19:57:15.897   770  1062 W C01123/BMSCommon: bundle not exist -n com.huawei.hmos.ouc -u 100 -i 0 -f 1062
CST 2026-07-17 19:57:15.897   770  1062 I C01121/BMSQuery: ExplicitQueryAbility no match -n com.huawei.hmos.ouc -a ServiceExtAbility -u 100 -i 0
CST 2026-07-17 19:57:15.897   770  1062 W C01120/BMS: query abilitys_ext code 8521480
CST 2026-07-17 19:57:15.897   770  1062 W C01123/BMSCommon: bundle not exist -n com.huawei.hmos.ouc -u 100 -i 0 -f 1062
CST 2026-07-17 19:57:15.897   770  1062 W C01121/BMSQuery: bundle_data_mgr.cpp:ExplicitQueryExtensionInfo:7239 ExplicitQueryExtensionInfo failed
CST 2026-07-17 19:57:15.897   770  1062 I C01121/BMSQuery: ExplicitQueryExtension size:0 -n com.huawei.hmos.ouc -e ServiceExtAbility -u 100 -i 0
CST 2026-07-17 19:57:15.897   770  1062 W C01121/BMSQuery: bundle_data_mgr.cpp:GetCloneAppIndexes:2463 no bundleName com.huawei.hmos.ouc found
CST 2026-07-17 19:57:15.897   770  1062 W C01121/BMSQuery: bundle_mgr_host_impl.cpp:QueryExtensionAbilityInfos:3425 no valid extension info can be inquired
CST 2026-07-17 19:57:15.897   770  1062 E C01336/AMS: [start_ability_utils.cpp290]extensionInfo empty
CST 2026-07-17 19:57:15.897   770  1062 E C01342/ServiceExt: [ABMS5868]generate request error
CST 2026-07-17 19:57:15.897  2500  3014 E C02e00/UPDATE_SA: [hap_connection.cpp(82)]HapConnection call interface failed, ret 2097152
CST 2026-07-17 19:57:15.897  2500  3014 E C02e00/UPDATE_SA: [ouc_hap_connection.cpp(72)]SendRemoteRequest, can not connect to ouc
CST 2026-07-17 19:57:15.897  2500  3014 E C02e00/UPDATE_SA: [ouc_hap_connection.cpp(279)]SendMessage request failed, code: 5
CST 2026-07-17 19:57:15.898  3399  3399 W C02c02/PARAM: Selinux check name persist.init.debug.loglevel in u:object_r:startup_init_param:s0 [3399 2000 2000] failed
CST 2026-07-17 19:57:15.898  3399  3399 W C02c02/PARAM: Selinux check name persist.init.debug.loglevel in u:object_r:startup_init_param:s0 [3399 2000 2000] failed
CST 2026-07-17 19:57:15.898  3399  3399 W C02c02/PARAM: SystemReadParam failed!name is:persist.init.debug.loglevel,err:1002
CST 2026-07-17 19:57:15.907   769   769 E C01406/RSScreenManager: IsAllScreensPowerOff: screenPowerStatus_ is empty.
CST 2026-07-17 19:57:15.910   605   610 W C02515/DISP: [SetLayerMaskInfo:495] <private> is not supported
CST 2026-07-17 19:57:15.911   605   610 I C02515/DISP: [CommitComposeLayer:67] CommitComposeLayer! 10
CST 2026-07-17 19:57:15.924   769   769 E C01406/RSScreenManager: IsAllScreensPowerOff: screenPowerStatus_ is empty.
CST 2026-07-17 19:57:15.927   605   610 W C02515/DISP: [SetLayerMaskInfo:495] <private> is not supported
CST 2026-07-17 19:57:15.927   605   610 I C02515/DISP: [CommitComposeLayer:67] CommitComposeLayer! 10
CST 2026-07-17 19:57:15.941   769   769 E C01406/RSScreenManager: IsAllScreensPowerOff: screenPowerStatus_ is empty.
CST 2026-07-17 19:57:15.944   605   610 W C02515/DISP: [SetLayerMaskInfo:495] <private> is not supported
CST 2026-07-17 19:57:15.944   605   610 I C02515/DISP: [CommitComposeLayer:67] CommitComposeLayer! 10
CST 2026-07-17 19:57:15.958   769   769 E C01406/RSScreenManager: IsAllScreensPowerOff: screenPowerStatus_ is empty.
CST 2026-07-17 19:57:15.960   605   610 W C02515/DISP: [SetLayerMaskInfo:495] <private> is not supported
CST 2026-07-17 19:57:15.960   605   610 I C02515/DISP: [CommitComposeLayer:67] CommitComposeLayer! 10
CST 2026-07-17 19:57:15.975   769   769 E C01406/RSScreenManager: IsAllScreensPowerOff: screenPowerStatus_ is empty.
CST 2026-07-17 19:57:15.977   605   610 W C02515/DISP: [SetLayerMaskInfo:495] <private> is not supported
CST 2026-07-17 19:57:15.977   605   610 I C02515/DISP: [CommitComposeLayer:67] CommitComposeLayer! 10
CST 2026-07-17 19:57:15.986  1522  1522 W A01c06/ICON: AppIconWeatherModel --> initWeatherListener, retryTimes: 4
CST 2026-07-17 19:57:15.995   605   610 W C02515/DISP: [SetLayerMaskInfo:495] <private> is not supported
CST 2026-07-17 19:57:15.995   605   611 I C02515/DISP: [CommitComposeLayer:67] CommitComposeLayer! 10
CST 2026-07-17 19:57:15.998   769   769 E C01406/RSScreenManager: IsAllScreensPowerOff: screenPowerStatus_ is empty.
CST 2026-07-17 19:57:15.999   468  1324 E C01707/CONCUR: [Interface] task 1324 apply qos failed, errno = 4
CST 2026-07-17 19:57:15.999   468  1324 E C01611/QosManager: QosManager: Failed to set thread QoS to QOS_USER_INTERACTIVE, ret: -1
CST 2026-07-17 19:57:15.999   770  1062 W C01123/BMSCommon: bundle not exist -n com.huawei.hmsapp.totemweather -u 100 -i 0 -f 32
CST 2026-07-17 19:57:15.999   770  1062 W C01121/BMSQuery: GetBundleInfo failed -n com.huawei.hmsapp.totemweather -u 100
CST 2026-07-17 19:57:15.999   468  1324 E C01651/BundleMgrProxy: GetBundleInfoFromBMS: GetBundleInfo failed!bundleName is com.huawei.hmsapp.totemweather, userId is 100
CST 2026-07-17 19:57:15.999   468  1324 E C01651/DataProviderConfig: GetFromProxyData: Get bundleInfo failed! bundleName:com.huawei.hmsapp.totemweather, userId:100, visitedId:100, uri:******icIconInfo
CST 2026-07-17 19:57:15.999   468  1324 E C01651/DataShareServiceImpl: GetBMSAndMetaDataStatus: CalledInfo failed! token:0x20087fab,ret:1001,uri:******icIconInfo
CST 2026-07-17 19:57:15.999   468  1324 E C01651/DataShareServiceImpl: GetSilentProxyStatus: BMS or metaData not ready to complete, token:0x20087fab, uri:******icIconInfo
CST 2026-07-17 19:57:16.000  1522  1522 E A01c06/ICON: AppIconWeatherModel --> get weather info failed, code: 15700010, message: The DataShareHelper is not initialized successfully.
CST 2026-07-17 19:57:16.008   769   769 E C01406/RSScreenManager: IsAllScreensPowerOff: screenPowerStatus_ is empty.
CST 2026-07-17 19:57:16.016   605   610 W C02515/DISP: [SetLayerMaskInfo:495] <private> is not supported
CST 2026-07-17 19:57:16.017   605   610 I C02515/DISP: [CommitComposeLayer:67] CommitComposeLayer! 10
CST 2026-07-17 19:57:16.025   769   769 E C01406/RSScreenManager: IsAllScreensPowerOff: screenPowerStatus_ is empty.
CST 2026-07-17 19:57:16.028   605   610 W C02515/DISP: [SetLayerMaskInfo:495] <private> is not supported
CST 2026-07-17 19:57:16.028   605   610 I C02515/DISP: [CommitComposeLayer:67] CommitComposeLayer! 10
CST 2026-07-17 19:57:16.042  3399  3399 W C02c02/PARAM: Selinux check name debug.dfx.tags.enableleak in u:object_r:debug_param:s0 [3399 2000 2000] failed
CST 2026-07-17 19:57:16.042  3399  3399 W C02c02/PARAM: SystemReadParam failed!name is:debug.dfx.tags.enableleak,err:1002
CST 2026-07-17 19:57:16.042   769   769 E C01406/RSScreenManager: IsAllScreensPowerOff: screenPowerStatus_ is empty.
CST 2026-07-17 19:57:16.044   605   610 W C02515/DISP: [SetLayerMaskInfo:495] <private> is not supported
CST 2026-07-17 19:57:16.044   605   610 I C02515/DISP: [CommitComposeLayer:67] CommitComposeLayer! 10
CST 2026-07-17 19:57:16.050  3399  3399 W C02c02/PARAM: Selinux check name persist.graphic.profiler.enabled in u:object_r:debug_param:s0 [3399 2000 2000] failed
CST 2026-07-17 19:57:16.050  3399  3399 E C02c02/PARAM: Forbid to read parameter persist.graphic.profiler.enabled
CST 2026-07-17 19:57:16.050  3399  3399 E C02c02/PARAM: Forbid to access parameter persist.graphic.profiler.enabled
CST 2026-07-17 19:57:16.050  3399  3399 W C02c02/PARAM: Selinux check name persist.graphic.profiler.betarecording in u:object_r:debug_param:s0 [3399 2000 2000] failed
CST 2026-07-17 19:57:16.050  3399  3399 E C02c02/PARAM: Forbid to read parameter persist.graphic.profiler.betarecording
CST 2026-07-17 19:57:16.050  3399  3399 E C02c02/PARAM: Forbid to access parameter persist.graphic.profiler.betarecording
CST 2026-07-17 19:57:16.052  3399  3399 W C03100/UiTestKit_Base: [ui_driver.cpp:(CheckStatus)] Not connect to AAMS, try to reconnect
CST 2026-07-17 19:57:16.052  3399  3401 W C057c1/IPCWorkThread: ThreadHandler: proto:0 policy:1 name:OS_IPC_0_3401 invoker:3873616
CST 2026-07-17 19:57:16.052  3399  3402 W C057c1/IPCWorkThread: ThreadHandler: proto:0 policy:0 name:OS_IPC_1_3402 invoker:3874192
CST 2026-07-17 19:57:16.053   146   192 I C02c03/PARAM_WATCHER: [watcher_manager.cpp:72]Add remote watcher remoteWatcherId 49 3399 success
CST 2026-07-17 19:57:16.053   146   192 I C02c03/PARAM_WATCHER: SendLocalChange start keyPrefix accessibility.config.ready remoteWatcherId 49
CST 2026-07-17 19:57:16.054   146   192 I C02c03/PARAM_WATCHER: [watcher_manager.cpp:187]Add watcher accessibility.config.ready remoteWatcherId: 49 groupId 80 success
CST 2026-07-17 19:57:16.054  3399  3399 I C02c03/PARAM_WATCHER: Add watcher keyPrefix accessibility.config.ready remoteWatcherId 49 success
CST 2026-07-17 19:57:16.054  3399  3402 I C01d01/accessibility_aakit: [(OnParameterChanged:151)]InitAccessibilityServiceProxy success
CST 2026-07-17 19:57:16.054  3399  3399 I C01d01/accessibility_aakit: [(Connect:64)]
CST 2026-07-17 19:57:16.054   201   202 I C01d00/accessibility: [(IsSystemApp:1502)]Caller is not a application.
CST 2026-07-17 19:57:16.062   201  2303 E C01d05/accessibility_interface: [(OnAccessibilityEnableAbilityListsChanged:62)]OnAccessibilityEnableAbilityListsChanged fail, error: 29201
CST 2026-07-17 19:57:16.062  3399  3399 I C03100/UiTestKit_Server: [system_ui_controller.cpp:(ConnectToSysAbility)] Connect to AAMS, result: 0
CST 2026-07-17 19:57:16.062   769   769 E C01406/RSScreenManager: IsAllScreensPowerOff: screenPowerStatus_ is empty.
CST 2026-07-17 19:57:16.062   605   610 W C02515/DISP: [SetLayerMaskInfo:495] <private> is not supported
CST 2026-07-17 19:57:16.062   605   610 I C02515/DISP: [CommitComposeLayer:67] CommitComposeLayer! 10
CST 2026-07-17 19:57:16.065   201  2303 E C01d05/accessibility_interface: [(OnAccessibilityInstallAbilityListsChanged:89)]OnAccessibilityInstallAbilityListsChanged fail, error: 29201
CST 2026-07-17 19:57:16.065   201  2303 I C01d00/accessibility: [(AddAccessibilityAbility:1406)]uri is <private>
CST 2026-07-17 19:57:16.072   163   583 E C02510/devsvc_manager_stub: StubGetService service ril_ext not found
CST 2026-07-17 19:57:16.072   162   715 E C02510/hdi_servmgr_client: get hdi service ril_ext failed, -1
CST 2026-07-17 19:57:16.073   162   715 I C02d19/CHR_SERVICE: RilRadioRadarTunnel, ConnectRilAdapterService chrRadio_ is nullptr!
CST 2026-07-17 19:57:16.075   468  1324 E C01707/CONCUR: [Interface] task 1324 apply qos failed, errno = 4
CST 2026-07-17 19:57:16.075   468  1324 E C01611/QosManager: QosManager: Failed to set thread QoS to QOS_USER_INTERACTIVE, ret: -1
CST 2026-07-17 19:57:16.076   769   769 E C01406/RSScreenManager: IsAllScreensPowerOff: screenPowerStatus_ is empty.
CST 2026-07-17 19:57:16.142   590   783 W C02943/ThermalHdi: Read node failed, title = brightness
CST 2026-07-17 19:57:16.143   590   783 W C02943/ThermalHdi: Read node failed, title = 
CST 2026-07-17 19:57:16.143   590   783 W C02943/ThermalHdi: Read node failed, title = 
CST 2026-07-17 19:57:16.143   590   783 W C02943/ThermalHdi: Read node failed, title = 
CST 2026-07-17 19:57:16.143   590   783 W C02943/ThermalHdi: Read node failed, title = 
CST 2026-07-17 19:57:16.143   590   783 W C02943/ThermalHdi: Read node failed, title = 
CST 2026-07-17 19:57:16.143   590   783 W C02943/ThermalHdi: Read node failed, title = 
CST 2026-07-17 19:57:16.143   590   783 W C02943/ThermalHdi: Read node failed, title = 
CST 2026-07-17 19:57:16.143   590   783 W C02943/ThermalHdi: Read node failed, title = 
CST 2026-07-17 19:57:16.143   590   783 W C02943/ThermalHdi: Read node failed, title = 
CST 2026-07-17 19:57:16.143   590   783 W C02943/ThermalHdi: Read node failed, title = 
CST 2026-07-17 19:57:16.143   590   783 W C02943/ThermalHdi: Read node failed, title = 
CST 2026-07-17 19:57:16.143   590   783 W C02943/ThermalHdi: Read node failed, title = 
CST 2026-07-17 19:57:16.143   590   783 W C02943/ThermalHdi: Read node failed, title = 
CST 2026-07-17 19:57:16.143   590   783 W C02943/ThermalHdi: Read node failed, title = 
CST 2026-07-17 19:57:16.143   590   783 W C02943/ThermalHdi: Read node failed, title = 
CST 2026-07-17 19:57:16.143   590   783 W C02943/ThermalHdi: Read node failed, title = 
CST 2026-07-17 19:57:16.143   590   783 W C02943/ThermalHdi: Read node failed, title = 
CST 2026-07-17 19:57:16.143   590   783 W C02943/ThermalHdi: Read node failed, title = 
CST 2026-07-17 19:57:16.143   590   783 W C02943/ThermalHdi: Read node failed, title = 
CST 2026-07-17 19:57:16.143   590   783 W C02943/ThermalHdi: Read node failed, title = 
CST 2026-07-17 19:57:16.143   590   783 W C02943/ThermalHdi: Read node failed, title = 
CST 2026-07-17 19:57:16.143   590   783 W C02943/ThermalHdi: Read node failed, title = 
CST 2026-07-17 19:57:16.143   590   783 W C02943/ThermalHdi: Read node failed, title = 
CST 2026-07-17 19:57:16.143   590   783 W C02943/ThermalHdi: Read node failed, title = 
CST 2026-07-17 19:57:16.143   590   783 W C02943/ThermalHdi: Read node failed, title = ambient
CST 2026-07-17 19:57:16.143   590   783 W C02943/ThermalHdi: Read node failed, title = ibat
CST 2026-07-17 19:57:16.143   590   783 W C02943/ThermalHdi: Read node failed, title = vbat
CST 2026-07-17 19:57:16.143   590   783 W C02943/ThermalHdi: Read node failed, title = cpu0_min_freq
CST 2026-07-17 19:57:16.143   590   783 W C02943/ThermalHdi: Read node failed, title = cpu0_cur_freq
CST 2026-07-17 19:57:16.143   590   783 W C02943/ThermalHdi: Read node failed, title = cpu0_max_freq
CST 2026-07-17 19:57:16.143   590   783 W C02943/ThermalHdi: Read node failed, title = cpu4_min_freq
CST 2026-07-17 19:57:16.143   590   783 W C02943/ThermalHdi: Read node failed, title = cpu4_cur_freq
CST 2026-07-17 19:57:16.143   590   783 W C02943/ThermalHdi: Read node failed, title = cpu4_max_freq
CST 2026-07-17 19:57:16.143   590   783 W C02943/ThermalHdi: Read node failed, title = cpu7_min_freq
CST 2026-07-17 19:57:16.143   590   783 W C02943/ThermalHdi: Read node failed, title = cpu7_cur_freq
CST 2026-07-17 19:57:16.143   590   783 W C02943/ThermalHdi: Read node failed, title = cpu7_max_freq
CST 2026-07-17 19:57:16.143   590   783 W C02943/ThermalHdi: Read node failed, title = gpu_min_freq
CST 2026-07-17 19:57:16.143   590   783 W C02943/ThermalHdi: Read node failed, title = gpu_cur_freq
CST 2026-07-17 19:57:16.143   590   783 W C02943/ThermalHdi: Read node failed, title = gpu_max_freq
CST 2026-07-17 19:57:16.143   590   783 W C02943/ThermalHdi: Read node failed, title = ddr_cur_freq
CST 2026-07-17 19:57:16.143   590   783 W C02943/ThermalHdi: Read node failed, title = set_IPApower
CST 2026-07-17 19:57:16.143   590   783 W C02943/ThermalHdi: Read node failed, title = cur_IPApower
CST 2026-07-17 19:57:16.143   590   783 W C02943/ThermalHdi: get node failed
CST 2026-07-17 19:57:16.143   590   783 W C02943/ThermalHdi: get node failed
CST 2026-07-17 19:57:16.143   590   783 W C02943/ThermalHdi: get node failed
CST 2026-07-17 19:57:16.152   163   583 E C02510/devsvc_manager_stub: StubGetService service hmi_service not found
CST 2026-07-17 19:57:16.152   162   715 E C02510/hdi_servmgr_client: get hdi service hmi_service failed, -1
CST 2026-07-17 19:57:16.152   162   715 E C02510/hmi_interface_proxy: Get:get remote object failed!
CST 2026-07-17 19:57:16.152   162   715 I C02d19/CHR_SERVICE: [HmiClient][chr_client]GetService: hmiInterface is nullptr.
CST 2026-07-17 19:57:16.152   162   715 I C02d19/CHR_SERVICE: [HmiClient][chr_client]TryGetServiceDelayed: retryCount=16, delayed=4000.
CST 2026-07-17 19:57:16.192   332   389 I C01f0b/TelephonyExtPower: SendSleepModeCheck enter
CST 2026-07-17 19:57:16.193   332   389 I C01f0b/TelephonyExtPower: exit sleep
CST 2026-07-17 19:57:16.193   332   389 I C01f0b/TelephonyExtPower: SendSleepModeCmd DefaultSlotId: 0, sleepStatus is 0
CST 2026-07-17 19:57:17.140  1522  1522 W C01406/OHOS::RS: Animation finish callback is not executed in estimated time. params : type[0] duration[300.000000]
CST 2026-07-17 19:57:17.140  1790  1834 I C0430a/file_monitor_service: [MainMissionStatus:197]CanExit
CST 2026-07-17 19:57:17.140  1790  1834 I C0430a/file_monitor_service: [MainMissionStatus:203]SecondaryScanner idle
CST 2026-07-17 19:57:17.140  2326  2326 I C02500/Qemud: Guest heartbeat success.
CST 2026-07-17 19:57:17.142  1522  1522 W C01406/OHOS::RS: Animation finish callback is not executed in estimated time. params : type[0] duration[300.000000]
CST 2026-07-17 19:57:17.144   468  1324 E C01707/CONCUR: [Interface] task 1324 apply qos failed, errno = 4
CST 2026-07-17 19:57:17.144   468  1324 E C01611/QosManager: QosManager: Failed to set thread QoS to QOS_USER_INTERACTIVE, ret: -1
CST 2026-07-17 19:57:17.144   468  1324 I C01651/DataShareServiceStub: OnRemoteRequest: code:21, callingPid:201
CST 2026-07-17 19:57:17.144   468  2270 I C01651/RdbAdaptor: ~RdbDelegate: Destruct. BundleName: com.huawei.hmos.calendardata. StoreName: cale***data. user: 100
CST 2026-07-17 19:57:17.145   143   143 I C01800/SAMGR: Scheduler SA:8350 unload start 1453,0_1_2
CST 2026-07-17 19:57:17.145   143   143 I C01800/SAMGR: Scheduler SA:8350 proc delay unload event
CST 2026-07-17 19:57:17.145   143   143 I C01800/SAMGR: IdleSA:8350
CST 2026-07-17 19:57:17.146   769   769 E C01406/RSScreenManager: IsAllScreensPowerOff: screenPowerStatus_ is empty.
CST 2026-07-17 19:57:17.146  1453  1462 I C01810/SAFWK: Idle-SA:8350
CST 2026-07-17 19:57:17.146  1453  1462 I C01810/SAFWK: OnIdle-SA:8350 end,spend:0ms
CST 2026-07-17 19:57:17.146  1453  1462 I C01810/SAFWK: IdleSaInner suc to Idle SA:8350,delayTime:0,spend:0ms
CST 2026-07-17 19:57:17.146   143   143 I C01800/SAMGR: Scheduler SA:8350 agree unload
CST 2026-07-17 19:57:17.146   143   143 I C01800/SAMGR: Scheduler SA:8350 unloadable
CST 2026-07-17 19:57:17.146  1453  1462 I C04500/app_fwk_update_service: operator(): Do unload task done.
CST 2026-07-17 19:57:17.147   770  1045 I C01120/BMS: execute begin bundleIconResource
CST 2026-07-17 19:57:17.147   697  1723 I C02986/DisplayPowerBrightness: lux=[0/80269, 0/80414, 0/80560, 0/80706, 0/80855, 0/82007, ], bDelta=5.000000, dDelta=1.000000, size=57
CST 2026-07-17 19:57:17.147   770  1044 I C01120/BMS: execute begin bundleResource
CST 2026-07-17 19:57:17.147   605   610 W C02515/DISP: [SetLayerMaskInfo:495] <private> is not supported
CST 2026-07-17 19:57:17.147   332   391 W C01f04/MultiSimontroller: [GetSimAccountInfo-(multi_sim_controller.cpp:1141)] slotId 0 is invalid
CST 2026-07-17 19:57:17.147   332   391 E C01f04/TelephonySubsystem: GetSimAccountInfo fail!
CST 2026-07-17 19:57:17.147   332   389 I C01f0b/Common: RilProxy: SendBoosterRawWithoutSeg moduleId is 101
CST 2026-07-17 19:57:17.147   468  1324 I C01631/GaussPD:  [0] [ADAPTER] [140151183563520] Not support binlog_default.writeLock file enable del monitor sysno = 25
CST 2026-07-17 19:57:17.147   468  1324 I C01631/GaussPD:  [0] [ADAPTER] [140151183563520] Not support binlog_default.writeLock file enable del monitor sysno = 25
CST 2026-07-17 19:57:17.147   468  1324 I C01631/GaussPD:  [0] [ADAPTER] [140151183563520] Not support binlog_default.writeLock file enable del monitor sysno = 25
CST 2026-07-17 19:57:17.148   332   389 I C01f0b/Common: SendBoosterRaw request Num: 3201
CST 2026-07-17 19:57:17.148   332   389 I C01f0b/Common: Enter ApplyRunningLock, serialId is 32
CST 2026-07-17 19:57:17.149   143   155 I C01800/SAMGR: Scheduler proc:app_fwk_update_service unload all SA
CST 2026-07-17 19:57:17.149   143   155 I C01800/SAMGR: Scheduler SA:8350 unload start
CST 2026-07-17 19:57:17.149   143   155 I C01800/SAMGR: StopSA:8350
CST 2026-07-17 19:57:17.149   143   155 I C01800/SAMGR: Scheduler SA:8350 unloading
CST 2026-07-17 19:57:17.149   143   155 I C01800/SAMGR: Scheduler proc:app_fwk_update_service state 1 to 2
CST 2026-07-17 19:57:17.149   143   155 I C01800/SAMGR: Scheduler proc:app_fwk_update_service stopping
CST 2026-07-17 19:57:17.149  1481  1481 E C02c11/APPSPAWN: [appspawn_kickdog.c:29]open /sys/kernel/hungtask/userlist fail,errno:2
CST 2026-07-17 19:57:17.149  1453  1456 I C01810/SAFWK: StopSa recv stop SA:8350 req
CST 2026-07-17 19:57:17.149  1453  1456 I C01810/SAFWK: StopSaInner suc to stop SA:8350,eventLen:57,spend:0ms
CST 2026-07-17 19:57:17.149   605   610 I C02515/DISP: [CommitComposeLayer:67] CommitComposeLayer! 10
CST 2026-07-17 19:57:17.150  2500  3014 E C02e00/UPDATE_SA: [hap_connection.cpp(50)]GetHapRemoteObject, remoteObj is nullptr, bundle com.huawei.hmos.ouc
CST 2026-07-17 19:57:17.150  2500  3014 I C01352/ExtMgr: [extension_manager_client.cpp134]name:com.huawei.hmos.ouc ServiceExtAbility, userId:-1.
CST 2026-07-17 19:57:17.150   770  1062 I C01342/ServiceExt: [ABMS5529]element: com.huawei.hmos.ouc/ServiceExtAbility
CST 2026-07-17 19:57:17.150   770  1062 W C01123/BMSCommon: bundle not exist -n com.huawei.hmos.ouc -u 100 -i 0 -f 0
CST 2026-07-17 19:57:17.150   770  1062 W C01336/AMS: [start_ability_utils.cpp76]failed: com.huawei.hmos.ouc
CST 2026-07-17 19:57:17.150   770  1062 W C01336/AMS: [crowd_test_interceptor.cpp54]GetAppInfo failed
CST 2026-07-17 19:57:17.150   770  1062 W C01120/BMS: app_control_manager.cpp:GetAppRunningControlRule:397 getAppId failed,-n:com.huawei.hmos.ouc
CST 2026-07-17 19:57:17.150   770  1062 W C01123/BMSCommon: uid(6666) invalid
CST 2026-07-17 19:57:17.151   770  1062 I C01336/AMS: [start_ability_utils.cpp54]appIndex:-1
CST 2026-07-17 19:57:17.151   770  1062 W C01123/BMSCommon: bundle not exist -n com.huawei.hmos.ouc -u 100 -i 0 -f 1062
CST 2026-07-17 19:57:17.151   770  1062 I C01121/BMSQuery: ExplicitQueryAbility no match -n com.huawei.hmos.ouc -a ServiceExtAbility -u 100 -i 0
CST 2026-07-17 19:57:17.151   770  1062 W C01120/BMS: query abilitys_ext code 8521480
CST 2026-07-17 19:57:17.151   770  1062 W C01123/BMSCommon: bundle not exist -n com.huawei.hmos.ouc -u 100 -i 0 -f 1062
CST 2026-07-17 19:57:17.151   770  1062 W C01121/BMSQuery: bundle_data_mgr.cpp:ExplicitQueryExtensionInfo:7239 ExplicitQueryExtensionInfo failed
CST 2026-07-17 19:57:17.151   468  1324 I C01631/GaussPD:  [0] [ADAPTER] [140151183563520] Not support binlog_default.writeLock file enable del monitor sysno = 25
CST 2026-07-17 19:57:17.151   770  1062 I C01121/BMSQuery: ExplicitQueryExtension size:0 -n com.huawei.hmos.ouc -e ServiceExtAbility -u 100 -i 0
CST 2026-07-17 19:57:17.151   468  1324 I C01631/GaussPD:  [0] [ADAPTER] [140151183563520] Not support binlog_default.writeIndex file enable del monitor sysno = 25
CST 2026-07-17 19:57:17.151   770  1062 W C01121/BMSQuery: bundle_data_mgr.cpp:GetCloneAppIndexes:2463 no bundleName com.huawei.hmos.ouc found
CST 2026-07-17 19:57:17.151   468  1324 I C01631/GaussPD:  [0] [ADAPTER] [140151183563520] Not support binlog_default.writeIndex file enable del monitor sysno = 25
CST 2026-07-17 19:57:17.151   770  1062 W C01121/BMSQuery: bundle_mgr_host_impl.cpp:QueryExtensionAbilityInfos:3425 no valid extension info can be inquired
CST 2026-07-17 19:57:17.151   770  1062 E C01336/AMS: [start_ability_utils.cpp290]extensionInfo empty
CST 2026-07-17 19:57:17.151   770  1062 E C01342/ServiceExt: [ABMS5868]generate request error
CST 2026-07-17 19:57:17.152  2500  3014 E C02e00/UPDATE_SA: [hap_connection.cpp(82)]HapConnection call interface failed, ret 2097152
CST 2026-07-17 19:57:17.152  2500  3014 E C02e00/UPDATE_SA: [ouc_hap_connection.cpp(72)]SendRemoteRequest, can not connect to ouc
CST 2026-07-17 19:57:17.152   468  1324 I C01651/DataShareServiceStub: OnUpdateEx: Update uri:******uide_state, e:0, s:1
CST 2026-07-17 19:57:17.152   468  1324 W C057c3/IPCObjectStub: SendRequestInner: Stub(desc:*.ServiceProxy) code:21 cost:1074ms
CST 2026-07-17 19:57:17.153  1453  3407 I C01810/SAFWK: Stop-SA:8350
CST 2026-07-17 19:57:17.153   590   596 I C02511/HDF_LOG_TAG: BL active,T=65
CST 2026-07-17 19:57:17.153  1453  3407 I C04500/app_fwk_update_service: OnStop: Ready to stop service.
CST 2026-07-17 19:57:17.153  1453  3407 I C01810/SAFWK: Stop OnStop-SA:8350 finished,spend:0ms
CST 2026-07-17 19:57:17.153   697   766 E C02510/power_interface_proxy: HoldRunningLockExt_ failed, error code is -1
CST 2026-07-17 19:57:17.153   697   766 E C02908/PowerRunningLock: try lock increase fail,N:handleRequestRunningLock_21048,T:65,C:0
CST 2026-07-17 19:57:17.153   332   389 E C01f0b/Common: rilBaseBoosterRadio_ is nullptr!!!
CST 2026-07-17 19:57:17.154   697   766 I C02908/PowerRunningLock: UL N=handleRequestRunningLock_21048
CST 2026-07-17 19:57:17.154   332   389 E C01f0b/Common: RilExtRroxy::function is failed, error: 83886087
CST 2026-07-17 19:57:17.154   332   389 I C01f0b/Common: RilProxy: SendBoosterRawWithoutSeg moduleId is 101
CST 2026-07-17 19:57:17.154   332   389 I C01f0b/Common: SendBoosterRaw request Num: 3201
CST 2026-07-17 19:57:17.154   332   389 I C01f0b/Common: Enter ApplyRunningLock, serialId is 33
CST 2026-07-17 19:57:17.154   590   596 I C02511/HDF_LOG_TAG: BL active,T=65
CST 2026-07-17 19:57:17.155   697   766 E C02510/power_interface_proxy: HoldRunningLockExt_ failed, error code is -1
CST 2026-07-17 19:57:17.155   697   766 E C02908/PowerRunningLock: try lock increase fail,N:handleRequestRunningLock_21048,T:65,C:0
CST 2026-07-17 19:57:17.155   332   389 E C01f0b/Common: rilBaseBoosterRadio_ is nullptr!!!
CST 2026-07-17 19:57:17.155   697   766 I C02908/PowerRunningLock: UL N=handleRequestRunningLock_21048
CST 2026-07-17 19:57:17.155   332   389 E C01f0b/Common: RilExtRroxy::function is failed, error: 83886087
CST 2026-07-17 19:57:17.155   332   389 I C01f0b/ConnCure: ProcessTransitionToHicure
CST 2026-07-17 19:57:17.155   332   389 I C01f0b/ConnCure: cachedPackageName_: cn.alfadb.netbird.e3vpna
CST 2026-07-17 19:57:17.155   332   389 W C01f04/MultiSimontroller: [GetSimAccountInfo-(multi_sim_controller.cpp:1141)] slotId 0 is invalid
CST 2026-07-17 19:57:17.155   332   389 E C01f04/TelephonySubsystem: GetSimAccountInfo fail!
CST 2026-07-17 19:57:17.155   332   389 E C01f04/TelephonySubsystem: simId  is invalid
CST 2026-07-17 19:57:17.155   332   389 E C01f04/MultiSimontroller: failed by nullptr
CST 2026-07-17 19:57:17.155   332   389 E C01f04/TelephonySubsystem: slotId is invalid by vec.size(), slotId = -1
CST 2026-07-17 19:57:17.155   332   389 E C01f04/TelephonySubsystem: simStateManager is null!
CST 2026-07-17 19:57:17.155   332   389 I C01f0b/ConnCure: IsTestSimCard: -1, 
CST 2026-07-17 19:57:17.155   332   389 E C01f0b/ConnCure: getSimOperator error
CST 2026-07-17 19:57:17.155   332   389 I C01f0b/ConnCure: get isInPunishTime_: 0
CST 2026-07-17 19:57:17.155   332   389 I C01f0b/ConnCure: not support vsim service
CST 2026-07-17 19:57:17.155   332   389 I C01f0b/ConnCure: airplane mode is 0
CST 2026-07-17 19:57:17.155   332   389 E C01f04/MultiSimontroller: failed by nullptr
CST 2026-07-17 19:57:17.155   332   389 E C01f0b/ConnCure: phoneStates_ not find slotid=-1
CST 2026-07-17 19:57:17.155   332   389 I C01f0b/ConnCure: canPerformConnCure: network is not in service.
CST 2026-07-17 19:57:17.156   143   143 I C01800/SAMGR: rm SA:8350_140
CST 2026-07-17 19:57:17.156   143   143 I C01800/SAMGR: Scheduler SA:8350 handle unload suc event
CST 2026-07-17 19:57:17.156   143   143 I C01800/SAMGR: Scheduler SA:8350 not loaded
CST 2026-07-17 19:57:17.156   143   158 I C01800/SAMGR: FindSaNotify SA:8350,4_107
CST 2026-07-17 19:57:17.156   143   158 I C01800/SAMGR: Scheduler proc:app_fwk_update_service,SA num:1,notloaded num:1
CST 2026-07-17 19:57:17.156   332   389 I C01f0b/ConnCure: IsSystemCheck, ret:0
CST 2026-07-17 19:57:17.156   332   389 I C01f0b/ConnCure: IsUserDataEnabled: 1
CST 2026-07-17 19:57:17.156   332   389 I C01f0b/ConnCure: IsCaredApp:1, isAllowed:1, isDataEnabled:1
CST 2026-07-17 19:57:17.156   332   389 I C01f0b/ConnCure: IsUserDataEnabled: 1
CST 2026-07-17 19:57:17.156   332   389 W C01f04/MultiSimontroller: [GetSimAccountInfo-(multi_sim_controller.cpp:1141)] slotId 0 is invalid
CST 2026-07-17 19:57:17.156   332   389 E C01f04/TelephonySubsystem: GetSimAccountInfo fail!
CST 2026-07-17 19:57:17.156   332   389 W C01f04/MultiSimontroller: [GetSimAccountInfo-(multi_sim_controller.cpp:1141)] slotId 1 is invalid
CST 2026-07-17 19:57:17.156   332   389 E C01f04/TelephonySubsystem: GetSimAccountInfo fail!
CST 2026-07-17 19:57:17.156   332   389 E C01f0b/ConnCure: phoneStates_ find: slotId=0, callState=-1
CST 2026-07-17 19:57:17.156   332   389 E C01f0b/ConnCure: phoneStates_ find: slotId=1, callState=-1
CST 2026-07-17 19:57:17.156   332   389 I C01f0b/ConnCure: mainCallState: -1, slaveCallState: -1
CST 2026-07-17 19:57:17.158   769   769 E C01406/RSScreenManager: IsAllScreensPowerOff: screenPowerStatus_ is empty.
CST 2026-07-17 19:57:17.158   605   610 W C02515/DISP: [SetLayerMaskInfo:495] <private> is not supported
CST 2026-07-17 19:57:17.159   605   611 I C02515/DISP: [CommitComposeLayer:67] CommitComposeLayer! 10
CST 2026-07-17 19:57:17.160  1453  3407 I C01810/SAFWK: Stop suc to rm SA:8350,spend:6ms
CST 2026-07-17 19:57:17.161   769   902 E C02515/DGLES: [d_eglSwapBuffers_special@egl_gpu.cpp:729] thread output size 157712 speed 115k/s API_num 824
CST 2026-07-17 19:57:17.165   605   610 W C02515/DISP: [SetLayerMaskInfo:495] <private> is not supported
CST 2026-07-17 19:57:17.165   605   610 I C02515/DISP: [CommitComposeLayer:67] CommitComposeLayer! 10
CST 2026-07-17 19:57:17.169   769   769 E C01406/RSScreenManager: IsAllScreensPowerOff: screenPowerStatus_ is empty.
CST 2026-07-17 19:57:17.169   468  1324 E C01707/CONCUR: [Interface] task 1324 apply qos failed, errno = 4
CST 2026-07-17 19:57:17.169   468  1324 E C01611/QosManager: QosManager: Failed to set thread QoS to QOS_USER_INTERACTIVE, ret: -1
CST 2026-07-17 19:57:17.169   468  1324 I C01651/DataShareServiceStub: OnRemoteRequest: code:14, callingPid:201
CST 2026-07-17 19:57:17.172   143   151 I C057c2/IPCObjectProxy: hd:104 ct:1 D:*.ISystemAbilityStatusChange
CST 2026-07-17 19:57:17.172   143   821 I C057c2/IPCObjectProxy: hd:354 ct:1 D:*.ISystemAbilityStatusChange
CST 2026-07-17 19:57:17.172   143   143 I C057c2/IPCObjectProxy: hd:349 ct:1 D:*.accessToken
CST 2026-07-17 19:57:17.172   143   143 I C01800/SAMGR: rm DeadProc:app_fwk_update_service,71
CST 2026-07-17 19:57:17.172   770   800 I C057c2/IPCObjectProxy: hd:280 ct:1 D:*.IAppFwkUpdateService
CST 2026-07-17 19:57:17.172   770   800 I C04500/app_fwk_update_service: AppFwkUpdateOnRemoteDied: remote object of fwk update service died recipient is died
CST 2026-07-17 19:57:17.172   143   821 I C01800/SAMGR: rm SAListener 1453,131
CST 2026-07-17 19:57:17.172   770   800 I C057c2/IPCObjectProxy: hd:281 ct:1 D:
CST 2026-07-17 19:57:17.172   143   151 I C01800/SAMGR: rm SAListener 1453,130
CST 2026-07-17 19:57:17.173   770   800 I C01202/Subscriber: Unsubscribe 1453_3350_-1_252_23902
CST 2026-07-17 19:57:17.180   468  1324 E C01707/CONCUR: [Interface] task 1324 apply qos failed, errno = 4
CST 2026-07-17 19:57:17.180   468  1324 E C01611/QosManager: QosManager: Failed to set thread QoS to QOS_USER_INTERACTIVE, ret: -1
CST 2026-07-17 19:57:17.180   468  1324 I C01651/DataShareServiceStub: OnRemoteRequest: code:21, callingPid:201
CST 2026-07-17 19:57:17.180   605   610 W C02515/DISP: [SetLayerMaskInfo:495] <private> is not supported
CST 2026-07-17 19:57:17.180   605   610 I C02515/DISP: [CommitComposeLayer:67] CommitComposeLayer! 10
CST 2026-07-17 19:57:17.181   468  1324 I C01631/GaussPD:  [0] [ADAPTER] [140151183563520] Not support binlog_default.writeLock file enable del monitor sysno = 25
CST 2026-07-17 19:57:17.181   468  1324 I C01631/GaussPD:  [0] [ADAPTER] [140151183563520] Not support binlog_default.writeLock file enable del monitor sysno = 25
CST 2026-07-17 19:57:17.181   468  1324 I C01631/GaussPD:  [0] [ADAPTER] [140151183563520] Not support binlog_default.writeLock file enable del monitor sysno = 25
CST 2026-07-17 19:57:17.182   468  1324 I C01631/GaussPD:  [0] [ADAPTER] [140151183563520] Not support binlog_default.writeLock file enable del monitor sysno = 25
CST 2026-07-17 19:57:17.182   468  1324 I C01631/GaussPD:  [0] [ADAPTER] [140151183563520] Not support binlog_default.writeIndex file enable del monitor sysno = 25
CST 2026-07-17 19:57:17.182   468  1324 I C01631/GaussPD:  [0] [ADAPTER] [140151183563520] Not support binlog_default.writeIndex file enable del monitor sysno = 25
CST 2026-07-17 19:57:17.182   143   158 I C02c02/PARAM: SystemSetParameter name ohos.ctl.stop id:67 ret:0
CST 2026-07-17 19:57:17.183   468  1324 I C01651/DataShareServiceStub: OnUpdateEx: Update uri:******ture_state, e:0, s:1
CST 2026-07-17 19:57:17.183   468  1324 E C01707/CONCUR: [Interface] task 1324 apply qos failed, errno = 4
CST 2026-07-17 19:57:17.183   468  1324 E C01611/QosManager: QosManager: Failed to set thread QoS to QOS_USER_INTERACTIVE, ret: -1
CST 2026-07-17 19:57:17.183   468  1324 I C01651/DataShareServiceStub: OnRemoteRequest: code:14, callingPid:201
CST 2026-07-17 19:57:17.183   468  1324 E C01707/CONCUR: [Interface] task 1324 apply qos failed, errno = 4
CST 2026-07-17 19:57:17.183   468  1324 E C01611/QosManager: QosManager: Failed to set thread QoS to QOS_USER_INTERACTIVE, ret: -1
CST 2026-07-17 19:57:17.183   468  1324 I C01651/DataShareServiceStub: OnRemoteRequest: code:21, callingPid:201
CST 2026-07-17 19:57:17.184   468  1324 I C01631/GaussPD:  [0] [ADAPTER] [140151183563520] Not support binlog_default.writeLock file enable del monitor sysno = 25
CST 2026-07-17 19:57:17.184   468  1324 I C01631/GaussPD:  [0] [ADAPTER] [140151183563520] Not support binlog_default.writeLock file enable del monitor sysno = 25
CST 2026-07-17 19:57:17.184   468  1324 I C01631/GaussPD:  [0] [ADAPTER] [140151183563520] Not support binlog_default.writeLock file enable del monitor sysno = 25
CST 2026-07-17 19:57:17.185   468  1324 I C01631/GaussPD:  [0] [ADAPTER] [140151183563520] Not support binlog_default.writeLock file enable del monitor sysno = 25
CST 2026-07-17 19:57:17.185   468  1324 I C01631/GaussPD:  [0] [ADAPTER] [140151183563520] Not support binlog_default.writeIndex file enable del monitor sysno = 25
CST 2026-07-17 19:57:17.185   468  1324 I C01631/GaussPD:  [0] [ADAPTER] [140151183563520] Not support binlog_default.writeIndex file enable del monitor sysno = 25
CST 2026-07-17 19:57:17.186   468  1324 I C01651/DataShareServiceStub: OnUpdateEx: Update uri:******t_observer, e:0, s:1
CST 2026-07-17 19:57:17.186   468  1324 E C01707/CONCUR: [Interface] task 1324 apply qos failed, errno = 4
CST 2026-07-17 19:57:17.186   468  1324 E C01611/QosManager: QosManager: Failed to set thread QoS to QOS_USER_INTERACTIVE, ret: -1
CST 2026-07-17 19:57:17.186   468  1324 I C01651/DataShareServiceStub: OnRemoteRequest: code:14, callingPid:201
CST 2026-07-17 19:57:17.186   201  2303 E C01d00/accessibility: [(CheckExtProxyStatus:820)]Extension Proxy is not load
CST 2026-07-17 19:57:17.186   201  2303 I C01d00/accessibility: [(GetAccessibilityState:115)]EnabledState[0], TouchGuideState[0], KeyEventObserverState[0], GestureState[0], ScreenReaderState[0], SingleClickMode[0], AnimationOffState[0], AudioMonoState[0], FlashReminderSwitch[0]
CST 2026-07-17 19:57:17.186   468  1324 E C01707/CONCUR: [Interface] task 1324 apply qos failed, errno = 4
CST 2026-07-17 19:57:17.186   468  1324 E C01611/QosManager: QosManager: Failed to set thread QoS to QOS_USER_INTERACTIVE, ret: -1
CST 2026-07-17 19:57:17.186   468  1324 I C01651/DataShareServiceStub: OnRemoteRequest: code:21, callingPid:201
CST 2026-07-17 19:57:17.187   468  1324 I C01631/GaussPD:  [0] [ADAPTER] [140151183563520] Not support binlog_default.writeLock file enable del monitor sysno = 25
CST 2026-07-17 19:57:17.187   468  1324 I C01631/GaussPD:  [0] [ADAPTER] [140151183563520] Not support binlog_default.writeLock file enable del monitor sysno = 25
CST 2026-07-17 19:57:17.187   468  1324 I C01631/GaussPD:  [0] [ADAPTER] [140151183563520] Not support binlog_default.writeLock file enable del monitor sysno = 25
CST 2026-07-17 19:57:17.188   468  1324 I C01631/GaussPD:  [0] [ADAPTER] [140151183563520] Not support binlog_default.writeLock file enable del monitor sysno = 25
CST 2026-07-17 19:57:17.188   468  1324 I C01631/GaussPD:  [0] [ADAPTER] [140151183563520] Not support binlog_default.writeIndex file enable del monitor sysno = 25
CST 2026-07-17 19:57:17.188   468  1324 I C01631/GaussPD:  [0] [ADAPTER] [140151183563520] Not support binlog_default.writeIndex file enable del monitor sysno = 25
CST 2026-07-17 19:57:17.189   468  1324 I C01651/DataShareServiceStub: OnUpdateEx: Update uri:******essibility, e:0, s:1
CST 2026-07-17 19:57:17.189   468  1324 E C01707/CONCUR: [Interface] task 1324 apply qos failed, errno = 4
CST 2026-07-17 19:57:17.189   468  1324 E C01611/QosManager: QosManager: Failed to set thread QoS to QOS_USER_INTERACTIVE, ret: -1
CST 2026-07-17 19:57:17.189   468  1324 I C01651/DataShareServiceStub: OnRemoteRequest: code:14, callingPid:201
CST 2026-07-17 19:57:17.189   201  2303 I C01d00/accessibility: [(OnStateObservers:3654)]state is 1
CST 2026-07-17 19:57:17.189  1522  1533 I C01d02/accessibility_asacfwk: [(NotifyStateChanged:705)]observers size is 2
CST 2026-07-17 19:57:17.189  1612  2927 I C01d02/accessibility_asacfwk: [(NotifyStateChanged:705)]observers size is 1
CST 2026-07-17 19:57:17.189  1522  1533 I C01d10/accessibility_napi: [(OnStateChanged:1885)]
CST 2026-07-17 19:57:17.189  1612  2927 I C01d10/accessibility_napi: [(OnStateChanged:1885)]
CST 2026-07-17 19:57:17.189  1612  2927 I C01d02/accessibility_asacfwk: [(NotifyStateChanged:705)]observers size is 0
CST 2026-07-17 19:57:17.190  1522  1533 I C01d02/accessibility_asacfwk: [(NotifyStateChanged:705)]observers size is 1
CST 2026-07-17 19:57:17.190  2207  2262 I C01d02/accessibility_asacfwk: [(NotifyStateChanged:705)]observers size is 1
CST 2026-07-17 19:57:17.190  1522  1522 I C01d02/accessibility_asacfwk: [(RegisterElementOperator:388)]Register windowId[1] start
CST 2026-07-17 19:57:17.190  2207  2262 I C01d02/accessibility_asacfwk: [(NotifyStateChanged:705)]observers size is 1
CST 2026-07-17 19:57:17.190  1522  1522 I C0392a/AceUiExtensionComponent: [(-2:100000:singleton)] [@1869][ID: 1] treeId: 0, id: 132
CST 2026-07-17 19:57:17.190  3089  3383 I C01d02/accessibility_asacfwk: [(NotifyStateChanged:705)]observers size is 1
CST 2026-07-17 19:57:17.190  3089  3383 I C01d02/accessibility_asacfwk: [(NotifyStateChanged:705)]observers size is 1
CST 2026-07-17 19:57:17.190  3089  3089 I C01d02/accessibility_asacfwk: [(RegisterElementOperator:388)]Register windowId[30] start
CST 2026-07-17 19:57:17.191   468  1324 E C01707/CONCUR: [Interface] task 1324 apply qos failed, errno = 4
CST 2026-07-17 19:57:17.191   468  1324 E C01611/QosManager: QosManager: Failed to set thread QoS to QOS_USER_INTERACTIVE, ret: -1
CST 2026-07-17 19:57:17.191   468  1324 I C01651/DataShareServiceStub: OnRemoteRequest: code:21, callingPid:201
CST 2026-07-17 19:57:17.191   143   158 I C01800/SAMGR: Scheduler proc:app_fwk_update_service kill pid:1453,3350_0_26ms
CST 2026-07-17 19:57:17.191   143   143 I C01800/SAMGR: Scheduler proc:app_fwk_update_service handle stopped event
CST 2026-07-17 19:57:17.191   143   143 I C01800/SAMGR: Scheduler proc:app_fwk_update_service state 2 to 0
CST 2026-07-17 19:57:17.191   143   143 I C01800/SAMGR: Scheduler proc:app_fwk_update_service stopped
CST 2026-07-17 19:57:17.191   143   143 I C01800/SAMGR: remove onDemandSA. proc:app_fwk_update_service, size:26
CST 2026-07-17 19:57:17.191   468  1324 I C01631/GaussPD:  [0] [ADAPTER] [140151183563520] Not support binlog_default.writeLock file enable del monitor sysno = 25
CST 2026-07-17 19:57:17.191   143   143 I C01800/SAMGR: Scheduler SA:8350 state current 0 is same as next 0
CST 2026-07-17 19:57:17.191   468  1324 I C01631/GaussPD:  [0] [ADAPTER] [140151183563520] Not support binlog_default.writeLock file enable del monitor sysno = 25
CST 2026-07-17 19:57:17.191   468  1324 I C01631/GaussPD:  [0] [ADAPTER] [140151183563520] Not support binlog_default.writeLock file enable del monitor sysno = 25
CST 2026-07-17 19:57:17.191   305   540 I C01810/SA_CLIENT: onProcStop,pid:1453
CST 2026-07-17 19:57:17.192   468  1324 I C01631/GaussPD:  [0] [ADAPTER] [140151183563520] Not support binlog_default.writeLock file enable del monitor sysno = 25
CST 2026-07-17 19:57:17.192   468  1324 I C01631/GaussPD:  [0] [ADAPTER] [140151183563520] Not support binlog_default.writeIndex file enable del monitor sysno = 25
CST 2026-07-17 19:57:17.192   468  1324 I C01631/GaussPD:  [0] [ADAPTER] [140151183563520] Not support binlog_default.writeIndex file enable del monitor sysno = 25
CST 2026-07-17 19:57:17.192   468  1324 I C01651/DataShareServiceStub: OnUpdateEx: Update uri:******lity_state, e:0, s:1
CST 2026-07-17 19:57:17.196   201   202 I C01d00/accessibility: [(RegisterElementOperatorByParameter:1296)]get treeId element and treeid - treeId: 3 parameter.elementId[132]element[132]
CST 2026-07-17 19:57:17.201   769   769 E C01406/RSScreenManager: IsAllScreensPowerOff: screenPowerStatus_ is empty.
CST 2026-07-17 19:57:17.229   332   389 I C01f0b/TelephonyExtPower: SendSleepModeCheck enter
CST 2026-07-17 19:57:17.229   332   389 I C01f0b/TelephonyExtPower: exit sleep
CST 2026-07-17 19:57:17.229   332   389 I C01f0b/TelephonyExtPower: SendSleepModeCmd DefaultSlotId: 0, sleepStatus is 0
CST 2026-07-17 19:57:17.229   332   389 I C01f0b/Common: RilProxy: SendBoosterRawWithoutSeg moduleId is 101
CST 2026-07-17 19:57:17.229   332   389 I C01f0b/Common: SendBoosterRaw request Num: 3201
CST 2026-07-17 19:57:17.229   332   389 I C01f0b/Common: Enter ApplyRunningLock, serialId is 34
CST 2026-07-17 19:57:17.230   590   596 I C02511/HDF_LOG_TAG: BL active,T=65
CST 2026-07-17 19:57:17.230   697   766 E C057c2/IPCObjectProxy: PrintErrorDetailedInfo: failed, handle:6 error:-1 desc:*.IPowerInterface proxy:11250160 time:82090454628
CST 2026-07-17 19:57:17.230   697   766 E C02510/power_interface_proxy: HoldRunningLockExt_ failed, error code is -1
CST 2026-07-17 19:57:17.230   697   766 E C02908/PowerRunningLock: try lock increase fail,N:handleRequestRunningLock_21048,T:65,C:0
CST 2026-07-17 19:57:17.230   332   389 E C01f0b/Common: rilBaseBoosterRadio_ is nullptr!!!
CST 2026-07-17 19:57:17.230   697   766 I C02908/PowerRunningLock: UL N=handleRequestRunningLock_21048
CST 2026-07-17 19:57:17.230   332   389 E C01f0b/Common: RilExtRroxy::function is failed, error: 83886087
CST 2026-07-17 19:57:17.230   332   389 I C01f0b/Common: RilProxy: SendBoosterRawWithoutSeg moduleId is 101
CST 2026-07-17 19:57:17.230   332   389 I C01f0b/Common: SendBoosterRaw request Num: 3201
CST 2026-07-17 19:57:17.230   332   389 I C01f0b/Common: Enter ApplyRunningLock, serialId is 35
CST 2026-07-17 19:57:17.230   590   596 I C02511/HDF_LOG_TAG: BL active,T=65
CST 2026-07-17 19:57:17.231   697   766 E C02510/power_interface_proxy: HoldRunningLockExt_ failed, error code is -1
CST 2026-07-17 19:57:17.231   697   766 E C02908/PowerRunningLock: try lock increase fail,N:handleRequestRunningLock_21048,T:65,C:0
CST 2026-07-17 19:57:17.231   332   389 E C01f0b/Common: rilBaseBoosterRadio_ is nullptr!!!
CST 2026-07-17 19:57:17.231   697   766 I C02908/PowerRunningLock: UL N=handleRequestRunningLock_21048
CST 2026-07-17 19:57:17.231   332   389 E C01f0b/Common: RilExtRroxy::function is failed, error: 83886087
CST 2026-07-17 19:57:17.277   468  1324 E C01707/CONCUR: [Interface] task 1324 apply qos failed, errno = 4
CST 2026-07-17 19:57:17.277   468  1324 E C01611/QosManager: QosManager: Failed to set thread QoS to QOS_USER_INTERACTIVE, ret: -1
CST 2026-07-17 19:57:17.277   468  1324 I C01651/DataShareServiceStub: OnRemoteRequest: code:14, callingPid:201
CST 2026-07-17 19:57:17.278   605   610 W C02515/DISP: [SetLayerMaskInfo:495] <private> is not supported
CST 2026-07-17 19:57:17.278   605   610 I C02515/DISP: [CommitComposeLayer:67] CommitComposeLayer! 10
CST 2026-07-17 19:57:17.278   201  2303 I C01d00/accessibility: [(Unregister:76)]unregister shortcut key, last subscribeId is 4
CST 2026-07-17 19:57:17.278   201  2303 I C02800/InputManagerImpl: [][UnsubscribeKeyEvent:404] enter
CST 2026-07-17 19:57:17.278   201  2303 I C02800/KeyEventInputSubscribeManager: [][UnsubscribeKeyEvent:202] enter
CST 2026-07-17 19:57:17.278   251   264 I C02800/MMIService: [][UnsubscribeKeyEvent:2540] enter
CST 2026-07-17 19:57:17.278   251   516 I C02802/KeySubscriberHandler: [|172]SubscribeId:4, pid:201
CST 2026-07-17 19:57:17.278   251   516 I C02800/KeySubscriberHandler: [][RemoveKeyGestureSubscriber:243] enter
CST 2026-07-17 19:57:17.278   251   516 I C02802/KeySubscriberHandler: [|253]Removing handler(9) of key gesture
CST 2026-07-17 19:57:17.278   251   516 I C02802/KeyGestureManager: [|107]Handler(9) of key gesture was removed
CST 2026-07-17 19:57:17.278   251   516 I C02800/KeySubscriberHandler: [][RemoveKeyGestureSubscriber] leave
CST 2026-07-17 19:57:17.278   251   264 I C02800/MMIService: [][UnsubscribeKeyEvent] leave
CST 2026-07-17 19:57:17.279   201  2303 I C02800/KeyEventInputSubscribeManager: [][UnsubscribeKeyEvent] leave
CST 2026-07-17 19:57:17.279   201  2303 I C02800/InputManagerImpl: [][UnsubscribeKeyEvent] leave
CST 2026-07-17 19:57:17.279   201  2303 I C01d00/accessibility: [(Register:57)]
CST 2026-07-17 19:57:17.279   201  2303 I C02800/InputManagerImpl: [][SubscribeKeyEvent:385] enter
CST 2026-07-17 19:57:17.279   251   516 I C02800/KeyGestureManager: [][ShouldIntercept:461] enter
CST 2026-07-17 19:57:17.279   251   516 I C02800/KeyGestureManager: [][ShouldIntercept] leave
CST 2026-07-17 19:57:17.279   251   516 I C02800/KeySubscriberHandler: [][AddKeyGestureSubscriber:218] enter
CST 2026-07-17 19:57:17.279   251   516 I C02802/KeySubscriberHandler: [|229]Handler(10) of key gesture was added
CST 2026-07-17 19:57:17.279   251   516 I C02800/KeySubscriberHandler: [][AddKeyGestureSubscriber] leave
CST 2026-07-17 19:57:17.279   201  2303 I C02800/InputManagerImpl: [][SubscribeKeyEvent] leave
CST 2026-07-17 19:57:17.279   201  2303 I C01d00/accessibility: [(operator():1152)]Register windowId[1]
CST 2026-07-17 19:57:17.279   201  2303 I C01d00/accessibility: [(AddAccessibilityWindowConnection:326)]windowId(1)
CST 2026-07-17 19:57:17.281   143   143 I C01800/SAMGR: NF SA:65962,776_99
CST 2026-07-17 19:57:17.306  1522  1522 I A01b01/HOME: PageDesktopViewModel --> cards num: 0, threshold:7
CST 2026-07-17 19:57:17.306  1522  1522 W A01c06/ICON: AppIconWeatherModel --> initWeatherListener, retryTimes: 4
CST 2026-07-17 19:57:17.306   605   610 W C02515/DISP: [SetLayerMaskInfo:495] <private> is not supported
CST 2026-07-17 19:57:17.309   201  2303 I C01d00/accessibility: [(InitSceneBoard:1362)]
CST 2026-07-17 19:57:17.310   201  2303 I C01d00/accessibility: [(operator():1152)]Register windowId[30]
CST 2026-07-17 19:57:17.310   201  2303 I C01d00/accessibility: [(AddAccessibilityWindowConnection:326)]windowId(30)
CST 2026-07-17 19:57:17.317   201  2303 I C01d00/accessibility: [(operator():1304)]Register windowId[1]
CST 2026-07-17 19:57:17.324   468  1324 E C01707/CONCUR: [Interface] task 1324 apply qos failed, errno = 4
CST 2026-07-17 19:57:17.324   468  1324 E C01611/QosManager: QosManager: Failed to set thread QoS to QOS_USER_INTERACTIVE, ret: -1
CST 2026-07-17 19:57:17.324   605   610 I C02515/DISP: [CommitComposeLayer:67] CommitComposeLayer! 10
CST 2026-07-17 19:57:17.325   770  1062 W C01123/BMSCommon: bundle not exist -n com.huawei.hmsapp.totemweather -u 100 -i 0 -f 32
CST 2026-07-17 19:57:17.325   770  1062 W C01121/BMSQuery: GetBundleInfo failed -n com.huawei.hmsapp.totemweather -u 100
CST 2026-07-17 19:57:17.325   468  1324 E C01651/BundleMgrProxy: GetBundleInfoFromBMS: GetBundleInfo failed!bundleName is com.huawei.hmsapp.totemweather, userId is 100
CST 2026-07-17 19:57:17.325   468  1324 E C01651/DataProviderConfig: GetFromProxyData: Get bundleInfo failed! bundleName:com.huawei.hmsapp.totemweather, userId:100, visitedId:100, uri:******icIconInfo
CST 2026-07-17 19:57:17.325   468  1324 E C01651/DataShareServiceImpl: GetBMSAndMetaDataStatus: CalledInfo failed! token:0x20087fab,ret:1001,uri:******icIconInfo
CST 2026-07-17 19:57:17.325   468  1324 E C01651/DataShareServiceImpl: GetSilentProxyStatus: BMS or metaData not ready to complete, token:0x20087fab, uri:******icIconInfo
CST 2026-07-17 19:57:17.325  1522  1522 E A01c06/ICON: AppIconWeatherModel --> get weather info failed, code: 15700010, message: The DataShareHelper is not initialized successfully.
CST 2026-07-17 19:57:17.333   441   449 W C01c42/TimeService: uid:5523 id:385451045 wk:0
CST 2026-07-17 19:57:17.333   441   449 W C01c42/TimeService: t3 84859
CST 2026-07-17 19:57:17.333   441   533 I C01c42/TimeService: start:385451045 typ:1 int:0 trig:1784289467333 pid:770
CST 2026-07-17 19:57:17.333   441   533 W C01c42/TimeService: id:385451045 we:112192
CST 2026-07-17 19:57:17.333   770  1073 I C01202/Unordered: Pid 770 publish notification.event.PUSH_AGENT to -1 end(1,1,0,0)
CST 2026-07-17 19:57:17.376   590   596 I C02511/HDF_LOG_TAG: [a92abd189d5ba13] BL active,T=65
CST 2026-07-17 19:57:17.376   697   766 E C02510/power_interface_proxy: [a92abd189d5ba13] HoldRunningLockExt_ failed, error code is -1
CST 2026-07-17 19:57:17.376   697   766 E C02908/PowerRunningLock: [a92abd189d5ba13] try lock increase fail,N:push_manager_service_pushAgentEventThread_52199,T:65,C:0
CST 2026-07-17 19:57:17.376   697   766 I C02908/PowerRunningLock: [a92abd189d5ba13] Timerid=67,Ms=5000
CST 2026-07-17 19:57:17.376   417  3410 I C05300/push60100022: [a92abd189d5ba13] This is PushAgentProcessor, code: 6
CST 2026-07-17 19:57:17.376   417  3410 I C05300/push60100022: [a92abd189d5ba13] Report notification event to ha begin
CST 2026-07-17 19:57:17.377   417  3410 W C05300/push: [a92abd189d5ba13] EncryptWithSha256: Parame is Illeage
CST 2026-07-17 19:57:17.377   417  3410 I C05300/push: [a92abd189d5ba13] GetBundleInfoV9 start, bundleName:com.ohos.sceneboard
CST 2026-07-17 19:57:17.380   697   766 I C02908/PowerRunningLock: [a92abd189d5ba13] timer exist,unregistId=67
CST 2026-07-17 19:57:17.380   697   766 I C02908/PowerRunningLock: [a92abd189d5ba13] UL N=push_manager_service_pushAgentEventThread_52199
CST 2026-07-17 19:57:17.380   417  3411 I C04707/HaClientLite: [a92abd189d5ba13] SetConfigOptions(push_service1)
CST 2026-07-17 19:57:17.380   417  3411 I C04707/HaClientLite: [a92abd189d5ba13] OnEvents(push_service1, 2)
CST 2026-07-17 19:57:17.398  1546  3412 I C04315/CloudKitSA: ExecuteSAUnloadTask execute SA unload task, lastExecuteTime: 1784289376172
CST 2026-07-17 19:57:17.398  1546  3412 I C04315/CloudKitSA: ExecuteSAUnloadTask SA last execute time less than 1784289376172 ms, no need unload now.
CST 2026-07-17 19:57:17.400   332   832 E C01f04/MultiSimontroller: slotId 0 is invalid
CST 2026-07-17 19:57:17.421  3414  3414 W C02c02/PARAM: Selinux check name persist.init.debug.loglevel in u:object_r:startup_init_param:s0 [3414 2000 2000] failed
CST 2026-07-17 19:57:17.421  3414  3414 W C02c02/PARAM: Selinux check name persist.init.debug.loglevel in u:object_r:startup_init_param:s0 [3414 2000 2000] failed
CST 2026-07-17 19:57:17.421  3414  3414 W C02c02/PARAM: SystemReadParam failed!name is:persist.init.debug.loglevel,err:1002
CST 2026-07-17 19:57:17.428  3416  3416 W C02c02/PARAM: Selinux check name persist.init.debug.loglevel in u:object_r:startup_init_param:s0 [3416 2000 2000] failed
CST 2026-07-17 19:57:17.428  3416  3416 W C02c02/PARAM: Selinux check name persist.init.debug.loglevel in u:object_r:startup_init_param:s0 [3416 2000 2000] failed
CST 2026-07-17 19:57:17.429  3416  3416 W C02c02/PARAM: SystemReadParam failed!name is:persist.init.debug.loglevel,err:1002
CST 2026-07-17 19:57:17.429  3417  3417 W C02c02/PARAM: Selinux check name persist.init.debug.loglevel in u:object_r:startup_init_param:s0 [3417 2000 2000] failed
CST 2026-07-17 19:57:17.429  3417  3417 W C02c02/PARAM: Selinux check name persist.init.debug.loglevel in u:object_r:startup_init_param:s0 [3417 2000 2000] failed
CST 2026-07-17 19:57:17.429  3417  3417 W C02c02/PARAM: SystemReadParam failed!name is:persist.init.debug.loglevel,err:1002
CST 2026-07-17 19:57:17.429  3418  3418 W C02c02/PARAM: Selinux check name persist.init.debug.loglevel in u:object_r:startup_init_param:s0 [3418 2000 2000] failed
CST 2026-07-17 19:57:17.429  3418  3418 W C02c02/PARAM: Selinux check name persist.init.debug.loglevel in u:object_r:startup_init_param:s0 [3418 2000 2000] failed
CST 2026-07-17 19:57:17.429  3418  3418 W C02c02/PARAM: SystemReadParam failed!name is:persist.init.debug.loglevel,err:1002
CST 2026-07-17 19:57:17.436  3419  3419 W C02c02/PARAM: Selinux check name persist.init.debug.loglevel in u:object_r:startup_init_param:s0 [3419 2000 2000] failed
CST 2026-07-17 19:57:17.436  3419  3419 W C02c02/PARAM: Selinux check name persist.init.debug.loglevel in u:object_r:startup_init_param:s0 [3419 2000 2000] failed
CST 2026-07-17 19:57:17.436  3419  3419 W C02c02/PARAM: SystemReadParam failed!name is:persist.init.debug.loglevel,err:1002
CST 2026-07-17 19:57:17.436  3420  3420 W C02c02/PARAM: Selinux check name persist.init.debug.loglevel in u:object_r:startup_init_param:s0 [3420 2000 2000] failed
CST 2026-07-17 19:57:17.436  3420  3420 W C02c02/PARAM: Selinux check name persist.init.debug.loglevel in u:object_r:startup_init_param:s0 [3420 2000 2000] failed
CST 2026-07-17 19:57:17.436  3420  3420 W C02c02/PARAM: SystemReadParam failed!name is:persist.init.debug.loglevel,err:1002
CST 2026-07-17 19:57:17.482   143   143 I C01800/SAMGR: NF SA:65962,776_100
CST 2026-07-17 19:57:17.558  2966  3006 E C02f18/SECURITY_AUDIT_Service: Start HSDR timeout
CST 2026-07-17 19:57:17.559  2966  3006 I C02f18/SECURITY_AUDIT_Service: Start HSDR end, ret: 1
CST 2026-07-17 19:57:17.603  3423  3423 W C02c02/PARAM: Selinux check name persist.init.debug.loglevel in u:object_r:startup_init_param:s0 [3423 2000 2000] failed
CST 2026-07-17 19:57:17.603  3423  3423 W C02c02/PARAM: Selinux check name persist.init.debug.loglevel in u:object_r:startup_init_param:s0 [3423 2000 2000] failed
CST 2026-07-17 19:57:17.603  3423  3423 W C02c02/PARAM: SystemReadParam failed!name is:persist.init.debug.loglevel,err:1002
CST 2026-07-17 19:57:17.610  3425  3425 W C02c02/PARAM: Selinux check name persist.init.debug.loglevel in u:object_r:startup_init_param:s0 [3425 2000 2000] failed
CST 2026-07-17 19:57:17.610  3425  3425 W C02c02/PARAM: Selinux check name persist.init.debug.loglevel in u:object_r:startup_init_param:s0 [3425 2000 2000] failed
CST 2026-07-17 19:57:17.610  3425  3425 W C02c02/PARAM: SystemReadParam failed!name is:persist.init.debug.loglevel,err:1002
CST 2026-07-17 19:57:17.618  3426  3426 W C02c02/PARAM: Selinux check name persist.init.debug.loglevel in u:object_r:startup_init_param:s0 [3426 2000 2000] failed
CST 2026-07-17 19:57:17.618  3426  3426 W C02c02/PARAM: Selinux check name persist.init.debug.loglevel in u:object_r:startup_init_param:s0 [3426 2000 2000] failed
CST 2026-07-17 19:57:17.618  3426  3426 W C02c02/PARAM: SystemReadParam failed!name is:persist.init.debug.loglevel,err:1002
CST 2026-07-17 19:57:17.682   143   143 I C01800/SAMGR: NF SA:65962,776_101
CST 2026-07-17 19:57:17.716   657  1248 E C02f07/S_COLLCTOR: [QuerySecurityEvent]begin collector QuerySecurityEvent
CST 2026-07-17 19:57:17.717   143   143 I C01800/SAMGR: NF SA:3525,657_6
CST 2026-07-17 19:57:17.717   143   143 I C01800/SAMGR: Scheduler SA:3525 load start 657,0_0_0
CST 2026-07-17 19:57:17.717   143   143 I C01800/SAMGR: NF SA:3525,657_7
CST 2026-07-17 19:57:17.717   143   143 I C01800/SAMGR: DoLoadSA:3525,1_1
CST 2026-07-17 19:57:17.721   143   143 I C02c02/PARAM: SystemWaitParameter startup.service.ctl.security_collector v 5 ret 0
CST 2026-07-17 19:57:17.757   143   143 I C02c02/PARAM: SystemSetParameter name ohos.ctl.start id:69 ret:0
CST 2026-07-17 19:57:17.762  3427  3427 I C01810/SAFWK: main enter SAFWK main, proc:3427
CST 2026-07-17 19:57:17.762  3427  3427 I C01810/SAFWK: ParseArgv ParseArgv extraArgv eventStr:3525#0#load##-1#!
CST 2026-07-17 19:57:17.762  3427  3427 I C01810/SAFWK: operator() Set process name to security_collector
CST 2026-07-17 19:57:17.762  3427  3427 I C01810/SAFWK: InitProfiles proc:security_collector end,spend:0ms
CST 2026-07-17 19:57:17.763   143   143 I C01800/SAMGR: Start dynamic proc:security_collector,3525,0_36ms
CST 2026-07-17 19:57:17.763   143   143 I C01800/SAMGR: Scheduler SA:3525 loading
CST 2026-07-17 19:57:17.763  3427  3429 W C057c1/IPCWorkThread: ThreadHandler: proto:0 policy:1 name:OS_IPC_0_3429 invoker:9792928
CST 2026-07-17 19:57:17.763  3427  3430 I C02d06/XCollie: init default task finished.
CST 2026-07-17 19:57:17.764  3427  3427 W C02f07/S_COLLCTOR: [SecurityCollectorManagerService]SecurityCollectorManagerService
CST 2026-07-17 19:57:17.764  3427  3427 I C01810/SAFWK: AddAbility set profile attr for SA:3525
CST 2026-07-17 19:57:17.764  3427  3431 W C057c1/IPCWorkThread: ThreadHandler: proto:0 policy:0 name:OS_IPC_1_3431 invoker:9790624
CST 2026-07-17 19:57:17.764  3427  3427 I C01800/SAMGR: SA:3525 OpenSo 2ms
CST 2026-07-17 19:57:17.764  3427  3427 I C01810/SAFWK: InitOnDemandSa LoadSaLib SA:3525 finished,spend:2ms
CST 2026-07-17 19:57:17.765   143   143 I C01800/SAMGR: AddProc:security_collector,48ms
CST 2026-07-17 19:57:17.765   143   143 I C01800/SAMGR: Scheduler proc:security_collector handle started event
CST 2026-07-17 19:57:17.765   143   143 I C01800/SAMGR: Scheduler proc:security_collector state 0 to 1
CST 2026-07-17 19:57:17.765   143   143 I C01800/SAMGR: Scheduler proc:security_collector started
CST 2026-07-17 19:57:17.765   305   540 I C01810/SA_CLIENT: onProcStart,pid:3427
CST 2026-07-17 19:57:17.765  3427  3427 I C01810/SAFWK: Run curThread is 4,proc:security_collector,SA:3525
CST 2026-07-17 19:57:17.765   305   552 E C01720/SmartGC: [a92abb189dbaedf] [GetPidFromPayload]GetPidFromEvent not contains pid
CST 2026-07-17 19:57:17.765   305   552 E C01720/SmartGC: [a92abb189dbaedf] [ProcessPerfSensitiveScene]decider is null
CST 2026-07-17 19:57:17.766  3427  3432 I C01810/SAFWK: Start-SA:3525
CST 2026-07-17 19:57:17.766  3427  3432 I C02f07/S_COLLCTOR: [OnStart]OnStart
CST 2026-07-17 19:57:17.766   143   143 I C01800/SAMGR: insert SA:3525_141
CST 2026-07-17 19:57:17.766   143   143 I C01800/SAMGR: Scheduler SA:3525 handle load suc event
CST 2026-07-17 19:57:17.767   143   143 I C01800/SAMGR: Scheduler SA:3525 loaded
CST 2026-07-17 19:57:17.767   143   157 I C01800/SAMGR: DelayUnloadTime is 40000, SA:3525
CST 2026-07-17 19:57:17.767   143   157 I C01800/SAMGR: FindSaNotify SA:3525,3_107
CST 2026-07-17 19:57:17.767   143   157 I C01800/SAMGR: SendSaAddedMsg notify SA:3525
CST 2026-07-17 19:57:17.767   143   157 I C01800/SAMGR: notify SA:3525,657
CST 2026-07-17 19:57:17.767   657   659 I C02f07/S_COLLCTOR: [OnLoadSystemAbilitySuccess]OnLoadSystemAbilitySuccess = 3525.
CST 2026-07-17 19:57:17.767   657   659 W C01810/SA_CLIENT: OnLoadSaSucInner SA:3525 spend 0ms
CST 2026-07-17 19:57:17.767  3427  3432 I C01810/SAFWK: Publish SA:3525 result:0,spend:1ms
CST 2026-07-17 19:57:17.767  3427  3432 I C01810/SAFWK: Start OnStart-SA:3525 finished, spend:1 ms
CST 2026-07-17 19:57:17.767  3427  3432 I C01810/SAFWK: StartSystemAbilityTask security_collector SA:3525 init finished, 5 ms
CST 2026-07-17 19:57:17.767  3427  3427 I C01810/SAFWK: start tasks proc:security_collector end,spend 1ms
CST 2026-07-17 19:57:17.771  3427  3427 I C01810/SAFWK: IsConfigUnused unusedCfgMap_ size:0
CST 2026-07-17 19:57:17.771   657  1248 I C02f07/S_COLLCTOR: [QuerySecurityEvent]enter SecurityCollectorManagerProxy QuerySecurityEvent
CST 2026-07-17 19:57:17.771  3427  3427 I C02f07/S_COLLCTOR: [HandleSecurityEventQueryCmd]HandleSecurityEventQueryCmd
CST 2026-07-17 19:57:17.771  3427  3427 I C02f07/S_COLLCTOR: [QuerySecurityEvent]begin QuerySecurityEvent
CST 2026-07-17 19:57:17.772  3427  3427 I C02f07/S_COLLCTOR: [QuerySecurityEvent]QuerySecurityEvent start
CST 2026-07-17 19:57:17.772  3427  3427 I C02f07/S_COLLCTOR: [QuerySecurityEvent]QuerySecurityEvent eventId is 0xffffffff03
CST 2026-07-17 19:57:17.772  3427  3427 I C02f07/S_COLLCTOR: [GetCollectorPath]Start GetCollectorPath
CST 2026-07-17 19:57:17.772  3427  3427 I C02f07/S_COLLCTOR: [operator()]success to find the event id: 0xffffffff03
CST 2026-07-17 19:57:17.772  3427  3427 I C02f07/S_COLLCTOR: [LoadCollector]Start LoadCollector
CST 2026-07-17 19:57:17.772  3427  3427 I C02f07/S_COLLCTOR: [LoadLib]LoadLib start
CST 2026-07-17 19:57:17.779  3399  3402 I C03100/UiTestKit_Server: [system_ui_controller.cpp:(operator())] Success connect to AccessibilityUITestAbility
CST 2026-07-17 19:57:17.779  3399  3402 W C057c3/IPCObjectStub: SendRequestInner: Stub(desc:*.IAccessibleAbilityClient) code:500 cost:500ms
CST 2026-07-17 19:57:17.780  3399  3399 W C04201/DMS: RegisterClientDeathListener: regis reverse death
CST 2026-07-17 19:57:17.780  3399  3438 W C057c1/IPCWorkThread: ThreadHandler: proto:0 policy:0 name:OS_IPC_2_3438 invoker:3874784
CST 2026-07-17 19:57:17.780  3399  3399 I C04201/DMS: RegisterClientDeathListener: ENTER
CST 2026-07-17 19:57:17.780   770  1062 E C04200/WMS: UpdateBundleInfo: Failed
CST 2026-07-17 19:57:17.780  3427  3427 I C02f07/S_COLLCTOR: [LoadLib]dlopen success
CST 2026-07-17 19:57:17.780  3427  3427 I C02f07/S_COLLCTOR: [CallGetCollector]CallGetCollector start
CST 2026-07-17 19:57:17.781  3427  3427 I C02f07/SG_REAL_TIME_DETECT_UTILS: [GetSensorDataImpl]begin GetSensorDataImpl
CST 2026-07-17 19:57:17.781  3427  3427 I C02700/SensorServiceClient: in TransferClientRemoteObject, TransferClientRemoteObject ret:0
CST 2026-07-17 19:57:17.781  3427  3427 I C02700/SensorServiceClient: in TransferClientRemoteObject, Done
CST 2026-07-17 19:57:17.781  3427  3427 I C02700/SensorDataChannel: in CreateSensorDataChannel, In
CST 2026-07-17 19:57:17.781  3427  3427 I C02700/SensorBasicChannel: in CreateSensorBasicChannel, Done
CST 2026-07-17 19:57:17.782   770  1062 W C04201/DMS: screen_session.cpp: call BMS
CST 2026-07-17 19:57:17.782   770  1062 I C04201/DMS: screen_session.cpp: pid:0, bundle:, api:0
CST 2026-07-17 19:57:17.782  3427  3427 I C02700/SensorDataChannel: in InnerSensorDataChannel, Done
CST 2026-07-17 19:57:17.782  3399  3399 I C03100/UiTestKit_Server: [system_ui_controller.cpp:(GetUiWindows)] window is visible, windowId: 21, active: 0, focus: 0,layer: 2202, displayId: 0
CST 2026-07-17 19:57:17.782  3399  3399 I C01d01/accessibility_aakit: [(SearchElementInfoFromAce:1329)]windowId 21}, elementId -1
CST 2026-07-17 19:57:17.782   649   650 I C02700/SensorService: in TransferDataChannel, Calling packageName:security_collector
CST 2026-07-17 19:57:17.782   143   143 I C01800/SAMGR: SubscribeSA:1901,3427_27_1
CST 2026-07-17 19:57:17.782   143   143 I C01800/SAMGR: NotifyAddSA:1901,3427_1
CST 2026-07-17 19:57:17.782  3427  3427 I C02700/SensorAgentProxy: in SubscribeSensor, Done, deviceIndex:-1, sensortypeId:6, sensorId:0
CST 2026-07-17 19:57:17.782   649   650 E C02700/ClientInfo: in GetSensorState, Can't find sensorType:6
CST 2026-07-17 19:57:17.782   649   650 I C02700/SensorManager: in SaveSubscriber, Done, sensorType:6, pid:3427
CST 2026-07-17 19:57:17.782   566   569 I C02516/hdi: SetBatchSenior:{-1,6,0,1} pid 649 mode 0 interval (200,0)
CST 2026-07-17 19:57:17.783   305   540 E C01700/RSS: [a92abc189dbf29b] CheckReportDataParcel: check report data no permission type=81,                count=4, uid=3521, pid=3427.
CST 2026-07-17 19:57:17.783   566   569 I C02516/manager: {-1,6,0,1} 649-200/200=1
CST 2026-07-17 19:57:17.783   649   650 I C02700/SensorService: in SaveSubscriber, Done, deviceIndex:-1, sensortypeId:6, sensorId:0
CST 2026-07-17 19:57:17.783   566   569 I C02516/hdi: Enable:{-1,6,0,1} pid 649
CST 2026-07-17 19:57:17.783   649   650 I C02700/HdiConnection: in SetSensorBasicInfoState, Done, deviceIndex:-1, sensortypeId:6, sensorId:0
CST 2026-07-17 19:57:17.783   649   650 I C02700/HdiConnection: in EnableSensor, Done, deviceIndex:-1, sensortypeId:6, sensorId:0
CST 2026-07-17 19:57:17.783   649   650 I C02700/SensorService: in ReportSensorSysEvent, PackageName:security_collector open the sensor, sensorType:6, pid:3427, samplingPeriodNs:200000000, samplingPeriodNs:0
CST 2026-07-17 19:57:17.783  3427  3427 I C02700/SensorAgentProxy: in ActivateSensor, Done, deviceIndex:-1, sensortypeId:6, sensorId:0
CST 2026-07-17 19:57:17.783  3427  3427 I C02f07/SG_REAL_TIME_DETECT_UTILS: [RegisterSensor]RegisterSensor success, sensorTypeId_: 6
CST 2026-07-17 19:57:17.784  3399  3399 I C03100/UiTestKit_Server: [system_ui_controller.cpp:(InflateWindowInfo)] End Get Bundle Name by WindowId 21, app is com.ohos.sceneboard
CST 2026-07-17 19:57:17.784   770  1062 I C0420f/WMSRecover: mock_session_manager_service.cpp GetForegroundOsAccountDisplayId: displayId: 0
CST 2026-07-17 19:57:17.784   770  1062 I C0420f/WMSRecover: mock_session_manager_service.cpp RegisterSMSRecoverListener: clientUserId: 0, userId: 100, pid: 3399,isLite: 1, displayId: 0
CST 2026-07-17 19:57:17.784   770  1062 I C04210/WMSMultiUser: mock_session_manager_service.cpp NotifyWMSConnectionStatus: wms is already connected, notify client
CST 2026-07-17 19:57:17.785  3399  3399 I C03100/UiTestKit_Server: [system_ui_controller.cpp:(UpdateWindowAttrs)] window 21 touchArea: Rect {left:0,right:1320,top:0,bottom:137} 
CST 2026-07-17 19:57:17.785  3399  3399 I C03100/UiTestKit_Server: [system_ui_controller.cpp:(GetUiWindows)] window is visible, windowId: 30, active: 1, focus: 1,layer: 102, displayId: 0
CST 2026-07-17 19:57:17.785  3399  3399 I C01d01/accessibility_aakit: [(SearchElementInfoFromAce:1329)]windowId 30}, elementId -1
CST 2026-07-17 19:57:17.787  3399  3399 I C03100/UiTestKit_Server: [system_ui_controller.cpp:(InflateWindowInfo)] End Get Bundle Name by WindowId 30, app is cn.alfadb.netbird.e3vpna
CST 2026-07-17 19:57:17.787  3399  3399 I C03100/UiTestKit_Server: [system_ui_controller.cpp:(GetUiWindows)] window is covered, windowId : 10, layer is 2
CST 2026-07-17 19:57:17.787  3399  3399 I C03100/UiTestKit_Server: [system_ui_controller.cpp:(GetUiWindows)] window is covered, windowId : 7, layer is 1
CST 2026-07-17 19:57:17.788  3399  3399 I C01d01/accessibility_aakit: [(SearchElementInfoRecursiveByWinid:1500)]windowId 30}, elementId -1, treeId 0, mode 8
CST 2026-07-17 19:57:17.789  3399  3399 I C03100/UiTestKit_Server: [system_ui_controller.cpp:(GetWidgetsInWindow)] End Get nodes from window by WindowId 30, node size is 9, appId: cn.alfadb.netbird.e3vpna
CST 2026-07-17 19:57:17.789  3399  3440 W C057c1/IPCWorkThread: ThreadHandler: proto:0 policy:0 name:OS_IPC_3_3440 invoker:3875344
CST 2026-07-17 19:57:17.791  3399  3399 I C01d01/accessibility_aakit: [(SearchElementInfoRecursiveByWinid:1500)]windowId 21}, elementId -1, treeId 0, mode 8
CST 2026-07-17 19:57:17.795  3399  3399 I C03100/UiTestKit_Server: [system_ui_controller.cpp:(GetWidgetsInWindow)] End Get nodes from window by WindowId 21, node size is 43, appId: com.ohos.sceneboard
CST 2026-07-17 19:57:17.805   201  2302 I C057c2/IPCObjectProxy: hd:33 ct:1 D:*.IAccessibleAbilityClient
CST 2026-07-17 19:57:17.805   770   782 I C057c2/IPCObjectProxy: hd:281 ct:1 D:*.ISessionManagerServiceRecoverListener
CST 2026-07-17 19:57:17.805   146   192 I C057c2/IPCObjectProxy: hd:33 ct:1 D:*.IWatcher
CST 2026-07-17 19:57:17.805   770   782 W C0420f/WMSRecover: mock_session_manager_service.cpp OnRemoteDied: Client died, pid = 3399, isLite = 1
CST 2026-07-17 19:57:17.805   770   782 I C0420f/WMSRecover: mock_session_manager_service.cpp UnregisterSMSRecoverListenerInner: clientUserId: 0, pid: 3399, isLite: 1, displayId: 0
CST 2026-07-17 19:57:17.805   770   782 I C0420f/WMSRecover: mock_session_manager_service.cpp GetSystemAppSMSRecoverListenerMap: isLite: 1, displayId: 0
CST 2026-07-17 19:57:17.805   146   192 I C02c03/PARAM_WATCHER: [watcher_manager.cpp:516]Agent died 49 3399
CST 2026-07-17 19:57:17.805   146   192 I C02c03/PARAM_WATCHER: [watcher_manager.cpp:702]Delete param watcher remoteWatcherId 49 group 80
CST 2026-07-17 19:57:17.805   770  1062 I C057c2/IPCObjectProxy: hd:280 ct:1 D:
CST 2026-07-17 19:57:17.811   201  2303 E C01d05/accessibility_interface: [(OnEnableAbilityRemoteDied:66)]OnEnableAbilityRemoteDied fail, error: 29201
CST 2026-07-17 19:57:17.811   201  2303 I C01d00/accessibility: [(RemoveAccessibilityAbilityByUri:1419)]uri is <private>
CST 2026-07-17 19:57:17.811   201  2303 I C01d00/accessibility: [(UpdateNeedEvents:1745)]needEvents size is 0
CST 2026-07-17 19:57:17.814   201  2303 E C01d05/accessibility_interface: [(OnAccessibilityEnableAbilityListsChanged:62)]OnAccessibilityEnableAbilityListsChanged fail, error: 29201
CST 2026-07-17 19:57:17.818   201  2303 E C01d05/accessibility_interface: [(OnAccessibilityInstallAbilityListsChanged:89)]OnAccessibilityInstallAbilityListsChanged fail, error: 29201
CST 2026-07-17 19:57:17.823   468  1324 E C01707/CONCUR: [Interface] task 1324 apply qos failed, errno = 4
CST 2026-07-17 19:57:17.824   468  1324 E C01611/QosManager: QosManager: Failed to set thread QoS to QOS_USER_INTERACTIVE, ret: -1
CST 2026-07-17 19:57:17.831   468  1324 E C01707/CONCUR: [Interface] task 1324 apply qos failed, errno = 4
CST 2026-07-17 19:57:17.831   468  1324 E C01611/QosManager: QosManager: Failed to set thread QoS to QOS_USER_INTERACTIVE, ret: -1
CST 2026-07-17 19:57:17.831   468  1324 I C01651/DataShareServiceStub: OnRemoteRequest: code:21, callingPid:201
CST 2026-07-17 19:57:17.831   468  1324 I C01631/GaussPD:  [0] [ADAPTER] [140151183563520] Not support binlog_default.writeLock file enable del monitor sysno = 25
CST 2026-07-17 19:57:17.831   468  1324 I C01631/GaussPD:  [0] [ADAPTER] [140151183563520] Not support binlog_default.writeLock file enable del monitor sysno = 25
CST 2026-07-17 19:57:17.831   468  1324 I C01631/GaussPD:  [0] [ADAPTER] [140151183563520] Not support binlog_default.writeLock file enable del monitor sysno = 25
CST 2026-07-17 19:57:17.832   468  1324 I C01631/GaussPD:  [0] [ADAPTER] [140151183563520] Not support binlog_default.writeLock file enable del monitor sysno = 25
CST 2026-07-17 19:57:17.832   468  1324 I C01631/GaussPD:  [0] [ADAPTER] [140151183563520] Not support binlog_default.writeIndex file enable del monitor sysno = 25
CST 2026-07-17 19:57:17.832   468  1324 I C01631/GaussPD:  [0] [ADAPTER] [140151183563520] Not support binlog_default.writeIndex file enable del monitor sysno = 25
CST 2026-07-17 19:57:17.832   468  1324 I C01651/DataShareServiceStub: OnUpdateEx: Update uri:******uide_state, e:0, s:1
CST 2026-07-17 19:57:17.838   468  1324 E C01707/CONCUR: [Interface] task 1324 apply qos failed, errno = 4
CST 2026-07-17 19:57:17.838   468  1324 E C01611/QosManager: QosManager: Failed to set thread QoS to QOS_USER_INTERACTIVE, ret: -1
CST 2026-07-17 19:57:17.838   468  1324 I C01651/DataShareServiceStub: OnRemoteRequest: code:14, callingPid:201
CST 2026-07-17 19:57:17.844   468  1324 E C01707/CONCUR: [Interface] task 1324 apply qos failed, errno = 4
CST 2026-07-17 19:57:17.844   468  1324 E C01611/QosManager: QosManager: Failed to set thread QoS to QOS_USER_INTERACTIVE, ret: -1
CST 2026-07-17 19:57:17.844   468  1324 I C01651/DataShareServiceStub: OnRemoteRequest: code:21, callingPid:201
CST 2026-07-17 19:57:17.844   468  1324 I C01631/GaussPD:  [0] [ADAPTER] [140151183563520] Not support binlog_default.writeLock file enable del monitor sysno = 25
CST 2026-07-17 19:57:17.844   468  1324 I C01631/GaussPD:  [0] [ADAPTER] [140151183563520] Not support binlog_default.writeLock file enable del monitor sysno = 25
CST 2026-07-17 19:57:17.844   468  1324 I C01631/GaussPD:  [0] [ADAPTER] [140151183563520] Not support binlog_default.writeLock file enable del monitor sysno = 25
CST 2026-07-17 19:57:17.845   468  1324 I C01631/GaussPD:  [0] [ADAPTER] [140151183563520] Not support binlog_default.writeLock file enable del monitor sysno = 25
CST 2026-07-17 19:57:17.845   468  1324 I C01631/GaussPD:  [0] [ADAPTER] [140151183563520] Not support binlog_default.writeIndex file enable del monitor sysno = 25
CST 2026-07-17 19:57:17.845   468  1324 I C01631/GaussPD:  [0] [ADAPTER] [140151183563520] Not support binlog_default.writeIndex file enable del monitor sysno = 25
CST 2026-07-17 19:57:17.845   468  1324 I C01651/DataShareServiceStub: OnUpdateEx: Update uri:******ture_state, e:0, s:1
CST 2026-07-17 19:57:17.851   468  1324 E C01707/CONCUR: [Interface] task 1324 apply qos failed, errno = 4
CST 2026-07-17 19:57:17.851   468  1324 E C01611/QosManager: QosManager: Failed to set thread QoS to QOS_USER_INTERACTIVE, ret: -1
CST 2026-07-17 19:57:17.851   468  1324 I C01651/DataShareServiceStub: OnRemoteRequest: code:14, callingPid:201
CST 2026-07-17 19:57:17.857   468  1324 E C01707/CONCUR: [Interface] task 1324 apply qos failed, errno = 4
CST 2026-07-17 19:57:17.857   468  1324 E C01611/QosManager: QosManager: Failed to set thread QoS to QOS_USER_INTERACTIVE, ret: -1
CST 2026-07-17 19:57:17.857   468  1324 I C01651/DataShareServiceStub: OnRemoteRequest: code:21, callingPid:201
CST 2026-07-17 19:57:17.857   468  1324 I C01631/GaussPD:  [0] [ADAPTER] [140151183563520] Not support binlog_default.writeLock file enable del monitor sysno = 25
CST 2026-07-17 19:57:17.857   468  1324 I C01631/GaussPD:  [0] [ADAPTER] [140151183563520] Not support binlog_default.writeLock file enable del monitor sysno = 25
CST 2026-07-17 19:57:17.857   468  1324 I C01631/GaussPD:  [0] [ADAPTER] [140151183563520] Not support binlog_default.writeLock file enable del monitor sysno = 25
CST 2026-07-17 19:57:17.858   468  1324 I C01631/GaussPD:  [0] [ADAPTER] [140151183563520] Not support binlog_default.writeLock file enable del monitor sysno = 25
CST 2026-07-17 19:57:17.858   468  1324 I C01631/GaussPD:  [0] [ADAPTER] [140151183563520] Not support binlog_default.writeIndex file enable del monitor sysno = 25
CST 2026-07-17 19:57:17.858   468  1324 I C01631/GaussPD:  [0] [ADAPTER] [140151183563520] Not support binlog_default.writeIndex file enable del monitor sysno = 25
CST 2026-07-17 19:57:17.858   468  1324 I C01651/DataShareServiceStub: OnUpdateEx: Update uri:******t_observer, e:0, s:1
CST 2026-07-17 19:57:17.864   468  1324 E C01707/CONCUR: [Interface] task 1324 apply qos failed, errno = 4
CST 2026-07-17 19:57:17.864   468  1324 E C01611/QosManager: QosManager: Failed to set thread QoS to QOS_USER_INTERACTIVE, ret: -1
CST 2026-07-17 19:57:17.864   468  1324 I C01651/DataShareServiceStub: OnRemoteRequest: code:14, callingPid:201
CST 2026-07-17 19:57:17.864   201  2303 E C01d00/accessibility: [(CheckExtProxyStatus:820)]Extension Proxy is not load
CST 2026-07-17 19:57:17.864   201  2303 I C01d00/accessibility: [(GetAccessibilityState:115)]EnabledState[1], TouchGuideState[0], KeyEventObserverState[0], GestureState[0], ScreenReaderState[0], SingleClickMode[0], AnimationOffState[0], AudioMonoState[0], FlashReminderSwitch[0]
CST 2026-07-17 19:57:17.872   566   571 I C02516/cb: {-1,6,0,1}: s=368 r=649-3 
CST 2026-07-17 19:57:17.872   649   650 I C02700/PrintSensorData: in PrintHdiData, -1 6 0 1  ts:1784.289429, 0.062500, 0.062500, 0.062500
CST 2026-07-17 19:57:17.873  3427  3436 I C02f07/SG_REAL_TIME_DETECT_UTILS: [SetPromiseValue]set_value success, sensorTypeId = 6
CST 2026-07-17 19:57:17.873  3427  3436 I C02700/PrintSensorData: in PrintClientData, -1 6 0 1  ts:1784.289429, 0.062500, 0.062500, 0.062500
CST 2026-07-17 19:57:17.873   649   650 I C02700/SensorService: in ReportSensorSysEvent, PackageName:security_collector close the sensor, sensorType:6, pid:3427
CST 2026-07-17 19:57:17.873   649   650 I C02700/ClientInfo: in OnlyCurPidSensorEnabled, Done, sensorType:6, pid:3427
CST 2026-07-17 19:57:17.873   566   569 I C02516/hdi: Disable:{-1,6,0,1} pid 649
CST 2026-07-17 19:57:17.873   566   569 I C02516/manager: DeleteClientSenSorConfig: service 649 erase sensorHandle {-1,6,0,1} config
CST 2026-07-17 19:57:17.873   649   650 I C02700/HdiConnection: in DisableSensor, Done, deviceIndex:-1, sensortypeId:6, sensorId:0
CST 2026-07-17 19:57:17.873   649   650 I C02700/ClientInfo: in ClearSensorInfo, Done, sensorType:6
CST 2026-07-17 19:57:17.873   649   650 I C02700/SensorManager: in AfterDisableSensor, Done, sensorType:6
CST 2026-07-17 19:57:17.873  3427  3427 I C02700/SensorServiceClient: in DeleteSensorInfoItem, Done
CST 2026-07-17 19:57:17.874  3427  3427 I C02700/SensorAgentProxy: in DeactivateSensor, Done, deviceIndex:-1, sensortypeId:6, sensorId:0
CST 2026-07-17 19:57:17.874   649   658 I C02700/ClientInfo: in DestroyAppThreadInfo, Done, pid:3427
CST 2026-07-17 19:57:17.874  3427  3427 I C02700/SensorAgentProxy: in UnsubscribeSensor, Done, deviceIndex:-1, sensortypeId:6, sensorId:0
CST 2026-07-17 19:57:17.874  3427  3427 I C02f07/SG_REAL_TIME_DETECT_UTILS: [UnRegisterSensor]UnRegisterSensor success, sensorTypeId_: 6
CST 2026-07-17 19:57:17.874  3427  3427 I C02f07/SG_REAL_TIME_DETECT_UTILS: [GetSensorDataImpl]GetSensorInfo: get Magn success
CST 2026-07-17 19:57:17.874  3427  3427 I C02700/SensorDataChannel: in CreateSensorDataChannel, In
CST 2026-07-17 19:57:17.874  3427  3427 I C02700/SensorBasicChannel: in CreateSensorBasicChannel, Done
CST 2026-07-17 19:57:17.874  3427  3427 I C02700/SensorDataChannel: in InnerSensorDataChannel, Done
CST 2026-07-17 19:57:17.874   649   658 I C02700/SensorService: in TransferDataChannel, Calling packageName:security_collector
CST 2026-07-17 19:57:17.874  3427  3427 I C02700/SensorAgentProxy: in SubscribeSensor, Done, deviceIndex:-1, sensortypeId:2, sensorId:0
CST 2026-07-17 19:57:17.874   649   658 E C02700/SensorService: in CheckAuthAndParameter, sensorType:2 grant failed, ret:-1
CST 2026-07-17 19:57:17.875  3427  3427 E C02700/ISensorServiceIdl: Read result failed, code is: 1.
CST 2026-07-17 19:57:17.875  3427  3427 W C02700/SensorServiceClient: in WriteHiSysIPCEventSplit, Code does not exist, code:1
CST 2026-07-17 19:57:17.875  3427  3427 E C02700/SensorAgentProxy: in ActivateSensor, Enable sensor failed, ret:201
CST 2026-07-17 19:57:17.875  3427  3427 E C02700/SensorNativeAPI: in ActivateSensor, ActivateSensor failed
CST 2026-07-17 19:57:17.875  3427  3427 E C02f07/SG_REAL_TIME_DETECT_UTILS: [RegisterSensor]RegisterSensor ActivateSensor fail, ret: 201
CST 2026-07-17 19:57:17.875  3427  3427 E C02700/SensorAgentProxy: in UnsubscribeSensor, Deactivate sensorId first
CST 2026-07-17 19:57:17.875  3427  3427 E C02700/SensorNativeAPI: in UnsubscribeSensor, UnsubscribeSensor failed
CST 2026-07-17 19:57:17.875  3427  3427 E C02f07/SG_REAL_TIME_DETECT_UTILS: [GetSensorInfo]Register failed.
CST 2026-07-17 19:57:17.875  3427  3427 E C02f07/SG_REAL_TIME_DETECT_UTILS: [GetSensorDataImpl]GetSensorInfo: get Gyro fail
CST 2026-07-17 19:57:17.875  3427  3427 E C02f07/SG_REAL_TIME_DETECT_UTILS: [Query]get devic info faill id 1099511627523
CST 2026-07-17 19:57:17.875  3427  3427 E C02f07/S_COLLCTOR: [LoadCollector]Failed to start collector
CST 2026-07-17 19:57:17.875  3427  3427 E C02f07/S_COLLCTOR: [QuerySecurityEvent]Load collector failed, eventId is 0xffffffff03
CST 2026-07-17 19:57:17.875  3427  3427 I C02f07/S_COLLCTOR: [QuerySecurityEvent]QuerySecurityEvent error
CST 2026-07-17 19:57:17.875  3427  3427 E C02f07/S_COLLCTOR: [HandleSecurityEventQueryCmd]QuerySecurityEvent failed, ret=12
CST 2026-07-17 19:57:17.875   657  1248 E C057c2/IPCObjectProxy: PrintErrorDetailedInfo: failed, handle:8 error:12 desc:*.SecurityCollectorManager proxy:10315360 time:82735727726
CST 2026-07-17 19:57:17.875   657  1248 E C02f07/S_COLLCTOR: [QuerySecurityEvent]ret=12
CST 2026-07-17 19:57:17.875   657  1248 I C02f07/S_COLLCTOR: [QuerySecurityEvent]QuerySecurityEvent failed, ret=12
CST 2026-07-17 19:57:17.875   657  1248 E C02f18/SECURITY_AUDIT_Service: get device info fail err event: sensor_snapshot_info ret = 12
CST 2026-07-17 19:57:17.875   657  1248 E C02f18/SECURITY_AUDIT_Service: Get device info sensor_snapshot_info failure,Trying to retry
CST 2026-07-17 19:57:17.889   143   143 I C01800/SAMGR: NF SA:65962,776_102
CST 2026-07-17 19:57:17.894   468  1324 E C01707/CONCUR: [Interface] task 1324 apply qos failed, errno = 4
CST 2026-07-17 19:57:17.894   468  1324 E C01611/QosManager: QosManager: Failed to set thread QoS to QOS_USER_INTERACTIVE, ret: -1
CST 2026-07-17 19:57:17.894   468  1324 I C01651/DataShareServiceStub: OnRemoteRequest: code:21, callingPid:201
CST 2026-07-17 19:57:17.895   468  1324 I C01631/GaussPD:  [0] [ADAPTER] [140151183563520] Not support binlog_default.writeLock file enable del monitor sysno = 25
CST 2026-07-17 19:57:17.895   468  1324 I C01631/GaussPD:  [0] [ADAPTER] [140151183563520] Not support binlog_default.writeLock file enable del monitor sysno = 25
CST 2026-07-17 19:57:17.895   468  1324 I C01631/GaussPD:  [0] [ADAPTER] [140151183563520] Not support binlog_default.writeLock file enable del monitor sysno = 25
CST 2026-07-17 19:57:17.896   468  1324 I C01631/GaussPD:  [0] [ADAPTER] [140151183563520] Not support binlog_default.writeLock file enable del monitor sysno = 25
CST 2026-07-17 19:57:17.896   468  1324 I C01631/GaussPD:  [0] [ADAPTER] [140151183563520] Not support binlog_default.writeIndex file enable del monitor sysno = 25
CST 2026-07-17 19:57:17.896   468  1324 I C01631/GaussPD:  [0] [ADAPTER] [140151183563520] Not support binlog_default.writeIndex file enable del monitor sysno = 25
CST 2026-07-17 19:57:17.896   468  1324 I C01651/DataShareServiceStub: OnUpdateEx: Update uri:******essibility, e:0, s:1
CST 2026-07-17 19:57:17.902   468  1324 E C01707/CONCUR: [Interface] task 1324 apply qos failed, errno = 4
CST 2026-07-17 19:57:17.902   468  1324 E C01611/QosManager: QosManager: Failed to set thread QoS to QOS_USER_INTERACTIVE, ret: -1
CST 2026-07-17 19:57:17.902   468  1324 I C01651/DataShareServiceStub: OnRemoteRequest: code:14, callingPid:201
CST 2026-07-17 19:57:17.902   201  2303 I C01d00/accessibility: [(OnStateObservers:3654)]state is 0
CST 2026-07-17 19:57:17.902  1612  2927 I C01d02/accessibility_asacfwk: [(NotifyStateChanged:705)]observers size is 1
CST 2026-07-17 19:57:17.902  1522  1533 I C01d02/accessibility_asacfwk: [(NotifyStateChanged:705)]observers size is 2
CST 2026-07-17 19:57:17.902  1522  1533 I C01d10/accessibility_napi: [(OnStateChanged:1885)]
CST 2026-07-17 19:57:17.902  1612  2927 I C01d10/accessibility_napi: [(OnStateChanged:1885)]
CST 2026-07-17 19:57:17.902  1612  2927 I C01d02/accessibility_asacfwk: [(NotifyStateChanged:705)]observers size is 0
CST 2026-07-17 19:57:17.902  2207  2208 I C01d02/accessibility_asacfwk: [(NotifyStateChanged:705)]observers size is 1
CST 2026-07-17 19:57:17.902  3089  3383 I C01d02/accessibility_asacfwk: [(NotifyStateChanged:705)]observers size is 1
CST 2026-07-17 19:57:17.902  1522  1533 I C01d02/accessibility_asacfwk: [(NotifyStateChanged:705)]observers size is 1
CST 2026-07-17 19:57:17.902  2207  2208 I C01d02/accessibility_asacfwk: [(NotifyStateChanged:705)]observers size is 1
CST 2026-07-17 19:57:17.902  3089  3383 I C01d02/accessibility_asacfwk: [(NotifyStateChanged:705)]observers size is 1
CST 2026-07-17 19:57:17.903  1522  1522 I C01d02/accessibility_asacfwk: [(DeregisterElementOperator:467)]Deregister windowId[1] start
CST 2026-07-17 19:57:17.903  1522  1522 I C0392a/AceUiExtensionComponent: [(-2:100000:singleton)] [@1879][ID: 1] deregister accessibility child tree
CST 2026-07-17 19:57:17.903  3089  3089 I C01d02/accessibility_asacfwk: [(DeregisterElementOperator:467)]Deregister windowId[30] start
CST 2026-07-17 19:57:17.903  2207  2207 I C01d02/accessibility_asacfwk: [(DeregisterElementOperator:486)]Deregister windowId[1] treeId[3] start
CST 2026-07-17 19:57:17.908   468  1324 E C01707/CONCUR: [Interface] task 1324 apply qos failed, errno = 4
CST 2026-07-17 19:57:17.908   468  1324 E C01611/QosManager: QosManager: Failed to set thread QoS to QOS_USER_INTERACTIVE, ret: -1
CST 2026-07-17 19:57:17.908   468  1324 I C01651/DataShareServiceStub: OnRemoteRequest: code:21, callingPid:201
CST 2026-07-17 19:57:17.908   468  1324 I C01631/GaussPD:  [0] [ADAPTER] [140151183563520] Not support binlog_default.writeLock file enable del monitor sysno = 25
CST 2026-07-17 19:57:17.909   468  1324 I C01631/GaussPD:  [0] [ADAPTER] [140151183563520] Not support binlog_default.writeLock file enable del monitor sysno = 25
CST 2026-07-17 19:57:17.909   468  1324 I C01631/GaussPD:  [0] [ADAPTER] [140151183563520] Not support binlog_default.writeLock file enable del monitor sysno = 25
CST 2026-07-17 19:57:17.909   468  1324 I C01631/GaussPD:  [0] [ADAPTER] [140151183563520] Not support binlog_default.writeLock file enable del monitor sysno = 25
CST 2026-07-17 19:57:17.909   468  1324 I C01631/GaussPD:  [0] [ADAPTER] [140151183563520] Not support binlog_default.writeIndex file enable del monitor sysno = 25
CST 2026-07-17 19:57:17.909   468  1324 I C01631/GaussPD:  [0] [ADAPTER] [140151183563520] Not support binlog_default.writeIndex file enable del monitor sysno = 25
CST 2026-07-17 19:57:17.909   468  1324 I C01651/DataShareServiceStub: OnUpdateEx: Update uri:******lity_state, e:0, s:1
CST 2026-07-17 19:57:17.915   468  1324 E C01707/CONCUR: [Interface] task 1324 apply qos failed, errno = 4
CST 2026-07-17 19:57:17.915   468  1324 E C01611/QosManager: QosManager: Failed to set thread QoS to QOS_USER_INTERACTIVE, ret: -1
CST 2026-07-17 19:57:17.915   468  1324 I C01651/DataShareServiceStub: OnRemoteRequest: code:14, callingPid:201
CST 2026-07-17 19:57:17.915   201  2303 I C01d00/accessibility: [(Unregister:76)]unregister shortcut key, last subscribeId is 5
CST 2026-07-17 19:57:17.915   201  2303 I C02800/InputManagerImpl: [][UnsubscribeKeyEvent:404] enter
CST 2026-07-17 19:57:17.915   201  2303 I C02800/KeyEventInputSubscribeManager: [][UnsubscribeKeyEvent:202] enter
CST 2026-07-17 19:57:17.915   251   264 I C02800/MMIService: [][UnsubscribeKeyEvent:2540] enter
CST 2026-07-17 19:57:17.916   251   516 I C02802/KeySubscriberHandler: [|172]SubscribeId:5, pid:201
CST 2026-07-17 19:57:17.916   251   516 I C02800/KeySubscriberHandler: [][RemoveKeyGestureSubscriber:243] enter
CST 2026-07-17 19:57:17.916   251   516 I C02802/KeySubscriberHandler: [|253]Removing handler(10) of key gesture
CST 2026-07-17 19:57:17.916   251   516 I C02802/KeyGestureManager: [|107]Handler(10) of key gesture was removed
CST 2026-07-17 19:57:17.916   251   516 I C02800/KeySubscriberHandler: [][RemoveKeyGestureSubscriber] leave
CST 2026-07-17 19:57:17.916   251   264 I C02800/MMIService: [][UnsubscribeKeyEvent] leave
CST 2026-07-17 19:57:17.916   201  2303 I C02800/KeyEventInputSubscribeManager: [][UnsubscribeKeyEvent] leave
CST 2026-07-17 19:57:17.916   201  2303 I C02800/InputManagerImpl: [][UnsubscribeKeyEvent] leave
CST 2026-07-17 19:57:17.916   201  2303 I C01d00/accessibility: [(Register:57)]
CST 2026-07-17 19:57:17.916   201  2303 I C02800/InputManagerImpl: [][SubscribeKeyEvent:385] enter
CST 2026-07-17 19:57:17.916   251   516 I C02800/KeyGestureManager: [][ShouldIntercept:461] enter
CST 2026-07-17 19:57:17.916   251   516 I C02800/KeyGestureManager: [][ShouldIntercept] leave
CST 2026-07-17 19:57:17.916   251   516 I C02800/KeySubscriberHandler: [][AddKeyGestureSubscriber:218] enter
CST 2026-07-17 19:57:17.916   251   516 I C02802/KeySubscriberHandler: [|229]Handler(11) of key gesture was added
CST 2026-07-17 19:57:17.916   251   516 I C02800/KeySubscriberHandler: [][AddKeyGestureSubscriber] leave
CST 2026-07-17 19:57:17.916   201  2303 I C02800/InputManagerImpl: [][SubscribeKeyEvent] leave
CST 2026-07-17 19:57:17.917   201   918 I C01d00/accessibility: [(operator():1340)]Deregister windowId[1]
CST 2026-07-17 19:57:17.917   201   918 I C01d00/accessibility: [(StopCallbackWait:4196)]StopCallbackWait start windowId: 1
CST 2026-07-17 19:57:17.917   201   918 I C01d00/accessibility: [(RemoveAccessibilityWindowConnection:333)]windowId(1)
CST 2026-07-17 19:57:17.917   201   918 I C01d00/accessibility: [(ClearSceneBoard:1354)]
CST 2026-07-17 19:57:17.917   201   918 I C01d00/accessibility: [(operator():1340)]Deregister windowId[30]
CST 2026-07-17 19:57:17.917   201   918 I C01d00/accessibility: [(StopCallbackWait:4196)]StopCallbackWait start windowId: 30
CST 2026-07-17 19:57:17.917   201   918 I C01d00/accessibility: [(RemoveAccessibilityWindowConnection:333)]windowId(30)
CST 2026-07-17 19:57:17.917   201   918 I C01d00/accessibility: [(operator():1386)]Deregister windowId[1], treeId[3] start
CST 2026-07-17 19:57:17.917   201   918 W C01d00/accessibility: [(operator():1395)]The operation of windowId[1] has not been registered.
CST 2026-07-17 19:57:17.929   464   521 I C02300/FenceExtension: start connectAbility,userId:-1
CST 2026-07-17 19:57:17.929   464   521 I C02300/FenceExtension: ConnectAbility
CST 2026-07-17 19:57:17.929   464   521 I C01342/ServiceExt: [AMC599]name:com.huawei.hmos.location SAFeatureServiceExtensionAbility, userId:-1
CST 2026-07-17 19:57:17.929   770  1062 I C01342/ServiceExt: [a92abd189de2e19, 1e647e, 0] [ABMS5529]element: com.huawei.hmos.location/SAFeatureServiceExtensionAbility
CST 2026-07-17 19:57:17.955   770  1062 W C01123/BMSCommon: [a92abd189de2e19, 1e647e, 0] uid(1021) invalid
CST 2026-07-17 19:57:17.955   770  1062 I C01336/AMS: [a92abd189de2e19, 1e647e, 0] [start_ability_utils.cpp54]appIndex:-1
CST 2026-07-17 19:57:17.955   770  1062 I C01121/BMSQuery: [a92abd189de2e19, 1e647e, 0] ExplicitQueryAbility no match -n com.huawei.hmos.location -a SAFeatureServiceExtensionAbility -u 100 -i 0
CST 2026-07-17 19:57:17.956   770  1062 W C01121/BMSQuery: [a92abd189de2e19, 1e647e, 0] bundle_data_mgr.cpp:ExplicitQueryExtensionInfo:7268 extensionAbility not found or disabled
CST 2026-07-17 19:57:17.956   770  1062 I C01121/BMSQuery: [a92abd189de2e19, 1e647e, 0] ExplicitQueryExtension size:0 -n com.huawei.hmos.location -e SAFeatureServiceExtensionAbility -u 100 -i 0
CST 2026-07-17 19:57:17.956   770  1062 W C01121/BMSQuery: [a92abd189de2e19, 1e647e, 0] bundle_mgr_host_impl.cpp:QueryExtensionAbilityInfos:3425 no valid extension info can be inquired
CST 2026-07-17 19:57:17.956   770  1062 E C01336/AMS: [a92abd189de2e19, 1e647e, 0] [start_ability_utils.cpp290]extensionInfo empty
CST 2026-07-17 19:57:17.956   770  1062 E C01342/ServiceExt: [a92abd189de2e19, 1e647e, 0] [ABMS5868]generate request error
CST 2026-07-17 19:57:17.956   464   521 E C02300/FenceExtension: [(DoConnect:153)]CONNECT_ABILITY_FAILED,ret:2097152
CST 2026-07-17 19:57:17.956   464   521 I C02300/FenceExtension: start connectAbility,userId:-1
CST 2026-07-17 19:57:17.956   464   521 I C02300/FenceExtension: ConnectAbility
CST 2026-07-17 19:57:17.956   464   521 I C01342/ServiceExt: [AMC599]name:com.huawei.hmos.location SAFeatureServiceExtensionAbility, userId:-1
CST 2026-07-17 19:57:17.956   770  1062 I C01342/ServiceExt: [a92abe189de98bc, 17e5fd4, 0] [ABMS5529]element: com.huawei.hmos.location/SAFeatureServiceExtensionAbility
CST 2026-07-17 19:57:17.957   770  1062 W C01123/BMSCommon: [a92abe189de98bc, 17e5fd4, 0] uid(1021) invalid
CST 2026-07-17 19:57:17.957   770  1062 I C01336/AMS: [a92abe189de98bc, 17e5fd4, 0] [start_ability_utils.cpp54]appIndex:-1
CST 2026-07-17 19:57:17.957   770  1062 I C01121/BMSQuery: [a92abe189de98bc, 17e5fd4, 0] ExplicitQueryAbility no match -n com.huawei.hmos.location -a SAFeatureServiceExtensionAbility -u 100 -i 0
CST 2026-07-17 19:57:17.957   770  1062 W C01121/BMSQuery: [a92abe189de98bc, 17e5fd4, 0] bundle_data_mgr.cpp:ExplicitQueryExtensionInfo:7268 extensionAbility not found or disabled
CST 2026-07-17 19:57:17.957   770  1062 I C01121/BMSQuery: [a92abe189de98bc, 17e5fd4, 0] ExplicitQueryExtension size:0 -n com.huawei.hmos.location -e SAFeatureServiceExtensionAbility -u 100 -i 0
CST 2026-07-17 19:57:17.957   770  1062 W C01121/BMSQuery: [a92abe189de98bc, 17e5fd4, 0] bundle_mgr_host_impl.cpp:QueryExtensionAbilityInfos:3425 no valid extension info can be inquired
CST 2026-07-17 19:57:17.957   770  1062 E C01336/AMS: [a92abe189de98bc, 17e5fd4, 0] [start_ability_utils.cpp290]extensionInfo empty
CST 2026-07-17 19:57:17.957   770  1062 E C01342/ServiceExt: [a92abe189de98bc, 17e5fd4, 0] [ABMS5868]generate request error
CST 2026-07-17 19:57:17.957   464   521 E C02300/FenceExtension: [(DoConnect:153)]CONNECT_ABILITY_FAILED,ret:2097152
CST 2026-07-17 19:57:17.957   464   521 W C02300/FenceExtension: connect failed,retry again
CST 2026-07-17 19:57:17.960  3443  3443 W C02c02/PARAM: Selinux check name persist.init.debug.loglevel in u:object_r:startup_init_param:s0 [3443 2000 2000] failed
CST 2026-07-17 19:57:17.960  3443  3443 W C02c02/PARAM: Selinux check name persist.init.debug.loglevel in u:object_r:startup_init_param:s0 [3443 2000 2000] failed
CST 2026-07-17 19:57:17.960  3443  3443 W C02c02/PARAM: SystemReadParam failed!name is:persist.init.debug.loglevel,err:1002
CST 2026-07-17 19:57:17.967  3443  3443 W C02c02/PARAM: Selinux check name persist.init.debug.loglevel in u:object_r:startup_init_param:s0 [3443 2000 2000] failed
CST 2026-07-17 19:57:17.967  3443  3443 W C02c02/PARAM: Selinux check name persist.init.debug.loglevel in u:object_r:startup_init_param:s0 [3443 2000 2000] failed
CST 2026-07-17 19:57:17.967  3443  3443 W C02c02/PARAM: SystemReadParam failed!name is:persist.init.debug.loglevel,err:1002
CST 2026-07-17 19:57:18.015  3446  3446 W C02c02/PARAM: Selinux check name persist.init.debug.loglevel in u:object_r:startup_init_param:s0 [3446 2000 2000] failed
CST 2026-07-17 19:57:18.015  3446  3446 W C02c02/PARAM: Selinux check name persist.init.debug.loglevel in u:object_r:startup_init_param:s0 [3446 2000 2000] failed
CST 2026-07-17 19:57:18.015  3446  3446 W C02c02/PARAM: SystemReadParam failed!name is:persist.init.debug.loglevel,err:1002
CST 2026-07-17 19:57:18.016  3449  3449 W C02c02/PARAM: Selinux check name persist.init.debug.loglevel in u:object_r:startup_init_param:s0 [3449 2000 2000] failed
CST 2026-07-17 19:57:18.016  3449  3449 W C02c02/PARAM: Selinux check name persist.init.debug.loglevel in u:object_r:startup_init_param:s0 [3449 2000 2000] failed
CST 2026-07-17 19:57:18.016  3449  3449 W C02c02/PARAM: SystemReadParam failed!name is:persist.init.debug.loglevel,err:1002
CST 2026-07-17 19:57:18.018   566   571 I C02516/cb: {-1,6,0,1}: s=369 r=
CST 2026-07-17 19:57:18.022  3446  3446 W C02c02/PARAM: Selinux check name persist.init.debug.loglevel in u:object_r:startup_init_param:s0 [3446 2000 2000] failed
CST 2026-07-17 19:57:18.022  3446  3446 W C02c02/PARAM: Selinux check name persist.init.debug.loglevel in u:object_r:startup_init_param:s0 [3446 2000 2000] failed
CST 2026-07-17 19:57:18.022  3446  3446 W C02c02/PARAM: SystemReadParam failed!name is:persist.init.debug.loglevel,err:1002
CST 2026-07-17 19:57:18.089   143   143 I C01800/SAMGR: NF SA:65962,776_103
CST 2026-07-17 19:57:18.140  1790  1834 I C0430a/file_monitor_service: [MainMissionStatus:197]CanExit
CST 2026-07-17 19:57:18.141  1790  1834 I C0430a/file_monitor_service: [MainMissionStatus:203]SecondaryScanner idle
CST 2026-07-17 19:57:18.152  3449  3449 W C02c02/PARAM: Selinux check name debug.dfx.tags.enableleak in u:object_r:debug_param:s0 [3449 2000 2000] failed
CST 2026-07-17 19:57:18.152  2500  3014 E C02e00/UPDATE_SA: [hap_connection.cpp(50)]GetHapRemoteObject, remoteObj is nullptr, bundle com.huawei.hmos.ouc
CST 2026-07-17 19:57:18.152  3449  3449 W C02c02/PARAM: SystemReadParam failed!name is:debug.dfx.tags.enableleak,err:1002
CST 2026-07-17 19:57:18.152  2500  3014 I C01352/ExtMgr: [extension_manager_client.cpp134]name:com.huawei.hmos.ouc ServiceExtAbility, userId:-1.
CST 2026-07-17 19:57:18.152   770  1062 I C01342/ServiceExt: [ABMS5529]element: com.huawei.hmos.ouc/ServiceExtAbility
CST 2026-07-17 19:57:18.153   770  1062 W C01123/BMSCommon: bundle not exist -n com.huawei.hmos.ouc -u 100 -i 0 -f 0
CST 2026-07-17 19:57:18.153   770  1062 W C01336/AMS: [start_ability_utils.cpp76]failed: com.huawei.hmos.ouc
CST 2026-07-17 19:57:18.153   770  1062 W C01336/AMS: [crowd_test_interceptor.cpp54]GetAppInfo failed
CST 2026-07-17 19:57:18.153   770  1062 W C01120/BMS: app_control_manager.cpp:GetAppRunningControlRule:397 getAppId failed,-n:com.huawei.hmos.ouc
CST 2026-07-17 19:57:18.153   770  1062 W C01123/BMSCommon: uid(6666) invalid
CST 2026-07-17 19:57:18.153   770  1062 I C01336/AMS: [start_ability_utils.cpp54]appIndex:-1
CST 2026-07-17 19:57:18.153   770  1062 W C01123/BMSCommon: bundle not exist -n com.huawei.hmos.ouc -u 100 -i 0 -f 1062
CST 2026-07-17 19:57:18.153   770  1062 I C01121/BMSQuery: ExplicitQueryAbility no match -n com.huawei.hmos.ouc -a ServiceExtAbility -u 100 -i 0
CST 2026-07-17 19:57:18.153   770  1062 W C01120/BMS: query abilitys_ext code 8521480
CST 2026-07-17 19:57:18.153   770  1062 W C01123/BMSCommon: bundle not exist -n com.huawei.hmos.ouc -u 100 -i 0 -f 1062
CST 2026-07-17 19:57:18.153   770  1062 W C01121/BMSQuery: bundle_data_mgr.cpp:ExplicitQueryExtensionInfo:7239 ExplicitQueryExtensionInfo failed
CST 2026-07-17 19:57:18.153   770  1062 I C01121/BMSQuery: ExplicitQueryExtension size:0 -n com.huawei.hmos.ouc -e ServiceExtAbility -u 100 -i 0
CST 2026-07-17 19:57:18.153   770  1062 W C01121/BMSQuery: bundle_data_mgr.cpp:GetCloneAppIndexes:2463 no bundleName com.huawei.hmos.ouc found
CST 2026-07-17 19:57:18.153   770  1062 W C01121/BMSQuery: bundle_mgr_host_impl.cpp:QueryExtensionAbilityInfos:3425 no valid extension info can be inquired
CST 2026-07-17 19:57:18.153   770  1062 E C01336/AMS: [start_ability_utils.cpp290]extensionInfo empty
CST 2026-07-17 19:57:18.153   770  1062 E C01342/ServiceExt: [ABMS5868]generate request error
CST 2026-07-17 19:57:18.154  2500  3014 E C02e00/UPDATE_SA: [hap_connection.cpp(82)]HapConnection call interface failed, ret 2097152
CST 2026-07-17 19:57:18.154  2500  3014 E C02e00/UPDATE_SA: [ouc_hap_connection.cpp(72)]SendRemoteRequest, can not connect to ouc
CST 2026-07-17 19:57:18.161  3449  3449 W C02c02/PARAM: Selinux check name persist.graphic.profiler.enabled in u:object_r:debug_param:s0 [3449 2000 2000] failed
CST 2026-07-17 19:57:18.161  3449  3449 E C02c02/PARAM: Forbid to read parameter persist.graphic.profiler.enabled
CST 2026-07-17 19:57:18.161  3449  3449 E C02c02/PARAM: Forbid to access parameter persist.graphic.profiler.enabled
CST 2026-07-17 19:57:18.161  3449  3449 W C02c02/PARAM: Selinux check name persist.graphic.profiler.betarecording in u:object_r:debug_param:s0 [3449 2000 2000] failed
CST 2026-07-17 19:57:18.161  3449  3449 E C02c02/PARAM: Forbid to read parameter persist.graphic.profiler.betarecording
CST 2026-07-17 19:57:18.161  3449  3449 E C02c02/PARAM: Forbid to access parameter persist.graphic.profiler.betarecording
CST 2026-07-17 19:57:18.162  3449  3449 I C03100/UiTestKit_Server: [system_ui_controller.cpp:(SetItemByType)] Add touchItem, finger:0, pressed:1, location:369, 1721
CST 2026-07-17 19:57:18.163  3449  3451 W C057c1/IPCWorkThread: ThreadHandler: proto:0 policy:1 name:OS_IPC_0_3451 invoker:1620832
CST 2026-07-17 19:57:18.163  3449  3452 W C057c1/IPCWorkThread: ThreadHandler: proto:0 policy:0 name:OS_IPC_1_3452 invoker:1621408
CST 2026-07-17 19:57:18.164  3449  3449 W C04201/DMS: RegisterClientDeathListener: regis reverse death
CST 2026-07-17 19:57:18.164  3449  3449 I C04201/DMS: RegisterClientDeathListener: ENTER
CST 2026-07-17 19:57:18.164   770  1062 E C04200/WMS: UpdateBundleInfo: Failed
CST 2026-07-17 19:57:18.164   770  1062 W C04201/DMS: screen_session.cpp: call BMS
CST 2026-07-17 19:57:18.164   770  1062 I C04201/DMS: screen_session.cpp: pid:0, bundle:, api:0
CST 2026-07-17 19:57:18.164  3449  3449 I C02800/InputManagerImpl: [|1254]Pointer event action:2
CST 2026-07-17 19:57:18.164  3449  3449 I C02802/MultimodalEventHandler: [|252]PI:10000, IP:1, P:0.00, MF:-1, WI:-1, OPI:0, SI:true, A:0
CST 2026-07-17 19:57:18.172  3449  3449 E C057c6/BinderInvoker: GetDetailedErrorInfo: HMB_GET_DETAILED_ERROR failed, error:-22
CST 2026-07-17 19:57:18.172  3449  3449 E C057c2/IPCObjectProxy: PrintErrorDetailedInfo: failed, handle:2 error:29201 desc:*.IMultimodalInputConnect proxy:1359152 time:83032398454
CST 2026-07-17 19:57:18.172  3449  3449 E C02801/MultimodalInputConnect: Send request failed! result = 29201
CST 2026-07-17 19:57:18.172   251   516 I C02805/InputKeyFlow: [P:D:206|6036]PA:down,Pid:3089,TWI:30,FWI:30,EID:206,flags:0,DID:0AWI:30,zOrder:102.000000
CST 2026-07-17 19:57:18.172   251   516 I C02802/InputActiveSubscriberHandler: [P:D:206|317]0|10000|697
CST 2026-07-17 19:57:18.173   251   516 I C02805/InputKeyFlow: [P:D:206|621]SendMsg:3089
CST 2026-07-17 19:57:18.173  3089  3089 I C02805/InputKeyFlow: [P:D:206|247]ac: down: 206
CST 2026-07-17 19:57:18.173  3089  3089 I C02805/InputKeyFlow: [P:D:206|649]recv
CST 2026-07-17 19:57:18.173  3089  3089 I C04213/InputKeyFlow: HandleInputEvent: eid:0,InputId:206,wid:30,ac:2
CST 2026-07-17 19:57:18.174  3089  3089 I C03951/InputKeyFlow: [(100000:100000:scope)] ITK Id:206, fId:10000, T:0, I=0, M=0
CST 2026-07-17 19:57:18.175  3089  3089 I C03951/InputKeyFlow: [(100000:100000:scope)] ITK Id:206, TTHNI:fId: 10000{ T: Button, D: 7 };
CST 2026-07-17 19:57:18.175  3089  3089 I C03951/InputKeyFlow: [(100000:100000:scope)] ITK Id:206, TTHRTI: T ClickRecognizer info: { T: Button };
CST 2026-07-17 19:57:18.175  1522  1522 I A04215/WMSHierarchy: request top id: 30, 5
CST 2026-07-17 19:57:18.175  1522  1522 I A04215/WMSHierarchy: onRaiseSceneToTop with persistentId:30
CST 2026-07-17 19:57:18.175  3089  3089 I C03945/AceStateStyle: [(100000:100000:scope)] Handle TouchDown event node: Button
CST 2026-07-17 19:57:18.175  1522  1522 I A04200/WINDOW: SCBSPVM: getSceneContainerSessionWithPersistentId from containerSessionList id: 30
CST 2026-07-17 19:57:18.175  1522  1522 I A04200/WINDOW: SCBSPM: Remove container id: 2, 30
CST 2026-07-17 19:57:18.175  1522  1522 I A01b09/RECENT: RecentDockRefreshAlarm: start alarm recent dock: EntryAbility/cn.alfadb.netbird.e3vpna/entry/0(persistentId: 30)(containerId: 2)
CST 2026-07-17 19:57:18.175   146   192 E C02c03/PARAM_WATCHER: [watcher_manager.cpp:163]app not have permission watch param:persist.rosen.animationtrace.enabled uid:20020062 pid:3089
CST 2026-07-17 19:57:18.175  3089  3089 E C02c03/PARAM_WATCHER: Read result failed, code is: 1.
CST 2026-07-17 19:57:18.175  3089  3089 E C02c03/PARAM_WATCHER: Failed to add watcher for persist.rosen.animationtrace.enabled
CST 2026-07-17 19:57:18.175  3089  3089 I C02c03/PARAM_WATCHER: [watcher_manager_kits.cpp:276]ParamWatcher destructor start
CST 2026-07-17 19:57:18.175  3089  3089 E C02c03/PARAM_WATCHER: SystemWatchParameter is failed!keyPrefix is:persist.rosen.animationtrace.enabled,errNum is:-1
CST 2026-07-17 19:57:18.175  3089  3089 E C02c0b/BEGET: [service_watcher.c:85]WatchParameter failed! the errNum is -1
CST 2026-07-17 19:57:18.175   146   192 I C02c03/PARAM_WATCHER: SendLocalChange start keyPrefix sys.graphic.openTestModeTrace remoteWatcherId 48
CST 2026-07-17 19:57:18.176   146   192 I C02c03/PARAM_WATCHER: [watcher_manager.cpp:187]Add watcher sys.graphic.openTestModeTrace remoteWatcherId: 48 groupId 84 success
CST 2026-07-17 19:57:18.176  3089  3089 I C02c03/PARAM_WATCHER: Add watcher keyPrefix sys.graphic.openTestModeTrace remoteWatcherId 48 success
CST 2026-07-17 19:57:18.176  3089  3089 I C03919/AceInputTracking: [(100000:100000:scope)] Consumed id:206, last id:-1
CST 2026-07-17 19:57:18.176  3089  3089 I C04213/InputKeyFlow: ConsumePointerEventInner: InputId:206,wid:30,pointId:10000,srcType:2,rect:[0,0,1320,2856],notify:1
CST 2026-07-17 19:57:18.192   769   769 E C01406/RSScreenManager: IsAllScreensPowerOff: screenPowerStatus_ is empty.
CST 2026-07-17 19:57:18.194   769   902 I C01406/skia: RSSurfaceRenderNodeDrawable::OnDraw name:com.ohos.sceneboardEngineServiceAbility, the number of total processedNodes: 9
CST 2026-07-17 19:57:18.196   769   902 E C02515/DGLES: [d_eglSwapBuffers_special@egl_gpu.cpp:729] thread output size 35268 speed 33k/s API_num 136
CST 2026-07-17 19:57:18.209   769   769 E C01406/RSScreenManager: IsAllScreensPowerOff: screenPowerStatus_ is empty.
CST 2026-07-17 19:57:18.211   605   610 W C02515/DISP: [SetLayerMaskInfo:495] <private> is not supported
CST 2026-07-17 19:57:18.211   605   610 I C02515/DISP: [CommitComposeLayer:67] CommitComposeLayer! 10
CST 2026-07-17 19:57:18.225   769   769 E C01406/RSScreenManager: IsAllScreensPowerOff: screenPowerStatus_ is empty.
CST 2026-07-17 19:57:18.228   605   610 W C02515/DISP: [SetLayerMaskInfo:495] <private> is not supported
CST 2026-07-17 19:57:18.228   605   610 I C02515/DISP: [CommitComposeLayer:67] CommitComposeLayer! 10
CST 2026-07-17 19:57:18.242   769   769 E C01406/RSScreenManager: IsAllScreensPowerOff: screenPowerStatus_ is empty.
CST 2026-07-17 19:57:18.244   605   610 W C02515/DISP: [SetLayerMaskInfo:495] <private> is not supported
CST 2026-07-17 19:57:18.245   605   610 I C02515/DISP: [CommitComposeLayer:67] CommitComposeLayer! 10
CST 2026-07-17 19:57:18.259   769   769 E C01406/RSScreenManager: IsAllScreensPowerOff: screenPowerStatus_ is empty.
CST 2026-07-17 19:57:18.262   605   610 W C02515/DISP: [SetLayerMaskInfo:495] <private> is not supported
CST 2026-07-17 19:57:18.262   605   610 I C02515/DISP: [CommitComposeLayer:67] CommitComposeLayer! 10
CST 2026-07-17 19:57:18.273  3449  3449 I C03100/UiTestKit_Server: [system_ui_controller.cpp:(SetItemByType)] Add touchItem, finger:0, pressed:0, location:369, 1721
CST 2026-07-17 19:57:18.274  3449  3449 I C02800/InputManagerImpl: [|1254]Pointer event action:4
CST 2026-07-17 19:57:18.274  3449  3449 I C02802/MultimodalEventHandler: [|252]PI:10000, IP:0, P:0.00, MF:-1, WI:-1, OPI:0, SI:true, A:0
CST 2026-07-17 19:57:18.274   251   516 I C02805/InputKeyFlow: [P:U:207|6036]PA:up,Pid:3089,TWI:30,FWI:30,EID:207,flags:0,DID:0AWI:30,zOrder:102.000000
CST 2026-07-17 19:57:18.275   251   516 I C02805/InputKeyFlow: [P:U:207|621]SendMsg:3089
CST 2026-07-17 19:57:18.275  3089  3089 I C02805/InputKeyFlow: [P:U:207|247]ac: up: 207
CST 2026-07-17 19:57:18.275  3089  3089 I C02805/InputKeyFlow: [P:U:207|649]recv
CST 2026-07-17 19:57:18.275  3089  3089 I C04213/InputKeyFlow: HandleInputEvent: eid:1,InputId:207,wid:30,ac:4
CST 2026-07-17 19:57:18.276  1522  1522 I A01b09/RECENT: RecentDockRefreshAlarm: refresh recent dock: EntryAbility/cn.alfadb.netbird.e3vpna/entry/0(persistentId: 30)(containerId: 2)
CST 2026-07-17 19:57:18.277   770  1062 I C057c2/IPCObjectProxy: hd:280 ct:1 D:
CST 2026-07-17 19:57:18.278  3089  3089 I C03951/InputKeyFlow: [(100000:100000:scope)] ITK Id:207, fId:10000, T:1, I=0, M=0
CST 2026-07-17 19:57:18.278  3089  3089 I C03934/AceUIEvent: [(100000:100000:scope)] TpFlush end by up event
CST 2026-07-17 19:57:18.278  3089  3089 I C03945/AceStateStyle: [(100000:100000:scope)] Handle TouchUp or Cancel event node: Button
CST 2026-07-17 19:57:18.278  3089  3089 I C0391e/AceGesture: [(100000:100000:scope)] Click try accept Button
CST 2026-07-17 19:57:18.278  3089  3089 I C03951/InputKeyFlow: [(100000:100000:scope)] CLK RACC, T: Button
CST 2026-07-17 19:57:18.279   305   375 E C01704/TagSched: [a92abf189e442ac] [OpenQosCtrl]Failed to open qos_ctrl device
CST 2026-07-17 19:57:18.279   305   375 E C01704/TagSched: [a92abf189e442ac] [IsQosHandleOpen]get qosSetHandle_ fail
CST 2026-07-17 19:57:18.279   305   375 E C01704/TagSched: [a92abf189e442ac] [SetUclamp]qosSetHandle open fail
CST 2026-07-17 19:57:18.279  3089  3089 I A02900/E3VpnGate: UI_START|bundle=cn.alfadb.netbird.e3vpna|requestId=cn.alfadb.netbird.e3vpna-1784289438279-1
CST 2026-07-17 19:57:18.280   143   143 I C01800/SAMGR: SubscribeSA:3702,3089_20_3
CST 2026-07-17 19:57:18.280   143   143 I C01800/SAMGR: NotifyAddSA:3702,3089_3
CST 2026-07-17 19:57:18.280  3089  3383 W C01c41/TimeClient: OnAddSystemAbility# recoverTimer count:0
CST 2026-07-17 19:57:18.280  3089  3089 I C015b0/NETMANAGER_EXT: CacheCurrentWant: cached want from cn.alfadb.netbird.e3vpna
CST 2026-07-17 19:57:18.281   143   143 I C01800/SAMGR: SubscribeSA:1155,3089_5_4
CST 2026-07-17 19:57:18.281   143   143 I C01800/SAMGR: NotifyAddSA:1155,3089_4
CST 2026-07-17 19:57:18.282   770  1062 W C01650/RdbStoreManager: IsConfigInvalidChanged:no bundleName
CST 2026-07-17 19:57:18.282   770  1062 E C01650/SilentProxy: IsSupportSilentFromService:GetRdbService failed, err is 27394049.
CST 2026-07-17 19:57:18.276   162  1023 I C02d66/XPERF_SERVICE: [NotifyToXperf]: XperfServiceServer_NotifyToXperf domainId:6 eventId:0 msg:#TYPE:LAST_UP#TIME:1784289438275#BUNDLE_NAME:cn.alfadb.netbird.e3vpna#PID:3089
CST 2026-07-17 19:57:18.297   770  1062 I C01650/SqliteConnection: CreateSlaveConnection:slave cfg:[0,1,0,0,1,0,0]bun***.db:<DB,0xc81f7,10997760,100660><DWR,0xc81f8,12288,100660><SHM,0xc81fa,32768,100660><WAL,0xc81f9,0,100660> master:<DB,0xc81f1,10997760,100660><DWR,0xc81f2,12288,100660><SHM,0xc81f4,32768,100660><WAL,0xc81f3,0,100660>,[1,0,0,0,1]
CST 2026-07-17 19:57:18.299   770  1062 I C01650/SqliteConnection: SetBinlog:binlog: open /***/el1/***/bun***.db
CST 2026-07-17 19:57:18.301   143   143 I C01800/SAMGR: NF SA:65962,776_104
CST 2026-07-17 19:57:18.305   770  1062 I C01631/GaussPD:  [0] [ADAPTER] [140284939942656] Not support binlog_default.readIndex file enable del monitor sysno = 25
CST 2026-07-17 19:57:18.305   770  1062 I C01631/GaussPD:  [0] [ADAPTER] [140284939942656] Not support binlog_default.writeIndex file enable del monitor sysno = 25
CST 2026-07-17 19:57:18.307   769   769 E C01406/RSScreenManager: IsAllScreensPowerOff: screenPowerStatus_ is empty.
CST 2026-07-17 19:57:18.308   770  1062 I C01650/ConnectionPool: Create:code:0 app[:] area[el1] cfg[0,1,0,0,1,0,0]bun***.db:<DB,0xc81f1,10997760,100660><DWR,0xc81f2,12288,100660><SHM,0xc81f4,32768,100660><WAL,0xc81f3,0,100660>, pathSize:63
CST 2026-07-17 19:57:18.308   605   610 W C02515/DISP: [SetLayerMaskInfo:495] <private> is not supported
CST 2026-07-17 19:57:18.308   770  1062 W C01650/RdbStoreImpl: ExchangeSlaverToMaster:exchange st:3, bun***.db,
CST 2026-07-17 19:57:18.308   605   610 I C02515/DISP: [CommitComposeLayer:67] CommitComposeLayer! 10
CST 2026-07-17 19:57:18.308   770  1062 I C01120/BMS: rdb open
CST 2026-07-17 19:57:18.309   770  3408 I C01650/SqliteConnection: CreateSlaveConnection:slave cfg:[0,1,0,0,1,0,0]bun***.db:<DB,0xc81f7,10997760,100660><DWR,0xc81f8,12288,100660><SHM,0xc81fa,32768,100660><WAL,0xc81f9,0,100660> master:<DB,0xc81f1,10997760,100660><DWR,0xc81f2,12288,100660><SHM,0xc81f4,32768,100660><WAL,0xc81f3,0,100660>,[1,0,0,0,1]
CST 2026-07-17 19:57:18.309   770  1062 I C01120/BMS: icon rdb get resource icon start -n cn.alfadb.netbird.e3vpna -i 0 -f 1
CST 2026-07-17 19:57:18.309   770  1062 W C01650/RdbStoreManager: IsConfigInvalidChanged:no bundleName
CST 2026-07-17 19:57:18.309   770  1062 E C01650/SilentProxy: IsSupportSilentFromService:GetRdbService failed, err is 27394049.
CST 2026-07-17 19:57:18.310   770  3408 I C01650/SqliteConnection: SetBinlog:binlog: open /***/el1/***/bun***.db
CST 2026-07-17 19:57:18.310   770  1062 E C01650/StepResultSet: GoToRow:position[0] rowCount[0] rowPos_[-1]!
CST 2026-07-17 19:57:18.311   315  2946 I C015b0/NetworkVpnManager: GetAppNameByUid bundleResourceInfo.label E3 VPN Gate
CST 2026-07-17 19:57:18.311   770  3408 I C01631/GaussPD:  [0] [ADAPTER] [140285311646464] Not support binlog_default.readLock file enable del monitor sysno = 25
CST 2026-07-17 19:57:18.311   770  3408 I C01631/GaussPD:  [0] [ADAPTER] [140285311646464] Not support binlog_default.readIndex file enable del monitor sysno = 25
CST 2026-07-17 19:57:18.311   770  3408 I C01631/GaussPD:  [0] [ADAPTER] [140285311646464] Not support binlog_default.readIndex file enable del monitor sysno = 25
CST 2026-07-17 19:57:18.311   770  3408 I C01631/GaussPD:  [0] [ADAPTER] [140285311646464] Not support binlog_default.writeIndex file enable del monitor sysno = 25
CST 2026-07-17 19:57:18.311   770  3408 I C01631/GaussPD:  [0] [ADAPTER] [140285311646464] Not support binlog_default.00000 file enable del monitor sysno = 25
CST 2026-07-17 19:57:18.311   770  3408 I C01631/GaussPD:  [0] [ADAPTER] [140285311646464] Not support binlog_default.writeIndex file enable del monitor sysno = 25
CST 2026-07-17 19:57:18.312   770  3408 I C01631/GaussPD:  [0] [ADAPTER] [140285311646464] Not support binlog_default.readIndex file enable del monitor sysno = 25
CST 2026-07-17 19:57:18.312   770  3408 I C01631/GaussPD:  [0] [ADAPTER] [140285311646464] Not support binlog_default.readIndex file enable del monitor sysno = 25
CST 2026-07-17 19:57:18.312   770  3408 I C01631/GaussPD:  [0] [ADAPTER] [140285311646464] Not support binlog_default.readIndex file enable del monitor sysno = 25
CST 2026-07-17 19:57:18.313   770  1062 I C01120/BMS: icon rdb get resource icon start -n cn.alfadb.netbird.e3vpna -i 0 -f 1
CST 2026-07-17 19:57:18.313   770  1062 E C01650/StepResultSet: GoToRow:position[0] rowCount[0] rowPos_[-1]!
CST 2026-07-17 19:57:18.314   315  2946 I C015b0/NetworkVpnManager: GetAppNameByUid bundleResourceInfo.label E3 VPN Gate
CST 2026-07-17 19:57:18.314  3089  3089 I C015b0/NETMANAGER_EXT: StartVpnExtensionAbility SelfAppName = E3 VPN Gate 0
CST 2026-07-17 19:57:18.315   143   143 I C01800/SAMGR: SubscribeSA:1301,3089_64_5
CST 2026-07-17 19:57:18.315   143   143 I C01800/SAMGR: NotifyAddSA:1301,3089_5
CST 2026-07-17 19:57:18.320   770  3408 I C01631/GaussPD:  [0] [ADAPTER] [140285311646464] Not support binlog_default.readIndex file enable del monitor sysno = 25
CST 2026-07-17 19:57:18.320   770  3408 I C01631/GaussPD:  [0] [STORAGE] [140285311646464] |BinlogRead||ReadBinlogFile| all binlog files read finish.
CST 2026-07-17 19:57:18.322   770  3408 I C01631/GaussPD:  [0] [ADAPTER] [140285311646464] Not support binlog_default.readIndex file enable del monitor sysno = 25
CST 2026-07-17 19:57:18.322   770  3408 I C01631/GaussPD:  [0] [STORAGE] [140285311646464] |BinlogRead||VerifyReadInfo| read binlog files finish.
CST 2026-07-17 19:57:18.322   770  3408 I C01631/GaussPD:  [0] [STORAGE] [140285311646464] |Binlog||BinlogRead| reading all binlog files is complete
CST 2026-07-17 19:57:18.323   770  3408 I C01650/SqliteConnection: CompareWithSlave:equal, main:3,slave:3
CST 2026-07-17 19:57:18.323   770  3408 I C01650/RdbStoreImpl: operator():async exchange st:0,
CST 2026-07-17 19:57:18.329  1522  1522 W A01c06/ICON: AppIconWeatherModel --> initWeatherListener, retryTimes: 4
CST 2026-07-17 19:57:18.329   468  1324 E C01707/CONCUR: [Interface] task 1324 apply qos failed, errno = 4
CST 2026-07-17 19:57:18.329   468  1324 E C01611/QosManager: QosManager: Failed to set thread QoS to QOS_USER_INTERACTIVE, ret: -1
CST 2026-07-17 19:57:18.329   605   610 W C02515/DISP: [SetLayerMaskInfo:495] <private> is not supported
CST 2026-07-17 19:57:18.329   605   610 I C02515/DISP: [CommitComposeLayer:67] CommitComposeLayer! 10
CST 2026-07-17 19:57:18.329   468  1337 E C01707/CONCUR: [Interface] task 1337 apply qos failed, errno = 4
CST 2026-07-17 19:57:18.329   468  1337 E C01611/QosManager: QosManager: Failed to set thread QoS to QOS_USER_INTERACTIVE, ret: -1
CST 2026-07-17 19:57:18.330   770  1062 W C01123/BMSCommon: bundle not exist -n com.huawei.hmsapp.totemweather -u 100 -i 0 -f 32
CST 2026-07-17 19:57:18.330   770  1062 W C01121/BMSQuery: GetBundleInfo failed -n com.huawei.hmsapp.totemweather -u 100
CST 2026-07-17 19:57:18.330   468  1337 E C01651/BundleMgrProxy: GetBundleInfoFromBMS: GetBundleInfo failed!bundleName is com.huawei.hmsapp.totemweather, userId is 100
CST 2026-07-17 19:57:18.330   468  1337 E C01651/DataProviderConfig: GetFromProxyData: Get bundleInfo failed! bundleName:com.huawei.hmsapp.totemweather, userId:100, visitedId:100, uri:******icIconInfo
CST 2026-07-17 19:57:18.330   468  1337 E C01651/DataShareServiceImpl: GetBMSAndMetaDataStatus: CalledInfo failed! token:0x20087fab,ret:1001,uri:******icIconInfo
CST 2026-07-17 19:57:18.330   468  1337 E C01651/DataShareServiceImpl: GetSilentProxyStatus: BMS or metaData not ready to complete, token:0x20087fab, uri:******icIconInfo
CST 2026-07-17 19:57:18.330  1522  1522 E A01c06/ICON: AppIconWeatherModel --> get weather info failed, code: 15700010, message: The DataShareHelper is not initialized successfully.
CST 2026-07-17 19:57:18.346   468  1324 E C01707/CONCUR: [Interface] task 1324 apply qos failed, errno = 4
CST 2026-07-17 19:57:18.346   468  1324 E C01611/QosManager: QosManager: Failed to set thread QoS to QOS_USER_INTERACTIVE, ret: -1
CST 2026-07-17 19:57:18.353   468  1324 E C01707/CONCUR: [Interface] task 1324 apply qos failed, errno = 4
CST 2026-07-17 19:57:18.353   468  1324 E C01611/QosManager: QosManager: Failed to set thread QoS to QOS_USER_INTERACTIVE, ret: -1
CST 2026-07-17 19:57:18.353   468  1324 I C01610/KvStoreDataService: operator(): bundle:cn.alfadb.netbird.e3vpna, feature:data_share, uid:20020062, pid:3089, emplace:success.
CST 2026-07-17 19:57:18.353  3089  3089 E C01651/data_share_manager_impl: RegisterClientDeathObserver: RegisterClientDeathObserver failed, bundleName is cn.alfadb.netbird.e3vpna
CST 2026-07-17 19:57:18.353  3089  3089 E C01651/data_share_manager_impl: GetDataShareServiceProxy: RegisterClientDeathObserver failed
CST 2026-07-17 19:57:18.353  3089  3383 I C01651/data_share_manager_impl: operator(): RecoverObs start
CST 2026-07-17 19:57:18.357   468  1324 E C01707/CONCUR: [Interface] task 1324 apply qos failed, errno = 4
CST 2026-07-17 19:57:18.357   468  1324 E C01611/QosManager: QosManager: Failed to set thread QoS to QOS_USER_INTERACTIVE, ret: -1
CST 2026-07-17 19:57:18.359   468  1337 E C01707/CONCUR: [Interface] task 1337 apply qos failed, errno = 4
CST 2026-07-17 19:57:18.359   468  1337 E C01611/QosManager: QosManager: Failed to set thread QoS to QOS_USER_INTERACTIVE, ret: -1
CST 2026-07-17 19:57:18.359   468  1337 I C01651/DataShareServiceStub: OnRemoteRequest: code:25, callingPid:3089
CST 2026-07-17 19:57:18.370   468  1324 E C01707/CONCUR: [Interface] task 1324 apply qos failed, errno = 4
CST 2026-07-17 19:57:18.370   468  1324 E C01611/QosManager: QosManager: Failed to set thread QoS to QOS_USER_INTERACTIVE, ret: -1
CST 2026-07-17 19:57:18.372  3089  3089 E C015b0/NetMgrDataShare: go to first row error
CST 2026-07-17 19:57:18.372  3089  3089 E C015b0/NETMANAGER_EXT: dataShareHelperUtils Query error, err = -1
CST 2026-07-17 19:57:18.372  3089  3089 I C01342/ServiceExt: [AMC599]name:com.huawei.hmos.vpndialog VpnServiceExtAbility, userId:-1
CST 2026-07-17 19:57:18.372   770  1062 I C01342/ServiceExt: [a92ab1189e5ae86, 2198053, 0] [ABMS5529]element: com.huawei.hmos.vpndialog/VpnServiceExtAbility
CST 2026-07-17 19:57:18.372   770  1062 W C01123/BMSCommon: [a92ab1189e5ae86, 2198053, 0] bundle not exist -n com.huawei.hmos.vpndialog -u 100 -i 0 -f 0
CST 2026-07-17 19:57:18.372   770  1062 W C01336/AMS: [a92ab1189e5ae86, 2198053, 0] [start_ability_utils.cpp76]failed: com.huawei.hmos.vpndialog
CST 2026-07-17 19:57:18.372   770  1062 W C01336/AMS: [a92ab1189e5ae86, 2198053, 0] [crowd_test_interceptor.cpp54]GetAppInfo failed
CST 2026-07-17 19:57:18.372   770  1062 W C01120/BMS: [a92ab1189e5ae86, 2198053, 0] app_control_manager.cpp:GetAppRunningControlRule:397 getAppId failed,-n:com.huawei.hmos.vpndialog
CST 2026-07-17 19:57:18.373   770  1062 I C01336/AMS: [a92ab1189e5ae86, 2198053, 0] [start_ability_utils.cpp54]appIndex:-1
CST 2026-07-17 19:57:18.373   770  1062 W C01123/BMSCommon: [a92ab1189e5ae86, 2198053, 0] bundle not exist -n com.huawei.hmos.vpndialog -u 100 -i 0 -f 1062
CST 2026-07-17 19:57:18.373   770  1062 I C01121/BMSQuery: [a92ab1189e5ae86, 2198053, 0] ExplicitQueryAbility no match -n com.huawei.hmos.vpndialog -a VpnServiceExtAbility -u 100 -i 0
CST 2026-07-17 19:57:18.373   770  1062 W C01120/BMS: [a92ab1189e5ae86, 2198053, 0] query abilitys_ext code 8521480
CST 2026-07-17 19:57:18.373   770  1062 W C01123/BMSCommon: [a92ab1189e5ae86, 2198053, 0] bundle not exist -n com.huawei.hmos.vpndialog -u 100 -i 0 -f 1062
CST 2026-07-17 19:57:18.373   770  1062 W C01121/BMSQuery: [a92ab1189e5ae86, 2198053, 0] bundle_data_mgr.cpp:ExplicitQueryExtensionInfo:7239 ExplicitQueryExtensionInfo failed
CST 2026-07-17 19:57:18.373   770  1062 I C01121/BMSQuery: [a92ab1189e5ae86, 2198053, 0] ExplicitQueryExtension size:0 -n com.huawei.hmos.vpndialog -e VpnServiceExtAbility -u 100 -i 0
CST 2026-07-17 19:57:18.373   770  1062 W C01121/BMSQuery: [a92ab1189e5ae86, 2198053, 0] bundle_data_mgr.cpp:GetCloneAppIndexes:2463 no bundleName com.huawei.hmos.vpndialog found
CST 2026-07-17 19:57:18.373   770  1062 W C01121/BMSQuery: [a92ab1189e5ae86, 2198053, 0] bundle_mgr_host_impl.cpp:QueryExtensionAbilityInfos:3425 no valid extension info can be inquired
CST 2026-07-17 19:57:18.373   770  1062 E C01336/AMS: [a92ab1189e5ae86, 2198053, 0] [start_ability_utils.cpp290]extensionInfo empty
CST 2026-07-17 19:57:18.373   770  1062 E C01342/ServiceExt: [a92ab1189e5ae86, 2198053, 0] [ABMS5868]generate request error
CST 2026-07-17 19:57:18.373  3089  3089 E C015b0/NETMANAGER_EXT: connectAbility failed 2097152
CST 2026-07-17 19:57:18.380   468  1324 E C01707/CONCUR: [Interface] task 1324 apply qos failed, errno = 4
CST 2026-07-17 19:57:18.380   468  1324 E C01611/QosManager: QosManager: Failed to set thread QoS to QOS_USER_INTERACTIVE, ret: -1
CST 2026-07-17 19:57:18.381   770  1062 E C01312/DbObsMgr: [dataobs_mgr_service.cpp164]Not system app, token:8200e7eb0
CST 2026-07-17 19:57:18.381   770  1062 E C01312/DbObsMgr: [dataobs_mgr_service.cpp211]normal app calling uri:da*as*ar*:/*/c*m.*ho*.s*tt*ng*da*a/*nt*y/*et*in*sd*ta*SE*TI*GS*AT*?P*ox*=t*ue*ke*=v*ne*t_*od*,fullToken 34897559216
CST 2026-07-17 19:57:18.381  3089  3089 I C01651/general_controller_service_impl: RegisterObserver: Register silent observer ret: 2228241, uri: ******pnext_mode
CST 2026-07-17 19:57:18.381  3089  3089 I C03919/AceInputTracking: [(100000:100000:scope)] Consumed id:207, last id:-1
CST 2026-07-17 19:57:18.381  3089  3089 I C04213/InputKeyFlow: ConsumePointerEventInner: InputId:207,wid:30,pointId:10000,srcType:2,rect:[0,0,1320,2856],notify:1
CST 2026-07-17 19:57:18.383  3089  3089 W C03913/AceText: [(100000:100000:scope)] destroy TxtParagraph with placeholderCnt_ 0, textAlign_ 0, count 0
CST 2026-07-17 19:57:18.384  3089  3089 I C02d66/Hiview-PerfMonitor: ProcessJank: JankFrameMonitor::ProcessJank jank >= threshold
CST 2026-07-17 19:57:18.393   769   769 E C01406/RSScreenManager: IsAllScreensPowerOff: screenPowerStatus_ is empty.
CST 2026-07-17 19:57:18.410   769   769 E C01406/RSScreenManager: IsAllScreensPowerOff: screenPowerStatus_ is empty.
CST 2026-07-17 19:57:18.412   605   610 W C02515/DISP: [SetLayerMaskInfo:495] <private> is not supported
CST 2026-07-17 19:57:18.412   605   610 I C02515/DISP: [CommitComposeLayer:67] CommitComposeLayer! 10
CST 2026-07-17 19:57:18.427   769   769 E C01406/RSScreenManager: IsAllScreensPowerOff: screenPowerStatus_ is empty.
CST 2026-07-17 19:57:18.429   605   610 W C02515/DISP: [SetLayerMaskInfo:495] <private> is not supported
CST 2026-07-17 19:57:18.429   605   610 I C02515/DISP: [CommitComposeLayer:67] CommitComposeLayer! 10
CST 2026-07-17 19:57:18.444   769   769 E C01406/RSScreenManager: IsAllScreensPowerOff: screenPowerStatus_ is empty.
CST 2026-07-17 19:57:18.446   605   610 W C02515/DISP: [SetLayerMaskInfo:495] <private> is not supported
CST 2026-07-17 19:57:18.447   605   610 I C02515/DISP: [CommitComposeLayer:67] CommitComposeLayer! 10
CST 2026-07-17 19:57:18.461   769   769 E C01406/RSScreenManager: IsAllScreensPowerOff: screenPowerStatus_ is empty.
CST 2026-07-17 19:57:18.463   605   610 W C02515/DISP: [SetLayerMaskInfo:495] <private> is not supported
CST 2026-07-17 19:57:18.463   605   610 I C02515/DISP: [CommitComposeLayer:67] CommitComposeLayer! 10
CST 2026-07-17 19:57:18.477   769   769 E C01406/RSScreenManager: IsAllScreensPowerOff: screenPowerStatus_ is empty.
CST 2026-07-17 19:57:18.480   605   610 W C02515/DISP: [SetLayerMaskInfo:495] <private> is not supported
CST 2026-07-17 19:57:18.480   605   610 I C02515/DISP: [CommitComposeLayer:67] CommitComposeLayer! 10
CST 2026-07-17 19:57:18.494   769   769 E C01406/RSScreenManager: IsAllScreensPowerOff: screenPowerStatus_ is empty.
CST 2026-07-17 19:57:18.497   605   610 W C02515/DISP: [SetLayerMaskInfo:495] <private> is not supported
CST 2026-07-17 19:57:18.497   605   610 I C02515/DISP: [CommitComposeLayer:67] CommitComposeLayer! 10
CST 2026-07-17 19:57:18.502   143   143 I C01800/SAMGR: NF SA:65962,776_105
CST 2026-07-17 19:57:18.502   776   858 E C01810/SA_CLIENT: GetSaWrap SA:65962 not start
CST 2026-07-17 19:57:18.502   776   858 I C01409/APS_MANAGER: request system service object is not ready yet!
CST 2026-07-17 19:57:18.511   769   769 E C01406/RSScreenManager: IsAllScreensPowerOff: screenPowerStatus_ is empty.
CST 2026-07-17 19:57:18.514   605   610 W C02515/DISP: [SetLayerMaskInfo:495] <private> is not supported
CST 2026-07-17 19:57:18.514   605   610 I C02515/DISP: [CommitComposeLayer:67] CommitComposeLayer! 10
CST 2026-07-17 19:57:18.529   305   553 E C01704/TagSched: [a92abf189e442ac] [OpenQosCtrl]Failed to open qos_ctrl device
CST 2026-07-17 19:57:18.529   305   553 E C01704/TagSched: [a92abf189e442ac] [IsQosHandleOpen]get qosSetHandle_ fail
CST 2026-07-17 19:57:18.529   305   553 E C01704/TagSched: [a92abf189e442ac] [SetUclamp]qosSetHandle open fail
CST 2026-07-17 19:57:18.531   605   610 W C02515/DISP: [SetLayerMaskInfo:495] <private> is not supported
CST 2026-07-17 19:57:18.531   605   610 I C02515/DISP: [CommitComposeLayer:67] CommitComposeLayer! 10
CST 2026-07-17 19:57:18.571   416  2236 I C02230/MovementManager: in CheckSubscribeInfo, Type 0,subscribe info is empty
CST 2026-07-17 19:57:18.571   416  2236 I C02230/MovementManager: in SaveSubscribeInfo, Save type:0, event:3, packageName:locationhub
CST 2026-07-17 19:57:18.571   416  2236 I C02230/MovementClientImpl: in EnableMsdpImpl, Enter type is 0, event is 3, interval is 200000000000
CST 2026-07-17 19:57:18.571   416  2236 E C02230/MovementClientImpl: in GetAlgorithmInfo, Unsupport algorithm 0
CST 2026-07-17 19:57:18.571   416  2236 E C02230/MovementClientImpl: in EnableMsdpImpl, Not support device
CST 2026-07-17 19:57:18.571   416  2236 E C02230/MovementManager: in Subscribe, Failed to enable, ret is 60817420
CST 2026-07-17 19:57:18.571   416  2236 E C02230/MovementService: in Subscribe, Failed to subscribe
CST 2026-07-17 19:57:18.571   464   519 E C02230/IMovementIdl: Read result failed, code is: 1.
CST 2026-07-17 19:57:18.571   464   519 E C02230/MovementClient: in SubscribeCallback, Subscribe failed, ret is 60817420.
CST 2026-07-17 19:57:18.571   464   519 E C02230/MovementClient: in SubscribeCallback, SubscribeCallback failed, ret is 60817420.
CST 2026-07-17 19:57:18.571   464   519 I C02300/Parking: Register MotionStatusCallback errorCode = 60817420
CST 2026-07-17 19:57:18.571   464   519 I C02300/Parking: Post Delayed Task Register VehicleStateCallback
CST 2026-07-17 19:57:18.662   164   164 E C02c11/APPSPAWN: [appspawn_kickdog.c:29]open /sys/kernel/hungtask/userlist fail,errno:2
CST 2026-07-17 19:57:18.735   162  1329 I C02d10/CpuCollector: CalculateProcessCpuStatInfos: startTime=1784289428733, endTime=1784289438735, startBootTime=73593, endBootTime=83595, period=10002, isNeedUpdate=1
CST 2026-07-17 19:57:18.735   162  1329 W C02d10/UCollectUtil-CpuCalculator: CalculateCpuLoad: invalid num of max cpu load unit
CST 2026-07-17 19:57:18.735   162  1329 W C02d10/UCollectUtil-CpuCalculator: CalculateCpuLoad: invalid num of max cpu load unit
CST 2026-07-17 19:57:18.735   162  1329 W C02d10/UCollectUtil-CpuCalculator: CalculateCpuLoad: invalid num of max cpu load unit
CST 2026-07-17 19:57:18.735   162  1329 W C02d10/UCollectUtil-CpuCalculator: CalculateCpuLoad: invalid num of max cpu load unit
CST 2026-07-17 19:57:18.735   162  1329 W C02d10/UCollectUtil-CpuCalculator: CalculateCpuLoad: invalid num of max cpu load unit
CST 2026-07-17 19:57:18.735   162  1329 W C02d10/UCollectUtil-CpuCalculator: CalculateCpuLoad: invalid num of max cpu load unit
CST 2026-07-17 19:57:18.735   162  1329 W C02d10/UCollectUtil-CpuCalculator: CalculateCpuLoad: invalid num of max cpu load unit
CST 2026-07-17 19:57:18.735   162  1329 W C02d10/UCollectUtil-CpuCalculator: CalculateCpuLoad: invalid num of max cpu load unit
CST 2026-07-17 19:57:18.735   162  1329 W C02d10/UCollectUtil-CpuCalculator: CalculateCpuLoad: invalid num of max cpu load unit
CST 2026-07-17 19:57:18.735   162  1329 W C02d10/UCollectUtil-CpuCalculator: CalculateCpuLoad: invalid num of max cpu load unit
CST 2026-07-17 19:57:18.735   162  1329 W C02d10/UCollectUtil-CpuCalculator: CalculateCpuLoad: invalid num of max cpu load unit
CST 2026-07-17 19:57:18.735   162  1329 W C02d10/UCollectUtil-CpuCalculator: CalculateCpuLoad: invalid num of max cpu load unit
CST 2026-07-17 19:57:18.735   162  1329 W C02d10/UCollectUtil-CpuCalculator: CalculateCpuLoad: invalid num of max cpu load unit
CST 2026-07-17 19:57:18.735   162  1329 W C02d10/UCollectUtil-CpuCalculator: CalculateCpuLoad: invalid num of max cpu load unit
CST 2026-07-17 19:57:18.735   162  1329 W C02d10/UCollectUtil-CpuCalculator: CalculateCpuLoad: invalid num of max cpu load unit
CST 2026-07-17 19:57:18.735   162  1329 W C02d10/UCollectUtil-CpuCalculator: CalculateCpuLoad: invalid num of max cpu load unit
CST 2026-07-17 19:57:18.735   162  1329 W C02d10/UCollectUtil-CpuCalculator: CalculateCpuLoad: invalid num of max cpu load unit
CST 2026-07-17 19:57:18.735   162  1329 W C02d10/UCollectUtil-CpuCalculator: CalculateCpuLoad: invalid num of max cpu load unit
CST 2026-07-17 19:57:18.735   162  1329 W C02d10/UCollectUtil-CpuCalculator: CalculateCpuLoad: invalid num of max cpu load unit
CST 2026-07-17 19:57:18.735   162  1329 W C02d10/UCollectUtil-CpuCalculator: CalculateCpuLoad: invalid num of max cpu load unit
CST 2026-07-17 19:57:18.735   162  1329 W C02d10/UCollectUtil-CpuCalculator: CalculateCpuLoad: invalid num of max cpu load unit
CST 2026-07-17 19:57:18.735   162  1329 W C02d10/UCollectUtil-CpuCalculator: CalculateCpuLoad: invalid num of max cpu load unit
CST 2026-07-17 19:57:18.735   162  1329 W C02d10/UCollectUtil-CpuCalculator: CalculateCpuLoad: invalid num of max cpu load unit
CST 2026-07-17 19:57:18.735   162  1329 W C02d10/UCollectUtil-CpuCalculator: CalculateCpuLoad: invalid num of max cpu load unit
CST 2026-07-17 19:57:18.735   162  1329 W C02d10/UCollectUtil-CpuCalculator: CalculateCpuLoad: invalid num of max cpu load unit
CST 2026-07-17 19:57:18.735   162  1329 W C02d10/UCollectUtil-CpuCalculator: CalculateCpuLoad: invalid num of max cpu load unit
CST 2026-07-17 19:57:18.735   162  1329 W C02d10/UCollectUtil-CpuCalculator: CalculateCpuLoad: invalid num of max cpu load unit
CST 2026-07-17 19:57:18.735   162  1329 W C02d10/UCollectUtil-CpuCalculator: CalculateCpuLoad: invalid num of max cpu load unit
CST 2026-07-17 19:57:18.735   162  1329 W C02d10/UCollectUtil-CpuCalculator: CalculateCpuLoad: invalid num of max cpu load unit
CST 2026-07-17 19:57:18.735   162  1329 W C02d10/UCollectUtil-CpuCalculator: CalculateCpuLoad: invalid num of max cpu load unit
CST 2026-07-17 19:57:18.735   162  1329 W C02d10/UCollectUtil-CpuCalculator: CalculateCpuLoad: invalid num of max cpu load unit
CST 2026-07-17 19:57:18.735   162  1329 W C02d10/UCollectUtil-CpuCalculator: CalculateCpuLoad: invalid num of max cpu load unit
CST 2026-07-17 19:57:18.735   162  1329 W C02d10/UCollectUtil-CpuCalculator: CalculateCpuLoad: invalid num of max cpu load unit
CST 2026-07-17 19:57:18.735   162  1329 W C02d10/UCollectUtil-CpuCalculator: CalculateCpuLoad: invalid num of max cpu load unit
CST 2026-07-17 19:57:18.735   162  1329 W C02d10/UCollectUtil-CpuCalculator: CalculateCpuLoad: invalid num of max cpu load unit
CST 2026-07-17 19:57:18.735   162  1329 W C02d10/UCollectUtil-CpuCalculator: CalculateCpuLoad: invalid num of max cpu load unit
CST 2026-07-17 19:57:18.735   162  1329 W C02d10/UCollectUtil-CpuCalculator: CalculateCpuLoad: invalid num of max cpu load unit
CST 2026-07-17 19:57:18.735   162  1329 W C02d10/UCollectUtil-CpuCalculator: CalculateCpuLoad: invalid num of max cpu load unit
CST 2026-07-17 19:57:18.735   162  1329 W C02d10/UCollectUtil-CpuCalculator: CalculateCpuLoad: invalid num of max cpu load unit
CST 2026-07-17 19:57:18.735   162  1329 W C02d10/UCollectUtil-CpuCalculator: CalculateCpuLoad: invalid num of max cpu load unit
CST 2026-07-17 19:57:18.735   162  1329 W C02d10/UCollectUtil-CpuCalculator: CalculateCpuLoad: invalid num of max cpu load unit
CST 2026-07-17 19:57:18.735   162  1329 W C02d10/UCollectUtil-CpuCalculator: CalculateCpuLoad: invalid num of max cpu load unit
CST 2026-07-17 19:57:18.735   162  1329 W C02d10/UCollectUtil-CpuCalculator: CalculateCpuLoad: invalid num of max cpu load unit
CST 2026-07-17 19:57:18.736   162  1329 W C02d10/UCollectUtil-CpuCalculator: CalculateCpuLoad: invalid num of max cpu load unit
CST 2026-07-17 19:57:18.736   162  1329 W C02d10/UCollectUtil-CpuCalculator: CalculateCpuLoad: invalid num of max cpu load unit
CST 2026-07-17 19:57:18.736   162  1329 W C02d10/UCollectUtil-CpuCalculator: CalculateCpuLoad: invalid num of max cpu load unit
CST 2026-07-17 19:57:18.736   162  1329 W C02d10/UCollectUtil-CpuCalculator: CalculateCpuLoad: invalid num of max cpu load unit
CST 2026-07-17 19:57:18.736   162  1329 W C02d10/UCollectUtil-CpuCalculator: CalculateCpuLoad: invalid num of max cpu load unit
CST 2026-07-17 19:57:18.736   162  1329 W C02d10/UCollectUtil-CpuCalculator: CalculateCpuLoad: invalid num of max cpu load unit
CST 2026-07-17 19:57:18.736   162  1329 W C02d10/UCollectUtil-CpuCalculator: CalculateCpuLoad: invalid num of max cpu load unit
CST 2026-07-17 19:57:18.736   162  1329 W C02d10/UCollectUtil-CpuCalculator: CalculateCpuLoad: invalid num of max cpu load unit
CST 2026-07-17 19:57:18.736   162  1329 W C02d10/UCollectUtil-CpuCalculator: CalculateCpuLoad: invalid num of max cpu load unit
CST 2026-07-17 19:57:18.736   162  1329 W C02d10/UCollectUtil-CpuCalculator: CalculateCpuLoad: invalid num of max cpu load unit
CST 2026-07-17 19:57:18.736   162  1329 W C02d10/UCollectUtil-CpuCalculator: CalculateCpuLoad: invalid num of max cpu load unit
CST 2026-07-17 19:57:18.736   162  1329 W C02d10/UCollectUtil-CpuCalculator: CalculateCpuLoad: invalid num of max cpu load unit
CST 2026-07-17 19:57:18.736   162  1329 W C02d10/UCollectUtil-CpuCalculator: CalculateCpuLoad: invalid num of max cpu load unit
CST 2026-07-17 19:57:18.736   162  1329 W C02d10/UCollectUtil-CpuCalculator: CalculateCpuLoad: invalid num of max cpu load unit
CST 2026-07-17 19:57:18.736   162  1329 W C02d10/UCollectUtil-CpuCalculator: CalculateCpuLoad: invalid num of max cpu load unit
CST 2026-07-17 19:57:18.736   162  1329 W C02d10/UCollectUtil-CpuCalculator: CalculateCpuLoad: invalid num of max cpu load unit
CST 2026-07-17 19:57:18.736   162  1329 W C02d10/UCollectUtil-CpuCalculator: CalculateCpuLoad: invalid num of max cpu load unit
CST 2026-07-17 19:57:18.736   162  1329 W C02d10/UCollectUtil-CpuCalculator: CalculateCpuLoad: invalid num of max cpu load unit
CST 2026-07-17 19:57:18.736   162  1329 W C02d10/UCollectUtil-CpuCalculator: CalculateCpuLoad: invalid num of max cpu load unit
CST 2026-07-17 19:57:18.736   162  1329 W C02d10/UCollectUtil-CpuCalculator: CalculateCpuLoad: invalid num of max cpu load unit
CST 2026-07-17 19:57:18.736   162  1329 W C02d10/UCollectUtil-CpuCalculator: CalculateCpuLoad: invalid num of max cpu load unit
CST 2026-07-17 19:57:18.736   162  1329 W C02d10/UCollectUtil-CpuCalculator: CalculateCpuLoad: invalid num of max cpu load unit
CST 2026-07-17 19:57:18.736   162  1329 W C02d10/UCollectUtil-CpuCalculator: CalculateCpuLoad: invalid num of max cpu load unit
CST 2026-07-17 19:57:18.736   162  1329 W C02d10/UCollectUtil-CpuCalculator: CalculateCpuLoad: invalid num of max cpu load unit
CST 2026-07-17 19:57:18.736   162  1329 W C02d10/UCollectUtil-CpuCalculator: CalculateCpuLoad: invalid num of max cpu load unit
CST 2026-07-17 19:57:18.736   162  1329 W C02d10/UCollectUtil-CpuCalculator: CalculateCpuLoad: invalid num of max cpu load unit
CST 2026-07-17 19:57:18.736   162  1329 W C02d10/UCollectUtil-CpuCalculator: CalculateCpuLoad: invalid num of max cpu load unit
CST 2026-07-17 19:57:18.736   162  1329 W C02d10/UCollectUtil-CpuCalculator: CalculateCpuLoad: invalid num of max cpu load unit
CST 2026-07-17 19:57:18.736   162  1329 W C02d10/UCollectUtil-CpuCalculator: CalculateCpuLoad: invalid num of max cpu load unit
CST 2026-07-17 19:57:18.736   162  1329 W C02d10/UCollectUtil-CpuCalculator: CalculateCpuLoad: invalid num of max cpu load unit
CST 2026-07-17 19:57:18.736   162  1329 W C02d10/UCollectUtil-CpuCalculator: CalculateCpuLoad: invalid num of max cpu load unit
CST 2026-07-17 19:57:18.736   162  1329 W C02d10/UCollectUtil-CpuCalculator: CalculateCpuLoad: invalid num of max cpu load unit
CST 2026-07-17 19:57:18.736   162  1329 W C02d10/UCollectUtil-CpuCalculator: CalculateCpuLoad: invalid num of max cpu load unit
CST 2026-07-17 19:57:18.736   162  1329 W C02d10/UCollectUtil-CpuCalculator: CalculateCpuLoad: invalid num of max cpu load unit
CST 2026-07-17 19:57:18.736   162  1329 W C02d10/UCollectUtil-CpuCalculator: CalculateCpuLoad: invalid num of max cpu load unit
CST 2026-07-17 19:57:18.736   162  1329 W C02d10/UCollectUtil-CpuCalculator: CalculateCpuLoad: invalid num of max cpu load unit
CST 2026-07-17 19:57:18.736   162  1329 W C02d10/UCollectUtil-CpuCalculator: CalculateCpuLoad: invalid num of max cpu load unit
CST 2026-07-17 19:57:18.736   162  1329 W C02d10/UCollectUtil-CpuCalculator: CalculateCpuLoad: invalid num of max cpu load unit
CST 2026-07-17 19:57:18.736   162  1329 W C02d10/UCollectUtil-CpuCalculator: CalculateCpuLoad: invalid num of max cpu load unit
CST 2026-07-17 19:57:18.736   162  1329 W C02d10/UCollectUtil-CpuCalculator: CalculateCpuLoad: invalid num of max cpu load unit
CST 2026-07-17 19:57:18.736   162  1329 W C02d10/UCollectUtil-CpuCalculator: CalculateCpuLoad: invalid num of max cpu load unit
CST 2026-07-17 19:57:18.736   162  1329 W C02d10/UCollectUtil-CpuCalculator: CalculateCpuLoad: invalid num of max cpu load unit
CST 2026-07-17 19:57:18.736   162  1329 W C02d10/UCollectUtil-CpuCalculator: CalculateCpuLoad: invalid num of max cpu load unit
CST 2026-07-17 19:57:18.736   162  1329 W C02d10/UCollectUtil-CpuCalculator: CalculateCpuLoad: invalid num of max cpu load unit
CST 2026-07-17 19:57:18.736   162  1329 W C02d10/UCollectUtil-CpuCalculator: CalculateCpuLoad: invalid num of max cpu load unit
CST 2026-07-17 19:57:18.736   162  1329 W C02d10/UCollectUtil-CpuCalculator: CalculateCpuLoad: invalid num of max cpu load unit
CST 2026-07-17 19:57:18.736   162  1329 W C02d10/UCollectUtil-CpuCalculator: CalculateCpuLoad: invalid num of max cpu load unit
CST 2026-07-17 19:57:18.736   162  1329 W C02d10/UCollectUtil-CpuCalculator: CalculateCpuLoad: invalid num of max cpu load unit
CST 2026-07-17 19:57:18.736   162  1329 W C02d10/UCollectUtil-CpuCalculator: CalculateCpuLoad: invalid num of max cpu load unit
CST 2026-07-17 19:57:18.736   162  1329 W C02d10/UCollectUtil-CpuCalculator: CalculateCpuLoad: invalid num of max cpu load unit
CST 2026-07-17 19:57:18.736   162  1329 W C02d10/UCollectUtil-CpuCalculator: CalculateCpuLoad: invalid num of max cpu load unit
CST 2026-07-17 19:57:18.736   162  1329 W C02d10/UCollectUtil-CpuCalculator: CalculateCpuLoad: invalid num of max cpu load unit
CST 2026-07-17 19:57:18.736   162  1329 W C02d10/UCollectUtil-CpuCalculator: CalculateCpuLoad: invalid num of max cpu load unit
CST 2026-07-17 19:57:18.736   162  1329 W C02d10/UCollectUtil-CpuCalculator: CalculateCpuLoad: invalid num of max cpu load unit
CST 2026-07-17 19:57:18.736   162  1329 W C02d10/UCollectUtil-CpuCalculator: CalculateCpuLoad: invalid num of max cpu load unit
CST 2026-07-17 19:57:18.736   162  1329 W C02d10/UCollectUtil-CpuCalculator: CalculateCpuLoad: invalid num of max cpu load unit
CST 2026-07-17 19:57:18.736   162  1329 W C02d10/UCollectUtil-CpuCalculator: CalculateCpuLoad: invalid num of max cpu load unit
CST 2026-07-17 19:57:18.736   162  1329 W C02d10/UCollectUtil-CpuCalculator: CalculateCpuLoad: invalid num of max cpu load unit
CST 2026-07-17 19:57:18.736   162  1329 W C02d10/UCollectUtil-CpuCalculator: CalculateCpuLoad: invalid num of max cpu load unit
CST 2026-07-17 19:57:18.736   162  1329 W C02d10/UCollectUtil-CpuCalculator: CalculateCpuLoad: invalid num of max cpu load unit
CST 2026-07-17 19:57:18.736   162  1329 W C02d10/UCollectUtil-CpuCalculator: CalculateCpuLoad: invalid num of max cpu load unit
CST 2026-07-17 19:57:18.736   162  1329 W C02d10/UCollectUtil-CpuCalculator: CalculateCpuLoad: invalid num of max cpu load unit
CST 2026-07-17 19:57:18.736   162  1329 W C02d10/UCollectUtil-CpuCalculator: CalculateCpuLoad: invalid num of max cpu load unit
CST 2026-07-17 19:57:18.736   162  1329 W C02d10/UCollectUtil-CpuCalculator: CalculateCpuLoad: invalid num of max cpu load unit
CST 2026-07-17 19:57:18.736   162  1329 W C02d10/UCollectUtil-CpuCalculator: CalculateCpuLoad: invalid num of max cpu load unit
CST 2026-07-17 19:57:18.736   162  1329 W C02d10/UCollectUtil-CpuCalculator: CalculateCpuLoad: invalid num of max cpu load unit
CST 2026-07-17 19:57:18.736   162  1329 W C02d10/UCollectUtil-CpuCalculator: CalculateCpuLoad: invalid num of max cpu load unit
CST 2026-07-17 19:57:18.736   162  1329 W C02d10/UCollectUtil-CpuCalculator: CalculateCpuLoad: invalid num of max cpu load unit
CST 2026-07-17 19:57:18.736   162  1329 W C02d10/UCollectUtil-CpuCalculator: CalculateCpuLoad: invalid num of max cpu load unit
CST 2026-07-17 19:57:18.736   162  1329 W C02d10/UCollectUtil-CpuCalculator: CalculateCpuLoad: invalid num of max cpu load unit
CST 2026-07-17 19:57:18.736   162  1329 W C02d10/UCollectUtil-CpuCalculator: CalculateCpuLoad: invalid num of max cpu load unit
CST 2026-07-17 19:57:18.736   162  1329 W C02d10/UCollectUtil-CpuCalculator: CalculateCpuLoad: invalid num of max cpu load unit
CST 2026-07-17 19:57:18.736   162  1329 W C02d10/UCollectUtil-CpuCalculator: CalculateCpuLoad: invalid num of max cpu load unit
CST 2026-07-17 19:57:18.736   162  1329 W C02d10/UCollectUtil-CpuCalculator: CalculateCpuLoad: invalid num of max cpu load unit
CST 2026-07-17 19:57:18.736   162  1329 W C02d10/UCollectUtil-CpuCalculator: CalculateCpuLoad: invalid num of max cpu load unit
CST 2026-07-17 19:57:18.736   162  1329 W C02d10/UCollectUtil-CpuCalculator: CalculateCpuLoad: invalid num of max cpu load unit
CST 2026-07-17 19:57:18.736   162  1329 W C02d10/UCollectUtil-CpuCalculator: CalculateCpuLoad: invalid num of max cpu load unit
CST 2026-07-17 19:57:18.736   162  1329 W C02d10/UCollectUtil-CpuCalculator: CalculateCpuLoad: invalid num of max cpu load unit
CST 2026-07-17 19:57:18.736   162  1329 W C02d10/UCollectUtil-CpuCalculator: CalculateCpuLoad: invalid num of max cpu load unit
CST 2026-07-17 19:57:18.736   162  1329 W C02d10/UCollectUtil-CpuCalculator: CalculateCpuLoad: invalid num of max cpu load unit
CST 2026-07-17 19:57:18.736   162  1329 W C02d10/UCollectUtil-CpuCalculator: CalculateCpuLoad: invalid num of max cpu load unit
CST 2026-07-17 19:57:18.736   162  1329 W C02d10/UCollectUtil-CpuCalculator: CalculateCpuLoad: invalid num of max cpu load unit
CST 2026-07-17 19:57:18.736   162  1329 W C02d10/UCollectUtil-CpuCalculator: CalculateCpuLoad: invalid num of max cpu load unit
CST 2026-07-17 19:57:18.736   162  1329 W C02d10/UCollectUtil-CpuCalculator: CalculateCpuLoad: invalid num of max cpu load unit
CST 2026-07-17 19:57:18.736   162  1329 W C02d10/UCollectUtil-CpuCalculator: CalculateCpuLoad: invalid num of max cpu load unit
CST 2026-07-17 19:57:18.736   162  1329 W C02d10/UCollectUtil-CpuCalculator: CalculateCpuLoad: invalid num of max cpu load unit
CST 2026-07-17 19:57:18.736   162  1329 W C02d10/UCollectUtil-CpuCalculator: CalculateCpuLoad: invalid num of max cpu load unit
CST 2026-07-17 19:57:18.736   162  1329 W C02d10/UCollectUtil-CpuCalculator: CalculateCpuLoad: invalid num of max cpu load unit
CST 2026-07-17 19:57:18.736   162  1329 W C02d10/UCollectUtil-CpuCalculator: CalculateCpuLoad: invalid num of max cpu load unit
CST 2026-07-17 19:57:18.736   162  1329 W C02d10/UCollectUtil-CpuCalculator: CalculateCpuLoad: invalid num of max cpu load unit
CST 2026-07-17 19:57:18.736   162  1329 W C02d10/UCollectUtil-CpuCalculator: CalculateCpuLoad: invalid num of max cpu load unit
CST 2026-07-17 19:57:18.736   162  1329 W C02d10/UCollectUtil-CpuCalculator: CalculateCpuLoad: invalid num of max cpu load unit
CST 2026-07-17 19:57:18.736   162  1329 W C02d10/UCollectUtil-CpuCalculator: CalculateCpuLoad: invalid num of max cpu load unit
CST 2026-07-17 19:57:18.736   162  1329 W C02d10/UCollectUtil-CpuCalculator: CalculateCpuLoad: invalid num of max cpu load unit
CST 2026-07-17 19:57:18.736   162  1329 W C02d10/UCollectUtil-CpuCalculator: CalculateCpuLoad: invalid num of max cpu load unit
CST 2026-07-17 19:57:18.736   162  1329 W C02d10/UCollectUtil-CpuCalculator: CalculateCpuLoad: invalid num of max cpu load unit
CST 2026-07-17 19:57:18.736   162  1329 W C02d10/UCollectUtil-CpuCalculator: CalculateCpuLoad: invalid num of max cpu load unit
CST 2026-07-17 19:57:18.736   162  1329 W C02d10/UCollectUtil-CpuCalculator: CalculateCpuLoad: invalid num of max cpu load unit
CST 2026-07-17 19:57:18.736   162  1329 W C02d10/UCollectUtil-CpuCalculator: CalculateCpuLoad: invalid num of max cpu load unit
CST 2026-07-17 19:57:18.736   162  1329 W C02d10/UCollectUtil-CpuCalculator: CalculateCpuLoad: invalid num of max cpu load unit
CST 2026-07-17 19:57:18.736   162  1329 W C02d10/UCollectUtil-CpuCalculator: CalculateCpuLoad: invalid num of max cpu load unit
CST 2026-07-17 19:57:18.736   162  1329 W C02d10/UCollectUtil-CpuCalculator: CalculateCpuLoad: invalid num of max cpu load unit
CST 2026-07-17 19:57:18.736   162  1329 W C02d10/UCollectUtil-CpuCalculator: CalculateCpuLoad: invalid num of max cpu load unit
CST 2026-07-17 19:57:18.736   162  1329 W C02d10/UCollectUtil-CpuCalculator: CalculateCpuLoad: invalid num of max cpu load unit
CST 2026-07-17 19:57:18.736   162  1329 W C02d10/UCollectUtil-CpuCalculator: CalculateCpuLoad: invalid num of max cpu load unit
CST 2026-07-17 19:57:18.736   162  1329 W C02d10/UCollectUtil-CpuCalculator: CalculateCpuLoad: invalid num of max cpu load unit
CST 2026-07-17 19:57:18.736   162  1329 W C02d10/UCollectUtil-CpuCalculator: CalculateCpuLoad: invalid num of max cpu load unit
CST 2026-07-17 19:57:18.736   162  1329 W C02d10/UCollectUtil-CpuCalculator: CalculateCpuLoad: invalid num of max cpu load unit
CST 2026-07-17 19:57:18.736   162  1329 W C02d10/UCollectUtil-CpuCalculator: CalculateCpuLoad: invalid num of max cpu load unit
CST 2026-07-17 19:57:18.736   162  1329 W C02d10/UCollectUtil-CpuCalculator: CalculateCpuLoad: invalid num of max cpu load unit
CST 2026-07-17 19:57:18.736   162  1329 W C02d10/UCollectUtil-CpuCalculator: CalculateCpuLoad: invalid num of max cpu load unit
CST 2026-07-17 19:57:18.736   162  1329 W C02d10/UCollectUtil-CpuCalculator: CalculateCpuLoad: invalid num of max cpu load unit
CST 2026-07-17 19:57:18.736   162  1329 W C02d10/UCollectUtil-CpuCalculator: CalculateCpuLoad: invalid num of max cpu load unit
CST 2026-07-17 19:57:18.736   162  1329 W C02d10/UCollectUtil-CpuCalculator: CalculateCpuLoad: invalid num of max cpu load unit
CST 2026-07-17 19:57:18.736   162  1329 W C02d10/UCollectUtil-CpuCalculator: CalculateCpuLoad: invalid num of max cpu load unit
CST 2026-07-17 19:57:18.736   162  1329 W C02d10/UCollectUtil-CpuCalculator: CalculateCpuLoad: invalid num of max cpu load unit
CST 2026-07-17 19:57:18.736   162  1329 W C02d10/UCollectUtil-CpuCalculator: CalculateCpuLoad: invalid num of max cpu load unit
CST 2026-07-17 19:57:18.736   162  1329 W C02d10/UCollectUtil-CpuCalculator: CalculateCpuLoad: invalid num of max cpu load unit
CST 2026-07-17 19:57:18.736   162  1329 W C02d10/UCollectUtil-CpuCalculator: CalculateCpuLoad: invalid num of max cpu load unit
CST 2026-07-17 19:57:18.736   162  1329 W C02d10/UCollectUtil-CpuCalculator: CalculateCpuLoad: invalid num of max cpu load unit
CST 2026-07-17 19:57:18.736   162  1329 W C02d10/UCollectUtil-CpuCalculator: CalculateCpuLoad: invalid num of max cpu load unit
CST 2026-07-17 19:57:18.736   162  1329 W C02d10/UCollectUtil-CpuCalculator: CalculateCpuLoad: invalid num of max cpu load unit
CST 2026-07-17 19:57:18.736   162  1329 W C02d10/UCollectUtil-CpuCalculator: CalculateCpuLoad: invalid num of max cpu load unit
CST 2026-07-17 19:57:18.736   162  1329 W C02d10/UCollectUtil-CpuCalculator: CalculateCpuLoad: invalid num of max cpu load unit
CST 2026-07-17 19:57:18.736   162  1329 W C02d10/UCollectUtil-CpuCalculator: CalculateCpuLoad: invalid num of max cpu load unit
CST 2026-07-17 19:57:18.736   162  1329 W C02d10/UCollectUtil-CpuCalculator: CalculateCpuLoad: invalid num of max cpu load unit
CST 2026-07-17 19:57:18.736   162  1329 W C02d10/UCollectUtil-CpuCalculator: CalculateCpuLoad: invalid num of max cpu load unit
CST 2026-07-17 19:57:18.736   162  1329 W C02d10/UCollectUtil-CpuCalculator: CalculateCpuLoad: invalid num of max cpu load unit
CST 2026-07-17 19:57:18.736   162  1329 W C02d10/UCollectUtil-CpuCalculator: CalculateCpuLoad: invalid num of max cpu load unit
CST 2026-07-17 19:57:18.736   162  1329 W C02d10/UCollectUtil-CpuCalculator: CalculateCpuLoad: invalid num of max cpu load unit
CST 2026-07-17 19:57:18.736   162  1329 W C02d10/UCollectUtil-CpuCalculator: CalculateCpuLoad: invalid num of max cpu load unit
CST 2026-07-17 19:57:18.736   162  1329 W C02d10/UCollectUtil-CpuCalculator: CalculateCpuLoad: invalid num of max cpu load unit
CST 2026-07-17 19:57:18.736   162  1329 W C02d10/UCollectUtil-CpuCalculator: CalculateCpuLoad: invalid num of max cpu load unit
CST 2026-07-17 19:57:18.736   162  1329 W C02d10/UCollectUtil-CpuCalculator: CalculateCpuLoad: invalid num of max cpu load unit
CST 2026-07-17 19:57:18.736   162  1329 W C02d10/UCollectUtil-CpuCalculator: CalculateCpuLoad: invalid num of max cpu load unit
CST 2026-07-17 19:57:18.736   162  1329 W C02d10/UCollectUtil-CpuCalculator: CalculateCpuLoad: invalid num of max cpu load unit
CST 2026-07-17 19:57:18.736   162  1329 W C02d10/UCollectUtil-CpuCalculator: CalculateCpuLoad: invalid num of max cpu load unit
CST 2026-07-17 19:57:18.736   162  1329 W C02d10/UCollectUtil-CpuCalculator: CalculateCpuLoad: invalid num of max cpu load unit
CST 2026-07-17 19:57:18.736   162  1329 W C02d10/UCollectUtil-CpuCalculator: CalculateCpuLoad: invalid num of max cpu load unit
CST 2026-07-17 19:57:18.736   162  1329 W C02d10/UCollectUtil-CpuCalculator: CalculateCpuLoad: invalid num of max cpu load unit
CST 2026-07-17 19:57:18.736   162  1329 W C02d10/UCollectUtil-CpuCalculator: CalculateCpuLoad: invalid num of max cpu load unit
CST 2026-07-17 19:57:18.736   162  1329 W C02d10/UCollectUtil-CpuCalculator: CalculateCpuLoad: invalid num of max cpu load unit
CST 2026-07-17 19:57:18.736   162  1329 W C02d10/UCollectUtil-CpuCalculator: CalculateCpuLoad: invalid num of max cpu load unit
CST 2026-07-17 19:57:18.736   162  1329 W C02d10/UCollectUtil-CpuCalculator: CalculateCpuLoad: invalid num of max cpu load unit
CST 2026-07-17 19:57:18.736   162  1329 W C02d10/UCollectUtil-CpuCalculator: CalculateCpuLoad: invalid num of max cpu load unit
CST 2026-07-17 19:57:18.736   162  1329 W C02d10/UCollectUtil-CpuCalculator: CalculateCpuLoad: invalid num of max cpu load unit
CST 2026-07-17 19:57:18.736   162  1329 W C02d10/UCollectUtil-CpuCalculator: CalculateCpuLoad: invalid num of max cpu load unit
CST 2026-07-17 19:57:18.736   162  1329 W C02d10/UCollectUtil-CpuCalculator: CalculateCpuLoad: invalid num of max cpu load unit
CST 2026-07-17 19:57:18.736   162  1329 W C02d10/UCollectUtil-CpuCalculator: CalculateCpuLoad: invalid num of max cpu load unit
CST 2026-07-17 19:57:18.736   162  1329 W C02d10/UCollectUtil-CpuCalculator: CalculateCpuLoad: invalid num of max cpu load unit
CST 2026-07-17 19:57:18.736   162  1329 W C02d10/UCollectUtil-CpuCalculator: CalculateCpuLoad: invalid num of max cpu load unit
CST 2026-07-17 19:57:18.736   162  1329 W C02d10/UCollectUtil-CpuCalculator: CalculateCpuLoad: invalid num of max cpu load unit
CST 2026-07-17 19:57:18.736   162  1329 W C02d10/UCollectUtil-CpuCalculator: CalculateCpuLoad: invalid num of max cpu load unit
CST 2026-07-17 19:57:18.736   162  1329 W C02d10/UCollectUtil-CpuCalculator: CalculateCpuLoad: invalid num of max cpu load unit
CST 2026-07-17 19:57:18.736   162  1329 W C02d10/UCollectUtil-CpuCalculator: CalculateCpuLoad: invalid num of max cpu load unit
CST 2026-07-17 19:57:18.736   162  1329 W C02d10/UCollectUtil-CpuCalculator: CalculateCpuLoad: invalid num of max cpu load unit
CST 2026-07-17 19:57:18.736   162  1329 W C02d10/UCollectUtil-CpuCalculator: CalculateCpuLoad: invalid num of max cpu load unit
CST 2026-07-17 19:57:18.736   162  1329 W C02d10/UCollectUtil-CpuCalculator: CalculateCpuLoad: invalid num of max cpu load unit
CST 2026-07-17 19:57:18.736   162  1329 W C02d10/UCollectUtil-CpuCalculator: CalculateCpuLoad: invalid num of max cpu load unit
CST 2026-07-17 19:57:18.736   162  1329 W C02d10/UCollectUtil-CpuCalculator: CalculateCpuLoad: invalid num of max cpu load unit
CST 2026-07-17 19:57:18.736   162  1329 W C02d10/UCollectUtil-CpuCalculator: CalculateCpuLoad: invalid num of max cpu load unit
CST 2026-07-17 19:57:18.736   162  1329 W C02d10/UCollectUtil-CpuCalculator: CalculateCpuLoad: invalid num of max cpu load unit
CST 2026-07-17 19:57:18.736   162  1329 W C02d10/UCollectUtil-CpuCalculator: CalculateCpuLoad: invalid num of max cpu load unit
CST 2026-07-17 19:57:18.737   162  1329 W C02d10/UCollectUtil-CpuCalculator: CalculateCpuLoad: invalid num of max cpu load unit
CST 2026-07-17 19:57:18.737   162  1329 W C02d10/UCollectUtil-CpuCalculator: CalculateCpuLoad: invalid num of max cpu load unit
CST 2026-07-17 19:57:18.737   162  1329 W C02d10/UCollectUtil-CpuCalculator: CalculateCpuLoad: invalid num of max cpu load unit
CST 2026-07-17 19:57:18.737   162  1329 W C02d10/UCollectUtil-CpuCalculator: CalculateCpuLoad: invalid num of max cpu load unit
CST 2026-07-17 19:57:18.737   162  1329 W C02d10/UCollectUtil-CpuCalculator: CalculateCpuLoad: invalid num of max cpu load unit
CST 2026-07-17 19:57:18.737   162  1329 W C02d10/UCollectUtil-CpuCalculator: CalculateCpuLoad: invalid num of max cpu load unit
CST 2026-07-17 19:57:18.737   162  1329 W C02d10/UCollectUtil-CpuCalculator: CalculateCpuLoad: invalid num of max cpu load unit
CST 2026-07-17 19:57:18.737   162  1329 W C02d10/UCollectUtil-CpuCalculator: CalculateCpuLoad: invalid num of max cpu load unit
CST 2026-07-17 19:57:18.737   162  1329 W C02d10/UCollectUtil-CpuCalculator: CalculateCpuLoad: invalid num of max cpu load unit
CST 2026-07-17 19:57:18.737   162  1329 W C02d10/UCollectUtil-CpuCalculator: CalculateCpuLoad: invalid num of max cpu load unit
CST 2026-07-17 19:57:18.737   162  1329 W C02d10/UCollectUtil-CpuCalculator: CalculateCpuLoad: invalid num of max cpu load unit
CST 2026-07-17 19:57:18.737   162  1329 W C02d10/UCollectUtil-CpuCalculator: CalculateCpuLoad: invalid num of max cpu load unit
CST 2026-07-17 19:57:18.737   162  1329 W C02d10/UCollectUtil-CpuCalculator: CalculateCpuLoad: invalid num of max cpu load unit
CST 2026-07-17 19:57:18.737   162  1329 W C02d10/UCollectUtil-CpuCalculator: CalculateCpuLoad: invalid num of max cpu load unit
CST 2026-07-17 19:57:18.737   162  1329 W C02d10/UCollectUtil-CpuCalculator: CalculateCpuLoad: invalid num of max cpu load unit
CST 2026-07-17 19:57:18.737   162  1329 W C02d10/UCollectUtil-CpuCalculator: CalculateCpuLoad: invalid num of max cpu load unit
CST 2026-07-17 19:57:18.737   162  1329 W C02d10/UCollectUtil-CpuCalculator: CalculateCpuLoad: invalid num of max cpu load unit
CST 2026-07-17 19:57:18.737   162  1329 W C02d10/UCollectUtil-CpuCalculator: CalculateCpuLoad: invalid num of max cpu load unit
CST 2026-07-17 19:57:18.737   162  1329 W C02d10/UCollectUtil-CpuCalculator: CalculateCpuLoad: invalid num of max cpu load unit
CST 2026-07-17 19:57:18.737   162  1329 W C02d10/UCollectUtil-CpuCalculator: CalculateCpuLoad: invalid num of max cpu load unit
CST 2026-07-17 19:57:18.737   162  1329 W C02d10/UCollectUtil-CpuCalculator: CalculateCpuLoad: invalid num of max cpu load unit
CST 2026-07-17 19:57:18.737   162  1329 W C02d10/UCollectUtil-CpuCalculator: CalculateCpuLoad: invalid num of max cpu load unit
CST 2026-07-17 19:57:18.737   162  1329 W C02d10/UCollectUtil-CpuCalculator: CalculateCpuLoad: invalid num of max cpu load unit
CST 2026-07-17 19:57:18.737   162  1329 W C02d10/UCollectUtil-CpuCalculator: CalculateCpuLoad: invalid num of max cpu load unit
CST 2026-07-17 19:57:18.737   162  1329 W C02d10/UCollectUtil-CpuCalculator: CalculateCpuLoad: invalid num of max cpu load unit
CST 2026-07-17 19:57:18.737   162  1329 W C02d10/UCollectUtil-CpuCalculator: CalculateCpuLoad: invalid num of max cpu load unit
CST 2026-07-17 19:57:18.737   162  1329 W C02d10/UCollectUtil-CpuCalculator: CalculateCpuLoad: invalid num of max cpu load unit
CST 2026-07-17 19:57:18.737   162  1329 W C02d10/UCollectUtil-CpuCalculator: CalculateCpuLoad: invalid num of max cpu load unit
CST 2026-07-17 19:57:18.737   162  1329 W C02d10/UCollectUtil-CpuCalculator: CalculateCpuLoad: invalid num of max cpu load unit
CST 2026-07-17 19:57:19.124  1522  1663 I C03f05/NAPI: taskpool:: A:3, R:0, I:3, O:0
CST 2026-07-17 19:57:19.124  1522  1665 I C03f05/NAPI: taskpool::Task PerformTask End: 1172145427, 17 19:56:51.130
CST 2026-07-17 19:57:19.125  1522  1665 I C03f05/NAPI: taskpool::Task PerformTask End: 1157557572, 17 19:56:51.130
CST 2026-07-17 19:57:19.125  1522  1665 I C03f05/NAPI: taskpool::Task PerformTask End: 1178923884, 17 19:56:54.897
CST 2026-07-17 19:57:19.125  1522  1665 I C03f05/NAPI: taskpool::Task PerformTask End: 4223774453, 17 19:56:54.920
CST 2026-07-17 19:57:19.125  1522  1665 I C03f05/NAPI: taskpool::Task PerformTask End: 1126842982, 17 19:56:55.050
CST 2026-07-17 19:57:19.125  1522  1665 I C03f05/NAPI: taskpool::Task PerformTask End: 1127047367, 17 19:57:10.937
CST 2026-07-17 19:57:19.125  1522  1665 I C03f05/NAPI: taskpool::Task PerformTask End: 1178924712, 17 19:57:13.580
CST 2026-07-17 19:57:19.125  1522  1665 I C03f05/NAPI: taskpool::Task PerformTask End: 1155070409, 17 19:57:13.829
CST 2026-07-17 19:57:19.125  1522  1665 I C03f05/NAPI: taskpool::Task PerformTask End: 1172145434, 17 19:57:13.830
CST 2026-07-17 19:57:19.141  1790  1834 I C0430a/file_monitor_service: [MainMissionStatus:197]CanExit
CST 2026-07-17 19:57:19.141  1790  1834 I C0430a/file_monitor_service: [MainMissionStatus:203]SecondaryScanner idle
CST 2026-07-17 19:57:19.154  2500  3014 E C02e00/UPDATE_SA: [hap_connection.cpp(50)]GetHapRemoteObject, remoteObj is nullptr, bundle com.huawei.hmos.ouc
CST 2026-07-17 19:57:19.154  2500  3014 I C01352/ExtMgr: [extension_manager_client.cpp134]name:com.huawei.hmos.ouc ServiceExtAbility, userId:-1.
CST 2026-07-17 19:57:19.154   770  1062 I C01342/ServiceExt: [ABMS5529]element: com.huawei.hmos.ouc/ServiceExtAbility
CST 2026-07-17 19:57:19.154   770  1062 W C01123/BMSCommon: bundle not exist -n com.huawei.hmos.ouc -u 100 -i 0 -f 0
CST 2026-07-17 19:57:19.154   770  1062 W C01336/AMS: [start_ability_utils.cpp76]failed: com.huawei.hmos.ouc
CST 2026-07-17 19:57:19.154   770  1062 W C01336/AMS: [crowd_test_interceptor.cpp54]GetAppInfo failed
CST 2026-07-17 19:57:19.154   770  1062 W C01120/BMS: app_control_manager.cpp:GetAppRunningControlRule:397 getAppId failed,-n:com.huawei.hmos.ouc
CST 2026-07-17 19:57:19.154   770  1062 W C01123/BMSCommon: uid(6666) invalid
CST 2026-07-17 19:57:19.155   770  1062 I C01336/AMS: [start_ability_utils.cpp54]appIndex:-1
CST 2026-07-17 19:57:19.155   770  1062 W C01123/BMSCommon: bundle not exist -n com.huawei.hmos.ouc -u 100 -i 0 -f 1062
CST 2026-07-17 19:57:19.155   770  1062 I C01121/BMSQuery: ExplicitQueryAbility no match -n com.huawei.hmos.ouc -a ServiceExtAbility -u 100 -i 0
CST 2026-07-17 19:57:19.155   770  1062 W C01120/BMS: query abilitys_ext code 8521480
CST 2026-07-17 19:57:19.155   770  1062 W C01123/BMSCommon: bundle not exist -n com.huawei.hmos.ouc -u 100 -i 0 -f 1062
CST 2026-07-17 19:57:19.155   770  1062 W C01121/BMSQuery: bundle_data_mgr.cpp:ExplicitQueryExtensionInfo:7239 ExplicitQueryExtensionInfo failed
CST 2026-07-17 19:57:19.155   770  1062 I C01121/BMSQuery: ExplicitQueryExtension size:0 -n com.huawei.hmos.ouc -e ServiceExtAbility -u 100 -i 0
CST 2026-07-17 19:57:19.155   770  1062 W C01121/BMSQuery: bundle_data_mgr.cpp:GetCloneAppIndexes:2463 no bundleName com.huawei.hmos.ouc found
CST 2026-07-17 19:57:19.155   770  1062 W C01121/BMSQuery: bundle_mgr_host_impl.cpp:QueryExtensionAbilityInfos:3425 no valid extension info can be inquired
CST 2026-07-17 19:57:19.155   770  1062 E C01336/AMS: [start_ability_utils.cpp290]extensionInfo empty
CST 2026-07-17 19:57:19.155   770  1062 E C01342/ServiceExt: [ABMS5868]generate request error
CST 2026-07-17 19:57:19.155  2500  3014 E C02e00/UPDATE_SA: [hap_connection.cpp(82)]HapConnection call interface failed, ret 2097152
CST 2026-07-17 19:57:19.155  2500  3014 E C02e00/UPDATE_SA: [ouc_hap_connection.cpp(72)]SendRemoteRequest, can not connect to ouc
CST 2026-07-17 19:57:19.155  2500  3014 E C02e00/UPDATE_SA: [ouc_hap_connection.cpp(279)]SendMessage request failed, code: 5
CST 2026-07-17 19:57:19.173   251   516 I C02802/InputActiveSubscriberHandler: [|317]0|10000|697
CST 2026-07-17 19:57:19.185   697  1723 I C02986/DisplayPowerBrightness: lux=[0/83317, 0/83463, 0/83608, 0/83754, 0/83899, 0/84045, ], bDelta=5.000000, dDelta=1.000000, size=57
CST 2026-07-17 19:57:19.190  1598  1629 I C05a04/AppStateObserver: [PostDelayUnloadTask:747]you will delay 0 task for 60s
CST 2026-07-17 19:57:19.223   163   583 E C02510/devsvc_manager_stub: StubGetService service hmi_service not found
CST 2026-07-17 19:57:19.223   162   716 E C02510/hdi_servmgr_client: get hdi service hmi_service failed, -1
CST 2026-07-17 19:57:19.223   162   716 E C02510/hmi_interface_proxy: Get:get remote object failed!
CST 2026-07-17 19:57:19.223   162   716 I C02d19/CHR_SERVICE: [HmiClient][modem_log_client]GetService: hmiInterface is nullptr.
CST 2026-07-17 19:57:19.223   162   716 I C02d19/CHR_SERVICE: [HmiClient][modem_log_client]TryGetServiceDelayed: retryCount=17, delayed=4000.
CST 2026-07-17 19:57:19.332  1522  1522 W A01c06/ICON: AppIconWeatherModel --> initWeatherListener, retryTimes: 4
CST 2026-07-17 19:57:19.339   468  1324 E C01707/CONCUR: [Interface] task 1324 apply qos failed, errno = 4
CST 2026-07-17 19:57:19.339   468  1324 E C01611/QosManager: QosManager: Failed to set thread QoS to QOS_USER_INTERACTIVE, ret: -1
CST 2026-07-17 19:57:19.340   770  1062 W C01123/BMSCommon: bundle not exist -n com.huawei.hmsapp.totemweather -u 100 -i 0 -f 32
CST 2026-07-17 19:57:19.340   770  1062 W C01121/BMSQuery: GetBundleInfo failed -n com.huawei.hmsapp.totemweather -u 100
CST 2026-07-17 19:57:19.340   468  1324 E C01651/BundleMgrProxy: GetBundleInfoFromBMS: GetBundleInfo failed!bundleName is com.huawei.hmsapp.totemweather, userId is 100
CST 2026-07-17 19:57:19.340   468  1324 E C01651/DataProviderConfig: GetFromProxyData: Get bundleInfo failed! bundleName:com.huawei.hmsapp.totemweather, userId:100, visitedId:100, uri:******icIconInfo
CST 2026-07-17 19:57:19.340   468  1324 E C01651/DataShareServiceImpl: GetBMSAndMetaDataStatus: CalledInfo failed! token:0x20087fab,ret:1001,uri:******icIconInfo
CST 2026-07-17 19:57:19.340   468  1324 E C01651/DataShareServiceImpl: GetSilentProxyStatus: BMS or metaData not ready to complete, token:0x20087fab, uri:******icIconInfo
CST 2026-07-17 19:57:19.340  1522  1522 E A01c06/ICON: AppIconWeatherModel --> get weather info failed, code: 15700010, message: The DataShareHelper is not initialized successfully.
CST 2026-07-17 19:57:19.780   305   551 E C01720/SmartGC: [a92abf189e442ac] [ExitGCPauseSceneInner]ExitGCPauseSceneInner 83139 84640
CST 2026-07-17 19:57:19.864   640   674 I C05780/LnnInit: LnnModuleInitRetryCallback# module(0) is retrying.
CST 2026-07-17 19:57:19.864   640   674 E C05780/LnnInit: LnnModuleInitRetryCallback# Module(0) retry to max times() 
CST 2026-07-17 19:57:19.866   640   674 I C05787/LnnState: IsActiveOsAccountUnlocked# account verified status=1, accountId=100
CST 2026-07-17 19:57:19.866   640   674 I C05783/LnnBuilder: LnnIsAutoNetWorkingEnabled# wifi condition state:config=1, background=0, nightMode=0, OOBEEnd=1, unlock=1, init check=1, DeviceRisk=0
CST 2026-07-17 19:57:19.867   640   674 I C05783/LnnBuilder: RestartCoapDiscovery# open previous discovery again
CST 2026-07-17 19:57:19.867   640   674 I C057a1/DiscControl: DiscLinkStatusChanged# link status changed, status=0, medium=2, ifnameIdx=0
CST 2026-07-17 19:57:19.868   640   674 I C05782/LnnLedger: LlGetWlanIp# get LocalIp=10.0.2.**
CST 2026-07-17 19:57:19.869   640   674 I C057a5/DiscCoap: DiscCoapUpdateLocalIp# register ifname=eth0. status=up, port=42631, accountInfo=without
CST 2026-07-17 19:57:19.869   640   674 I C057ff/nStackXDFinder: NSTACKX_RegisterDeviceV2:[1400] :NSTACKX_RegisterDeviceV2 begin!
CST 2026-07-17 19:57:19.869   640  1825 I C057ff/LOCALDEVICE: LocalIfaceChangeState:[178] :iface eth0 state change: 0 -> 1
CST 2026-07-17 19:57:19.869   640  1825 W C057ff/LOCALDEVICE: CopyDeviceInfoV2:[510] :try to register invalid device name, will use default: nStack Device
CST 2026-07-17 19:57:19.869   640  1825 I C057ff/LOCALDEVICE: AddLocalIface:[341] :iface eth0 is in destroying, now make it in ready state
CST 2026-07-17 19:57:19.869   640  1825 I C057ff/LOCALDEVICE: LocalIfaceChangeState:[178] :iface eth0 state change: 1 -> 0
CST 2026-07-17 19:57:19.869   640   674 I C057a5/DiscCoap: DiscCoapUpdateDevName# register new local device name. localDevName=e****tor
CST 2026-07-17 19:57:19.869   640   674 I C057ff/nStackXDFinder: NSTACKX_ThreadInit:[393] :nstack begin init thread
CST 2026-07-17 19:57:19.869   640   674 I C057ff/nStackXDFinder: NSTACKX_ThreadInit:[396] :nstack init thread done
CST 2026-07-17 19:57:19.870   640   674 I C057a1/DiscControl: CallInterfaceByMedium# disc deal event, medium=2, mode=85, type=1
CST 2026-07-17 19:57:19.870   640   674 E C00f00/CommTest: DiscCheckFuncPointer# func not register.
CST 2026-07-17 19:57:19.870   640   674 E C00f00/CommTest: DiscCheckFuncPointer# func not register.
CST 2026-07-17 19:57:19.870   640   674 I C05782/LnnLedger: LlGetWlanIp# get LocalIp=10.0.2.**
CST 2026-07-17 19:57:19.870   640   674 I C057ff/nStackXDFinder: NSTACKX_RegisterServiceDataV2:[1635] :begin to call NSTACKX_RegisterServiceDataV2
CST 2026-07-17 19:57:19.870   640   674 I C057a5/DiscCoap: UnPublish# coap unPublish succ, isActive=passive, allCap=128
CST 2026-07-17 19:57:19.870   640   674 I C057a1/DiscControl: CallInterfaceByMedium# disc deal event, medium=2, mode=85, type=0
CST 2026-07-17 19:57:19.870   640   674 E C00f00/CommTest: DiscCheckFuncPointer# func not register.
CST 2026-07-17 19:57:19.870   640   674 I C05782/LnnLedger: LlGetWlanIp# get LocalIp=10.0.2.**
CST 2026-07-17 19:57:19.870   640   674 I C057ff/nStackXDFinder: NSTACKX_RegisterServiceDataV2:[1635] :begin to call NSTACKX_RegisterServiceDataV2
CST 2026-07-17 19:57:19.871   640   674 E C00f00/CommTest: DiscCheckFuncPointer# func not register.
CST 2026-07-17 19:57:19.871   640   674 I C057ff/nStackXDFinder: NSTACKX_RegisterBusinessData:[1717] :begin to call NSTACKX_RegisterBusinessData
CST 2026-07-17 19:57:19.871   640   674 E C00f00/CommTest: DiscCheckFuncPointer# func not register.
CST 2026-07-17 19:57:19.871   640  1825 I C057ff/nStackXDFinder: RegisterBusinessDataInner:[1707] :Register Business Data Inner
CST 2026-07-17 19:57:19.871   640   674 I C057a5/DiscCoap: DiscCoapRegisterCapabilityData# the capability not support yet. capability=64
CST 2026-07-17 19:57:19.871   640   674 E C00f00/CommTest: DiscCheckFuncPointer# func not register.
CST 2026-07-17 19:57:19.871   640   674 I C057a5/DiscCoap: Publish# coap publish succ, isActive=passive, allCap=192 
CST 2026-07-17 19:57:19.871   640   674 I C057a1/DiscControl: CallInterfaceByMedium# disc deal event, medium=2, mode=170, type=3
CST 2026-07-17 19:57:19.871   640   674 E C00f00/CommTest: DiscCheckFuncPointer# func not register.
CST 2026-07-17 19:57:19.871   640   674 I C057ff/nStackXDFinder: NSTACKX_SetFilterCapability:[1492] :Set Filter Capability
CST 2026-07-17 19:57:19.871   640   674 I C057a5/DiscCoap: StopDisc# coap stop discovery succ, isActive=active, filters=0
CST 2026-07-17 19:57:19.871   640  1825 I C057ff/nStackXCoAP: CoapServiceDiscoverStopInner:[951] :device discover inner stopped
CST 2026-07-17 19:57:19.871   640   674 E C00f00/CommTest: LnnCheckFuncPointer# func not register.
CST 2026-07-17 19:57:19.871   640   674 I C057a1/DiscControl: CallInterfaceByMedium# disc deal event, medium=2, mode=170, type=2
CST 2026-07-17 19:57:19.871   640   674 E C00f00/CommTest: DiscCheckFuncPointer# func not register.
CST 2026-07-17 19:57:19.871   640   674 I C057ff/nStackXDFinder: NSTACKX_SetFilterCapability:[1492] :Set Filter Capability
CST 2026-07-17 19:57:19.872   640   674 E C00f00/CommTest: DiscCheckFuncPointer# func not register.
CST 2026-07-17 19:57:19.872   640   674 I C057a5/DiscCoap: DiscCoapRegisterCapabilityData# the capability not support yet. capability=64
CST 2026-07-17 19:57:19.872   640   674 E C00f00/CommTest: DiscCheckFuncPointer# func not register.
CST 2026-07-17 19:57:19.872   640   674 I C057ff/nStackXDFinder: NSTACKX_StartDeviceDiscovery:[730] :begin to NSTACKX_StartDeviceDiscovery!
CST 2026-07-17 19:57:19.872   640  1825 I C057ff/nStackXCoAP: CoapServiceDiscoverStopInner:[951] :device discover inner stopped
CST 2026-07-17 19:57:19.872   640   674 I C057a5/DiscCoap: Discovery# coap start active discovery succ, filters=64
CST 2026-07-17 19:57:19.872   640  1825 I C057ff/nStackXDFinder: IncreaseBcastSequenceNumber:[486] :config bcast seq number 3
CST 2026-07-17 19:57:19.872   640  1825 W C057ff/nStackXCoAP: CoapServiceDiscoverInnerConfigurable:[940] :clear device list when discovery configurable
CST 2026-07-17 19:57:19.872   640   674 I C05781/LnnHeartBeat: HbEnableDiscovery# Enable ble discovery.
CST 2026-07-17 19:57:19.873   640   674 E C00101/bt_fwk_host: (GetBluetoothState:812)proxy is nullptr
CST 2026-07-17 19:57:19.873   640  1825 I C057ff/nStackXCoAP: CoapServiceDiscoverFirstTime:[847] :first time for device discover.
CST 2026-07-17 19:57:19.874   640   674 I C05787/LnnState: GetOsAccountId# uid=ohos*********Name, len=17
CST 2026-07-17 19:57:19.874   640   674 E C05787/LnnState: LnnGetOhosAccountInfo# get osAccountId fail
CST 2026-07-17 19:57:19.874   640   674 E C05787/LnnState: LnnJudgeDeviceTypeAndGetOsAccountInfo# GetOhosAccountInfo get invalid param
CST 2026-07-17 19:57:19.874   640   674 W C05787/LnnState: LnnUpdateOhosAccount# OnAccountChanged get account account hash fail
CST 2026-07-17 19:57:19.874   640   674 W C05787/LnnState: LnnUpdateOhosAccount# accountHash not changed, accountHash=[5F, EC]
CST 2026-07-17 19:57:19.874   640   674 I C05787/LnnState: IsActiveOsAccountUnlocked# account verified status=1, accountId=100
CST 2026-07-17 19:57:19.875   640   674 I C05722/AuthConn: AuthHasTrustedRelation# auth get trusted relation num=0
CST 2026-07-17 19:57:19.875   640   674 I C05781/LnnHeartBeat: HbConditionChanged# ctrl ignore same enable request, isEnable=0
CST 2026-07-17 19:57:19.875   640   674 I C05780/LnnInit: LnnRestartNetwork# Module monitors and changes heartbeat (HB) conditions, and restarts CoAP discovery.
CST 2026-07-17 19:57:20.000   441   449 W C01c42/TimeService: uid:1096 id:1682169951 wk:0
CST 2026-07-17 19:57:20.000   441   449 W C01c42/TimeService: id:1682169951 we:89859
CST 2026-07-17 19:57:20.000   441   449 W C01c42/TimeService: t3 89859
CST 2026-07-17 19:57:20.073   163   583 E C02510/devsvc_manager_stub: StubGetService service ril_ext not found
CST 2026-07-17 19:57:20.073   162   715 E C02510/hdi_servmgr_client: get hdi service ril_ext failed, -1
CST 2026-07-17 19:57:20.073   162   715 I C02d19/CHR_SERVICE: RilRadioRadarTunnel, ConnectRilAdapterService chrRadio_ is nullptr!
CST 2026-07-17 19:57:20.141  2326  2326 I C02500/Qemud: Guest heartbeat success.
CST 2026-07-17 19:57:20.141  1790  1834 I C0430a/file_monitor_service: [MainMissionStatus:197]CanExit
CST 2026-07-17 19:57:20.141  1790  1834 I C0430a/file_monitor_service: [MainMissionStatus:203]SecondaryScanner idle
CST 2026-07-17 19:57:20.149   162  1096 E C02d66/XPerf: [InquiryOhImpl::ExtractStringValue] Canonical FilePath: /sys/class/ithermal/lpm/lpm_freq failed.
CST 2026-07-17 19:57:20.149   162  1096 E C02d66/XPerf: [InquiryOhImpl::ExtractStringValue] Canonical FilePath: /sys/class/power_supply/Battery/status failed.
CST 2026-07-17 19:57:20.152   163   583 E C02510/devsvc_manager_stub: StubGetService service hmi_service not found
CST 2026-07-17 19:57:20.152   162   715 E C02510/hdi_servmgr_client: get hdi service hmi_service failed, -1
CST 2026-07-17 19:57:20.152   162   715 E C02510/hmi_interface_proxy: Get:get remote object failed!
CST 2026-07-17 19:57:20.152   162   715 I C02d19/CHR_SERVICE: [HmiClient][chr_client]GetService: hmiInterface is nullptr.
CST 2026-07-17 19:57:20.152   162   715 I C02d19/CHR_SERVICE: [HmiClient][chr_client]TryGetServiceDelayed: retryCount=17, delayed=4000.
CST 2026-07-17 19:57:20.155  2500  3014 E C02e00/UPDATE_SA: [hap_connection.cpp(50)]GetHapRemoteObject, remoteObj is nullptr, bundle com.huawei.hmos.ouc
CST 2026-07-17 19:57:20.155  2500  3014 I C01352/ExtMgr: [extension_manager_client.cpp134]name:com.huawei.hmos.ouc ServiceExtAbility, userId:-1.
CST 2026-07-17 19:57:20.156   770  1062 I C01342/ServiceExt: [ABMS5529]element: com.huawei.hmos.ouc/ServiceExtAbility
CST 2026-07-17 19:57:20.156   770  1062 W C01123/BMSCommon: bundle not exist -n com.huawei.hmos.ouc -u 100 -i 0 -f 0
CST 2026-07-17 19:57:20.156   770  1062 W C01336/AMS: [start_ability_utils.cpp76]failed: com.huawei.hmos.ouc
CST 2026-07-17 19:57:20.156   770  1062 W C01336/AMS: [crowd_test_interceptor.cpp54]GetAppInfo failed
CST 2026-07-17 19:57:20.156   770  1062 W C01120/BMS: app_control_manager.cpp:GetAppRunningControlRule:397 getAppId failed,-n:com.huawei.hmos.ouc
CST 2026-07-17 19:57:20.156   770  1062 W C01123/BMSCommon: uid(6666) invalid
CST 2026-07-17 19:57:20.156   770  1062 I C01336/AMS: [start_ability_utils.cpp54]appIndex:-1
CST 2026-07-17 19:57:20.157   770  1062 W C01123/BMSCommon: bundle not exist -n com.huawei.hmos.ouc -u 100 -i 0 -f 1062
CST 2026-07-17 19:57:20.157   770  1062 I C01121/BMSQuery: ExplicitQueryAbility no match -n com.huawei.hmos.ouc -a ServiceExtAbility -u 100 -i 0
CST 2026-07-17 19:57:20.157   770  1062 W C01120/BMS: query abilitys_ext code 8521480
CST 2026-07-17 19:57:20.157   770  1062 W C01123/BMSCommon: bundle not exist -n com.huawei.hmos.ouc -u 100 -i 0 -f 1062
CST 2026-07-17 19:57:20.157   770  1062 W C01121/BMSQuery: bundle_data_mgr.cpp:ExplicitQueryExtensionInfo:7239 ExplicitQueryExtensionInfo failed
CST 2026-07-17 19:57:20.157   770  1062 I C01121/BMSQuery: ExplicitQueryExtension size:0 -n com.huawei.hmos.ouc -e ServiceExtAbility -u 100 -i 0
CST 2026-07-17 19:57:20.157   770  1062 W C01121/BMSQuery: bundle_data_mgr.cpp:GetCloneAppIndexes:2463 no bundleName com.huawei.hmos.ouc found
CST 2026-07-17 19:57:20.157   770  1062 W C01121/BMSQuery: bundle_mgr_host_impl.cpp:QueryExtensionAbilityInfos:3425 no valid extension info can be inquired
CST 2026-07-17 19:57:20.157   770  1062 E C01336/AMS: [start_ability_utils.cpp290]extensionInfo empty
CST 2026-07-17 19:57:20.157   770  1062 E C01342/ServiceExt: [ABMS5868]generate request error
CST 2026-07-17 19:57:20.157  2500  3014 E C02e00/UPDATE_SA: [hap_connection.cpp(82)]HapConnection call interface failed, ret 2097152
CST 2026-07-17 19:57:20.157  2500  3014 E C02e00/UPDATE_SA: [ouc_hap_connection.cpp(72)]SendRemoteRequest, can not connect to ouc
CST 2026-07-17 19:57:20.175   305   368 I C01727/SceneRecognizeExt: [a92abd189e2aa84] [ReportExitUserInteractionSceneInner]report exit user interaction scene
CST 2026-07-17 19:57:20.251  1787  1863 I C0430c/FILE_MANAGER_SERVICE: [BackupAllRdb] start backup all rdb
CST 2026-07-17 19:57:20.251  1787  1863 I C0430c/FILE_MANAGER_SERVICE: rdb mtime : 1784289381, backup rdb mtime : 1784288512
CST 2026-07-17 19:57:20.251  1787  1863 W C0430c/FILE_MANAGER_SERVICE: [BackupAllRdb] Backup condition not satisfied, uid:100
CST 2026-07-17 19:57:20.252   143   143 I C01800/SAMGR: Scheduler SA:66016 unload start 1787,0_1_2
CST 2026-07-17 19:57:20.252   143   143 I C01800/SAMGR: Scheduler SA:66016 proc delay unload event
CST 2026-07-17 19:57:20.252   143   143 I C01800/SAMGR: IdleSA:66016
CST 2026-07-17 19:57:20.253  1787  1863 I C01810/SAFWK: Idle-SA:66016
CST 2026-07-17 19:57:20.253  1787  1863 I C0430c/FILE_MANAGER_SERVICE: [OnIdle] OnIdle begin:unload
CST 2026-07-17 19:57:20.253  1787  1863 I C0430c/FILE_MANAGER_SERVICE: [Init] EventManager initialized
CST 2026-07-17 19:57:20.254   138   142 I C04300/StorageManager: [GetAllVolumes:747] StorageManagerProvider::GetAllVolumes start
CST 2026-07-17 19:57:20.254   138   142 I C04300/StorageManager: [GetAllVolumes:749] StorageManagerProvider::GetAllVolumes end, size:0
CST 2026-07-17 19:57:20.254  1787  1863 I C0430c/FILE_MANAGER_SERVICE: [CloseRdbStore] CloseRdbStore enter
CST 2026-07-17 19:57:20.254  1787  1863 I C0430c/FILE_MANAGER_SERVICE: [CloseAllRdbStore] Finish closing rdb store
CST 2026-07-17 19:57:20.254  1787  1863 I C0430c/FILE_MANAGER_SERVICE: OnIdle end
CST 2026-07-17 19:57:20.254  1787  1863 I C01810/SAFWK: OnIdle-SA:66016 end,spend:1ms
CST 2026-07-17 19:57:20.254  1787  1863 I C01810/SAFWK: IdleSaInner suc to Idle SA:66016,delayTime:0,spend:2ms
CST 2026-07-17 19:57:20.254   143   143 I C01800/SAMGR: Scheduler SA:66016 agree unload
CST 2026-07-17 19:57:20.254   143   143 I C01800/SAMGR: Scheduler SA:66016 unloadable
CST 2026-07-17 19:57:20.254   143   158 I C01800/SAMGR: Scheduler proc:file_manager_service unload all SA
CST 2026-07-17 19:57:20.254   143   158 I C01800/SAMGR: Scheduler SA:66016 unload start
CST 2026-07-17 19:57:20.255   143   158 I C01800/SAMGR: StopSA:66016
CST 2026-07-17 19:57:20.255  1787  1852 I C01810/SAFWK: StopSa recv stop SA:66016 req
CST 2026-07-17 19:57:20.255   143   158 I C01800/SAMGR: Scheduler SA:66016 unloading
CST 2026-07-17 19:57:20.255   143   158 I C01800/SAMGR: Scheduler proc:file_manager_service state 1 to 2
CST 2026-07-17 19:57:20.255  1787  1852 I C01810/SAFWK: StopSaInner suc to stop SA:66016,eventLen:57,spend:0ms
CST 2026-07-17 19:57:20.255   143   158 I C01800/SAMGR: Scheduler proc:file_manager_service stopping
CST 2026-07-17 19:57:20.255  1787  3460 I C01810/SAFWK: Stop-SA:66016
CST 2026-07-17 19:57:20.255  1787  3460 I C0430c/FILE_MANAGER_SERVICE: OnStop begin
CST 2026-07-17 19:57:20.255  1787  3460 I C0430c/FILE_MANAGER_SERVICE: OnStop end
CST 2026-07-17 19:57:20.255  1787  3460 I C01810/SAFWK: Stop OnStop-SA:66016 finished,spend:0ms
CST 2026-07-17 19:57:20.257   143   143 I C01800/SAMGR: rm SA:66016_140
CST 2026-07-17 19:57:20.257   143   143 I C01800/SAMGR: Scheduler SA:66016 handle unload suc event
CST 2026-07-17 19:57:20.257   143   143 I C01800/SAMGR: Scheduler SA:66016 not loaded
CST 2026-07-17 19:57:20.257   143   156 I C01800/SAMGR: FindSaNotify SA:66016,4_107
CST 2026-07-17 19:57:20.257   143   157 I C01800/SAMGR: Scheduler proc:file_manager_service,SA num:1,notloaded num:1
CST 2026-07-17 19:57:20.257  1787  3460 I C01810/SAFWK: Stop suc to rm SA:66016,spend:2ms
CST 2026-07-17 19:57:20.267   143   143 I C057c2/IPCObjectProxy: hd:468 ct:1 D:*.accessToken
CST 2026-07-17 19:57:20.267   143   151 I C057c2/IPCObjectProxy: hd:470 ct:1 D:*.ISystemAbilityStatusChange
CST 2026-07-17 19:57:20.267   143   143 I C01800/SAMGR: rm DeadProc:file_manager_service,71
CST 2026-07-17 19:57:20.267   770   782 I C057c2/IPCObjectProxy: hd:398 ct:1 D:
CST 2026-07-17 19:57:20.267   770  1062 I C057c2/IPCObjectProxy: hd:364 ct:1 D:
CST 2026-07-17 19:57:20.267   770   782 I C01202/Subscriber: Unsubscribe 1787_1006_-1_292_26381
CST 2026-07-17 19:57:20.267   143   151 I C01800/SAMGR: rm SAListener 1787,129
CST 2026-07-17 19:57:20.267   146   192 I C057c2/IPCObjectProxy: hd:24 ct:1 D:*.IWatcher
CST 2026-07-17 19:57:20.268   146   192 I C02c03/PARAM_WATCHER: [watcher_manager.cpp:516]Agent died 24 1787
CST 2026-07-17 19:57:20.268   146   192 I C02c03/PARAM_WATCHER: [watcher_manager.cpp:702]Delete param watcher remoteWatcherId 24 group 5
CST 2026-07-17 19:57:20.268   770  1062 I C01202/Subscriber: Unsubscribe 1787_1006_-1_293_26382
CST 2026-07-17 19:57:20.268   143   151 I C057c2/IPCObjectProxy: hd:472 ct:1 D:*.ISystemAbilityStatusChange
CST 2026-07-17 19:57:20.268   143   151 I C01800/SAMGR: rm SAListener 1787,65
CST 2026-07-17 19:57:20.268   777  1986 I C057c2/IPCObjectProxy: hd:16 ct:1 D:
CST 2026-07-17 19:57:20.268   143   193 I C057c2/IPCObjectProxy: hd:471 ct:1 D:*.ISystemAbilityStatusChange
CST 2026-07-17 19:57:20.268   777  1986 I C01b00/AccountMgrService: [OnRemoteDied@os_account_subscribe_death_recipient.cpp:25] enter
CST 2026-07-17 19:57:20.268   777  1986 I C01b00/AccountMgrService: [RemoveSubscribeRecord@os_account_subscribe_manager.cpp:201] UnsubscribeOsAccount eventListener.
CST 2026-07-17 19:57:20.268   777  1986 I C01b00/AccountMgrService: [OnRemoteDied@os_account_subscribe_death_recipient.cpp:39] End
CST 2026-07-17 19:57:20.268   143   193 I C01800/SAMGR: rm SAListener 1787,128
CST 2026-07-17 19:57:20.272   143   157 I C02c02/PARAM: SystemSetParameter name ohos.ctl.stop id:70 ret:0
CST 2026-07-17 19:57:20.280   143   157 I C01800/SAMGR: Scheduler proc:file_manager_service kill pid:1787,1006_0_15ms
CST 2026-07-17 19:57:20.280   143   143 I C01800/SAMGR: Scheduler proc:file_manager_service handle stopped event
CST 2026-07-17 19:57:20.280   143   143 I C01800/SAMGR: Scheduler proc:file_manager_service state 2 to 0
CST 2026-07-17 19:57:20.280   143   143 I C01800/SAMGR: Scheduler proc:file_manager_service stopped
CST 2026-07-17 19:57:20.280   143   143 I C01800/SAMGR: remove onDemandSA. proc:file_manager_service, size:26
CST 2026-07-17 19:57:20.280   143   143 I C01800/SAMGR: Scheduler SA:66016 state current 0 is same as next 0
CST 2026-07-17 19:57:20.280   305   541 I C01810/SA_CLIENT: onProcStop,pid:1787
CST 2026-07-17 19:57:20.341  1522  1522 W A01c06/ICON: AppIconWeatherModel --> initWeatherListener, retryTimes: 4
CST 2026-07-17 19:57:20.360   468  1324 E C01707/CONCUR: [Interface] task 1324 apply qos failed, errno = 4
CST 2026-07-17 19:57:20.360   468  1324 E C01611/QosManager: QosManager: Failed to set thread QoS to QOS_USER_INTERACTIVE, ret: -1
CST 2026-07-17 19:57:20.360   770  1062 W C01123/BMSCommon: bundle not exist -n com.huawei.hmsapp.totemweather -u 100 -i 0 -f 32
CST 2026-07-17 19:57:20.360   770  1062 W C01121/BMSQuery: GetBundleInfo failed -n com.huawei.hmsapp.totemweather -u 100
CST 2026-07-17 19:57:20.360   468  1324 E C01651/BundleMgrProxy: GetBundleInfoFromBMS: GetBundleInfo failed!bundleName is com.huawei.hmsapp.totemweather, userId is 100
CST 2026-07-17 19:57:20.360   468  1324 E C01651/DataProviderConfig: GetFromProxyData: Get bundleInfo failed! bundleName:com.huawei.hmsapp.totemweather, userId:100, visitedId:100, uri:******icIconInfo
CST 2026-07-17 19:57:20.360   468  1324 E C01651/DataShareServiceImpl: GetBMSAndMetaDataStatus: CalledInfo failed! token:0x20087fab,ret:1001,uri:******icIconInfo
CST 2026-07-17 19:57:20.360   468  1324 E C01651/DataShareServiceImpl: GetSilentProxyStatus: BMS or metaData not ready to complete, token:0x20087fab, uri:******icIconInfo
CST 2026-07-17 19:57:20.361  1522  1522 E A01c06/ICON: AppIconWeatherModel --> get weather info failed, code: 15700010, message: The DataShareHelper is not initialized successfully.
CST 2026-07-17 19:57:20.503   143   143 I C01800/SAMGR: NF SA:65962,776_106
CST 2026-07-17 19:57:20.579  2499  2598 I C05610/ASP: [service:InnerManager]GetSuperPrivacyMode: GetSuperPrivacyMode enter
CST 2026-07-17 19:57:20.580  2499  2598 I C05610/ASP: [service:data]GetDataManager: DataManagerConstructor:GetDataManager
CST 2026-07-17 19:57:20.580  2499  2598 I C05610/ASP: [service:data]ReadMode: SortWareModeDataManager:ReadMode
CST 2026-07-17 19:57:20.580  2499  2598 I C05610/ASP: [service:Repository]Query: begin
CST 2026-07-17 19:57:20.580  2499  2598 I C05610/ASP: [service:edm]UnregisterEdmStatusListener: begin
CST 2026-07-17 19:57:20.580  2499  2598 I C02c03/PARAM_WATCHER: DelWatcher keyPrefix_ persist.edm.location_policy count 0
CST 2026-07-17 19:57:20.580   146   192 I C02c03/PARAM_WATCHER: Delete watcher prefix persist.edm.location_policy remoteWatcherId 39
CST 2026-07-17 19:57:20.580   146   192 I C02c03/PARAM_WATCHER: [watcher_manager.cpp:702]Delete param watcher remoteWatcherId 39 group 113
CST 2026-07-17 19:57:20.580   146   192 I C02c03/PARAM_WATCHER: [watcher_manager.cpp:761]Delete watcher group persist.edm.location_policy 113
CST 2026-07-17 19:57:20.580  2499  2598 I C02c03/PARAM_WATCHER: [watcher_manager_kits.cpp:276]ParamWatcher destructor start
CST 2026-07-17 19:57:20.580  2499  2598 I C02c03/PARAM_WATCHER: DelWatcher keyPrefix_ persist.edm.camera_disable count 0
CST 2026-07-17 19:57:20.580   146   191 I C02c03/PARAM_WATCHER: del key persist.edm.location_policy
CST 2026-07-17 19:57:20.580   146   192 I C02c03/PARAM_WATCHER: Delete watcher prefix persist.edm.camera_disable remoteWatcherId 39
CST 2026-07-17 19:57:20.580   146   192 I C02c03/PARAM_WATCHER: [watcher_manager.cpp:702]Delete param watcher remoteWatcherId 39 group 114
CST 2026-07-17 19:57:20.580   146   192 I C02c03/PARAM_WATCHER: [watcher_manager.cpp:761]Delete watcher group persist.edm.camera_disable 114
CST 2026-07-17 19:57:20.580  2499  2598 I C02c03/PARAM_WATCHER: [watcher_manager_kits.cpp:276]ParamWatcher destructor start
CST 2026-07-17 19:57:20.580  2499  2598 I C02c03/PARAM_WATCHER: DelWatcher keyPrefix_ persist.edm.mic_disable count 0
CST 2026-07-17 19:57:20.580   146   192 I C02c03/PARAM_WATCHER: Delete watcher prefix persist.edm.mic_disable remoteWatcherId 39
CST 2026-07-17 19:57:20.580   146   192 I C02c03/PARAM_WATCHER: [watcher_manager.cpp:702]Delete param watcher remoteWatcherId 39 group 115
CST 2026-07-17 19:57:20.580   146   192 I C02c03/PARAM_WATCHER: [watcher_manager.cpp:761]Delete watcher group persist.edm.mic_disable 115
CST 2026-07-17 19:57:20.580   146   192 I C02c03/PARAM_WATCHER: [watcher_manager.cpp:86]Del remote watcher remoteWatcherId 39
CST 2026-07-17 19:57:20.580  2499  2598 I C02c03/PARAM_WATCHER: [watcher_manager_kits.cpp:276]ParamWatcher destructor start
CST 2026-07-17 19:57:20.580  2499  2598 I C05610/ASP: [service:edm]UnregisterEdmStatusListener: ret={location, camera, microphone}: {0, 0, 0}
CST 2026-07-17 19:57:20.581   143   143 I C01800/SAMGR: Scheduler SA:66102 unload start 2499,0_1_2
CST 2026-07-17 19:57:20.581   143   143 I C01800/SAMGR: Scheduler SA:66102 proc delay unload event
CST 2026-07-17 19:57:20.581   143   143 I C01800/SAMGR: IdleSA:66102
CST 2026-07-17 19:57:20.581  2499  2598 I C01810/SAFWK: Idle-SA:66102
CST 2026-07-17 19:57:20.581  2499  2598 I C05610/ASP: [service]OnIdle: called, reasonId=0, reasonName='unload', reasonValue=''
CST 2026-07-17 19:57:20.582  2499  2598 I C01810/SAFWK: OnIdle-SA:66102 end,spend:0ms
CST 2026-07-17 19:57:20.582  2499  2598 I C01810/SAFWK: IdleSaInner suc to Idle SA:66102,delayTime:0,spend:1ms
CST 2026-07-17 19:57:20.582   143   143 I C01800/SAMGR: Scheduler SA:66102 agree unload
CST 2026-07-17 19:57:20.582   143   143 I C01800/SAMGR: Scheduler SA:66102 unloadable
CST 2026-07-17 19:57:20.582   143   156 I C01800/SAMGR: Scheduler proc:super_privacy_server unload all SA
CST 2026-07-17 19:57:20.582   143   156 I C01800/SAMGR: Scheduler SA:66102 unload start
CST 2026-07-17 19:57:20.582  2499  2598 I C05610/ASP: [service]UnloadSystemAbility: We have successfully told SAM to unload SA=66102, let's wait and see what happens
CST 2026-07-17 19:57:20.582   143   156 I C01800/SAMGR: StopSA:66102
CST 2026-07-17 19:57:20.582   143   156 I C01800/SAMGR: Scheduler SA:66102 unloading
CST 2026-07-17 19:57:20.582  2499  2763 I C01810/SAFWK: StopSa recv stop SA:66102 req
CST 2026-07-17 19:57:20.582   143   156 I C01800/SAMGR: Scheduler proc:super_privacy_server state 1 to 2
CST 2026-07-17 19:57:20.582   143   156 I C01800/SAMGR: Scheduler proc:super_privacy_server stopping
CST 2026-07-17 19:57:20.582  2499  2763 I C01810/SAFWK: StopSaInner suc to stop SA:66102,eventLen:57,spend:0ms
CST 2026-07-17 19:57:20.582  2499  3461 I C01810/SAFWK: Stop-SA:66102
CST 2026-07-17 19:57:20.582  2499  3461 I C05610/ASP: [service]OnStop: called, reasonId=0, reasonName='unload', reasonValue=''
CST 2026-07-17 19:57:20.582  2499  3461 I C05610/ASP: [service]OnStop: done
CST 2026-07-17 19:57:20.582  2499  3461 I C01810/SAFWK: Stop OnStop-SA:66102 finished,spend:0ms
CST 2026-07-17 19:57:20.586   143   143 I C01800/SAMGR: rm SA:66102_139
CST 2026-07-17 19:57:20.586   143   143 I C01800/SAMGR: Scheduler SA:66102 handle unload suc event
CST 2026-07-17 19:57:20.586   143   143 I C01800/SAMGR: Scheduler SA:66102 not loaded
CST 2026-07-17 19:57:20.586   143   153 I C01800/SAMGR: Scheduler proc:super_privacy_server,SA num:1,notloaded num:1
CST 2026-07-17 19:57:20.586   143   155 I C01800/SAMGR: FindSaNotify SA:66102,4_107
CST 2026-07-17 19:57:20.586  2499  3461 I C01810/SAFWK: Stop suc to rm SA:66102,spend:4ms
CST 2026-07-17 19:57:20.586  1522  1533 I C05610/ASP: [client:sa_listener]OnRemoteRequest: called with messageCode=2
CST 2026-07-17 19:57:20.586  1522  1533 I C05610/ASP: [client]OnRemoveSystemAbility: OnRemoveSystemAbility: saId=66102
CST 2026-07-17 19:57:20.586  1522  1533 I C05610/ASP: [client:sa_listener]HandleOnRemoveSystemAbility: OnRemoveSA:66102, spend:0 ms
CST 2026-07-17 19:57:20.586  1522  1533 I C05610/ASP: [client:sa_listener]OnRemoteRequest: done, messageCode=2, ipcCode=0
CST 2026-07-17 19:57:20.587   146   191 I C02c03/PARAM_WATCHER: del key persist.edm.camera_disable
CST 2026-07-17 19:57:20.587   146   191 I C02c03/PARAM_WATCHER: del key persist.edm.mic_disable
CST 2026-07-17 19:57:20.601   143   143 I C057c2/IPCObjectProxy: hd:574 ct:1 D:*.accessToken
CST 2026-07-17 19:57:20.601   143   821 I C057c2/IPCObjectProxy: hd:584 ct:1 D:*.ISystemAbilityStatusChange
CST 2026-07-17 19:57:20.601   143   193 I C057c2/IPCObjectProxy: hd:575 ct:1 D:*.ISystemAbilityStatusChange
CST 2026-07-17 19:57:20.601   143   143 I C01800/SAMGR: rm DeadProc:super_privacy_server,70
CST 2026-07-17 19:57:20.601   143   856 I C057c2/IPCObjectProxy: hd:578 ct:1 D:*.ISystemAbilityStatusChange
CST 2026-07-17 19:57:20.601   143   638 I C057c2/IPCObjectProxy: hd:576 ct:5 D:*.ISystemAbilityStatusChange
CST 2026-07-17 19:57:20.601   143   193 I C01800/SAMGR: rm SAListener 2499,63
CST 2026-07-17 19:57:20.601   770   800 I C057c2/IPCObjectProxy: hd:806 ct:1 D:
CST 2026-07-17 19:57:20.601   468  1324 I C057c2/IPCObjectProxy: hd:75 ct:1 D:
CST 2026-07-17 19:57:20.601   468  1324 I C01610/KvStoreDataService: NotifyClientDie: appId: super_privacy_server uid:7888 tokenId:671458858
CST 2026-07-17 19:57:20.601   468  1324 I C01654/DSched_Service: OnAppExit: ObjectServiceImpl::OnAppExit uid=7888, pid=2499, tokenId=671458858, bundleName=super_privacy_server
CST 2026-07-17 19:57:20.601   770   800 I C01202/Subscriber: Unsubscribe 2499_7888_-1_473_45453
CST 2026-07-17 19:57:20.601   468  1324 I C01651/DataShareServiceImpl: OnAppExit: AppExit uid=7888, pid=2499, tokenId=0x2805a62a, bundleName=super_privacy_server
CST 2026-07-17 19:57:20.601   468  1324 I C01610/KVDBServiceImpl: OnAppExit: pid:2499 uid:7888 appId:super_privacy_server
CST 2026-07-17 19:57:20.601   468  1324 I C01655/RdbServiceImpl: OnAppExit: client dead, tokenId:671458858, pid:2499 
CST 2026-07-17 19:57:20.601   770   800 I C057c2/IPCObjectProxy: hd:808 ct:1 D:*.IEventReceive
CST 2026-07-17 19:57:20.601   143   821 I C01800/SAMGR: rm SAListener 2499,64
CST 2026-07-17 19:57:20.601   770   800 I C01202/Subscriber: Unsubscribe 2499_7888_-1_474_45454
CST 2026-07-17 19:57:20.601   143   856 I C01800/SAMGR: rm SAListener 2499,127
CST 2026-07-17 19:57:20.602   143   638 I C01800/SAMGR: rm SAListener 2499,2
CST 2026-07-17 19:57:20.602   143   638 I C01800/SAMGR: rm SAListener 2499,2
CST 2026-07-17 19:57:20.602   143   638 I C01800/SAMGR: rm SAListener 2499,126
CST 2026-07-17 19:57:20.602   143   638 I C01800/SAMGR: rm SAListener 2499,1
CST 2026-07-17 19:57:20.602   143   638 I C01800/SAMGR: rm SAListener 2499,8
CST 2026-07-17 19:57:20.606   143   153 I C02c02/PARAM: SystemSetParameter name ohos.ctl.stop id:71 ret:0
CST 2026-07-17 19:57:20.613   143   153 I C01800/SAMGR: Scheduler proc:super_privacy_server kill pid:2499,7888_0_20ms
CST 2026-07-17 19:57:20.613   143   143 I C01800/SAMGR: Scheduler proc:super_privacy_server handle stopped event
CST 2026-07-17 19:57:20.613   143   143 I C01800/SAMGR: Scheduler proc:super_privacy_server state 2 to 0
CST 2026-07-17 19:57:20.613   143   143 I C01800/SAMGR: Scheduler proc:super_privacy_server stopped
CST 2026-07-17 19:57:20.613   143   143 I C01800/SAMGR: remove onDemandSA. proc:super_privacy_server, size:26
CST 2026-07-17 19:57:20.613   143   143 I C01800/SAMGR: Scheduler SA:66102 state current 0 is same as next 0
CST 2026-07-17 19:57:20.614   305   541 I C01810/SA_CLIENT: onProcStop,pid:2499
CST 2026-07-17 19:57:20.703   143   143 I C01800/SAMGR: NF SA:65962,776_107
CST 2026-07-17 19:57:20.816   464   521 I C02510/idevmgr_client: unload device: geofence_intf_service
CST 2026-07-17 19:57:20.816   163   583 I C02510/devmgr_service_stub: DevmgrServiceStubDispatchUnloadDevice:unload service geofence_intf_service
CST 2026-07-17 19:57:20.816   163   583 E C02510/devmgr_service: device geofence_intf_service not in configed dynamic device list
CST 2026-07-17 19:57:20.816   163   583 E C02510/devmgr_service_stub: DevmgrServiceStubDispatch devmgr service stub dispach failed, cmd id is 5, ret = -202
CST 2026-07-17 19:57:20.816   464   521 E C057c2/IPCObjectProxy: PrintErrorDetailedInfo: failed, handle:17 error:-202 desc:*.V1_0 proxy:15566816 time:85676872618
CST 2026-07-17 19:57:20.816   464   521 E C02510/idevmgr_client: unload device failed, -202
CST 2026-07-17 19:57:20.816   464   521 E C02300/HifenceAbility: [(RemoveHdi:1836)]unLoad hifence service failed!
CST 2026-07-17 19:57:20.817   464   521 E C02300/HifenceAbility: [(IsDeviceLoaded:931)]The devices is not found:location_gnss_ext_interface_service in host location_host
CST 2026-07-17 19:57:20.817   464   521 I C02510/idevmgr_client: load device: location_gnss_ext_interface_service
CST 2026-07-17 19:57:20.817   163   583 I C02510/devmgr_service_stub: DevmgrServiceStubDispatchLoadDevice:load service location_gnss_ext_interface_service
CST 2026-07-17 19:57:20.817   163   583 E C02510/devmgr_service: device location_gnss_ext_interface_service not in configed device list
CST 2026-07-17 19:57:20.817   163   583 E C02510/devmgr_service_stub: DevmgrServiceStubDispatch devmgr service stub dispach failed, cmd id is 4, ret = -202
CST 2026-07-17 19:57:20.817   464   521 E C057c2/IPCObjectProxy: PrintErrorDetailedInfo: failed, handle:17 error:-202 desc:*.V1_0 proxy:12877840 time:85677560496
CST 2026-07-17 19:57:20.817   464   521 E C02510/idevmgr_client: load device failed, -202
CST 2026-07-17 19:57:20.817   464   521 E C02300/HifenceAbility: [(ConnectGnssExtHdi:1736)]ConnectGnssExtHdi: Load gnss_ext service failed!
CST 2026-07-17 19:57:20.817   464   521 I C02300/HifenceAbility: number of reconnection times exceeds the maximum
CST 2026-07-17 19:57:20.903   143   143 I C01800/SAMGR: NF SA:65962,776_108
CST 2026-07-17 19:57:21.104   143   143 I C01800/SAMGR: NF SA:65962,776_109
CST 2026-07-17 19:57:21.141  1790  1834 I C0430a/file_monitor_service: [MainMissionStatus:197]CanExit
CST 2026-07-17 19:57:21.141  1790  1834 I C0430a/file_monitor_service: [MainMissionStatus:203]SecondaryScanner idle
CST 2026-07-17 19:57:21.144   590   783 W C02943/ThermalHdi: Read node failed, title = brightness
CST 2026-07-17 19:57:21.144   590   783 W C02943/ThermalHdi: Read node failed, title = 
CST 2026-07-17 19:57:21.144   590   783 W C02943/ThermalHdi: Read node failed, title = 
CST 2026-07-17 19:57:21.144   590   783 W C02943/ThermalHdi: Read node failed, title = 
CST 2026-07-17 19:57:21.144   590   783 W C02943/ThermalHdi: Read node failed, title = 
CST 2026-07-17 19:57:21.144   590   783 W C02943/ThermalHdi: Read node failed, title = 
CST 2026-07-17 19:57:21.144   590   783 W C02943/ThermalHdi: Read node failed, title = 
CST 2026-07-17 19:57:21.144   590   783 W C02943/ThermalHdi: Read node failed, title = 
CST 2026-07-17 19:57:21.144   590   783 W C02943/ThermalHdi: Read node failed, title = 
CST 2026-07-17 19:57:21.144   590   783 W C02943/ThermalHdi: Read node failed, title = 
CST 2026-07-17 19:57:21.144   590   783 W C02943/ThermalHdi: Read node failed, title = 
CST 2026-07-17 19:57:21.144   590   783 W C02943/ThermalHdi: Read node failed, title = 
CST 2026-07-17 19:57:21.144   590   783 W C02943/ThermalHdi: Read node failed, title = 
CST 2026-07-17 19:57:21.144   590   783 W C02943/ThermalHdi: Read node failed, title = 
CST 2026-07-17 19:57:21.144   590   783 W C02943/ThermalHdi: Read node failed, title = 
CST 2026-07-17 19:57:21.144   590   783 W C02943/ThermalHdi: Read node failed, title = 
CST 2026-07-17 19:57:21.144   590   783 W C02943/ThermalHdi: Read node failed, title = 
CST 2026-07-17 19:57:21.144   590   783 W C02943/ThermalHdi: Read node failed, title = 
CST 2026-07-17 19:57:21.144   590   783 W C02943/ThermalHdi: Read node failed, title = 
CST 2026-07-17 19:57:21.144   590   783 W C02943/ThermalHdi: Read node failed, title = 
CST 2026-07-17 19:57:21.144   590   783 W C02943/ThermalHdi: Read node failed, title = 
CST 2026-07-17 19:57:21.144   590   783 W C02943/ThermalHdi: Read node failed, title = 
CST 2026-07-17 19:57:21.144   590   783 W C02943/ThermalHdi: Read node failed, title = 
CST 2026-07-17 19:57:21.144   590   783 W C02943/ThermalHdi: Read node failed, title = 
CST 2026-07-17 19:57:21.144   590   783 W C02943/ThermalHdi: Read node failed, title = 
CST 2026-07-17 19:57:21.144   590   783 W C02943/ThermalHdi: Read node failed, title = ambient
CST 2026-07-17 19:57:21.144   590   783 W C02943/ThermalHdi: Read node failed, title = ibat
CST 2026-07-17 19:57:21.144   590   783 W C02943/ThermalHdi: Read node failed, title = vbat
CST 2026-07-17 19:57:21.144   590   783 W C02943/ThermalHdi: Read node failed, title = cpu0_min_freq
CST 2026-07-17 19:57:21.144   590   783 W C02943/ThermalHdi: Read node failed, title = cpu0_cur_freq
CST 2026-07-17 19:57:21.144   590   783 W C02943/ThermalHdi: Read node failed, title = cpu0_max_freq
CST 2026-07-17 19:57:21.144   590   783 W C02943/ThermalHdi: Read node failed, title = cpu4_min_freq
CST 2026-07-17 19:57:21.144   590   783 W C02943/ThermalHdi: Read node failed, title = cpu4_cur_freq
CST 2026-07-17 19:57:21.144   590   783 W C02943/ThermalHdi: Read node failed, title = cpu4_max_freq
CST 2026-07-17 19:57:21.144   590   783 W C02943/ThermalHdi: Read node failed, title = cpu7_min_freq
CST 2026-07-17 19:57:21.144   590   783 W C02943/ThermalHdi: Read node failed, title = cpu7_cur_freq
CST 2026-07-17 19:57:21.144   590   783 W C02943/ThermalHdi: Read node failed, title = cpu7_max_freq
CST 2026-07-17 19:57:21.144   590   783 W C02943/ThermalHdi: Read node failed, title = gpu_min_freq
CST 2026-07-17 19:57:21.144   590   783 W C02943/ThermalHdi: Read node failed, title = gpu_cur_freq
CST 2026-07-17 19:57:21.144   590   783 W C02943/ThermalHdi: Read node failed, title = gpu_max_freq
CST 2026-07-17 19:57:21.144   590   783 W C02943/ThermalHdi: Read node failed, title = ddr_cur_freq
CST 2026-07-17 19:57:21.144   590   783 W C02943/ThermalHdi: Read node failed, title = set_IPApower
CST 2026-07-17 19:57:21.144   590   783 W C02943/ThermalHdi: Read node failed, title = cur_IPApower
CST 2026-07-17 19:57:21.144   590   783 W C02943/ThermalHdi: get node failed
CST 2026-07-17 19:57:21.144   590   783 W C02943/ThermalHdi: get node failed
CST 2026-07-17 19:57:21.144   590   783 W C02943/ThermalHdi: get node failed
CST 2026-07-17 19:57:21.157  2500  3014 E C02e00/UPDATE_SA: [hap_connection.cpp(50)]GetHapRemoteObject, remoteObj is nullptr, bundle com.huawei.hmos.ouc
CST 2026-07-17 19:57:21.157  2500  3014 I C01352/ExtMgr: [extension_manager_client.cpp134]name:com.huawei.hmos.ouc ServiceExtAbility, userId:-1.
CST 2026-07-17 19:57:21.158   770  1062 I C01342/ServiceExt: [ABMS5529]element: com.huawei.hmos.ouc/ServiceExtAbility
CST 2026-07-17 19:57:21.158   770  1062 W C01123/BMSCommon: bundle not exist -n com.huawei.hmos.ouc -u 100 -i 0 -f 0
CST 2026-07-17 19:57:21.158   770  1062 W C01336/AMS: [start_ability_utils.cpp76]failed: com.huawei.hmos.ouc
CST 2026-07-17 19:57:21.158   770  1062 W C01336/AMS: [crowd_test_interceptor.cpp54]GetAppInfo failed
CST 2026-07-17 19:57:21.158   770  1062 W C01120/BMS: app_control_manager.cpp:GetAppRunningControlRule:397 getAppId failed,-n:com.huawei.hmos.ouc
CST 2026-07-17 19:57:21.158   770  1062 W C01123/BMSCommon: uid(6666) invalid
CST 2026-07-17 19:57:21.158   770  1062 I C01336/AMS: [start_ability_utils.cpp54]appIndex:-1
CST 2026-07-17 19:57:21.158   770  1062 W C01123/BMSCommon: bundle not exist -n com.huawei.hmos.ouc -u 100 -i 0 -f 1062
CST 2026-07-17 19:57:21.158   770  1062 I C01121/BMSQuery: ExplicitQueryAbility no match -n com.huawei.hmos.ouc -a ServiceExtAbility -u 100 -i 0
CST 2026-07-17 19:57:21.159   770  1062 W C01120/BMS: query abilitys_ext code 8521480
CST 2026-07-17 19:57:21.159   770  1062 W C01123/BMSCommon: bundle not exist -n com.huawei.hmos.ouc -u 100 -i 0 -f 1062
CST 2026-07-17 19:57:21.159   770  1062 W C01121/BMSQuery: bundle_data_mgr.cpp:ExplicitQueryExtensionInfo:7239 ExplicitQueryExtensionInfo failed
CST 2026-07-17 19:57:21.159   770  1062 I C01121/BMSQuery: ExplicitQueryExtension size:0 -n com.huawei.hmos.ouc -e ServiceExtAbility -u 100 -i 0
CST 2026-07-17 19:57:21.159   770  1062 W C01121/BMSQuery: bundle_data_mgr.cpp:GetCloneAppIndexes:2463 no bundleName com.huawei.hmos.ouc found
CST 2026-07-17 19:57:21.159   770  1062 W C01121/BMSQuery: bundle_mgr_host_impl.cpp:QueryExtensionAbilityInfos:3425 no valid extension info can be inquired
CST 2026-07-17 19:57:21.159   770  1062 E C01336/AMS: [start_ability_utils.cpp290]extensionInfo empty
CST 2026-07-17 19:57:21.159   770  1062 E C01342/ServiceExt: [ABMS5868]generate request error
CST 2026-07-17 19:57:21.159  2500  3014 E C02e00/UPDATE_SA: [hap_connection.cpp(82)]HapConnection call interface failed, ret 2097152
CST 2026-07-17 19:57:21.159  2500  3014 E C02e00/UPDATE_SA: [ouc_hap_connection.cpp(72)]SendRemoteRequest, can not connect to ouc
CST 2026-07-17 19:57:21.227   697  1937 I C02986/DisplayPowerBrightness: lux=[0/85360, 0/85505, 0/85651, 0/85796, 0/85942, 0/86087, ], bDelta=5.000000, dDelta=1.000000, size=63
CST 2026-07-17 19:57:21.304   143   143 I C01800/SAMGR: NF SA:65962,776_110
CST 2026-07-17 19:57:21.361  1522  1522 W A01c06/ICON: AppIconWeatherModel --> initWeatherListener, retryTimes: 4
CST 2026-07-17 19:57:21.396   468  1324 E C01707/CONCUR: [Interface] task 1324 apply qos failed, errno = 4
CST 2026-07-17 19:57:21.396   468  1324 E C01611/QosManager: QosManager: Failed to set thread QoS to QOS_USER_INTERACTIVE, ret: -1
CST 2026-07-17 19:57:21.396   770  1062 W C01123/BMSCommon: bundle not exist -n com.huawei.hmsapp.totemweather -u 100 -i 0 -f 32
CST 2026-07-17 19:57:21.396   770  1062 W C01121/BMSQuery: GetBundleInfo failed -n com.huawei.hmsapp.totemweather -u 100
CST 2026-07-17 19:57:21.396   468  1324 E C01651/BundleMgrProxy: GetBundleInfoFromBMS: GetBundleInfo failed!bundleName is com.huawei.hmsapp.totemweather, userId is 100
CST 2026-07-17 19:57:21.396   468  1324 E C01651/DataProviderConfig: GetFromProxyData: Get bundleInfo failed! bundleName:com.huawei.hmsapp.totemweather, userId:100, visitedId:100, uri:******icIconInfo
CST 2026-07-17 19:57:21.396   468  1324 E C01651/DataShareServiceImpl: GetBMSAndMetaDataStatus: CalledInfo failed! token:0x20087fab,ret:1001,uri:******icIconInfo
CST 2026-07-17 19:57:21.396   468  1324 E C01651/DataShareServiceImpl: GetSilentProxyStatus: BMS or metaData not ready to complete, token:0x20087fab, uri:******icIconInfo
CST 2026-07-17 19:57:21.397  1522  1522 E A01c06/ICON: AppIconWeatherModel --> get weather info failed, code: 15700010, message: The DataShareHelper is not initialized successfully.
CST 2026-07-17 19:57:21.432  3463  3463 W C02c02/PARAM: Selinux check name persist.init.debug.loglevel in u:object_r:startup_init_param:s0 [3463 2000 2000] failed
CST 2026-07-17 19:57:21.432  3463  3463 W C02c02/PARAM: Selinux check name persist.init.debug.loglevel in u:object_r:startup_init_param:s0 [3463 2000 2000] failed
CST 2026-07-17 19:57:21.432  3463  3463 W C02c02/PARAM: SystemReadParam failed!name is:persist.init.debug.loglevel,err:1002
CST 2026-07-17 19:57:21.439  3467  3467 W C02c02/PARAM: Selinux check name persist.init.debug.loglevel in u:object_r:startup_init_param:s0 [3467 2000 2000] failed
CST 2026-07-17 19:57:21.439  3467  3467 W C02c02/PARAM: Selinux check name persist.init.debug.loglevel in u:object_r:startup_init_param:s0 [3467 2000 2000] failed
CST 2026-07-17 19:57:21.439  3467  3467 W C02c02/PARAM: SystemReadParam failed!name is:persist.init.debug.loglevel,err:1002
CST 2026-07-17 19:57:21.439  3466  3466 W C02c02/PARAM: Selinux check name persist.init.debug.loglevel in u:object_r:startup_init_param:s0 [3466 2000 2000] failed
CST 2026-07-17 19:57:21.439  3466  3466 W C02c02/PARAM: Selinux check name persist.init.debug.loglevel in u:object_r:startup_init_param:s0 [3466 2000 2000] failed
CST 2026-07-17 19:57:21.439  3466  3466 W C02c02/PARAM: SystemReadParam failed!name is:persist.init.debug.loglevel,err:1002
CST 2026-07-17 19:57:21.440  3465  3465 W C02c02/PARAM: Selinux check name persist.init.debug.loglevel in u:object_r:startup_init_param:s0 [3465 2000 2000] failed
CST 2026-07-17 19:57:21.440  3465  3465 W C02c02/PARAM: Selinux check name persist.init.debug.loglevel in u:object_r:startup_init_param:s0 [3465 2000 2000] failed
CST 2026-07-17 19:57:21.440  3465  3465 W C02c02/PARAM: SystemReadParam failed!name is:persist.init.debug.loglevel,err:1002
CST 2026-07-17 19:57:21.447  3468  3468 W C02c02/PARAM: Selinux check name persist.init.debug.loglevel in u:object_r:startup_init_param:s0 [3468 2000 2000] failed
CST 2026-07-17 19:57:21.448  3468  3468 W C02c02/PARAM: Selinux check name persist.init.debug.loglevel in u:object_r:startup_init_param:s0 [3468 2000 2000] failed
CST 2026-07-17 19:57:21.448  3468  3468 W C02c02/PARAM: SystemReadParam failed!name is:persist.init.debug.loglevel,err:1002
CST 2026-07-17 19:57:21.448  3469  3469 W C02c02/PARAM: Selinux check name persist.init.debug.loglevel in u:object_r:startup_init_param:s0 [3469 2000 2000] failed
CST 2026-07-17 19:57:21.448  3469  3469 W C02c02/PARAM: Selinux check name persist.init.debug.loglevel in u:object_r:startup_init_param:s0 [3469 2000 2000] failed
CST 2026-07-17 19:57:21.448  3469  3469 W C02c02/PARAM: SystemReadParam failed!name is:persist.init.debug.loglevel,err:1002
CST 2026-07-17 19:57:21.505   143   143 I C01800/SAMGR: NF SA:65962,776_111
CST 2026-07-17 19:57:21.672  3471  3471 W C02c02/PARAM: Selinux check name persist.init.debug.loglevel in u:object_r:startup_init_param:s0 [3471 2000 2000] failed
CST 2026-07-17 19:57:21.672  3471  3471 W C02c02/PARAM: Selinux check name persist.init.debug.loglevel in u:object_r:startup_init_param:s0 [3471 2000 2000] failed
CST 2026-07-17 19:57:21.672  3471  3471 W C02c02/PARAM: SystemReadParam failed!name is:persist.init.debug.loglevel,err:1002
CST 2026-07-17 19:57:21.681  3473  3473 W C02c02/PARAM: Selinux check name persist.init.debug.loglevel in u:object_r:startup_init_param:s0 [3473 2000 2000] failed
CST 2026-07-17 19:57:21.681  3473  3473 W C02c02/PARAM: Selinux check name persist.init.debug.loglevel in u:object_r:startup_init_param:s0 [3473 2000 2000] failed
CST 2026-07-17 19:57:21.681  3473  3473 W C02c02/PARAM: SystemReadParam failed!name is:persist.init.debug.loglevel,err:1002
CST 2026-07-17 19:57:21.689  3474  3474 W C02c02/PARAM: Selinux check name persist.init.debug.loglevel in u:object_r:startup_init_param:s0 [3474 2000 2000] failed
CST 2026-07-17 19:57:21.689  3474  3474 W C02c02/PARAM: Selinux check name persist.init.debug.loglevel in u:object_r:startup_init_param:s0 [3474 2000 2000] failed
CST 2026-07-17 19:57:21.689  3474  3474 W C02c02/PARAM: SystemReadParam failed!name is:persist.init.debug.loglevel,err:1002
CST 2026-07-17 19:57:21.705   143   143 I C01800/SAMGR: NF SA:65962,776_112
CST 2026-07-17 19:57:21.705   776   858 E C01810/SA_CLIENT: GetSaWrap SA:65962 not start
CST 2026-07-17 19:57:21.705   776   858 I C01409/APS_MANAGER: request system service object is not ready yet!
CST 2026-07-17 19:57:22.141  1790  1834 I C0430a/file_monitor_service: [MainMissionStatus:197]CanExit
CST 2026-07-17 19:57:22.141  1790  1834 I C0430a/file_monitor_service: [MainMissionStatus:203]SecondaryScanner idle
CST 2026-07-17 19:57:22.159  2500  3014 E C02e00/UPDATE_SA: [hap_connection.cpp(50)]GetHapRemoteObject, remoteObj is nullptr, bundle com.huawei.hmos.ouc
CST 2026-07-17 19:57:22.159  2500  3014 I C01352/ExtMgr: [extension_manager_client.cpp134]name:com.huawei.hmos.ouc ServiceExtAbility, userId:-1.
CST 2026-07-17 19:57:22.159   770  1062 I C01342/ServiceExt: [ABMS5529]element: com.huawei.hmos.ouc/ServiceExtAbility
CST 2026-07-17 19:57:22.160   770  1062 W C01123/BMSCommon: bundle not exist -n com.huawei.hmos.ouc -u 100 -i 0 -f 0
CST 2026-07-17 19:57:22.160   770  1062 W C01336/AMS: [start_ability_utils.cpp76]failed: com.huawei.hmos.ouc
CST 2026-07-17 19:57:22.160   770  1062 W C01336/AMS: [crowd_test_interceptor.cpp54]GetAppInfo failed
CST 2026-07-17 19:57:22.160   770  1062 W C01120/BMS: app_control_manager.cpp:GetAppRunningControlRule:397 getAppId failed,-n:com.huawei.hmos.ouc
CST 2026-07-17 19:57:22.160   770  1062 W C01123/BMSCommon: uid(6666) invalid
CST 2026-07-17 19:57:22.160   770  1062 I C01336/AMS: [start_ability_utils.cpp54]appIndex:-1
CST 2026-07-17 19:57:22.160   770  1062 W C01123/BMSCommon: bundle not exist -n com.huawei.hmos.ouc -u 100 -i 0 -f 1062
CST 2026-07-17 19:57:22.160   770  1062 I C01121/BMSQuery: ExplicitQueryAbility no match -n com.huawei.hmos.ouc -a ServiceExtAbility -u 100 -i 0
CST 2026-07-17 19:57:22.160   770  1062 W C01120/BMS: query abilitys_ext code 8521480
CST 2026-07-17 19:57:22.160   770  1062 W C01123/BMSCommon: bundle not exist -n com.huawei.hmos.ouc -u 100 -i 0 -f 1062
CST 2026-07-17 19:57:22.160   770  1062 W C01121/BMSQuery: bundle_data_mgr.cpp:ExplicitQueryExtensionInfo:7239 ExplicitQueryExtensionInfo failed
CST 2026-07-17 19:57:22.160   770  1062 I C01121/BMSQuery: ExplicitQueryExtension size:0 -n com.huawei.hmos.ouc -e ServiceExtAbility -u 100 -i 0
CST 2026-07-17 19:57:22.161   770  1062 W C01121/BMSQuery: bundle_data_mgr.cpp:GetCloneAppIndexes:2463 no bundleName com.huawei.hmos.ouc found
CST 2026-07-17 19:57:22.161   770  1062 W C01121/BMSQuery: bundle_mgr_host_impl.cpp:QueryExtensionAbilityInfos:3425 no valid extension info can be inquired
CST 2026-07-17 19:57:22.161   770  1062 E C01336/AMS: [start_ability_utils.cpp290]extensionInfo empty
CST 2026-07-17 19:57:22.161   770  1062 E C01342/ServiceExt: [ABMS5868]generate request error
CST 2026-07-17 19:57:22.161  2500  3014 E C02e00/UPDATE_SA: [hap_connection.cpp(82)]HapConnection call interface failed, ret 2097152
CST 2026-07-17 19:57:22.161  2500  3014 E C02e00/UPDATE_SA: [ouc_hap_connection.cpp(72)]SendRemoteRequest, can not connect to ouc
CST 2026-07-17 19:57:22.161  2500  3014 E C02e00/UPDATE_SA: [ouc_hap_connection.cpp(279)]SendMessage request failed, code: 5
CST 2026-07-17 19:57:22.846  1522  1522 W A01c06/ICON: AppIconWeatherModel --> initWeatherListener, retryTimes: 4
CST 2026-07-17 19:57:22.847  2966  3007 I C02f18/SECURITY_AUDIT_Service: Unload security detect SA begin.
CST 2026-07-17 19:57:22.847  3427  3436 I C02f07/S_COLLCTOR: [operator()]Unload security collector manager SA begin.
CST 2026-07-17 19:57:22.850   468  1324 E C01707/CONCUR: [Interface] task 1324 apply qos failed, errno = 4
CST 2026-07-17 19:57:22.850   468  1324 E C01611/QosManager: QosManager: Failed to set thread QoS to QOS_USER_INTERACTIVE, ret: -1
CST 2026-07-17 19:57:22.851   143   143 I C01800/SAMGR: Scheduler SA:3525 unload start 3427,0_1_2
CST 2026-07-17 19:57:22.851   143   638 I C01800/SAMGR: Scheduler SA:3526 unload start 2966,0_1_2
CST 2026-07-17 19:57:22.851   143   143 I C01800/SAMGR: Scheduler SA:3525 proc delay unload event
CST 2026-07-17 19:57:22.851   143   638 I C01800/SAMGR: Scheduler SA:3526 proc delay unload event
CST 2026-07-17 19:57:22.851   143   638 I C01800/SAMGR: IdleSA:3526
CST 2026-07-17 19:57:22.851   143   143 I C01800/SAMGR: IdleSA:3525
CST 2026-07-17 19:57:22.851   770  1062 W C01123/BMSCommon: bundle not exist -n com.huawei.hmsapp.totemweather -u 100 -i 0 -f 32
CST 2026-07-17 19:57:22.851   770  1062 W C01121/BMSQuery: GetBundleInfo failed -n com.huawei.hmsapp.totemweather -u 100
CST 2026-07-17 19:57:22.851   468  1324 E C01651/BundleMgrProxy: GetBundleInfoFromBMS: GetBundleInfo failed!bundleName is com.huawei.hmsapp.totemweather, userId is 100
CST 2026-07-17 19:57:22.851   468  1324 E C01651/DataProviderConfig: GetFromProxyData: Get bundleInfo failed! bundleName:com.huawei.hmsapp.totemweather, userId:100, visitedId:100, uri:******icIconInfo
CST 2026-07-17 19:57:22.851   468  1324 E C01651/DataShareServiceImpl: GetBMSAndMetaDataStatus: CalledInfo failed! token:0x20087fab,ret:1001,uri:******icIconInfo
CST 2026-07-17 19:57:22.851   468  1324 E C01651/DataShareServiceImpl: GetSilentProxyStatus: BMS or metaData not ready to complete, token:0x20087fab, uri:******icIconInfo
CST 2026-07-17 19:57:22.851  2966  3007 I C01810/SAFWK: Idle-SA:3526
CST 2026-07-17 19:57:22.851  3427  3436 I C01810/SAFWK: Idle-SA:3525
CST 2026-07-17 19:57:22.851  3427  3436 I C01810/SAFWK: OnIdle-SA:3525 end,spend:0ms
CST 2026-07-17 19:57:22.851  3427  3436 I C01810/SAFWK: IdleSaInner suc to Idle SA:3525,delayTime:0,spend:0ms
CST 2026-07-17 19:57:22.851  2966  3007 I C01810/SAFWK: OnIdle-SA:3526 end,spend:0ms
CST 2026-07-17 19:57:22.851  2966  3007 I C01810/SAFWK: IdleSaInner suc to Idle SA:3526,delayTime:0,spend:0ms
CST 2026-07-17 19:57:22.851   143   143 I C01800/SAMGR: Scheduler SA:3525 agree unload
CST 2026-07-17 19:57:22.851   143   638 I C01800/SAMGR: Scheduler SA:3526 agree unload
CST 2026-07-17 19:57:22.851   143   638 I C01800/SAMGR: Scheduler SA:3526 unloadable
CST 2026-07-17 19:57:22.851   143   143 I C01800/SAMGR: Scheduler SA:3525 unloadable
CST 2026-07-17 19:57:22.851   143   157 I C01800/SAMGR: Scheduler proc:security_detect unload all SA
CST 2026-07-17 19:57:22.851   143   157 I C01800/SAMGR: Scheduler SA:3526 unload start
CST 2026-07-17 19:57:22.851  1522  1522 E A01c06/ICON: AppIconWeatherModel --> get weather info failed, code: 15700010, message: The DataShareHelper is not initialized successfully.
CST 2026-07-17 19:57:22.851   143   157 I C01800/SAMGR: StopSA:3526
CST 2026-07-17 19:57:22.851  2966  3007 I C02f18/SECURITY_AUDIT_Service: Unload security detect SA end.
CST 2026-07-17 19:57:22.851   143   157 I C01800/SAMGR: Scheduler SA:3526 unloading
CST 2026-07-17 19:57:22.851   143   157 I C01800/SAMGR: Scheduler proc:security_detect state 1 to 2
CST 2026-07-17 19:57:22.851   143   157 I C01800/SAMGR: Scheduler proc:security_detect stopping
CST 2026-07-17 19:57:22.851   143   157 I C01800/SAMGR: Scheduler proc:security_collector unload all SA
CST 2026-07-17 19:57:22.851  3427  3436 I C02f07/S_COLLCTOR: [operator()]Unload security collector manager SA end.
CST 2026-07-17 19:57:22.851   143   157 I C01800/SAMGR: Scheduler SA:3525 unload start
CST 2026-07-17 19:57:22.851   143   157 I C01800/SAMGR: StopSA:3525
CST 2026-07-17 19:57:22.852   143   157 I C01800/SAMGR: Scheduler SA:3525 unloading
CST 2026-07-17 19:57:22.852   143   157 I C01800/SAMGR: Scheduler proc:security_collector state 1 to 2
CST 2026-07-17 19:57:22.852   143   157 I C01800/SAMGR: Scheduler proc:security_collector stopping
CST 2026-07-17 19:57:22.852  2966  2966 I C01810/SAFWK: StopSa recv stop SA:3526 req
CST 2026-07-17 19:57:22.852  3427  3427 I C01810/SAFWK: StopSa recv stop SA:3525 req
CST 2026-07-17 19:57:22.852  2966  2966 I C01810/SAFWK: StopSaInner suc to stop SA:3526,eventLen:57,spend:0ms
CST 2026-07-17 19:57:22.852  3427  3427 I C01810/SAFWK: StopSaInner suc to stop SA:3525,eventLen:57,spend:0ms
CST 2026-07-17 19:57:22.852  2966  3476 I C01810/SAFWK: Stop-SA:3526
CST 2026-07-17 19:57:22.852  2966  3476 I C02f18/SECURITY_AUDIT_Service: OnStop
CST 2026-07-17 19:57:22.852  2966  3476 I C01810/SAFWK: Stop OnStop-SA:3526 finished,spend:0ms
CST 2026-07-17 19:57:22.852  3427  3477 I C01810/SAFWK: Stop-SA:3525
CST 2026-07-17 19:57:22.852  3427  3477 I C01810/SAFWK: Stop OnStop-SA:3525 finished,spend:0ms
CST 2026-07-17 19:57:22.854   143   143 I C01800/SAMGR: rm SA:3526_138
CST 2026-07-17 19:57:22.854   143   143 I C01800/SAMGR: Scheduler SA:3526 handle unload suc event
CST 2026-07-17 19:57:22.854   143   143 I C01800/SAMGR: Scheduler SA:3526 not loaded
CST 2026-07-17 19:57:22.854   143   158 I C01800/SAMGR: FindSaNotify SA:3526,4_107
CST 2026-07-17 19:57:22.854   143   156 I C01800/SAMGR: Scheduler proc:security_detect,SA num:1,notloaded num:1
CST 2026-07-17 19:57:22.855  2966  3476 I C01810/SAFWK: Stop suc to rm SA:3526,spend:3ms
CST 2026-07-17 19:57:22.857   143   638 I C01800/SAMGR: rm SA:3525_137
CST 2026-07-17 19:57:22.857   143   638 I C01800/SAMGR: Scheduler SA:3525 handle unload suc event
CST 2026-07-17 19:57:22.857   143   638 I C01800/SAMGR: Scheduler SA:3525 not loaded
CST 2026-07-17 19:57:22.857   143   158 I C01800/SAMGR: FindSaNotify SA:3525,4_107
CST 2026-07-17 19:57:22.857  3427  3477 I C01810/SAFWK: Stop suc to rm SA:3525,spend:5ms
CST 2026-07-17 19:57:22.868   143   638 I C057c2/IPCObjectProxy: hd:419 ct:1 D:*.ISystemAbilityStatusChange
CST 2026-07-17 19:57:22.868   143   143 I C057c2/IPCObjectProxy: hd:417 ct:1 D:*.accessToken
CST 2026-07-17 19:57:22.868   143   143 I C01800/SAMGR: rm DeadProc:security_detect,69
CST 2026-07-17 19:57:22.868   143   638 I C01800/SAMGR: rm SAListener 2966,63
CST 2026-07-17 19:57:22.874   143   156 I C02c02/PARAM: SystemSetParameter name ohos.ctl.stop id:72 ret:0
CST 2026-07-17 19:57:22.882   143   156 I C01800/SAMGR: Scheduler proc:security_detect kill pid:2966,3520_0_20ms
CST 2026-07-17 19:57:22.882   143   143 I C01800/SAMGR: Scheduler proc:security_detect handle stopped event
CST 2026-07-17 19:57:22.882   143   153 I C01800/SAMGR: Scheduler proc:security_collector,SA num:1,notloaded num:1
CST 2026-07-17 19:57:22.882   143   143 I C01800/SAMGR: Scheduler proc:security_detect state 2 to 0
CST 2026-07-17 19:57:22.882   143   143 I C01800/SAMGR: Scheduler proc:security_detect stopped
CST 2026-07-17 19:57:22.882   143   143 I C01800/SAMGR: remove onDemandSA. proc:security_detect, size:26
CST 2026-07-17 19:57:22.882   143   143 I C01800/SAMGR: Scheduler SA:3526 state current 0 is same as next 0
CST 2026-07-17 19:57:22.882   305   541 I C01810/SA_CLIENT: onProcStop,pid:2966
CST 2026-07-17 19:57:22.901   143   638 I C057c2/IPCObjectProxy: hd:104 ct:1 D:*.ISystemAbilityStatusChange
CST 2026-07-17 19:57:22.901   143   143 I C057c2/IPCObjectProxy: hd:349 ct:1 D:*.accessToken
CST 2026-07-17 19:57:22.901   649   658 I C057c2/IPCObjectProxy: hd:16 ct:1 D:
CST 2026-07-17 19:57:22.901   143   143 I C01800/SAMGR: rm DeadProc:security_collector,68
CST 2026-07-17 19:57:22.901   143   638 I C01800/SAMGR: rm SAListener 3427,26
CST 2026-07-17 19:57:22.901   649   658 I C02700/SensorService: in ProcessDeathObserver, pid is 3427
CST 2026-07-17 19:57:22.901   649   658 W C02700/StreamServer: in DelSession, Pid session not exist
CST 2026-07-17 19:57:22.901   649   658 E C02700/ClientInfo: in DelActiveInfoCBPid, Pid is not exists
CST 2026-07-17 19:57:22.901   649   658 I C02700/ClientInfo: in DestroyAppThreadInfo, Done, pid:3427
CST 2026-07-17 19:57:22.908   143   153 I C02c02/PARAM: SystemSetParameter name ohos.ctl.stop id:73 ret:0
CST 2026-07-17 19:57:22.933   143   153 I C01800/SAMGR: Scheduler proc:security_collector kill pid:3427,3521_0_26ms
CST 2026-07-17 19:57:22.933   143   143 I C01800/SAMGR: Scheduler proc:security_collector handle stopped event
CST 2026-07-17 19:57:22.933   143   143 I C01800/SAMGR: Scheduler proc:security_collector state 2 to 0
CST 2026-07-17 19:57:22.933   143   143 I C01800/SAMGR: Scheduler proc:security_collector stopped
CST 2026-07-17 19:57:22.933   143   143 I C01800/SAMGR: remove onDemandSA. proc:security_collector, size:26
CST 2026-07-17 19:57:22.933   143   143 I C01800/SAMGR: Scheduler SA:3525 state current 0 is same as next 0
CST 2026-07-17 19:57:22.933   305   541 I C01810/SA_CLIENT: onProcStop,pid:3427
CST 2026-07-17 19:57:23.038  3479  3479 W C02c02/PARAM: Selinux check name persist.init.debug.loglevel in u:object_r:startup_init_param:s0 [3479 2000 2000] failed
CST 2026-07-17 19:57:23.038  3479  3479 W C02c02/PARAM: Selinux check name persist.init.debug.loglevel in u:object_r:startup_init_param:s0 [3479 2000 2000] failed
CST 2026-07-17 19:57:23.038  3479  3479 W C02c02/PARAM: SystemReadParam failed!name is:persist.init.debug.loglevel,err:1002
CST 2026-07-17 19:57:23.045  3479  3479 W C02c02/PARAM: Selinux check name persist.init.debug.loglevel in u:object_r:startup_init_param:s0 [3479 2000 2000] failed
CST 2026-07-17 19:57:23.045  3479  3479 W C02c02/PARAM: Selinux check name persist.init.debug.loglevel in u:object_r:startup_init_param:s0 [3479 2000 2000] failed
CST 2026-07-17 19:57:23.045  3479  3479 W C02c02/PARAM: SystemReadParam failed!name is:persist.init.debug.loglevel,err:1002
CST 2026-07-17 19:57:23.141  2326  2326 I C02500/Qemud: Guest heartbeat success.
CST 2026-07-17 19:57:23.141  1790  1834 I C0430a/file_monitor_service: [MainMissionStatus:197]CanExit
CST 2026-07-17 19:57:23.141  1790  1834 I C0430a/file_monitor_service: [MainMissionStatus:203]SecondaryScanner idle
CST 2026-07-17 19:57:23.161  2500  3014 E C02e00/UPDATE_SA: [hap_connection.cpp(50)]GetHapRemoteObject, remoteObj is nullptr, bundle com.huawei.hmos.ouc
CST 2026-07-17 19:57:23.161  2500  3014 I C01352/ExtMgr: [extension_manager_client.cpp134]name:com.huawei.hmos.ouc ServiceExtAbility, userId:-1.
CST 2026-07-17 19:57:23.161   770  1062 I C01342/ServiceExt: [ABMS5529]element: com.huawei.hmos.ouc/ServiceExtAbility
CST 2026-07-17 19:57:23.162   770  1062 W C01123/BMSCommon: bundle not exist -n com.huawei.hmos.ouc -u 100 -i 0 -f 0
CST 2026-07-17 19:57:23.162   770  1062 W C01336/AMS: [start_ability_utils.cpp76]failed: com.huawei.hmos.ouc
CST 2026-07-17 19:57:23.162   770  1062 W C01336/AMS: [crowd_test_interceptor.cpp54]GetAppInfo failed
CST 2026-07-17 19:57:23.162   770  1062 W C01120/BMS: app_control_manager.cpp:GetAppRunningControlRule:397 getAppId failed,-n:com.huawei.hmos.ouc
CST 2026-07-17 19:57:23.162   770  1062 W C01123/BMSCommon: uid(6666) invalid
CST 2026-07-17 19:57:23.162   770  1062 I C01336/AMS: [start_ability_utils.cpp54]appIndex:-1
CST 2026-07-17 19:57:23.162   770  1062 W C01123/BMSCommon: bundle not exist -n com.huawei.hmos.ouc -u 100 -i 0 -f 1062
CST 2026-07-17 19:57:23.162   770  1062 I C01121/BMSQuery: ExplicitQueryAbility no match -n com.huawei.hmos.ouc -a ServiceExtAbility -u 100 -i 0
CST 2026-07-17 19:57:23.162   770  1062 W C01120/BMS: query abilitys_ext code 8521480
CST 2026-07-17 19:57:23.162   770  1062 W C01123/BMSCommon: bundle not exist -n com.huawei.hmos.ouc -u 100 -i 0 -f 1062
CST 2026-07-17 19:57:23.162   770  1062 W C01121/BMSQuery: bundle_data_mgr.cpp:ExplicitQueryExtensionInfo:7239 ExplicitQueryExtensionInfo failed
CST 2026-07-17 19:57:23.162   770  1062 I C01121/BMSQuery: ExplicitQueryExtension size:0 -n com.huawei.hmos.ouc -e ServiceExtAbility -u 100 -i 0
CST 2026-07-17 19:57:23.162   770  1062 W C01121/BMSQuery: bundle_data_mgr.cpp:GetCloneAppIndexes:2463 no bundleName com.huawei.hmos.ouc found
CST 2026-07-17 19:57:23.162   770  1062 W C01121/BMSQuery: bundle_mgr_host_impl.cpp:QueryExtensionAbilityInfos:3425 no valid extension info can be inquired
CST 2026-07-17 19:57:23.162   770  1062 E C01336/AMS: [start_ability_utils.cpp290]extensionInfo empty
CST 2026-07-17 19:57:23.162   770  1062 E C01342/ServiceExt: [ABMS5868]generate request error
CST 2026-07-17 19:57:23.163  2500  3014 E C02e00/UPDATE_SA: [hap_connection.cpp(82)]HapConnection call interface failed, ret 2097152
CST 2026-07-17 19:57:23.163  2500  3014 E C02e00/UPDATE_SA: [ouc_hap_connection.cpp(72)]SendRemoteRequest, can not connect to ouc
CST 2026-07-17 19:57:23.223   163   583 E C02510/devsvc_manager_stub: StubGetService service hmi_service not found
CST 2026-07-17 19:57:23.223   162   716 E C02510/hdi_servmgr_client: get hdi service hmi_service failed, -1
CST 2026-07-17 19:57:23.223   162   716 E C02510/hmi_interface_proxy: Get:get remote object failed!
CST 2026-07-17 19:57:23.223   162   716 I C02d19/CHR_SERVICE: [HmiClient][modem_log_client]GetService: hmiInterface is nullptr.
CST 2026-07-17 19:57:23.223   162   716 I C02d19/CHR_SERVICE: [HmiClient][modem_log_client]TryGetServiceDelayed: retryCount=18, delayed=4000.
CST 2026-07-17 19:57:23.269   697   768 I C02986/DisplayPowerBrightness: lux=[0/86378, 0/86526, 0/86684, 0/87838, 0/87983, 0/88129, ], bDelta=5.000000, dDelta=1.000000, size=56
CST 2026-07-17 19:57:23.370   779  1204 I C04621/CFWKService: [dynamic_thread_pool.cpp:227]ScheduleTask# thread 139908620262144 idle long time, current = 2, idle = 1, max = 64
CST 2026-07-17 19:57:23.370   779  1204 I C04621/CFWKService: [dynamic_thread_pool.cpp:276]ExitCurrentThread# thread 139908620262144 destroyed
CST 2026-07-17 19:57:23.654  2498  3272 I C04788/skytone_service: [SkyToneIpcInvokerLifecycleManager]ipc invoker loop task start
CST 2026-07-17 19:57:23.654  2498  3272 I C04788/skytone_service: [TaskHandler]post task success
CST 2026-07-17 19:57:23.706   143   143 I C01800/SAMGR: NF SA:65962,776_113
CST 2026-07-17 19:57:23.853  1522  1522 W A01c06/ICON: AppIconWeatherModel --> initWeatherListener, retryTimes: 4
CST 2026-07-17 19:57:23.857   468  1324 E C01707/CONCUR: [Interface] task 1324 apply qos failed, errno = 4
CST 2026-07-17 19:57:23.857   468  1324 E C01611/QosManager: QosManager: Failed to set thread QoS to QOS_USER_INTERACTIVE, ret: -1
CST 2026-07-17 19:57:23.857   770  1062 W C01123/BMSCommon: bundle not exist -n com.huawei.hmsapp.totemweather -u 100 -i 0 -f 32
CST 2026-07-17 19:57:23.857   770  1062 W C01121/BMSQuery: GetBundleInfo failed -n com.huawei.hmsapp.totemweather -u 100
CST 2026-07-17 19:57:23.857   468  1324 E C01651/BundleMgrProxy: GetBundleInfoFromBMS: GetBundleInfo failed!bundleName is com.huawei.hmsapp.totemweather, userId is 100
CST 2026-07-17 19:57:23.857   468  1324 E C01651/DataProviderConfig: GetFromProxyData: Get bundleInfo failed! bundleName:com.huawei.hmsapp.totemweather, userId:100, visitedId:100, uri:******icIconInfo
CST 2026-07-17 19:57:23.857   468  1324 E C01651/DataShareServiceImpl: GetBMSAndMetaDataStatus: CalledInfo failed! token:0x20087fab,ret:1001,uri:******icIconInfo
CST 2026-07-17 19:57:23.858   468  1324 E C01651/DataShareServiceImpl: GetSilentProxyStatus: BMS or metaData not ready to complete, token:0x20087fab, uri:******icIconInfo
CST 2026-07-17 19:57:23.858  1522  1522 E A01c06/ICON: AppIconWeatherModel --> get weather info failed, code: 15700010, message: The DataShareHelper is not initialized successfully.
CST 2026-07-17 19:57:23.907   143   143 I C01800/SAMGR: NF SA:65962,776_114
CST 2026-07-17 19:57:24.073   163   583 E C02510/devsvc_manager_stub: StubGetService service ril_ext not found
CST 2026-07-17 19:57:24.074   162   715 E C02510/hdi_servmgr_client: get hdi service ril_ext failed, -1
CST 2026-07-17 19:57:24.074   162   715 I C02d19/CHR_SERVICE: RilRadioRadarTunnel, ConnectRilAdapterService chrRadio_ is nullptr!
CST 2026-07-17 19:57:24.107   143   143 I C01800/SAMGR: NF SA:65962,776_115
CST 2026-07-17 19:57:24.142  1790  1834 I C0430a/file_monitor_service: [MainMissionStatus:197]CanExit
CST 2026-07-17 19:57:24.142  1790  1834 I C0430a/file_monitor_service: [MainMissionStatus:203]SecondaryScanner idle
CST 2026-07-17 19:57:24.153   163   583 E C02510/devsvc_manager_stub: StubGetService service hmi_service not found
CST 2026-07-17 19:57:24.153   162   715 E C02510/hdi_servmgr_client: get hdi service hmi_service failed, -1
CST 2026-07-17 19:57:24.153   162   715 E C02510/hmi_interface_proxy: Get:get remote object failed!
CST 2026-07-17 19:57:24.153   162   715 I C02d19/CHR_SERVICE: [HmiClient][chr_client]GetService: hmiInterface is nullptr.
CST 2026-07-17 19:57:24.153   162   715 I C02d19/CHR_SERVICE: [HmiClient][chr_client]TryGetServiceDelayed: retryCount=18, delayed=4000.
CST 2026-07-17 19:57:24.163  2500  3014 E C02e00/UPDATE_SA: [hap_connection.cpp(50)]GetHapRemoteObject, remoteObj is nullptr, bundle com.huawei.hmos.ouc
CST 2026-07-17 19:57:24.163  2500  3014 I C01352/ExtMgr: [extension_manager_client.cpp134]name:com.huawei.hmos.ouc ServiceExtAbility, userId:-1.
CST 2026-07-17 19:57:24.163   770  1062 I C01342/ServiceExt: [ABMS5529]element: com.huawei.hmos.ouc/ServiceExtAbility
CST 2026-07-17 19:57:24.163   770  1062 W C01123/BMSCommon: bundle not exist -n com.huawei.hmos.ouc -u 100 -i 0 -f 0
CST 2026-07-17 19:57:24.163   770  1062 W C01336/AMS: [start_ability_utils.cpp76]failed: com.huawei.hmos.ouc
CST 2026-07-17 19:57:24.163   770  1062 W C01336/AMS: [crowd_test_interceptor.cpp54]GetAppInfo failed
CST 2026-07-17 19:57:24.163   770  1062 W C01120/BMS: app_control_manager.cpp:GetAppRunningControlRule:397 getAppId failed,-n:com.huawei.hmos.ouc
CST 2026-07-17 19:57:24.164   770  1062 W C01123/BMSCommon: uid(6666) invalid
CST 2026-07-17 19:57:24.164   770  1062 I C01336/AMS: [start_ability_utils.cpp54]appIndex:-1
CST 2026-07-17 19:57:24.164   770  1062 W C01123/BMSCommon: bundle not exist -n com.huawei.hmos.ouc -u 100 -i 0 -f 1062
CST 2026-07-17 19:57:24.164   770  1062 I C01121/BMSQuery: ExplicitQueryAbility no match -n com.huawei.hmos.ouc -a ServiceExtAbility -u 100 -i 0
CST 2026-07-17 19:57:24.164   770  1062 W C01120/BMS: query abilitys_ext code 8521480
CST 2026-07-17 19:57:24.164   770  1062 W C01123/BMSCommon: bundle not exist -n com.huawei.hmos.ouc -u 100 -i 0 -f 1062
CST 2026-07-17 19:57:24.164   770  1062 W C01121/BMSQuery: bundle_data_mgr.cpp:ExplicitQueryExtensionInfo:7239 ExplicitQueryExtensionInfo failed
CST 2026-07-17 19:57:24.164   770  1062 I C01121/BMSQuery: ExplicitQueryExtension size:0 -n com.huawei.hmos.ouc -e ServiceExtAbility -u 100 -i 0
CST 2026-07-17 19:57:24.164   770  1062 W C01121/BMSQuery: bundle_data_mgr.cpp:GetCloneAppIndexes:2463 no bundleName com.huawei.hmos.ouc found
CST 2026-07-17 19:57:24.164   770  1062 W C01121/BMSQuery: bundle_mgr_host_impl.cpp:QueryExtensionAbilityInfos:3425 no valid extension info can be inquired
CST 2026-07-17 19:57:24.164   770  1062 E C01336/AMS: [start_ability_utils.cpp290]extensionInfo empty
CST 2026-07-17 19:57:24.164   770  1062 E C01342/ServiceExt: [ABMS5868]generate request error
CST 2026-07-17 19:57:24.164  2500  3014 E C02e00/UPDATE_SA: [hap_connection.cpp(82)]HapConnection call interface failed, ret 2097152
CST 2026-07-17 19:57:24.164  2500  3014 E C02e00/UPDATE_SA: [ouc_hap_connection.cpp(72)]SendRemoteRequest, can not connect to ouc
CST 2026-07-17 19:57:24.307   143   143 I C01800/SAMGR: NF SA:65962,776_116
CST 2026-07-17 19:57:24.508   143   143 I C01800/SAMGR: NF SA:65962,776_117
CST 2026-07-17 19:57:24.708   143   143 I C01800/SAMGR: NF SA:65962,776_118
CST 2026-07-17 19:57:24.859  1522  1522 W A01c06/ICON: AppIconWeatherModel --> initWeatherListener, retryTimes: 4
CST 2026-07-17 19:57:24.865   468  1324 E C01707/CONCUR: [Interface] task 1324 apply qos failed, errno = 4
CST 2026-07-17 19:57:24.865   468  1324 E C01611/QosManager: QosManager: Failed to set thread QoS to QOS_USER_INTERACTIVE, ret: -1
CST 2026-07-17 19:57:24.865   770  1062 W C01123/BMSCommon: bundle not exist -n com.huawei.hmsapp.totemweather -u 100 -i 0 -f 32
CST 2026-07-17 19:57:24.865   770  1062 W C01121/BMSQuery: GetBundleInfo failed -n com.huawei.hmsapp.totemweather -u 100
CST 2026-07-17 19:57:24.866   468  1324 E C01651/BundleMgrProxy: GetBundleInfoFromBMS: GetBundleInfo failed!bundleName is com.huawei.hmsapp.totemweather, userId is 100
CST 2026-07-17 19:57:24.866   468  1324 E C01651/DataProviderConfig: GetFromProxyData: Get bundleInfo failed! bundleName:com.huawei.hmsapp.totemweather, userId:100, visitedId:100, uri:******icIconInfo
CST 2026-07-17 19:57:24.866   468  1324 E C01651/DataShareServiceImpl: GetBMSAndMetaDataStatus: CalledInfo failed! token:0x20087fab,ret:1001,uri:******icIconInfo
CST 2026-07-17 19:57:24.866   468  1324 E C01651/DataShareServiceImpl: GetSilentProxyStatus: BMS or metaData not ready to complete, token:0x20087fab, uri:******icIconInfo
CST 2026-07-17 19:57:24.866  1522  1522 E A01c06/ICON: AppIconWeatherModel --> get weather info failed, code: 15700010, message: The DataShareHelper is not initialized successfully.
CST 2026-07-17 19:57:24.909   143   143 I C01800/SAMGR: NF SA:65962,776_119
CST 2026-07-17 19:57:24.909   776   858 E C01810/SA_CLIENT: GetSaWrap SA:65962 not start
CST 2026-07-17 19:57:24.909   776   858 I C01409/APS_MANAGER: request system service object is not ready yet!
CST 2026-07-17 19:57:25.000   441   449 W C01c42/TimeService: uid:1096 id:1682169951 wk:0
CST 2026-07-17 19:57:25.000   441   449 W C01c42/TimeService: id:1682169951 we:94859
CST 2026-07-17 19:57:25.000   441   449 W C01c42/TimeService: t3 94859
CST 2026-07-17 19:57:25.142  1790  1834 I C0430a/file_monitor_service: [MainMissionStatus:197]CanExit
CST 2026-07-17 19:57:25.142  1790  1834 I C0430a/file_monitor_service: [MainMissionStatus:203]SecondaryScanner idle
CST 2026-07-17 19:57:25.165  2500  3014 E C02e00/UPDATE_SA: [hap_connection.cpp(50)]GetHapRemoteObject, remoteObj is nullptr, bundle com.huawei.hmos.ouc
CST 2026-07-17 19:57:25.165  2500  3014 I C01352/ExtMgr: [extension_manager_client.cpp134]name:com.huawei.hmos.ouc ServiceExtAbility, userId:-1.
CST 2026-07-17 19:57:25.165   770  1062 I C01342/ServiceExt: [ABMS5529]element: com.huawei.hmos.ouc/ServiceExtAbility
CST 2026-07-17 19:57:25.165   770  1062 W C01123/BMSCommon: bundle not exist -n com.huawei.hmos.ouc -u 100 -i 0 -f 0
CST 2026-07-17 19:57:25.165   770  1062 W C01336/AMS: [start_ability_utils.cpp76]failed: com.huawei.hmos.ouc
CST 2026-07-17 19:57:25.165   770  1062 W C01336/AMS: [crowd_test_interceptor.cpp54]GetAppInfo failed
CST 2026-07-17 19:57:25.165   770  1062 W C01120/BMS: app_control_manager.cpp:GetAppRunningControlRule:397 getAppId failed,-n:com.huawei.hmos.ouc
CST 2026-07-17 19:57:25.165   770  1062 W C01123/BMSCommon: uid(6666) invalid
CST 2026-07-17 19:57:25.166   770  1062 I C01336/AMS: [start_ability_utils.cpp54]appIndex:-1
CST 2026-07-17 19:57:25.166   770  1062 W C01123/BMSCommon: bundle not exist -n com.huawei.hmos.ouc -u 100 -i 0 -f 1062
CST 2026-07-17 19:57:25.166   770  1062 I C01121/BMSQuery: ExplicitQueryAbility no match -n com.huawei.hmos.ouc -a ServiceExtAbility -u 100 -i 0
CST 2026-07-17 19:57:25.166   770  1062 W C01120/BMS: query abilitys_ext code 8521480
CST 2026-07-17 19:57:25.166   770  1062 W C01123/BMSCommon: bundle not exist -n com.huawei.hmos.ouc -u 100 -i 0 -f 1062
CST 2026-07-17 19:57:25.166   770  1062 W C01121/BMSQuery: bundle_data_mgr.cpp:ExplicitQueryExtensionInfo:7239 ExplicitQueryExtensionInfo failed
CST 2026-07-17 19:57:25.166   770  1062 I C01121/BMSQuery: ExplicitQueryExtension size:0 -n com.huawei.hmos.ouc -e ServiceExtAbility -u 100 -i 0
CST 2026-07-17 19:57:25.166   770  1062 W C01121/BMSQuery: bundle_data_mgr.cpp:GetCloneAppIndexes:2463 no bundleName com.huawei.hmos.ouc found
CST 2026-07-17 19:57:25.166   770  1062 W C01121/BMSQuery: bundle_mgr_host_impl.cpp:QueryExtensionAbilityInfos:3425 no valid extension info can be inquired
CST 2026-07-17 19:57:25.166   770  1062 E C01336/AMS: [start_ability_utils.cpp290]extensionInfo empty
CST 2026-07-17 19:57:25.166   770  1062 E C01342/ServiceExt: [ABMS5868]generate request error
CST 2026-07-17 19:57:25.166  2500  3014 E C02e00/UPDATE_SA: [hap_connection.cpp(82)]HapConnection call interface failed, ret 2097152
CST 2026-07-17 19:57:25.167  2500  3014 E C02e00/UPDATE_SA: [ouc_hap_connection.cpp(72)]SendRemoteRequest, can not connect to ouc
CST 2026-07-17 19:57:25.167  2500  3014 E C02e00/UPDATE_SA: [ouc_hap_connection.cpp(279)]SendMessage request failed, code: 5
CST 2026-07-17 19:57:25.306   697  1723 I C02986/DisplayPowerBrightness: lux=[0/89438, 0/89584, 0/89729, 0/89875, 0/90021, 0/90166, ], bDelta=5.000000, dDelta=1.000000, size=56
CST 2026-07-17 19:57:25.347   162  1329 E C02d66/XPerf: [InquiryOhImpl::ExtractStringValue] Canonical FilePath: /sys/class/ithermal/lpm/lpm_freq failed.
CST 2026-07-17 19:57:25.348   162  1329 E C02d66/XPerf: [InquiryOhImpl::ExtractStringValue] Canonical FilePath: /sys/class/power_supply/Battery/status failed.
CST 2026-07-17 19:57:25.422  3484  3484 W C02c02/PARAM: Selinux check name persist.init.debug.loglevel in u:object_r:startup_init_param:s0 [3484 2000 2000] failed
CST 2026-07-17 19:57:25.422  3484  3484 W C02c02/PARAM: Selinux check name persist.init.debug.loglevel in u:object_r:startup_init_param:s0 [3484 2000 2000] failed
CST 2026-07-17 19:57:25.422  3484  3484 W C02c02/PARAM: SystemReadParam failed!name is:persist.init.debug.loglevel,err:1002
CST 2026-07-17 19:57:25.429  3486  3486 W C02c02/PARAM: Selinux check name persist.init.debug.loglevel in u:object_r:startup_init_param:s0 [3486 2000 2000] failed
CST 2026-07-17 19:57:25.429  3487  3487 W C02c02/PARAM: Selinux check name persist.init.debug.loglevel in u:object_r:startup_init_param:s0 [3487 2000 2000] failed
CST 2026-07-17 19:57:25.429  3487  3487 W C02c02/PARAM: Selinux check name persist.init.debug.loglevel in u:object_r:startup_init_param:s0 [3487 2000 2000] failed
CST 2026-07-17 19:57:25.429  3487  3487 W C02c02/PARAM: SystemReadParam failed!name is:persist.init.debug.loglevel,err:1002
CST 2026-07-17 19:57:25.429  3488  3488 W C02c02/PARAM: Selinux check name persist.init.debug.loglevel in u:object_r:startup_init_param:s0 [3488 2000 2000] failed
CST 2026-07-17 19:57:25.429  3486  3486 W C02c02/PARAM: Selinux check name persist.init.debug.loglevel in u:object_r:startup_init_param:s0 [3486 2000 2000] failed
CST 2026-07-17 19:57:25.429  3486  3486 W C02c02/PARAM: SystemReadParam failed!name is:persist.init.debug.loglevel,err:1002
CST 2026-07-17 19:57:25.429  3488  3488 W C02c02/PARAM: Selinux check name persist.init.debug.loglevel in u:object_r:startup_init_param:s0 [3488 2000 2000] failed
CST 2026-07-17 19:57:25.429  3488  3488 W C02c02/PARAM: SystemReadParam failed!name is:persist.init.debug.loglevel,err:1002
CST 2026-07-17 19:57:25.437  3489  3489 W C02c02/PARAM: Selinux check name persist.init.debug.loglevel in u:object_r:startup_init_param:s0 [3489 2000 2000] failed
CST 2026-07-17 19:57:25.437  3489  3489 W C02c02/PARAM: Selinux check name persist.init.debug.loglevel in u:object_r:startup_init_param:s0 [3489 2000 2000] failed
CST 2026-07-17 19:57:25.437  3489  3489 W C02c02/PARAM: SystemReadParam failed!name is:persist.init.debug.loglevel,err:1002
CST 2026-07-17 19:57:25.447  3490  3490 W C02c02/PARAM: Selinux check name persist.init.debug.loglevel in u:object_r:startup_init_param:s0 [3490 2000 2000] failed
CST 2026-07-17 19:57:25.447  3490  3490 W C02c02/PARAM: Selinux check name persist.init.debug.loglevel in u:object_r:startup_init_param:s0 [3490 2000 2000] failed
CST 2026-07-17 19:57:25.447  3490  3490 W C02c02/PARAM: SystemReadParam failed!name is:persist.init.debug.loglevel,err:1002
CST 2026-07-17 19:57:25.615  1660  2041 I C02b70/MediaLibrary: FileChangeProcessor:{LoopEnterBase:232} detach self, task num: 0, threads num: 0
CST 2026-07-17 19:57:25.615  1660  2041 I C02b70/MediaLibrary: MediaLakeCheckManager:{operator():184} tid: 2041, thread(MonitorFileChg0-139809779350272): exit. thread num :0
CST 2026-07-17 19:57:25.646  3492  3492 W C02c02/PARAM: Selinux check name persist.init.debug.loglevel in u:object_r:startup_init_param:s0 [3492 2000 2000] failed
CST 2026-07-17 19:57:25.646  3492  3492 W C02c02/PARAM: Selinux check name persist.init.debug.loglevel in u:object_r:startup_init_param:s0 [3492 2000 2000] failed
CST 2026-07-17 19:57:25.646  3492  3492 W C02c02/PARAM: SystemReadParam failed!name is:persist.init.debug.loglevel,err:1002
CST 2026-07-17 19:57:25.653  3494  3494 W C02c02/PARAM: Selinux check name persist.init.debug.loglevel in u:object_r:startup_init_param:s0 [3494 2000 2000] failed
CST 2026-07-17 19:57:25.653  3494  3494 W C02c02/PARAM: Selinux check name persist.init.debug.loglevel in u:object_r:startup_init_param:s0 [3494 2000 2000] failed
CST 2026-07-17 19:57:25.653  3494  3494 W C02c02/PARAM: SystemReadParam failed!name is:persist.init.debug.loglevel,err:1002
CST 2026-07-17 19:57:25.660  3495  3495 W C02c02/PARAM: Selinux check name persist.init.debug.loglevel in u:object_r:startup_init_param:s0 [3495 2000 2000] failed
CST 2026-07-17 19:57:25.660  3495  3495 W C02c02/PARAM: Selinux check name persist.init.debug.loglevel in u:object_r:startup_init_param:s0 [3495 2000 2000] failed
CST 2026-07-17 19:57:25.660  3495  3495 W C02c02/PARAM: SystemReadParam failed!name is:persist.init.debug.loglevel,err:1002
CST 2026-07-17 19:57:25.749   468  3403 W C01c30/SclockKit: [screenlock_manager.cpp(GetProxy:393)]Redo GetScreenLockManagerProxy
CST 2026-07-17 19:57:25.750   468  3403 E C01630/DistributedDB: [RelationalStore] Get schema failed when get download assets count, -1075, tableName: clo***ups, length: 12
CST 2026-07-17 19:57:25.750   468  3403 I C01630/DistributedDB: [RelationalStore Delegate] Get device sync task count 0
CST 2026-07-17 19:57:25.750   468  3403 I C01630/DistributedDB: erase all observer for this delegate.
CST 2026-07-17 19:57:25.750   468  3403 I C01630/DistributedDB: [RelationalStore Delegate] Close
CST 2026-07-17 19:57:25.750   468  3403 I C01655/RdbGeneralStore: ~RdbGeneralStore: 100,com.ohos.contactsdataability,537332348,con***
CST 2026-07-17 19:57:25.750   468  3403 I C01611/AutoCache: GarbageCollect: GarbageCollect end. remove count:1, remain count:1
CST 2026-07-17 19:57:25.875  1522  1522 W A01c06/ICON: AppIconWeatherModel --> initWeatherListener, retryTimes: 4
CST 2026-07-17 19:57:25.884   468  1324 E C01707/CONCUR: [Interface] task 1324 apply qos failed, errno = 4
CST 2026-07-17 19:57:25.884   468  1324 E C01611/QosManager: QosManager: Failed to set thread QoS to QOS_USER_INTERACTIVE, ret: -1
CST 2026-07-17 19:57:25.884   770  1062 W C01123/BMSCommon: bundle not exist -n com.huawei.hmsapp.totemweather -u 100 -i 0 -f 32
CST 2026-07-17 19:57:25.884   770  1062 W C01121/BMSQuery: GetBundleInfo failed -n com.huawei.hmsapp.totemweather -u 100
CST 2026-07-17 19:57:25.884   468  1324 E C01651/BundleMgrProxy: GetBundleInfoFromBMS: GetBundleInfo failed!bundleName is com.huawei.hmsapp.totemweather, userId is 100
CST 2026-07-17 19:57:25.884   468  1324 E C01651/DataProviderConfig: GetFromProxyData: Get bundleInfo failed! bundleName:com.huawei.hmsapp.totemweather, userId:100, visitedId:100, uri:******icIconInfo
CST 2026-07-17 19:57:25.884   468  1324 E C01651/DataShareServiceImpl: GetBMSAndMetaDataStatus: CalledInfo failed! token:0x20087fab,ret:1001,uri:******icIconInfo
CST 2026-07-17 19:57:25.884   468  1324 E C01651/DataShareServiceImpl: GetSilentProxyStatus: BMS or metaData not ready to complete, token:0x20087fab, uri:******icIconInfo
CST 2026-07-17 19:57:25.884  1522  1522 E A01c06/ICON: AppIconWeatherModel --> get weather info failed, code: 15700010, message: The DataShareHelper is not initialized successfully.
CST 2026-07-17 19:57:25.976  3499  3499 W C02c02/PARAM: Selinux check name persist.init.debug.loglevel in u:object_r:startup_init_param:s0 [3499 2000 2000] failed
CST 2026-07-17 19:57:25.977  3499  3499 W C02c02/PARAM: Selinux check name persist.init.debug.loglevel in u:object_r:startup_init_param:s0 [3499 2000 2000] failed
CST 2026-07-17 19:57:25.977  3499  3499 W C02c02/PARAM: SystemReadParam failed!name is:persist.init.debug.loglevel,err:1002
CST 2026-07-17 19:57:25.983  3499  3499 W C02c02/PARAM: Selinux check name persist.init.debug.loglevel in u:object_r:startup_init_param:s0 [3499 2000 2000] failed
CST 2026-07-17 19:57:25.983  3499  3499 W C02c02/PARAM: Selinux check name persist.init.debug.loglevel in u:object_r:startup_init_param:s0 [3499 2000 2000] failed
CST 2026-07-17 19:57:25.983  3499  3499 W C02c02/PARAM: SystemReadParam failed!name is:persist.init.debug.loglevel,err:1002
CST 2026-07-17 19:57:26.052   162  1096 I C02d01/FreezeDetector: ProcessEvent: process event [AAFWK, LIFECYCLE_HALF_TIMEOUT, 1522]
CST 2026-07-17 19:57:26.060   162  1096 I C02d01/FreezeDetector: ResolveEvent: list size 1 for pid:1522
CST 2026-07-17 19:57:26.060   162  1096 W C02d01/FreezeDetector: ProcessEvent: no match event for event [AAFWK, LIFECYCLE_HALF_TIMEOUT]
CST 2026-07-17 19:57:26.060   162  1096 E C02d01/FreezeDetector: ProcessEvent: FreezeResolver ProcessEvent filled.
CST 2026-07-17 19:57:26.141  2326  2326 I C02500/Qemud: Guest heartbeat success.
CST 2026-07-17 19:57:26.142  1790  1834 I C0430a/file_monitor_service: [MainMissionStatus:197]CanExit
CST 2026-07-17 19:57:26.142  1790  1834 I C0430a/file_monitor_service: [MainMissionStatus:203]SecondaryScanner idle
CST 2026-07-17 19:57:26.145   590   783 W C02943/ThermalHdi: Read node failed, title = brightness
CST 2026-07-17 19:57:26.145   590   783 W C02943/ThermalHdi: Read node failed, title = 
CST 2026-07-17 19:57:26.145   590   783 W C02943/ThermalHdi: Read node failed, title = 
CST 2026-07-17 19:57:26.145   590   783 W C02943/ThermalHdi: Read node failed, title = 
CST 2026-07-17 19:57:26.145   590   783 W C02943/ThermalHdi: Read node failed, title = 
CST 2026-07-17 19:57:26.145   590   783 W C02943/ThermalHdi: Read node failed, title = 
CST 2026-07-17 19:57:26.145   590   783 W C02943/ThermalHdi: Read node failed, title = 
CST 2026-07-17 19:57:26.145   590   783 W C02943/ThermalHdi: Read node failed, title = 
CST 2026-07-17 19:57:26.145   590   783 W C02943/ThermalHdi: Read node failed, title = 
CST 2026-07-17 19:57:26.145   590   783 W C02943/ThermalHdi: Read node failed, title = 
CST 2026-07-17 19:57:26.145   590   783 W C02943/ThermalHdi: Read node failed, title = 
CST 2026-07-17 19:57:26.145   590   783 W C02943/ThermalHdi: Read node failed, title = 
CST 2026-07-17 19:57:26.145   590   783 W C02943/ThermalHdi: Read node failed, title = 
CST 2026-07-17 19:57:26.145   590   783 W C02943/ThermalHdi: Read node failed, title = 
CST 2026-07-17 19:57:26.145   590   783 W C02943/ThermalHdi: Read node failed, title = 
CST 2026-07-17 19:57:26.145   590   783 W C02943/ThermalHdi: Read node failed, title = 
CST 2026-07-17 19:57:26.145   590   783 W C02943/ThermalHdi: Read node failed, title = 
CST 2026-07-17 19:57:26.145   590   783 W C02943/ThermalHdi: Read node failed, title = 
CST 2026-07-17 19:57:26.145   590   783 W C02943/ThermalHdi: Read node failed, title = 
CST 2026-07-17 19:57:26.145   590   783 W C02943/ThermalHdi: Read node failed, title = 
CST 2026-07-17 19:57:26.145   590   783 W C02943/ThermalHdi: Read node failed, title = 
CST 2026-07-17 19:57:26.145   590   783 W C02943/ThermalHdi: Read node failed, title = 
CST 2026-07-17 19:57:26.145   590   783 W C02943/ThermalHdi: Read node failed, title = 
CST 2026-07-17 19:57:26.145   590   783 W C02943/ThermalHdi: Read node failed, title = 
CST 2026-07-17 19:57:26.145   590   783 W C02943/ThermalHdi: Read node failed, title = 
CST 2026-07-17 19:57:26.145   590   783 W C02943/ThermalHdi: Read node failed, title = ambient
CST 2026-07-17 19:57:26.145   590   783 W C02943/ThermalHdi: Read node failed, title = ibat
CST 2026-07-17 19:57:26.145   590   783 W C02943/ThermalHdi: Read node failed, title = vbat
CST 2026-07-17 19:57:26.145   590   783 W C02943/ThermalHdi: Read node failed, title = cpu0_min_freq
CST 2026-07-17 19:57:26.145   590   783 W C02943/ThermalHdi: Read node failed, title = cpu0_cur_freq
CST 2026-07-17 19:57:26.145   590   783 W C02943/ThermalHdi: Read node failed, title = cpu0_max_freq
CST 2026-07-17 19:57:26.145   590   783 W C02943/ThermalHdi: Read node failed, title = cpu4_min_freq
CST 2026-07-17 19:57:26.145   590   783 W C02943/ThermalHdi: Read node failed, title = cpu4_cur_freq
CST 2026-07-17 19:57:26.145   590   783 W C02943/ThermalHdi: Read node failed, title = cpu4_max_freq
CST 2026-07-17 19:57:26.145   590   783 W C02943/ThermalHdi: Read node failed, title = cpu7_min_freq
CST 2026-07-17 19:57:26.145   590   783 W C02943/ThermalHdi: Read node failed, title = cpu7_cur_freq
CST 2026-07-17 19:57:26.145   590   783 W C02943/ThermalHdi: Read node failed, title = cpu7_max_freq
CST 2026-07-17 19:57:26.145   590   783 W C02943/ThermalHdi: Read node failed, title = gpu_min_freq
CST 2026-07-17 19:57:26.145   590   783 W C02943/ThermalHdi: Read node failed, title = gpu_cur_freq
CST 2026-07-17 19:57:26.145   590   783 W C02943/ThermalHdi: Read node failed, title = gpu_max_freq
CST 2026-07-17 19:57:26.145   590   783 W C02943/ThermalHdi: Read node failed, title = ddr_cur_freq
CST 2026-07-17 19:57:26.145   590   783 W C02943/ThermalHdi: Read node failed, title = set_IPApower
CST 2026-07-17 19:57:26.145   590   783 W C02943/ThermalHdi: Read node failed, title = cur_IPApower
CST 2026-07-17 19:57:26.145   590   783 W C02943/ThermalHdi: get node failed
CST 2026-07-17 19:57:26.146   590   783 W C02943/ThermalHdi: get node failed
CST 2026-07-17 19:57:26.146   590   783 W C02943/ThermalHdi: get node failed
CST 2026-07-17 19:57:26.167  2500  3014 E C02e00/UPDATE_SA: [hap_connection.cpp(50)]GetHapRemoteObject, remoteObj is nullptr, bundle com.huawei.hmos.ouc
CST 2026-07-17 19:57:26.167  2500  3014 I C01352/ExtMgr: [extension_manager_client.cpp134]name:com.huawei.hmos.ouc ServiceExtAbility, userId:-1.
CST 2026-07-17 19:57:26.167   770  1062 I C01342/ServiceExt: [ABMS5529]element: com.huawei.hmos.ouc/ServiceExtAbility
CST 2026-07-17 19:57:26.167   770  1062 W C01123/BMSCommon: bundle not exist -n com.huawei.hmos.ouc -u 100 -i 0 -f 0
CST 2026-07-17 19:57:26.167   770  1062 W C01336/AMS: [start_ability_utils.cpp76]failed: com.huawei.hmos.ouc
CST 2026-07-17 19:57:26.167   770  1062 W C01336/AMS: [crowd_test_interceptor.cpp54]GetAppInfo failed
CST 2026-07-17 19:57:26.167   770  1062 W C01120/BMS: app_control_manager.cpp:GetAppRunningControlRule:397 getAppId failed,-n:com.huawei.hmos.ouc
CST 2026-07-17 19:57:26.167   770  1062 W C01123/BMSCommon: uid(6666) invalid
CST 2026-07-17 19:57:26.168   770  1062 I C01336/AMS: [start_ability_utils.cpp54]appIndex:-1
CST 2026-07-17 19:57:26.168   770  1062 W C01123/BMSCommon: bundle not exist -n com.huawei.hmos.ouc -u 100 -i 0 -f 1062
CST 2026-07-17 19:57:26.168   770  1062 I C01121/BMSQuery: ExplicitQueryAbility no match -n com.huawei.hmos.ouc -a ServiceExtAbility -u 100 -i 0
CST 2026-07-17 19:57:26.168   770  1062 W C01120/BMS: query abilitys_ext code 8521480
CST 2026-07-17 19:57:26.168   770  1062 W C01123/BMSCommon: bundle not exist -n com.huawei.hmos.ouc -u 100 -i 0 -f 1062
CST 2026-07-17 19:57:26.168   770  1062 W C01121/BMSQuery: bundle_data_mgr.cpp:ExplicitQueryExtensionInfo:7239 ExplicitQueryExtensionInfo failed
CST 2026-07-17 19:57:26.168   770  1062 I C01121/BMSQuery: ExplicitQueryExtension size:0 -n com.huawei.hmos.ouc -e ServiceExtAbility -u 100 -i 0
CST 2026-07-17 19:57:26.168   770  1062 W C01121/BMSQuery: bundle_data_mgr.cpp:GetCloneAppIndexes:2463 no bundleName com.huawei.hmos.ouc found
CST 2026-07-17 19:57:26.168   770  1062 W C01121/BMSQuery: bundle_mgr_host_impl.cpp:QueryExtensionAbilityInfos:3425 no valid extension info can be inquired
CST 2026-07-17 19:57:26.168   770  1062 E C01336/AMS: [start_ability_utils.cpp290]extensionInfo empty
CST 2026-07-17 19:57:26.168   770  1062 E C01342/ServiceExt: [ABMS5868]generate request error
CST 2026-07-17 19:57:26.168  2500  3014 E C02e00/UPDATE_SA: [hap_connection.cpp(82)]HapConnection call interface failed, ret 2097152
CST 2026-07-17 19:57:26.168  2500  3014 E C02e00/UPDATE_SA: [ouc_hap_connection.cpp(72)]SendRemoteRequest, can not connect to ouc
CST 2026-07-17 19:57:26.206  1522  1522 E C03f05/NAPI: DfxCollectStackWithDepth is not loaded in taskpool/worker.
CST 2026-07-17 19:57:26.207  1522  1522 I C03f05/NAPI: taskpool:: Task Allocation: 1119551099, 1
CST 2026-07-17 19:57:26.207  1522  1522 I A01b01/HOME: LauncherStartup: checkAndReportDfx startUpStr:1.1784289386205_INIT_SCENE_BOARD,2.1784289387436_INIT_RDB_BEGIN,3.1784289388232_INIT_RDB_END,4.1784289388597_LOAD_UI_CONTENT,5.1784289389851_ENTRY_VIEW,6.1784289391112_PHONE_STAGE,7.1784289391216_DESKTOP_VM,8.1784289391217_PERSIST_CONFIG,9.1784289391217_PERSIST_CONFIG_userId:100_launcherMode:0,10.1784289391245_SCB_DESKTOP,11.1784289391258_RESIDENT_CACHE_MGR,12.1784289391810_SMART_DOCK_VM,13.1784289391940_SMART_DOCK,14.1784289394814_RESIDENT_INIT_DB_gridlayout_info|false|2|gridlayout_info,15.1784289394918_PERSIST_CONFIG_PAGE_pages:2,16.1784289395010_PERSIST_CONFIG_DB,17.1784289395010_LOAD_DB_len:5,18.1784289395069_RESIDENT_INIT_SEND,19.1784289395069_DOCK_INIT,20.1784289395446_LOAD_BMS_len:7,21.1784289395561_CORRECTOR_CHAIN_DEL:{BundleChangeCorrector:(29_9df88b64-ed38-414d-bfd4-ba9b8b1179c9_0_cn.alfadb.netbird.e3vpnbEntryAbilityentry0_-100_1_0_1)},22.1784289395561_CORRECTOR_len:4,23.1784289395563_FILTER_BY_BMS_len:4,24.1784289395565_INIT_CACHE,25.1784289395565_INIT_CACHE,26.1784289395986_GRID_INIT,27.1784289395986_LOAD_GRID,28.1784289395994_INIT_LOCK,29.1784289395995_APPEND_FORM_DATA,30.1784289395996_PAGE_FILTER_APP_4_4_4,31.1784289395998_PRELOAD_check_appListInfoChange_100_true_1_false,32.1784289396000_PAGING_FILTERING,33.1784289396257_PRELOAD_check_SwiperOnAppear_100_true_1_true,34.1784289396258_PRELOAD_begin_SwiperOnAppear_1_0,35.1784289396294_PRELOAD_FINISHED,36.1784289396329_VOTE_FINISHED,37.1784289401070_PRELOAD_check_appListInfoChange_100_true_2_true,38.1784289401070_PRELOAD_begin_appListInfoChange_2_0,39.1784289401143_PRELOAD_check_appListInfoChange_100_false_2_true,40.1784289401295_PRELOAD_FINISHED,41.1784289402980_PRELOAD_check_appListInfoChange_100_false_2_true,42.1784289402997_PRELOAD_check_appListInfoChange_100_false_2_true
CST 2026-07-17 19:57:26.207  1522  2160 I C03f05/NAPI: taskpool:: Task Perform: r98, 1119551099, runningLoop: 139810947635168
CST 2026-07-17 19:57:26.740  1522  1522 I C00501/Settings: n_g_v
CST 2026-07-17 19:57:26.740  1522  1667 I C00501/Settings: Get key: device_provisioned
CST 2026-07-17 19:57:26.740  1522  1667 I C00501/Settings: u_c
CST 2026-07-17 19:57:26.747   468  1324 E C01707/CONCUR: [Interface] task 1324 apply qos failed, errno = 4
CST 2026-07-17 19:57:26.747   468  1324 E C01611/QosManager: QosManager: Failed to set thread QoS to QOS_USER_INTERACTIVE, ret: -1
CST 2026-07-17 19:57:26.749  1522  1667 I C00501/Settings: numRows 1, error code 0
CST 2026-07-17 19:57:26.749  1522  1667 I C00501/Settings: n_g_v_e 1******
CST 2026-07-17 19:57:26.749  1522  1522 I C00501/Settings: c_p
CST 2026-07-17 19:57:26.749  1522  1522 I A01b01/HOME: SCBOobeManager: SettingsValue: 1 provisioned: 1
CST 2026-07-17 19:57:26.885  1522  1522 W A01c06/ICON: AppIconWeatherModel --> initWeatherListener, retryTimes: 4
CST 2026-07-17 19:57:26.892   468  1324 E C01707/CONCUR: [Interface] task 1324 apply qos failed, errno = 4
CST 2026-07-17 19:57:26.892   468  1324 E C01611/QosManager: QosManager: Failed to set thread QoS to QOS_USER_INTERACTIVE, ret: -1
CST 2026-07-17 19:57:26.893   770  1062 W C01123/BMSCommon: bundle not exist -n com.huawei.hmsapp.totemweather -u 100 -i 0 -f 32
CST 2026-07-17 19:57:26.893   770  1062 W C01121/BMSQuery: GetBundleInfo failed -n com.huawei.hmsapp.totemweather -u 100
CST 2026-07-17 19:57:26.893   468  1324 E C01651/BundleMgrProxy: GetBundleInfoFromBMS: GetBundleInfo failed!bundleName is com.huawei.hmsapp.totemweather, userId is 100
CST 2026-07-17 19:57:26.893   468  1324 E C01651/DataProviderConfig: GetFromProxyData: Get bundleInfo failed! bundleName:com.huawei.hmsapp.totemweather, userId:100, visitedId:100, uri:******icIconInfo
CST 2026-07-17 19:57:26.893   468  1324 E C01651/DataShareServiceImpl: GetBMSAndMetaDataStatus: CalledInfo failed! token:0x20087fab,ret:1001,uri:******icIconInfo
CST 2026-07-17 19:57:26.893   468  1324 E C01651/DataShareServiceImpl: GetSilentProxyStatus: BMS or metaData not ready to complete, token:0x20087fab, uri:******icIconInfo
CST 2026-07-17 19:57:26.893  1522  1522 E A01c06/ICON: AppIconWeatherModel --> get weather info failed, code: 15700010, message: The DataShareHelper is not initialized successfully.
CST 2026-07-17 19:57:26.910   143   143 I C01800/SAMGR: NF SA:65962,776_120
CST 2026-07-17 19:57:27.110   143   143 I C01800/SAMGR: NF SA:65962,776_121
CST 2026-07-17 19:57:27.142  1790  1834 I C0430a/file_monitor_service: [MainMissionStatus:197]CanExit
CST 2026-07-17 19:57:27.142  1790  1834 I C0430a/file_monitor_service: [MainMissionStatus:203]SecondaryScanner idle
CST 2026-07-17 19:57:27.149   332   391 W C01f04/MultiSimontroller: [GetSimAccountInfo-(multi_sim_controller.cpp:1141)] slotId 0 is invalid
CST 2026-07-17 19:57:27.149   332   391 E C01f04/TelephonySubsystem: GetSimAccountInfo fail!
CST 2026-07-17 19:57:27.153  1481  1481 E C02c11/APPSPAWN: [appspawn_kickdog.c:29]open /sys/kernel/hungtask/userlist fail,errno:2
CST 2026-07-17 19:57:27.168  2500  3014 E C02e00/UPDATE_SA: [hap_connection.cpp(50)]GetHapRemoteObject, remoteObj is nullptr, bundle com.huawei.hmos.ouc
CST 2026-07-17 19:57:27.168  2500  3014 I C01352/ExtMgr: [extension_manager_client.cpp134]name:com.huawei.hmos.ouc ServiceExtAbility, userId:-1.
CST 2026-07-17 19:57:27.169   770  1062 I C01342/ServiceExt: [ABMS5529]element: com.huawei.hmos.ouc/ServiceExtAbility
CST 2026-07-17 19:57:27.169   770  1062 W C01123/BMSCommon: bundle not exist -n com.huawei.hmos.ouc -u 100 -i 0 -f 0
CST 2026-07-17 19:57:27.169   770  1062 W C01336/AMS: [start_ability_utils.cpp76]failed: com.huawei.hmos.ouc
CST 2026-07-17 19:57:27.169   770  1062 W C01336/AMS: [crowd_test_interceptor.cpp54]GetAppInfo failed
CST 2026-07-17 19:57:27.169   770  1062 W C01120/BMS: app_control_manager.cpp:GetAppRunningControlRule:397 getAppId failed,-n:com.huawei.hmos.ouc
CST 2026-07-17 19:57:27.169   770  1062 W C01123/BMSCommon: uid(6666) invalid
CST 2026-07-17 19:57:27.169   770  1062 I C01336/AMS: [start_ability_utils.cpp54]appIndex:-1
CST 2026-07-17 19:57:27.169   770  1062 W C01123/BMSCommon: bundle not exist -n com.huawei.hmos.ouc -u 100 -i 0 -f 1062
CST 2026-07-17 19:57:27.170   770  1062 I C01121/BMSQuery: ExplicitQueryAbility no match -n com.huawei.hmos.ouc -a ServiceExtAbility -u 100 -i 0
CST 2026-07-17 19:57:27.170   770  1062 W C01120/BMS: query abilitys_ext code 8521480
CST 2026-07-17 19:57:27.170   770  1062 W C01123/BMSCommon: bundle not exist -n com.huawei.hmos.ouc -u 100 -i 0 -f 1062
CST 2026-07-17 19:57:27.170   770  1062 W C01121/BMSQuery: bundle_data_mgr.cpp:ExplicitQueryExtensionInfo:7239 ExplicitQueryExtensionInfo failed
CST 2026-07-17 19:57:27.170   770  1062 I C01121/BMSQuery: ExplicitQueryExtension size:0 -n com.huawei.hmos.ouc -e ServiceExtAbility -u 100 -i 0
CST 2026-07-17 19:57:27.170   770  1062 W C01121/BMSQuery: bundle_data_mgr.cpp:GetCloneAppIndexes:2463 no bundleName com.huawei.hmos.ouc found
CST 2026-07-17 19:57:27.170   770  1062 W C01121/BMSQuery: bundle_mgr_host_impl.cpp:QueryExtensionAbilityInfos:3425 no valid extension info can be inquired
CST 2026-07-17 19:57:27.170   770  1062 E C01336/AMS: [start_ability_utils.cpp290]extensionInfo empty
CST 2026-07-17 19:57:27.170   770  1062 E C01342/ServiceExt: [ABMS5868]generate request error
CST 2026-07-17 19:57:27.170  2500  3014 E C02e00/UPDATE_SA: [hap_connection.cpp(82)]HapConnection call interface failed, ret 2097152
CST 2026-07-17 19:57:27.170  2500  3014 E C02e00/UPDATE_SA: [ouc_hap_connection.cpp(72)]SendRemoteRequest, can not connect to ouc
CST 2026-07-17 19:57:27.224   163   583 E C02510/devsvc_manager_stub: StubGetService service hmi_service not found
CST 2026-07-17 19:57:27.224   162   716 E C02510/hdi_servmgr_client: get hdi service hmi_service failed, -1
CST 2026-07-17 19:57:27.224   162   716 E C02510/hmi_interface_proxy: Get:get remote object failed!
CST 2026-07-17 19:57:27.224   162   716 I C02d19/CHR_SERVICE: [HmiClient][modem_log_client]GetService: hmiInterface is nullptr.
CST 2026-07-17 19:57:27.224   162   716 I C02d19/CHR_SERVICE: [HmiClient][modem_log_client]TryGetServiceDelayed: retryCount=19, delayed=4000.
CST 2026-07-17 19:57:27.311   143   143 I C01800/SAMGR: NF SA:65962,776_122
CST 2026-07-17 19:57:27.369   697  1937 I C02986/DisplayPowerBrightness: lux=[0/91502, 0/91647, 0/91793, 0/91938, 0/92084, 0/92229, ], bDelta=5.000000, dDelta=1.000000, size=63
CST 2026-07-17 19:57:27.511   143   143 I C01800/SAMGR: NF SA:65962,776_123
CST 2026-07-17 19:57:27.711   143   143 I C01800/SAMGR: NF SA:65962,776_124
CST 2026-07-17 19:57:27.894  1522  1522 W A01c06/ICON: AppIconWeatherModel --> initWeatherListener, retryTimes: 4
CST 2026-07-17 19:57:27.901   468  1324 E C01707/CONCUR: [Interface] task 1324 apply qos failed, errno = 4
CST 2026-07-17 19:57:27.901   468  1324 E C01611/QosManager: QosManager: Failed to set thread QoS to QOS_USER_INTERACTIVE, ret: -1
CST 2026-07-17 19:57:27.902   770  1062 W C01123/BMSCommon: bundle not exist -n com.huawei.hmsapp.totemweather -u 100 -i 0 -f 32
CST 2026-07-17 19:57:27.902   770  1062 W C01121/BMSQuery: GetBundleInfo failed -n com.huawei.hmsapp.totemweather -u 100
CST 2026-07-17 19:57:27.902   468  1324 E C01651/BundleMgrProxy: GetBundleInfoFromBMS: GetBundleInfo failed!bundleName is com.huawei.hmsapp.totemweather, userId is 100
CST 2026-07-17 19:57:27.902   468  1324 E C01651/DataProviderConfig: GetFromProxyData: Get bundleInfo failed! bundleName:com.huawei.hmsapp.totemweather, userId:100, visitedId:100, uri:******icIconInfo
CST 2026-07-17 19:57:27.902   468  1324 E C01651/DataShareServiceImpl: GetBMSAndMetaDataStatus: CalledInfo failed! token:0x20087fab,ret:1001,uri:******icIconInfo
CST 2026-07-17 19:57:27.902   468  1324 E C01651/DataShareServiceImpl: GetSilentProxyStatus: BMS or metaData not ready to complete, token:0x20087fab, uri:******icIconInfo
CST 2026-07-17 19:57:27.902  1522  1522 E A01c06/ICON: AppIconWeatherModel --> get weather info failed, code: 15700010, message: The DataShareHelper is not initialized successfully.
CST 2026-07-17 19:57:27.912   143   143 I C01800/SAMGR: NF SA:65962,776_125
CST 2026-07-17 19:57:27.958   464   519 I C02300/FenceExtension: start connectAbility,userId:-1
CST 2026-07-17 19:57:27.958   464   519 I C02300/FenceExtension: ConnectAbility
CST 2026-07-17 19:57:27.958   464   519 I C01342/ServiceExt: [AMC599]name:com.huawei.hmos.location SAFeatureServiceExtensionAbility, userId:-1
CST 2026-07-17 19:57:27.958   770  1062 I C01342/ServiceExt: [a92abf18a7e9f5d, e3c2ac, 0] [ABMS5529]element: com.huawei.hmos.location/SAFeatureServiceExtensionAbility
CST 2026-07-17 19:57:27.958   770  1062 W C01123/BMSCommon: [a92abf18a7e9f5d, e3c2ac, 0] uid(1021) invalid
CST 2026-07-17 19:57:27.959   770  1062 I C01336/AMS: [a92abf18a7e9f5d, e3c2ac, 0] [start_ability_utils.cpp54]appIndex:-1
CST 2026-07-17 19:57:27.959   770  1062 I C01121/BMSQuery: [a92abf18a7e9f5d, e3c2ac, 0] ExplicitQueryAbility no match -n com.huawei.hmos.location -a SAFeatureServiceExtensionAbility -u 100 -i 0
CST 2026-07-17 19:57:27.959   770  1062 W C01121/BMSQuery: [a92abf18a7e9f5d, e3c2ac, 0] bundle_data_mgr.cpp:ExplicitQueryExtensionInfo:7268 extensionAbility not found or disabled
CST 2026-07-17 19:57:27.959   770  1062 I C01121/BMSQuery: [a92abf18a7e9f5d, e3c2ac, 0] ExplicitQueryExtension size:0 -n com.huawei.hmos.location -e SAFeatureServiceExtensionAbility -u 100 -i 0
CST 2026-07-17 19:57:27.959   770  1062 W C01121/BMSQuery: [a92abf18a7e9f5d, e3c2ac, 0] bundle_mgr_host_impl.cpp:QueryExtensionAbilityInfos:3425 no valid extension info can be inquired
CST 2026-07-17 19:57:27.959   770  1062 E C01336/AMS: [a92abf18a7e9f5d, e3c2ac, 0] [start_ability_utils.cpp290]extensionInfo empty
CST 2026-07-17 19:57:27.959   770  1062 E C01342/ServiceExt: [a92abf18a7e9f5d, e3c2ac, 0] [ABMS5868]generate request error
CST 2026-07-17 19:57:27.959   464   519 E C02300/FenceExtension: [(DoConnect:153)]CONNECT_ABILITY_FAILED,ret:2097152
CST 2026-07-17 19:57:27.959   464   519 I C02300/FenceExtension: start connectAbility,userId:-1
CST 2026-07-17 19:57:27.959   464   519 I C02300/FenceExtension: ConnectAbility
CST 2026-07-17 19:57:27.959   464   519 I C01342/ServiceExt: [AMC599]name:com.huawei.hmos.location SAFeatureServiceExtensionAbility, userId:-1
CST 2026-07-17 19:57:27.960   770  1062 I C01342/ServiceExt: [a92ab018a7ea5f3, 25100a1, 0] [ABMS5529]element: com.huawei.hmos.location/SAFeatureServiceExtensionAbility
CST 2026-07-17 19:57:27.960   770  1062 W C01123/BMSCommon: [a92ab018a7ea5f3, 25100a1, 0] uid(1021) invalid
CST 2026-07-17 19:57:27.960   770  1062 I C01336/AMS: [a92ab018a7ea5f3, 25100a1, 0] [start_ability_utils.cpp54]appIndex:-1
CST 2026-07-17 19:57:27.960   770  1062 I C01121/BMSQuery: [a92ab018a7ea5f3, 25100a1, 0] ExplicitQueryAbility no match -n com.huawei.hmos.location -a SAFeatureServiceExtensionAbility -u 100 -i 0
CST 2026-07-17 19:57:27.961   770  1062 W C01121/BMSQuery: [a92ab018a7ea5f3, 25100a1, 0] bundle_data_mgr.cpp:ExplicitQueryExtensionInfo:7268 extensionAbility not found or disabled
CST 2026-07-17 19:57:27.961   770  1062 I C01121/BMSQuery: [a92ab018a7ea5f3, 25100a1, 0] ExplicitQueryExtension size:0 -n com.huawei.hmos.location -e SAFeatureServiceExtensionAbility -u 100 -i 0
CST 2026-07-17 19:57:27.961   770  1062 W C01121/BMSQuery: [a92ab018a7ea5f3, 25100a1, 0] bundle_mgr_host_impl.cpp:QueryExtensionAbilityInfos:3425 no valid extension info can be inquired
CST 2026-07-17 19:57:27.961   770  1062 E C01336/AMS: [a92ab018a7ea5f3, 25100a1, 0] [start_ability_utils.cpp290]extensionInfo empty
CST 2026-07-17 19:57:27.961   770  1062 E C01342/ServiceExt: [a92ab018a7ea5f3, 25100a1, 0] [ABMS5868]generate request error
CST 2026-07-17 19:57:27.961   464   519 E C02300/FenceExtension: [(DoConnect:153)]CONNECT_ABILITY_FAILED,ret:2097152
CST 2026-07-17 19:57:27.961   464   519 W C02300/FenceExtension: connect failed,retry again
CST 2026-07-17 19:57:28.074   163   583 E C02510/devsvc_manager_stub: StubGetService service ril_ext not found
CST 2026-07-17 19:57:28.074   162   715 E C02510/hdi_servmgr_client: get hdi service ril_ext failed, -1
CST 2026-07-17 19:57:28.074   162   715 I C02d19/CHR_SERVICE: RilRadioRadarTunnel, ConnectRilAdapterService chrRadio_ is nullptr!
CST 2026-07-17 19:57:28.112   143   143 I C01800/SAMGR: NF SA:65962,776_126
CST 2026-07-17 19:57:28.112   776   858 E C01810/SA_CLIENT: GetSaWrap SA:65962 not start
CST 2026-07-17 19:57:28.112   776   858 I C01409/APS_MANAGER: request system service object is not ready yet!
CST 2026-07-17 19:57:28.142  1790  1834 I C0430a/file_monitor_service: [MainMissionStatus:197]CanExit
CST 2026-07-17 19:57:28.142  1790  1834 I C0430a/file_monitor_service: [MainMissionStatus:203]SecondaryScanner idle
CST 2026-07-17 19:57:28.153   163   583 E C02510/devsvc_manager_stub: StubGetService service hmi_service not found
CST 2026-07-17 19:57:28.153   162   715 E C02510/hdi_servmgr_client: get hdi service hmi_service failed, -1
CST 2026-07-17 19:57:28.153   162   715 E C02510/hmi_interface_proxy: Get:get remote object failed!
CST 2026-07-17 19:57:28.153   162   715 I C02d19/CHR_SERVICE: [HmiClient][chr_client]GetService: hmiInterface is nullptr.
CST 2026-07-17 19:57:28.153   162   715 I C02d19/CHR_SERVICE: [HmiClient][chr_client]TryGetServiceDelayed: retryCount=19, delayed=4000.
CST 2026-07-17 19:57:28.170  2500  3014 E C02e00/UPDATE_SA: [hap_connection.cpp(50)]GetHapRemoteObject, remoteObj is nullptr, bundle com.huawei.hmos.ouc
CST 2026-07-17 19:57:28.170  2500  3014 I C01352/ExtMgr: [extension_manager_client.cpp134]name:com.huawei.hmos.ouc ServiceExtAbility, userId:-1.
CST 2026-07-17 19:57:28.170   770  1062 I C01342/ServiceExt: [ABMS5529]element: com.huawei.hmos.ouc/ServiceExtAbility
CST 2026-07-17 19:57:28.171   770  1062 W C01123/BMSCommon: bundle not exist -n com.huawei.hmos.ouc -u 100 -i 0 -f 0
CST 2026-07-17 19:57:28.171   770  1062 W C01336/AMS: [start_ability_utils.cpp76]failed: com.huawei.hmos.ouc
CST 2026-07-17 19:57:28.171   770  1062 W C01336/AMS: [crowd_test_interceptor.cpp54]GetAppInfo failed
CST 2026-07-17 19:57:28.171   770  1062 W C01120/BMS: app_control_manager.cpp:GetAppRunningControlRule:397 getAppId failed,-n:com.huawei.hmos.ouc
CST 2026-07-17 19:57:28.171   770  1062 W C01123/BMSCommon: uid(6666) invalid
CST 2026-07-17 19:57:28.171   770  1062 I C01336/AMS: [start_ability_utils.cpp54]appIndex:-1
CST 2026-07-17 19:57:28.171   770  1062 W C01123/BMSCommon: bundle not exist -n com.huawei.hmos.ouc -u 100 -i 0 -f 1062
CST 2026-07-17 19:57:28.171   770  1062 I C01121/BMSQuery: ExplicitQueryAbility no match -n com.huawei.hmos.ouc -a ServiceExtAbility -u 100 -i 0
CST 2026-07-17 19:57:28.171   770  1062 W C01120/BMS: query abilitys_ext code 8521480
CST 2026-07-17 19:57:28.171   770  1062 W C01123/BMSCommon: bundle not exist -n com.huawei.hmos.ouc -u 100 -i 0 -f 1062
CST 2026-07-17 19:57:28.171   770  1062 W C01121/BMSQuery: bundle_data_mgr.cpp:ExplicitQueryExtensionInfo:7239 ExplicitQueryExtensionInfo failed
CST 2026-07-17 19:57:28.171   770  1062 I C01121/BMSQuery: ExplicitQueryExtension size:0 -n com.huawei.hmos.ouc -e ServiceExtAbility -u 100 -i 0
CST 2026-07-17 19:57:28.171   770  1062 W C01121/BMSQuery: bundle_data_mgr.cpp:GetCloneAppIndexes:2463 no bundleName com.huawei.hmos.ouc found
CST 2026-07-17 19:57:28.171   770  1062 W C01121/BMSQuery: bundle_mgr_host_impl.cpp:QueryExtensionAbilityInfos:3425 no valid extension info can be inquired
CST 2026-07-17 19:57:28.171   770  1062 E C01336/AMS: [start_ability_utils.cpp290]extensionInfo empty
CST 2026-07-17 19:57:28.171   770  1062 E C01342/ServiceExt: [ABMS5868]generate request error
CST 2026-07-17 19:57:28.172  2500  3014 E C02e00/UPDATE_SA: [hap_connection.cpp(82)]HapConnection call interface failed, ret 2097152
CST 2026-07-17 19:57:28.172  2500  3014 E C02e00/UPDATE_SA: [ouc_hap_connection.cpp(72)]SendRemoteRequest, can not connect to ouc
CST 2026-07-17 19:57:28.172  2500  3014 E C02e00/UPDATE_SA: [ouc_hap_connection.cpp(279)]SendMessage request failed, code: 5
CST 2026-07-17 19:57:28.362  3502  3502 W C02c02/PARAM: Selinux check name persist.init.debug.loglevel in u:object_r:startup_init_param:s0 [3502 2000 2000] failed
CST 2026-07-17 19:57:28.362  3502  3502 W C02c02/PARAM: Selinux check name persist.init.debug.loglevel in u:object_r:startup_init_param:s0 [3502 2000 2000] failed
CST 2026-07-17 19:57:28.362  3502  3502 W C02c02/PARAM: SystemReadParam failed!name is:persist.init.debug.loglevel,err:1002
CST 2026-07-17 19:57:28.493  3502  3502 W C02c02/PARAM: Selinux check name debug.dfx.tags.enableleak in u:object_r:debug_param:s0 [3502 2000 2000] failed
CST 2026-07-17 19:57:28.493  3502  3502 W C02c02/PARAM: SystemReadParam failed!name is:debug.dfx.tags.enableleak,err:1002
CST 2026-07-17 19:57:28.501  3502  3502 W C02c02/PARAM: Selinux check name persist.graphic.profiler.enabled in u:object_r:debug_param:s0 [3502 2000 2000] failed
CST 2026-07-17 19:57:28.501  3502  3502 E C02c02/PARAM: Forbid to read parameter persist.graphic.profiler.enabled
CST 2026-07-17 19:57:28.501  3502  3502 E C02c02/PARAM: Forbid to access parameter persist.graphic.profiler.enabled
CST 2026-07-17 19:57:28.501  3502  3502 W C02c02/PARAM: Selinux check name persist.graphic.profiler.betarecording in u:object_r:debug_param:s0 [3502 2000 2000] failed
CST 2026-07-17 19:57:28.501  3502  3502 E C02c02/PARAM: Forbid to read parameter persist.graphic.profiler.betarecording
CST 2026-07-17 19:57:28.501  3502  3502 E C02c02/PARAM: Forbid to access parameter persist.graphic.profiler.betarecording
CST 2026-07-17 19:57:28.503  3502  3502 W C03100/UiTestKit_Base: [ui_driver.cpp:(CheckStatus)] Not connect to AAMS, try to reconnect
CST 2026-07-17 19:57:28.503  3502  3504 W C057c1/IPCWorkThread: ThreadHandler: proto:0 policy:1 name:OS_IPC_0_3504 invoker:12581712
CST 2026-07-17 19:57:28.503  3502  3505 W C057c1/IPCWorkThread: ThreadHandler: proto:0 policy:0 name:OS_IPC_1_3505 invoker:12582288
CST 2026-07-17 19:57:28.504   146   192 I C02c03/PARAM_WATCHER: [watcher_manager.cpp:72]Add remote watcher remoteWatcherId 50 3502 success
CST 2026-07-17 19:57:28.504   146   192 I C02c03/PARAM_WATCHER: SendLocalChange start keyPrefix accessibility.config.ready remoteWatcherId 50
CST 2026-07-17 19:57:28.505   146   192 I C02c03/PARAM_WATCHER: [watcher_manager.cpp:187]Add watcher accessibility.config.ready remoteWatcherId: 50 groupId 80 success
CST 2026-07-17 19:57:28.505  3502  3502 I C02c03/PARAM_WATCHER: Add watcher keyPrefix accessibility.config.ready remoteWatcherId 50 success
CST 2026-07-17 19:57:28.505  3502  3505 I C01d01/accessibility_aakit: [(OnParameterChanged:151)]InitAccessibilityServiceProxy success
CST 2026-07-17 19:57:28.505  3502  3502 I C01d01/accessibility_aakit: [(Connect:64)]
CST 2026-07-17 19:57:28.505   201  3020 I C01d00/accessibility: [(IsSystemApp:1502)]Caller is not a application.
CST 2026-07-17 19:57:28.509   201  2303 E C01d05/accessibility_interface: [(OnAccessibilityEnableAbilityListsChanged:62)]OnAccessibilityEnableAbilityListsChanged fail, error: 29201
CST 2026-07-17 19:57:28.509  3502  3502 I C03100/UiTestKit_Server: [system_ui_controller.cpp:(ConnectToSysAbility)] Connect to AAMS, result: 0
CST 2026-07-17 19:57:28.512   201  2303 E C01d05/accessibility_interface: [(OnAccessibilityInstallAbilityListsChanged:89)]OnAccessibilityInstallAbilityListsChanged fail, error: 29201
CST 2026-07-17 19:57:28.513   201  2303 I C01d00/accessibility: [(AddAccessibilityAbility:1406)]uri is <private>
CST 2026-07-17 19:57:28.518   468  1324 E C01707/CONCUR: [Interface] task 1324 apply qos failed, errno = 4
CST 2026-07-17 19:57:28.518   468  1324 E C01611/QosManager: QosManager: Failed to set thread QoS to QOS_USER_INTERACTIVE, ret: -1
CST 2026-07-17 19:57:28.526   468  1324 E C01707/CONCUR: [Interface] task 1324 apply qos failed, errno = 4
CST 2026-07-17 19:57:28.526   468  1324 E C01611/QosManager: QosManager: Failed to set thread QoS to QOS_USER_INTERACTIVE, ret: -1
CST 2026-07-17 19:57:28.526   468  1324 I C01651/DataShareServiceStub: OnRemoteRequest: code:21, callingPid:201
CST 2026-07-17 19:57:28.526   468  1324 I C01631/GaussPD:  [0] [ADAPTER] [140151183563520] Not support binlog_default.writeLock file enable del monitor sysno = 25
CST 2026-07-17 19:57:28.526   468  1324 I C01631/GaussPD:  [0] [ADAPTER] [140151183563520] Not support binlog_default.writeLock file enable del monitor sysno = 25
CST 2026-07-17 19:57:28.526   468  1324 I C01631/GaussPD:  [0] [ADAPTER] [140151183563520] Not support binlog_default.writeLock file enable del monitor sysno = 25
CST 2026-07-17 19:57:28.527   468  1324 I C01631/GaussPD:  [0] [ADAPTER] [140151183563520] Not support binlog_default.writeLock file enable del monitor sysno = 25
CST 2026-07-17 19:57:28.527   468  1324 I C01631/GaussPD:  [0] [ADAPTER] [140151183563520] Not support binlog_default.writeIndex file enable del monitor sysno = 25
CST 2026-07-17 19:57:28.527   468  1324 I C01631/GaussPD:  [0] [ADAPTER] [140151183563520] Not support binlog_default.writeIndex file enable del monitor sysno = 25
CST 2026-07-17 19:57:28.527   468  1324 I C01651/DataShareServiceStub: OnUpdateEx: Update uri:******uide_state, e:0, s:1
CST 2026-07-17 19:57:28.533   468  1324 E C01707/CONCUR: [Interface] task 1324 apply qos failed, errno = 4
CST 2026-07-17 19:57:28.533   468  1324 E C01611/QosManager: QosManager: Failed to set thread QoS to QOS_USER_INTERACTIVE, ret: -1
CST 2026-07-17 19:57:28.533   468  1324 I C01651/DataShareServiceStub: OnRemoteRequest: code:14, callingPid:201
CST 2026-07-17 19:57:28.539   468  1324 E C01707/CONCUR: [Interface] task 1324 apply qos failed, errno = 4
CST 2026-07-17 19:57:28.539   468  1324 E C01611/QosManager: QosManager: Failed to set thread QoS to QOS_USER_INTERACTIVE, ret: -1
CST 2026-07-17 19:57:28.539   468  1324 I C01651/DataShareServiceStub: OnRemoteRequest: code:21, callingPid:201
CST 2026-07-17 19:57:28.539   468  1324 I C01631/GaussPD:  [0] [ADAPTER] [140151183563520] Not support binlog_default.writeLock file enable del monitor sysno = 25
CST 2026-07-17 19:57:28.539   468  1324 I C01631/GaussPD:  [0] [ADAPTER] [140151183563520] Not support binlog_default.writeLock file enable del monitor sysno = 25
CST 2026-07-17 19:57:28.539   468  1324 I C01631/GaussPD:  [0] [ADAPTER] [140151183563520] Not support binlog_default.writeLock file enable del monitor sysno = 25
CST 2026-07-17 19:57:28.540   468  1324 I C01631/GaussPD:  [0] [ADAPTER] [140151183563520] Not support binlog_default.writeLock file enable del monitor sysno = 25
CST 2026-07-17 19:57:28.540   468  1324 I C01631/GaussPD:  [0] [ADAPTER] [140151183563520] Not support binlog_default.writeIndex file enable del monitor sysno = 25
CST 2026-07-17 19:57:28.540   468  1324 I C01631/GaussPD:  [0] [ADAPTER] [140151183563520] Not support binlog_default.writeIndex file enable del monitor sysno = 25
CST 2026-07-17 19:57:28.540   468  1324 I C01651/DataShareServiceStub: OnUpdateEx: Update uri:******ture_state, e:0, s:1
CST 2026-07-17 19:57:28.546   468  1324 E C01707/CONCUR: [Interface] task 1324 apply qos failed, errno = 4
CST 2026-07-17 19:57:28.546   468  1324 E C01611/QosManager: QosManager: Failed to set thread QoS to QOS_USER_INTERACTIVE, ret: -1
CST 2026-07-17 19:57:28.546   468  1324 I C01651/DataShareServiceStub: OnRemoteRequest: code:14, callingPid:201
CST 2026-07-17 19:57:28.553   468  1324 E C01707/CONCUR: [Interface] task 1324 apply qos failed, errno = 4
CST 2026-07-17 19:57:28.553   468  1324 E C01611/QosManager: QosManager: Failed to set thread QoS to QOS_USER_INTERACTIVE, ret: -1
CST 2026-07-17 19:57:28.553   468  1324 I C01651/DataShareServiceStub: OnRemoteRequest: code:21, callingPid:201
CST 2026-07-17 19:57:28.554   468  1324 I C01631/GaussPD:  [0] [ADAPTER] [140151183563520] Not support binlog_default.writeLock file enable del monitor sysno = 25
CST 2026-07-17 19:57:28.554   468  1324 I C01631/GaussPD:  [0] [ADAPTER] [140151183563520] Not support binlog_default.writeLock file enable del monitor sysno = 25
CST 2026-07-17 19:57:28.554   468  1324 I C01631/GaussPD:  [0] [ADAPTER] [140151183563520] Not support binlog_default.writeLock file enable del monitor sysno = 25
CST 2026-07-17 19:57:28.555   468  1324 I C01631/GaussPD:  [0] [ADAPTER] [140151183563520] Not support binlog_default.writeLock file enable del monitor sysno = 25
CST 2026-07-17 19:57:28.555   468  1324 I C01631/GaussPD:  [0] [ADAPTER] [140151183563520] Not support binlog_default.writeIndex file enable del monitor sysno = 25
CST 2026-07-17 19:57:28.555   468  1324 I C01631/GaussPD:  [0] [ADAPTER] [140151183563520] Not support binlog_default.writeIndex file enable del monitor sysno = 25
CST 2026-07-17 19:57:28.555   468  1324 I C01651/DataShareServiceStub: OnUpdateEx: Update uri:******t_observer, e:0, s:1
CST 2026-07-17 19:57:28.562   468  1324 E C01707/CONCUR: [Interface] task 1324 apply qos failed, errno = 4
CST 2026-07-17 19:57:28.562   468  1324 E C01611/QosManager: QosManager: Failed to set thread QoS to QOS_USER_INTERACTIVE, ret: -1
CST 2026-07-17 19:57:28.562   468  1324 I C01651/DataShareServiceStub: OnRemoteRequest: code:14, callingPid:201
CST 2026-07-17 19:57:28.562   201  2303 E C01d00/accessibility: [(CheckExtProxyStatus:820)]Extension Proxy is not load
CST 2026-07-17 19:57:28.562   201  2303 I C01d00/accessibility: [(GetAccessibilityState:115)]EnabledState[0], TouchGuideState[0], KeyEventObserverState[0], GestureState[0], ScreenReaderState[0], SingleClickMode[0], AnimationOffState[0], AudioMonoState[0], FlashReminderSwitch[0]
CST 2026-07-17 19:57:28.568   468  1324 E C01707/CONCUR: [Interface] task 1324 apply qos failed, errno = 4
CST 2026-07-17 19:57:28.568   468  1324 E C01611/QosManager: QosManager: Failed to set thread QoS to QOS_USER_INTERACTIVE, ret: -1
CST 2026-07-17 19:57:28.568   468  1324 I C01651/DataShareServiceStub: OnRemoteRequest: code:21, callingPid:201
CST 2026-07-17 19:57:28.569   468  1324 I C01631/GaussPD:  [0] [ADAPTER] [140151183563520] Not support binlog_default.writeLock file enable del monitor sysno = 25
CST 2026-07-17 19:57:28.569   468  1324 I C01631/GaussPD:  [0] [ADAPTER] [140151183563520] Not support binlog_default.writeLock file enable del monitor sysno = 25
CST 2026-07-17 19:57:28.569   468  1324 I C01631/GaussPD:  [0] [ADAPTER] [140151183563520] Not support binlog_default.writeLock file enable del monitor sysno = 25
CST 2026-07-17 19:57:28.569   468  1324 I C01631/GaussPD:  [0] [ADAPTER] [140151183563520] Not support binlog_default.writeLock file enable del monitor sysno = 25
CST 2026-07-17 19:57:28.569   468  1324 I C01631/GaussPD:  [0] [ADAPTER] [140151183563520] Not support binlog_default.writeIndex file enable del monitor sysno = 25
CST 2026-07-17 19:57:28.569   468  1324 I C01631/GaussPD:  [0] [ADAPTER] [140151183563520] Not support binlog_default.writeIndex file enable del monitor sysno = 25
CST 2026-07-17 19:57:28.570   468  1324 I C01651/DataShareServiceStub: OnUpdateEx: Update uri:******essibility, e:0, s:1
CST 2026-07-17 19:57:28.572   416  2236 I C02230/MovementManager: in CheckSubscribeInfo, Type 0,subscribe info is empty
CST 2026-07-17 19:57:28.572   416  2236 I C02230/MovementManager: in SaveSubscribeInfo, Save type:0, event:3, packageName:locationhub
CST 2026-07-17 19:57:28.572   416  2236 I C02230/MovementClientImpl: in EnableMsdpImpl, Enter type is 0, event is 3, interval is 200000000000
CST 2026-07-17 19:57:28.572   416  2236 E C02230/MovementClientImpl: in GetAlgorithmInfo, Unsupport algorithm 0
CST 2026-07-17 19:57:28.572   416  2236 E C02230/MovementClientImpl: in EnableMsdpImpl, Not support device
CST 2026-07-17 19:57:28.572   416  2236 E C02230/MovementManager: in Subscribe, Failed to enable, ret is 60817420
CST 2026-07-17 19:57:28.573   416  2236 E C02230/MovementService: in Subscribe, Failed to subscribe
CST 2026-07-17 19:57:28.573   464   521 E C02230/IMovementIdl: Read result failed, code is: 1.
CST 2026-07-17 19:57:28.573   464   521 E C02230/MovementClient: in SubscribeCallback, Subscribe failed, ret is 60817420.
CST 2026-07-17 19:57:28.573   464   521 E C02230/MovementClient: in SubscribeCallback, SubscribeCallback failed, ret is 60817420.
CST 2026-07-17 19:57:28.573   464   521 I C02300/Parking: Register MotionStatusCallback errorCode = 60817420
CST 2026-07-17 19:57:28.573   464   521 I C02300/Parking: Post Delayed Task Register VehicleStateCallback
CST 2026-07-17 19:57:28.576   468  1324 E C01707/CONCUR: [Interface] task 1324 apply qos failed, errno = 4
CST 2026-07-17 19:57:28.576   468  1324 E C01611/QosManager: QosManager: Failed to set thread QoS to QOS_USER_INTERACTIVE, ret: -1
CST 2026-07-17 19:57:28.576   468  1324 I C01651/DataShareServiceStub: OnRemoteRequest: code:14, callingPid:201
CST 2026-07-17 19:57:28.576   201  2303 I C01d00/accessibility: [(OnStateObservers:3654)]state is 1
CST 2026-07-17 19:57:28.576  1612  2927 I C01d02/accessibility_asacfwk: [(NotifyStateChanged:705)]observers size is 1
CST 2026-07-17 19:57:28.576  1522  1533 I C01d02/accessibility_asacfwk: [(NotifyStateChanged:705)]observers size is 2
CST 2026-07-17 19:57:28.576  1612  2927 I C01d10/accessibility_napi: [(OnStateChanged:1885)]
CST 2026-07-17 19:57:28.576  1522  1533 I C01d10/accessibility_napi: [(OnStateChanged:1885)]
CST 2026-07-17 19:57:28.576  1612  2927 I C01d02/accessibility_asacfwk: [(NotifyStateChanged:705)]observers size is 0
CST 2026-07-17 19:57:28.576  2207  2208 I C01d02/accessibility_asacfwk: [(NotifyStateChanged:705)]observers size is 1
CST 2026-07-17 19:57:28.576  3089  3383 I C01d02/accessibility_asacfwk: [(NotifyStateChanged:705)]observers size is 1
CST 2026-07-17 19:57:28.577  3089  3383 I C01d02/accessibility_asacfwk: [(NotifyStateChanged:705)]observers size is 1
CST 2026-07-17 19:57:28.577  2207  2208 I C01d02/accessibility_asacfwk: [(NotifyStateChanged:705)]observers size is 1
CST 2026-07-17 19:57:28.577  1522  1533 I C01d02/accessibility_asacfwk: [(NotifyStateChanged:705)]observers size is 1
CST 2026-07-17 19:57:28.577  1522  1522 I C01d02/accessibility_asacfwk: [(RegisterElementOperator:388)]Register windowId[1] start
CST 2026-07-17 19:57:28.577  3089  3089 I C01d02/accessibility_asacfwk: [(RegisterElementOperator:388)]Register windowId[30] start
CST 2026-07-17 19:57:28.577  1522  1522 I C0392a/AceUiExtensionComponent: [(-2:100000:singleton)] [@1869][ID: 1] treeId: 0, id: 132
CST 2026-07-17 19:57:28.577   201  3020 I C01d00/accessibility: [(RegisterElementOperatorByParameter:1296)]get treeId element and treeid - treeId: 4 parameter.elementId[132]element[132]
CST 2026-07-17 19:57:28.584   468  1324 E C01707/CONCUR: [Interface] task 1324 apply qos failed, errno = 4
CST 2026-07-17 19:57:28.584   468  1324 E C01611/QosManager: QosManager: Failed to set thread QoS to QOS_USER_INTERACTIVE, ret: -1
CST 2026-07-17 19:57:28.584   468  1324 I C01651/DataShareServiceStub: OnRemoteRequest: code:21, callingPid:201
CST 2026-07-17 19:57:28.585   468  1324 I C01631/GaussPD:  [0] [ADAPTER] [140151183563520] Not support binlog_default.writeLock file enable del monitor sysno = 25
CST 2026-07-17 19:57:28.585   468  1324 I C01631/GaussPD:  [0] [ADAPTER] [140151183563520] Not support binlog_default.writeLock file enable del monitor sysno = 25
CST 2026-07-17 19:57:28.585   468  1324 I C01631/GaussPD:  [0] [ADAPTER] [140151183563520] Not support binlog_default.writeLock file enable del monitor sysno = 25
CST 2026-07-17 19:57:28.585   468  1324 I C01631/GaussPD:  [0] [ADAPTER] [140151183563520] Not support binlog_default.writeLock file enable del monitor sysno = 25
CST 2026-07-17 19:57:28.585   468  1324 I C01631/GaussPD:  [0] [ADAPTER] [140151183563520] Not support binlog_default.writeIndex file enable del monitor sysno = 25
CST 2026-07-17 19:57:28.585   468  1324 I C01631/GaussPD:  [0] [ADAPTER] [140151183563520] Not support binlog_default.writeIndex file enable del monitor sysno = 25
CST 2026-07-17 19:57:28.585   468  1324 I C01651/DataShareServiceStub: OnUpdateEx: Update uri:******lity_state, e:0, s:1
CST 2026-07-17 19:57:28.591   468  1324 E C01707/CONCUR: [Interface] task 1324 apply qos failed, errno = 4
CST 2026-07-17 19:57:28.591   468  1324 E C01611/QosManager: QosManager: Failed to set thread QoS to QOS_USER_INTERACTIVE, ret: -1
CST 2026-07-17 19:57:28.591   468  1324 I C01651/DataShareServiceStub: OnRemoteRequest: code:14, callingPid:201
CST 2026-07-17 19:57:28.591   201  2303 I C01d00/accessibility: [(Unregister:76)]unregister shortcut key, last subscribeId is 6
CST 2026-07-17 19:57:28.592   201  2303 I C02800/InputManagerImpl: [][UnsubscribeKeyEvent:404] enter
CST 2026-07-17 19:57:28.592   201  2303 I C02800/KeyEventInputSubscribeManager: [][UnsubscribeKeyEvent:202] enter
CST 2026-07-17 19:57:28.592   251   264 I C02800/MMIService: [][UnsubscribeKeyEvent:2540] enter
CST 2026-07-17 19:57:28.592   251   516 I C02802/KeySubscriberHandler: [|172]SubscribeId:6, pid:201
CST 2026-07-17 19:57:28.592   251   516 I C02800/KeySubscriberHandler: [][RemoveKeyGestureSubscriber:243] enter
CST 2026-07-17 19:57:28.592   251   516 I C02802/KeySubscriberHandler: [|253]Removing handler(11) of key gesture
CST 2026-07-17 19:57:28.592   251   516 I C02802/KeyGestureManager: [|107]Handler(11) of key gesture was removed
CST 2026-07-17 19:57:28.592   251   516 I C02800/KeySubscriberHandler: [][RemoveKeyGestureSubscriber] leave
CST 2026-07-17 19:57:28.592   251   264 I C02800/MMIService: [][UnsubscribeKeyEvent] leave
CST 2026-07-17 19:57:28.592   201  2303 I C02800/KeyEventInputSubscribeManager: [][UnsubscribeKeyEvent] leave
CST 2026-07-17 19:57:28.592   201  2303 I C02800/InputManagerImpl: [][UnsubscribeKeyEvent] leave
CST 2026-07-17 19:57:28.592   201  2303 I C01d00/accessibility: [(Register:57)]
CST 2026-07-17 19:57:28.592   201  2303 I C02800/InputManagerImpl: [][SubscribeKeyEvent:385] enter
CST 2026-07-17 19:57:28.592   251   516 I C02800/KeyGestureManager: [][ShouldIntercept:461] enter
CST 2026-07-17 19:57:28.592   251   516 I C02800/KeyGestureManager: [][ShouldIntercept] leave
CST 2026-07-17 19:57:28.592   251   516 I C02800/KeySubscriberHandler: [][AddKeyGestureSubscriber:218] enter
CST 2026-07-17 19:57:28.592   251   516 I C02802/KeySubscriberHandler: [|229]Handler(12) of key gesture was added
CST 2026-07-17 19:57:28.592   251   516 I C02800/KeySubscriberHandler: [][AddKeyGestureSubscriber] leave
CST 2026-07-17 19:57:28.592   201  2303 I C02800/InputManagerImpl: [][SubscribeKeyEvent] leave
CST 2026-07-17 19:57:28.593   201  2303 I C01d00/accessibility: [(operator():1152)]Register windowId[1]
CST 2026-07-17 19:57:28.593   201  2303 I C01d00/accessibility: [(AddAccessibilityWindowConnection:326)]windowId(1)
CST 2026-07-17 19:57:28.593   201  2303 I C01d00/accessibility: [(InitSceneBoard:1362)]
CST 2026-07-17 19:57:28.593   201  2303 I C01d00/accessibility: [(operator():1152)]Register windowId[30]
CST 2026-07-17 19:57:28.593   201  2303 I C01d00/accessibility: [(AddAccessibilityWindowConnection:326)]windowId(30)
CST 2026-07-17 19:57:28.593   201  2303 I C01d00/accessibility: [(operator():1304)]Register windowId[1]
CST 2026-07-17 19:57:28.667   164   164 E C02c11/APPSPAWN: [appspawn_kickdog.c:29]open /sys/kernel/hungtask/userlist fail,errno:2
CST 2026-07-17 19:57:28.738   162  1329 I C02d10/CpuCollector: CalculateProcessCpuStatInfos: startTime=1784289438735, endTime=1784289448738, startBootTime=83595, endBootTime=93598, period=10003, isNeedUpdate=1
CST 2026-07-17 19:57:28.738   162  1329 W C02d10/UCollectUtil-CpuCalculator: CalculateCpuLoad: invalid num of max cpu load unit
CST 2026-07-17 19:57:28.738   162  1329 W C02d10/UCollectUtil-CpuCalculator: CalculateCpuLoad: invalid num of max cpu load unit
CST 2026-07-17 19:57:28.738   162  1329 W C02d10/UCollectUtil-CpuCalculator: CalculateCpuLoad: invalid num of max cpu load unit
CST 2026-07-17 19:57:28.738   162  1329 W C02d10/UCollectUtil-CpuCalculator: CalculateCpuLoad: invalid num of max cpu load unit
CST 2026-07-17 19:57:28.738   162  1329 W C02d10/UCollectUtil-CpuCalculator: CalculateCpuLoad: invalid num of max cpu load unit
CST 2026-07-17 19:57:28.738   162  1329 W C02d10/UCollectUtil-CpuCalculator: CalculateCpuLoad: invalid num of max cpu load unit
CST 2026-07-17 19:57:28.738   162  1329 W C02d10/UCollectUtil-CpuCalculator: CalculateCpuLoad: invalid num of max cpu load unit
CST 2026-07-17 19:57:28.738   162  1329 W C02d10/UCollectUtil-CpuCalculator: CalculateCpuLoad: invalid num of max cpu load unit
CST 2026-07-17 19:57:28.738   162  1329 W C02d10/UCollectUtil-CpuCalculator: CalculateCpuLoad: invalid num of max cpu load unit
CST 2026-07-17 19:57:28.738   162  1329 W C02d10/UCollectUtil-CpuCalculator: CalculateCpuLoad: invalid num of max cpu load unit
CST 2026-07-17 19:57:28.738   162  1329 W C02d10/UCollectUtil-CpuCalculator: CalculateCpuLoad: invalid num of max cpu load unit
CST 2026-07-17 19:57:28.738   162  1329 W C02d10/UCollectUtil-CpuCalculator: CalculateCpuLoad: invalid num of max cpu load unit
CST 2026-07-17 19:57:28.738   162  1329 W C02d10/UCollectUtil-CpuCalculator: CalculateCpuLoad: invalid num of max cpu load unit
CST 2026-07-17 19:57:28.738   162  1329 W C02d10/UCollectUtil-CpuCalculator: CalculateCpuLoad: invalid num of max cpu load unit
CST 2026-07-17 19:57:28.738   162  1329 W C02d10/UCollectUtil-CpuCalculator: CalculateCpuLoad: invalid num of max cpu load unit
CST 2026-07-17 19:57:28.738   162  1329 W C02d10/UCollectUtil-CpuCalculator: CalculateCpuLoad: invalid num of max cpu load unit
CST 2026-07-17 19:57:28.738   162  1329 W C02d10/UCollectUtil-CpuCalculator: CalculateCpuLoad: invalid num of max cpu load unit
CST 2026-07-17 19:57:28.738   162  1329 W C02d10/UCollectUtil-CpuCalculator: CalculateCpuLoad: invalid num of max cpu load unit
CST 2026-07-17 19:57:28.738   162  1329 W C02d10/UCollectUtil-CpuCalculator: CalculateCpuLoad: invalid num of max cpu load unit
CST 2026-07-17 19:57:28.738   162  1329 W C02d10/UCollectUtil-CpuCalculator: CalculateCpuLoad: invalid num of max cpu load unit
CST 2026-07-17 19:57:28.738   162  1329 W C02d10/UCollectUtil-CpuCalculator: CalculateCpuLoad: invalid num of max cpu load unit
CST 2026-07-17 19:57:28.738   162  1329 W C02d10/UCollectUtil-CpuCalculator: CalculateCpuLoad: invalid num of max cpu load unit
CST 2026-07-17 19:57:28.738   162  1329 W C02d10/UCollectUtil-CpuCalculator: CalculateCpuLoad: invalid num of max cpu load unit
CST 2026-07-17 19:57:28.738   162  1329 W C02d10/UCollectUtil-CpuCalculator: CalculateCpuLoad: invalid num of max cpu load unit
CST 2026-07-17 19:57:28.738   162  1329 W C02d10/UCollectUtil-CpuCalculator: CalculateCpuLoad: invalid num of max cpu load unit
CST 2026-07-17 19:57:28.738   162  1329 W C02d10/UCollectUtil-CpuCalculator: CalculateCpuLoad: invalid num of max cpu load unit
CST 2026-07-17 19:57:28.738   162  1329 W C02d10/UCollectUtil-CpuCalculator: CalculateCpuLoad: invalid num of max cpu load unit
CST 2026-07-17 19:57:28.738   162  1329 W C02d10/UCollectUtil-CpuCalculator: CalculateCpuLoad: invalid num of max cpu load unit
CST 2026-07-17 19:57:28.738   162  1329 W C02d10/UCollectUtil-CpuCalculator: CalculateCpuLoad: invalid num of max cpu load unit
CST 2026-07-17 19:57:28.738   162  1329 W C02d10/UCollectUtil-CpuCalculator: CalculateCpuLoad: invalid num of max cpu load unit
CST 2026-07-17 19:57:28.738   162  1329 W C02d10/UCollectUtil-CpuCalculator: CalculateCpuLoad: invalid num of max cpu load unit
CST 2026-07-17 19:57:28.738   162  1329 W C02d10/UCollectUtil-CpuCalculator: CalculateCpuLoad: invalid num of max cpu load unit
CST 2026-07-17 19:57:28.738   162  1329 W C02d10/UCollectUtil-CpuCalculator: CalculateCpuLoad: invalid num of max cpu load unit
CST 2026-07-17 19:57:28.738   162  1329 W C02d10/UCollectUtil-CpuCalculator: CalculateCpuLoad: invalid num of max cpu load unit
CST 2026-07-17 19:57:28.738   162  1329 W C02d10/UCollectUtil-CpuCalculator: CalculateCpuLoad: invalid num of max cpu load unit
CST 2026-07-17 19:57:28.738   162  1329 W C02d10/UCollectUtil-CpuCalculator: CalculateCpuLoad: invalid num of max cpu load unit
CST 2026-07-17 19:57:28.738   162  1329 W C02d10/UCollectUtil-CpuCalculator: CalculateCpuLoad: invalid num of max cpu load unit
CST 2026-07-17 19:57:28.738   162  1329 W C02d10/UCollectUtil-CpuCalculator: CalculateCpuLoad: invalid num of max cpu load unit
CST 2026-07-17 19:57:28.738   162  1329 W C02d10/UCollectUtil-CpuCalculator: CalculateCpuLoad: invalid num of max cpu load unit
CST 2026-07-17 19:57:28.738   162  1329 W C02d10/UCollectUtil-CpuCalculator: CalculateCpuLoad: invalid num of max cpu load unit
CST 2026-07-17 19:57:28.738   162  1329 W C02d10/UCollectUtil-CpuCalculator: CalculateCpuLoad: invalid num of max cpu load unit
CST 2026-07-17 19:57:28.738   162  1329 W C02d10/UCollectUtil-CpuCalculator: CalculateCpuLoad: invalid num of max cpu load unit
CST 2026-07-17 19:57:28.738   162  1329 W C02d10/UCollectUtil-CpuCalculator: CalculateCpuLoad: invalid num of max cpu load unit
CST 2026-07-17 19:57:28.738   162  1329 W C02d10/UCollectUtil-CpuCalculator: CalculateCpuLoad: invalid num of max cpu load unit
CST 2026-07-17 19:57:28.738   162  1329 W C02d10/UCollectUtil-CpuCalculator: CalculateCpuLoad: invalid num of max cpu load unit
CST 2026-07-17 19:57:28.738   162  1329 W C02d10/UCollectUtil-CpuCalculator: CalculateCpuLoad: invalid num of max cpu load unit
CST 2026-07-17 19:57:28.738   162  1329 W C02d10/UCollectUtil-CpuCalculator: CalculateCpuLoad: invalid num of max cpu load unit
CST 2026-07-17 19:57:28.738   162  1329 W C02d10/UCollectUtil-CpuCalculator: CalculateCpuLoad: invalid num of max cpu load unit
CST 2026-07-17 19:57:28.738   162  1329 W C02d10/UCollectUtil-CpuCalculator: CalculateCpuLoad: invalid num of max cpu load unit
CST 2026-07-17 19:57:28.738   162  1329 W C02d10/UCollectUtil-CpuCalculator: CalculateCpuLoad: invalid num of max cpu load unit
CST 2026-07-17 19:57:28.738   162  1329 W C02d10/UCollectUtil-CpuCalculator: CalculateCpuLoad: invalid num of max cpu load unit
CST 2026-07-17 19:57:28.738   162  1329 W C02d10/UCollectUtil-CpuCalculator: CalculateCpuLoad: invalid num of max cpu load unit
CST 2026-07-17 19:57:28.738   162  1329 W C02d10/UCollectUtil-CpuCalculator: CalculateCpuLoad: invalid num of max cpu load unit
CST 2026-07-17 19:57:28.738   162  1329 W C02d10/UCollectUtil-CpuCalculator: CalculateCpuLoad: invalid num of max cpu load unit
CST 2026-07-17 19:57:28.738   162  1329 W C02d10/UCollectUtil-CpuCalculator: CalculateCpuLoad: invalid num of max cpu load unit
CST 2026-07-17 19:57:28.738   162  1329 W C02d10/UCollectUtil-CpuCalculator: CalculateCpuLoad: invalid num of max cpu load unit
CST 2026-07-17 19:57:28.738   162  1329 W C02d10/UCollectUtil-CpuCalculator: CalculateCpuLoad: invalid num of max cpu load unit
CST 2026-07-17 19:57:28.738   162  1329 W C02d10/UCollectUtil-CpuCalculator: CalculateCpuLoad: invalid num of max cpu load unit
CST 2026-07-17 19:57:28.738   162  1329 W C02d10/UCollectUtil-CpuCalculator: CalculateCpuLoad: invalid num of max cpu load unit
CST 2026-07-17 19:57:28.738   162  1329 W C02d10/UCollectUtil-CpuCalculator: CalculateCpuLoad: invalid num of max cpu load unit
CST 2026-07-17 19:57:28.738   162  1329 W C02d10/UCollectUtil-CpuCalculator: CalculateCpuLoad: invalid num of max cpu load unit
CST 2026-07-17 19:57:28.738   162  1329 W C02d10/UCollectUtil-CpuCalculator: CalculateCpuLoad: invalid num of max cpu load unit
CST 2026-07-17 19:57:28.738   162  1329 W C02d10/UCollectUtil-CpuCalculator: CalculateCpuLoad: invalid num of max cpu load unit
CST 2026-07-17 19:57:28.738   162  1329 W C02d10/UCollectUtil-CpuCalculator: CalculateCpuLoad: invalid num of max cpu load unit
CST 2026-07-17 19:57:28.738   162  1329 W C02d10/UCollectUtil-CpuCalculator: CalculateCpuLoad: invalid num of max cpu load unit
CST 2026-07-17 19:57:28.738   162  1329 W C02d10/UCollectUtil-CpuCalculator: CalculateCpuLoad: invalid num of max cpu load unit
CST 2026-07-17 19:57:28.738   162  1329 W C02d10/UCollectUtil-CpuCalculator: CalculateCpuLoad: invalid num of max cpu load unit
CST 2026-07-17 19:57:28.738   162  1329 W C02d10/UCollectUtil-CpuCalculator: CalculateCpuLoad: invalid num of max cpu load unit
CST 2026-07-17 19:57:28.738   162  1329 W C02d10/UCollectUtil-CpuCalculator: CalculateCpuLoad: invalid num of max cpu load unit
CST 2026-07-17 19:57:28.738   162  1329 W C02d10/UCollectUtil-CpuCalculator: CalculateCpuLoad: invalid num of max cpu load unit
CST 2026-07-17 19:57:28.738   162  1329 W C02d10/UCollectUtil-CpuCalculator: CalculateCpuLoad: invalid num of max cpu load unit
CST 2026-07-17 19:57:28.738   162  1329 W C02d10/UCollectUtil-CpuCalculator: CalculateCpuLoad: invalid num of max cpu load unit
CST 2026-07-17 19:57:28.738   162  1329 W C02d10/UCollectUtil-CpuCalculator: CalculateCpuLoad: invalid num of max cpu load unit
CST 2026-07-17 19:57:28.738   162  1329 W C02d10/UCollectUtil-CpuCalculator: CalculateCpuLoad: invalid num of max cpu load unit
CST 2026-07-17 19:57:28.738   162  1329 W C02d10/UCollectUtil-CpuCalculator: CalculateCpuLoad: invalid num of max cpu load unit
CST 2026-07-17 19:57:28.738   162  1329 W C02d10/UCollectUtil-CpuCalculator: CalculateCpuLoad: invalid num of max cpu load unit
CST 2026-07-17 19:57:28.738   162  1329 W C02d10/UCollectUtil-CpuCalculator: CalculateCpuLoad: invalid num of max cpu load unit
CST 2026-07-17 19:57:28.738   162  1329 W C02d10/UCollectUtil-CpuCalculator: CalculateCpuLoad: invalid num of max cpu load unit
CST 2026-07-17 19:57:28.738   162  1329 W C02d10/UCollectUtil-CpuCalculator: CalculateCpuLoad: invalid num of max cpu load unit
CST 2026-07-17 19:57:28.738   162  1329 W C02d10/UCollectUtil-CpuCalculator: CalculateCpuLoad: invalid num of max cpu load unit
CST 2026-07-17 19:57:28.738   162  1329 W C02d10/UCollectUtil-CpuCalculator: CalculateCpuLoad: invalid num of max cpu load unit
CST 2026-07-17 19:57:28.738   162  1329 W C02d10/UCollectUtil-CpuCalculator: CalculateCpuLoad: invalid num of max cpu load unit
CST 2026-07-17 19:57:28.738   162  1329 W C02d10/UCollectUtil-CpuCalculator: CalculateCpuLoad: invalid num of max cpu load unit
CST 2026-07-17 19:57:28.738   162  1329 W C02d10/UCollectUtil-CpuCalculator: CalculateCpuLoad: invalid num of max cpu load unit
CST 2026-07-17 19:57:28.738   162  1329 W C02d10/UCollectUtil-CpuCalculator: CalculateCpuLoad: invalid num of max cpu load unit
CST 2026-07-17 19:57:28.738   162  1329 W C02d10/UCollectUtil-CpuCalculator: CalculateCpuLoad: invalid num of max cpu load unit
CST 2026-07-17 19:57:28.738   162  1329 W C02d10/UCollectUtil-CpuCalculator: CalculateCpuLoad: invalid num of max cpu load unit
CST 2026-07-17 19:57:28.738   162  1329 W C02d10/UCollectUtil-CpuCalculator: CalculateCpuLoad: invalid num of max cpu load unit
CST 2026-07-17 19:57:28.738   162  1329 W C02d10/UCollectUtil-CpuCalculator: CalculateCpuLoad: invalid num of max cpu load unit
CST 2026-07-17 19:57:28.738   162  1329 W C02d10/UCollectUtil-CpuCalculator: CalculateCpuLoad: invalid num of max cpu load unit
CST 2026-07-17 19:57:28.738   162  1329 W C02d10/UCollectUtil-CpuCalculator: CalculateCpuLoad: invalid num of max cpu load unit
CST 2026-07-17 19:57:28.738   162  1329 W C02d10/UCollectUtil-CpuCalculator: CalculateCpuLoad: invalid num of max cpu load unit
CST 2026-07-17 19:57:28.738   162  1329 W C02d10/UCollectUtil-CpuCalculator: CalculateCpuLoad: invalid num of max cpu load unit
CST 2026-07-17 19:57:28.738   162  1329 W C02d10/UCollectUtil-CpuCalculator: CalculateCpuLoad: invalid num of max cpu load unit
CST 2026-07-17 19:57:28.738   162  1329 W C02d10/UCollectUtil-CpuCalculator: CalculateCpuLoad: invalid num of max cpu load unit
CST 2026-07-17 19:57:28.738   162  1329 W C02d10/UCollectUtil-CpuCalculator: CalculateCpuLoad: invalid num of max cpu load unit
CST 2026-07-17 19:57:28.738   162  1329 W C02d10/UCollectUtil-CpuCalculator: CalculateCpuLoad: invalid num of max cpu load unit
CST 2026-07-17 19:57:28.738   162  1329 W C02d10/UCollectUtil-CpuCalculator: CalculateCpuLoad: invalid num of max cpu load unit
CST 2026-07-17 19:57:28.738   162  1329 W C02d10/UCollectUtil-CpuCalculator: CalculateCpuLoad: invalid num of max cpu load unit
CST 2026-07-17 19:57:28.738   162  1329 W C02d10/UCollectUtil-CpuCalculator: CalculateCpuLoad: invalid num of max cpu load unit
CST 2026-07-17 19:57:28.738   162  1329 W C02d10/UCollectUtil-CpuCalculator: CalculateCpuLoad: invalid num of max cpu load unit
CST 2026-07-17 19:57:28.738   162  1329 W C02d10/UCollectUtil-CpuCalculator: CalculateCpuLoad: invalid num of max cpu load unit
CST 2026-07-17 19:57:28.738   162  1329 W C02d10/UCollectUtil-CpuCalculator: CalculateCpuLoad: invalid num of max cpu load unit
CST 2026-07-17 19:57:28.738   162  1329 W C02d10/UCollectUtil-CpuCalculator: CalculateCpuLoad: invalid num of max cpu load unit
CST 2026-07-17 19:57:28.738   162  1329 W C02d10/UCollectUtil-CpuCalculator: CalculateCpuLoad: invalid num of max cpu load unit
CST 2026-07-17 19:57:28.738   162  1329 W C02d10/UCollectUtil-CpuCalculator: CalculateCpuLoad: invalid num of max cpu load unit
CST 2026-07-17 19:57:28.738   162  1329 W C02d10/UCollectUtil-CpuCalculator: CalculateCpuLoad: invalid num of max cpu load unit
CST 2026-07-17 19:57:28.738   162  1329 W C02d10/UCollectUtil-CpuCalculator: CalculateCpuLoad: invalid num of max cpu load unit
CST 2026-07-17 19:57:28.738   162  1329 W C02d10/UCollectUtil-CpuCalculator: CalculateCpuLoad: invalid num of max cpu load unit
CST 2026-07-17 19:57:28.738   162  1329 W C02d10/UCollectUtil-CpuCalculator: CalculateCpuLoad: invalid num of max cpu load unit
CST 2026-07-17 19:57:28.738   162  1329 W C02d10/UCollectUtil-CpuCalculator: CalculateCpuLoad: invalid num of max cpu load unit
CST 2026-07-17 19:57:28.738   162  1329 W C02d10/UCollectUtil-CpuCalculator: CalculateCpuLoad: invalid num of max cpu load unit
CST 2026-07-17 19:57:28.738   162  1329 W C02d10/UCollectUtil-CpuCalculator: CalculateCpuLoad: invalid num of max cpu load unit
CST 2026-07-17 19:57:28.738   162  1329 W C02d10/UCollectUtil-CpuCalculator: CalculateCpuLoad: invalid num of max cpu load unit
CST 2026-07-17 19:57:28.738   162  1329 W C02d10/UCollectUtil-CpuCalculator: CalculateCpuLoad: invalid num of max cpu load unit
CST 2026-07-17 19:57:28.738   162  1329 W C02d10/UCollectUtil-CpuCalculator: CalculateCpuLoad: invalid num of max cpu load unit
CST 2026-07-17 19:57:28.738   162  1329 W C02d10/UCollectUtil-CpuCalculator: CalculateCpuLoad: invalid num of max cpu load unit
CST 2026-07-17 19:57:28.738   162  1329 W C02d10/UCollectUtil-CpuCalculator: CalculateCpuLoad: invalid num of max cpu load unit
CST 2026-07-17 19:57:28.738   162  1329 W C02d10/UCollectUtil-CpuCalculator: CalculateCpuLoad: invalid num of max cpu load unit
CST 2026-07-17 19:57:28.738   162  1329 W C02d10/UCollectUtil-CpuCalculator: CalculateCpuLoad: invalid num of max cpu load unit
CST 2026-07-17 19:57:28.738   162  1329 W C02d10/UCollectUtil-CpuCalculator: CalculateCpuLoad: invalid num of max cpu load unit
CST 2026-07-17 19:57:28.738   162  1329 W C02d10/UCollectUtil-CpuCalculator: CalculateCpuLoad: invalid num of max cpu load unit
CST 2026-07-17 19:57:28.738   162  1329 W C02d10/UCollectUtil-CpuCalculator: CalculateCpuLoad: invalid num of max cpu load unit
CST 2026-07-17 19:57:28.738   162  1329 W C02d10/UCollectUtil-CpuCalculator: CalculateCpuLoad: invalid num of max cpu load unit
CST 2026-07-17 19:57:28.738   162  1329 W C02d10/UCollectUtil-CpuCalculator: CalculateCpuLoad: invalid num of max cpu load unit
CST 2026-07-17 19:57:28.738   162  1329 W C02d10/UCollectUtil-CpuCalculator: CalculateCpuLoad: invalid num of max cpu load unit
CST 2026-07-17 19:57:28.738   162  1329 W C02d10/UCollectUtil-CpuCalculator: CalculateCpuLoad: invalid num of max cpu load unit
CST 2026-07-17 19:57:28.738   162  1329 W C02d10/UCollectUtil-CpuCalculator: CalculateCpuLoad: invalid num of max cpu load unit
CST 2026-07-17 19:57:28.738   162  1329 W C02d10/UCollectUtil-CpuCalculator: CalculateCpuLoad: invalid num of max cpu load unit
CST 2026-07-17 19:57:28.738   162  1329 W C02d10/UCollectUtil-CpuCalculator: CalculateCpuLoad: invalid num of max cpu load unit
CST 2026-07-17 19:57:28.738   162  1329 W C02d10/UCollectUtil-CpuCalculator: CalculateCpuLoad: invalid num of max cpu load unit
CST 2026-07-17 19:57:28.738   162  1329 W C02d10/UCollectUtil-CpuCalculator: CalculateCpuLoad: invalid num of max cpu load unit
CST 2026-07-17 19:57:28.738   162  1329 W C02d10/UCollectUtil-CpuCalculator: CalculateCpuLoad: invalid num of max cpu load unit
CST 2026-07-17 19:57:28.738   162  1329 W C02d10/UCollectUtil-CpuCalculator: CalculateCpuLoad: invalid num of max cpu load unit
CST 2026-07-17 19:57:28.738   162  1329 W C02d10/UCollectUtil-CpuCalculator: CalculateCpuLoad: invalid num of max cpu load unit
CST 2026-07-17 19:57:28.738   162  1329 W C02d10/UCollectUtil-CpuCalculator: CalculateCpuLoad: invalid num of max cpu load unit
CST 2026-07-17 19:57:28.738   162  1329 W C02d10/UCollectUtil-CpuCalculator: CalculateCpuLoad: invalid num of max cpu load unit
CST 2026-07-17 19:57:28.738   162  1329 W C02d10/UCollectUtil-CpuCalculator: CalculateCpuLoad: invalid num of max cpu load unit
CST 2026-07-17 19:57:28.738   162  1329 W C02d10/UCollectUtil-CpuCalculator: CalculateCpuLoad: invalid num of max cpu load unit
CST 2026-07-17 19:57:28.738   162  1329 W C02d10/UCollectUtil-CpuCalculator: CalculateCpuLoad: invalid num of max cpu load unit
CST 2026-07-17 19:57:28.738   162  1329 W C02d10/UCollectUtil-CpuCalculator: CalculateCpuLoad: invalid num of max cpu load unit
CST 2026-07-17 19:57:28.738   162  1329 W C02d10/UCollectUtil-CpuCalculator: CalculateCpuLoad: invalid num of max cpu load unit
CST 2026-07-17 19:57:28.739   162  1329 W C02d10/UCollectUtil-CpuCalculator: CalculateCpuLoad: invalid num of max cpu load unit
CST 2026-07-17 19:57:28.739   162  1329 W C02d10/UCollectUtil-CpuCalculator: CalculateCpuLoad: invalid num of max cpu load unit
CST 2026-07-17 19:57:28.739   162  1329 W C02d10/UCollectUtil-CpuCalculator: CalculateCpuLoad: invalid num of max cpu load unit
CST 2026-07-17 19:57:28.739   162  1329 W C02d10/UCollectUtil-CpuCalculator: CalculateCpuLoad: invalid num of max cpu load unit
CST 2026-07-17 19:57:28.739   162  1329 W C02d10/UCollectUtil-CpuCalculator: CalculateCpuLoad: invalid num of max cpu load unit
CST 2026-07-17 19:57:28.739   162  1329 W C02d10/UCollectUtil-CpuCalculator: CalculateCpuLoad: invalid num of max cpu load unit
CST 2026-07-17 19:57:28.739   162  1329 W C02d10/UCollectUtil-CpuCalculator: CalculateCpuLoad: invalid num of max cpu load unit
CST 2026-07-17 19:57:28.739   162  1329 W C02d10/UCollectUtil-CpuCalculator: CalculateCpuLoad: invalid num of max cpu load unit
CST 2026-07-17 19:57:28.739   162  1329 W C02d10/UCollectUtil-CpuCalculator: CalculateCpuLoad: invalid num of max cpu load unit
CST 2026-07-17 19:57:28.739   162  1329 W C02d10/UCollectUtil-CpuCalculator: CalculateCpuLoad: invalid num of max cpu load unit
CST 2026-07-17 19:57:28.739   162  1329 W C02d10/UCollectUtil-CpuCalculator: CalculateCpuLoad: invalid num of max cpu load unit
CST 2026-07-17 19:57:28.739   162  1329 W C02d10/UCollectUtil-CpuCalculator: CalculateCpuLoad: invalid num of max cpu load unit
CST 2026-07-17 19:57:28.739   162  1329 W C02d10/UCollectUtil-CpuCalculator: CalculateCpuLoad: invalid num of max cpu load unit
CST 2026-07-17 19:57:28.739   162  1329 W C02d10/UCollectUtil-CpuCalculator: CalculateCpuLoad: invalid num of max cpu load unit
CST 2026-07-17 19:57:28.739   162  1329 W C02d10/UCollectUtil-CpuCalculator: CalculateCpuLoad: invalid num of max cpu load unit
CST 2026-07-17 19:57:28.739   162  1329 W C02d10/UCollectUtil-CpuCalculator: CalculateCpuLoad: invalid num of max cpu load unit
CST 2026-07-17 19:57:28.739   162  1329 W C02d10/UCollectUtil-CpuCalculator: CalculateCpuLoad: invalid num of max cpu load unit
CST 2026-07-17 19:57:28.739   162  1329 W C02d10/UCollectUtil-CpuCalculator: CalculateCpuLoad: invalid num of max cpu load unit
CST 2026-07-17 19:57:28.739   162  1329 W C02d10/UCollectUtil-CpuCalculator: CalculateCpuLoad: invalid num of max cpu load unit
CST 2026-07-17 19:57:28.739   162  1329 W C02d10/UCollectUtil-CpuCalculator: CalculateCpuLoad: invalid num of max cpu load unit
CST 2026-07-17 19:57:28.739   162  1329 W C02d10/UCollectUtil-CpuCalculator: CalculateCpuLoad: invalid num of max cpu load unit
CST 2026-07-17 19:57:28.739   162  1329 W C02d10/UCollectUtil-CpuCalculator: CalculateCpuLoad: invalid num of max cpu load unit
CST 2026-07-17 19:57:28.739   162  1329 W C02d10/UCollectUtil-CpuCalculator: CalculateCpuLoad: invalid num of max cpu load unit
CST 2026-07-17 19:57:28.739   162  1329 W C02d10/UCollectUtil-CpuCalculator: CalculateCpuLoad: invalid num of max cpu load unit
CST 2026-07-17 19:57:28.739   162  1329 W C02d10/UCollectUtil-CpuCalculator: CalculateCpuLoad: invalid num of max cpu load unit
CST 2026-07-17 19:57:28.739   162  1329 W C02d10/UCollectUtil-CpuCalculator: CalculateCpuLoad: invalid num of max cpu load unit
CST 2026-07-17 19:57:28.739   162  1329 W C02d10/UCollectUtil-CpuCalculator: CalculateCpuLoad: invalid num of max cpu load unit
CST 2026-07-17 19:57:28.739   162  1329 W C02d10/UCollectUtil-CpuCalculator: CalculateCpuLoad: invalid num of max cpu load unit
CST 2026-07-17 19:57:28.739   162  1329 W C02d10/UCollectUtil-CpuCalculator: CalculateCpuLoad: invalid num of max cpu load unit
CST 2026-07-17 19:57:28.739   162  1329 W C02d10/UCollectUtil-CpuCalculator: CalculateCpuLoad: invalid num of max cpu load unit
CST 2026-07-17 19:57:28.739   162  1329 W C02d10/UCollectUtil-CpuCalculator: CalculateCpuLoad: invalid num of max cpu load unit
CST 2026-07-17 19:57:28.739   162  1329 W C02d10/UCollectUtil-CpuCalculator: CalculateCpuLoad: invalid num of max cpu load unit
CST 2026-07-17 19:57:28.739   162  1329 W C02d10/UCollectUtil-CpuCalculator: CalculateCpuLoad: invalid num of max cpu load unit
CST 2026-07-17 19:57:28.739   162  1329 W C02d10/UCollectUtil-CpuCalculator: CalculateCpuLoad: invalid num of max cpu load unit
CST 2026-07-17 19:57:28.739   162  1329 W C02d10/UCollectUtil-CpuCalculator: CalculateCpuLoad: invalid num of max cpu load unit
CST 2026-07-17 19:57:28.739   162  1329 W C02d10/UCollectUtil-CpuCalculator: CalculateCpuLoad: invalid num of max cpu load unit
CST 2026-07-17 19:57:28.739   162  1329 W C02d10/UCollectUtil-CpuCalculator: CalculateCpuLoad: invalid num of max cpu load unit
CST 2026-07-17 19:57:28.739   162  1329 W C02d10/UCollectUtil-CpuCalculator: CalculateCpuLoad: invalid num of max cpu load unit
CST 2026-07-17 19:57:28.739   162  1329 W C02d10/UCollectUtil-CpuCalculator: CalculateCpuLoad: invalid num of max cpu load unit
CST 2026-07-17 19:57:28.739   162  1329 W C02d10/UCollectUtil-CpuCalculator: CalculateCpuLoad: invalid num of max cpu load unit
CST 2026-07-17 19:57:28.739   162  1329 W C02d10/UCollectUtil-CpuCalculator: CalculateCpuLoad: invalid num of max cpu load unit
CST 2026-07-17 19:57:28.739   162  1329 W C02d10/UCollectUtil-CpuCalculator: CalculateCpuLoad: invalid num of max cpu load unit
CST 2026-07-17 19:57:28.739   162  1329 W C02d10/UCollectUtil-CpuCalculator: CalculateCpuLoad: invalid num of max cpu load unit
CST 2026-07-17 19:57:28.739   162  1329 W C02d10/UCollectUtil-CpuCalculator: CalculateCpuLoad: invalid num of max cpu load unit
CST 2026-07-17 19:57:28.739   162  1329 W C02d10/UCollectUtil-CpuCalculator: CalculateCpuLoad: invalid num of max cpu load unit
CST 2026-07-17 19:57:28.739   162  1329 W C02d10/UCollectUtil-CpuCalculator: CalculateCpuLoad: invalid num of max cpu load unit
CST 2026-07-17 19:57:28.739   162  1329 W C02d10/UCollectUtil-CpuCalculator: CalculateCpuLoad: invalid num of max cpu load unit
CST 2026-07-17 19:57:28.739   162  1329 W C02d10/UCollectUtil-CpuCalculator: CalculateCpuLoad: invalid num of max cpu load unit
CST 2026-07-17 19:57:28.739   162  1329 W C02d10/UCollectUtil-CpuCalculator: CalculateCpuLoad: invalid num of max cpu load unit
CST 2026-07-17 19:57:28.739   162  1329 W C02d10/UCollectUtil-CpuCalculator: CalculateCpuLoad: invalid num of max cpu load unit
CST 2026-07-17 19:57:28.739   162  1329 W C02d10/UCollectUtil-CpuCalculator: CalculateCpuLoad: invalid num of max cpu load unit
CST 2026-07-17 19:57:28.739   162  1329 W C02d10/UCollectUtil-CpuCalculator: CalculateCpuLoad: invalid num of max cpu load unit
CST 2026-07-17 19:57:28.739   162  1329 W C02d10/UCollectUtil-CpuCalculator: CalculateCpuLoad: invalid num of max cpu load unit
CST 2026-07-17 19:57:28.739   162  1329 W C02d10/UCollectUtil-CpuCalculator: CalculateCpuLoad: invalid num of max cpu load unit
CST 2026-07-17 19:57:28.739   162  1329 W C02d10/UCollectUtil-CpuCalculator: CalculateCpuLoad: invalid num of max cpu load unit
CST 2026-07-17 19:57:28.739   162  1329 W C02d10/UCollectUtil-CpuCalculator: CalculateCpuLoad: invalid num of max cpu load unit
CST 2026-07-17 19:57:28.739   162  1329 W C02d10/UCollectUtil-CpuCalculator: CalculateCpuLoad: invalid num of max cpu load unit
CST 2026-07-17 19:57:28.739   162  1329 W C02d10/UCollectUtil-CpuCalculator: CalculateCpuLoad: invalid num of max cpu load unit
CST 2026-07-17 19:57:28.739   162  1329 W C02d10/UCollectUtil-CpuCalculator: CalculateCpuLoad: invalid num of max cpu load unit
CST 2026-07-17 19:57:28.739   162  1329 W C02d10/UCollectUtil-CpuCalculator: CalculateCpuLoad: invalid num of max cpu load unit
CST 2026-07-17 19:57:28.739   162  1329 W C02d10/UCollectUtil-CpuCalculator: CalculateCpuLoad: invalid num of max cpu load unit
CST 2026-07-17 19:57:28.739   162  1329 W C02d10/UCollectUtil-CpuCalculator: CalculateCpuLoad: invalid num of max cpu load unit
CST 2026-07-17 19:57:28.739   162  1329 W C02d10/UCollectUtil-CpuCalculator: CalculateCpuLoad: invalid num of max cpu load unit
CST 2026-07-17 19:57:28.739   162  1329 W C02d10/UCollectUtil-CpuCalculator: CalculateCpuLoad: invalid num of max cpu load unit
CST 2026-07-17 19:57:28.739   162  1329 W C02d10/UCollectUtil-CpuCalculator: CalculateCpuLoad: invalid num of max cpu load unit
CST 2026-07-17 19:57:28.739   162  1329 W C02d10/UCollectUtil-CpuCalculator: CalculateCpuLoad: invalid num of max cpu load unit
CST 2026-07-17 19:57:28.739   162  1329 W C02d10/UCollectUtil-CpuCalculator: CalculateCpuLoad: invalid num of max cpu load unit
CST 2026-07-17 19:57:28.739   162  1329 W C02d10/UCollectUtil-CpuCalculator: CalculateCpuLoad: invalid num of max cpu load unit
CST 2026-07-17 19:57:28.739   162  1329 W C02d10/UCollectUtil-CpuCalculator: CalculateCpuLoad: invalid num of max cpu load unit
CST 2026-07-17 19:57:28.739   162  1329 W C02d10/UCollectUtil-CpuCalculator: CalculateCpuLoad: invalid num of max cpu load unit
CST 2026-07-17 19:57:28.739   162  1329 W C02d10/UCollectUtil-CpuCalculator: CalculateCpuLoad: invalid num of max cpu load unit
CST 2026-07-17 19:57:28.739   162  1329 W C02d10/UCollectUtil-CpuCalculator: CalculateCpuLoad: invalid num of max cpu load unit
CST 2026-07-17 19:57:28.739   162  1329 W C02d10/UCollectUtil-CpuCalculator: CalculateCpuLoad: invalid num of max cpu load unit
CST 2026-07-17 19:57:28.739   162  1329 W C02d10/UCollectUtil-CpuCalculator: CalculateCpuLoad: invalid num of max cpu load unit
CST 2026-07-17 19:57:28.739   162  1329 W C02d10/UCollectUtil-CpuCalculator: CalculateCpuLoad: invalid num of max cpu load unit
CST 2026-07-17 19:57:28.739   162  1329 W C02d10/UCollectUtil-CpuCalculator: CalculateCpuLoad: invalid num of max cpu load unit
CST 2026-07-17 19:57:28.739   162  1329 W C02d10/UCollectUtil-CpuCalculator: CalculateCpuLoad: invalid num of max cpu load unit
CST 2026-07-17 19:57:28.739   162  1329 W C02d10/UCollectUtil-CpuCalculator: CalculateCpuLoad: invalid num of max cpu load unit
CST 2026-07-17 19:57:28.739   162  1329 W C02d10/UCollectUtil-CpuCalculator: CalculateCpuLoad: invalid num of max cpu load unit
CST 2026-07-17 19:57:28.739   162  1329 W C02d10/UCollectUtil-CpuCalculator: CalculateCpuLoad: invalid num of max cpu load unit
CST 2026-07-17 19:57:28.739   162  1329 W C02d10/UCollectUtil-CpuCalculator: CalculateCpuLoad: invalid num of max cpu load unit
CST 2026-07-17 19:57:28.739   162  1329 W C02d10/UCollectUtil-CpuCalculator: CalculateCpuLoad: invalid num of max cpu load unit
CST 2026-07-17 19:57:28.739   162  1329 W C02d10/UCollectUtil-CpuCalculator: CalculateCpuLoad: invalid num of max cpu load unit
CST 2026-07-17 19:57:28.739   162  1329 W C02d10/UCollectUtil-CpuCalculator: CalculateCpuLoad: invalid num of max cpu load unit
CST 2026-07-17 19:57:28.739   162  1329 W C02d10/UCollectUtil-CpuCalculator: CalculateCpuLoad: invalid num of max cpu load unit
CST 2026-07-17 19:57:28.739   162  1329 W C02d10/UCollectUtil-CpuCalculator: CalculateCpuLoad: invalid num of max cpu load unit
CST 2026-07-17 19:57:28.739   162  1329 W C02d10/UCollectUtil-CpuCalculator: CalculateCpuLoad: invalid num of max cpu load unit
CST 2026-07-17 19:57:28.739   162  1329 W C02d10/UCollectUtil-CpuCalculator: CalculateCpuLoad: invalid num of max cpu load unit
CST 2026-07-17 19:57:28.739   162  1329 W C02d10/UCollectUtil-CpuCalculator: CalculateCpuLoad: invalid num of max cpu load unit
CST 2026-07-17 19:57:28.739   162  1329 W C02d10/UCollectUtil-CpuCalculator: CalculateCpuLoad: invalid num of max cpu load unit
CST 2026-07-17 19:57:28.739   162  1329 W C02d10/UCollectUtil-CpuCalculator: CalculateCpuLoad: invalid num of max cpu load unit
CST 2026-07-17 19:57:28.739   162  1329 W C02d10/UCollectUtil-CpuCalculator: CalculateCpuLoad: invalid num of max cpu load unit
CST 2026-07-17 19:57:28.903  1522  1522 W A01c06/ICON: AppIconWeatherModel --> initWeatherListener, retryTimes: 4
CST 2026-07-17 19:57:28.913   468  1324 E C01707/CONCUR: [Interface] task 1324 apply qos failed, errno = 4
CST 2026-07-17 19:57:28.913   468  1324 E C01611/QosManager: QosManager: Failed to set thread QoS to QOS_USER_INTERACTIVE, ret: -1
CST 2026-07-17 19:57:28.913   770  1062 W C01123/BMSCommon: bundle not exist -n com.huawei.hmsapp.totemweather -u 100 -i 0 -f 32
CST 2026-07-17 19:57:28.913   770  1062 W C01121/BMSQuery: GetBundleInfo failed -n com.huawei.hmsapp.totemweather -u 100
CST 2026-07-17 19:57:28.913   468  1324 E C01651/BundleMgrProxy: GetBundleInfoFromBMS: GetBundleInfo failed!bundleName is com.huawei.hmsapp.totemweather, userId is 100
CST 2026-07-17 19:57:28.913   468  1324 E C01651/DataProviderConfig: GetFromProxyData: Get bundleInfo failed! bundleName:com.huawei.hmsapp.totemweather, userId:100, visitedId:100, uri:******icIconInfo
CST 2026-07-17 19:57:28.913   468  1324 E C01651/DataShareServiceImpl: GetBMSAndMetaDataStatus: CalledInfo failed! token:0x20087fab,ret:1001,uri:******icIconInfo
CST 2026-07-17 19:57:28.913   468  1324 E C01651/DataShareServiceImpl: GetSilentProxyStatus: BMS or metaData not ready to complete, token:0x20087fab, uri:******icIconInfo
CST 2026-07-17 19:57:28.914  1522  1522 E A01c06/ICON: AppIconWeatherModel --> get weather info failed, code: 15700010, message: The DataShareHelper is not initialized successfully.
CST 2026-07-17 19:57:29.093  3502  3505 I C03100/UiTestKit_Server: [system_ui_controller.cpp:(operator())] Success connect to AccessibilityUITestAbility
CST 2026-07-17 19:57:29.093  3502  3505 W C057c3/IPCObjectStub: SendRequestInner: Stub(desc:*.IAccessibleAbilityClient) code:500 cost:500ms
CST 2026-07-17 19:57:29.093  3502  3502 W C04201/DMS: RegisterClientDeathListener: regis reverse death
CST 2026-07-17 19:57:29.093  3502  3502 I C04201/DMS: RegisterClientDeathListener: ENTER
CST 2026-07-17 19:57:29.094   770  1062 E C04200/WMS: UpdateBundleInfo: Failed
CST 2026-07-17 19:57:29.095   770  1062 W C04201/DMS: screen_session.cpp: call BMS
CST 2026-07-17 19:57:29.095   770  1062 I C04201/DMS: screen_session.cpp: pid:0, bundle:, api:0
CST 2026-07-17 19:57:29.095  3502  3502 I C03100/UiTestKit_Server: [system_ui_controller.cpp:(GetUiWindows)] window is visible, windowId: 21, active: 0, focus: 0,layer: 2202, displayId: 0
CST 2026-07-17 19:57:29.095  3502  3502 I C01d01/accessibility_aakit: [(SearchElementInfoFromAce:1329)]windowId 21}, elementId -1
CST 2026-07-17 19:57:29.097  3502  3507 W C057c1/IPCWorkThread: ThreadHandler: proto:0 policy:0 name:OS_IPC_2_3507 invoker:12582864
CST 2026-07-17 19:57:29.097  3502  3502 I C03100/UiTestKit_Server: [system_ui_controller.cpp:(InflateWindowInfo)] End Get Bundle Name by WindowId 21, app is com.ohos.sceneboard
CST 2026-07-17 19:57:29.097  3502  3508 W C057c1/IPCWorkThread: ThreadHandler: proto:0 policy:0 name:OS_IPC_3_3508 invoker:12583440
CST 2026-07-17 19:57:29.098   770  1062 I C0420f/WMSRecover: mock_session_manager_service.cpp GetForegroundOsAccountDisplayId: displayId: 0
CST 2026-07-17 19:57:29.098   770  1062 I C0420f/WMSRecover: mock_session_manager_service.cpp RegisterSMSRecoverListener: clientUserId: 0, userId: 100, pid: 3502,isLite: 1, displayId: 0
CST 2026-07-17 19:57:29.098   770  1062 I C04210/WMSMultiUser: mock_session_manager_service.cpp NotifyWMSConnectionStatus: wms is already connected, notify client
CST 2026-07-17 19:57:29.099  3502  3502 I C03100/UiTestKit_Server: [system_ui_controller.cpp:(UpdateWindowAttrs)] window 21 touchArea: Rect {left:0,right:1320,top:0,bottom:137} 
CST 2026-07-17 19:57:29.099  3502  3502 I C03100/UiTestKit_Server: [system_ui_controller.cpp:(GetUiWindows)] window is visible, windowId: 30, active: 1, focus: 1,layer: 102, displayId: 0
CST 2026-07-17 19:57:29.099  3502  3502 I C01d01/accessibility_aakit: [(SearchElementInfoFromAce:1329)]windowId 30}, elementId -1
CST 2026-07-17 19:57:29.100  3502  3502 I C03100/UiTestKit_Server: [system_ui_controller.cpp:(InflateWindowInfo)] End Get Bundle Name by WindowId 30, app is cn.alfadb.netbird.e3vpna
CST 2026-07-17 19:57:29.100  3502  3502 I C03100/UiTestKit_Server: [system_ui_controller.cpp:(GetUiWindows)] window is covered, windowId : 10, layer is 2
CST 2026-07-17 19:57:29.100  3502  3502 I C03100/UiTestKit_Server: [system_ui_controller.cpp:(GetUiWindows)] window is covered, windowId : 7, layer is 1
CST 2026-07-17 19:57:29.101  3502  3502 I C01d01/accessibility_aakit: [(SearchElementInfoRecursiveByWinid:1500)]windowId 30}, elementId -1, treeId 0, mode 8
CST 2026-07-17 19:57:29.103  3502  3502 I C03100/UiTestKit_Server: [system_ui_controller.cpp:(GetWidgetsInWindow)] End Get nodes from window by WindowId 30, node size is 9, appId: cn.alfadb.netbird.e3vpna
CST 2026-07-17 19:57:29.104  3502  3502 I C01d01/accessibility_aakit: [(SearchElementInfoRecursiveByWinid:1500)]windowId 21}, elementId -1, treeId 0, mode 8
CST 2026-07-17 19:57:29.108  3502  3502 I C03100/UiTestKit_Server: [system_ui_controller.cpp:(GetWidgetsInWindow)] End Get nodes from window by WindowId 21, node size is 43, appId: com.ohos.sceneboard
CST 2026-07-17 19:57:29.118   770  1062 I C057c2/IPCObjectProxy: hd:280 ct:1 D:
CST 2026-07-17 19:57:29.118   201  3020 I C057c2/IPCObjectProxy: hd:33 ct:1 D:*.IAccessibleAbilityClient
CST 2026-07-17 19:57:29.118   770   800 I C057c2/IPCObjectProxy: hd:281 ct:1 D:*.ISessionManagerServiceRecoverListener
CST 2026-07-17 19:57:29.118   146   192 I C057c2/IPCObjectProxy: hd:24 ct:1 D:*.IWatcher
CST 2026-07-17 19:57:29.118   770   800 W C0420f/WMSRecover: mock_session_manager_service.cpp OnRemoteDied: Client died, pid = 3502, isLite = 1
CST 2026-07-17 19:57:29.118   770   800 I C0420f/WMSRecover: mock_session_manager_service.cpp UnregisterSMSRecoverListenerInner: clientUserId: 0, pid: 3502, isLite: 1, displayId: 0
CST 2026-07-17 19:57:29.118   770   800 I C0420f/WMSRecover: mock_session_manager_service.cpp GetSystemAppSMSRecoverListenerMap: isLite: 1, displayId: 0
CST 2026-07-17 19:57:29.118   146   192 I C02c03/PARAM_WATCHER: [watcher_manager.cpp:516]Agent died 50 3502
CST 2026-07-17 19:57:29.118   146   192 I C02c03/PARAM_WATCHER: [watcher_manager.cpp:702]Delete param watcher remoteWatcherId 50 group 80
CST 2026-07-17 19:57:29.122   201  2303 E C01d05/accessibility_interface: [(OnEnableAbilityRemoteDied:66)]OnEnableAbilityRemoteDied fail, error: 29201
CST 2026-07-17 19:57:29.122   201  2303 I C01d00/accessibility: [(RemoveAccessibilityAbilityByUri:1419)]uri is <private>
CST 2026-07-17 19:57:29.122   201  2303 I C01d00/accessibility: [(UpdateNeedEvents:1745)]needEvents size is 0
CST 2026-07-17 19:57:29.126   201  2303 E C01d05/accessibility_interface: [(OnAccessibilityEnableAbilityListsChanged:62)]OnAccessibilityEnableAbilityListsChanged fail, error: 29201
CST 2026-07-17 19:57:29.129   201  2303 E C01d05/accessibility_interface: [(OnAccessibilityInstallAbilityListsChanged:89)]OnAccessibilityInstallAbilityListsChanged fail, error: 29201
CST 2026-07-17 19:57:29.135   468  1324 E C01707/CONCUR: [Interface] task 1324 apply qos failed, errno = 4
CST 2026-07-17 19:57:29.135   468  1324 E C01611/QosManager: QosManager: Failed to set thread QoS to QOS_USER_INTERACTIVE, ret: -1
CST 2026-07-17 19:57:29.142   468  1324 E C01707/CONCUR: [Interface] task 1324 apply qos failed, errno = 4
CST 2026-07-17 19:57:29.142   468  1324 E C01611/QosManager: QosManager: Failed to set thread QoS to QOS_USER_INTERACTIVE, ret: -1
CST 2026-07-17 19:57:29.142  2326  2326 I C02500/Qemud: Guest heartbeat success.
CST 2026-07-17 19:57:29.142   468  1324 I C01651/DataShareServiceStub: OnRemoteRequest: code:21, callingPid:201
CST 2026-07-17 19:57:29.142  1790  1834 I C0430a/file_monitor_service: [MainMissionStatus:197]CanExit
CST 2026-07-17 19:57:29.142  1790  1834 I C0430a/file_monitor_service: [MainMissionStatus:203]SecondaryScanner idle
CST 2026-07-17 19:57:29.143   468  1324 I C01631/GaussPD:  [0] [ADAPTER] [140151183563520] Not support binlog_default.writeLock file enable del monitor sysno = 25
CST 2026-07-17 19:57:29.143   468  1324 I C01631/GaussPD:  [0] [ADAPTER] [140151183563520] Not support binlog_default.writeLock file enable del monitor sysno = 25
CST 2026-07-17 19:57:29.143   468  1324 I C01631/GaussPD:  [0] [ADAPTER] [140151183563520] Not support binlog_default.writeLock file enable del monitor sysno = 25
CST 2026-07-17 19:57:29.143   468  1324 I C01631/GaussPD:  [0] [ADAPTER] [140151183563520] Not support binlog_default.writeLock file enable del monitor sysno = 25
CST 2026-07-17 19:57:29.143   468  1324 I C01631/GaussPD:  [0] [ADAPTER] [140151183563520] Not support binlog_default.writeIndex file enable del monitor sysno = 25
CST 2026-07-17 19:57:29.143   468  1324 I C01631/GaussPD:  [0] [ADAPTER] [140151183563520] Not support binlog_default.writeIndex file enable del monitor sysno = 25
CST 2026-07-17 19:57:29.144   468  1324 I C01651/DataShareServiceStub: OnUpdateEx: Update uri:******uide_state, e:0, s:1
CST 2026-07-17 19:57:29.149   468  1324 E C01707/CONCUR: [Interface] task 1324 apply qos failed, errno = 4
CST 2026-07-17 19:57:29.150   468  1324 E C01611/QosManager: QosManager: Failed to set thread QoS to QOS_USER_INTERACTIVE, ret: -1
CST 2026-07-17 19:57:29.150   468  1324 I C01651/DataShareServiceStub: OnRemoteRequest: code:14, callingPid:201
CST 2026-07-17 19:57:29.156   468  1324 E C01707/CONCUR: [Interface] task 1324 apply qos failed, errno = 4
CST 2026-07-17 19:57:29.156   468  1324 E C01611/QosManager: QosManager: Failed to set thread QoS to QOS_USER_INTERACTIVE, ret: -1
CST 2026-07-17 19:57:29.156   468  1324 I C01651/DataShareServiceStub: OnRemoteRequest: code:21, callingPid:201
CST 2026-07-17 19:57:29.156   468  1324 I C01631/GaussPD:  [0] [ADAPTER] [140151183563520] Not support binlog_default.writeLock file enable del monitor sysno = 25
CST 2026-07-17 19:57:29.156   468  1324 I C01631/GaussPD:  [0] [ADAPTER] [140151183563520] Not support binlog_default.writeLock file enable del monitor sysno = 25
CST 2026-07-17 19:57:29.156   468  1324 I C01631/GaussPD:  [0] [ADAPTER] [140151183563520] Not support binlog_default.writeLock file enable del monitor sysno = 25
CST 2026-07-17 19:57:29.157   468  1324 I C01631/GaussPD:  [0] [ADAPTER] [140151183563520] Not support binlog_default.writeLock file enable del monitor sysno = 25
CST 2026-07-17 19:57:29.157   468  1324 I C01631/GaussPD:  [0] [ADAPTER] [140151183563520] Not support binlog_default.writeIndex file enable del monitor sysno = 25
CST 2026-07-17 19:57:29.157   468  1324 I C01631/GaussPD:  [0] [ADAPTER] [140151183563520] Not support binlog_default.writeIndex file enable del monitor sysno = 25
CST 2026-07-17 19:57:29.157   468  1324 I C01651/DataShareServiceStub: OnUpdateEx: Update uri:******ture_state, e:0, s:1
CST 2026-07-17 19:57:29.163   468  1324 E C01707/CONCUR: [Interface] task 1324 apply qos failed, errno = 4
CST 2026-07-17 19:57:29.163   468  1324 E C01611/QosManager: QosManager: Failed to set thread QoS to QOS_USER_INTERACTIVE, ret: -1
CST 2026-07-17 19:57:29.163   468  1324 I C01651/DataShareServiceStub: OnRemoteRequest: code:14, callingPid:201
CST 2026-07-17 19:57:29.169   468  1324 E C01707/CONCUR: [Interface] task 1324 apply qos failed, errno = 4
CST 2026-07-17 19:57:29.169   468  1324 E C01611/QosManager: QosManager: Failed to set thread QoS to QOS_USER_INTERACTIVE, ret: -1
CST 2026-07-17 19:57:29.169   468  1324 I C01651/DataShareServiceStub: OnRemoteRequest: code:21, callingPid:201
CST 2026-07-17 19:57:29.170   468  1324 I C01631/GaussPD:  [0] [ADAPTER] [140151183563520] Not support binlog_default.writeLock file enable del monitor sysno = 25
CST 2026-07-17 19:57:29.170   468  1324 I C01631/GaussPD:  [0] [ADAPTER] [140151183563520] Not support binlog_default.writeLock file enable del monitor sysno = 25
CST 2026-07-17 19:57:29.170   468  1324 I C01631/GaussPD:  [0] [ADAPTER] [140151183563520] Not support binlog_default.writeLock file enable del monitor sysno = 25
CST 2026-07-17 19:57:29.170   468  1324 I C01631/GaussPD:  [0] [ADAPTER] [140151183563520] Not support binlog_default.writeLock file enable del monitor sysno = 25
CST 2026-07-17 19:57:29.170   468  1324 I C01631/GaussPD:  [0] [ADAPTER] [140151183563520] Not support binlog_default.writeIndex file enable del monitor sysno = 25
CST 2026-07-17 19:57:29.170   468  1324 I C01631/GaussPD:  [0] [ADAPTER] [140151183563520] Not support binlog_default.writeIndex file enable del monitor sysno = 25
CST 2026-07-17 19:57:29.170   468  1324 I C01651/DataShareServiceStub: OnUpdateEx: Update uri:******t_observer, e:0, s:1
CST 2026-07-17 19:57:29.172  2500  3014 E C02e00/UPDATE_SA: [hap_connection.cpp(50)]GetHapRemoteObject, remoteObj is nullptr, bundle com.huawei.hmos.ouc
CST 2026-07-17 19:57:29.172  2500  3014 I C01352/ExtMgr: [extension_manager_client.cpp134]name:com.huawei.hmos.ouc ServiceExtAbility, userId:-1.
CST 2026-07-17 19:57:29.172   770   782 I C01342/ServiceExt: [ABMS5529]element: com.huawei.hmos.ouc/ServiceExtAbility
CST 2026-07-17 19:57:29.172   770   782 W C01123/BMSCommon: bundle not exist -n com.huawei.hmos.ouc -u 100 -i 0 -f 0
CST 2026-07-17 19:57:29.172   770   782 W C01336/AMS: [start_ability_utils.cpp76]failed: com.huawei.hmos.ouc
CST 2026-07-17 19:57:29.172   770   782 W C01336/AMS: [crowd_test_interceptor.cpp54]GetAppInfo failed
CST 2026-07-17 19:57:29.172   770   782 W C01120/BMS: app_control_manager.cpp:GetAppRunningControlRule:397 getAppId failed,-n:com.huawei.hmos.ouc
CST 2026-07-17 19:57:29.173   770   782 W C01123/BMSCommon: uid(6666) invalid
CST 2026-07-17 19:57:29.173   770   782 I C01336/AMS: [start_ability_utils.cpp54]appIndex:-1
CST 2026-07-17 19:57:29.173   770   782 W C01123/BMSCommon: bundle not exist -n com.huawei.hmos.ouc -u 100 -i 0 -f 1062
CST 2026-07-17 19:57:29.173   770   782 I C01121/BMSQuery: ExplicitQueryAbility no match -n com.huawei.hmos.ouc -a ServiceExtAbility -u 100 -i 0
CST 2026-07-17 19:57:29.173   770   782 W C01120/BMS: query abilitys_ext code 8521480
CST 2026-07-17 19:57:29.173   770   782 W C01123/BMSCommon: bundle not exist -n com.huawei.hmos.ouc -u 100 -i 0 -f 1062
CST 2026-07-17 19:57:29.173   770   782 W C01121/BMSQuery: bundle_data_mgr.cpp:ExplicitQueryExtensionInfo:7239 ExplicitQueryExtensionInfo failed
CST 2026-07-17 19:57:29.173   770   782 I C01121/BMSQuery: ExplicitQueryExtension size:0 -n com.huawei.hmos.ouc -e ServiceExtAbility -u 100 -i 0
CST 2026-07-17 19:57:29.173   770   782 W C01121/BMSQuery: bundle_data_mgr.cpp:GetCloneAppIndexes:2463 no bundleName com.huawei.hmos.ouc found
CST 2026-07-17 19:57:29.173   770   782 W C01121/BMSQuery: bundle_mgr_host_impl.cpp:QueryExtensionAbilityInfos:3425 no valid extension info can be inquired
CST 2026-07-17 19:57:29.173   770   782 E C01336/AMS: [start_ability_utils.cpp290]extensionInfo empty
CST 2026-07-17 19:57:29.173   770   782 E C01342/ServiceExt: [ABMS5868]generate request error
CST 2026-07-17 19:57:29.173  2500  3014 E C02e00/UPDATE_SA: [hap_connection.cpp(82)]HapConnection call interface failed, ret 2097152
CST 2026-07-17 19:57:29.173  2500  3014 E C02e00/UPDATE_SA: [ouc_hap_connection.cpp(72)]SendRemoteRequest, can not connect to ouc
CST 2026-07-17 19:57:29.176   468  1324 E C01707/CONCUR: [Interface] task 1324 apply qos failed, errno = 4
CST 2026-07-17 19:57:29.176   468  1324 E C01611/QosManager: QosManager: Failed to set thread QoS to QOS_USER_INTERACTIVE, ret: -1
CST 2026-07-17 19:57:29.176   468  1324 I C01651/DataShareServiceStub: OnRemoteRequest: code:14, callingPid:201
CST 2026-07-17 19:57:29.176   201  2303 E C01d00/accessibility: [(CheckExtProxyStatus:820)]Extension Proxy is not load
CST 2026-07-17 19:57:29.177   201  2303 I C01d00/accessibility: [(GetAccessibilityState:115)]EnabledState[1], TouchGuideState[0], KeyEventObserverState[0], GestureState[0], ScreenReaderState[0], SingleClickMode[0], AnimationOffState[0], AudioMonoState[0], FlashReminderSwitch[0]
CST 2026-07-17 19:57:29.183   468  1324 E C01707/CONCUR: [Interface] task 1324 apply qos failed, errno = 4
CST 2026-07-17 19:57:29.183   468  1324 E C01611/QosManager: QosManager: Failed to set thread QoS to QOS_USER_INTERACTIVE, ret: -1
CST 2026-07-17 19:57:29.183   468  1324 I C01651/DataShareServiceStub: OnRemoteRequest: code:21, callingPid:201
CST 2026-07-17 19:57:29.183   468  1324 I C01631/GaussPD:  [0] [ADAPTER] [140151183563520] Not support binlog_default.writeLock file enable del monitor sysno = 25
CST 2026-07-17 19:57:29.183   468  1324 I C01631/GaussPD:  [0] [ADAPTER] [140151183563520] Not support binlog_default.writeLock file enable del monitor sysno = 25
CST 2026-07-17 19:57:29.183   468  1324 I C01631/GaussPD:  [0] [ADAPTER] [140151183563520] Not support binlog_default.writeLock file enable del monitor sysno = 25
CST 2026-07-17 19:57:29.183   468  1324 I C01631/GaussPD:  [0] [ADAPTER] [140151183563520] Not support binlog_default.writeLock file enable del monitor sysno = 25
CST 2026-07-17 19:57:29.184   468  1324 I C01631/GaussPD:  [0] [ADAPTER] [140151183563520] Not support binlog_default.writeIndex file enable del monitor sysno = 25
CST 2026-07-17 19:57:29.184   468  1324 I C01631/GaussPD:  [0] [ADAPTER] [140151183563520] Not support binlog_default.writeIndex file enable del monitor sysno = 25
CST 2026-07-17 19:57:29.184   468  1324 I C01651/DataShareServiceStub: OnUpdateEx: Update uri:******essibility, e:0, s:1
CST 2026-07-17 19:57:29.192   468  1324 E C01707/CONCUR: [Interface] task 1324 apply qos failed, errno = 4
CST 2026-07-17 19:57:29.192   468  1324 E C01611/QosManager: QosManager: Failed to set thread QoS to QOS_USER_INTERACTIVE, ret: -1
CST 2026-07-17 19:57:29.192   468  1324 I C01651/DataShareServiceStub: OnRemoteRequest: code:14, callingPid:201
CST 2026-07-17 19:57:29.192   201  2303 I C01d00/accessibility: [(OnStateObservers:3654)]state is 0
CST 2026-07-17 19:57:29.193  1522  1533 I C01d02/accessibility_asacfwk: [(NotifyStateChanged:705)]observers size is 2
CST 2026-07-17 19:57:29.193  2207  2262 I C01d02/accessibility_asacfwk: [(NotifyStateChanged:705)]observers size is 1
CST 2026-07-17 19:57:29.193  1522  1533 I C01d10/accessibility_napi: [(OnStateChanged:1885)]
CST 2026-07-17 19:57:29.193  1612  2927 I C01d02/accessibility_asacfwk: [(NotifyStateChanged:705)]observers size is 1
CST 2026-07-17 19:57:29.193  1612  2927 I C01d10/accessibility_napi: [(OnStateChanged:1885)]
CST 2026-07-17 19:57:29.193  1612  2927 I C01d02/accessibility_asacfwk: [(NotifyStateChanged:705)]observers size is 0
CST 2026-07-17 19:57:29.193  2207  2262 I C01d02/accessibility_asacfwk: [(NotifyStateChanged:705)]observers size is 1
CST 2026-07-17 19:57:29.193  1522  1533 I C01d02/accessibility_asacfwk: [(NotifyStateChanged:705)]observers size is 1
CST 2026-07-17 19:57:29.193  3089  3383 I C01d02/accessibility_asacfwk: [(NotifyStateChanged:705)]observers size is 1
CST 2026-07-17 19:57:29.193  3089  3383 I C01d02/accessibility_asacfwk: [(NotifyStateChanged:705)]observers size is 1
CST 2026-07-17 19:57:29.193  3089  3089 I C01d02/accessibility_asacfwk: [(DeregisterElementOperator:467)]Deregister windowId[30] start
CST 2026-07-17 19:57:29.193  1522  1522 I C01d02/accessibility_asacfwk: [(DeregisterElementOperator:467)]Deregister windowId[1] start
CST 2026-07-17 19:57:29.193  1522  1522 I C0392a/AceUiExtensionComponent: [(-2:100000:singleton)] [@1879][ID: 1] deregister accessibility child tree
CST 2026-07-17 19:57:29.193  2207  2207 I C01d02/accessibility_asacfwk: [(DeregisterElementOperator:486)]Deregister windowId[1] treeId[4] start
CST 2026-07-17 19:57:29.198   468  1324 E C01707/CONCUR: [Interface] task 1324 apply qos failed, errno = 4
CST 2026-07-17 19:57:29.198   468  1324 E C01611/QosManager: QosManager: Failed to set thread QoS to QOS_USER_INTERACTIVE, ret: -1
CST 2026-07-17 19:57:29.198   468  1324 I C01651/DataShareServiceStub: OnRemoteRequest: code:21, callingPid:201
CST 2026-07-17 19:57:29.199   468  1324 I C01631/GaussPD:  [0] [ADAPTER] [140151183563520] Not support binlog_default.writeLock file enable del monitor sysno = 25
CST 2026-07-17 19:57:29.199   468  1324 I C01631/GaussPD:  [0] [ADAPTER] [140151183563520] Not support binlog_default.writeLock file enable del monitor sysno = 25
CST 2026-07-17 19:57:29.199   468  1324 I C01631/GaussPD:  [0] [ADAPTER] [140151183563520] Not support binlog_default.writeLock file enable del monitor sysno = 25
CST 2026-07-17 19:57:29.199   468  1324 I C01631/GaussPD:  [0] [ADAPTER] [140151183563520] Not support binlog_default.writeLock file enable del monitor sysno = 25
CST 2026-07-17 19:57:29.199   468  1324 I C01631/GaussPD:  [0] [ADAPTER] [140151183563520] Not support binlog_default.writeIndex file enable del monitor sysno = 25
CST 2026-07-17 19:57:29.200   468  1324 I C01631/GaussPD:  [0] [ADAPTER] [140151183563520] Not support binlog_default.writeIndex file enable del monitor sysno = 25
CST 2026-07-17 19:57:29.200   468  1324 I C01651/DataShareServiceStub: OnUpdateEx: Update uri:******lity_state, e:0, s:1
CST 2026-07-17 19:57:29.206   468  1324 E C01707/CONCUR: [Interface] task 1324 apply qos failed, errno = 4
CST 2026-07-17 19:57:29.206   468  1324 E C01611/QosManager: QosManager: Failed to set thread QoS to QOS_USER_INTERACTIVE, ret: -1
CST 2026-07-17 19:57:29.206   468  1324 I C01651/DataShareServiceStub: OnRemoteRequest: code:14, callingPid:201
CST 2026-07-17 19:57:29.206   201  2303 I C01d00/accessibility: [(Unregister:76)]unregister shortcut key, last subscribeId is 7
CST 2026-07-17 19:57:29.206   201  2303 I C02800/InputManagerImpl: [][UnsubscribeKeyEvent:404] enter
CST 2026-07-17 19:57:29.206   201  2303 I C02800/KeyEventInputSubscribeManager: [][UnsubscribeKeyEvent:202] enter
CST 2026-07-17 19:57:29.206   251   264 I C02800/MMIService: [][UnsubscribeKeyEvent:2540] enter
CST 2026-07-17 19:57:29.206   251   516 I C02802/KeySubscriberHandler: [|172]SubscribeId:7, pid:201
CST 2026-07-17 19:57:29.206   251   516 I C02800/KeySubscriberHandler: [][RemoveKeyGestureSubscriber:243] enter
CST 2026-07-17 19:57:29.206   251   516 I C02802/KeySubscriberHandler: [|253]Removing handler(12) of key gesture
CST 2026-07-17 19:57:29.206   251   516 I C02802/KeyGestureManager: [|107]Handler(12) of key gesture was removed
CST 2026-07-17 19:57:29.206   251   516 I C02800/KeySubscriberHandler: [][RemoveKeyGestureSubscriber] leave
CST 2026-07-17 19:57:29.206   251   264 I C02800/MMIService: [][UnsubscribeKeyEvent] leave
CST 2026-07-17 19:57:29.207   201  2303 I C02800/KeyEventInputSubscribeManager: [][UnsubscribeKeyEvent] leave
CST 2026-07-17 19:57:29.207   201  2303 I C02800/InputManagerImpl: [][UnsubscribeKeyEvent] leave
CST 2026-07-17 19:57:29.207   201  2303 I C01d00/accessibility: [(Register:57)]
CST 2026-07-17 19:57:29.207   201  2303 I C02800/InputManagerImpl: [][SubscribeKeyEvent:385] enter
CST 2026-07-17 19:57:29.207   251   516 I C02800/KeyGestureManager: [][ShouldIntercept:461] enter
CST 2026-07-17 19:57:29.207   251   516 I C02800/KeyGestureManager: [][ShouldIntercept] leave
CST 2026-07-17 19:57:29.207   251   516 I C02800/KeySubscriberHandler: [][AddKeyGestureSubscriber:218] enter
CST 2026-07-17 19:57:29.207   251   516 I C02802/KeySubscriberHandler: [|229]Handler(13) of key gesture was added
CST 2026-07-17 19:57:29.207   251   516 I C02800/KeySubscriberHandler: [][AddKeyGestureSubscriber] leave
CST 2026-07-17 19:57:29.207   201  2303 I C02800/InputManagerImpl: [][SubscribeKeyEvent] leave
CST 2026-07-17 19:57:29.207   201  2303 I C01d00/accessibility: [(operator():1340)]Deregister windowId[30]
CST 2026-07-17 19:57:29.207   201  2303 I C01d00/accessibility: [(StopCallbackWait:4196)]StopCallbackWait start windowId: 30
CST 2026-07-17 19:57:29.207   201  2303 I C01d00/accessibility: [(RemoveAccessibilityWindowConnection:333)]windowId(30)
CST 2026-07-17 19:57:29.207   201   918 I C01d00/accessibility: [(operator():1340)]Deregister windowId[1]
CST 2026-07-17 19:57:29.207   201   918 I C01d00/accessibility: [(StopCallbackWait:4196)]StopCallbackWait start windowId: 1
CST 2026-07-17 19:57:29.208   201   918 I C01d00/accessibility: [(RemoveAccessibilityWindowConnection:333)]windowId(1)
CST 2026-07-17 19:57:29.208   201   918 I C01d00/accessibility: [(ClearSceneBoard:1354)]
CST 2026-07-17 19:57:29.208   201   918 I C01d00/accessibility: [(operator():1386)]Deregister windowId[1], treeId[4] start
CST 2026-07-17 19:57:29.208   201   918 W C01d00/accessibility: [(operator():1395)]The operation of windowId[1] has not been registered.
CST 2026-07-17 19:57:29.301  3511  3511 W C02c02/PARAM: Selinux check name persist.init.debug.loglevel in u:object_r:startup_init_param:s0 [3511 2000 2000] failed
CST 2026-07-17 19:57:29.301  3511  3511 W C02c02/PARAM: Selinux check name persist.init.debug.loglevel in u:object_r:startup_init_param:s0 [3511 2000 2000] failed
CST 2026-07-17 19:57:29.302  3511  3511 W C02c02/PARAM: SystemReadParam failed!name is:persist.init.debug.loglevel,err:1002
CST 2026-07-17 19:57:29.312  3511  3511 W C02c02/PARAM: Selinux check name persist.init.debug.loglevel in u:object_r:startup_init_param:s0 [3511 2000 2000] failed
CST 2026-07-17 19:57:29.312  3511  3511 W C02c02/PARAM: Selinux check name persist.init.debug.loglevel in u:object_r:startup_init_param:s0 [3511 2000 2000] failed
CST 2026-07-17 19:57:29.312  3511  3511 W C02c02/PARAM: SystemReadParam failed!name is:persist.init.debug.loglevel,err:1002
CST 2026-07-17 19:57:29.365  3514  3514 W C02c02/PARAM: Selinux check name persist.init.debug.loglevel in u:object_r:startup_init_param:s0 [3514 2000 2000] failed
CST 2026-07-17 19:57:29.365  3514  3514 W C02c02/PARAM: Selinux check name persist.init.debug.loglevel in u:object_r:startup_init_param:s0 [3514 2000 2000] failed
CST 2026-07-17 19:57:29.365  3514  3514 W C02c02/PARAM: SystemReadParam failed!name is:persist.init.debug.loglevel,err:1002
CST 2026-07-17 19:57:29.409  3517  3517 W C02c02/PARAM: Selinux check name persist.init.debug.loglevel in u:object_r:startup_init_param:s0 [3517 2000 2000] failed
CST 2026-07-17 19:57:29.409  3517  3517 W C02c02/PARAM: Selinux check name persist.init.debug.loglevel in u:object_r:startup_init_param:s0 [3517 2000 2000] failed
CST 2026-07-17 19:57:29.409  3517  3517 W C02c02/PARAM: SystemReadParam failed!name is:persist.init.debug.loglevel,err:1002
CST 2026-07-17 19:57:29.411   697   764 I C02986/DisplayPowerBrightness: lux=[0/93541, 0/93687, 0/93832, 0/93978, 0/94126, 0/94271, ], bDelta=5.000000, dDelta=1.000000, size=63
CST 2026-07-17 19:57:29.416  3521  3521 W C02c02/PARAM: Selinux check name persist.init.debug.loglevel in u:object_r:startup_init_param:s0 [3521 2000 2000] failed
CST 2026-07-17 19:57:29.416  3519  3519 W C02c02/PARAM: Selinux check name persist.init.debug.loglevel in u:object_r:startup_init_param:s0 [3519 2000 2000] failed
CST 2026-07-17 19:57:29.416  3521  3521 W C02c02/PARAM: Selinux check name persist.init.debug.loglevel in u:object_r:startup_init_param:s0 [3521 2000 2000] failed
CST 2026-07-17 19:57:29.416  3521  3521 W C02c02/PARAM: SystemReadParam failed!name is:persist.init.debug.loglevel,err:1002
CST 2026-07-17 19:57:29.416  3520  3520 W C02c02/PARAM: Selinux check name persist.init.debug.loglevel in u:object_r:startup_init_param:s0 [3520 2000 2000] failed
CST 2026-07-17 19:57:29.416  3519  3519 W C02c02/PARAM: Selinux check name persist.init.debug.loglevel in u:object_r:startup_init_param:s0 [3519 2000 2000] failed
CST 2026-07-17 19:57:29.416  3520  3520 W C02c02/PARAM: Selinux check name persist.init.debug.loglevel in u:object_r:startup_init_param:s0 [3520 2000 2000] failed
CST 2026-07-17 19:57:29.416  3520  3520 W C02c02/PARAM: SystemReadParam failed!name is:persist.init.debug.loglevel,err:1002
CST 2026-07-17 19:57:29.416  3519  3519 W C02c02/PARAM: SystemReadParam failed!name is:persist.init.debug.loglevel,err:1002
CST 2026-07-17 19:57:29.424  3522  3522 W C02c02/PARAM: Selinux check name persist.init.debug.loglevel in u:object_r:startup_init_param:s0 [3522 2000 2000] failed
CST 2026-07-17 19:57:29.424  3522  3522 W C02c02/PARAM: Selinux check name persist.init.debug.loglevel in u:object_r:startup_init_param:s0 [3522 2000 2000] failed
CST 2026-07-17 19:57:29.424  3523  3523 W C02c02/PARAM: Selinux check name persist.init.debug.loglevel in u:object_r:startup_init_param:s0 [3523 2000 2000] failed
CST 2026-07-17 19:57:29.424  3523  3523 W C02c02/PARAM: Selinux check name persist.init.debug.loglevel in u:object_r:startup_init_param:s0 [3523 2000 2000] failed
CST 2026-07-17 19:57:29.424  3522  3522 W C02c02/PARAM: SystemReadParam failed!name is:persist.init.debug.loglevel,err:1002
CST 2026-07-17 19:57:29.424  3523  3523 W C02c02/PARAM: SystemReadParam failed!name is:persist.init.debug.loglevel,err:1002
CST 2026-07-17 19:57:29.494  3514  3514 W C02c02/PARAM: Selinux check name debug.dfx.tags.enableleak in u:object_r:debug_param:s0 [3514 2000 2000] failed
CST 2026-07-17 19:57:29.494  3514  3514 W C02c02/PARAM: SystemReadParam failed!name is:debug.dfx.tags.enableleak,err:1002
CST 2026-07-17 19:57:29.502  3514  3514 W C02c02/PARAM: Selinux check name persist.graphic.profiler.enabled in u:object_r:debug_param:s0 [3514 2000 2000] failed
CST 2026-07-17 19:57:29.502  3514  3514 E C02c02/PARAM: Forbid to read parameter persist.graphic.profiler.enabled
CST 2026-07-17 19:57:29.502  3514  3514 E C02c02/PARAM: Forbid to access parameter persist.graphic.profiler.enabled
CST 2026-07-17 19:57:29.502  3514  3514 W C02c02/PARAM: Selinux check name persist.graphic.profiler.betarecording in u:object_r:debug_param:s0 [3514 2000 2000] failed
CST 2026-07-17 19:57:29.502  3514  3514 E C02c02/PARAM: Forbid to read parameter persist.graphic.profiler.betarecording
CST 2026-07-17 19:57:29.502  3514  3514 E C02c02/PARAM: Forbid to access parameter persist.graphic.profiler.betarecording
CST 2026-07-17 19:57:29.504  3514  3524 W C057c1/IPCWorkThread: ThreadHandler: proto:0 policy:1 name:OS_IPC_0_3524 invoker:9309024
CST 2026-07-17 19:57:29.504  3514  3525 W C057c1/IPCWorkThread: ThreadHandler: proto:0 policy:0 name:OS_IPC_1_3525 invoker:9309600
CST 2026-07-17 19:57:29.504  3514  3514 W C04201/DMS: RegisterClientDeathListener: regis reverse death
CST 2026-07-17 19:57:29.504  3514  3514 I C04201/DMS: RegisterClientDeathListener: ENTER
CST 2026-07-17 19:57:29.505   770   782 E C04200/WMS: UpdateBundleInfo: Failed
CST 2026-07-17 19:57:29.505   770   782 E C05a01/ATM: [VerifyAccessToken]PermissionName(ohos.permission.CUSTOM_SCREEN_RECORDING) is not exist.
CST 2026-07-17 19:57:29.505   770   782 W C04201/DMS:  GetScreenSnapshot: dma=0, displayId:0
CST 2026-07-17 19:57:29.505   770   782 W C04201/DMS: screen_session.cpp: call BMS
CST 2026-07-17 19:57:29.505   770   782 I C04201/DMS: screen_session.cpp: pid:0, bundle:, api:0
CST 2026-07-17 19:57:29.505   769   769 I C01406/OHOS::GE: RSSurfaceCaptureTaskParallel::CreatePixelMapByDisplayNode NodeId[3307124817922],pixelmap[1320, 2856], scale[1.000000, 1.000000], rect[0.000000, 0.000000, 0.000000, 0.000000], dma[0], rotation[0], correction[0], blackList[0], isHDRCapture[0], contentRect[0, 0, 0, 0]
CST 2026-07-17 19:57:29.506   769   902 I C01406/skia: RSScreenRenderNodeDrawable::DrawHardwareEnabledNodes:         process RSScreenRenderNode(id:[3307124817922])         using UniRender buffer with hwcNodes(0, 0)
CST 2026-07-17 19:57:29.506   769   902 W C01406/skia: RSUniRenderUtil::AdjustZOrderAndDrawSurfaceNode:             HardwareComposer is not enabled.
CST 2026-07-17 19:57:29.506   769   902 E C02515/DGLES: [d_eglCreateImage_special@egl_gpu.cpp:283] createimage with ctx null opengl_context 7f9c191590b0
CST 2026-07-17 19:57:29.507   769   902 E C02515/DGLES: [d_glBindTexture_special@glv3_status.cpp:620] bind external with nullptr gbuffer 0
CST 2026-07-17 19:57:29.507   769   902 W C01406/skia: RSUniRenderUtil::AdjustZOrderAndDrawSurfaceNode:             HardwareComposer is not enabled.
CST 2026-07-17 19:57:29.656   770   800 E C02b61/PixelMap: set ashmem name failed
CST 2026-07-17 19:57:29.656   770   782 E C04201/DMS: screen_session_manager_adapter.cpp OnScreenshot: agent is null
CST 2026-07-17 19:57:29.656   770   782 E C04201/DMS: screen_session_manager_adapter.cpp NotifyCaptureStatusChanged: agent is null
CST 2026-07-17 19:57:29.663  3527  3527 W C02c02/PARAM: Selinux check name persist.init.debug.loglevel in u:object_r:startup_init_param:s0 [3527 2000 2000] failed
CST 2026-07-17 19:57:29.663  3527  3527 W C02c02/PARAM: Selinux check name persist.init.debug.loglevel in u:object_r:startup_init_param:s0 [3527 2000 2000] failed
CST 2026-07-17 19:57:29.663  3527  3527 W C02c02/PARAM: SystemReadParam failed!name is:persist.init.debug.loglevel,err:1002
CST 2026-07-17 19:57:29.670  3529  3529 W C02c02/PARAM: Selinux check name persist.init.debug.loglevel in u:object_r:startup_init_param:s0 [3529 2000 2000] failed
CST 2026-07-17 19:57:29.670  3529  3529 W C02c02/PARAM: Selinux check name persist.init.debug.loglevel in u:object_r:startup_init_param:s0 [3529 2000 2000] failed
CST 2026-07-17 19:57:29.670  3529  3529 W C02c02/PARAM: SystemReadParam failed!name is:persist.init.debug.loglevel,err:1002
CST 2026-07-17 19:57:29.677  3530  3530 W C02c02/PARAM: Selinux check name persist.init.debug.loglevel in u:object_r:startup_init_param:s0 [3530 2000 2000] failed
CST 2026-07-17 19:57:29.677  3530  3530 W C02c02/PARAM: Selinux check name persist.init.debug.loglevel in u:object_r:startup_init_param:s0 [3530 2000 2000] failed
CST 2026-07-17 19:57:29.677  3530  3530 W C02c02/PARAM: SystemReadParam failed!name is:persist.init.debug.loglevel,err:1002
CST 2026-07-17 19:57:29.856  3514  3514 I C02b61/ImageCode: DoEncode:(1320, 2856) cost 187288 us
CST 2026-07-17 19:57:29.862   770   782 I C057c2/IPCObjectProxy: hd:280 ct:1 D:
CST 2026-07-17 19:57:29.915  1522  1522 W A01c06/ICON: AppIconWeatherModel --> initWeatherListener, retryTimes: 4
CST 2026-07-17 19:57:29.952   468  1324 E C01707/CONCUR: [Interface] task 1324 apply qos failed, errno = 4
CST 2026-07-17 19:57:29.952   468  1324 E C01611/QosManager: QosManager: Failed to set thread QoS to QOS_USER_INTERACTIVE, ret: -1
CST 2026-07-17 19:57:29.952   770   782 W C01123/BMSCommon: bundle not exist -n com.huawei.hmsapp.totemweather -u 100 -i 0 -f 32
CST 2026-07-17 19:57:29.952   770   782 W C01121/BMSQuery: GetBundleInfo failed -n com.huawei.hmsapp.totemweather -u 100
CST 2026-07-17 19:57:29.952   468  1324 E C01651/BundleMgrProxy: GetBundleInfoFromBMS: GetBundleInfo failed!bundleName is com.huawei.hmsapp.totemweather, userId is 100
CST 2026-07-17 19:57:29.952   468  1324 E C01651/DataProviderConfig: GetFromProxyData: Get bundleInfo failed! bundleName:com.huawei.hmsapp.totemweather, userId:100, visitedId:100, uri:******icIconInfo
CST 2026-07-17 19:57:29.952   468  1324 E C01651/DataShareServiceImpl: GetBMSAndMetaDataStatus: CalledInfo failed! token:0x20087fab,ret:1001,uri:******icIconInfo
CST 2026-07-17 19:57:29.952   468  1324 E C01651/DataShareServiceImpl: GetSilentProxyStatus: BMS or metaData not ready to complete, token:0x20087fab, uri:******icIconInfo
CST 2026-07-17 19:57:29.953  1522  1522 E A01c06/ICON: AppIconWeatherModel --> get weather info failed, code: 15700010, message: The DataShareHelper is not initialized successfully.
CST 2026-07-17 19:57:29.961  3536  3536 W C02c02/PARAM: Selinux check name persist.init.debug.loglevel in u:object_r:startup_init_param:s0 [3536 2000 2000] failed
CST 2026-07-17 19:57:29.961  3536  3536 W C02c02/PARAM: Selinux check name persist.init.debug.loglevel in u:object_r:startup_init_param:s0 [3536 2000 2000] failed
CST 2026-07-17 19:57:29.961  3536  3536 W C02c02/PARAM: SystemReadParam failed!name is:persist.init.debug.loglevel,err:1002
CST 2026-07-17 19:57:29.968  3536  3536 W C02c02/PARAM: Selinux check name persist.init.debug.loglevel in u:object_r:startup_init_param:s0 [3536 2000 2000] failed
CST 2026-07-17 19:57:29.968  3536  3536 W C02c02/PARAM: Selinux check name persist.init.debug.loglevel in u:object_r:startup_init_param:s0 [3536 2000 2000] failed
CST 2026-07-17 19:57:29.968  3536  3536 W C02c02/PARAM: SystemReadParam failed!name is:persist.init.debug.loglevel,err:1002
CST 2026-07-17 19:57:30.000   441   449 W C01c42/TimeService: uid:1096 id:1682169951 wk:0
CST 2026-07-17 19:57:30.000   441   449 W C01c42/TimeService: id:1682169951 we:99859
CST 2026-07-17 19:57:30.000   441   449 W C01c42/TimeService: t3 99859
CST 2026-07-17 19:57:30.017  3539  3539 W C02c02/PARAM: Selinux check name persist.init.debug.loglevel in u:object_r:startup_init_param:s0 [3539 2000 2000] failed
CST 2026-07-17 19:57:30.017  3539  3539 W C02c02/PARAM: Selinux check name persist.init.debug.loglevel in u:object_r:startup_init_param:s0 [3539 2000 2000] failed
CST 2026-07-17 19:57:30.017  3539  3539 W C02c02/PARAM: SystemReadParam failed!name is:persist.init.debug.loglevel,err:1002
CST 2026-07-17 19:57:30.022  3539  3539 W C02c02/PARAM: Selinux check name persist.init.debug.loglevel in u:object_r:startup_init_param:s0 [3539 2000 2000] failed
CST 2026-07-17 19:57:30.022  3539  3539 W C02c02/PARAM: Selinux check name persist.init.debug.loglevel in u:object_r:startup_init_param:s0 [3539 2000 2000] failed
CST 2026-07-17 19:57:30.022  3539  3539 W C02c02/PARAM: SystemReadParam failed!name is:persist.init.debug.loglevel,err:1002
CST 2026-07-17 19:57:30.055  3543  3543 W C02c02/PARAM: Selinux check name persist.init.debug.loglevel in u:object_r:startup_init_param:s0 [3543 2000 2000] failed
CST 2026-07-17 19:57:30.056  3543  3543 W C02c02/PARAM: Selinux check name persist.init.debug.loglevel in u:object_r:startup_init_param:s0 [3543 2000 2000] failed
CST 2026-07-17 19:57:30.056  3543  3543 W C02c02/PARAM: SystemReadParam failed!name is:persist.init.debug.loglevel,err:1002
CST 2026-07-17 19:57:30.062  3543  3543 W C02c02/PARAM: Selinux check name persist.init.debug.loglevel in u:object_r:startup_init_param:s0 [3543 2000 2000] failed
CST 2026-07-17 19:57:30.063  3543  3543 W C02c02/PARAM: Selinux check name persist.init.debug.loglevel in u:object_r:startup_init_param:s0 [3543 2000 2000] failed
CST 2026-07-17 19:57:30.063  3543  3543 W C02c02/PARAM: SystemReadParam failed!name is:persist.init.debug.loglevel,err:1002
